route,seed,antigen_local,antigen_project,antigen_resname,antibody_chain,antibody_local,antibody_resname,antibody_region,min_distance_A,contact_4p5,contact_5p0
immunogen_blind,1,26,52,LYS,L,31,THR,CDR1,4.613,0,1
immunogen_blind,1,29,55,VAL,H,104,TRP,CDR3,4.533,0,1
immunogen_blind,1,29,55,VAL,H,100,ILE,CDR3,4.418,1,1
immunogen_blind,1,29,55,VAL,H,101,THR,CDR3,4.538,0,1
immunogen_blind,1,29,55,VAL,H,102,ASP,CDR3,4.161,1,1
immunogen_blind,1,30,56,GLN,H,104,TRP,CDR3,1.992,1,1
immunogen_blind,1,30,56,GLN,H,100,ILE,CDR3,4.1,1,1
immunogen_blind,1,31,57,THR,H,100,ILE,CDR3,4.769,0,1
immunogen_blind,1,31,57,THR,H,104,TRP,CDR3,2.967,1,1
immunogen_blind,1,32,58,GLN,H,98,TRP,CDR3,3.165,1,1
immunogen_blind,1,32,58,GLN,H,104,TRP,CDR3,2.233,1,1
immunogen_blind,1,32,58,GLN,L,90,TYR,CDR3,3.006,1,1
immunogen_blind,1,32,58,GLN,L,50,TRP,CDR2,2.231,1,1
immunogen_blind,1,32,58,GLN,L,32,ALA,CDR1,4.475,1,1
immunogen_blind,1,33,59,ASP,H,98,TRP,CDR3,3.698,1,1
immunogen_blind,1,33,59,ASP,L,95,TYR,CDR3,1.738,1,1
immunogen_blind,1,33,59,ASP,L,93,TYR,CDR3,2.518,1,1
immunogen_blind,1,33,59,ASP,H,35,TYR,FR2,3.229,1,1
immunogen_blind,1,33,59,ASP,L,90,TYR,CDR3,4.831,0,1
immunogen_blind,1,35,61,ILE,L,50,TRP,CDR2,3.351,1,1
immunogen_blind,1,36,62,THR,L,91,SER,CDR3,1.744,1,1
immunogen_blind,1,36,62,THR,L,90,TYR,CDR3,2.531,1,1
immunogen_blind,1,36,62,THR,L,92,SER,CDR3,2.942,1,1
immunogen_blind,1,36,62,THR,L,32,ALA,CDR1,4.407,1,1
immunogen_blind,1,37,63,SER,L,91,SER,CDR3,3.968,1,1
immunogen_blind,1,39,65,ARG,L,29,VAL,CDR1,4.583,0,1
immunogen_blind,1,39,65,ARG,L,30,GLY,CDR1,4.535,0,1
immunogen_blind,1,39,65,ARG,L,50,TRP,CDR2,2.348,1,1
immunogen_blind,1,39,65,ARG,L,31,THR,CDR1,3.136,1,1
immunogen_blind,1,39,65,ARG,L,32,ALA,CDR1,3.686,1,1
immunogen_blind,1,40,66,LEU,L,91,SER,CDR3,2.585,1,1
immunogen_blind,1,40,66,LEU,L,92,SER,CDR3,2.28,1,1
immunogen_blind,1,40,66,LEU,L,2,ILE,FR1,4.868,0,1
immunogen_blind,1,40,66,LEU,L,28,ASP,CDR1,4.346,1,1
immunogen_blind,1,42,68,LYS,L,28,ASP,CDR1,2.648,1,1
immunogen_blind,1,42,68,LYS,L,29,VAL,CDR1,4.912,0,1
immunogen_blind,1,42,68,LYS,L,30,GLY,CDR1,4.775,0,1
immunogen_blind,1,80,106,PHE,H,31,ASP,CDR1,3.706,1,1
immunogen_blind,1,80,106,PHE,H,100,ILE,CDR3,3.124,1,1
immunogen_blind,1,80,106,PHE,H,32,TYR,CDR1,3.437,1,1
immunogen_blind,1,80,106,PHE,H,101,THR,CDR3,2.115,1,1
immunogen_blind,1,80,106,PHE,H,99,GLU,CDR3,4.833,0,1
immunogen_blind,1,81,107,LYS,H,31,ASP,CDR1,4.109,1,1
immunogen_blind,1,81,107,LYS,H,53,TYR,CDR2,3.279,1,1
immunogen_blind,1,83,109,LEU,H,100,ILE,CDR3,2.793,1,1
immunogen_blind,1,83,109,LEU,H,104,TRP,CDR3,3.798,1,1
immunogen_blind,1,83,109,LEU,H,101,THR,CDR3,4.064,1,1
immunogen_blind,1,84,110,ARG,H,100,ILE,CDR3,3.687,1,1
immunogen_blind,1,84,110,ARG,H,33,ASN,CDR1,2.646,1,1
immunogen_blind,1,84,110,ARG,H,53,TYR,CDR2,2.013,1,1
immunogen_blind,1,84,110,ARG,H,30,THR,CDR1,1.526,1,1
immunogen_blind,1,84,110,ARG,H,31,ASP,CDR1,2.248,1,1
immunogen_blind,1,84,110,ARG,H,32,TYR,CDR1,1.438,1,1
immunogen_blind,1,84,110,ARG,H,29,PHE,CDR1,3.262,1,1
immunogen_blind,1,85,111,SER,H,53,TYR,CDR2,3.074,1,1
immunogen_blind,1,85,111,SER,H,54,ASN,CDR2,4.256,1,1
immunogen_blind,1,87,113,SER,L,93,TYR,CDR3,4.937,0,1
immunogen_blind,1,87,113,SER,H,33,ASN,CDR1,3.17,1,1
immunogen_blind,1,87,113,SER,H,100,ILE,CDR3,4.745,0,1
immunogen_blind,1,87,113,SER,H,35,TYR,FR2,3.884,1,1
immunogen_blind,1,87,113,SER,H,50,ILE,CDR2,4.555,0,1
immunogen_blind,1,87,113,SER,H,98,TRP,CDR3,4.742,0,1
immunogen_blind,1,88,114,THR,H,53,TYR,CDR2,3.215,1,1
immunogen_blind,1,88,114,THR,H,54,ASN,CDR2,4.28,1,1
immunogen_blind,1,88,114,THR,H,33,ASN,CDR1,4.822,0,1
immunogen_blind,1,88,114,THR,H,56,ASP,CDR2,3.579,1,1
immunogen_blind,1,91,117,ASN,L,93,TYR,CDR3,1.643,1,1
immunogen_blind,1,91,117,ASN,H,58,SER,FR3,3.678,1,1
immunogen_blind,1,91,117,ASN,H,35,TYR,FR2,4.04,1,1
immunogen_blind,1,91,117,ASN,H,50,ILE,CDR2,3.767,1,1
immunogen_blind,1,91,117,ASN,L,95,TYR,CDR3,3.987,1,1
immunogen_blind,1,92,118,ASN,H,56,ASP,CDR2,3.172,1,1
immunogen_blind,1,92,118,ASN,H,58,SER,FR3,4.906,0,1
immunogen_blind,1,94,120,ILE,L,93,TYR,CDR3,3.298,1,1
immunogen_blind,1,94,120,ILE,L,92,SER,CDR3,4.533,0,1
immunogen_blind,1,94,120,ILE,L,91,SER,CDR3,4.899,0,1
immunogen_blind,1,95,121,VAL,H,58,SER,FR3,4.635,0,1
immunogen_blind,1,124,150,ARG,H,54,ASN,CDR2,4.364,1,1
immunogen_blind,1,124,150,ARG,H,56,ASP,CDR2,4.266,1,1
immunogen_blind,1,125,151,ALA,H,54,ASN,CDR2,4.865,0,1
immunogen_blind,1,125,151,ALA,H,56,ASP,CDR2,4.375,1,1
immunogen_blind,1,128,154,GLN,H,54,ASN,CDR2,3.307,1,1
immunogen_blind,1,132,158,GLU,H,53,TYR,CDR2,3.024,1,1
immunogen_blind,1,132,158,GLU,H,54,ASN,CDR2,4.525,0,1
immunogen_blind,10,32,58,GLN,H,56,ASP,CDR2,2.382,1,1
immunogen_blind,10,32,58,GLN,H,54,ASN,CDR2,3.715,1,1
immunogen_blind,10,32,58,GLN,H,55,ASP,CDR2,2.059,1,1
immunogen_blind,10,32,58,GLN,H,57,THR,CDR2,4.994,0,1
immunogen_blind,10,35,61,ILE,H,56,ASP,CDR2,4.222,1,1
immunogen_blind,10,39,65,ARG,L,93,TYR,CDR3,2.614,1,1
immunogen_blind,10,39,65,ARG,H,58,SER,FR3,3.977,1,1
immunogen_blind,10,43,69,PRO,L,91,SER,CDR3,2.304,1,1
immunogen_blind,10,43,69,PRO,L,92,SER,CDR3,4.111,1,1
immunogen_blind,10,44,70,GLN,L,27,GLN,CDR1,3.758,1,1
immunogen_blind,10,44,70,GLN,L,28,ASP,CDR1,2.27,1,1
immunogen_blind,10,44,70,GLN,L,29,VAL,CDR1,4.461,1,1
immunogen_blind,10,44,70,GLN,L,91,SER,CDR3,4.997,0,1
immunogen_blind,10,47,73,ARG,L,28,ASP,CDR1,3.414,1,1
immunogen_blind,10,47,73,ARG,L,30,GLY,CDR1,2.74,1,1
immunogen_blind,10,47,73,ARG,L,29,VAL,CDR1,2.621,1,1
immunogen_blind,10,47,73,ARG,L,31,THR,CDR1,4.624,0,1
immunogen_blind,10,47,73,ARG,L,91,SER,CDR3,2.191,1,1
immunogen_blind,10,47,73,ARG,L,32,ALA,CDR1,3.927,1,1
immunogen_blind,10,83,109,LEU,H,54,ASN,CDR2,3.429,1,1
immunogen_blind,10,84,110,ARG,H,54,ASN,CDR2,1.328,1,1
immunogen_blind,10,84,110,ARG,H,55,ASP,CDR2,3.425,1,1
immunogen_blind,10,85,111,SER,H,54,ASN,CDR2,3.296,1,1
immunogen_blind,10,86,112,PHE,H,54,ASN,CDR2,4.285,1,1
immunogen_blind,10,87,113,SER,H,54,ASN,CDR2,2.706,1,1
immunogen_blind,10,87,113,SER,H,53,TYR,CDR2,3.014,1,1
immunogen_blind,10,88,114,THR,H,53,TYR,CDR2,2.978,1,1
immunogen_blind,10,88,114,THR,H,54,ASN,CDR2,2.905,1,1
immunogen_blind,10,88,114,THR,H,56,ASP,CDR2,1.179,1,1
immunogen_blind,10,88,114,THR,H,55,ASP,CDR2,4.659,0,1
immunogen_blind,10,89,115,LEU,H,56,ASP,CDR2,4.893,0,1
immunogen_blind,10,91,117,ASN,H,33,ASN,CDR1,3.788,1,1
immunogen_blind,10,91,117,ASN,H,53,TYR,CDR2,2.106,1,1
immunogen_blind,10,91,117,ASN,H,100,ILE,CDR3,3.284,1,1
immunogen_blind,10,92,118,ASN,H,56,ASP,CDR2,4.151,1,1
immunogen_blind,10,92,118,ASN,L,93,TYR,CDR3,4.837,0,1
immunogen_blind,10,93,119,PHE,H,104,TRP,CDR3,3.992,1,1
immunogen_blind,10,94,120,ILE,H,104,TRP,CDR3,1.357,1,1
immunogen_blind,10,94,120,ILE,H,100,ILE,CDR3,3.388,1,1
immunogen_blind,10,94,120,ILE,H,98,TRP,CDR3,4.547,0,1
immunogen_blind,10,95,121,VAL,H,104,TRP,CDR3,3.579,1,1
immunogen_blind,10,95,121,VAL,L,95,TYR,CDR3,2.955,1,1
immunogen_blind,10,95,121,VAL,L,93,TYR,CDR3,3.633,1,1
immunogen_blind,10,95,121,VAL,H,35,TYR,FR2,4.473,1,1
immunogen_blind,10,95,121,VAL,H,98,TRP,CDR3,4.525,0,1
immunogen_blind,10,96,122,ILE,H,104,TRP,CDR3,4.166,1,1
immunogen_blind,10,97,123,MET,H,104,TRP,CDR3,2.649,1,1
immunogen_blind,10,97,123,MET,L,50,TRP,CDR2,3.28,1,1
immunogen_blind,10,98,124,SER,H,104,TRP,CDR3,2.114,1,1
immunogen_blind,10,98,124,SER,L,50,TRP,CDR2,2.286,1,1
immunogen_blind,10,98,124,SER,L,90,TYR,CDR3,3.321,1,1
immunogen_blind,10,98,124,SER,L,32,ALA,CDR1,4.282,1,1
immunogen_blind,10,98,124,SER,H,98,TRP,CDR3,3.815,1,1
immunogen_blind,10,98,124,SER,L,95,TYR,CDR3,4.857,0,1
immunogen_blind,10,99,125,GLN,H,104,TRP,CDR3,4.667,0,1
immunogen_blind,10,99,125,GLN,L,50,TRP,CDR2,3.303,1,1
immunogen_blind,10,99,125,GLN,L,32,ALA,CDR1,4.347,1,1
immunogen_blind,10,99,125,GLN,L,90,TYR,CDR3,3.433,1,1
immunogen_blind,10,99,125,GLN,L,91,SER,CDR3,2.108,1,1
immunogen_blind,10,99,125,GLN,L,92,SER,CDR3,3.402,1,1
immunogen_blind,10,99,125,GLN,L,95,TYR,CDR3,4.683,0,1
immunogen_blind,10,100,126,LEU,L,50,TRP,CDR2,1.699,1,1
immunogen_blind,10,100,126,LEU,L,31,THR,CDR1,4.411,1,1
immunogen_blind,10,101,127,GLN,L,31,THR,CDR1,1.969,1,1
immunogen_blind,10,101,127,GLN,L,50,TRP,CDR2,3.592,1,1
immunogen_blind,10,101,127,GLN,L,30,GLY,CDR1,2.644,1,1
immunogen_blind,10,101,127,GLN,L,29,VAL,CDR1,3.688,1,1
immunogen_blind,10,101,127,GLN,L,32,ALA,CDR1,4.204,1,1
immunogen_blind,10,102,128,PRO,L,31,THR,CDR1,2.348,1,1
immunogen_blind,10,102,128,PRO,L,50,TRP,CDR2,3.206,1,1
immunogen_blind,10,102,128,PRO,L,53,ARG,FR3,3.83,1,1
immunogen_blind,10,103,129,SER,L,53,ARG,FR3,4.255,1,1
immunogen_blind,10,104,130,LYS,L,52,SER,CDR2,4.273,1,1
immunogen_blind,10,104,130,LYS,L,53,ARG,FR3,4.561,0,1
immunogen_blind,10,105,131,ASP,L,31,THR,CDR1,1.99,1,1
immunogen_blind,10,105,131,ASP,L,67,SER,FR3,3.758,1,1
immunogen_blind,10,105,131,ASP,L,30,GLY,CDR1,4.734,0,1
immunogen_blind,10,105,131,ASP,L,66,GLY,FR3,4.743,0,1
immunogen_blind,10,107,133,SER,L,31,THR,CDR1,4.463,1,1
immunogen_blind,10,110,136,PRO,L,53,ARG,FR3,2.749,1,1
immunogen_blind,10,113,139,GLU,H,102,ASP,CDR3,4.18,1,1
immunogen_blind,10,116,142,HIS,H,101,THR,CDR3,1.951,1,1
immunogen_blind,10,116,142,HIS,H,102,ASP,CDR3,3.187,1,1
immunogen_blind,10,116,142,HIS,H,104,TRP,CDR3,4.317,1,1
immunogen_blind,10,116,142,HIS,H,100,ILE,CDR3,4.241,1,1
immunogen_blind,10,120,146,LEU,H,101,THR,CDR3,3.705,1,1
immunogen_blind,10,120,146,LEU,H,100,ILE,CDR3,4.536,0,1
immunogen_blind,10,123,149,ARG,H,53,TYR,CDR2,2.988,1,1
immunogen_blind,10,123,149,ARG,H,100,ILE,CDR3,1.609,1,1
immunogen_blind,10,123,149,ARG,H,31,ASP,CDR1,2.577,1,1
immunogen_blind,10,123,149,ARG,H,30,THR,CDR1,4.204,1,1
immunogen_blind,10,123,149,ARG,H,32,TYR,CDR1,3.995,1,1
immunogen_blind,10,126,152,PHE,H,54,ASN,CDR2,4.514,0,1
immunogen_blind,10,127,153,LYS,H,31,ASP,CDR1,3.854,1,1
immunogen_blind,10,127,153,LYS,H,53,TYR,CDR2,1.758,1,1
immunogen_blind,10,127,153,LYS,H,30,THR,CDR1,3.802,1,1
immunogen_blind,10,127,153,LYS,H,54,ASN,CDR2,4.726,0,1
immunogen_blind,10,130,156,ASP,H,54,ASN,CDR2,4.977,0,1
immunogen_blind,11,1,27,GLN,H,55,ASP,CDR2,2.015,1,1
immunogen_blind,11,1,27,GLN,H,56,ASP,CDR2,2.799,1,1
immunogen_blind,11,1,27,GLN,H,54,ASN,CDR2,3.817,1,1
immunogen_blind,11,1,27,GLN,H,57,THR,CDR2,4.815,0,1
immunogen_blind,11,2,28,GLU,H,55,ASP,CDR2,3.919,1,1
immunogen_blind,11,2,28,GLU,H,56,ASP,CDR2,2.906,1,1
immunogen_blind,11,2,28,GLU,H,57,THR,CDR2,3.985,1,1
immunogen_blind,11,3,29,PHE,H,56,ASP,CDR2,2.84,1,1
immunogen_blind,11,3,29,PHE,H,57,THR,CDR2,3.66,1,1
immunogen_blind,11,3,29,PHE,H,58,SER,FR3,2.805,1,1
immunogen_blind,11,3,29,PHE,L,93,TYR,CDR3,3.865,1,1
immunogen_blind,11,4,30,ARG,H,58,SER,FR3,4.739,0,1
immunogen_blind,11,5,31,SER,H,58,SER,FR3,4.5,0,1
immunogen_blind,11,5,31,SER,L,93,TYR,CDR3,2.333,1,1
immunogen_blind,11,5,31,SER,L,92,SER,CDR3,4.426,1,1
immunogen_blind,11,6,32,GLY,L,93,TYR,CDR3,4.916,0,1
immunogen_blind,11,46,72,LEU,H,54,ASN,CDR2,3.287,1,1
immunogen_blind,11,52,78,ALA,L,91,SER,CDR3,3.259,1,1
immunogen_blind,11,52,78,ALA,L,92,SER,CDR3,3.426,1,1
immunogen_blind,11,52,78,ALA,L,95,TYR,CDR3,4.625,0,1
immunogen_blind,11,52,78,ALA,L,93,TYR,CDR3,4.166,1,1
immunogen_blind,11,53,79,GLU,L,90,TYR,CDR3,4.016,1,1
immunogen_blind,11,53,79,GLU,L,91,SER,CDR3,3.945,1,1
immunogen_blind,11,53,79,GLU,H,104,TRP,CDR3,3.21,1,1
immunogen_blind,11,53,79,GLU,L,50,TRP,CDR2,1.456,1,1
immunogen_blind,11,53,79,GLU,L,32,ALA,CDR1,3.83,1,1
immunogen_blind,11,56,82,TYR,H,100,ILE,CDR3,3.835,1,1
immunogen_blind,11,56,82,TYR,H,98,TRP,CDR3,4.814,0,1
immunogen_blind,11,56,82,TYR,L,95,TYR,CDR3,2.896,1,1
immunogen_blind,11,56,82,TYR,H,35,TYR,FR2,3.359,1,1
immunogen_blind,11,56,82,TYR,L,93,TYR,CDR3,0.788,1,1
immunogen_blind,11,56,82,TYR,H,50,ILE,CDR2,3.917,1,1
immunogen_blind,11,56,82,TYR,H,47,TRP,FR2,4.983,0,1
immunogen_blind,11,56,82,TYR,H,58,SER,FR3,4.216,1,1
immunogen_blind,11,57,83,LEU,H,100,ILE,CDR3,4.127,1,1
immunogen_blind,11,57,83,LEU,H,104,TRP,CDR3,2.848,1,1
immunogen_blind,11,59,85,HIS,H,56,ASP,CDR2,2.66,1,1
immunogen_blind,11,59,85,HIS,H,53,TYR,CDR2,4.003,1,1
immunogen_blind,11,59,85,HIS,H,54,ASN,CDR2,4.505,0,1
immunogen_blind,11,60,86,SER,H,100,ILE,CDR3,2.894,1,1
immunogen_blind,11,60,86,SER,H,33,ASN,CDR1,4.732,0,1
immunogen_blind,11,63,89,LYS,H,53,TYR,CDR2,2.202,1,1
immunogen_blind,11,63,89,LYS,H,54,ASN,CDR2,3.913,1,1
immunogen_blind,11,63,89,LYS,H,33,ASN,CDR1,3.192,1,1
immunogen_blind,11,64,90,PHE,H,53,TYR,CDR2,4.65,0,1
immunogen_blind,11,64,90,PHE,H,101,THR,CDR3,4.002,1,1
immunogen_blind,11,64,90,PHE,H,31,ASP,CDR1,4.211,1,1
immunogen_blind,11,67,93,ASN,H,53,TYR,CDR2,1.281,1,1
immunogen_blind,11,67,93,ASN,H,31,ASP,CDR1,4.887,0,1
immunogen_blind,11,67,93,ASN,H,30,THR,CDR1,4.251,1,1
immunogen_blind,11,68,94,THR,H,31,ASP,CDR1,2.364,1,1
immunogen_blind,11,107,133,SER,L,91,SER,CDR3,3.937,1,1
immunogen_blind,11,107,133,SER,L,92,SER,CDR3,3.656,1,1
immunogen_blind,11,108,134,MET,L,91,SER,CDR3,3.357,1,1
immunogen_blind,11,109,135,LEU,L,28,ASP,CDR1,4.347,1,1
immunogen_blind,11,109,135,LEU,L,29,VAL,CDR1,4.238,1,1
immunogen_blind,11,109,135,LEU,L,30,GLY,CDR1,3.968,1,1
immunogen_blind,11,110,136,PRO,L,50,TRP,CDR2,2.308,1,1
immunogen_blind,11,110,136,PRO,L,31,THR,CDR1,3.219,1,1
immunogen_blind,11,110,136,PRO,L,32,ALA,CDR1,3.345,1,1
immunogen_blind,11,110,136,PRO,L,29,VAL,CDR1,3.967,1,1
immunogen_blind,11,110,136,PRO,L,30,GLY,CDR1,3.999,1,1
immunogen_blind,11,111,137,ILE,H,104,TRP,CDR3,3.21,1,1
immunogen_blind,11,111,137,ILE,L,50,TRP,CDR2,3.906,1,1
immunogen_blind,11,113,139,GLU,L,53,ARG,FR3,2.198,1,1
immunogen_blind,11,116,142,HIS,H,102,ASP,CDR3,3.567,1,1
immunogen_blind,11,116,142,HIS,L,50,TRP,CDR2,4.228,1,1
immunogen_blind,11,116,142,HIS,L,49,TYR,FR2,4.786,0,1
immunogen_blind,11,119,145,PHE,H,101,THR,CDR3,1.682,1,1
immunogen_blind,11,119,145,PHE,H,100,ILE,CDR3,3.778,1,1
immunogen_blind,11,119,145,PHE,H,102,ASP,CDR3,3.82,1,1
immunogen_blind,11,120,146,LEU,H,101,THR,CDR3,4.675,0,1
immunogen_blind,11,120,146,LEU,H,102,ASP,CDR3,4.493,1,1
immunogen_blind,11,123,149,ARG,H,101,THR,CDR3,4.214,1,1
immunogen_blind,11,123,149,ARG,H,32,TYR,CDR1,4.051,1,1
immunogen_blind,12,1,27,GLN,H,55,ASP,CDR2,4.102,1,1
immunogen_blind,12,1,27,GLN,H,56,ASP,CDR2,2.759,1,1
immunogen_blind,12,1,27,GLN,H,57,THR,CDR2,3.899,1,1
immunogen_blind,12,1,27,GLN,H,54,ASN,CDR2,2.966,1,1
immunogen_blind,12,2,28,GLU,H,56,ASP,CDR2,4.788,0,1
immunogen_blind,12,2,28,GLU,H,57,THR,CDR2,4.185,1,1
immunogen_blind,12,2,28,GLU,H,58,SER,FR3,4.774,0,1
immunogen_blind,12,3,29,PHE,H,57,THR,CDR2,4.064,1,1
immunogen_blind,12,3,29,PHE,H,58,SER,FR3,2.446,1,1
immunogen_blind,12,3,29,PHE,L,93,TYR,CDR3,2.569,1,1
immunogen_blind,12,3,29,PHE,L,95,TYR,CDR3,4.561,0,1
immunogen_blind,12,4,30,ARG,H,58,SER,FR3,4.592,0,1
immunogen_blind,12,4,30,ARG,L,93,TYR,CDR3,4.072,1,1
immunogen_blind,12,5,31,SER,L,93,TYR,CDR3,2.363,1,1
immunogen_blind,12,5,31,SER,L,92,SER,CDR3,2.434,1,1
immunogen_blind,12,5,31,SER,L,94,PRO,CDR3,4.798,0,1
immunogen_blind,12,5,31,SER,L,91,SER,CDR3,4.734,0,1
immunogen_blind,12,6,32,GLY,L,92,SER,CDR3,4.582,0,1
immunogen_blind,12,51,77,GLY,L,91,SER,CDR3,4.323,1,1
immunogen_blind,12,52,78,ALA,L,91,SER,CDR3,3.604,1,1
immunogen_blind,12,52,78,ALA,L,92,SER,CDR3,4.042,1,1
immunogen_blind,12,52,78,ALA,L,93,TYR,CDR3,3.556,1,1
immunogen_blind,12,52,78,ALA,L,95,TYR,CDR3,4.177,1,1
immunogen_blind,12,53,79,GLU,L,90,TYR,CDR3,3.093,1,1
immunogen_blind,12,53,79,GLU,L,91,SER,CDR3,4.765,0,1
immunogen_blind,12,53,79,GLU,L,95,TYR,CDR3,2.332,1,1
immunogen_blind,12,53,79,GLU,H,100,ILE,CDR3,3.834,1,1
immunogen_blind,12,53,79,GLU,H,104,TRP,CDR3,4.761,0,1
immunogen_blind,12,53,79,GLU,L,50,TRP,CDR2,4.679,0,1
immunogen_blind,12,53,79,GLU,H,98,TRP,CDR3,2.627,1,1
immunogen_blind,12,56,82,TYR,H,100,ILE,CDR3,2.792,1,1
immunogen_blind,12,56,82,TYR,H,35,TYR,FR2,4.311,1,1
immunogen_blind,12,56,82,TYR,H,33,ASN,CDR1,2.003,1,1
immunogen_blind,12,56,82,TYR,H,50,ILE,CDR2,4.092,1,1
immunogen_blind,12,56,82,TYR,L,93,TYR,CDR3,4.748,0,1
immunogen_blind,12,56,82,TYR,H,98,TRP,CDR3,3.696,1,1
immunogen_blind,12,56,82,TYR,H,53,TYR,CDR2,4.566,0,1
immunogen_blind,12,57,83,LEU,H,100,ILE,CDR3,3.707,1,1
immunogen_blind,12,57,83,LEU,H,104,TRP,CDR3,3.441,1,1
immunogen_blind,12,59,85,HIS,H,56,ASP,CDR2,1.92,1,1
immunogen_blind,12,59,85,HIS,H,53,TYR,CDR2,4.752,0,1
immunogen_blind,12,60,86,SER,H,53,TYR,CDR2,3.943,1,1
immunogen_blind,12,60,86,SER,H,33,ASN,CDR1,4.819,0,1
immunogen_blind,12,63,89,LYS,H,54,ASN,CDR2,3.178,1,1
immunogen_blind,12,63,89,LYS,H,53,TYR,CDR2,3.144,1,1
immunogen_blind,12,63,89,LYS,H,56,ASP,CDR2,1.334,1,1
immunogen_blind,12,63,89,LYS,H,55,ASP,CDR2,4.858,0,1
immunogen_blind,12,64,90,PHE,H,53,TYR,CDR2,2.692,1,1
immunogen_blind,12,64,90,PHE,H,54,ASN,CDR2,4.257,1,1
immunogen_blind,12,64,90,PHE,H,31,ASP,CDR1,2.515,1,1
immunogen_blind,12,67,93,ASN,H,54,ASN,CDR2,3.412,1,1
immunogen_blind,12,105,131,ASP,L,28,ASP,CDR1,4.576,0,1
immunogen_blind,12,106,132,ASN,L,91,SER,CDR3,4.775,0,1
immunogen_blind,12,106,132,ASN,L,92,SER,CDR3,4.513,0,1
immunogen_blind,12,107,133,SER,L,91,SER,CDR3,3.821,1,1
immunogen_blind,12,107,133,SER,L,28,ASP,CDR1,3.48,1,1
immunogen_blind,12,107,133,SER,L,27,GLN,CDR1,4.148,1,1
immunogen_blind,12,108,134,MET,L,91,SER,CDR3,2.531,1,1
immunogen_blind,12,108,134,MET,L,92,SER,CDR3,4.358,1,1
immunogen_blind,12,108,134,MET,L,29,VAL,CDR1,3.358,1,1
immunogen_blind,12,108,134,MET,L,32,ALA,CDR1,4.069,1,1
immunogen_blind,12,108,134,MET,L,30,GLY,CDR1,4.511,0,1
immunogen_blind,12,108,134,MET,L,90,TYR,CDR3,3.929,1,1
immunogen_blind,12,108,134,MET,L,50,TRP,CDR2,4.385,1,1
immunogen_blind,12,109,135,LEU,L,50,TRP,CDR2,4.084,1,1
immunogen_blind,12,109,135,LEU,L,30,GLY,CDR1,3.77,1,1
immunogen_blind,12,110,136,PRO,L,31,THR,CDR1,2.832,1,1
immunogen_blind,12,110,136,PRO,L,50,TRP,CDR2,3.184,1,1
immunogen_blind,12,110,136,PRO,H,104,TRP,CDR3,4.841,0,1
immunogen_blind,12,111,137,ILE,H,104,TRP,CDR3,2.879,1,1
immunogen_blind,12,111,137,ILE,L,50,TRP,CDR2,4.539,0,1
immunogen_blind,12,113,139,GLU,L,53,ARG,FR3,1.898,1,1
immunogen_blind,12,116,142,HIS,H,101,THR,CDR3,2.531,1,1
immunogen_blind,12,116,142,HIS,L,53,ARG,FR3,4.212,1,1
immunogen_blind,12,116,142,HIS,H,102,ASP,CDR3,3.338,1,1
immunogen_blind,12,116,142,HIS,H,104,TRP,CDR3,4.041,1,1
immunogen_blind,12,119,145,PHE,H,101,THR,CDR3,2.966,1,1
immunogen_blind,12,119,145,PHE,H,100,ILE,CDR3,3.76,1,1
immunogen_blind,12,119,145,PHE,H,104,TRP,CDR3,4.908,0,1
immunogen_blind,12,120,146,LEU,H,101,THR,CDR3,2.924,1,1
immunogen_blind,12,120,146,LEU,H,102,ASP,CDR3,3.746,1,1
immunogen_blind,12,123,149,ARG,H,101,THR,CDR3,2.951,1,1
immunogen_blind,12,123,149,ARG,H,31,ASP,CDR1,3.12,1,1
immunogen_blind,12,123,149,ARG,H,32,TYR,CDR1,3.051,1,1
immunogen_blind,12,123,149,ARG,H,100,ILE,CDR3,4.762,0,1
immunogen_blind,12,126,152,PHE,H,31,ASP,CDR1,4.911,0,1
immunogen_blind,12,127,153,LYS,H,31,ASP,CDR1,1.75,1,1
immunogen_blind,12,127,153,LYS,H,28,SER,CDR1,3.783,1,1
immunogen_blind,13,2,28,GLU,H,54,ASN,CDR2,2.089,1,1
immunogen_blind,13,2,28,GLU,H,56,ASP,CDR2,4.03,1,1
immunogen_blind,13,2,28,GLU,H,55,ASP,CDR2,3.266,1,1
immunogen_blind,13,3,29,PHE,H,54,ASN,CDR2,3.643,1,1
immunogen_blind,13,3,29,PHE,H,56,ASP,CDR2,1.339,1,1
immunogen_blind,13,4,30,ARG,H,56,ASP,CDR2,3.541,1,1
immunogen_blind,13,5,31,SER,H,56,ASP,CDR2,4.248,1,1
immunogen_blind,13,5,31,SER,H,57,THR,CDR2,3.231,1,1
immunogen_blind,13,5,31,SER,H,58,SER,FR3,2.608,1,1
immunogen_blind,13,5,31,SER,L,93,TYR,CDR3,4.812,0,1
immunogen_blind,13,5,31,SER,H,50,ILE,CDR2,4.187,1,1
immunogen_blind,13,6,32,GLY,H,58,SER,FR3,4.421,1,1
immunogen_blind,13,6,32,GLY,L,93,TYR,CDR3,3.461,1,1
immunogen_blind,13,51,77,GLY,L,91,SER,CDR3,4.98,0,1
immunogen_blind,13,52,78,ALA,L,91,SER,CDR3,4.937,0,1
immunogen_blind,13,52,78,ALA,L,93,TYR,CDR3,1.967,1,1
immunogen_blind,13,52,78,ALA,L,95,TYR,CDR3,3.164,1,1
immunogen_blind,13,53,79,GLU,L,90,TYR,CDR3,1.303,1,1
immunogen_blind,13,53,79,GLU,L,95,TYR,CDR3,3.349,1,1
immunogen_blind,13,53,79,GLU,H,104,TRP,CDR3,3.458,1,1
immunogen_blind,13,53,79,GLU,H,100,ILE,CDR3,3.881,1,1
immunogen_blind,13,53,79,GLU,H,98,TRP,CDR3,3.227,1,1
immunogen_blind,13,53,79,GLU,L,91,SER,CDR3,4.069,1,1
immunogen_blind,13,53,79,GLU,L,32,ALA,CDR1,3.72,1,1
immunogen_blind,13,54,80,SER,H,104,TRP,CDR3,4.181,1,1
immunogen_blind,13,56,82,TYR,H,100,ILE,CDR3,2.49,1,1
immunogen_blind,13,56,82,TYR,H,35,TYR,FR2,4.027,1,1
immunogen_blind,13,56,82,TYR,H,33,ASN,CDR1,3.769,1,1
immunogen_blind,13,56,82,TYR,H,50,ILE,CDR2,3.153,1,1
immunogen_blind,13,56,82,TYR,L,93,TYR,CDR3,2.192,1,1
immunogen_blind,13,56,82,TYR,L,95,TYR,CDR3,4.49,1,1
immunogen_blind,13,56,82,TYR,H,58,SER,FR3,3.745,1,1
immunogen_blind,13,57,83,LEU,H,100,ILE,CDR3,2.796,1,1
immunogen_blind,13,57,83,LEU,H,104,TRP,CDR3,3.249,1,1
immunogen_blind,13,59,85,HIS,H,53,TYR,CDR2,3.113,1,1
immunogen_blind,13,59,85,HIS,H,56,ASP,CDR2,3.067,1,1
immunogen_blind,13,59,85,HIS,H,54,ASN,CDR2,3.667,1,1
immunogen_blind,13,60,86,SER,H,53,TYR,CDR2,4.891,0,1
immunogen_blind,13,60,86,SER,H,100,ILE,CDR3,2.869,1,1
immunogen_blind,13,60,86,SER,H,101,THR,CDR3,4.515,0,1
immunogen_blind,13,60,86,SER,H,33,ASN,CDR1,4.817,0,1
immunogen_blind,13,63,89,LYS,H,53,TYR,CDR2,1.019,1,1
immunogen_blind,13,63,89,LYS,H,54,ASN,CDR2,3.051,1,1
immunogen_blind,13,63,89,LYS,H,33,ASN,CDR1,4.631,0,1
immunogen_blind,13,64,90,PHE,H,53,TYR,CDR2,4.688,0,1
immunogen_blind,13,64,90,PHE,H,31,ASP,CDR1,4.394,1,1
immunogen_blind,13,67,93,ASN,H,54,ASN,CDR2,4.511,0,1
immunogen_blind,13,105,131,ASP,L,27,GLN,CDR1,3.534,1,1
immunogen_blind,13,105,131,ASP,L,92,SER,CDR3,4.724,0,1
immunogen_blind,13,107,133,SER,L,91,SER,CDR3,3.572,1,1
immunogen_blind,13,107,133,SER,L,92,SER,CDR3,2.924,1,1
immunogen_blind,13,108,134,MET,L,91,SER,CDR3,2.778,1,1
immunogen_blind,13,108,134,MET,L,90,TYR,CDR3,4.992,0,1
immunogen_blind,13,108,134,MET,L,92,SER,CDR3,4.954,0,1
immunogen_blind,13,109,135,LEU,L,91,SER,CDR3,3.867,1,1
immunogen_blind,13,109,135,LEU,H,104,TRP,CDR3,4.339,1,1
immunogen_blind,13,109,135,LEU,L,29,VAL,CDR1,3.738,1,1
immunogen_blind,13,109,135,LEU,L,30,GLY,CDR1,4.093,1,1
immunogen_blind,13,109,135,LEU,L,28,ASP,CDR1,4.681,0,1
immunogen_blind,13,110,136,PRO,H,104,TRP,CDR3,2.722,1,1
immunogen_blind,13,110,136,PRO,L,32,ALA,CDR1,2.857,1,1
immunogen_blind,13,110,136,PRO,L,50,TRP,CDR2,3.624,1,1
immunogen_blind,13,110,136,PRO,L,31,THR,CDR1,4.4,1,1
immunogen_blind,13,110,136,PRO,L,90,TYR,CDR3,3.986,1,1
immunogen_blind,13,110,136,PRO,L,29,VAL,CDR1,4.351,1,1
immunogen_blind,13,110,136,PRO,L,91,SER,CDR3,4.759,0,1
immunogen_blind,13,111,137,ILE,H,104,TRP,CDR3,2.815,1,1
immunogen_blind,13,111,137,ILE,L,50,TRP,CDR2,2.123,1,1
immunogen_blind,13,112,138,SER,L,50,TRP,CDR2,3.308,1,1
immunogen_blind,13,113,139,GLU,L,50,TRP,CDR2,3.322,1,1
immunogen_blind,13,113,139,GLU,L,53,ARG,FR3,1.326,1,1
immunogen_blind,13,116,142,HIS,L,50,TRP,CDR2,3.45,1,1
immunogen_blind,13,116,142,HIS,H,101,THR,CDR3,4.451,1,1
immunogen_blind,13,116,142,HIS,H,102,ASP,CDR3,3.12,1,1
immunogen_blind,13,116,142,HIS,H,103,PRO,CDR3,3.058,1,1
immunogen_blind,13,119,145,PHE,H,101,THR,CDR3,1.863,1,1
immunogen_blind,13,119,145,PHE,H,100,ILE,CDR3,3.67,1,1
immunogen_blind,13,119,145,PHE,H,102,ASP,CDR3,3.819,1,1
immunogen_blind,13,120,146,LEU,H,101,THR,CDR3,3.783,1,1
immunogen_blind,13,120,146,LEU,H,102,ASP,CDR3,3.256,1,1
immunogen_blind,13,120,146,LEU,H,103,PRO,CDR3,4.986,0,1
immunogen_blind,13,123,149,ARG,H,101,THR,CDR3,4.571,0,1
immunogen_blind,13,123,149,ARG,H,31,ASP,CDR1,3.552,1,1
immunogen_blind,13,123,149,ARG,H,32,TYR,CDR1,4.686,0,1
immunogen_blind,13,127,153,LYS,H,31,ASP,CDR1,4.306,1,1
immunogen_blind,14,20,46,GLU,H,100,ILE,CDR3,3.578,1,1
immunogen_blind,14,20,46,GLU,H,101,THR,CDR3,3.481,1,1
immunogen_blind,14,20,46,GLU,H,31,ASP,CDR1,3.829,1,1
immunogen_blind,14,20,46,GLU,H,32,TYR,CDR1,4.01,1,1
immunogen_blind,14,21,47,ALA,H,100,ILE,CDR3,4.982,0,1
immunogen_blind,14,23,49,TRP,H,101,THR,CDR3,4.142,1,1
immunogen_blind,14,24,50,THR,H,100,ILE,CDR3,1.75,1,1
immunogen_blind,14,24,50,THR,H,101,THR,CDR3,2.692,1,1
immunogen_blind,14,24,50,THR,H,102,ASP,CDR3,3.511,1,1
immunogen_blind,14,24,50,THR,H,103,PRO,CDR3,4.456,1,1
immunogen_blind,14,27,53,ASN,L,53,ARG,FR3,4.399,1,1
immunogen_blind,14,27,53,ASN,H,101,THR,CDR3,4.244,1,1
immunogen_blind,14,27,53,ASN,H,102,ASP,CDR3,4.01,1,1
immunogen_blind,14,27,53,ASN,H,103,PRO,CDR3,4.726,0,1
immunogen_blind,14,28,54,THR,H,103,PRO,CDR3,3.159,1,1
immunogen_blind,14,28,54,THR,L,53,ARG,FR3,3.002,1,1
immunogen_blind,14,28,54,THR,L,50,TRP,CDR2,3.295,1,1
immunogen_blind,14,28,54,THR,H,102,ASP,CDR3,4.856,0,1
immunogen_blind,14,30,56,GLN,L,53,ARG,FR3,4.818,0,1
immunogen_blind,14,31,57,THR,L,53,ARG,FR3,4.466,1,1
immunogen_blind,14,33,59,ASP,L,53,ARG,FR3,4.978,0,1
immunogen_blind,14,34,60,ASP,L,53,ARG,FR3,1.073,1,1
immunogen_blind,14,36,62,THR,L,31,THR,CDR1,4.022,1,1
immunogen_blind,14,37,63,SER,L,31,THR,CDR1,2.657,1,1
immunogen_blind,14,37,63,SER,L,50,TRP,CDR2,2.89,1,1
immunogen_blind,14,38,64,ILE,L,31,THR,CDR1,4.818,0,1
immunogen_blind,14,38,64,ILE,L,50,TRP,CDR2,4.078,1,1
immunogen_blind,14,39,65,ARG,L,30,GLY,CDR1,4.034,1,1
immunogen_blind,14,79,105,LYS,H,53,TYR,CDR2,3.395,1,1
immunogen_blind,14,80,106,PHE,H,53,TYR,CDR2,0.849,1,1
immunogen_blind,14,80,106,PHE,H,73,LYS,FR3,3.285,1,1
immunogen_blind,14,80,106,PHE,H,30,THR,CDR1,3.424,1,1
immunogen_blind,14,81,107,LYS,H,53,TYR,CDR2,1.947,1,1
immunogen_blind,14,81,107,LYS,H,73,LYS,FR3,2.819,1,1
immunogen_blind,14,81,107,LYS,H,55,ASP,CDR2,3.789,1,1
immunogen_blind,14,82,108,VAL,H,53,TYR,CDR2,2.719,1,1
immunogen_blind,14,83,109,LEU,H,53,TYR,CDR2,3.089,1,1
immunogen_blind,14,83,109,LEU,H,30,THR,CDR1,4.421,1,1
immunogen_blind,14,84,110,ARG,H,30,THR,CDR1,3.68,1,1
immunogen_blind,14,84,110,ARG,H,53,TYR,CDR2,1.42,1,1
immunogen_blind,14,84,110,ARG,H,54,ASN,CDR2,4.816,0,1
immunogen_blind,14,84,110,ARG,H,33,ASN,CDR1,2.07,1,1
immunogen_blind,14,84,110,ARG,H,51,ASP,CDR2,2.98,1,1
immunogen_blind,14,84,110,ARG,H,32,TYR,CDR1,2.199,1,1
immunogen_blind,14,84,110,ARG,H,29,PHE,CDR1,2.936,1,1
immunogen_blind,14,84,110,ARG,H,34,ILE,FR2,2.644,1,1
immunogen_blind,14,84,110,ARG,H,31,ASP,CDR1,4.833,0,1
immunogen_blind,14,85,111,SER,H,53,TYR,CDR2,2.839,1,1
immunogen_blind,14,85,111,SER,H,54,ASN,CDR2,3.342,1,1
immunogen_blind,14,87,113,SER,H,33,ASN,CDR1,3.435,1,1
immunogen_blind,14,87,113,SER,H,100,ILE,CDR3,3.012,1,1
immunogen_blind,14,87,113,SER,H,30,THR,CDR1,4.953,0,1
immunogen_blind,14,87,113,SER,H,31,ASP,CDR1,3.489,1,1
immunogen_blind,14,87,113,SER,H,32,TYR,CDR1,4.309,1,1
immunogen_blind,14,88,114,THR,H,33,ASN,CDR1,3.026,1,1
immunogen_blind,14,88,114,THR,H,54,ASN,CDR2,2.452,1,1
immunogen_blind,14,88,114,THR,H,104,TRP,CDR3,4.547,0,1
immunogen_blind,14,88,114,THR,H,50,ILE,CDR2,4.718,0,1
immunogen_blind,14,88,114,THR,H,56,ASP,CDR2,4.016,1,1
immunogen_blind,14,90,116,ALA,H,104,TRP,CDR3,4.01,1,1
immunogen_blind,14,90,116,ALA,H,100,ILE,CDR3,4.95,0,1
immunogen_blind,14,91,117,ASN,H,100,ILE,CDR3,2.213,1,1
immunogen_blind,14,91,117,ASN,H,104,TRP,CDR3,1.83,1,1
immunogen_blind,14,91,117,ASN,H,98,TRP,CDR3,2.914,1,1
immunogen_blind,14,91,117,ASN,H,33,ASN,CDR1,2.54,1,1
immunogen_blind,14,91,117,ASN,H,35,TYR,FR2,4.064,1,1
immunogen_blind,14,91,117,ASN,H,99,GLU,CDR3,4.594,0,1
immunogen_blind,14,92,118,ASN,H,104,TRP,CDR3,2.577,1,1
immunogen_blind,14,92,118,ASN,H,56,ASP,CDR2,3.723,1,1
immunogen_blind,14,92,118,ASN,L,93,TYR,CDR3,3.467,1,1
immunogen_blind,14,92,118,ASN,L,95,TYR,CDR3,4.721,0,1
immunogen_blind,14,93,119,PHE,H,104,TRP,CDR3,4.883,0,1
immunogen_blind,14,94,120,ILE,H,104,TRP,CDR3,3.874,1,1
immunogen_blind,14,94,120,ILE,L,50,TRP,CDR2,2.873,1,1
immunogen_blind,14,94,120,ILE,H,103,PRO,CDR3,4.815,0,1
immunogen_blind,14,94,120,ILE,H,100,ILE,CDR3,4.228,1,1
immunogen_blind,14,95,121,VAL,H,104,TRP,CDR3,2.329,1,1
immunogen_blind,14,95,121,VAL,L,50,TRP,CDR2,4.381,1,1
immunogen_blind,14,95,121,VAL,L,90,TYR,CDR3,2.931,1,1
immunogen_blind,14,95,121,VAL,L,91,SER,CDR3,3.083,1,1
immunogen_blind,14,95,121,VAL,L,95,TYR,CDR3,4.086,1,1
immunogen_blind,14,95,121,VAL,L,92,SER,CDR3,4.319,1,1
immunogen_blind,14,95,121,VAL,H,98,TRP,CDR3,4.921,0,1
immunogen_blind,14,98,124,SER,L,50,TRP,CDR2,2.312,1,1
immunogen_blind,14,98,124,SER,L,30,GLY,CDR1,3.951,1,1
immunogen_blind,14,98,124,SER,L,29,VAL,CDR1,4.639,0,1
immunogen_blind,14,98,124,SER,L,31,THR,CDR1,4.071,1,1
immunogen_blind,14,98,124,SER,L,32,ALA,CDR1,3.505,1,1
immunogen_blind,14,98,124,SER,L,91,SER,CDR3,4.827,0,1
immunogen_blind,14,99,125,GLN,L,91,SER,CDR3,2.105,1,1
immunogen_blind,14,99,125,GLN,L,28,ASP,CDR1,3.742,1,1
immunogen_blind,14,99,125,GLN,L,29,VAL,CDR1,3.078,1,1
immunogen_blind,14,99,125,GLN,L,30,GLY,CDR1,4.416,1,1
immunogen_blind,14,99,125,GLN,L,32,ALA,CDR1,4.011,1,1
immunogen_blind,14,99,125,GLN,L,92,SER,CDR3,4.919,0,1
immunogen_blind,14,101,127,GLN,L,28,ASP,CDR1,2.223,1,1
immunogen_blind,14,101,127,GLN,L,30,GLY,CDR1,4.258,1,1
immunogen_blind,14,112,138,SER,L,28,ASP,CDR1,4.648,0,1
immunogen_blind,14,114,140,SER,L,27,GLN,CDR1,3.913,1,1
immunogen_blind,14,114,140,SER,L,92,SER,CDR3,3.197,1,1
immunogen_blind,14,114,140,SER,L,91,SER,CDR3,4.08,1,1
immunogen_blind,14,114,140,SER,L,2,ILE,FR1,4.485,1,1
immunogen_blind,14,114,140,SER,L,28,ASP,CDR1,4.258,1,1
immunogen_blind,14,115,141,ALA,L,91,SER,CDR3,4.481,1,1
immunogen_blind,14,115,141,ALA,L,92,SER,CDR3,4.955,0,1
immunogen_blind,14,118,144,ARG,L,91,SER,CDR3,2.809,1,1
immunogen_blind,14,118,144,ARG,L,92,SER,CDR3,1.989,1,1
immunogen_blind,14,118,144,ARG,L,93,TYR,CDR3,2.114,1,1
immunogen_blind,14,118,144,ARG,H,104,TRP,CDR3,3.592,1,1
immunogen_blind,14,118,144,ARG,L,90,TYR,CDR3,3.951,1,1
immunogen_blind,14,118,144,ARG,L,95,TYR,CDR3,2.651,1,1
immunogen_blind,14,121,147,LEU,H,56,ASP,CDR2,3.136,1,1
immunogen_blind,14,121,147,LEU,L,93,TYR,CDR3,2.728,1,1
immunogen_blind,14,121,147,LEU,H,57,THR,CDR2,2.816,1,1
immunogen_blind,14,124,150,ARG,H,56,ASP,CDR2,3.403,1,1
immunogen_blind,14,124,150,ARG,H,55,ASP,CDR2,2.822,1,1
immunogen_blind,14,124,150,ARG,H,57,THR,CDR2,4.27,1,1
immunogen_blind,14,124,150,ARG,H,54,ASN,CDR2,4.541,0,1
immunogen_blind,14,125,151,ALA,H,56,ASP,CDR2,4.236,1,1
immunogen_blind,14,125,151,ALA,H,54,ASN,CDR2,3.88,1,1
immunogen_blind,14,128,154,GLN,H,54,ASN,CDR2,1.394,1,1
immunogen_blind,14,128,154,GLN,H,55,ASP,CDR2,2.882,1,1
immunogen_blind,14,128,154,GLN,H,56,ASP,CDR2,3.692,1,1
immunogen_blind,14,132,158,GLU,H,53,TYR,CDR2,4.283,1,1
immunogen_blind,14,132,158,GLU,H,54,ASN,CDR2,4.725,0,1
immunogen_blind,14,132,158,GLU,H,55,ASP,CDR2,4.82,0,1
immunogen_blind,15,31,57,THR,L,53,ARG,FR3,4.517,0,1
immunogen_blind,15,32,58,GLN,L,31,THR,CDR1,3.582,1,1
immunogen_blind,15,32,58,GLN,L,67,SER,FR3,4.846,0,1
immunogen_blind,15,33,59,ASP,L,31,THR,CDR1,2.776,1,1
immunogen_blind,15,33,59,ASP,L,50,TRP,CDR2,2.311,1,1
immunogen_blind,15,33,59,ASP,L,53,ARG,FR3,3.549,1,1
immunogen_blind,15,34,60,ASP,L,31,THR,CDR1,4.871,0,1
immunogen_blind,15,36,62,THR,L,30,GLY,CDR1,2.839,1,1
immunogen_blind,15,36,62,THR,L,31,THR,CDR1,2.628,1,1
immunogen_blind,15,36,62,THR,L,50,TRP,CDR2,4.305,1,1
immunogen_blind,15,36,62,THR,L,29,VAL,CDR1,2.767,1,1
immunogen_blind,15,36,62,THR,L,32,ALA,CDR1,3.735,1,1
immunogen_blind,15,36,62,THR,L,91,SER,CDR3,4.804,0,1
immunogen_blind,15,37,63,SER,L,50,TRP,CDR2,2.24,1,1
immunogen_blind,15,40,66,LEU,L,91,SER,CDR3,2.227,1,1
immunogen_blind,15,40,66,LEU,L,90,TYR,CDR3,4.798,0,1
immunogen_blind,15,40,66,LEU,L,92,SER,CDR3,4.413,1,1
immunogen_blind,15,80,106,PHE,L,53,ARG,FR3,3.406,1,1
immunogen_blind,15,83,109,LEU,L,53,ARG,FR3,4.607,0,1
immunogen_blind,15,84,110,ARG,L,53,ARG,FR3,4.014,1,1
immunogen_blind,15,84,110,ARG,H,102,ASP,CDR3,2.851,1,1
immunogen_blind,15,84,110,ARG,H,103,PRO,CDR3,3.374,1,1
immunogen_blind,15,84,110,ARG,L,49,TYR,FR2,1.971,1,1
immunogen_blind,15,87,113,SER,L,50,TRP,CDR2,2.333,1,1
immunogen_blind,15,87,113,SER,H,103,PRO,CDR3,4.903,0,1
immunogen_blind,15,88,114,THR,H,102,ASP,CDR3,2.781,1,1
immunogen_blind,15,88,114,THR,H,100,ILE,CDR3,2.427,1,1
immunogen_blind,15,88,114,THR,H,101,THR,CDR3,2.535,1,1
immunogen_blind,15,88,114,THR,H,103,PRO,CDR3,3.272,1,1
immunogen_blind,15,90,116,ALA,H,104,TRP,CDR3,4.669,0,1
immunogen_blind,15,91,117,ASN,H,104,TRP,CDR3,2.205,1,1
immunogen_blind,15,91,117,ASN,L,50,TRP,CDR2,2.98,1,1
immunogen_blind,15,91,117,ASN,L,90,TYR,CDR3,4.592,0,1
immunogen_blind,15,91,117,ASN,H,103,PRO,CDR3,4.289,1,1
immunogen_blind,15,92,118,ASN,H,104,TRP,CDR3,4.07,1,1
immunogen_blind,15,92,118,ASN,H,100,ILE,CDR3,3.525,1,1
immunogen_blind,15,94,120,ILE,H,104,TRP,CDR3,3.739,1,1
immunogen_blind,15,94,120,ILE,L,93,TYR,CDR3,4.303,1,1
immunogen_blind,15,94,120,ILE,L,91,SER,CDR3,4.478,1,1
immunogen_blind,15,94,120,ILE,L,95,TYR,CDR3,4.596,0,1
immunogen_blind,15,95,121,VAL,H,104,TRP,CDR3,2.55,1,1
immunogen_blind,15,95,121,VAL,L,93,TYR,CDR3,2.946,1,1
immunogen_blind,15,95,121,VAL,H,35,TYR,FR2,4.031,1,1
immunogen_blind,15,95,121,VAL,H,33,ASN,CDR1,4.554,0,1
immunogen_blind,15,95,121,VAL,H,50,ILE,CDR2,4.592,0,1
immunogen_blind,15,95,121,VAL,H,98,TRP,CDR3,4.792,0,1
immunogen_blind,15,95,121,VAL,L,95,TYR,CDR3,4.175,1,1
immunogen_blind,15,98,124,SER,L,93,TYR,CDR3,2.806,1,1
immunogen_blind,15,98,124,SER,H,58,SER,FR3,4.458,1,1
immunogen_blind,15,99,125,GLN,H,58,SER,FR3,3.898,1,1
immunogen_blind,15,99,125,GLN,H,56,ASP,CDR2,3.841,1,1
immunogen_blind,15,99,125,GLN,H,50,ILE,CDR2,4.538,0,1
immunogen_blind,15,99,125,GLN,H,53,TYR,CDR2,4.871,0,1
immunogen_blind,15,99,125,GLN,H,57,THR,CDR2,4.891,0,1
immunogen_blind,15,101,127,GLN,H,57,THR,CDR2,4.132,1,1
immunogen_blind,15,112,138,SER,H,56,ASP,CDR2,1.547,1,1
immunogen_blind,15,113,139,GLU,H,56,ASP,CDR2,4.73,0,1
immunogen_blind,15,113,139,GLU,H,53,TYR,CDR2,4.763,0,1
immunogen_blind,15,113,139,GLU,H,54,ASN,CDR2,3.975,1,1
immunogen_blind,15,114,140,SER,H,53,TYR,CDR2,1.404,1,1
immunogen_blind,15,114,140,SER,H,54,ASN,CDR2,3.281,1,1
immunogen_blind,15,114,140,SER,H,56,ASP,CDR2,1.844,1,1
immunogen_blind,15,114,140,SER,H,52,PRO,CDR2,4.682,0,1
immunogen_blind,15,114,140,SER,H,55,ASP,CDR2,4.133,1,1
immunogen_blind,15,115,141,ALA,H,53,TYR,CDR2,4.308,1,1
immunogen_blind,15,115,141,ALA,H,56,ASP,CDR2,3.097,1,1
immunogen_blind,15,117,143,GLN,H,53,TYR,CDR2,2.272,1,1
immunogen_blind,15,117,143,GLN,H,54,ASN,CDR2,2.149,1,1
immunogen_blind,15,118,144,ARG,H,53,TYR,CDR2,2.55,1,1
immunogen_blind,15,118,144,ARG,H,33,ASN,CDR1,1.755,1,1
immunogen_blind,15,118,144,ARG,H,50,ILE,CDR2,2.859,1,1
immunogen_blind,15,118,144,ARG,H,51,ASP,CDR2,3.951,1,1
immunogen_blind,15,118,144,ARG,H,52,PRO,CDR2,4.566,0,1
immunogen_blind,15,118,144,ARG,H,56,ASP,CDR2,4.458,1,1
immunogen_blind,15,121,147,LEU,H,53,TYR,CDR2,3.105,1,1
immunogen_blind,15,121,147,LEU,H,100,ILE,CDR3,3.645,1,1
immunogen_blind,15,121,147,LEU,H,31,ASP,CDR1,2.98,1,1
immunogen_blind,15,121,147,LEU,H,30,THR,CDR1,4.515,0,1
immunogen_blind,15,121,147,LEU,H,32,TYR,CDR1,4.818,0,1
immunogen_blind,15,124,150,ARG,H,31,ASP,CDR1,3.047,1,1
immunogen_blind,15,128,154,GLN,H,101,THR,CDR3,4.128,1,1
immunogen_blind,2,12,38,GLY,H,104,TRP,CDR3,3.628,1,1
immunogen_blind,2,13,39,VAL,H,104,TRP,CDR3,2.484,1,1
immunogen_blind,2,13,39,VAL,L,50,TRP,CDR2,4.099,1,1
immunogen_blind,2,14,40,VAL,H,104,TRP,CDR3,4.263,1,1
immunogen_blind,2,16,42,PRO,H,104,TRP,CDR3,3.88,1,1
immunogen_blind,2,16,42,PRO,L,93,TYR,CDR3,4.482,1,1
immunogen_blind,2,17,43,GLU,H,104,TRP,CDR3,3.095,1,1
immunogen_blind,2,17,43,GLU,H,98,TRP,CDR3,4.171,1,1
immunogen_blind,2,17,43,GLU,H,103,PRO,CDR3,2.572,1,1
immunogen_blind,2,17,43,GLU,H,100,ILE,CDR3,4.973,0,1
immunogen_blind,2,19,45,TRP,H,53,TYR,CDR2,4.789,0,1
immunogen_blind,2,19,45,TRP,H,56,ASP,CDR2,2.207,1,1
immunogen_blind,2,20,46,GLU,H,53,TYR,CDR2,3.526,1,1
immunogen_blind,2,20,46,GLU,H,33,ASN,CDR1,2.678,1,1
immunogen_blind,2,20,46,GLU,H,100,ILE,CDR3,4.128,1,1
immunogen_blind,2,20,46,GLU,H,35,TYR,FR2,3.393,1,1
immunogen_blind,2,20,46,GLU,H,98,TRP,CDR3,3.09,1,1
immunogen_blind,2,20,46,GLU,H,50,ILE,CDR2,4.179,1,1
immunogen_blind,2,23,49,TRP,H,53,TYR,CDR2,2.929,1,1
immunogen_blind,2,23,49,TRP,H,54,ASN,CDR2,2.518,1,1
immunogen_blind,2,23,49,TRP,H,56,ASP,CDR2,2.165,1,1
immunogen_blind,2,24,50,THR,H,53,TYR,CDR2,3.915,1,1
immunogen_blind,2,24,50,THR,H,30,THR,CDR1,3.854,1,1
immunogen_blind,2,24,50,THR,H,31,ASP,CDR1,3.742,1,1
immunogen_blind,2,24,50,THR,H,100,ILE,CDR3,4.531,0,1
immunogen_blind,2,26,52,LYS,H,54,ASN,CDR2,3.611,1,1
immunogen_blind,2,27,53,ASN,H,54,ASN,CDR2,2.525,1,1
immunogen_blind,2,27,53,ASN,H,73,LYS,FR3,2.96,1,1
immunogen_blind,2,27,53,ASN,H,30,THR,CDR1,4.637,0,1
immunogen_blind,2,27,53,ASN,H,53,TYR,CDR2,4.068,1,1
immunogen_blind,2,42,68,LYS,H,57,THR,CDR2,4.374,1,1
immunogen_blind,2,42,68,LYS,H,58,SER,FR3,4.946,0,1
immunogen_blind,2,43,69,PRO,L,93,TYR,CDR3,3.659,1,1
immunogen_blind,2,44,70,GLN,L,93,TYR,CDR3,2.353,1,1
immunogen_blind,2,47,73,ARG,L,92,SER,CDR3,2.915,1,1
immunogen_blind,2,47,73,ARG,L,91,SER,CDR3,4.974,0,1
immunogen_blind,2,47,73,ARG,L,93,TYR,CDR3,2.453,1,1
immunogen_blind,2,47,73,ARG,L,94,PRO,CDR3,4.99,0,1
immunogen_blind,2,105,131,ASP,L,28,ASP,CDR1,3.688,1,1
immunogen_blind,2,107,133,SER,L,28,ASP,CDR1,2.937,1,1
immunogen_blind,2,107,133,SER,L,29,VAL,CDR1,4.872,0,1
immunogen_blind,2,108,134,MET,L,91,SER,CDR3,2.135,1,1
immunogen_blind,2,108,134,MET,L,29,VAL,CDR1,3.97,1,1
immunogen_blind,2,108,134,MET,L,32,ALA,CDR1,4.709,0,1
immunogen_blind,2,108,134,MET,L,92,SER,CDR3,4.212,1,1
immunogen_blind,2,108,134,MET,H,104,TRP,CDR3,4.851,0,1
immunogen_blind,2,109,135,LEU,L,91,SER,CDR3,4.723,0,1
immunogen_blind,2,109,135,LEU,L,29,VAL,CDR1,3.389,1,1
immunogen_blind,2,109,135,LEU,L,30,GLY,CDR1,2.829,1,1
immunogen_blind,2,109,135,LEU,L,50,TRP,CDR2,4.875,0,1
immunogen_blind,2,109,135,LEU,L,28,ASP,CDR1,3.181,1,1
immunogen_blind,2,110,136,PRO,L,29,VAL,CDR1,3.479,1,1
immunogen_blind,2,110,136,PRO,L,30,GLY,CDR1,3.462,1,1
immunogen_blind,2,110,136,PRO,L,31,THR,CDR1,2.482,1,1
immunogen_blind,2,110,136,PRO,L,32,ALA,CDR1,3.502,1,1
immunogen_blind,2,110,136,PRO,L,50,TRP,CDR2,2.129,1,1
immunogen_blind,2,111,137,ILE,L,50,TRP,CDR2,4.034,1,1
immunogen_blind,2,113,139,GLU,L,53,ARG,FR3,0.888,1,1
immunogen_blind,2,116,142,HIS,L,53,ARG,FR3,3.632,1,1
immunogen_blind,2,116,142,HIS,H,103,PRO,CDR3,2.838,1,1
immunogen_blind,2,116,142,HIS,L,50,TRP,CDR2,3.271,1,1
immunogen_blind,2,116,142,HIS,H,101,THR,CDR3,4.96,0,1
immunogen_blind,2,116,142,HIS,H,102,ASP,CDR3,4.616,0,1
immunogen_blind,2,116,142,HIS,L,49,TYR,FR2,4.338,1,1
immunogen_blind,2,117,143,GLN,L,53,ARG,FR3,3.953,1,1
immunogen_blind,2,119,145,PHE,H,103,PRO,CDR3,3.595,1,1
immunogen_blind,2,119,145,PHE,H,100,ILE,CDR3,4.554,0,1
immunogen_blind,2,120,146,LEU,H,101,THR,CDR3,1.88,1,1
immunogen_blind,2,120,146,LEU,H,103,PRO,CDR3,3.893,1,1
immunogen_blind,2,120,146,LEU,H,102,ASP,CDR3,4.076,1,1
immunogen_blind,2,120,146,LEU,H,100,ILE,CDR3,4.543,0,1
immunogen_blind,2,123,149,ARG,H,100,ILE,CDR3,1.011,1,1
immunogen_blind,2,123,149,ARG,H,101,THR,CDR3,2.791,1,1
immunogen_blind,2,123,149,ARG,H,99,GLU,CDR3,3.29,1,1
immunogen_blind,2,123,149,ARG,H,102,ASP,CDR3,3.619,1,1
immunogen_blind,2,123,149,ARG,H,103,PRO,CDR3,3.331,1,1
immunogen_blind,2,127,153,LYS,H,31,ASP,CDR1,2.56,1,1
immunogen_blind,2,127,153,LYS,H,100,ILE,CDR3,3.811,1,1
immunogen_blind,2,130,156,ASP,H,31,ASP,CDR1,3.854,1,1
immunogen_blind,3,19,45,TRP,L,53,ARG,FR3,4.618,0,1
immunogen_blind,3,26,52,LYS,H,102,ASP,CDR3,4.998,0,1
immunogen_blind,3,33,59,ASP,H,26,GLY,CDR1,4.125,1,1
immunogen_blind,3,33,59,ASP,H,27,TYR,CDR1,4.733,0,1
immunogen_blind,3,33,59,ASP,H,28,SER,CDR1,4.942,0,1
immunogen_blind,3,34,60,ASP,H,2,VAL,FR1,3.657,1,1
immunogen_blind,3,34,60,ASP,H,97,ARG,CDR3,4.861,0,1
immunogen_blind,3,36,62,THR,H,99,GLU,CDR3,2.956,1,1
immunogen_blind,3,36,62,THR,L,56,THR,FR3,4.166,1,1
immunogen_blind,3,37,63,SER,H,99,GLU,CDR3,3.351,1,1
immunogen_blind,3,37,63,SER,H,32,TYR,CDR1,3.118,1,1
immunogen_blind,3,37,63,SER,H,97,ARG,CDR3,3.514,1,1
immunogen_blind,3,37,63,SER,H,101,THR,CDR3,2.331,1,1
immunogen_blind,3,38,64,ILE,H,32,TYR,CDR1,4.648,0,1
immunogen_blind,3,38,64,ILE,H,99,GLU,CDR3,4.254,1,1
immunogen_blind,3,38,64,ILE,H,101,THR,CDR3,2.389,1,1
immunogen_blind,3,38,64,ILE,H,102,ASP,CDR3,4.583,0,1
immunogen_blind,3,39,65,ARG,H,99,GLU,CDR3,3.476,1,1
immunogen_blind,3,39,65,ARG,H,101,THR,CDR3,1.555,1,1
immunogen_blind,3,39,65,ARG,H,102,ASP,CDR3,1.453,1,1
immunogen_blind,3,39,65,ARG,L,49,TYR,FR2,4.918,0,1
immunogen_blind,3,39,65,ARG,L,56,THR,FR3,2.348,1,1
immunogen_blind,3,40,66,LEU,H,101,THR,CDR3,3.864,1,1
immunogen_blind,3,40,66,LEU,H,102,ASP,CDR3,2.777,1,1
immunogen_blind,3,41,67,LEU,H,101,THR,CDR3,4.344,1,1
immunogen_blind,3,41,67,LEU,H,102,ASP,CDR3,4.389,1,1
immunogen_blind,3,41,67,LEU,H,103,PRO,CDR3,3.088,1,1
immunogen_blind,3,41,67,LEU,L,50,TRP,CDR2,2.793,1,1
immunogen_blind,3,41,67,LEU,L,53,ARG,FR3,3.792,1,1
immunogen_blind,3,42,68,LYS,L,53,ARG,FR3,3.412,1,1
immunogen_blind,3,84,110,ARG,H,31,ASP,CDR1,4.792,0,1
immunogen_blind,3,87,113,SER,H,101,THR,CDR3,4.596,0,1
immunogen_blind,3,87,113,SER,H,32,TYR,CDR1,4.644,0,1
immunogen_blind,3,88,114,THR,H,53,TYR,CDR2,3.477,1,1
immunogen_blind,3,88,114,THR,H,31,ASP,CDR1,2.954,1,1
immunogen_blind,3,90,116,ALA,H,100,ILE,CDR3,3.456,1,1
immunogen_blind,3,90,116,ALA,H,101,THR,CDR3,3.763,1,1
immunogen_blind,3,91,117,ASN,H,100,ILE,CDR3,2.442,1,1
immunogen_blind,3,91,117,ASN,H,101,THR,CDR3,1.869,1,1
immunogen_blind,3,91,117,ASN,H,31,ASP,CDR1,4.029,1,1
immunogen_blind,3,91,117,ASN,H,32,TYR,CDR1,3.74,1,1
immunogen_blind,3,91,117,ASN,H,102,ASP,CDR3,4.882,0,1
immunogen_blind,3,92,118,ASN,H,100,ILE,CDR3,4.053,1,1
immunogen_blind,3,92,118,ASN,H,53,TYR,CDR2,3.364,1,1
immunogen_blind,3,94,120,ILE,H,100,ILE,CDR3,2.961,1,1
immunogen_blind,3,94,120,ILE,H,101,THR,CDR3,0.953,1,1
immunogen_blind,3,94,120,ILE,H,102,ASP,CDR3,2.432,1,1
immunogen_blind,3,94,120,ILE,H,104,TRP,CDR3,4.301,1,1
immunogen_blind,3,94,120,ILE,H,103,PRO,CDR3,3.217,1,1
immunogen_blind,3,95,121,VAL,H,100,ILE,CDR3,2.572,1,1
immunogen_blind,3,95,121,VAL,H,104,TRP,CDR3,2.411,1,1
immunogen_blind,3,95,121,VAL,H,98,TRP,CDR3,4.158,1,1
immunogen_blind,3,96,122,ILE,H,104,TRP,CDR3,4.76,0,1
immunogen_blind,3,97,123,MET,L,50,TRP,CDR2,4.295,1,1
immunogen_blind,3,98,124,SER,L,50,TRP,CDR2,3.452,1,1
immunogen_blind,3,98,124,SER,L,90,TYR,CDR3,3.78,1,1
immunogen_blind,3,98,124,SER,L,32,ALA,CDR1,4.701,0,1
immunogen_blind,3,98,124,SER,L,91,SER,CDR3,4.584,0,1
immunogen_blind,3,98,124,SER,H,103,PRO,CDR3,4.624,0,1
immunogen_blind,3,98,124,SER,H,104,TRP,CDR3,3.047,1,1
immunogen_blind,3,98,124,SER,H,98,TRP,CDR3,4.859,0,1
immunogen_blind,3,99,125,GLN,L,90,TYR,CDR3,4.986,0,1
immunogen_blind,3,99,125,GLN,L,91,SER,CDR3,4.008,1,1
immunogen_blind,3,99,125,GLN,H,104,TRP,CDR3,2.247,1,1
immunogen_blind,3,99,125,GLN,L,95,TYR,CDR3,3.342,1,1
immunogen_blind,3,99,125,GLN,L,93,TYR,CDR3,3.056,1,1
immunogen_blind,3,101,127,GLN,L,91,SER,CDR3,2.749,1,1
immunogen_blind,3,101,127,GLN,L,92,SER,CDR3,3.043,1,1
immunogen_blind,3,101,127,GLN,L,93,TYR,CDR3,4.94,0,1
immunogen_blind,3,102,128,PRO,L,28,ASP,CDR1,4.355,1,1
immunogen_blind,3,102,128,PRO,L,29,VAL,CDR1,4.71,0,1
immunogen_blind,3,102,128,PRO,L,30,GLY,CDR1,4.278,1,1
immunogen_blind,3,104,130,LYS,L,28,ASP,CDR1,4.522,0,1
immunogen_blind,3,106,132,ASN,L,30,GLY,CDR1,3.112,1,1
immunogen_blind,3,106,132,ASN,L,31,THR,CDR1,4.347,1,1
immunogen_blind,3,106,132,ASN,L,67,SER,FR3,3.925,1,1
immunogen_blind,3,106,132,ASN,L,28,ASP,CDR1,4.412,1,1
immunogen_blind,3,106,132,ASN,L,68,GLY,FR3,4.65,0,1
immunogen_blind,3,114,140,SER,L,93,TYR,CDR3,2.853,1,1
immunogen_blind,3,114,140,SER,H,56,ASP,CDR2,4.949,0,1
immunogen_blind,3,117,143,GLN,H,56,ASP,CDR2,3.178,1,1
immunogen_blind,3,117,143,GLN,H,55,ASP,CDR2,4.528,0,1
immunogen_blind,3,118,144,ARG,H,56,ASP,CDR2,3.51,1,1
immunogen_blind,3,118,144,ARG,H,104,TRP,CDR3,3.064,1,1
immunogen_blind,3,118,144,ARG,L,93,TYR,CDR3,2.777,1,1
immunogen_blind,3,118,144,ARG,H,33,ASN,CDR1,3.521,1,1
immunogen_blind,3,118,144,ARG,H,35,TYR,FR2,3.531,1,1
immunogen_blind,3,118,144,ARG,H,50,ILE,CDR2,3.282,1,1
immunogen_blind,3,118,144,ARG,H,53,TYR,CDR2,4.975,0,1
immunogen_blind,3,121,147,LEU,H,53,TYR,CDR2,3.446,1,1
immunogen_blind,3,121,147,LEU,H,54,ASN,CDR2,3.225,1,1
immunogen_blind,3,121,147,LEU,H,56,ASP,CDR2,4.542,0,1
immunogen_blind,3,124,150,ARG,H,54,ASN,CDR2,3.481,1,1
immunogen_blind,4,32,58,GLN,H,57,THR,CDR2,2.291,1,1
immunogen_blind,4,32,58,GLN,H,56,ASP,CDR2,3.058,1,1
immunogen_blind,4,32,58,GLN,H,58,SER,FR3,3.464,1,1
immunogen_blind,4,32,58,GLN,H,52,PRO,CDR2,4.943,0,1
immunogen_blind,4,36,62,THR,H,58,SER,FR3,3.827,1,1
immunogen_blind,4,36,62,THR,H,57,THR,CDR2,3.634,1,1
immunogen_blind,4,36,62,THR,H,59,TYR,FR3,4.47,1,1
immunogen_blind,4,36,62,THR,H,61,GLN,FR3,4.72,0,1
immunogen_blind,4,36,62,THR,H,64,LYS,FR3,4.68,0,1
immunogen_blind,4,39,65,ARG,L,92,SER,CDR3,3.143,1,1
immunogen_blind,4,39,65,ARG,L,93,TYR,CDR3,1.795,1,1
immunogen_blind,4,39,65,ARG,L,94,PRO,CDR3,3.164,1,1
immunogen_blind,4,39,65,ARG,L,1,ASP,FR1,4.741,0,1
immunogen_blind,4,41,67,LEU,L,91,SER,CDR3,4.692,0,1
immunogen_blind,4,43,69,PRO,L,28,ASP,CDR1,4.825,0,1
immunogen_blind,4,43,69,PRO,L,29,VAL,CDR1,4.149,1,1
immunogen_blind,4,43,69,PRO,L,30,GLY,CDR1,4.287,1,1
immunogen_blind,4,43,69,PRO,L,91,SER,CDR3,3.405,1,1
immunogen_blind,4,44,70,GLN,L,28,ASP,CDR1,1.834,1,1
immunogen_blind,4,44,70,GLN,L,27,GLN,CDR1,3.752,1,1
immunogen_blind,4,44,70,GLN,L,29,VAL,CDR1,4.072,1,1
immunogen_blind,4,47,73,ARG,L,28,ASP,CDR1,3.222,1,1
immunogen_blind,4,47,73,ARG,L,30,GLY,CDR1,3.064,1,1
immunogen_blind,4,47,73,ARG,L,68,GLY,FR3,4.198,1,1
immunogen_blind,4,47,73,ARG,L,67,SER,FR3,3.656,1,1
immunogen_blind,4,47,73,ARG,L,31,THR,CDR1,4.205,1,1
immunogen_blind,4,80,106,PHE,H,54,ASN,CDR2,4.971,0,1
immunogen_blind,4,81,107,LYS,H,56,ASP,CDR2,4.619,0,1
immunogen_blind,4,83,109,LEU,H,56,ASP,CDR2,3.88,1,1
immunogen_blind,4,84,110,ARG,H,56,ASP,CDR2,0.703,1,1
immunogen_blind,4,84,110,ARG,H,53,TYR,CDR2,4.318,1,1
immunogen_blind,4,84,110,ARG,H,54,ASN,CDR2,2.787,1,1
immunogen_blind,4,84,110,ARG,H,55,ASP,CDR2,3.496,1,1
immunogen_blind,4,85,111,SER,H,56,ASP,CDR2,2.376,1,1
immunogen_blind,4,86,112,PHE,H,56,ASP,CDR2,4.057,1,1
immunogen_blind,4,87,113,SER,H,56,ASP,CDR2,4.001,1,1
immunogen_blind,4,87,113,SER,H,53,TYR,CDR2,2.394,1,1
immunogen_blind,4,87,113,SER,H,54,ASN,CDR2,4.036,1,1
immunogen_blind,4,87,113,SER,H,52,PRO,CDR2,4.722,0,1
immunogen_blind,4,88,114,THR,H,52,PRO,CDR2,3.062,1,1
immunogen_blind,4,88,114,THR,H,53,TYR,CDR2,4.777,0,1
immunogen_blind,4,88,114,THR,H,56,ASP,CDR2,2.838,1,1
immunogen_blind,4,88,114,THR,H,57,THR,CDR2,4.81,0,1
immunogen_blind,4,88,114,THR,H,58,SER,FR3,4.14,1,1
immunogen_blind,4,88,114,THR,L,93,TYR,CDR3,4.826,0,1
immunogen_blind,4,91,117,ASN,H,100,ILE,CDR3,3.182,1,1
immunogen_blind,4,91,117,ASN,H,33,ASN,CDR1,2.449,1,1
immunogen_blind,4,91,117,ASN,H,53,TYR,CDR2,3.649,1,1
immunogen_blind,4,91,117,ASN,H,52,PRO,CDR2,4.636,0,1
immunogen_blind,4,92,118,ASN,L,93,TYR,CDR3,2.372,1,1
immunogen_blind,4,92,118,ASN,L,95,TYR,CDR3,3.627,1,1
immunogen_blind,4,94,120,ILE,H,104,TRP,CDR3,2.713,1,1
immunogen_blind,4,94,120,ILE,L,50,TRP,CDR2,4.83,0,1
immunogen_blind,4,94,120,ILE,H,100,ILE,CDR3,3.764,1,1
immunogen_blind,4,95,121,VAL,H,100,ILE,CDR3,3.974,1,1
immunogen_blind,4,95,121,VAL,H,104,TRP,CDR3,4.665,0,1
immunogen_blind,4,95,121,VAL,L,50,TRP,CDR2,2.91,1,1
immunogen_blind,4,95,121,VAL,H,98,TRP,CDR3,3.345,1,1
immunogen_blind,4,95,121,VAL,L,90,TYR,CDR3,3.431,1,1
immunogen_blind,4,95,121,VAL,L,95,TYR,CDR3,4.751,0,1
immunogen_blind,4,96,122,ILE,L,91,SER,CDR3,4.921,0,1
immunogen_blind,4,98,124,SER,H,104,TRP,CDR3,2.496,1,1
immunogen_blind,4,98,124,SER,L,50,TRP,CDR2,1.892,1,1
immunogen_blind,4,98,124,SER,L,31,THR,CDR1,4.617,0,1
immunogen_blind,4,99,125,GLN,L,50,TRP,CDR2,2.751,1,1
immunogen_blind,4,99,125,GLN,L,31,THR,CDR1,3.958,1,1
immunogen_blind,4,99,125,GLN,L,30,GLY,CDR1,4.99,0,1
immunogen_blind,4,99,125,GLN,L,32,ALA,CDR1,2.672,1,1
immunogen_blind,4,99,125,GLN,L,29,VAL,CDR1,4.463,1,1
immunogen_blind,4,99,125,GLN,L,90,TYR,CDR3,3.51,1,1
immunogen_blind,4,99,125,GLN,L,91,SER,CDR3,2.865,1,1
immunogen_blind,4,101,127,GLN,L,31,THR,CDR1,2.101,1,1
immunogen_blind,4,101,127,GLN,L,67,SER,FR3,4.103,1,1
immunogen_blind,4,101,127,GLN,L,30,GLY,CDR1,4.2,1,1
immunogen_blind,4,106,132,ASN,L,31,THR,CDR1,4.548,0,1
immunogen_blind,4,107,133,SER,L,31,THR,CDR1,4.669,0,1
immunogen_blind,4,107,133,SER,L,52,SER,CDR2,4.607,0,1
immunogen_blind,4,107,133,SER,L,53,ARG,FR3,4.205,1,1
immunogen_blind,4,108,134,MET,L,31,THR,CDR1,2.402,1,1
immunogen_blind,4,108,134,MET,L,53,ARG,FR3,3.452,1,1
immunogen_blind,4,108,134,MET,L,50,TRP,CDR2,4.338,1,1
immunogen_blind,4,109,135,LEU,L,53,ARG,FR3,2.441,1,1
immunogen_blind,4,109,135,LEU,H,104,TRP,CDR3,4.674,0,1
immunogen_blind,4,110,136,PRO,H,102,ASP,CDR3,2.866,1,1
immunogen_blind,4,110,136,PRO,H,104,TRP,CDR3,3.596,1,1
immunogen_blind,4,110,136,PRO,L,53,ARG,FR3,2.527,1,1
immunogen_blind,4,111,137,ILE,H,102,ASP,CDR3,3.252,1,1
immunogen_blind,4,111,137,ILE,H,104,TRP,CDR3,3.18,1,1
immunogen_blind,4,116,142,HIS,H,101,THR,CDR3,2.083,1,1
immunogen_blind,4,116,142,HIS,H,102,ASP,CDR3,3.829,1,1
immunogen_blind,4,119,145,PHE,H,100,ILE,CDR3,4.299,1,1
immunogen_blind,4,120,146,LEU,H,101,THR,CDR3,4.153,1,1
immunogen_blind,4,123,149,ARG,H,53,TYR,CDR2,2.274,1,1
immunogen_blind,4,123,149,ARG,H,54,ASN,CDR2,4.998,0,1
immunogen_blind,4,123,149,ARG,H,31,ASP,CDR1,1.929,1,1
immunogen_blind,4,123,149,ARG,H,30,THR,CDR1,3.473,1,1
immunogen_blind,4,123,149,ARG,H,32,TYR,CDR1,2.554,1,1
immunogen_blind,4,123,149,ARG,H,33,ASN,CDR1,3.872,1,1
immunogen_blind,4,123,149,ARG,H,100,ILE,CDR3,3.145,1,1
immunogen_blind,4,124,150,ARG,H,53,TYR,CDR2,3.986,1,1
immunogen_blind,4,126,152,PHE,H,53,TYR,CDR2,3.308,1,1
immunogen_blind,4,126,152,PHE,H,54,ASN,CDR2,2.188,1,1
immunogen_blind,4,127,153,LYS,H,53,TYR,CDR2,1.353,1,1
immunogen_blind,4,127,153,LYS,H,54,ASN,CDR2,3.645,1,1
immunogen_blind,4,127,153,LYS,H,30,THR,CDR1,2.111,1,1
immunogen_blind,4,127,153,LYS,H,31,ASP,CDR1,2.421,1,1
immunogen_blind,4,127,153,LYS,H,32,TYR,CDR1,4.773,0,1
immunogen_blind,4,130,156,ASP,H,54,ASN,CDR2,3.146,1,1
immunogen_blind,4,130,156,ASP,H,73,LYS,FR3,3.574,1,1
immunogen_blind,5,1,27,GLN,H,32,TYR,CDR1,1.94,1,1
immunogen_blind,5,1,27,GLN,H,97,ARG,CDR3,4.666,0,1
immunogen_blind,5,1,27,GLN,H,99,GLU,CDR3,3.607,1,1
immunogen_blind,5,1,27,GLN,H,101,THR,CDR3,2.749,1,1
immunogen_blind,5,2,28,GLU,H,32,TYR,CDR1,4.151,1,1
immunogen_blind,5,3,29,PHE,H,31,ASP,CDR1,2.874,1,1
immunogen_blind,5,32,58,GLN,L,31,THR,CDR1,3.721,1,1
immunogen_blind,5,32,58,GLN,L,50,TRP,CDR2,1.868,1,1
immunogen_blind,5,32,58,GLN,L,32,ALA,CDR1,3.624,1,1
immunogen_blind,5,32,58,GLN,L,29,VAL,CDR1,4.03,1,1
immunogen_blind,5,32,58,GLN,L,30,GLY,CDR1,4.322,1,1
immunogen_blind,5,32,58,GLN,L,90,TYR,CDR3,4.887,0,1
immunogen_blind,5,33,59,ASP,L,31,THR,CDR1,2.834,1,1
immunogen_blind,5,33,59,ASP,L,30,GLY,CDR1,4.918,0,1
immunogen_blind,5,36,62,THR,L,53,ARG,FR3,1.803,1,1
immunogen_blind,5,36,62,THR,L,31,THR,CDR1,4.17,1,1
immunogen_blind,5,36,62,THR,L,50,TRP,CDR2,3.72,1,1
immunogen_blind,5,37,63,SER,L,53,ARG,FR3,2.805,1,1
immunogen_blind,5,38,64,ILE,L,53,ARG,FR3,4.613,0,1
immunogen_blind,5,80,106,PHE,L,91,SER,CDR3,1.154,1,1
immunogen_blind,5,80,106,PHE,L,92,SER,CDR3,2.588,1,1
immunogen_blind,5,80,106,PHE,L,93,TYR,CDR3,4.296,1,1
immunogen_blind,5,80,106,PHE,L,90,TYR,CDR3,2.646,1,1
immunogen_blind,5,80,106,PHE,H,104,TRP,CDR3,4.221,1,1
immunogen_blind,5,80,106,PHE,L,95,TYR,CDR3,3.332,1,1
immunogen_blind,5,81,107,LYS,L,91,SER,CDR3,4.085,1,1
immunogen_blind,5,81,107,LYS,L,30,GLY,CDR1,3.92,1,1
immunogen_blind,5,81,107,LYS,L,28,ASP,CDR1,3.37,1,1
immunogen_blind,5,81,107,LYS,L,29,VAL,CDR1,4.023,1,1
immunogen_blind,5,83,109,LEU,H,104,TRP,CDR3,4.253,1,1
immunogen_blind,5,84,110,ARG,H,104,TRP,CDR3,1.151,1,1
immunogen_blind,5,84,110,ARG,L,50,TRP,CDR2,3.785,1,1
immunogen_blind,5,84,110,ARG,L,90,TYR,CDR3,2.957,1,1
immunogen_blind,5,84,110,ARG,L,91,SER,CDR3,4.672,0,1
immunogen_blind,5,84,110,ARG,L,95,TYR,CDR3,0.803,1,1
immunogen_blind,5,84,110,ARG,H,98,TRP,CDR3,3.553,1,1
immunogen_blind,5,84,110,ARG,L,93,TYR,CDR3,3.6,1,1
immunogen_blind,5,84,110,ARG,H,35,TYR,FR2,4.648,0,1
immunogen_blind,5,85,111,SER,L,50,TRP,CDR2,4.628,0,1
immunogen_blind,5,87,113,SER,H,104,TRP,CDR3,1.851,1,1
immunogen_blind,5,87,113,SER,H,100,ILE,CDR3,3.434,1,1
immunogen_blind,5,88,114,THR,H,100,ILE,CDR3,4.799,0,1
immunogen_blind,5,88,114,THR,H,104,TRP,CDR3,4.687,0,1
immunogen_blind,5,88,114,THR,H,103,PRO,CDR3,3.57,1,1
immunogen_blind,5,88,114,THR,H,101,THR,CDR3,4.165,1,1
immunogen_blind,5,88,114,THR,L,50,TRP,CDR2,3.087,1,1
immunogen_blind,5,88,114,THR,H,102,ASP,CDR3,4.911,0,1
immunogen_blind,5,90,116,ALA,H,100,ILE,CDR3,4.79,0,1
immunogen_blind,5,91,117,ASN,H,100,ILE,CDR3,0.652,1,1
immunogen_blind,5,91,117,ASN,H,101,THR,CDR3,2.086,1,1
immunogen_blind,5,91,117,ASN,H,102,ASP,CDR3,3.286,1,1
immunogen_blind,5,91,117,ASN,H,99,GLU,CDR3,4.193,1,1
immunogen_blind,5,91,117,ASN,H,103,PRO,CDR3,4.848,0,1
immunogen_blind,5,91,117,ASN,H,104,TRP,CDR3,4.259,1,1
immunogen_blind,5,92,118,ASN,H,101,THR,CDR3,3.602,1,1
immunogen_blind,5,94,120,ILE,H,101,THR,CDR3,4.944,0,1
immunogen_blind,5,95,121,VAL,H,101,THR,CDR3,2.864,1,1
immunogen_blind,5,95,121,VAL,H,102,ASP,CDR3,4.843,0,1
immunogen_blind,5,116,142,HIS,H,31,ASP,CDR1,3.5,1,1
immunogen_blind,5,119,145,PHE,H,100,ILE,CDR3,4.715,0,1
immunogen_blind,5,120,146,LEU,H,53,TYR,CDR2,3.194,1,1
immunogen_blind,5,120,146,LEU,H,54,ASN,CDR2,4.471,1,1
immunogen_blind,5,120,146,LEU,H,31,ASP,CDR1,3.419,1,1
immunogen_blind,5,120,146,LEU,H,30,THR,CDR1,4.55,0,1
immunogen_blind,5,123,149,ARG,H,53,TYR,CDR2,3.057,1,1
immunogen_blind,5,123,149,ARG,H,100,ILE,CDR3,2.369,1,1
immunogen_blind,5,123,149,ARG,H,31,ASP,CDR1,1.434,1,1
immunogen_blind,5,123,149,ARG,H,32,TYR,CDR1,2.665,1,1
immunogen_blind,5,123,149,ARG,H,33,ASN,CDR1,3.297,1,1
immunogen_blind,5,123,149,ARG,H,30,THR,CDR1,4.091,1,1
immunogen_blind,5,124,150,ARG,H,53,TYR,CDR2,3.521,1,1
immunogen_blind,5,124,150,ARG,H,54,ASN,CDR2,3.267,1,1
immunogen_blind,5,124,150,ARG,H,56,ASP,CDR2,4.517,0,1
immunogen_blind,5,126,152,PHE,H,104,TRP,CDR3,3.148,1,1
immunogen_blind,5,127,153,LYS,H,33,ASN,CDR1,3.706,1,1
immunogen_blind,5,127,153,LYS,H,53,TYR,CDR2,4.333,1,1
immunogen_blind,5,127,153,LYS,H,104,TRP,CDR3,3.373,1,1
immunogen_blind,5,127,153,LYS,H,98,TRP,CDR3,3.634,1,1
immunogen_blind,5,127,153,LYS,H,100,ILE,CDR3,3.588,1,1
immunogen_blind,5,127,153,LYS,H,35,TYR,FR2,4.076,1,1
immunogen_blind,5,128,154,GLN,H,56,ASP,CDR2,3.242,1,1
immunogen_blind,5,130,156,ASP,L,93,TYR,CDR3,3.353,1,1
immunogen_blind,5,130,156,ASP,H,104,TRP,CDR3,2.511,1,1
immunogen_blind,5,130,156,ASP,L,95,TYR,CDR3,3.749,1,1
immunogen_blind,5,131,157,THR,L,93,TYR,CDR3,4.016,1,1
immunogen_blind,5,131,157,THR,H,58,SER,FR3,2.747,1,1
immunogen_blind,5,131,157,THR,H,57,THR,CDR2,4.05,1,1
immunogen_blind,5,134,160,ALA,L,93,TYR,CDR3,1.92,1,1
immunogen_blind,6,30,56,GLN,H,56,ASP,CDR2,4.192,1,1
immunogen_blind,6,31,57,THR,H,56,ASP,CDR2,3.387,1,1
immunogen_blind,6,31,57,THR,H,58,SER,FR3,4.502,0,1
immunogen_blind,6,32,58,GLN,H,33,ASN,CDR1,3.398,1,1
immunogen_blind,6,32,58,GLN,H,35,TYR,FR2,3.138,1,1
immunogen_blind,6,32,58,GLN,H,50,ILE,CDR2,3.895,1,1
immunogen_blind,6,32,58,GLN,L,93,TYR,CDR3,3.977,1,1
immunogen_blind,6,32,58,GLN,L,95,TYR,CDR3,4.506,0,1
immunogen_blind,6,32,58,GLN,H,98,TRP,CDR3,2.716,1,1
immunogen_blind,6,32,58,GLN,H,100,ILE,CDR3,2.568,1,1
immunogen_blind,6,32,58,GLN,H,104,TRP,CDR3,4.823,0,1
immunogen_blind,6,33,59,ASP,H,35,TYR,FR2,3.789,1,1
immunogen_blind,6,33,59,ASP,H,50,ILE,CDR2,3.006,1,1
immunogen_blind,6,33,59,ASP,L,93,TYR,CDR3,1.782,1,1
immunogen_blind,6,33,59,ASP,L,95,TYR,CDR3,4.495,1,1
immunogen_blind,6,33,59,ASP,H,58,SER,FR3,1.886,1,1
immunogen_blind,6,33,59,ASP,H,47,TRP,FR2,4.521,0,1
immunogen_blind,6,33,59,ASP,H,57,THR,CDR2,4.68,0,1
immunogen_blind,6,33,59,ASP,H,59,TYR,FR3,4.948,0,1
immunogen_blind,6,34,60,ASP,L,93,TYR,CDR3,4.292,1,1
immunogen_blind,6,35,61,ILE,H,104,TRP,CDR3,2.482,1,1
immunogen_blind,6,35,61,ILE,H,100,ILE,CDR3,4.543,0,1
immunogen_blind,6,36,62,THR,H,104,TRP,CDR3,4.27,1,1
immunogen_blind,6,36,62,THR,L,95,TYR,CDR3,1.407,1,1
immunogen_blind,6,36,62,THR,L,90,TYR,CDR3,2.842,1,1
immunogen_blind,6,36,62,THR,L,91,SER,CDR3,2.885,1,1
immunogen_blind,6,36,62,THR,L,92,SER,CDR3,3.353,1,1
immunogen_blind,6,36,62,THR,L,93,TYR,CDR3,3.071,1,1
immunogen_blind,6,36,62,THR,H,98,TRP,CDR3,3.351,1,1
immunogen_blind,6,36,62,THR,H,35,TYR,FR2,4.521,0,1
immunogen_blind,6,37,63,SER,L,91,SER,CDR3,3.422,1,1
immunogen_blind,6,37,63,SER,L,92,SER,CDR3,3.435,1,1
immunogen_blind,6,37,63,SER,L,93,TYR,CDR3,3.343,1,1
immunogen_blind,6,37,63,SER,L,95,TYR,CDR3,4.322,1,1
immunogen_blind,6,38,64,ILE,L,91,SER,CDR3,4.094,1,1
immunogen_blind,6,39,65,ARG,L,29,VAL,CDR1,2.764,1,1
immunogen_blind,6,39,65,ARG,L,91,SER,CDR3,3.418,1,1
immunogen_blind,6,39,65,ARG,L,30,GLY,CDR1,3.262,1,1
immunogen_blind,6,39,65,ARG,L,32,ALA,CDR1,4.242,1,1
immunogen_blind,6,39,65,ARG,L,31,THR,CDR1,4.68,0,1
immunogen_blind,6,39,65,ARG,L,50,TRP,CDR2,4.712,0,1
immunogen_blind,6,39,65,ARG,L,28,ASP,CDR1,4.422,1,1
immunogen_blind,6,40,66,LEU,H,104,TRP,CDR3,4.07,1,1
immunogen_blind,6,53,79,GLU,L,53,ARG,FR3,4.726,0,1
immunogen_blind,6,53,79,GLU,L,31,THR,CDR1,4.259,1,1
immunogen_blind,6,53,79,GLU,L,50,TRP,CDR2,4.097,1,1
immunogen_blind,6,54,80,SER,L,53,ARG,FR3,4.927,0,1
immunogen_blind,6,56,82,TYR,H,104,TRP,CDR3,2.459,1,1
immunogen_blind,6,56,82,TYR,L,50,TRP,CDR2,3.481,1,1
immunogen_blind,6,57,83,LEU,H,104,TRP,CDR3,3.577,1,1
immunogen_blind,6,57,83,LEU,L,50,TRP,CDR2,4.539,0,1
immunogen_blind,6,57,83,LEU,H,100,ILE,CDR3,4.734,0,1
immunogen_blind,6,57,83,LEU,H,101,THR,CDR3,4.885,0,1
immunogen_blind,6,57,83,LEU,H,103,PRO,CDR3,4.432,1,1
immunogen_blind,6,57,83,LEU,H,102,ASP,CDR3,4.123,1,1
immunogen_blind,6,57,83,LEU,L,53,ARG,FR3,4.469,1,1
immunogen_blind,6,60,86,SER,H,104,TRP,CDR3,2.461,1,1
immunogen_blind,6,60,86,SER,H,100,ILE,CDR3,4.974,0,1
immunogen_blind,6,61,87,LEU,H,104,TRP,CDR3,4.078,1,1
immunogen_blind,6,61,87,LEU,H,100,ILE,CDR3,1.47,1,1
immunogen_blind,6,61,87,LEU,H,101,THR,CDR3,2.658,1,1
immunogen_blind,6,61,87,LEU,H,102,ASP,CDR3,4.371,1,1
immunogen_blind,6,64,90,PHE,H,53,TYR,CDR2,3.394,1,1
immunogen_blind,6,64,90,PHE,H,100,ILE,CDR3,4.09,1,1
immunogen_blind,6,64,90,PHE,H,33,ASN,CDR1,2.854,1,1
immunogen_blind,6,64,90,PHE,H,31,ASP,CDR1,4.392,1,1
immunogen_blind,6,65,91,TYR,H,31,ASP,CDR1,2.991,1,1
immunogen_blind,6,65,91,TYR,H,53,TYR,CDR2,4.26,1,1
immunogen_blind,6,65,91,TYR,H,100,ILE,CDR3,4.066,1,1
immunogen_blind,6,65,91,TYR,H,101,THR,CDR3,3.289,1,1
immunogen_blind,6,65,91,TYR,H,32,TYR,CDR1,4.861,0,1
immunogen_blind,6,68,94,THR,H,53,TYR,CDR2,2.355,1,1
immunogen_blind,6,68,94,THR,H,54,ASN,CDR2,3.239,1,1
immunogen_blind,6,71,97,LYS,H,54,ASN,CDR2,3.76,1,1
immunogen_blind,6,71,97,LYS,H,56,ASP,CDR2,2.839,1,1
immunogen_blind,6,72,98,ASN,H,54,ASN,CDR2,2.492,1,1
immunogen_blind,6,103,129,SER,L,53,ARG,FR3,4.72,0,1
immunogen_blind,6,106,132,ASN,L,31,THR,CDR1,4.872,0,1
immunogen_blind,6,107,133,SER,L,31,THR,CDR1,3.681,1,1
immunogen_blind,6,107,133,SER,L,53,ARG,FR3,3.052,1,1
immunogen_blind,6,107,133,SER,L,50,TRP,CDR2,4.765,0,1
immunogen_blind,6,107,133,SER,L,52,SER,CDR2,4.542,0,1
immunogen_blind,6,108,134,MET,L,31,THR,CDR1,4.892,0,1
immunogen_blind,6,108,134,MET,L,50,TRP,CDR2,3.978,1,1
immunogen_blind,6,108,134,MET,L,53,ARG,FR3,0.258,1,1
immunogen_blind,6,109,135,LEU,L,53,ARG,FR3,1.237,1,1
immunogen_blind,6,110,136,PRO,L,53,ARG,FR3,3.484,1,1
immunogen_blind,6,110,136,PRO,H,102,ASP,CDR3,4.694,0,1
immunogen_blind,6,110,136,PRO,L,49,TYR,FR2,3.887,1,1
immunogen_blind,6,111,137,ILE,H,102,ASP,CDR3,3.717,1,1
immunogen_blind,6,111,137,ILE,H,101,THR,CDR3,4.348,1,1
immunogen_blind,6,116,142,HIS,H,102,ASP,CDR3,4.254,1,1
immunogen_blind,6,116,142,HIS,H,101,THR,CDR3,4.113,1,1
immunogen_blind,6,119,145,PHE,H,101,THR,CDR3,2.76,1,1
immunogen_blind,6,120,146,LEU,H,101,THR,CDR3,4.964,0,1
immunogen_blind,6,123,149,ARG,H,31,ASP,CDR1,2.0,1,1
immunogen_blind,6,123,149,ARG,H,101,THR,CDR3,3.528,1,1
immunogen_blind,6,123,149,ARG,H,32,TYR,CDR1,3.282,1,1
immunogen_blind,6,123,149,ARG,H,28,SER,CDR1,4.61,0,1
immunogen_blind,6,127,153,LYS,H,31,ASP,CDR1,2.573,1,1
immunogen_blind,6,127,153,LYS,H,30,THR,CDR1,3.815,1,1
immunogen_blind,6,127,153,LYS,H,53,TYR,CDR2,4.432,1,1
immunogen_blind,7,1,27,GLN,H,54,ASN,CDR2,4.262,1,1
immunogen_blind,7,2,28,GLU,H,55,ASP,CDR2,3.38,1,1
immunogen_blind,7,2,28,GLU,H,56,ASP,CDR2,3.699,1,1
immunogen_blind,7,2,28,GLU,H,57,THR,CDR2,2.521,1,1
immunogen_blind,7,2,28,GLU,H,58,SER,FR3,4.432,1,1
immunogen_blind,7,3,29,PHE,H,56,ASP,CDR2,2.012,1,1
immunogen_blind,7,3,29,PHE,H,57,THR,CDR2,4.941,0,1
immunogen_blind,7,4,30,ARG,H,56,ASP,CDR2,3.941,1,1
immunogen_blind,7,4,30,ARG,H,57,THR,CDR2,3.619,1,1
immunogen_blind,7,4,30,ARG,H,58,SER,FR3,4.568,0,1
immunogen_blind,7,4,30,ARG,L,93,TYR,CDR3,4.689,0,1
immunogen_blind,7,4,30,ARG,H,64,LYS,FR3,4.121,1,1
immunogen_blind,7,5,31,SER,H,58,SER,FR3,4.775,0,1
immunogen_blind,7,5,31,SER,L,93,TYR,CDR3,2.431,1,1
immunogen_blind,7,5,31,SER,L,95,TYR,CDR3,4.777,0,1
immunogen_blind,7,5,31,SER,H,56,ASP,CDR2,4.956,0,1
immunogen_blind,7,6,32,GLY,H,58,SER,FR3,4.46,1,1
immunogen_blind,7,6,32,GLY,L,93,TYR,CDR3,1.624,1,1
immunogen_blind,7,6,32,GLY,L,92,SER,CDR3,4.457,1,1
immunogen_blind,7,7,33,SER,L,93,TYR,CDR3,3.945,1,1
immunogen_blind,7,51,77,GLY,L,91,SER,CDR3,4.949,0,1
immunogen_blind,7,52,78,ALA,L,90,TYR,CDR3,2.533,1,1
immunogen_blind,7,52,78,ALA,L,91,SER,CDR3,3.189,1,1
immunogen_blind,7,52,78,ALA,L,95,TYR,CDR3,4.637,0,1
immunogen_blind,7,52,78,ALA,L,32,ALA,CDR1,4.953,0,1
immunogen_blind,7,52,78,ALA,L,92,SER,CDR3,4.272,1,1
immunogen_blind,7,53,79,GLU,L,50,TRP,CDR2,2.098,1,1
immunogen_blind,7,53,79,GLU,L,90,TYR,CDR3,4.567,0,1
immunogen_blind,7,53,79,GLU,H,100,ILE,CDR3,4.195,1,1
immunogen_blind,7,53,79,GLU,H,104,TRP,CDR3,4.088,1,1
immunogen_blind,7,53,79,GLU,L,32,ALA,CDR1,4.281,1,1
immunogen_blind,7,56,82,TYR,H,100,ILE,CDR3,2.095,1,1
immunogen_blind,7,56,82,TYR,H,98,TRP,CDR3,4.268,1,1
immunogen_blind,7,56,82,TYR,L,95,TYR,CDR3,1.476,1,1
immunogen_blind,7,56,82,TYR,L,93,TYR,CDR3,1.547,1,1
immunogen_blind,7,56,82,TYR,H,35,TYR,FR2,3.418,1,1
immunogen_blind,7,56,82,TYR,L,90,TYR,CDR3,4.479,1,1
immunogen_blind,7,57,83,LEU,H,100,ILE,CDR3,3.071,1,1
immunogen_blind,7,57,83,LEU,H,104,TRP,CDR3,3.338,1,1
immunogen_blind,7,57,83,LEU,H,101,THR,CDR3,4.702,0,1
immunogen_blind,7,59,85,HIS,H,56,ASP,CDR2,2.12,1,1
immunogen_blind,7,60,86,SER,H,100,ILE,CDR3,2.786,1,1
immunogen_blind,7,62,88,LEU,H,54,ASN,CDR2,4.974,0,1
immunogen_blind,7,63,89,LYS,H,54,ASN,CDR2,3.984,1,1
immunogen_blind,7,63,89,LYS,H,53,TYR,CDR2,2.581,1,1
immunogen_blind,7,63,89,LYS,H,56,ASP,CDR2,3.375,1,1
immunogen_blind,7,63,89,LYS,H,33,ASN,CDR1,2.317,1,1
immunogen_blind,7,63,89,LYS,H,50,ILE,CDR2,4.463,1,1
immunogen_blind,7,63,89,LYS,H,51,ASP,CDR2,4.903,0,1
immunogen_blind,7,64,90,PHE,H,53,TYR,CDR2,4.03,1,1
immunogen_blind,7,64,90,PHE,H,31,ASP,CDR1,2.689,1,1
immunogen_blind,7,66,92,LEU,H,54,ASN,CDR2,4.212,1,1
immunogen_blind,7,67,93,ASN,H,54,ASN,CDR2,2.44,1,1
immunogen_blind,7,67,93,ASN,H,53,TYR,CDR2,2.937,1,1
immunogen_blind,7,68,94,THR,H,31,ASP,CDR1,4.27,1,1
immunogen_blind,7,68,94,THR,H,53,TYR,CDR2,4.095,1,1
immunogen_blind,7,71,97,LYS,H,54,ASN,CDR2,2.672,1,1
immunogen_blind,7,104,130,LYS,L,28,ASP,CDR1,4.062,1,1
immunogen_blind,7,107,133,SER,L,28,ASP,CDR1,3.701,1,1
immunogen_blind,7,108,134,MET,L,91,SER,CDR3,1.542,1,1
immunogen_blind,7,108,134,MET,L,29,VAL,CDR1,3.258,1,1
immunogen_blind,7,108,134,MET,L,30,GLY,CDR1,4.013,1,1
immunogen_blind,7,108,134,MET,L,32,ALA,CDR1,4.599,0,1
immunogen_blind,7,108,134,MET,L,92,SER,CDR3,3.768,1,1
immunogen_blind,7,109,135,LEU,L,30,GLY,CDR1,4.141,1,1
immunogen_blind,7,109,135,LEU,L,50,TRP,CDR2,4.601,0,1
immunogen_blind,7,110,136,PRO,L,31,THR,CDR1,2.839,1,1
immunogen_blind,7,110,136,PRO,L,50,TRP,CDR2,2.986,1,1
immunogen_blind,7,110,136,PRO,L,30,GLY,CDR1,4.603,0,1
immunogen_blind,7,111,137,ILE,H,104,TRP,CDR3,2.301,1,1
immunogen_blind,7,111,137,ILE,L,50,TRP,CDR2,3.778,1,1
immunogen_blind,7,111,137,ILE,L,53,ARG,FR3,4.85,0,1
immunogen_blind,7,112,138,SER,L,53,ARG,FR3,4.958,0,1
immunogen_blind,7,112,138,SER,H,104,TRP,CDR3,4.867,0,1
immunogen_blind,7,113,139,GLU,L,53,ARG,FR3,2.49,1,1
immunogen_blind,7,116,142,HIS,H,104,TRP,CDR3,2.374,1,1
immunogen_blind,7,116,142,HIS,H,101,THR,CDR3,2.681,1,1
immunogen_blind,7,116,142,HIS,L,53,ARG,FR3,4.564,0,1
immunogen_blind,7,116,142,HIS,H,102,ASP,CDR3,2.557,1,1
immunogen_blind,7,116,142,HIS,H,100,ILE,CDR3,4.942,0,1
immunogen_blind,7,116,142,HIS,H,103,PRO,CDR3,4.704,0,1
immunogen_blind,7,119,145,PHE,H,101,THR,CDR3,2.983,1,1
immunogen_blind,7,119,145,PHE,H,100,ILE,CDR3,4.207,1,1
immunogen_blind,7,119,145,PHE,H,104,TRP,CDR3,4.996,0,1
immunogen_blind,7,120,146,LEU,H,101,THR,CDR3,3.379,1,1
immunogen_blind,7,120,146,LEU,H,102,ASP,CDR3,2.556,1,1
immunogen_blind,7,123,149,ARG,H,101,THR,CDR3,4.076,1,1
immunogen_blind,7,123,149,ARG,H,31,ASP,CDR1,2.56,1,1
immunogen_blind,7,123,149,ARG,H,32,TYR,CDR1,4.061,1,1
immunogen_blind,7,127,153,LYS,H,31,ASP,CDR1,1.912,1,1
immunogen_blind,7,127,153,LYS,H,28,SER,CDR1,4.332,1,1
immunogen_blind,8,31,57,THR,H,53,TYR,CDR2,4.626,0,1
immunogen_blind,8,31,57,THR,H,52,PRO,CDR2,4.894,0,1
immunogen_blind,8,31,57,THR,H,56,ASP,CDR2,4.152,1,1
immunogen_blind,8,32,58,GLN,H,53,TYR,CDR2,4.205,1,1
immunogen_blind,8,32,58,GLN,H,100,ILE,CDR3,4.161,1,1
immunogen_blind,8,33,59,ASP,H,53,TYR,CDR2,3.919,1,1
immunogen_blind,8,33,59,ASP,H,100,ILE,CDR3,4.158,1,1
immunogen_blind,8,33,59,ASP,H,33,ASN,CDR1,2.263,1,1
immunogen_blind,8,33,59,ASP,L,93,TYR,CDR3,3.409,1,1
immunogen_blind,8,33,59,ASP,H,35,TYR,FR2,3.25,1,1
immunogen_blind,8,33,59,ASP,H,50,ILE,CDR2,2.43,1,1
immunogen_blind,8,33,59,ASP,H,52,PRO,CDR2,4.085,1,1
immunogen_blind,8,33,59,ASP,H,98,TRP,CDR3,4.133,1,1
immunogen_blind,8,34,60,ASP,L,93,TYR,CDR3,3.523,1,1
immunogen_blind,8,35,61,ILE,H,104,TRP,CDR3,4.666,0,1
immunogen_blind,8,36,62,THR,H,98,TRP,CDR3,3.308,1,1
immunogen_blind,8,36,62,THR,H,100,ILE,CDR3,2.44,1,1
immunogen_blind,8,36,62,THR,H,104,TRP,CDR3,3.617,1,1
immunogen_blind,8,37,63,SER,H,98,TRP,CDR3,2.844,1,1
immunogen_blind,8,37,63,SER,L,95,TYR,CDR3,2.369,1,1
immunogen_blind,8,37,63,SER,H,35,TYR,FR2,2.785,1,1
immunogen_blind,8,37,63,SER,L,93,TYR,CDR3,3.565,1,1
immunogen_blind,8,37,63,SER,L,90,TYR,CDR3,2.869,1,1
immunogen_blind,8,37,63,SER,H,50,ILE,CDR2,4.659,0,1
immunogen_blind,8,38,64,ILE,L,90,TYR,CDR3,3.801,1,1
immunogen_blind,8,38,64,ILE,L,95,TYR,CDR3,3.65,1,1
immunogen_blind,8,38,64,ILE,L,91,SER,CDR3,3.11,1,1
immunogen_blind,8,38,64,ILE,L,92,SER,CDR3,4.464,1,1
immunogen_blind,8,38,64,ILE,L,93,TYR,CDR3,3.575,1,1
immunogen_blind,8,39,65,ARG,L,90,TYR,CDR3,3.468,1,1
immunogen_blind,8,39,65,ARG,L,91,SER,CDR3,3.182,1,1
immunogen_blind,8,39,65,ARG,L,92,SER,CDR3,4.788,0,1
immunogen_blind,8,39,65,ARG,L,32,ALA,CDR1,3.435,1,1
immunogen_blind,8,39,65,ARG,L,50,TRP,CDR2,4.391,1,1
immunogen_blind,8,39,65,ARG,L,29,VAL,CDR1,2.699,1,1
immunogen_blind,8,39,65,ARG,L,30,GLY,CDR1,2.696,1,1
immunogen_blind,8,39,65,ARG,L,31,THR,CDR1,3.503,1,1
immunogen_blind,8,39,65,ARG,L,28,ASP,CDR1,4.205,1,1
immunogen_blind,8,41,67,LEU,L,91,SER,CDR3,4.751,0,1
immunogen_blind,8,43,69,PRO,L,30,GLY,CDR1,4.691,0,1
immunogen_blind,8,43,69,PRO,L,28,ASP,CDR1,4.888,0,1
immunogen_blind,8,44,70,GLN,L,28,ASP,CDR1,3.433,1,1
immunogen_blind,8,100,126,LEU,H,104,TRP,CDR3,3.977,1,1
immunogen_blind,8,103,129,SER,L,31,THR,CDR1,3.035,1,1
immunogen_blind,8,103,129,SER,L,50,TRP,CDR2,4.963,0,1
immunogen_blind,8,104,130,LYS,L,52,SER,CDR2,4.281,1,1
immunogen_blind,8,105,131,ASP,L,31,THR,CDR1,2.774,1,1
immunogen_blind,8,105,131,ASP,L,67,SER,FR3,2.605,1,1
immunogen_blind,8,105,131,ASP,L,30,GLY,CDR1,3.741,1,1
immunogen_blind,8,105,131,ASP,L,68,GLY,FR3,4.141,1,1
immunogen_blind,8,107,133,SER,L,31,THR,CDR1,2.951,1,1
immunogen_blind,8,107,133,SER,L,30,GLY,CDR1,3.911,1,1
immunogen_blind,8,107,133,SER,L,50,TRP,CDR2,4.73,0,1
immunogen_blind,8,108,134,MET,L,50,TRP,CDR2,3.006,1,1
immunogen_blind,8,108,134,MET,H,104,TRP,CDR3,4.366,1,1
immunogen_blind,8,108,134,MET,L,31,THR,CDR1,4.708,0,1
immunogen_blind,8,109,135,LEU,L,50,TRP,CDR2,3.571,1,1
immunogen_blind,8,109,135,LEU,H,104,TRP,CDR3,3.904,1,1
immunogen_blind,8,109,135,LEU,L,53,ARG,FR3,3.217,1,1
immunogen_blind,8,110,136,PRO,H,104,TRP,CDR3,3.974,1,1
immunogen_blind,8,110,136,PRO,L,50,TRP,CDR2,2.601,1,1
immunogen_blind,8,110,136,PRO,H,102,ASP,CDR3,3.923,1,1
immunogen_blind,8,110,136,PRO,H,101,THR,CDR3,4.98,0,1
immunogen_blind,8,110,136,PRO,H,103,PRO,CDR3,3.989,1,1
immunogen_blind,8,110,136,PRO,L,49,TYR,FR2,2.935,1,1
immunogen_blind,8,110,136,PRO,L,53,ARG,FR3,4.565,0,1
immunogen_blind,8,111,137,ILE,H,101,THR,CDR3,4.254,1,1
immunogen_blind,8,111,137,ILE,H,102,ASP,CDR3,1.874,1,1
immunogen_blind,8,111,137,ILE,H,104,TRP,CDR3,3.795,1,1
immunogen_blind,8,111,137,ILE,H,100,ILE,CDR3,4.215,1,1
immunogen_blind,8,112,138,SER,H,102,ASP,CDR3,3.322,1,1
immunogen_blind,8,113,139,GLU,H,102,ASP,CDR3,4.405,1,1
immunogen_blind,8,116,142,HIS,H,101,THR,CDR3,2.175,1,1
immunogen_blind,8,116,142,HIS,H,102,ASP,CDR3,4.268,1,1
immunogen_blind,8,116,142,HIS,H,32,TYR,CDR1,3.389,1,1
immunogen_blind,8,116,142,HIS,H,99,GLU,CDR3,3.964,1,1
immunogen_blind,8,119,145,PHE,H,101,THR,CDR3,3.453,1,1
immunogen_blind,8,119,145,PHE,H,100,ILE,CDR3,3.479,1,1
immunogen_blind,8,120,146,LEU,H,31,ASP,CDR1,3.14,1,1
immunogen_blind,8,123,149,ARG,H,53,TYR,CDR2,2.443,1,1
immunogen_blind,8,123,149,ARG,H,30,THR,CDR1,2.979,1,1
immunogen_blind,8,123,149,ARG,H,31,ASP,CDR1,1.941,1,1
immunogen_blind,8,123,149,ARG,H,100,ILE,CDR3,4.321,1,1
immunogen_blind,8,123,149,ARG,H,32,TYR,CDR1,2.979,1,1
immunogen_blind,8,123,149,ARG,H,33,ASN,CDR1,4.087,1,1
immunogen_blind,8,124,150,ARG,H,53,TYR,CDR2,4.996,0,1
immunogen_blind,8,124,150,ARG,H,31,ASP,CDR1,3.476,1,1
immunogen_blind,8,126,152,PHE,H,53,TYR,CDR2,3.18,1,1
immunogen_blind,8,126,152,PHE,H,54,ASN,CDR2,3.432,1,1
immunogen_blind,8,127,153,LYS,H,53,TYR,CDR2,2.481,1,1
immunogen_blind,8,127,153,LYS,H,54,ASN,CDR2,2.984,1,1
immunogen_blind,8,127,153,LYS,H,30,THR,CDR1,4.784,0,1
immunogen_blind,8,127,153,LYS,H,55,ASP,CDR2,4.81,0,1
immunogen_blind,8,127,153,LYS,H,73,LYS,FR3,4.451,1,1
immunogen_blind,8,130,156,ASP,H,54,ASN,CDR2,3.195,1,1
immunogen_blind,8,130,156,ASP,H,53,TYR,CDR2,4.811,0,1
immunogen_blind,9,43,69,PRO,H,54,ASN,CDR2,4.521,0,1
immunogen_blind,9,44,70,GLN,H,56,ASP,CDR2,4.62,0,1
immunogen_blind,9,45,71,VAL,H,56,ASP,CDR2,4.179,1,1
immunogen_blind,9,45,71,VAL,H,55,ASP,CDR2,3.097,1,1
immunogen_blind,9,45,71,VAL,H,54,ASN,CDR2,4.506,0,1
immunogen_blind,9,46,72,LEU,H,56,ASP,CDR2,3.406,1,1
immunogen_blind,9,46,72,LEU,H,55,ASP,CDR2,4.787,0,1
immunogen_blind,9,46,72,LEU,H,57,THR,CDR2,4.088,1,1
immunogen_blind,9,47,73,ARG,H,57,THR,CDR2,4.058,1,1
immunogen_blind,9,48,74,ASN,H,64,LYS,FR3,4.519,0,1
immunogen_blind,9,49,75,VAL,L,93,TYR,CDR3,3.714,1,1
immunogen_blind,9,49,75,VAL,H,58,SER,FR3,4.519,0,1
immunogen_blind,9,51,77,GLY,L,92,SER,CDR3,4.49,1,1
immunogen_blind,9,51,77,GLY,L,93,TYR,CDR3,4.115,1,1
immunogen_blind,9,52,78,ALA,L,91,SER,CDR3,2.321,1,1
immunogen_blind,9,52,78,ALA,L,92,SER,CDR3,4.114,1,1
immunogen_blind,9,52,78,ALA,H,104,TRP,CDR3,4.066,1,1
immunogen_blind,9,53,79,GLU,H,104,TRP,CDR3,1.453,1,1
immunogen_blind,9,53,79,GLU,L,90,TYR,CDR3,0.898,1,1
immunogen_blind,9,53,79,GLU,L,91,SER,CDR3,2.177,1,1
immunogen_blind,9,53,79,GLU,L,92,SER,CDR3,2.961,1,1
immunogen_blind,9,53,79,GLU,L,95,TYR,CDR3,3.124,1,1
immunogen_blind,9,53,79,GLU,H,98,TRP,CDR3,4.366,1,1
immunogen_blind,9,53,79,GLU,L,32,ALA,CDR1,4.799,0,1
immunogen_blind,9,53,79,GLU,L,89,GLN,CDR3,4.502,0,1
immunogen_blind,9,54,80,SER,H,104,TRP,CDR3,2.132,1,1
immunogen_blind,9,55,81,CYS,H,104,TRP,CDR3,4.233,1,1
immunogen_blind,9,56,82,TYR,H,104,TRP,CDR3,4.556,0,1
immunogen_blind,9,56,82,TYR,L,93,TYR,CDR3,3.879,1,1
immunogen_blind,9,56,82,TYR,H,33,ASN,CDR1,2.57,1,1
immunogen_blind,9,56,82,TYR,H,35,TYR,FR2,4.141,1,1
immunogen_blind,9,56,82,TYR,H,50,ILE,CDR2,3.067,1,1
immunogen_blind,9,56,82,TYR,H,100,ILE,CDR3,4.242,1,1
immunogen_blind,9,56,82,TYR,H,56,ASP,CDR2,4.185,1,1
immunogen_blind,9,56,82,TYR,H,53,TYR,CDR2,3.33,1,1
immunogen_blind,9,56,82,TYR,H,51,ASP,CDR2,4.618,0,1
immunogen_blind,9,57,83,LEU,H,104,TRP,CDR3,2.148,1,1
immunogen_blind,9,57,83,LEU,H,100,ILE,CDR3,2.551,1,1
immunogen_blind,9,57,83,LEU,H,101,THR,CDR3,4.366,1,1
immunogen_blind,9,58,84,ALA,H,104,TRP,CDR3,4.948,0,1
immunogen_blind,9,59,85,HIS,H,56,ASP,CDR2,3.479,1,1
immunogen_blind,9,60,86,SER,H,53,TYR,CDR2,3.068,1,1
immunogen_blind,9,60,86,SER,H,100,ILE,CDR3,2.471,1,1
immunogen_blind,9,60,86,SER,H,33,ASN,CDR1,4.58,0,1
immunogen_blind,9,61,87,LEU,H,101,THR,CDR3,4.1,1,1
immunogen_blind,9,63,89,LYS,H,54,ASN,CDR2,3.389,1,1
immunogen_blind,9,63,89,LYS,H,53,TYR,CDR2,2.666,1,1
immunogen_blind,9,63,89,LYS,H,56,ASP,CDR2,1.335,1,1
immunogen_blind,9,64,90,PHE,H,53,TYR,CDR2,2.412,1,1
immunogen_blind,9,64,90,PHE,H,31,ASP,CDR1,2.251,1,1
immunogen_blind,9,64,90,PHE,H,30,THR,CDR1,4.509,0,1
immunogen_blind,9,67,93,ASN,H,54,ASN,CDR2,2.347,1,1
immunogen_blind,9,68,94,THR,H,31,ASP,CDR1,4.867,0,1
immunogen_blind,9,104,130,LYS,L,28,ASP,CDR1,3.884,1,1
immunogen_blind,9,105,131,ASP,L,27,GLN,CDR1,3.12,1,1
immunogen_blind,9,107,133,SER,L,91,SER,CDR3,3.569,1,1
immunogen_blind,9,107,133,SER,L,92,SER,CDR3,3.168,1,1
immunogen_blind,9,108,134,MET,L,91,SER,CDR3,3.228,1,1
immunogen_blind,9,109,135,LEU,L,28,ASP,CDR1,4.109,1,1
immunogen_blind,9,109,135,LEU,L,29,VAL,CDR1,4.235,1,1
immunogen_blind,9,109,135,LEU,L,30,GLY,CDR1,4.075,1,1
immunogen_blind,9,110,136,PRO,L,29,VAL,CDR1,3.358,1,1
immunogen_blind,9,110,136,PRO,L,32,ALA,CDR1,3.087,1,1
immunogen_blind,9,110,136,PRO,L,50,TRP,CDR2,2.334,1,1
immunogen_blind,9,110,136,PRO,L,31,THR,CDR1,3.387,1,1
immunogen_blind,9,110,136,PRO,L,30,GLY,CDR1,3.855,1,1
immunogen_blind,9,110,136,PRO,L,91,SER,CDR3,4.734,0,1
immunogen_blind,9,111,137,ILE,L,50,TRP,CDR2,3.967,1,1
immunogen_blind,9,111,137,ILE,L,31,THR,CDR1,4.968,0,1
immunogen_blind,9,113,139,GLU,L,53,ARG,FR3,3.294,1,1
immunogen_blind,9,116,142,HIS,L,53,ARG,FR3,2.267,1,1
immunogen_blind,9,116,142,HIS,H,102,ASP,CDR3,2.984,1,1
immunogen_blind,9,116,142,HIS,L,50,TRP,CDR2,3.387,1,1
immunogen_blind,9,116,142,HIS,H,103,PRO,CDR3,3.753,1,1
immunogen_blind,9,116,142,HIS,H,101,THR,CDR3,4.819,0,1
immunogen_blind,9,116,142,HIS,L,49,TYR,FR2,4.106,1,1
immunogen_blind,9,117,143,GLN,L,53,ARG,FR3,3.408,1,1
immunogen_blind,9,119,145,PHE,H,101,THR,CDR3,1.83,1,1
immunogen_blind,9,119,145,PHE,H,100,ILE,CDR3,3.085,1,1
immunogen_blind,9,119,145,PHE,H,102,ASP,CDR3,3.577,1,1
immunogen_blind,9,120,146,LEU,H,101,THR,CDR3,4.077,1,1
immunogen_blind,9,120,146,LEU,H,102,ASP,CDR3,2.559,1,1
immunogen_blind,9,120,146,LEU,L,53,ARG,FR3,4.134,1,1
immunogen_blind,9,123,149,ARG,H,101,THR,CDR3,3.397,1,1
immunogen_blind,9,123,149,ARG,H,32,TYR,CDR1,3.047,1,1
immunogen_blind,9,123,149,ARG,H,31,ASP,CDR1,4.079,1,1
immunogen_blind,9,126,152,PHE,H,31,ASP,CDR1,4.851,0,1
immunogen_blind,9,127,153,LYS,H,31,ASP,CDR1,3.29,1,1
immunogen_blind,9,127,153,LYS,H,32,TYR,CDR1,4.35,1,1
immunogen_blind,9,130,156,ASP,H,31,ASP,CDR1,4.891,0,1
native_blind,1,32,58,GLN,H,56,ASP,CDR2,4.546,0,1
native_blind,1,33,59,ASP,H,54,ASN,CDR2,3.792,1,1
native_blind,1,33,59,ASP,H,56,ASP,CDR2,3.866,1,1
native_blind,1,75,101,SER,H,31,ASP,CDR1,3.188,1,1
native_blind,1,75,101,SER,H,30,THR,CDR1,3.883,1,1
native_blind,1,75,101,SER,H,53,TYR,CDR2,3.804,1,1
native_blind,1,76,102,LYS,H,31,ASP,CDR1,4.18,1,1
native_blind,1,76,102,LYS,H,101,THR,CDR3,2.542,1,1
native_blind,1,76,102,LYS,H,100,ILE,CDR3,3.905,1,1
native_blind,1,76,102,LYS,H,32,TYR,CDR1,3.026,1,1
native_blind,1,76,102,LYS,H,99,GLU,CDR3,4.016,1,1
native_blind,1,76,102,LYS,H,102,ASP,CDR3,4.723,0,1
native_blind,1,77,103,ILE,H,31,ASP,CDR1,3.072,1,1
native_blind,1,77,103,ILE,H,100,ILE,CDR3,2.555,1,1
native_blind,1,77,103,ILE,H,101,THR,CDR3,4.546,0,1
native_blind,1,77,103,ILE,H,53,TYR,CDR2,3.283,1,1
native_blind,1,77,103,ILE,H,30,THR,CDR1,3.139,1,1
native_blind,1,77,103,ILE,H,32,TYR,CDR1,4.069,1,1
native_blind,1,77,103,ILE,H,33,ASN,CDR1,2.158,1,1
native_blind,1,78,104,ALA,H,53,TYR,CDR2,3.293,1,1
native_blind,1,80,106,PHE,H,100,ILE,CDR3,3.112,1,1
native_blind,1,80,106,PHE,H,104,TRP,CDR3,2.392,1,1
native_blind,1,80,106,PHE,L,93,TYR,CDR3,4.802,0,1
native_blind,1,80,106,PHE,L,95,TYR,CDR3,4.885,0,1
native_blind,1,81,107,LYS,H,53,TYR,CDR2,2.35,1,1
native_blind,1,81,107,LYS,H,56,ASP,CDR2,3.179,1,1
native_blind,1,81,107,LYS,H,54,ASN,CDR2,3.896,1,1
native_blind,1,81,107,LYS,H,33,ASN,CDR1,4.694,0,1
native_blind,1,84,110,ARG,L,93,TYR,CDR3,2.297,1,1
native_blind,1,84,110,ARG,H,35,TYR,FR2,4.348,1,1
native_blind,1,84,110,ARG,H,50,ILE,CDR2,4.79,0,1
native_blind,1,84,110,ARG,L,95,TYR,CDR3,4.485,1,1
native_blind,1,135,161,LEU,L,50,TRP,CDR2,2.947,1,1
native_blind,1,135,161,LEU,H,104,TRP,CDR3,3.409,1,1
native_blind,1,135,161,LEU,L,31,THR,CDR1,4.784,0,1
native_blind,1,136,162,VAL,H,104,TRP,CDR3,1.546,1,1
native_blind,1,136,162,VAL,L,50,TRP,CDR2,4.211,1,1
native_blind,1,136,162,VAL,H,100,ILE,CDR3,4.3,1,1
native_blind,1,137,163,LYS,H,104,TRP,CDR3,1.977,1,1
native_blind,1,137,163,LYS,L,95,TYR,CDR3,4.298,1,1
native_blind,1,138,164,ALA,H,104,TRP,CDR3,2.62,1,1
native_blind,1,138,164,ALA,L,90,TYR,CDR3,2.438,1,1
native_blind,1,138,164,ALA,L,91,SER,CDR3,3.297,1,1
native_blind,1,138,164,ALA,L,95,TYR,CDR3,4.064,1,1
native_blind,1,138,164,ALA,H,98,TRP,CDR3,3.449,1,1
native_blind,1,138,164,ALA,L,32,ALA,CDR1,4.697,0,1
native_blind,1,138,164,ALA,L,92,SER,CDR3,4.643,0,1
native_blind,1,139,165,PHE,H,98,TRP,CDR3,4.475,1,1
native_blind,1,139,165,PHE,H,104,TRP,CDR3,1.655,1,1
native_blind,1,139,165,PHE,L,50,TRP,CDR2,2.626,1,1
native_blind,1,139,165,PHE,L,90,TYR,CDR3,1.778,1,1
native_blind,1,139,165,PHE,H,100,ILE,CDR3,4.549,0,1
native_blind,1,139,165,PHE,H,99,GLU,CDR3,4.634,0,1
native_blind,1,139,165,PHE,H,103,PRO,CDR3,4.754,0,1
native_blind,1,139,165,PHE,H,105,TYR,CDR3,4.776,0,1
native_blind,1,139,165,PHE,L,32,ALA,CDR1,1.294,1,1
native_blind,1,139,165,PHE,L,91,SER,CDR3,2.67,1,1
native_blind,1,139,165,PHE,L,33,VAL,FR2,4.152,1,1
native_blind,1,139,165,PHE,L,29,VAL,CDR1,3.697,1,1
native_blind,1,139,165,PHE,L,31,THR,CDR1,4.919,0,1
native_blind,1,139,165,PHE,L,89,GLN,CDR3,4.521,0,1
native_blind,1,140,166,GLY,H,100,ILE,CDR3,2.399,1,1
native_blind,1,140,166,GLY,H,104,TRP,CDR3,1.032,1,1
native_blind,1,140,166,GLY,L,50,TRP,CDR2,3.732,1,1
native_blind,1,140,166,GLY,H,99,GLU,CDR3,4.416,1,1
native_blind,1,140,166,GLY,H,101,THR,CDR3,2.625,1,1
native_blind,1,140,166,GLY,H,102,ASP,CDR3,2.65,1,1
native_blind,1,140,166,GLY,H,103,PRO,CDR3,4.168,1,1
native_blind,1,141,167,GLU,H,100,ILE,CDR3,4.085,1,1
native_blind,1,141,167,GLU,H,101,THR,CDR3,4.789,0,1
native_blind,1,141,167,GLU,H,102,ASP,CDR3,4.58,0,1
native_blind,1,141,167,GLU,H,104,TRP,CDR3,3.874,1,1
native_blind,1,141,167,GLU,L,50,TRP,CDR2,2.649,1,1
native_blind,1,141,167,GLU,L,53,ARG,FR3,3.253,1,1
native_blind,1,142,168,VAL,H,100,ILE,CDR3,3.4,1,1
native_blind,1,142,168,VAL,H,101,THR,CDR3,3.929,1,1
native_blind,1,142,168,VAL,H,102,ASP,CDR3,4.344,1,1
native_blind,1,143,169,ASP,H,101,THR,CDR3,4.157,1,1
native_blind,1,143,169,ASP,H,102,ASP,CDR3,2.723,1,1
native_blind,1,144,170,ILE,H,102,ASP,CDR3,3.997,1,1
native_blind,1,144,170,ILE,L,53,ARG,FR3,4.021,1,1
native_blind,10,31,57,THR,H,56,ASP,CDR2,4.396,1,1
native_blind,10,32,58,GLN,H,100,ILE,CDR3,1.233,1,1
native_blind,10,32,58,GLN,H,33,ASN,CDR1,3.279,1,1
native_blind,10,32,58,GLN,H,53,TYR,CDR2,2.848,1,1
native_blind,10,32,58,GLN,H,98,TRP,CDR3,4.172,1,1
native_blind,10,32,58,GLN,H,54,ASN,CDR2,4.98,0,1
native_blind,10,33,59,ASP,L,93,TYR,CDR3,2.085,1,1
native_blind,10,33,59,ASP,L,95,TYR,CDR3,3.923,1,1
native_blind,10,33,59,ASP,H,35,TYR,FR2,2.92,1,1
native_blind,10,33,59,ASP,H,50,ILE,CDR2,3.382,1,1
native_blind,10,33,59,ASP,H,58,SER,FR3,3.734,1,1
native_blind,10,33,59,ASP,H,33,ASN,CDR1,4.668,0,1
native_blind,10,34,60,ASP,L,93,TYR,CDR3,4.955,0,1
native_blind,10,35,61,ILE,H,104,TRP,CDR3,1.96,1,1
native_blind,10,36,62,THR,H,104,TRP,CDR3,3.498,1,1
native_blind,10,36,62,THR,L,90,TYR,CDR3,2.165,1,1
native_blind,10,36,62,THR,L,95,TYR,CDR3,2.227,1,1
native_blind,10,36,62,THR,L,91,SER,CDR3,3.372,1,1
native_blind,10,36,62,THR,L,32,ALA,CDR1,4.739,0,1
native_blind,10,36,62,THR,L,92,SER,CDR3,4.477,1,1
native_blind,10,36,62,THR,H,98,TRP,CDR3,3.042,1,1
native_blind,10,36,62,THR,L,93,TYR,CDR3,4.61,0,1
native_blind,10,36,62,THR,H,100,ILE,CDR3,4.001,1,1
native_blind,10,37,63,SER,L,90,TYR,CDR3,3.948,1,1
native_blind,10,37,63,SER,L,91,SER,CDR3,1.894,1,1
native_blind,10,37,63,SER,L,92,SER,CDR3,3.663,1,1
native_blind,10,37,63,SER,L,95,TYR,CDR3,4.777,0,1
native_blind,10,37,63,SER,L,93,TYR,CDR3,4.405,1,1
native_blind,10,38,64,ILE,L,91,SER,CDR3,3.516,1,1
native_blind,10,39,65,ARG,L,28,ASP,CDR1,2.841,1,1
native_blind,10,40,66,LEU,L,31,THR,CDR1,3.284,1,1
native_blind,10,40,66,LEU,L,50,TRP,CDR2,3.935,1,1
native_blind,10,73,99,TYR,H,54,ASN,CDR2,3.065,1,1
native_blind,10,73,99,TYR,H,53,TYR,CDR2,4.363,1,1
native_blind,10,75,101,SER,H,54,ASN,CDR2,4.973,0,1
native_blind,10,75,101,SER,H,31,ASP,CDR1,4.912,0,1
native_blind,10,77,103,ILE,H,31,ASP,CDR1,2.094,1,1
native_blind,10,77,103,ILE,H,53,TYR,CDR2,4.845,0,1
native_blind,10,78,104,ALA,H,31,ASP,CDR1,4.651,0,1
native_blind,10,78,104,ALA,H,53,TYR,CDR2,3.093,1,1
native_blind,10,78,104,ALA,H,54,ASN,CDR2,4.068,1,1
native_blind,10,80,106,PHE,H,101,THR,CDR3,4.418,1,1
native_blind,10,81,107,LYS,H,101,THR,CDR3,2.099,1,1
native_blind,10,81,107,LYS,H,100,ILE,CDR3,3.971,1,1
native_blind,10,81,107,LYS,H,31,ASP,CDR1,1.97,1,1
native_blind,10,81,107,LYS,H,53,TYR,CDR2,3.384,1,1
native_blind,10,81,107,LYS,H,32,TYR,CDR1,2.36,1,1
native_blind,10,81,107,LYS,H,33,ASN,CDR1,3.35,1,1
native_blind,10,81,107,LYS,H,98,TRP,CDR3,4.248,1,1
native_blind,10,82,108,VAL,H,101,THR,CDR3,3.841,1,1
native_blind,10,82,108,VAL,H,100,ILE,CDR3,4.578,0,1
native_blind,10,84,110,ARG,H,101,THR,CDR3,2.478,1,1
native_blind,10,84,110,ARG,H,100,ILE,CDR3,4.752,0,1
native_blind,10,84,110,ARG,H,102,ASP,CDR3,4.032,1,1
native_blind,10,85,111,SER,H,100,ILE,CDR3,2.449,1,1
native_blind,10,85,111,SER,H,101,THR,CDR3,2.767,1,1
native_blind,10,85,111,SER,H,102,ASP,CDR3,4.692,0,1
native_blind,10,85,111,SER,H,104,TRP,CDR3,2.849,1,1
native_blind,10,86,112,PHE,H,104,TRP,CDR3,4.985,0,1
native_blind,10,88,114,THR,H,101,THR,CDR3,3.165,1,1
native_blind,10,88,114,THR,L,50,TRP,CDR2,3.209,1,1
native_blind,10,88,114,THR,L,53,ARG,FR3,4.272,1,1
native_blind,10,88,114,THR,H,102,ASP,CDR3,3.114,1,1
native_blind,10,88,114,THR,H,104,TRP,CDR3,4.926,0,1
native_blind,10,88,114,THR,H,103,PRO,CDR3,4.487,1,1
native_blind,10,88,114,THR,L,49,TYR,FR2,4.853,0,1
native_blind,10,89,115,LEU,H,104,TRP,CDR3,3.576,1,1
native_blind,10,89,115,LEU,L,50,TRP,CDR2,3.903,1,1
native_blind,10,91,117,ASN,L,53,ARG,FR3,2.151,1,1
native_blind,10,92,118,ASN,L,53,ARG,FR3,3.471,1,1
native_blind,10,92,118,ASN,L,50,TRP,CDR2,2.835,1,1
native_blind,10,92,118,ASN,L,31,THR,CDR1,2.916,1,1
native_blind,10,94,120,ILE,L,53,ARG,FR3,4.706,0,1
native_blind,10,95,121,VAL,L,53,ARG,FR3,2.665,1,1
native_blind,10,95,121,VAL,L,52,SER,CDR2,3.803,1,1
native_blind,10,96,122,ILE,L,31,THR,CDR1,4.276,1,1
native_blind,10,99,125,GLN,L,31,THR,CDR1,4.333,1,1
native_blind,10,99,125,GLN,L,66,GLY,FR3,4.085,1,1
native_blind,10,99,125,GLN,L,67,SER,FR3,4.232,1,1
native_blind,10,99,125,GLN,L,52,SER,CDR2,4.5,0,1
native_blind,11,32,58,GLN,L,93,TYR,CDR3,2.497,1,1
native_blind,11,32,58,GLN,H,58,SER,FR3,4.913,0,1
native_blind,11,32,58,GLN,L,95,TYR,CDR3,3.497,1,1
native_blind,11,33,59,ASP,H,58,SER,FR3,4.164,1,1
native_blind,11,33,59,ASP,L,93,TYR,CDR3,4.032,1,1
native_blind,11,33,59,ASP,H,59,TYR,FR3,4.799,0,1
native_blind,11,36,62,THR,L,92,SER,CDR3,4.058,1,1
native_blind,11,36,62,THR,L,93,TYR,CDR3,2.973,1,1
native_blind,11,36,62,THR,L,91,SER,CDR3,4.75,0,1
native_blind,11,37,63,SER,L,93,TYR,CDR3,4.92,0,1
native_blind,11,39,65,ARG,L,27,GLN,CDR1,3.122,1,1
native_blind,11,72,98,ASN,H,54,ASN,CDR2,4.416,1,1
native_blind,11,73,99,TYR,H,54,ASN,CDR2,3.056,1,1
native_blind,11,73,99,TYR,H,56,ASP,CDR2,2.103,1,1
native_blind,11,74,100,HIS,H,54,ASN,CDR2,3.717,1,1
native_blind,11,75,101,SER,H,53,TYR,CDR2,2.539,1,1
native_blind,11,75,101,SER,H,54,ASN,CDR2,4.231,1,1
native_blind,11,75,101,SER,H,30,THR,CDR1,3.967,1,1
native_blind,11,76,102,LYS,H,31,ASP,CDR1,4.761,0,1
native_blind,11,76,102,LYS,H,100,ILE,CDR3,4.692,0,1
native_blind,11,77,103,ILE,H,31,ASP,CDR1,1.282,1,1
native_blind,11,77,103,ILE,H,100,ILE,CDR3,3.77,1,1
native_blind,11,77,103,ILE,H,33,ASN,CDR1,2.473,1,1
native_blind,11,77,103,ILE,H,30,THR,CDR1,3.483,1,1
native_blind,11,77,103,ILE,H,32,TYR,CDR1,1.284,1,1
native_blind,11,77,103,ILE,H,53,TYR,CDR2,4.291,1,1
native_blind,11,77,103,ILE,H,29,PHE,CDR1,4.395,1,1
native_blind,11,78,104,ALA,H,33,ASN,CDR1,4.788,0,1
native_blind,11,78,104,ALA,H,53,TYR,CDR2,4.494,1,1
native_blind,11,78,104,ALA,H,54,ASN,CDR2,3.019,1,1
native_blind,11,80,106,PHE,H,100,ILE,CDR3,2.378,1,1
native_blind,11,80,106,PHE,H,104,TRP,CDR3,3.655,1,1
native_blind,11,80,106,PHE,H,101,THR,CDR3,4.004,1,1
native_blind,11,81,107,LYS,H,100,ILE,CDR3,3.498,1,1
native_blind,11,81,107,LYS,H,33,ASN,CDR1,4.133,1,1
native_blind,11,81,107,LYS,H,35,TYR,FR2,4.85,0,1
native_blind,11,81,107,LYS,H,50,ILE,CDR2,3.317,1,1
native_blind,11,81,107,LYS,L,93,TYR,CDR3,3.911,1,1
native_blind,11,81,107,LYS,H,56,ASP,CDR2,3.547,1,1
native_blind,11,81,107,LYS,H,58,SER,FR3,4.245,1,1
native_blind,11,81,107,LYS,H,51,ASP,CDR2,4.996,0,1
native_blind,11,81,107,LYS,H,57,THR,CDR2,4.689,0,1
native_blind,11,83,109,LEU,H,104,TRP,CDR3,4.919,0,1
native_blind,11,84,110,ARG,H,104,TRP,CDR3,3.23,1,1
native_blind,11,84,110,ARG,H,100,ILE,CDR3,4.357,1,1
native_blind,11,84,110,ARG,L,95,TYR,CDR3,3.584,1,1
native_blind,11,84,110,ARG,H,98,TRP,CDR3,3.712,1,1
native_blind,11,84,110,ARG,L,90,TYR,CDR3,1.354,1,1
native_blind,11,84,110,ARG,L,32,ALA,CDR1,3.605,1,1
native_blind,11,84,110,ARG,L,91,SER,CDR3,3.053,1,1
native_blind,11,84,110,ARG,L,50,TRP,CDR2,4.431,1,1
native_blind,11,84,110,ARG,L,89,GLN,CDR3,4.944,0,1
native_blind,11,85,111,SER,L,93,TYR,CDR3,4.869,0,1
native_blind,11,87,113,SER,L,50,TRP,CDR2,3.437,1,1
native_blind,11,88,114,THR,L,91,SER,CDR3,1.929,1,1
native_blind,11,88,114,THR,L,92,SER,CDR3,3.548,1,1
native_blind,11,88,114,THR,L,90,TYR,CDR3,3.894,1,1
native_blind,11,91,117,ASN,L,28,ASP,CDR1,4.689,0,1
native_blind,11,91,117,ASN,L,29,VAL,CDR1,3.58,1,1
native_blind,11,91,117,ASN,L,30,GLY,CDR1,3.662,1,1
native_blind,11,91,117,ASN,L,91,SER,CDR3,3.918,1,1
native_blind,11,91,117,ASN,L,31,THR,CDR1,4.804,0,1
native_blind,11,91,117,ASN,L,32,ALA,CDR1,4.296,1,1
native_blind,11,92,118,ASN,L,92,SER,CDR3,3.719,1,1
native_blind,11,94,120,ILE,L,28,ASP,CDR1,3.675,1,1
native_blind,11,95,121,VAL,L,28,ASP,CDR1,3.325,1,1
native_blind,11,130,156,ASP,L,50,TRP,CDR2,3.97,1,1
native_blind,11,133,159,VAL,H,104,TRP,CDR3,3.022,1,1
native_blind,11,134,160,ALA,H,102,ASP,CDR3,4.907,0,1
native_blind,11,134,160,ALA,L,53,ARG,FR3,4.691,0,1
native_blind,11,137,163,LYS,H,101,THR,CDR3,3.472,1,1
native_blind,11,137,163,LYS,H,102,ASP,CDR3,2.012,1,1
native_blind,11,137,163,LYS,H,103,PRO,CDR3,4.406,1,1
native_blind,11,137,163,LYS,H,104,TRP,CDR3,0.857,1,1
native_blind,11,137,163,LYS,H,100,ILE,CDR3,4.218,1,1
native_blind,11,137,163,LYS,L,50,TRP,CDR2,4.25,1,1
native_blind,11,138,164,ALA,H,102,ASP,CDR3,2.945,1,1
native_blind,11,138,164,ALA,L,53,ARG,FR3,4.347,1,1
native_blind,11,139,165,PHE,H,102,ASP,CDR3,4.825,0,1
native_blind,11,140,166,GLY,H,102,ASP,CDR3,4.967,0,1
native_blind,11,140,166,GLY,H,101,THR,CDR3,4.218,1,1
native_blind,11,142,168,VAL,H,101,THR,CDR3,3.207,1,1
native_blind,11,142,168,VAL,H,100,ILE,CDR3,4.804,0,1
native_blind,12,32,58,GLN,H,104,TRP,CDR3,3.948,1,1
native_blind,12,32,58,GLN,H,100,ILE,CDR3,2.587,1,1
native_blind,12,32,58,GLN,H,33,ASN,CDR1,4.697,0,1
native_blind,12,32,58,GLN,H,56,ASP,CDR2,4.737,0,1
native_blind,12,32,58,GLN,H,98,TRP,CDR3,4.949,0,1
native_blind,12,33,59,ASP,L,93,TYR,CDR3,0.996,1,1
native_blind,12,33,59,ASP,L,95,TYR,CDR3,3.003,1,1
native_blind,12,33,59,ASP,L,91,SER,CDR3,3.846,1,1
native_blind,12,33,59,ASP,L,92,SER,CDR3,4.729,0,1
native_blind,12,33,59,ASP,H,35,TYR,FR2,4.219,1,1
native_blind,12,33,59,ASP,H,58,SER,FR3,4.302,1,1
native_blind,12,34,60,ASP,L,91,SER,CDR3,4.859,0,1
native_blind,12,35,61,ILE,H,104,TRP,CDR3,4.608,0,1
native_blind,12,36,62,THR,H,104,TRP,CDR3,2.338,1,1
native_blind,12,36,62,THR,L,90,TYR,CDR3,2.241,1,1
native_blind,12,36,62,THR,L,91,SER,CDR3,3.741,1,1
native_blind,12,36,62,THR,L,32,ALA,CDR1,3.878,1,1
native_blind,12,36,62,THR,L,50,TRP,CDR2,4.156,1,1
native_blind,12,36,62,THR,L,95,TYR,CDR3,4.313,1,1
native_blind,12,36,62,THR,H,98,TRP,CDR3,4.906,0,1
native_blind,12,37,63,SER,L,90,TYR,CDR3,4.498,1,1
native_blind,12,37,63,SER,L,91,SER,CDR3,1.555,1,1
native_blind,12,37,63,SER,L,92,SER,CDR3,3.718,1,1
native_blind,12,38,64,ILE,L,91,SER,CDR3,4.767,0,1
native_blind,12,39,65,ARG,L,28,ASP,CDR1,1.904,1,1
native_blind,12,39,65,ARG,L,29,VAL,CDR1,2.178,1,1
native_blind,12,39,65,ARG,L,30,GLY,CDR1,2.904,1,1
native_blind,12,39,65,ARG,L,91,SER,CDR3,3.895,1,1
native_blind,12,73,99,TYR,H,56,ASP,CDR2,3.084,1,1
native_blind,12,75,101,SER,H,54,ASN,CDR2,2.884,1,1
native_blind,12,77,103,ILE,H,54,ASN,CDR2,2.573,1,1
native_blind,12,77,103,ILE,H,53,TYR,CDR2,2.28,1,1
native_blind,12,77,103,ILE,H,30,THR,CDR1,3.265,1,1
native_blind,12,77,103,ILE,H,31,ASP,CDR1,4.438,1,1
native_blind,12,78,104,ALA,H,53,TYR,CDR2,4.166,1,1
native_blind,12,78,104,ALA,H,54,ASN,CDR2,3.156,1,1
native_blind,12,78,104,ALA,H,56,ASP,CDR2,4.146,1,1
native_blind,12,81,107,LYS,H,53,TYR,CDR2,2.894,1,1
native_blind,12,81,107,LYS,H,100,ILE,CDR3,2.058,1,1
native_blind,12,81,107,LYS,H,101,THR,CDR3,4.803,0,1
native_blind,12,81,107,LYS,H,31,ASP,CDR1,4.958,0,1
native_blind,12,81,107,LYS,H,33,ASN,CDR1,0.97,1,1
native_blind,12,81,107,LYS,H,50,ILE,CDR2,4.087,1,1
native_blind,12,81,107,LYS,H,56,ASP,CDR2,4.825,0,1
native_blind,12,82,108,VAL,H,100,ILE,CDR3,4.408,1,1
native_blind,12,84,110,ARG,H,101,THR,CDR3,2.277,1,1
native_blind,12,84,110,ARG,H,100,ILE,CDR3,4.212,1,1
native_blind,12,84,110,ARG,H,102,ASP,CDR3,4.33,1,1
native_blind,12,84,110,ARG,H,32,TYR,CDR1,3.413,1,1
native_blind,12,84,110,ARG,H,99,GLU,CDR3,4.175,1,1
native_blind,12,84,110,ARG,H,31,ASP,CDR1,4.149,1,1
native_blind,12,85,111,SER,H,100,ILE,CDR3,2.849,1,1
native_blind,12,85,111,SER,H,101,THR,CDR3,3.888,1,1
native_blind,12,85,111,SER,H,104,TRP,CDR3,2.459,1,1
native_blind,12,87,113,SER,H,101,THR,CDR3,4.571,0,1
native_blind,12,87,113,SER,H,102,ASP,CDR3,4.075,1,1
native_blind,12,88,114,THR,H,104,TRP,CDR3,2.689,1,1
native_blind,12,88,114,THR,L,50,TRP,CDR2,2.557,1,1
native_blind,12,88,114,THR,H,101,THR,CDR3,2.693,1,1
native_blind,12,88,114,THR,H,102,ASP,CDR3,3.519,1,1
native_blind,12,88,114,THR,H,100,ILE,CDR3,4.89,0,1
native_blind,12,91,117,ASN,L,53,ARG,FR3,4.079,1,1
native_blind,12,91,117,ASN,H,102,ASP,CDR3,3.393,1,1
native_blind,12,92,118,ASN,L,31,THR,CDR1,3.769,1,1
native_blind,12,92,118,ASN,L,50,TRP,CDR2,2.931,1,1
native_blind,12,95,121,VAL,L,53,ARG,FR3,4.39,1,1
native_blind,12,137,163,LYS,H,32,TYR,CDR1,3.602,1,1
native_blind,12,137,163,LYS,H,101,THR,CDR3,4.926,0,1
native_blind,13,32,58,GLN,L,93,TYR,CDR3,3.146,1,1
native_blind,13,32,58,GLN,L,95,TYR,CDR3,3.649,1,1
native_blind,13,32,58,GLN,H,56,ASP,CDR2,3.881,1,1
native_blind,13,33,59,ASP,L,93,TYR,CDR3,2.564,1,1
native_blind,13,33,59,ASP,L,92,SER,CDR3,4.214,1,1
native_blind,13,33,59,ASP,H,58,SER,FR3,4.534,0,1
native_blind,13,33,59,ASP,L,94,PRO,CDR3,4.82,0,1
native_blind,13,36,62,THR,L,91,SER,CDR3,2.645,1,1
native_blind,13,36,62,THR,L,92,SER,CDR3,2.832,1,1
native_blind,13,36,62,THR,L,93,TYR,CDR3,4.701,0,1
native_blind,13,39,65,ARG,L,28,ASP,CDR1,3.361,1,1
native_blind,13,72,98,ASN,H,55,ASP,CDR2,4.878,0,1
native_blind,13,73,99,TYR,H,55,ASP,CDR2,4.931,0,1
native_blind,13,73,99,TYR,H,56,ASP,CDR2,4.493,1,1
native_blind,13,74,100,HIS,H,54,ASN,CDR2,4.775,0,1
native_blind,13,74,100,HIS,H,55,ASP,CDR2,3.198,1,1
native_blind,13,75,101,SER,H,54,ASN,CDR2,2.426,1,1
native_blind,13,75,101,SER,H,33,ASN,CDR1,4.536,0,1
native_blind,13,75,101,SER,H,53,TYR,CDR2,4.695,0,1
native_blind,13,76,102,LYS,H,100,ILE,CDR3,4.521,0,1
native_blind,13,77,103,ILE,H,100,ILE,CDR3,2.495,1,1
native_blind,13,77,103,ILE,H,33,ASN,CDR1,2.535,1,1
native_blind,13,77,103,ILE,H,31,ASP,CDR1,2.957,1,1
native_blind,13,77,103,ILE,H,54,ASN,CDR2,3.879,1,1
native_blind,13,77,103,ILE,H,32,TYR,CDR1,2.783,1,1
native_blind,13,77,103,ILE,H,101,THR,CDR3,4.927,0,1
native_blind,13,77,103,ILE,H,35,TYR,FR2,4.672,0,1
native_blind,13,77,103,ILE,H,98,TRP,CDR3,4.032,1,1
native_blind,13,77,103,ILE,H,53,TYR,CDR2,4.716,0,1
native_blind,13,78,104,ALA,H,33,ASN,CDR1,4.573,0,1
native_blind,13,78,104,ALA,H,56,ASP,CDR2,3.623,1,1
native_blind,13,78,104,ALA,H,100,ILE,CDR3,4.79,0,1
native_blind,13,78,104,ALA,H,54,ASN,CDR2,4.257,1,1
native_blind,13,80,106,PHE,H,100,ILE,CDR3,1.809,1,1
native_blind,13,80,106,PHE,H,104,TRP,CDR3,1.928,1,1
native_blind,13,80,106,PHE,H,101,THR,CDR3,3.342,1,1
native_blind,13,80,106,PHE,H,102,ASP,CDR3,4.243,1,1
native_blind,13,80,106,PHE,L,50,TRP,CDR2,4.715,0,1
native_blind,13,81,107,LYS,H,100,ILE,CDR3,3.144,1,1
native_blind,13,81,107,LYS,H,104,TRP,CDR3,2.773,1,1
native_blind,13,81,107,LYS,H,56,ASP,CDR2,3.42,1,1
native_blind,13,81,107,LYS,L,93,TYR,CDR3,2.29,1,1
native_blind,13,81,107,LYS,L,95,TYR,CDR3,3.782,1,1
native_blind,13,81,107,LYS,H,35,TYR,FR2,2.105,1,1
native_blind,13,81,107,LYS,H,98,TRP,CDR3,4.077,1,1
native_blind,13,81,107,LYS,H,50,ILE,CDR2,2.342,1,1
native_blind,13,81,107,LYS,H,33,ASN,CDR1,4.079,1,1
native_blind,13,82,108,VAL,H,104,TRP,CDR3,4.439,1,1
native_blind,13,83,109,LEU,H,104,TRP,CDR3,4.201,1,1
native_blind,13,84,110,ARG,H,104,TRP,CDR3,1.407,1,1
native_blind,13,84,110,ARG,L,50,TRP,CDR2,1.867,1,1
native_blind,13,84,110,ARG,L,32,ALA,CDR1,2.838,1,1
native_blind,13,84,110,ARG,L,90,TYR,CDR3,4.433,1,1
native_blind,13,84,110,ARG,L,31,THR,CDR1,3.178,1,1
native_blind,13,84,110,ARG,L,29,VAL,CDR1,3.848,1,1
native_blind,13,84,110,ARG,L,30,GLY,CDR1,4.217,1,1
native_blind,13,85,111,SER,H,104,TRP,CDR3,3.901,1,1
native_blind,13,85,111,SER,L,91,SER,CDR3,3.68,1,1
native_blind,13,88,114,THR,L,30,GLY,CDR1,4.839,0,1
native_blind,13,134,160,ALA,L,53,ARG,FR3,4.382,1,1
native_blind,13,135,161,LEU,H,102,ASP,CDR3,4.668,0,1
native_blind,13,136,162,VAL,H,101,THR,CDR3,3.678,1,1
native_blind,13,136,162,VAL,H,102,ASP,CDR3,3.266,1,1
native_blind,13,137,163,LYS,H,101,THR,CDR3,3.938,1,1
native_blind,13,137,163,LYS,H,102,ASP,CDR3,0.799,1,1
native_blind,13,137,163,LYS,L,50,TRP,CDR2,2.141,1,1
native_blind,13,137,163,LYS,H,103,PRO,CDR3,4.191,1,1
native_blind,13,137,163,LYS,L,49,TYR,FR2,4.503,0,1
native_blind,13,137,163,LYS,H,104,TRP,CDR3,4.139,1,1
native_blind,13,138,164,ALA,H,102,ASP,CDR3,2.253,1,1
native_blind,13,138,164,ALA,L,53,ARG,FR3,3.293,1,1
native_blind,13,138,164,ALA,L,49,TYR,FR2,4.407,1,1
native_blind,13,139,165,PHE,H,102,ASP,CDR3,2.722,1,1
native_blind,13,140,166,GLY,H,101,THR,CDR3,3.003,1,1
native_blind,13,140,166,GLY,H,102,ASP,CDR3,3.301,1,1
native_blind,13,141,167,GLU,H,101,THR,CDR3,4.418,1,1
native_blind,13,142,168,VAL,H,101,THR,CDR3,3.388,1,1
native_blind,13,142,168,VAL,H,100,ILE,CDR3,4.624,0,1
native_blind,14,30,56,GLN,H,56,ASP,CDR2,4.555,0,1
native_blind,14,31,57,THR,H,56,ASP,CDR2,4.327,1,1
native_blind,14,31,57,THR,H,58,SER,FR3,4.83,0,1
native_blind,14,31,57,THR,H,55,ASP,CDR2,4.809,0,1
native_blind,14,32,58,GLN,L,93,TYR,CDR3,4.793,0,1
native_blind,14,32,58,GLN,H,104,TRP,CDR3,1.12,1,1
native_blind,14,32,58,GLN,L,95,TYR,CDR3,4.932,0,1
native_blind,14,33,59,ASP,L,93,TYR,CDR3,2.573,1,1
native_blind,14,33,59,ASP,L,92,SER,CDR3,3.749,1,1
native_blind,14,36,62,THR,L,91,SER,CDR3,4.169,1,1
native_blind,14,36,62,THR,L,92,SER,CDR3,4.497,1,1
native_blind,14,72,98,ASN,H,55,ASP,CDR2,2.642,1,1
native_blind,14,72,98,ASN,H,54,ASN,CDR2,4.478,1,1
native_blind,14,73,99,TYR,H,55,ASP,CDR2,4.64,0,1
native_blind,14,73,99,TYR,H,54,ASN,CDR2,4.056,1,1
native_blind,14,73,99,TYR,H,56,ASP,CDR2,2.9,1,1
native_blind,14,74,100,HIS,H,54,ASN,CDR2,3.489,1,1
native_blind,14,74,100,HIS,H,55,ASP,CDR2,4.39,1,1
native_blind,14,75,101,SER,H,54,ASN,CDR2,2.168,1,1
native_blind,14,75,101,SER,H,30,THR,CDR1,3.442,1,1
native_blind,14,75,101,SER,H,31,ASP,CDR1,4.819,0,1
native_blind,14,75,101,SER,H,53,TYR,CDR2,3.755,1,1
native_blind,14,76,102,LYS,H,31,ASP,CDR1,4.843,0,1
native_blind,14,77,103,ILE,H,31,ASP,CDR1,1.031,1,1
native_blind,14,77,103,ILE,H,100,ILE,CDR3,2.273,1,1
native_blind,14,77,103,ILE,H,32,TYR,CDR1,2.204,1,1
native_blind,14,77,103,ILE,H,33,ASN,CDR1,3.678,1,1
native_blind,14,77,103,ILE,H,53,TYR,CDR2,4.064,1,1
native_blind,14,77,103,ILE,H,101,THR,CDR3,4.761,0,1
native_blind,14,77,103,ILE,H,98,TRP,CDR3,4.943,0,1
native_blind,14,77,103,ILE,H,30,THR,CDR1,4.516,0,1
native_blind,14,78,104,ALA,H,54,ASN,CDR2,3.456,1,1
native_blind,14,78,104,ALA,H,56,ASP,CDR2,3.644,1,1
native_blind,14,78,104,ALA,H,100,ILE,CDR3,4.091,1,1
native_blind,14,80,106,PHE,H,104,TRP,CDR3,3.187,1,1
native_blind,14,80,106,PHE,H,100,ILE,CDR3,2.129,1,1
native_blind,14,80,106,PHE,H,101,THR,CDR3,2.841,1,1
native_blind,14,80,106,PHE,H,102,ASP,CDR3,3.941,1,1
native_blind,14,81,107,LYS,H,100,ILE,CDR3,2.726,1,1
native_blind,14,81,107,LYS,H,104,TRP,CDR3,3.325,1,1
native_blind,14,81,107,LYS,H,33,ASN,CDR1,2.215,1,1
native_blind,14,81,107,LYS,H,35,TYR,FR2,2.976,1,1
native_blind,14,81,107,LYS,H,56,ASP,CDR2,4.027,1,1
native_blind,14,81,107,LYS,L,93,TYR,CDR3,4.177,1,1
native_blind,14,81,107,LYS,H,50,ILE,CDR2,2.817,1,1
native_blind,14,81,107,LYS,H,98,TRP,CDR3,4.102,1,1
native_blind,14,84,110,ARG,H,104,TRP,CDR3,2.718,1,1
native_blind,14,84,110,ARG,L,50,TRP,CDR2,0.698,1,1
native_blind,14,84,110,ARG,L,90,TYR,CDR3,4.908,0,1
native_blind,14,85,111,SER,H,104,TRP,CDR3,4.581,0,1
native_blind,14,136,162,VAL,H,102,ASP,CDR3,4.771,0,1
native_blind,14,137,163,LYS,H,102,ASP,CDR3,2.523,1,1
native_blind,14,137,163,LYS,L,53,ARG,FR3,4.256,1,1
native_blind,14,137,163,LYS,L,50,TRP,CDR2,2.063,1,1
native_blind,14,138,164,ALA,H,102,ASP,CDR3,4.767,0,1
native_blind,14,138,164,ALA,L,53,ARG,FR3,4.261,1,1
native_blind,14,140,166,GLY,H,102,ASP,CDR3,4.348,1,1
native_blind,14,140,166,GLY,H,101,THR,CDR3,4.596,0,1
native_blind,14,142,168,VAL,H,101,THR,CDR3,4.164,1,1
native_blind,15,31,57,THR,H,56,ASP,CDR2,2.621,1,1
native_blind,15,32,58,GLN,H,104,TRP,CDR3,1.738,1,1
native_blind,15,32,58,GLN,H,100,ILE,CDR3,4.419,1,1
native_blind,15,33,59,ASP,H,104,TRP,CDR3,4.05,1,1
native_blind,15,33,59,ASP,L,93,TYR,CDR3,2.039,1,1
native_blind,15,33,59,ASP,L,95,TYR,CDR3,3.718,1,1
native_blind,15,33,59,ASP,H,35,TYR,FR2,3.189,1,1
native_blind,15,33,59,ASP,H,50,ILE,CDR2,3.08,1,1
native_blind,15,33,59,ASP,H,98,TRP,CDR3,4.083,1,1
native_blind,15,33,59,ASP,H,100,ILE,CDR3,4.744,0,1
native_blind,15,33,59,ASP,H,33,ASN,CDR1,4.905,0,1
native_blind,15,34,60,ASP,L,93,TYR,CDR3,4.61,0,1
native_blind,15,35,61,ILE,L,91,SER,CDR3,4.702,0,1
native_blind,15,36,62,THR,H,104,TRP,CDR3,1.651,1,1
native_blind,15,36,62,THR,L,91,SER,CDR3,1.318,1,1
native_blind,15,36,62,THR,L,90,TYR,CDR3,2.168,1,1
native_blind,15,36,62,THR,L,92,SER,CDR3,3.368,1,1
native_blind,15,36,62,THR,L,95,TYR,CDR3,3.948,1,1
native_blind,15,37,63,SER,L,91,SER,CDR3,2.553,1,1
native_blind,15,37,63,SER,L,92,SER,CDR3,3.116,1,1
native_blind,15,37,63,SER,L,93,TYR,CDR3,3.467,1,1
native_blind,15,38,64,ILE,L,91,SER,CDR3,3.822,1,1
native_blind,15,39,65,ARG,L,28,ASP,CDR1,1.865,1,1
native_blind,15,39,65,ARG,L,30,GLY,CDR1,3.765,1,1
native_blind,15,39,65,ARG,L,29,VAL,CDR1,3.134,1,1
native_blind,15,39,65,ARG,L,27,GLN,CDR1,4.856,0,1
native_blind,15,72,98,ASN,H,54,ASN,CDR2,1.282,1,1
native_blind,15,73,99,TYR,H,54,ASN,CDR2,3.512,1,1
native_blind,15,73,99,TYR,H,53,TYR,CDR2,2.681,1,1
native_blind,15,73,99,TYR,H,100,ILE,CDR3,4.477,1,1
native_blind,15,75,101,SER,H,31,ASP,CDR1,2.886,1,1
native_blind,15,77,103,ILE,H,31,ASP,CDR1,3.078,1,1
native_blind,15,77,103,ILE,H,101,THR,CDR3,4.394,1,1
native_blind,15,78,104,ALA,H,31,ASP,CDR1,4.056,1,1
native_blind,15,78,104,ALA,H,53,TYR,CDR2,2.726,1,1
native_blind,15,78,104,ALA,H,100,ILE,CDR3,4.771,0,1
native_blind,15,78,104,ALA,H,101,THR,CDR3,4.934,0,1
native_blind,15,80,106,PHE,H,101,THR,CDR3,3.779,1,1
native_blind,15,81,107,LYS,H,101,THR,CDR3,1.385,1,1
native_blind,15,81,107,LYS,H,100,ILE,CDR3,2.85,1,1
native_blind,15,81,107,LYS,H,102,ASP,CDR3,4.551,0,1
native_blind,15,81,107,LYS,H,32,TYR,CDR1,2.042,1,1
native_blind,15,81,107,LYS,H,99,GLU,CDR3,4.096,1,1
native_blind,15,81,107,LYS,H,31,ASP,CDR1,3.36,1,1
native_blind,15,82,108,VAL,H,100,ILE,CDR3,3.552,1,1
native_blind,15,82,108,VAL,H,101,THR,CDR3,3.849,1,1
native_blind,15,84,110,ARG,H,101,THR,CDR3,2.873,1,1
native_blind,15,84,110,ARG,H,100,ILE,CDR3,4.944,0,1
native_blind,15,84,110,ARG,H,102,ASP,CDR3,3.131,1,1
native_blind,15,85,111,SER,H,100,ILE,CDR3,2.354,1,1
native_blind,15,85,111,SER,H,101,THR,CDR3,2.861,1,1
native_blind,15,85,111,SER,H,102,ASP,CDR3,4.912,0,1
native_blind,15,85,111,SER,H,104,TRP,CDR3,2.169,1,1
native_blind,15,85,111,SER,L,50,TRP,CDR2,4.875,0,1
native_blind,15,88,114,THR,L,50,TRP,CDR2,2.743,1,1
native_blind,15,88,114,THR,H,102,ASP,CDR3,3.677,1,1
native_blind,15,88,114,THR,H,101,THR,CDR3,4.238,1,1
native_blind,15,89,115,LEU,L,50,TRP,CDR2,2.862,1,1
native_blind,15,89,115,LEU,H,104,TRP,CDR3,4.907,0,1
native_blind,15,91,117,ASN,L,31,THR,CDR1,4.903,0,1
native_blind,15,91,117,ASN,L,53,ARG,FR3,4.386,1,1
native_blind,15,92,118,ASN,L,31,THR,CDR1,1.65,1,1
native_blind,15,92,118,ASN,L,30,GLY,CDR1,4.082,1,1
native_blind,15,92,118,ASN,L,50,TRP,CDR2,2.23,1,1
native_blind,15,92,118,ASN,L,32,ALA,CDR1,3.868,1,1
native_blind,15,95,121,VAL,L,31,THR,CDR1,3.813,1,1
native_blind,15,95,121,VAL,L,67,SER,FR3,2.833,1,1
native_blind,15,95,121,VAL,L,30,GLY,CDR1,4.83,0,1
native_blind,15,95,121,VAL,L,68,GLY,FR3,4.497,1,1
native_blind,15,96,122,ILE,L,28,ASP,CDR1,3.902,1,1
native_blind,15,96,122,ILE,L,30,GLY,CDR1,3.977,1,1
native_blind,15,99,125,GLN,L,28,ASP,CDR1,2.731,1,1
native_blind,15,99,125,GLN,L,67,SER,FR3,3.506,1,1
native_blind,15,99,125,GLN,L,68,GLY,FR3,3.334,1,1
native_blind,15,99,125,GLN,L,69,THR,FR3,4.575,0,1
native_blind,15,108,134,MET,L,28,ASP,CDR1,4.778,0,1
native_blind,15,137,163,LYS,H,101,THR,CDR3,4.921,0,1
native_blind,15,137,163,LYS,H,102,ASP,CDR3,4.716,0,1
native_blind,2,30,56,GLN,H,56,ASP,CDR2,4.11,1,1
native_blind,2,30,56,GLN,H,54,ASN,CDR2,4.678,0,1
native_blind,2,31,57,THR,H,56,ASP,CDR2,2.207,1,1
native_blind,2,31,57,THR,H,53,TYR,CDR2,3.319,1,1
native_blind,2,32,58,GLN,H,53,TYR,CDR2,4.024,1,1
native_blind,2,32,58,GLN,H,100,ILE,CDR3,1.629,1,1
native_blind,2,32,58,GLN,H,33,ASN,CDR1,3.423,1,1
native_blind,2,32,58,GLN,H,98,TRP,CDR3,4.148,1,1
native_blind,2,33,59,ASP,H,33,ASN,CDR1,3.359,1,1
native_blind,2,33,59,ASP,L,93,TYR,CDR3,2.542,1,1
native_blind,2,33,59,ASP,H,35,TYR,FR2,2.08,1,1
native_blind,2,33,59,ASP,H,50,ILE,CDR2,1.11,1,1
native_blind,2,33,59,ASP,L,95,TYR,CDR3,4.833,0,1
native_blind,2,33,59,ASP,H,58,SER,FR3,4.939,0,1
native_blind,2,33,59,ASP,H,98,TRP,CDR3,4.292,1,1
native_blind,2,33,59,ASP,H,51,ASP,CDR2,4.756,0,1
native_blind,2,34,60,ASP,L,93,TYR,CDR3,4.637,0,1
native_blind,2,34,60,ASP,H,58,SER,FR3,4.309,1,1
native_blind,2,34,60,ASP,H,56,ASP,CDR2,4.824,0,1
native_blind,2,36,62,THR,L,95,TYR,CDR3,2.591,1,1
native_blind,2,36,62,THR,L,91,SER,CDR3,3.272,1,1
native_blind,2,36,62,THR,L,93,TYR,CDR3,4.755,0,1
native_blind,2,36,62,THR,L,90,TYR,CDR3,3.657,1,1
native_blind,2,36,62,THR,L,92,SER,CDR3,4.316,1,1
native_blind,2,36,62,THR,H,98,TRP,CDR3,4.424,1,1
native_blind,2,37,63,SER,L,93,TYR,CDR3,1.923,1,1
native_blind,2,37,63,SER,L,95,TYR,CDR3,4.751,0,1
native_blind,2,37,63,SER,L,91,SER,CDR3,4.755,0,1
native_blind,2,37,63,SER,L,92,SER,CDR3,4.247,1,1
native_blind,2,39,65,ARG,L,92,SER,CDR3,3.042,1,1
native_blind,2,39,65,ARG,L,91,SER,CDR3,3.452,1,1
native_blind,2,39,65,ARG,L,2,ILE,FR1,3.99,1,1
native_blind,2,39,65,ARG,L,28,ASP,CDR1,4.838,0,1
native_blind,2,72,98,ASN,H,54,ASN,CDR2,4.991,0,1
native_blind,2,73,99,TYR,H,53,TYR,CDR2,2.858,1,1
native_blind,2,73,99,TYR,H,54,ASN,CDR2,2.833,1,1
native_blind,2,75,101,SER,H,31,ASP,CDR1,3.128,1,1
native_blind,2,77,103,ILE,H,31,ASP,CDR1,3.831,1,1
native_blind,2,77,103,ILE,H,101,THR,CDR3,3.552,1,1
native_blind,2,77,103,ILE,H,32,TYR,CDR1,3.987,1,1
native_blind,2,78,104,ALA,H,31,ASP,CDR1,4.028,1,1
native_blind,2,78,104,ALA,H,53,TYR,CDR2,2.793,1,1
native_blind,2,78,104,ALA,H,100,ILE,CDR3,4.697,0,1
native_blind,2,80,106,PHE,H,101,THR,CDR3,2.638,1,1
native_blind,2,80,106,PHE,H,100,ILE,CDR3,4.084,1,1
native_blind,2,80,106,PHE,H,102,ASP,CDR3,4.472,1,1
native_blind,2,81,107,LYS,H,100,ILE,CDR3,2.422,1,1
native_blind,2,81,107,LYS,H,101,THR,CDR3,2.641,1,1
native_blind,2,81,107,LYS,H,31,ASP,CDR1,0.612,1,1
native_blind,2,81,107,LYS,H,53,TYR,CDR2,3.534,1,1
native_blind,2,81,107,LYS,H,32,TYR,CDR1,2.257,1,1
native_blind,2,81,107,LYS,H,99,GLU,CDR3,4.983,0,1
native_blind,2,81,107,LYS,H,33,ASN,CDR1,4.262,1,1
native_blind,2,81,107,LYS,H,30,THR,CDR1,4.624,0,1
native_blind,2,82,108,VAL,H,100,ILE,CDR3,3.033,1,1
native_blind,2,82,108,VAL,H,53,TYR,CDR2,4.435,1,1
native_blind,2,83,109,LEU,H,100,ILE,CDR3,4.989,0,1
native_blind,2,83,109,LEU,H,104,TRP,CDR3,4.886,0,1
native_blind,2,84,110,ARG,H,100,ILE,CDR3,1.633,1,1
native_blind,2,84,110,ARG,H,104,TRP,CDR3,1.1,1,1
native_blind,2,84,110,ARG,H,101,THR,CDR3,2.863,1,1
native_blind,2,84,110,ARG,H,102,ASP,CDR3,3.741,1,1
native_blind,2,84,110,ARG,H,103,PRO,CDR3,4.194,1,1
native_blind,2,84,110,ARG,L,50,TRP,CDR2,3.345,1,1
native_blind,2,84,110,ARG,L,49,TYR,FR2,3.675,1,1
native_blind,2,85,111,SER,H,100,ILE,CDR3,3.631,1,1
native_blind,2,85,111,SER,H,104,TRP,CDR3,4.291,1,1
native_blind,2,87,113,SER,H,104,TRP,CDR3,2.066,1,1
native_blind,2,87,113,SER,L,50,TRP,CDR2,3.379,1,1
native_blind,2,88,114,THR,H,104,TRP,CDR3,3.202,1,1
native_blind,2,88,114,THR,L,50,TRP,CDR2,3.513,1,1
native_blind,2,88,114,THR,L,90,TYR,CDR3,4.164,1,1
native_blind,2,91,117,ASN,L,50,TRP,CDR2,1.372,1,1
native_blind,2,91,117,ASN,L,30,GLY,CDR1,4.911,0,1
native_blind,2,91,117,ASN,L,31,THR,CDR1,3.727,1,1
native_blind,2,91,117,ASN,H,104,TRP,CDR3,4.73,0,1
native_blind,2,92,118,ASN,L,91,SER,CDR3,2.291,1,1
native_blind,2,92,118,ASN,L,92,SER,CDR3,4.408,1,1
native_blind,2,95,121,VAL,L,28,ASP,CDR1,2.631,1,1
native_blind,2,95,121,VAL,L,29,VAL,CDR1,3.324,1,1
native_blind,2,95,121,VAL,L,30,GLY,CDR1,3.253,1,1
native_blind,2,95,121,VAL,L,91,SER,CDR3,4.78,0,1
native_blind,2,98,124,SER,L,28,ASP,CDR1,2.888,1,1
native_blind,2,99,125,GLN,L,27,GLN,CDR1,4.563,0,1
native_blind,2,130,156,ASP,H,104,TRP,CDR3,4.146,1,1
native_blind,2,133,159,VAL,H,104,TRP,CDR3,4.239,1,1
native_blind,2,137,163,LYS,H,101,THR,CDR3,3.922,1,1
native_blind,2,137,163,LYS,H,102,ASP,CDR3,1.499,1,1
native_blind,2,137,163,LYS,L,49,TYR,FR2,3.249,1,1
native_blind,2,137,163,LYS,L,53,ARG,FR3,4.456,1,1
native_blind,2,137,163,LYS,H,103,PRO,CDR3,4.885,0,1
native_blind,3,32,58,GLN,H,101,THR,CDR3,1.952,1,1
native_blind,3,33,59,ASP,H,31,ASP,CDR1,4.152,1,1
native_blind,3,33,59,ASP,H,53,TYR,CDR2,4.674,0,1
native_blind,3,34,60,ASP,H,53,TYR,CDR2,4.633,0,1
native_blind,3,35,61,ILE,H,53,TYR,CDR2,3.215,1,1
native_blind,3,36,62,THR,H,53,TYR,CDR2,0.63,1,1
native_blind,3,36,62,THR,H,100,ILE,CDR3,2.796,1,1
native_blind,3,36,62,THR,H,30,THR,CDR1,3.259,1,1
native_blind,3,36,62,THR,H,31,ASP,CDR1,3.195,1,1
native_blind,3,36,62,THR,H,32,TYR,CDR1,4.936,0,1
native_blind,3,36,62,THR,H,101,THR,CDR3,4.5,1,1
native_blind,3,37,63,SER,H,30,THR,CDR1,3.804,1,1
native_blind,3,37,63,SER,H,53,TYR,CDR2,1.696,1,1
native_blind,3,37,63,SER,H,54,ASN,CDR2,1.936,1,1
native_blind,3,37,63,SER,H,73,LYS,FR3,4.98,0,1
native_blind,3,38,64,ILE,H,53,TYR,CDR2,3.147,1,1
native_blind,3,38,64,ILE,H,54,ASN,CDR2,1.703,1,1
native_blind,3,39,65,ARG,H,53,TYR,CDR2,3.18,1,1
native_blind,3,39,65,ARG,H,54,ASN,CDR2,2.854,1,1
native_blind,3,39,65,ARG,H,56,ASP,CDR2,3.285,1,1
native_blind,3,39,65,ARG,H,33,ASN,CDR1,4.212,1,1
native_blind,3,39,65,ARG,H,50,ILE,CDR2,3.791,1,1
native_blind,3,39,65,ARG,H,51,ASP,CDR2,4.247,1,1
native_blind,3,41,67,LEU,H,56,ASP,CDR2,4.294,1,1
native_blind,3,42,68,LYS,H,56,ASP,CDR2,3.926,1,1
native_blind,3,42,68,LYS,H,54,ASN,CDR2,4.444,1,1
native_blind,3,43,69,PRO,H,56,ASP,CDR2,4.174,1,1
native_blind,3,80,106,PHE,H,101,THR,CDR3,4.911,0,1
native_blind,3,80,106,PHE,H,102,ASP,CDR3,4.704,0,1
native_blind,3,80,106,PHE,L,50,TRP,CDR2,4.794,0,1
native_blind,3,81,107,LYS,H,101,THR,CDR3,2.686,1,1
native_blind,3,81,107,LYS,H,102,ASP,CDR3,3.506,1,1
native_blind,3,81,107,LYS,H,100,ILE,CDR3,4.269,1,1
native_blind,3,82,108,VAL,H,101,THR,CDR3,4.437,1,1
native_blind,3,83,109,LEU,H,104,TRP,CDR3,4.15,1,1
native_blind,3,84,110,ARG,H,104,TRP,CDR3,1.878,1,1
native_blind,3,84,110,ARG,H,100,ILE,CDR3,3.788,1,1
native_blind,3,84,110,ARG,H,101,THR,CDR3,3.911,1,1
native_blind,3,84,110,ARG,H,102,ASP,CDR3,4.745,0,1
native_blind,3,84,110,ARG,L,50,TRP,CDR2,1.106,1,1
native_blind,3,85,111,SER,H,100,ILE,CDR3,2.541,1,1
native_blind,3,85,111,SER,H,101,THR,CDR3,4.124,1,1
native_blind,3,85,111,SER,H,104,TRP,CDR3,3.849,1,1
native_blind,3,87,113,SER,H,104,TRP,CDR3,2.391,1,1
native_blind,3,88,114,THR,H,104,TRP,CDR3,3.246,1,1
native_blind,3,88,114,THR,L,95,TYR,CDR3,4.575,0,1
native_blind,3,88,114,THR,H,98,TRP,CDR3,3.043,1,1
native_blind,3,88,114,THR,H,100,ILE,CDR3,3.895,1,1
native_blind,3,88,114,THR,H,35,TYR,FR2,4.798,0,1
native_blind,3,91,117,ASN,L,93,TYR,CDR3,2.947,1,1
native_blind,3,91,117,ASN,L,91,SER,CDR3,3.163,1,1
native_blind,3,91,117,ASN,L,92,SER,CDR3,4.525,0,1
native_blind,3,91,117,ASN,L,95,TYR,CDR3,3.889,1,1
native_blind,3,91,117,ASN,L,90,TYR,CDR3,3.722,1,1
native_blind,3,91,117,ASN,H,104,TRP,CDR3,4.613,0,1
native_blind,3,92,118,ASN,L,93,TYR,CDR3,1.569,1,1
native_blind,3,92,118,ASN,H,58,SER,FR3,4.453,1,1
native_blind,3,92,118,ASN,H,35,TYR,FR2,3.649,1,1
native_blind,3,92,118,ASN,H,50,ILE,CDR2,4.347,1,1
native_blind,3,92,118,ASN,L,95,TYR,CDR3,4.214,1,1
native_blind,3,92,118,ASN,H,33,ASN,CDR1,4.353,1,1
native_blind,3,95,121,VAL,L,93,TYR,CDR3,1.64,1,1
native_blind,3,95,121,VAL,H,58,SER,FR3,3.921,1,1
native_blind,3,95,121,VAL,H,47,TRP,FR2,4.549,0,1
native_blind,3,95,121,VAL,H,59,TYR,FR3,4.871,0,1
native_blind,3,95,121,VAL,L,92,SER,CDR3,4.669,0,1
native_blind,3,95,121,VAL,L,94,PRO,CDR3,4.682,0,1
native_blind,3,96,122,ILE,H,58,SER,FR3,3.117,1,1
native_blind,3,96,122,ILE,H,57,THR,CDR2,4.835,0,1
native_blind,3,96,122,ILE,H,56,ASP,CDR2,4.498,1,1
native_blind,3,99,125,GLN,H,64,LYS,FR3,3.32,1,1
native_blind,3,99,125,GLN,H,61,GLN,FR3,4.351,1,1
native_blind,3,99,125,GLN,H,58,SER,FR3,2.87,1,1
native_blind,3,99,125,GLN,H,59,TYR,FR3,2.089,1,1
native_blind,3,99,125,GLN,H,57,THR,CDR2,3.088,1,1
native_blind,3,99,125,GLN,H,60,ASN,FR3,4.665,0,1
native_blind,3,102,128,PRO,H,61,GLN,FR3,4.014,1,1
native_blind,3,102,128,PRO,H,64,LYS,FR3,4.27,1,1
native_blind,3,105,131,ASP,H,64,LYS,FR3,2.608,1,1
native_blind,3,107,133,SER,H,64,LYS,FR3,4.761,0,1
native_blind,3,108,134,MET,H,64,LYS,FR3,2.788,1,1
native_blind,3,108,134,MET,H,61,GLN,FR3,4.704,0,1
native_blind,3,123,149,ARG,L,93,TYR,CDR3,3.959,1,1
native_blind,3,123,149,ARG,L,92,SER,CDR3,4.152,1,1
native_blind,3,127,153,LYS,L,91,SER,CDR3,2.045,1,1
native_blind,3,127,153,LYS,L,92,SER,CDR3,3.312,1,1
native_blind,3,130,156,ASP,L,91,SER,CDR3,2.877,1,1
native_blind,3,130,156,ASP,H,104,TRP,CDR3,3.114,1,1
native_blind,3,130,156,ASP,L,90,TYR,CDR3,4.898,0,1
native_blind,3,133,159,VAL,L,50,TRP,CDR2,4.612,0,1
native_blind,3,133,159,VAL,H,104,TRP,CDR3,4.449,1,1
native_blind,3,134,160,ALA,L,50,TRP,CDR2,2.859,1,1
native_blind,3,134,160,ALA,L,31,THR,CDR1,2.528,1,1
native_blind,3,134,160,ALA,L,29,VAL,CDR1,4.88,0,1
native_blind,3,134,160,ALA,L,30,GLY,CDR1,4.949,0,1
native_blind,3,134,160,ALA,L,32,ALA,CDR1,4.482,1,1
native_blind,3,135,161,LEU,L,31,THR,CDR1,4.129,1,1
native_blind,3,135,161,LEU,L,30,GLY,CDR1,3.851,1,1
native_blind,3,135,161,LEU,L,67,SER,FR3,3.932,1,1
native_blind,3,137,163,LYS,L,53,ARG,FR3,3.04,1,1
native_blind,3,137,163,LYS,L,50,TRP,CDR2,3.276,1,1
native_blind,3,137,163,LYS,H,102,ASP,CDR3,4.102,1,1
native_blind,3,137,163,LYS,L,49,TYR,FR2,4.412,1,1
native_blind,3,138,164,ALA,L,31,THR,CDR1,2.933,1,1
native_blind,3,138,164,ALA,L,50,TRP,CDR2,4.601,0,1
native_blind,3,138,164,ALA,L,53,ARG,FR3,4.537,0,1
native_blind,3,138,164,ALA,L,52,SER,CDR2,4.351,1,1
native_blind,3,139,165,PHE,L,53,ARG,FR3,4.478,1,1
native_blind,3,140,166,GLY,L,53,ARG,FR3,3.19,1,1
native_blind,4,30,56,GLN,H,56,ASP,CDR2,4.526,0,1
native_blind,4,31,57,THR,H,56,ASP,CDR2,3.199,1,1
native_blind,4,31,57,THR,L,93,TYR,CDR3,4.278,1,1
native_blind,4,32,58,GLN,H,104,TRP,CDR3,1.622,1,1
native_blind,4,32,58,GLN,H,100,ILE,CDR3,3.901,1,1
native_blind,4,33,59,ASP,H,98,TRP,CDR3,2.12,1,1
native_blind,4,33,59,ASP,H,104,TRP,CDR3,3.323,1,1
native_blind,4,33,59,ASP,H,35,TYR,FR2,1.85,1,1
native_blind,4,33,59,ASP,L,93,TYR,CDR3,3.257,1,1
native_blind,4,33,59,ASP,L,95,TYR,CDR3,2.711,1,1
native_blind,4,33,59,ASP,L,90,TYR,CDR3,4.798,0,1
native_blind,4,33,59,ASP,H,50,ILE,CDR2,3.299,1,1
native_blind,4,33,59,ASP,H,33,ASN,CDR1,3.622,1,1
native_blind,4,33,59,ASP,H,100,ILE,CDR3,3.597,1,1
native_blind,4,34,60,ASP,L,93,TYR,CDR3,1.942,1,1
native_blind,4,34,60,ASP,L,95,TYR,CDR3,4.209,1,1
native_blind,4,34,60,ASP,L,91,SER,CDR3,4.772,0,1
native_blind,4,36,62,THR,L,50,TRP,CDR2,3.849,1,1
native_blind,4,36,62,THR,L,90,TYR,CDR3,3.297,1,1
native_blind,4,36,62,THR,L,91,SER,CDR3,3.917,1,1
native_blind,4,36,62,THR,L,32,ALA,CDR1,4.035,1,1
native_blind,4,36,62,THR,H,98,TRP,CDR3,4.611,0,1
native_blind,4,36,62,THR,H,104,TRP,CDR3,2.925,1,1
native_blind,4,37,63,SER,L,90,TYR,CDR3,2.429,1,1
native_blind,4,37,63,SER,L,91,SER,CDR3,0.337,1,1
native_blind,4,37,63,SER,L,92,SER,CDR3,2.16,1,1
native_blind,4,37,63,SER,L,95,TYR,CDR3,2.365,1,1
native_blind,4,37,63,SER,L,89,GLN,CDR3,4.982,0,1
native_blind,4,37,63,SER,L,93,TYR,CDR3,4.274,1,1
native_blind,4,38,64,ILE,L,90,TYR,CDR3,4.631,0,1
native_blind,4,38,64,ILE,L,91,SER,CDR3,2.131,1,1
native_blind,4,38,64,ILE,L,92,SER,CDR3,4.261,1,1
native_blind,4,39,65,ARG,L,91,SER,CDR3,4.479,1,1
native_blind,4,39,65,ARG,L,30,GLY,CDR1,2.274,1,1
native_blind,4,39,65,ARG,L,28,ASP,CDR1,2.534,1,1
native_blind,4,39,65,ARG,L,29,VAL,CDR1,4.03,1,1
native_blind,4,39,65,ARG,L,31,THR,CDR1,4.408,1,1
native_blind,4,39,65,ARG,L,67,SER,FR3,4.528,0,1
native_blind,4,39,65,ARG,L,68,GLY,FR3,4.281,1,1
native_blind,4,72,98,ASN,H,54,ASN,CDR2,1.972,1,1
native_blind,4,72,98,ASN,H,53,TYR,CDR2,4.46,1,1
native_blind,4,72,98,ASN,H,56,ASP,CDR2,3.625,1,1
native_blind,4,73,99,TYR,H,54,ASN,CDR2,3.195,1,1
native_blind,4,73,99,TYR,H,53,TYR,CDR2,2.962,1,1
native_blind,4,73,99,TYR,H,100,ILE,CDR3,3.989,1,1
native_blind,4,73,99,TYR,H,33,ASN,CDR1,4.413,1,1
native_blind,4,74,100,HIS,H,54,ASN,CDR2,3.407,1,1
native_blind,4,75,101,SER,H,53,TYR,CDR2,4.467,1,1
native_blind,4,75,101,SER,H,31,ASP,CDR1,2.771,1,1
native_blind,4,75,101,SER,H,30,THR,CDR1,4.395,1,1
native_blind,4,77,103,ILE,H,31,ASP,CDR1,3.064,1,1
native_blind,4,78,104,ALA,H,31,ASP,CDR1,3.374,1,1
native_blind,4,78,104,ALA,H,53,TYR,CDR2,2.988,1,1
native_blind,4,78,104,ALA,H,100,ILE,CDR3,4.605,0,1
native_blind,4,78,104,ALA,H,30,THR,CDR1,4.414,1,1
native_blind,4,81,107,LYS,H,101,THR,CDR3,2.546,1,1
native_blind,4,81,107,LYS,H,100,ILE,CDR3,3.651,1,1
native_blind,4,81,107,LYS,H,102,ASP,CDR3,4.874,0,1
native_blind,4,81,107,LYS,H,32,TYR,CDR1,2.693,1,1
native_blind,4,81,107,LYS,H,31,ASP,CDR1,3.97,1,1
native_blind,4,82,108,VAL,H,100,ILE,CDR3,3.738,1,1
native_blind,4,82,108,VAL,H,101,THR,CDR3,4.68,0,1
native_blind,4,84,110,ARG,H,101,THR,CDR3,4.401,1,1
native_blind,4,85,111,SER,H,100,ILE,CDR3,2.982,1,1
native_blind,4,85,111,SER,H,101,THR,CDR3,3.873,1,1
native_blind,4,85,111,SER,H,102,ASP,CDR3,4.155,1,1
native_blind,4,85,111,SER,H,104,TRP,CDR3,1.946,1,1
native_blind,4,86,112,PHE,H,104,TRP,CDR3,4.976,0,1
native_blind,4,88,114,THR,H,102,ASP,CDR3,3.113,1,1
native_blind,4,88,114,THR,L,53,ARG,FR3,3.844,1,1
native_blind,4,89,115,LEU,H,104,TRP,CDR3,4.983,0,1
native_blind,4,89,115,LEU,L,50,TRP,CDR2,3.672,1,1
native_blind,4,92,118,ASN,L,50,TRP,CDR2,3.373,1,1
native_blind,4,92,118,ASN,L,53,ARG,FR3,3.52,1,1
native_blind,4,96,122,ILE,L,31,THR,CDR1,4.342,1,1
native_blind,4,99,125,GLN,L,67,SER,FR3,4.434,1,1
native_blind,5,30,56,GLN,H,56,ASP,CDR2,4.641,0,1
native_blind,5,31,57,THR,H,33,ASN,CDR1,4.845,0,1
native_blind,5,31,57,THR,H,50,ILE,CDR2,4.971,0,1
native_blind,5,31,57,THR,L,93,TYR,CDR3,4.547,0,1
native_blind,5,31,57,THR,H,56,ASP,CDR2,3.843,1,1
native_blind,5,32,58,GLN,H,98,TRP,CDR3,4.082,1,1
native_blind,5,32,58,GLN,H,104,TRP,CDR3,1.656,1,1
native_blind,5,32,58,GLN,H,100,ILE,CDR3,3.136,1,1
native_blind,5,33,59,ASP,H,35,TYR,FR2,1.369,1,1
native_blind,5,33,59,ASP,L,93,TYR,CDR3,1.685,1,1
native_blind,5,33,59,ASP,L,95,TYR,CDR3,3.184,1,1
native_blind,5,33,59,ASP,H,50,ILE,CDR2,1.944,1,1
native_blind,5,33,59,ASP,H,33,ASN,CDR1,4.403,1,1
native_blind,5,33,59,ASP,H,98,TRP,CDR3,3.433,1,1
native_blind,5,34,60,ASP,L,93,TYR,CDR3,3.689,1,1
native_blind,5,35,61,ILE,H,104,TRP,CDR3,3.629,1,1
native_blind,5,36,62,THR,H,104,TRP,CDR3,3.139,1,1
native_blind,5,36,62,THR,L,95,TYR,CDR3,3.305,1,1
native_blind,5,36,62,THR,L,90,TYR,CDR3,2.385,1,1
native_blind,5,36,62,THR,L,91,SER,CDR3,2.56,1,1
native_blind,5,36,62,THR,L,92,SER,CDR3,3.646,1,1
native_blind,5,36,62,THR,H,98,TRP,CDR3,3.808,1,1
native_blind,5,37,63,SER,L,90,TYR,CDR3,4.203,1,1
native_blind,5,37,63,SER,L,91,SER,CDR3,2.458,1,1
native_blind,5,37,63,SER,L,92,SER,CDR3,2.247,1,1
native_blind,5,37,63,SER,L,93,TYR,CDR3,2.766,1,1
native_blind,5,37,63,SER,L,95,TYR,CDR3,4.128,1,1
native_blind,5,38,64,ILE,L,91,SER,CDR3,2.958,1,1
native_blind,5,38,64,ILE,L,92,SER,CDR3,4.176,1,1
native_blind,5,39,65,ARG,L,91,SER,CDR3,4.268,1,1
native_blind,5,39,65,ARG,L,28,ASP,CDR1,2.928,1,1
native_blind,5,39,65,ARG,L,29,VAL,CDR1,2.581,1,1
native_blind,5,39,65,ARG,L,30,GLY,CDR1,2.703,1,1
native_blind,5,72,98,ASN,H,54,ASN,CDR2,3.132,1,1
native_blind,5,72,98,ASN,H,53,TYR,CDR2,4.212,1,1
native_blind,5,73,99,TYR,H,53,TYR,CDR2,2.747,1,1
native_blind,5,73,99,TYR,H,100,ILE,CDR3,4.194,1,1
native_blind,5,73,99,TYR,H,54,ASN,CDR2,4.819,0,1
native_blind,5,75,101,SER,H,31,ASP,CDR1,3.371,1,1
native_blind,5,77,103,ILE,H,101,THR,CDR3,4.949,0,1
native_blind,5,77,103,ILE,H,31,ASP,CDR1,3.964,1,1
native_blind,5,78,104,ALA,H,31,ASP,CDR1,3.817,1,1
native_blind,5,78,104,ALA,H,100,ILE,CDR3,4.367,1,1
native_blind,5,78,104,ALA,H,53,TYR,CDR2,3.643,1,1
native_blind,5,80,106,PHE,H,101,THR,CDR3,4.268,1,1
native_blind,5,81,107,LYS,H,101,THR,CDR3,1.71,1,1
native_blind,5,81,107,LYS,H,100,ILE,CDR3,3.492,1,1
native_blind,5,81,107,LYS,H,102,ASP,CDR3,4.421,1,1
native_blind,5,81,107,LYS,H,99,GLU,CDR3,4.262,1,1
native_blind,5,81,107,LYS,H,32,TYR,CDR1,1.788,1,1
native_blind,5,82,108,VAL,H,100,ILE,CDR3,3.922,1,1
native_blind,5,82,108,VAL,H,101,THR,CDR3,3.621,1,1
native_blind,5,84,110,ARG,H,102,ASP,CDR3,3.852,1,1
native_blind,5,84,110,ARG,H,101,THR,CDR3,4.244,1,1
native_blind,5,85,111,SER,H,100,ILE,CDR3,3.357,1,1
native_blind,5,85,111,SER,H,101,THR,CDR3,4.337,1,1
native_blind,5,85,111,SER,H,102,ASP,CDR3,4.386,1,1
native_blind,5,85,111,SER,H,104,TRP,CDR3,2.85,1,1
native_blind,5,86,112,PHE,H,104,TRP,CDR3,4.955,0,1
native_blind,5,88,114,THR,H,102,ASP,CDR3,2.605,1,1
native_blind,5,88,114,THR,L,50,TRP,CDR2,2.896,1,1
native_blind,5,88,114,THR,H,104,TRP,CDR3,4.48,1,1
native_blind,5,89,115,LEU,H,104,TRP,CDR3,4.604,0,1
native_blind,5,92,118,ASN,L,50,TRP,CDR2,2.216,1,1
native_blind,5,92,118,ASN,L,31,THR,CDR1,3.005,1,1
native_blind,5,92,118,ASN,H,104,TRP,CDR3,4.763,0,1
native_blind,5,95,121,VAL,L,31,THR,CDR1,4.158,1,1
native_blind,5,95,121,VAL,L,67,SER,FR3,4.778,0,1
native_blind,5,96,122,ILE,L,30,GLY,CDR1,4.686,0,1
native_blind,5,99,125,GLN,L,28,ASP,CDR1,2.751,1,1
native_blind,5,99,125,GLN,L,67,SER,FR3,3.718,1,1
native_blind,5,99,125,GLN,L,68,GLY,FR3,3.729,1,1
native_blind,5,99,125,GLN,L,30,GLY,CDR1,4.676,0,1
native_blind,6,31,57,THR,H,56,ASP,CDR2,2.045,1,1
native_blind,6,31,57,THR,H,53,TYR,CDR2,4.719,0,1
native_blind,6,32,58,GLN,H,53,TYR,CDR2,3.719,1,1
native_blind,6,32,58,GLN,H,33,ASN,CDR1,3.221,1,1
native_blind,6,32,58,GLN,H,100,ILE,CDR3,1.766,1,1
native_blind,6,32,58,GLN,H,98,TRP,CDR3,3.555,1,1
native_blind,6,33,59,ASP,L,93,TYR,CDR3,2.711,1,1
native_blind,6,33,59,ASP,H,50,ILE,CDR2,2.537,1,1
native_blind,6,33,59,ASP,H,58,SER,FR3,3.807,1,1
native_blind,6,33,59,ASP,H,35,TYR,FR2,3.375,1,1
native_blind,6,33,59,ASP,H,33,ASN,CDR1,4.69,0,1
native_blind,6,33,59,ASP,H,51,ASP,CDR2,4.731,0,1
native_blind,6,33,59,ASP,H,56,ASP,CDR2,4.741,0,1
native_blind,6,34,60,ASP,L,93,TYR,CDR3,4.902,0,1
native_blind,6,36,62,THR,L,93,TYR,CDR3,2.904,1,1
native_blind,6,36,62,THR,L,95,TYR,CDR3,2.807,1,1
native_blind,6,36,62,THR,L,91,SER,CDR3,3.387,1,1
native_blind,6,36,62,THR,L,92,SER,CDR3,3.168,1,1
native_blind,6,36,62,THR,L,90,TYR,CDR3,4.266,1,1
native_blind,6,37,63,SER,L,92,SER,CDR3,4.045,1,1
native_blind,6,37,63,SER,L,93,TYR,CDR3,2.141,1,1
native_blind,6,38,64,ILE,L,92,SER,CDR3,4.927,0,1
native_blind,6,39,65,ARG,L,28,ASP,CDR1,3.741,1,1
native_blind,6,39,65,ARG,L,91,SER,CDR3,3.982,1,1
native_blind,6,39,65,ARG,L,92,SER,CDR3,4.407,1,1
native_blind,6,39,65,ARG,L,2,ILE,FR1,4.518,0,1
native_blind,6,39,65,ARG,L,27,GLN,CDR1,4.491,1,1
native_blind,6,73,99,TYR,H,53,TYR,CDR2,3.401,1,1
native_blind,6,73,99,TYR,H,54,ASN,CDR2,2.49,1,1
native_blind,6,75,101,SER,H,31,ASP,CDR1,4.255,1,1
native_blind,6,77,103,ILE,H,31,ASP,CDR1,3.291,1,1
native_blind,6,77,103,ILE,H,101,THR,CDR3,4.439,1,1
native_blind,6,78,104,ALA,H,31,ASP,CDR1,4.292,1,1
native_blind,6,78,104,ALA,H,53,TYR,CDR2,3.628,1,1
native_blind,6,80,106,PHE,H,101,THR,CDR3,2.545,1,1
native_blind,6,80,106,PHE,H,100,ILE,CDR3,4.82,0,1
native_blind,6,80,106,PHE,H,102,ASP,CDR3,4.555,0,1
native_blind,6,81,107,LYS,H,101,THR,CDR3,3.488,1,1
native_blind,6,81,107,LYS,H,100,ILE,CDR3,3.033,1,1
native_blind,6,81,107,LYS,H,53,TYR,CDR2,3.357,1,1
native_blind,6,81,107,LYS,H,31,ASP,CDR1,2.271,1,1
native_blind,6,81,107,LYS,H,32,TYR,CDR1,2.385,1,1
native_blind,6,81,107,LYS,H,33,ASN,CDR1,2.965,1,1
native_blind,6,81,107,LYS,H,30,THR,CDR1,4.51,0,1
native_blind,6,82,108,VAL,H,53,TYR,CDR2,2.659,1,1
native_blind,6,82,108,VAL,H,100,ILE,CDR3,4.63,0,1
native_blind,6,83,109,LEU,H,104,TRP,CDR3,4.709,0,1
native_blind,6,84,110,ARG,H,100,ILE,CDR3,1.756,1,1
native_blind,6,84,110,ARG,H,104,TRP,CDR3,1.18,1,1
native_blind,6,84,110,ARG,H,101,THR,CDR3,3.579,1,1
native_blind,6,84,110,ARG,H,102,ASP,CDR3,3.826,1,1
native_blind,6,84,110,ARG,L,50,TRP,CDR2,3.001,1,1
native_blind,6,84,110,ARG,L,53,ARG,FR3,3.917,1,1
native_blind,6,84,110,ARG,H,103,PRO,CDR3,4.902,0,1
native_blind,6,84,110,ARG,L,49,TYR,FR2,4.273,1,1
native_blind,6,85,111,SER,H,100,ILE,CDR3,4.255,1,1
native_blind,6,85,111,SER,H,104,TRP,CDR3,2.971,1,1
native_blind,6,86,112,PHE,H,104,TRP,CDR3,4.003,1,1
native_blind,6,87,113,SER,H,104,TRP,CDR3,3.16,1,1
native_blind,6,87,113,SER,L,50,TRP,CDR2,3.937,1,1
native_blind,6,88,114,THR,H,104,TRP,CDR3,1.194,1,1
native_blind,6,88,114,THR,L,50,TRP,CDR2,3.761,1,1
native_blind,6,88,114,THR,L,90,TYR,CDR3,4.432,1,1
native_blind,6,89,115,LEU,H,104,TRP,CDR3,4.609,0,1
native_blind,6,91,117,ASN,L,50,TRP,CDR2,1.463,1,1
native_blind,6,91,117,ASN,L,31,THR,CDR1,3.692,1,1
native_blind,6,91,117,ASN,L,32,ALA,CDR1,4.943,0,1
native_blind,6,92,118,ASN,L,91,SER,CDR3,2.472,1,1
native_blind,6,92,118,ASN,L,92,SER,CDR3,4.657,0,1
native_blind,6,94,120,ILE,L,30,GLY,CDR1,4.959,0,1
native_blind,6,95,121,VAL,L,28,ASP,CDR1,2.838,1,1
native_blind,6,95,121,VAL,L,30,GLY,CDR1,3.136,1,1
native_blind,6,95,121,VAL,L,29,VAL,CDR1,3.164,1,1
native_blind,6,95,121,VAL,L,91,SER,CDR3,4.603,0,1
native_blind,6,98,124,SER,L,28,ASP,CDR1,2.371,1,1
native_blind,6,99,125,GLN,L,28,ASP,CDR1,4.571,0,1
native_blind,6,130,156,ASP,L,53,ARG,FR3,3.664,1,1
native_blind,6,130,156,ASP,L,50,TRP,CDR2,4.841,0,1
native_blind,6,133,159,VAL,H,102,ASP,CDR3,4.514,0,1
native_blind,6,133,159,VAL,H,101,THR,CDR3,4.404,1,1
native_blind,6,134,160,ALA,H,102,ASP,CDR3,4.693,0,1
native_blind,6,134,160,ALA,L,53,ARG,FR3,4.356,1,1
native_blind,6,137,163,LYS,H,102,ASP,CDR3,2.639,1,1
native_blind,6,137,163,LYS,H,103,PRO,CDR3,4.81,0,1
native_blind,7,28,54,THR,L,31,THR,CDR1,3.984,1,1
native_blind,7,30,56,GLN,L,31,THR,CDR1,3.541,1,1
native_blind,7,30,56,GLN,H,104,TRP,CDR3,4.329,1,1
native_blind,7,30,56,GLN,L,50,TRP,CDR2,4.208,1,1
native_blind,7,30,56,GLN,L,32,ALA,CDR1,4.595,0,1
native_blind,7,30,56,GLN,L,29,VAL,CDR1,4.551,0,1
native_blind,7,30,56,GLN,L,30,GLY,CDR1,3.394,1,1
native_blind,7,31,57,THR,H,104,TRP,CDR3,2.653,1,1
native_blind,7,31,57,THR,L,50,TRP,CDR2,1.143,1,1
native_blind,7,31,57,THR,L,32,ALA,CDR1,3.277,1,1
native_blind,7,31,57,THR,L,90,TYR,CDR3,3.713,1,1
native_blind,7,31,57,THR,L,31,THR,CDR1,4.729,0,1
native_blind,7,32,58,GLN,H,104,TRP,CDR3,1.632,1,1
native_blind,7,32,58,GLN,L,50,TRP,CDR2,2.738,1,1
native_blind,7,32,58,GLN,H,100,ILE,CDR3,1.069,1,1
native_blind,7,32,58,GLN,H,101,THR,CDR3,1.949,1,1
native_blind,7,32,58,GLN,H,102,ASP,CDR3,3.795,1,1
native_blind,7,33,59,ASP,H,104,TRP,CDR3,4.112,1,1
native_blind,7,33,59,ASP,L,50,TRP,CDR2,1.535,1,1
native_blind,7,33,59,ASP,L,53,ARG,FR3,3.281,1,1
native_blind,7,33,59,ASP,H,102,ASP,CDR3,3.111,1,1
native_blind,7,33,59,ASP,H,103,PRO,CDR3,4.193,1,1
native_blind,7,33,59,ASP,L,49,TYR,FR2,2.963,1,1
native_blind,7,34,60,ASP,L,50,TRP,CDR2,3.739,1,1
native_blind,7,34,60,ASP,L,31,THR,CDR1,2.566,1,1
native_blind,7,34,60,ASP,L,53,ARG,FR3,4.973,0,1
native_blind,7,36,62,THR,H,102,ASP,CDR3,3.68,1,1
native_blind,7,36,62,THR,H,101,THR,CDR3,4.388,1,1
native_blind,7,37,63,SER,L,53,ARG,FR3,2.226,1,1
native_blind,7,68,94,THR,L,91,SER,CDR3,4.927,0,1
native_blind,7,71,97,LYS,L,91,SER,CDR3,3.981,1,1
native_blind,7,71,97,LYS,L,92,SER,CDR3,3.712,1,1
native_blind,7,71,97,LYS,L,93,TYR,CDR3,4.291,1,1
native_blind,7,72,98,ASN,L,91,SER,CDR3,0.706,1,1
native_blind,7,72,98,ASN,L,92,SER,CDR3,2.659,1,1
native_blind,7,72,98,ASN,L,90,TYR,CDR3,3.632,1,1
native_blind,7,72,98,ASN,L,93,TYR,CDR3,3.658,1,1
native_blind,7,72,98,ASN,L,95,TYR,CDR3,2.394,1,1
native_blind,7,73,99,TYR,L,93,TYR,CDR3,3.491,1,1
native_blind,7,73,99,TYR,L,95,TYR,CDR3,4.232,1,1
native_blind,7,73,99,TYR,H,98,TRP,CDR3,4.015,1,1
native_blind,7,73,99,TYR,H,100,ILE,CDR3,3.774,1,1
native_blind,7,73,99,TYR,H,104,TRP,CDR3,2.212,1,1
native_blind,7,73,99,TYR,L,50,TRP,CDR2,4.358,1,1
native_blind,7,74,100,HIS,L,93,TYR,CDR3,1.399,1,1
native_blind,7,74,100,HIS,H,58,SER,FR3,2.946,1,1
native_blind,7,75,101,SER,H,58,SER,FR3,4.562,0,1
native_blind,7,75,101,SER,L,93,TYR,CDR3,4.267,1,1
native_blind,7,75,101,SER,H,50,ILE,CDR2,3.444,1,1
native_blind,7,75,101,SER,H,33,ASN,CDR1,2.968,1,1
native_blind,7,75,101,SER,H,53,TYR,CDR2,4.493,1,1
native_blind,7,76,102,LYS,H,53,TYR,CDR2,4.512,0,1
native_blind,7,76,102,LYS,H,56,ASP,CDR2,2.238,1,1
native_blind,7,76,102,LYS,H,54,ASN,CDR2,3.925,1,1
native_blind,7,77,103,ILE,H,33,ASN,CDR1,2.281,1,1
native_blind,7,77,103,ILE,H,53,TYR,CDR2,3.233,1,1
native_blind,7,77,103,ILE,H,54,ASN,CDR2,4.853,0,1
native_blind,7,77,103,ILE,H,100,ILE,CDR3,4.179,1,1
native_blind,7,77,103,ILE,H,30,THR,CDR1,4.291,1,1
native_blind,7,77,103,ILE,H,31,ASP,CDR1,4.065,1,1
native_blind,7,77,103,ILE,H,32,TYR,CDR1,4.951,0,1
native_blind,7,78,104,ALA,H,33,ASN,CDR1,3.705,1,1
native_blind,7,78,104,ALA,H,100,ILE,CDR3,2.603,1,1
native_blind,7,78,104,ALA,H,35,TYR,FR2,4.76,0,1
native_blind,7,79,105,LYS,H,100,ILE,CDR3,4.625,0,1
native_blind,7,81,107,LYS,H,101,THR,CDR3,3.281,1,1
native_blind,7,81,107,LYS,H,100,ILE,CDR3,3.766,1,1
native_blind,7,81,107,LYS,H,31,ASP,CDR1,1.51,1,1
native_blind,7,81,107,LYS,H,32,TYR,CDR1,2.992,1,1
native_blind,7,81,107,LYS,H,33,ASN,CDR1,4.458,1,1
native_blind,7,81,107,LYS,H,98,TRP,CDR3,4.981,0,1
native_blind,7,82,108,VAL,H,100,ILE,CDR3,4.089,1,1
native_blind,7,82,108,VAL,H,104,TRP,CDR3,3.423,1,1
native_blind,7,85,111,SER,H,101,THR,CDR3,3.213,1,1
native_blind,7,85,111,SER,H,100,ILE,CDR3,4.821,0,1
native_blind,8,27,53,ASN,L,31,THR,CDR1,4.295,1,1
native_blind,8,28,54,THR,L,53,ARG,FR3,2.785,1,1
native_blind,8,29,55,VAL,L,53,ARG,FR3,4.714,0,1
native_blind,8,30,56,GLN,L,53,ARG,FR3,3.805,1,1
native_blind,8,30,56,GLN,L,50,TRP,CDR2,2.856,1,1
native_blind,8,30,56,GLN,H,102,ASP,CDR3,3.02,1,1
native_blind,8,30,56,GLN,L,31,THR,CDR1,4.569,0,1
native_blind,8,31,57,THR,H,102,ASP,CDR3,3.191,1,1
native_blind,8,31,57,THR,L,53,ARG,FR3,3.248,1,1
native_blind,8,31,57,THR,L,49,TYR,FR2,4.515,0,1
native_blind,8,32,58,GLN,H,102,ASP,CDR3,4.016,1,1
native_blind,8,34,60,ASP,L,53,ARG,FR3,1.324,1,1
native_blind,8,68,94,THR,H,104,TRP,CDR3,2.619,1,1
native_blind,8,68,94,THR,L,50,TRP,CDR2,4.617,0,1
native_blind,8,71,97,LYS,L,93,TYR,CDR3,3.646,1,1
native_blind,8,71,97,LYS,L,91,SER,CDR3,1.698,1,1
native_blind,8,71,97,LYS,L,92,SER,CDR3,3.182,1,1
native_blind,8,72,98,ASN,L,93,TYR,CDR3,2.999,1,1
native_blind,8,72,98,ASN,L,95,TYR,CDR3,3.333,1,1
native_blind,8,72,98,ASN,H,35,TYR,FR2,4.116,1,1
native_blind,8,72,98,ASN,H,98,TRP,CDR3,4.961,0,1
native_blind,8,72,98,ASN,L,90,TYR,CDR3,2.651,1,1
native_blind,8,72,98,ASN,L,91,SER,CDR3,3.944,1,1
native_blind,8,72,98,ASN,L,92,SER,CDR3,4.41,1,1
native_blind,8,73,99,TYR,L,93,TYR,CDR3,4.398,1,1
native_blind,8,73,99,TYR,H,98,TRP,CDR3,3.377,1,1
native_blind,8,73,99,TYR,H,100,ILE,CDR3,2.987,1,1
native_blind,8,73,99,TYR,H,104,TRP,CDR3,2.283,1,1
native_blind,8,73,99,TYR,H,99,GLU,CDR3,4.382,1,1
native_blind,8,73,99,TYR,H,101,THR,CDR3,4.745,0,1
native_blind,8,74,100,HIS,H,56,ASP,CDR2,1.205,1,1
native_blind,8,74,100,HIS,L,93,TYR,CDR3,2.032,1,1
native_blind,8,74,100,HIS,H,53,TYR,CDR2,4.972,0,1
native_blind,8,74,100,HIS,H,58,SER,FR3,4.131,1,1
native_blind,8,74,100,HIS,H,50,ILE,CDR2,4.845,0,1
native_blind,8,75,101,SER,H,33,ASN,CDR1,3.418,1,1
native_blind,8,75,101,SER,H,56,ASP,CDR2,3.033,1,1
native_blind,8,75,101,SER,H,53,TYR,CDR2,2.86,1,1
native_blind,8,75,101,SER,H,54,ASN,CDR2,3.173,1,1
native_blind,8,76,102,LYS,H,53,TYR,CDR2,4.985,0,1
native_blind,8,76,102,LYS,H,54,ASN,CDR2,3.728,1,1
native_blind,8,76,102,LYS,H,56,ASP,CDR2,3.552,1,1
native_blind,8,77,103,ILE,H,53,TYR,CDR2,2.57,1,1
native_blind,8,77,103,ILE,H,54,ASN,CDR2,3.115,1,1
native_blind,8,77,103,ILE,H,100,ILE,CDR3,4.587,0,1
native_blind,8,77,103,ILE,H,30,THR,CDR1,3.427,1,1
native_blind,8,77,103,ILE,H,31,ASP,CDR1,3.597,1,1
native_blind,8,78,104,ALA,H,100,ILE,CDR3,3.14,1,1
native_blind,8,78,104,ALA,H,33,ASN,CDR1,3.815,1,1
native_blind,8,79,105,LYS,H,56,ASP,CDR2,4.983,0,1
native_blind,8,81,107,LYS,H,101,THR,CDR3,4.098,1,1
native_blind,8,81,107,LYS,H,100,ILE,CDR3,3.622,1,1
native_blind,8,81,107,LYS,H,31,ASP,CDR1,2.838,1,1
native_blind,8,81,107,LYS,H,32,TYR,CDR1,3.911,1,1
native_blind,8,82,108,VAL,H,100,ILE,CDR3,2.796,1,1
native_blind,8,82,108,VAL,H,104,TRP,CDR3,4.061,1,1
native_blind,8,82,108,VAL,H,101,THR,CDR3,4.805,0,1
native_blind,8,85,111,SER,H,101,THR,CDR3,4.343,1,1
native_blind,8,85,111,SER,H,102,ASP,CDR3,4.948,0,1
native_blind,8,86,112,PHE,H,104,TRP,CDR3,4.762,0,1
native_blind,9,31,57,THR,H,56,ASP,CDR2,2.617,1,1
native_blind,9,31,57,THR,L,93,TYR,CDR3,4.445,1,1
native_blind,9,32,58,GLN,H,104,TRP,CDR3,2.231,1,1
native_blind,9,32,58,GLN,H,100,ILE,CDR3,3.7,1,1
native_blind,9,33,59,ASP,L,93,TYR,CDR3,2.208,1,1
native_blind,9,33,59,ASP,L,95,TYR,CDR3,2.85,1,1
native_blind,9,33,59,ASP,H,35,TYR,FR2,1.979,1,1
native_blind,9,33,59,ASP,L,90,TYR,CDR3,4.822,0,1
native_blind,9,33,59,ASP,H,33,ASN,CDR1,4.249,1,1
native_blind,9,33,59,ASP,H,50,ILE,CDR2,2.738,1,1
native_blind,9,33,59,ASP,H,98,TRP,CDR3,3.252,1,1
native_blind,9,33,59,ASP,H,100,ILE,CDR3,3.566,1,1
native_blind,9,34,60,ASP,L,93,TYR,CDR3,2.873,1,1
native_blind,9,34,60,ASP,L,95,TYR,CDR3,4.685,0,1
native_blind,9,34,60,ASP,L,91,SER,CDR3,4.733,0,1
native_blind,9,35,61,ILE,H,104,TRP,CDR3,3.606,1,1
native_blind,9,36,62,THR,H,104,TRP,CDR3,2.16,1,1
native_blind,9,36,62,THR,L,90,TYR,CDR3,2.294,1,1
native_blind,9,36,62,THR,L,50,TRP,CDR2,4.885,0,1
native_blind,9,36,62,THR,L,32,ALA,CDR1,3.655,1,1
native_blind,9,36,62,THR,L,91,SER,CDR3,2.815,1,1
native_blind,9,36,62,THR,L,92,SER,CDR3,4.501,0,1
native_blind,9,36,62,THR,H,98,TRP,CDR3,4.043,1,1
native_blind,9,36,62,THR,L,95,TYR,CDR3,3.15,1,1
native_blind,9,37,63,SER,L,90,TYR,CDR3,3.254,1,1
native_blind,9,37,63,SER,L,91,SER,CDR3,0.892,1,1
native_blind,9,37,63,SER,L,92,SER,CDR3,2.825,1,1
native_blind,9,37,63,SER,L,93,TYR,CDR3,3.563,1,1
native_blind,9,37,63,SER,L,95,TYR,CDR3,3.466,1,1
native_blind,9,38,64,ILE,L,91,SER,CDR3,2.4,1,1
native_blind,9,38,64,ILE,L,92,SER,CDR3,4.624,0,1
native_blind,9,39,65,ARG,L,28,ASP,CDR1,1.311,1,1
native_blind,9,39,65,ARG,L,29,VAL,CDR1,3.281,1,1
native_blind,9,39,65,ARG,L,30,GLY,CDR1,3.328,1,1
native_blind,9,39,65,ARG,L,27,GLN,CDR1,4.973,0,1
native_blind,9,39,65,ARG,L,68,GLY,FR3,4.741,0,1
native_blind,9,72,98,ASN,H,54,ASN,CDR2,2.269,1,1
native_blind,9,72,98,ASN,H,53,TYR,CDR2,4.38,1,1
native_blind,9,73,99,TYR,H,54,ASN,CDR2,2.372,1,1
native_blind,9,73,99,TYR,H,53,TYR,CDR2,2.831,1,1
native_blind,9,73,99,TYR,H,100,ILE,CDR3,3.613,1,1
native_blind,9,73,99,TYR,H,33,ASN,CDR1,4.718,0,1
native_blind,9,74,100,HIS,H,54,ASN,CDR2,2.993,1,1
native_blind,9,74,100,HIS,H,55,ASP,CDR2,4.561,0,1
native_blind,9,75,101,SER,H,53,TYR,CDR2,4.129,1,1
native_blind,9,75,101,SER,H,54,ASN,CDR2,4.365,1,1
native_blind,9,75,101,SER,H,31,ASP,CDR1,2.699,1,1
native_blind,9,75,101,SER,H,30,THR,CDR1,4.648,0,1
native_blind,9,77,103,ILE,H,31,ASP,CDR1,3.302,1,1
native_blind,9,78,104,ALA,H,31,ASP,CDR1,3.848,1,1
native_blind,9,78,104,ALA,H,53,TYR,CDR2,1.947,1,1
native_blind,9,78,104,ALA,H,100,ILE,CDR3,4.578,0,1
native_blind,9,78,104,ALA,H,30,THR,CDR1,4.873,0,1
native_blind,9,78,104,ALA,H,54,ASN,CDR2,4.749,0,1
native_blind,9,80,106,PHE,H,101,THR,CDR3,4.191,1,1
native_blind,9,81,107,LYS,H,101,THR,CDR3,2.014,1,1
native_blind,9,81,107,LYS,H,100,ILE,CDR3,3.511,1,1
native_blind,9,81,107,LYS,H,102,ASP,CDR3,4.431,1,1
native_blind,9,81,107,LYS,H,32,TYR,CDR1,2.214,1,1
native_blind,9,81,107,LYS,H,31,ASP,CDR1,3.758,1,1
native_blind,9,82,108,VAL,H,100,ILE,CDR3,2.999,1,1
native_blind,9,82,108,VAL,H,101,THR,CDR3,3.52,1,1
native_blind,9,84,110,ARG,H,101,THR,CDR3,3.83,1,1
native_blind,9,84,110,ARG,H,102,ASP,CDR3,3.878,1,1
native_blind,9,85,111,SER,H,100,ILE,CDR3,2.467,1,1
native_blind,9,85,111,SER,H,101,THR,CDR3,3.729,1,1
native_blind,9,85,111,SER,H,102,ASP,CDR3,3.967,1,1
native_blind,9,85,111,SER,H,104,TRP,CDR3,2.316,1,1
native_blind,9,86,112,PHE,H,104,TRP,CDR3,4.372,1,1
native_blind,9,88,114,THR,L,50,TRP,CDR2,2.572,1,1
native_blind,9,88,114,THR,L,53,ARG,FR3,4.292,1,1
native_blind,9,88,114,THR,H,102,ASP,CDR3,2.829,1,1
native_blind,9,89,115,LEU,H,104,TRP,CDR3,4.282,1,1
native_blind,9,89,115,LEU,L,50,TRP,CDR2,4.723,0,1
native_blind,9,91,117,ASN,L,53,ARG,FR3,3.058,1,1
native_blind,9,92,118,ASN,L,53,ARG,FR3,4.858,0,1
native_blind,9,92,118,ASN,L,31,THR,CDR1,3.516,1,1
native_blind,9,92,118,ASN,L,50,TRP,CDR2,2.582,1,1
native_blind,9,95,121,VAL,L,31,THR,CDR1,4.94,0,1
native_blind,9,99,125,GLN,L,67,SER,FR3,3.849,1,1
