source_path,bytes,mtime_ns,hash_status
D:\IL-24(teeth）\phase2_release\logs\full181_supplement\analyzer_source_review.md,2338,1789983203543747200,not_computed_user_instruction
D:\IL-24(teeth）\phase2_release\logs\full181_supplement\boltz_predict_help.txt,5735,1789992494386084700,not_computed_user_instruction
D:\IL-24(teeth）\phase2_release\logs\full181_supplement\branch_empty.log,351,1789992494387091100,not_computed_user_instruction
D:\IL-24(teeth）\phase2_release\logs\full181_supplement\branch_formal_msa.log,426,1789992494384085900,not_computed_user_instruction
D:\IL-24(teeth）\phase2_release\logs\full181_supplement\deployment_20260921.zip,5622599,1789990320242175300,not_computed_user_instruction
D:\IL-24(teeth）\phase2_release\logs\full181_supplement\empty\seed1\analysis\command.json,800,1789992494445086900,not_computed_user_instruction
D:\IL-24(teeth）\phase2_release\logs\full181_supplement\empty\seed1\analysis\stderr.log,0,1789992494445086900,not_computed_user_instruction
D:\IL-24(teeth）\phase2_release\logs\full181_supplement\empty\seed1\analysis\stdout.log,172,1789992494446085700,not_computed_user_instruction
D:\IL-24(teeth）\phase2_release\logs\full181_supplement\empty\seed1\command.json,681,1789992494441084400,not_computed_user_instruction
D:\IL-24(teeth）\phase2_release\logs\full181_supplement\empty\seed1\gpu.jsonl,1495,1789992494441084400,not_computed_user_instruction
D:\IL-24(teeth）\phase2_release\logs\full181_supplement\empty\seed1\prodigy\command.json,1566,1789992494444086100,not_computed_user_instruction
D:\IL-24(teeth）\phase2_release\logs\full181_supplement\empty\seed1\prodigy\stderr.log,0,1789992494443092700,not_computed_user_instruction
D:\IL-24(teeth）\phase2_release\logs\full181_supplement\empty\seed1\prodigy\stdout.log,614,1789992494444086100,not_computed_user_instruction
D:\IL-24(teeth）\phase2_release\logs\full181_supplement\empty\seed1\stderr.log,1507,1789992494441084400,not_computed_user_instruction
D:\IL-24(teeth）\phase2_release\logs\full181_supplement\empty\seed1\stdout.log,947,1789992494442093000,not_computed_user_instruction
D:\IL-24(teeth）\phase2_release\logs\full181_supplement\empty\seed10\command.json,683,1789992494412085000,not_computed_user_instruction
D:\IL-24(teeth）\phase2_release\logs\full181_supplement\empty\seed10\gpu.jsonl,1499,1789992494412085000,not_computed_user_instruction
D:\IL-24(teeth）\phase2_release\logs\full181_supplement\empty\seed10\prodigy\command.json,1572,1789992494414084500,not_computed_user_instruction
D:\IL-24(teeth）\phase2_release\logs\full181_supplement\empty\seed10\prodigy\stderr.log,0,1789992494414084500,not_computed_user_instruction
D:\IL-24(teeth）\phase2_release\logs\full181_supplement\empty\seed10\prodigy\stdout.log,613,1789992494414084500,not_computed_user_instruction
D:\IL-24(teeth）\phase2_release\logs\full181_supplement\empty\seed10\stderr.log,1508,1789992494412085000,not_computed_user_instruction
D:\IL-24(teeth）\phase2_release\logs\full181_supplement\empty\seed10\stdout.log,947,1789992494413089500,not_computed_user_instruction
D:\IL-24(teeth）\phase2_release\logs\full181_supplement\empty\seed11\command.json,683,1789992494421084600,not_computed_user_instruction
D:\IL-24(teeth）\phase2_release\logs\full181_supplement\empty\seed11\gpu.jsonl,1331,1789992494421084600,not_computed_user_instruction
D:\IL-24(teeth）\phase2_release\logs\full181_supplement\empty\seed11\prodigy\command.json,1572,1789992494424086100,not_computed_user_instruction
D:\IL-24(teeth）\phase2_release\logs\full181_supplement\empty\seed11\prodigy\stderr.log,0,1789992494422084400,not_computed_user_instruction
D:\IL-24(teeth）\phase2_release\logs\full181_supplement\empty\seed11\prodigy\stdout.log,615,1789992494424086100,not_computed_user_instruction
D:\IL-24(teeth）\phase2_release\logs\full181_supplement\empty\seed11\stderr.log,1508,1789992494420092100,not_computed_user_instruction
D:\IL-24(teeth）\phase2_release\logs\full181_supplement\empty\seed11\stdout.log,947,1789992494422084400,not_computed_user_instruction
D:\IL-24(teeth）\phase2_release\logs\full181_supplement\empty\seed12\command.json,683,1789992494438089800,not_computed_user_instruction
D:\IL-24(teeth）\phase2_release\logs\full181_supplement\empty\seed12\gpu.jsonl,1497,1789992494437087900,not_computed_user_instruction
D:\IL-24(teeth）\phase2_release\logs\full181_supplement\empty\seed12\prodigy\command.json,1572,1789992494439088200,not_computed_user_instruction
D:\IL-24(teeth）\phase2_release\logs\full181_supplement\empty\seed12\prodigy\stderr.log,0,1789992494439088200,not_computed_user_instruction
D:\IL-24(teeth）\phase2_release\logs\full181_supplement\empty\seed12\prodigy\stdout.log,612,1789992494440085500,not_computed_user_instruction
D:\IL-24(teeth）\phase2_release\logs\full181_supplement\empty\seed12\stderr.log,1508,1789992494437087900,not_computed_user_instruction
D:\IL-24(teeth）\phase2_release\logs\full181_supplement\empty\seed12\stdout.log,947,1789992494438089800,not_computed_user_instruction
D:\IL-24(teeth）\phase2_release\logs\full181_supplement\empty\seed13\command.json,683,1789992494447090500,not_computed_user_instruction
D:\IL-24(teeth）\phase2_release\logs\full181_supplement\empty\seed13\gpu.jsonl,1331,1789992494447090500,not_computed_user_instruction
D:\IL-24(teeth）\phase2_release\logs\full181_supplement\empty\seed13\prodigy\command.json,1572,1789992494449103000,not_computed_user_instruction
D:\IL-24(teeth）\phase2_release\logs\full181_supplement\empty\seed13\prodigy\stderr.log,0,1789992494448088000,not_computed_user_instruction
D:\IL-24(teeth）\phase2_release\logs\full181_supplement\empty\seed13\prodigy\stdout.log,615,1789992494449103000,not_computed_user_instruction
D:\IL-24(teeth）\phase2_release\logs\full181_supplement\empty\seed13\stderr.log,1508,1789992494446085700,not_computed_user_instruction
D:\IL-24(teeth）\phase2_release\logs\full181_supplement\empty\seed13\stdout.log,947,1789992494448088000,not_computed_user_instruction
D:\IL-24(teeth）\phase2_release\logs\full181_supplement\empty\seed14\command.json,683,1789992494418085200,not_computed_user_instruction
D:\IL-24(teeth）\phase2_release\logs\full181_supplement\empty\seed14\gpu.jsonl,1496,1789992494417087000,not_computed_user_instruction
D:\IL-24(teeth）\phase2_release\logs\full181_supplement\empty\seed14\prodigy\command.json,1572,1789992494419084700,not_computed_user_instruction
D:\IL-24(teeth）\phase2_release\logs\full181_supplement\empty\seed14\prodigy\stderr.log,0,1789992494419084700,not_computed_user_instruction
D:\IL-24(teeth）\phase2_release\logs\full181_supplement\empty\seed14\prodigy\stdout.log,612,1789992494419084700,not_computed_user_instruction
D:\IL-24(teeth）\phase2_release\logs\full181_supplement\empty\seed14\stderr.log,1508,1789992494417087000,not_computed_user_instruction
D:\IL-24(teeth）\phase2_release\logs\full181_supplement\empty\seed14\stdout.log,947,1789992494418085200,not_computed_user_instruction
D:\IL-24(teeth）\phase2_release\logs\full181_supplement\empty\seed15\command.json,683,1789992494397093300,not_computed_user_instruction
D:\IL-24(teeth）\phase2_release\logs\full181_supplement\empty\seed15\gpu.jsonl,1499,1789992494397093300,not_computed_user_instruction
D:\IL-24(teeth）\phase2_release\logs\full181_supplement\empty\seed15\prodigy\command.json,1572,1789992494399092400,not_computed_user_instruction
D:\IL-24(teeth）\phase2_release\logs\full181_supplement\empty\seed15\prodigy\stderr.log,0,1789992494399092400,not_computed_user_instruction
D:\IL-24(teeth）\phase2_release\logs\full181_supplement\empty\seed15\prodigy\stdout.log,613,1789992494400084500,not_computed_user_instruction
D:\IL-24(teeth）\phase2_release\logs\full181_supplement\empty\seed15\stderr.log,1508,1789992494397093300,not_computed_user_instruction
D:\IL-24(teeth）\phase2_release\logs\full181_supplement\empty\seed15\stdout.log,947,1789992494398091800,not_computed_user_instruction
D:\IL-24(teeth）\phase2_release\logs\full181_supplement\empty\seed2\command.json,681,1789992494426090400,not_computed_user_instruction
D:\IL-24(teeth）\phase2_release\logs\full181_supplement\empty\seed2\gpu.jsonl,1497,1789992494425091900,not_computed_user_instruction
D:\IL-24(teeth）\phase2_release\logs\full181_supplement\empty\seed2\prodigy\command.json,1566,1789992494428092300,not_computed_user_instruction
D:\IL-24(teeth）\phase2_release\logs\full181_supplement\empty\seed2\prodigy\stderr.log,0,1789992494427084700,not_computed_user_instruction
D:\IL-24(teeth）\phase2_release\logs\full181_supplement\empty\seed2\prodigy\stdout.log,613,1789992494428092300,not_computed_user_instruction
D:\IL-24(teeth）\phase2_release\logs\full181_supplement\empty\seed2\stderr.log,1507,1789992494425091900,not_computed_user_instruction
D:\IL-24(teeth）\phase2_release\logs\full181_supplement\empty\seed2\stdout.log,947,1789992494426090400,not_computed_user_instruction
D:\IL-24(teeth）\phase2_release\logs\full181_supplement\empty\seed3\command.json,681,1789992494389086600,not_computed_user_instruction
D:\IL-24(teeth）\phase2_release\logs\full181_supplement\empty\seed3\gpu.jsonl,1331,1789992494389086600,not_computed_user_instruction
D:\IL-24(teeth）\phase2_release\logs\full181_supplement\empty\seed3\prodigy\command.json,1566,1789992494391092800,not_computed_user_instruction
D:\IL-24(teeth）\phase2_release\logs\full181_supplement\empty\seed3\prodigy\stderr.log,0,1789992494390096700,not_computed_user_instruction
D:\IL-24(teeth）\phase2_release\logs\full181_supplement\empty\seed3\prodigy\stdout.log,614,1789992494392088800,not_computed_user_instruction
D:\IL-24(teeth）\phase2_release\logs\full181_supplement\empty\seed3\stderr.log,1507,1789992494388085300,not_computed_user_instruction
D:\IL-24(teeth）\phase2_release\logs\full181_supplement\empty\seed3\stdout.log,947,1789992494390096700,not_computed_user_instruction
D:\IL-24(teeth）\phase2_release\logs\full181_supplement\empty\seed4\command.json,681,1789992494434084600,not_computed_user_instruction
D:\IL-24(teeth）\phase2_release\logs\full181_supplement\empty\seed4\gpu.jsonl,1331,1789992494434084600,not_computed_user_instruction
D:\IL-24(teeth）\phase2_release\logs\full181_supplement\empty\seed4\prodigy\command.json,1566,1789992494435084300,not_computed_user_instruction
D:\IL-24(teeth）\phase2_release\logs\full181_supplement\empty\seed4\prodigy\stderr.log,0,1789992494435084300,not_computed_user_instruction
D:\IL-24(teeth）\phase2_release\logs\full181_supplement\empty\seed4\prodigy\stdout.log,614,1789992494436084500,not_computed_user_instruction
D:\IL-24(teeth）\phase2_release\logs\full181_supplement\empty\seed4\stderr.log,1507,1789992494433085600,not_computed_user_instruction
D:\IL-24(teeth）\phase2_release\logs\full181_supplement\empty\seed4\stdout.log,947,1789992494434084600,not_computed_user_instruction
D:\IL-24(teeth）\phase2_release\logs\full181_supplement\empty\seed5\command.json,681,1789992494401084600,not_computed_user_instruction
D:\IL-24(teeth）\phase2_release\logs\full181_supplement\empty\seed5\gpu.jsonl,1497,1789992494401084600,not_computed_user_instruction
D:\IL-24(teeth）\phase2_release\logs\full181_supplement\empty\seed5\prodigy\command.json,1566,1789992494403087100,not_computed_user_instruction
D:\IL-24(teeth）\phase2_release\logs\full181_supplement\empty\seed5\prodigy\stderr.log,0,1789992494403087100,not_computed_user_instruction
D:\IL-24(teeth）\phase2_release\logs\full181_supplement\empty\seed5\prodigy\stdout.log,615,1789992494403087100,not_computed_user_instruction
D:\IL-24(teeth）\phase2_release\logs\full181_supplement\empty\seed5\stderr.log,1507,1789992494400084500,not_computed_user_instruction
D:\IL-24(teeth）\phase2_release\logs\full181_supplement\empty\seed5\stdout.log,947,1789992494402085500,not_computed_user_instruction
D:\IL-24(teeth）\phase2_release\logs\full181_supplement\empty\seed6\command.json,681,1789992494393085000,not_computed_user_instruction
D:\IL-24(teeth）\phase2_release\logs\full181_supplement\empty\seed6\gpu.jsonl,1497,1789992494393085000,not_computed_user_instruction
D:\IL-24(teeth）\phase2_release\logs\full181_supplement\empty\seed6\prodigy\command.json,1566,1789992494395086000,not_computed_user_instruction
D:\IL-24(teeth）\phase2_release\logs\full181_supplement\empty\seed6\prodigy\stderr.log,0,1789992494394088700,not_computed_user_instruction
D:\IL-24(teeth）\phase2_release\logs\full181_supplement\empty\seed6\prodigy\stdout.log,613,1789992494396085600,not_computed_user_instruction
D:\IL-24(teeth）\phase2_release\logs\full181_supplement\empty\seed6\stderr.log,1507,1789992494393085000,not_computed_user_instruction
D:\IL-24(teeth）\phase2_release\logs\full181_supplement\empty\seed6\stdout.log,947,1789992494394088700,not_computed_user_instruction
D:\IL-24(teeth）\phase2_release\logs\full181_supplement\empty\seed7\command.json,681,1789992494409086200,not_computed_user_instruction
D:\IL-24(teeth）\phase2_release\logs\full181_supplement\empty\seed7\gpu.jsonl,1500,1789992494408092100,not_computed_user_instruction
D:\IL-24(teeth）\phase2_release\logs\full181_supplement\empty\seed7\prodigy\command.json,1566,1789992494411093600,not_computed_user_instruction
D:\IL-24(teeth）\phase2_release\logs\full181_supplement\empty\seed7\prodigy\stderr.log,0,1789992494410087400,not_computed_user_instruction
D:\IL-24(teeth）\phase2_release\logs\full181_supplement\empty\seed7\prodigy\stdout.log,614,1789992494411093600,not_computed_user_instruction
D:\IL-24(teeth）\phase2_release\logs\full181_supplement\empty\seed7\stderr.log,1507,1789992494408092100,not_computed_user_instruction
D:\IL-24(teeth）\phase2_release\logs\full181_supplement\empty\seed7\stdout.log,947,1789992494409086200,not_computed_user_instruction
D:\IL-24(teeth）\phase2_release\logs\full181_supplement\empty\seed8\command.json,681,1789992494405084500,not_computed_user_instruction
D:\IL-24(teeth）\phase2_release\logs\full181_supplement\empty\seed8\gpu.jsonl,1500,1789992494405084500,not_computed_user_instruction
D:\IL-24(teeth）\phase2_release\logs\full181_supplement\empty\seed8\prodigy\command.json,1566,1789992494407091200,not_computed_user_instruction
D:\IL-24(teeth）\phase2_release\logs\full181_supplement\empty\seed8\prodigy\stderr.log,0,1789992494406084500,not_computed_user_instruction
D:\IL-24(teeth）\phase2_release\logs\full181_supplement\empty\seed8\prodigy\stdout.log,612,1789992494407091200,not_computed_user_instruction
D:\IL-24(teeth）\phase2_release\logs\full181_supplement\empty\seed8\stderr.log,1507,1789992494404091900,not_computed_user_instruction
D:\IL-24(teeth）\phase2_release\logs\full181_supplement\empty\seed8\stdout.log,947,1789992494406084500,not_computed_user_instruction
D:\IL-24(teeth）\phase2_release\logs\full181_supplement\empty\seed9\command.json,681,1789992494430087500,not_computed_user_instruction
D:\IL-24(teeth）\phase2_release\logs\full181_supplement\empty\seed9\gpu.jsonl,1496,1789992494430087500,not_computed_user_instruction
D:\IL-24(teeth）\phase2_release\logs\full181_supplement\empty\seed9\prodigy\command.json,1566,1789992494432095700,not_computed_user_instruction
D:\IL-24(teeth）\phase2_release\logs\full181_supplement\empty\seed9\prodigy\stderr.log,0,1789992494432095700,not_computed_user_instruction
D:\IL-24(teeth）\phase2_release\logs\full181_supplement\empty\seed9\prodigy\stdout.log,614,1789992494433085600,not_computed_user_instruction
D:\IL-24(teeth）\phase2_release\logs\full181_supplement\empty\seed9\stderr.log,1507,1789992494429085000,not_computed_user_instruction
D:\IL-24(teeth）\phase2_release\logs\full181_supplement\empty\seed9\stdout.log,947,1789992494431086700,not_computed_user_instruction
D:\IL-24(teeth）\phase2_release\logs\full181_supplement\errors.jsonl,2652,1789993540816620600,not_computed_user_instruction
D:\IL-24(teeth）\phase2_release\logs\full181_supplement\final_analysis.log,1685,1789992494385089000,not_computed_user_instruction
D:\IL-24(teeth）\phase2_release\logs\full181_supplement\formal_msa\seed1\analysis\command.json,832,1789992494512084600,not_computed_user_instruction
D:\IL-24(teeth）\phase2_release\logs\full181_supplement\formal_msa\seed1\analysis\stderr.log,0,1789992494512084600,not_computed_user_instruction
D:\IL-24(teeth）\phase2_release\logs\full181_supplement\formal_msa\seed1\analysis\stdout.log,177,1789992494513084300,not_computed_user_instruction
D:\IL-24(teeth）\phase2_release\logs\full181_supplement\formal_msa\seed1\command.json,690,1789992494509092000,not_computed_user_instruction
D:\IL-24(teeth）\phase2_release\logs\full181_supplement\formal_msa\seed1\gpu.jsonl,1671,1789992494509092000,not_computed_user_instruction
D:\IL-24(teeth）\phase2_release\logs\full181_supplement\formal_msa\seed1\prodigy\command.json,1656,1789992494511091000,not_computed_user_instruction
D:\IL-24(teeth）\phase2_release\logs\full181_supplement\formal_msa\seed1\prodigy\stderr.log,0,1789992494510084500,not_computed_user_instruction
D:\IL-24(teeth）\phase2_release\logs\full181_supplement\formal_msa\seed1\prodigy\stdout.log,619,1789992494511091000,not_computed_user_instruction
D:\IL-24(teeth）\phase2_release\logs\full181_supplement\formal_msa\seed1\stderr.log,1573,1789992494508094000,not_computed_user_instruction
D:\IL-24(teeth）\phase2_release\logs\full181_supplement\formal_msa\seed1\stdout.log,470,1789992494509092000,not_computed_user_instruction
D:\IL-24(teeth）\phase2_release\logs\full181_supplement\formal_msa\seed10\command.json,692,1789992494481084400,not_computed_user_instruction
D:\IL-24(teeth）\phase2_release\logs\full181_supplement\formal_msa\seed10\gpu.jsonl,1674,1789992494481084400,not_computed_user_instruction
D:\IL-24(teeth）\phase2_release\logs\full181_supplement\formal_msa\seed10\prodigy\command.json,1662,1789992494483091500,not_computed_user_instruction
D:\IL-24(teeth）\phase2_release\logs\full181_supplement\formal_msa\seed10\prodigy\stderr.log,0,1789992494482084400,not_computed_user_instruction
D:\IL-24(teeth）\phase2_release\logs\full181_supplement\formal_msa\seed10\prodigy\stdout.log,616,1789992494483091500,not_computed_user_instruction
D:\IL-24(teeth）\phase2_release\logs\full181_supplement\formal_msa\seed10\stderr.log,1574,1789992494480085500,not_computed_user_instruction
D:\IL-24(teeth）\phase2_release\logs\full181_supplement\formal_msa\seed10\stdout.log,470,1789992494481084400,not_computed_user_instruction
D:\IL-24(teeth）\phase2_release\logs\full181_supplement\formal_msa\seed11\command.json,692,1789992494489092100,not_computed_user_instruction
D:\IL-24(teeth）\phase2_release\logs\full181_supplement\formal_msa\seed11\gpu.jsonl,1674,1789992494489092100,not_computed_user_instruction
D:\IL-24(teeth）\phase2_release\logs\full181_supplement\formal_msa\seed11\prodigy\command.json,1662,1789992494491093200,not_computed_user_instruction
D:\IL-24(teeth）\phase2_release\logs\full181_supplement\formal_msa\seed11\prodigy\stderr.log,0,1789992494490084800,not_computed_user_instruction
D:\IL-24(teeth）\phase2_release\logs\full181_supplement\formal_msa\seed11\prodigy\stdout.log,615,1789992494491093200,not_computed_user_instruction
D:\IL-24(teeth）\phase2_release\logs\full181_supplement\formal_msa\seed11\stderr.log,1574,1789992494488091600,not_computed_user_instruction
D:\IL-24(teeth）\phase2_release\logs\full181_supplement\formal_msa\seed11\stdout.log,470,1789992494490084800,not_computed_user_instruction
D:\IL-24(teeth）\phase2_release\logs\full181_supplement\formal_msa\seed12\command.json,692,1789992494505084600,not_computed_user_instruction
D:\IL-24(teeth）\phase2_release\logs\full181_supplement\formal_msa\seed12\gpu.jsonl,1839,1789992494504085500,not_computed_user_instruction
D:\IL-24(teeth）\phase2_release\logs\full181_supplement\formal_msa\seed12\prodigy\command.json,1662,1789992494507087100,not_computed_user_instruction
D:\IL-24(teeth）\phase2_release\logs\full181_supplement\formal_msa\seed12\prodigy\stderr.log,0,1789992494506085000,not_computed_user_instruction
D:\IL-24(teeth）\phase2_release\logs\full181_supplement\formal_msa\seed12\prodigy\stdout.log,617,1789992494508094000,not_computed_user_instruction
D:\IL-24(teeth）\phase2_release\logs\full181_supplement\formal_msa\seed12\stderr.log,1574,1789992494504085500,not_computed_user_instruction
D:\IL-24(teeth）\phase2_release\logs\full181_supplement\formal_msa\seed12\stdout.log,470,1789992494505084600,not_computed_user_instruction
D:\IL-24(teeth）\phase2_release\logs\full181_supplement\formal_msa\seed13\command.json,692,1789992494514086200,not_computed_user_instruction
D:\IL-24(teeth）\phase2_release\logs\full181_supplement\formal_msa\seed13\gpu.jsonl,1838,1789992494514086200,not_computed_user_instruction
D:\IL-24(teeth）\phase2_release\logs\full181_supplement\formal_msa\seed13\prodigy\command.json,1662,1789992494516094700,not_computed_user_instruction
D:\IL-24(teeth）\phase2_release\logs\full181_supplement\formal_msa\seed13\prodigy\stderr.log,0,1789992494515095300,not_computed_user_instruction
D:\IL-24(teeth）\phase2_release\logs\full181_supplement\formal_msa\seed13\prodigy\stdout.log,616,1789992494516094700,not_computed_user_instruction
D:\IL-24(teeth）\phase2_release\logs\full181_supplement\formal_msa\seed13\stderr.log,1574,1789992494513084300,not_computed_user_instruction
D:\IL-24(teeth）\phase2_release\logs\full181_supplement\formal_msa\seed13\stdout.log,470,1789992494514086200,not_computed_user_instruction
D:\IL-24(teeth）\phase2_release\logs\full181_supplement\formal_msa\seed14\command.json,692,1789992494485084500,not_computed_user_instruction
D:\IL-24(teeth）\phase2_release\logs\full181_supplement\formal_msa\seed14\gpu.jsonl,1674,1789992494484084700,not_computed_user_instruction
D:\IL-24(teeth）\phase2_release\logs\full181_supplement\formal_msa\seed14\prodigy\command.json,1662,1789992494487096200,not_computed_user_instruction
D:\IL-24(teeth）\phase2_release\logs\full181_supplement\formal_msa\seed14\prodigy\stderr.log,0,1789992494486088400,not_computed_user_instruction
D:\IL-24(teeth）\phase2_release\logs\full181_supplement\formal_msa\seed14\prodigy\stdout.log,616,1789992494488091600,not_computed_user_instruction
D:\IL-24(teeth）\phase2_release\logs\full181_supplement\formal_msa\seed14\stderr.log,1574,1789992494484084700,not_computed_user_instruction
D:\IL-24(teeth）\phase2_release\logs\full181_supplement\formal_msa\seed14\stdout.log,470,1789992494486088400,not_computed_user_instruction
D:\IL-24(teeth）\phase2_release\logs\full181_supplement\formal_msa\seed15\command.json,692,1789992494466086600,not_computed_user_instruction
D:\IL-24(teeth）\phase2_release\logs\full181_supplement\formal_msa\seed15\gpu.jsonl,1674,1789992494465084900,not_computed_user_instruction
D:\IL-24(teeth）\phase2_release\logs\full181_supplement\formal_msa\seed15\prodigy\command.json,1662,1789992494467093100,not_computed_user_instruction
D:\IL-24(teeth）\phase2_release\logs\full181_supplement\formal_msa\seed15\prodigy\stderr.log,0,1789992494467093100,not_computed_user_instruction
D:\IL-24(teeth）\phase2_release\logs\full181_supplement\formal_msa\seed15\prodigy\stdout.log,616,1789992494467093100,not_computed_user_instruction
D:\IL-24(teeth）\phase2_release\logs\full181_supplement\formal_msa\seed15\stderr.log,1574,1789992494465084900,not_computed_user_instruction
D:\IL-24(teeth）\phase2_release\logs\full181_supplement\formal_msa\seed15\stdout.log,470,1789992494466086600,not_computed_user_instruction
D:\IL-24(teeth）\phase2_release\logs\full181_supplement\formal_msa\seed2\command.json,690,1789992494493085500,not_computed_user_instruction
D:\IL-24(teeth）\phase2_release\logs\full181_supplement\formal_msa\seed2\gpu.jsonl,1673,1789992494493085500,not_computed_user_instruction
D:\IL-24(teeth）\phase2_release\logs\full181_supplement\formal_msa\seed2\prodigy\command.json,1656,1789992494495092400,not_computed_user_instruction
D:\IL-24(teeth）\phase2_release\logs\full181_supplement\formal_msa\seed2\prodigy\stderr.log,0,1789992494495092400,not_computed_user_instruction
D:\IL-24(teeth）\phase2_release\logs\full181_supplement\formal_msa\seed2\prodigy\stdout.log,616,1789992494496088600,not_computed_user_instruction
D:\IL-24(teeth）\phase2_release\logs\full181_supplement\formal_msa\seed2\stderr.log,1573,1789992494492084800,not_computed_user_instruction
D:\IL-24(teeth）\phase2_release\logs\full181_supplement\formal_msa\seed2\stdout.log,470,1789992494494094100,not_computed_user_instruction
D:\IL-24(teeth）\phase2_release\logs\full181_supplement\formal_msa\seed3\command.json,690,1789992494452085600,not_computed_user_instruction
D:\IL-24(teeth）\phase2_release\logs\full181_supplement\formal_msa\seed3\gpu.jsonl,1672,1789992494451086000,not_computed_user_instruction
D:\IL-24(teeth）\phase2_release\logs\full181_supplement\formal_msa\seed3\prodigy\command.json,1656,1789992494453084600,not_computed_user_instruction
D:\IL-24(teeth）\phase2_release\logs\full181_supplement\formal_msa\seed3\prodigy\stderr.log,0,1789992494452085600,not_computed_user_instruction
D:\IL-24(teeth）\phase2_release\logs\full181_supplement\formal_msa\seed3\prodigy\stdout.log,615,1789992494454084400,not_computed_user_instruction
D:\IL-24(teeth）\phase2_release\logs\full181_supplement\formal_msa\seed3\stderr.log,1573,1789992494450092000,not_computed_user_instruction
D:\IL-24(teeth）\phase2_release\logs\full181_supplement\formal_msa\seed3\stdout.log,470,1789992494452085600,not_computed_user_instruction
D:\IL-24(teeth）\phase2_release\logs\full181_supplement\formal_msa\seed4\command.json,690,1789992494501084900,not_computed_user_instruction
D:\IL-24(teeth）\phase2_release\logs\full181_supplement\formal_msa\seed4\gpu.jsonl,1672,1789992494500088000,not_computed_user_instruction
D:\IL-24(teeth）\phase2_release\logs\full181_supplement\formal_msa\seed4\prodigy\command.json,1656,1789992494502085000,not_computed_user_instruction
D:\IL-24(teeth）\phase2_release\logs\full181_supplement\formal_msa\seed4\prodigy\stderr.log,0,1789992494502085000,not_computed_user_instruction
D:\IL-24(teeth）\phase2_release\logs\full181_supplement\formal_msa\seed4\prodigy\stdout.log,615,1789992494503084300,not_computed_user_instruction
D:\IL-24(teeth）\phase2_release\logs\full181_supplement\formal_msa\seed4\stderr.log,1573,1789992494500088000,not_computed_user_instruction
D:\IL-24(teeth）\phase2_release\logs\full181_supplement\formal_msa\seed4\stdout.log,470,1789992494501084900,not_computed_user_instruction
D:\IL-24(teeth）\phase2_release\logs\full181_supplement\formal_msa\seed5\command.json,690,1789992494469084800,not_computed_user_instruction
D:\IL-24(teeth）\phase2_release\logs\full181_supplement\formal_msa\seed5\gpu.jsonl,1674,1789992494469084800,not_computed_user_instruction
D:\IL-24(teeth）\phase2_release\logs\full181_supplement\formal_msa\seed5\prodigy\command.json,1656,1789992494470092200,not_computed_user_instruction
D:\IL-24(teeth）\phase2_release\logs\full181_supplement\formal_msa\seed5\prodigy\stderr.log,0,1789992494470092200,not_computed_user_instruction
D:\IL-24(teeth）\phase2_release\logs\full181_supplement\formal_msa\seed5\prodigy\stdout.log,615,1789992494471092800,not_computed_user_instruction
D:\IL-24(teeth）\phase2_release\logs\full181_supplement\formal_msa\seed5\stderr.log,1573,1789992494468084600,not_computed_user_instruction
D:\IL-24(teeth）\phase2_release\logs\full181_supplement\formal_msa\seed5\stdout.log,470,1789992494469084800,not_computed_user_instruction
D:\IL-24(teeth）\phase2_release\logs\full181_supplement\formal_msa\seed6\command.json,690,1789992494461091400,not_computed_user_instruction
D:\IL-24(teeth）\phase2_release\logs\full181_supplement\formal_msa\seed6\gpu.jsonl,1674,1789992494460092000,not_computed_user_instruction
D:\IL-24(teeth）\phase2_release\logs\full181_supplement\formal_msa\seed6\prodigy\command.json,1656,1789992494463093900,not_computed_user_instruction
D:\IL-24(teeth）\phase2_release\logs\full181_supplement\formal_msa\seed6\prodigy\stderr.log,0,1789992494462085100,not_computed_user_instruction
D:\IL-24(teeth）\phase2_release\logs\full181_supplement\formal_msa\seed6\prodigy\stdout.log,615,1789992494463093900,not_computed_user_instruction
D:\IL-24(teeth）\phase2_release\logs\full181_supplement\formal_msa\seed6\stderr.log,1573,1789992494454084400,not_computed_user_instruction
D:\IL-24(teeth）\phase2_release\logs\full181_supplement\formal_msa\seed6\stdout.log,470,1789992494461091400,not_computed_user_instruction
D:\IL-24(teeth）\phase2_release\logs\full181_supplement\formal_msa\seed7\command.json,690,1789992494477091500,not_computed_user_instruction
D:\IL-24(teeth）\phase2_release\logs\full181_supplement\formal_msa\seed7\gpu.jsonl,1837,1789992494477091500,not_computed_user_instruction
D:\IL-24(teeth）\phase2_release\logs\full181_supplement\formal_msa\seed7\prodigy\command.json,1656,1789992494479086000,not_computed_user_instruction
D:\IL-24(teeth）\phase2_release\logs\full181_supplement\formal_msa\seed7\prodigy\stderr.log,0,1789992494478084500,not_computed_user_instruction
D:\IL-24(teeth）\phase2_release\logs\full181_supplement\formal_msa\seed7\prodigy\stdout.log,615,1789992494480085500,not_computed_user_instruction
D:\IL-24(teeth）\phase2_release\logs\full181_supplement\formal_msa\seed7\stderr.log,1573,1789992494476084600,not_computed_user_instruction
D:\IL-24(teeth）\phase2_release\logs\full181_supplement\formal_msa\seed7\stdout.log,470,1789992494477091500,not_computed_user_instruction
D:\IL-24(teeth）\phase2_release\logs\full181_supplement\formal_msa\seed8\command.json,690,1789992494473087700,not_computed_user_instruction
D:\IL-24(teeth）\phase2_release\logs\full181_supplement\formal_msa\seed8\gpu.jsonl,1672,1789992494472088900,not_computed_user_instruction
D:\IL-24(teeth）\phase2_release\logs\full181_supplement\formal_msa\seed8\prodigy\command.json,1656,1789992494475091900,not_computed_user_instruction
D:\IL-24(teeth）\phase2_release\logs\full181_supplement\formal_msa\seed8\prodigy\stderr.log,0,1789992494474092400,not_computed_user_instruction
D:\IL-24(teeth）\phase2_release\logs\full181_supplement\formal_msa\seed8\prodigy\stdout.log,618,1789992494475091900,not_computed_user_instruction
D:\IL-24(teeth）\phase2_release\logs\full181_supplement\formal_msa\seed8\stderr.log,1573,1789992494472088900,not_computed_user_instruction
D:\IL-24(teeth）\phase2_release\logs\full181_supplement\formal_msa\seed8\stdout.log,470,1789992494473087700,not_computed_user_instruction
D:\IL-24(teeth）\phase2_release\logs\full181_supplement\formal_msa\seed9\command.json,690,1789992494497084400,not_computed_user_instruction
D:\IL-24(teeth）\phase2_release\logs\full181_supplement\formal_msa\seed9\gpu.jsonl,1835,1789992494497084400,not_computed_user_instruction
D:\IL-24(teeth）\phase2_release\logs\full181_supplement\formal_msa\seed9\prodigy\command.json,1656,1789992494498084500,not_computed_user_instruction
D:\IL-24(teeth）\phase2_release\logs\full181_supplement\formal_msa\seed9\prodigy\stderr.log,0,1789992494498084500,not_computed_user_instruction
D:\IL-24(teeth）\phase2_release\logs\full181_supplement\formal_msa\seed9\prodigy\stdout.log,616,1789992494499084700,not_computed_user_instruction
D:\IL-24(teeth）\phase2_release\logs\full181_supplement\formal_msa\seed9\stderr.log,1573,1789992494496088600,not_computed_user_instruction
D:\IL-24(teeth）\phase2_release\logs\full181_supplement\formal_msa\seed9\stdout.log,470,1789992494497084400,not_computed_user_instruction
D:\IL-24(teeth）\phase2_release\logs\full181_supplement\full181_final_remote_outputs.zip,39320851,1789992458511956200,not_computed_user_instruction
D:\IL-24(teeth）\phase2_release\logs\full181_supplement\interim_analysis.log,1335,1789992494385089000,not_computed_user_instruction
D:\IL-24(teeth）\phase2_release\logs\full181_supplement\launch.json,1334,1789992494386084700,not_computed_user_instruction
D:\IL-24(teeth）\phase2_release\logs\full181_supplement\mapping_tests_final.log,1487,1789982923618993500,not_computed_user_instruction
D:\IL-24(teeth）\phase2_release\logs\full181_supplement\msa_generation.stderr.log,2053,1789980875407170100,not_computed_user_instruction
D:\IL-24(teeth）\phase2_release\logs\full181_supplement\msa_generation.stdout.log,43,1789980875913203700,not_computed_user_instruction
D:\IL-24(teeth）\phase2_release\logs\full181_supplement\phase1ab_transfer_20260921.tar.gz,3075735497,1789992006028969700,not_computed_user_instruction
D:\IL-24(teeth）\phase2_release\logs\full181_supplement\resource_block.log,1029,1789981324505988700,not_computed_user_instruction
D:\IL-24(teeth）\phase2_release\logs\full181_supplement\runner_source_review.md,5726,1789982908416836000,not_computed_user_instruction
D:\IL-24(teeth）\phase2_release\logs\full181_supplement\server_baseline_snapshot.zip,34804131,1789990570052773300,not_computed_user_instruction
D:\IL-24(teeth）\phase2_release\reports\full181_supplement\agent_analysis_audit.md,5135,1789980421799422500,not_computed_user_instruction
D:\IL-24(teeth）\phase2_release\reports\full181_supplement\findings.md,1547,1789993423070661700,not_computed_user_instruction
D:\IL-24(teeth）\phase2_release\reports\full181_supplement\Full181_supplement_report.md,9056,1789992857118674400,not_computed_user_instruction
D:\IL-24(teeth）\phase2_release\reports\full181_supplement\handoff_for_plotting.md,8357,1789993107263174300,not_computed_user_instruction
D:\IL-24(teeth）\phase2_release\reports\full181_supplement\interface_integration_note.txt,1265,1789980511586977100,not_computed_user_instruction
D:\IL-24(teeth）\phase2_release\reports\full181_supplement\progress.md,9265,1789993423069662400,not_computed_user_instruction
D:\IL-24(teeth）\phase2_release\reports\full181_supplement\source_changes.patch,196052,1789993647072852600,not_computed_user_instruction
D:\IL-24(teeth）\phase2_release\reports\full181_supplement\task_plan.md,1317,1789993423068655700,not_computed_user_instruction
D:\IL-24(teeth）\phase2_release\results\full181_supplement\artifact_path_map.csv,48788,1789992499450440900,not_computed_user_instruction
D:\IL-24(teeth）\phase2_release\results\full181_supplement\baseline_audit\actual_data_validation.csv,10215,1789992493836916800,not_computed_user_instruction
D:\IL-24(teeth）\phase2_release\results\full181_supplement\baseline_audit\available_structure_inventory.csv,23784,1789992493837909800,not_computed_user_instruction
D:\IL-24(teeth）\phase2_release\results\full181_supplement\baseline_audit\baseline_audit.md,2087,1789992493836916800,not_computed_user_instruction
D:\IL-24(teeth）\phase2_release\results\full181_supplement\baseline_audit\baseline_per_model_inventory.csv,101082,1789992493834919000,not_computed_user_instruction
D:\IL-24(teeth）\phase2_release\results\full181_supplement\baseline_audit\ensemble_handoff.md,256,1789993107265175800,not_computed_user_instruction
D:\IL-24(teeth）\phase2_release\results\full181_supplement\baseline_audit\export_status.json,465,1789992493836916800,not_computed_user_instruction
D:\IL-24(teeth）\phase2_release\results\full181_supplement\baseline_audit\frozen_prior_status.json,368,1789992493832911600,not_computed_user_instruction
D:\IL-24(teeth）\phase2_release\results\full181_supplement\baseline_audit\saved_summary_regression.csv,8330,1789992493835916400,not_computed_user_instruction
D:\IL-24(teeth）\phase2_release\results\full181_supplement\baseline_audit\server_raw_model_audit.csv,197983,1789992493833912900,not_computed_user_instruction
D:\IL-24(teeth）\phase2_release\results\full181_supplement\baseline_audit\source_file_metadata.csv,2976,1789992493831916400,not_computed_user_instruction
D:\IL-24(teeth）\phase2_release\results\full181_supplement\baseline_file_metadata.json,22027,1789980796982293700,not_computed_user_instruction
D:\IL-24(teeth）\phase2_release\results\full181_supplement\checkpoint_environment_fingerprint.json,1390,1789983257755008300,not_computed_user_instruction
D:\IL-24(teeth）\phase2_release\results\full181_supplement\delivery_verification.json,2105,1789993647338594800,not_computed_user_instruction
D:\IL-24(teeth）\phase2_release\results\full181_supplement\deployment.json,500,1789992493785611300,not_computed_user_instruction
D:\IL-24(teeth）\phase2_release\results\full181_supplement\environment_fingerprint.json,1038,1789992493787610300,not_computed_user_instruction
D:\IL-24(teeth）\phase2_release\results\full181_supplement\execution_per_seed_audit.csv,22141,1789992493795617100,not_computed_user_instruction
D:\IL-24(teeth）\phase2_release\results\full181_supplement\final_analysis_execution.json,1434,1789992493810617800,not_computed_user_instruction
D:\IL-24(teeth）\phase2_release\results\full181_supplement\full181_cdr_participation.csv,87240,1789992493805611000,not_computed_user_instruction
D:\IL-24(teeth）\phase2_release\results\full181_supplement\full181_ensemble_summary.csv,6433,1789992493808618900,not_computed_user_instruction
D:\IL-24(teeth）\phase2_release\results\full181_supplement\full181_epitope_jaccard.csv,102080,1789992493807613700,not_computed_user_instruction
D:\IL-24(teeth）\phase2_release\results\full181_supplement\full181_epitope_support.csv,78518,1789992493811609800,not_computed_user_instruction
D:\IL-24(teeth）\phase2_release\results\full181_supplement\full181_geometry_qc.csv,12718,1789992493810617800,not_computed_user_instruction
D:\IL-24(teeth）\phase2_release\results\full181_supplement\full181_interface_contacts.csv,535433,1789992493797609800,not_computed_user_instruction
D:\IL-24(teeth）\phase2_release\results\full181_supplement\full181_model_ranking.csv,15370,1789992493794618200,not_computed_user_instruction
D:\IL-24(teeth）\phase2_release\results\full181_supplement\full181_model_summary.csv,35799,1789992493786611300,not_computed_user_instruction
D:\IL-24(teeth）\phase2_release\results\full181_supplement\full181_prodigy.csv,19611,1789992493786611300,not_computed_user_instruction
D:\IL-24(teeth）\phase2_release\results\full181_supplement\input_audit.json,40752,1789993647314182500,not_computed_user_instruction
D:\IL-24(teeth）\phase2_release\results\full181_supplement\input_fingerprints.csv,2663,1789993647319189500,not_computed_user_instruction
D:\IL-24(teeth）\phase2_release\results\full181_supplement\inputs\full_blind.yaml,619,1789992494304091900,not_computed_user_instruction
D:\IL-24(teeth）\phase2_release\results\full181_supplement\inputs\full_blind_msa.yaml,712,1789992494305086100,not_computed_user_instruction
D:\IL-24(teeth）\phase2_release\results\full181_supplement\inputs\phase1_prior_deduplicated.csv,1177,1789992494306087600,not_computed_user_instruction
D:\IL-24(teeth）\phase2_release\results\full181_supplement\inputs\sequences.json,447,1789992494305086100,not_computed_user_instruction
D:\IL-24(teeth）\phase2_release\results\full181_supplement\inputs\user_full181_upload.fasta,206,1789992494305086100,not_computed_user_instruction
D:\IL-24(teeth）\phase2_release\results\full181_supplement\inputs\user_supplement_prompt.md,16225,1789992494307088800,not_computed_user_instruction
D:\IL-24(teeth）\phase2_release\results\full181_supplement\interface_audit\legacy_raw_subset_interface_qc.csv,5800,1789982777336486500,not_computed_user_instruction
D:\IL-24(teeth）\phase2_release\results\full181_supplement\interim_analysis_20260921\representatives\Full181_empty_seed11.pdb,261953,1789992493831916400,not_computed_user_instruction
D:\IL-24(teeth）\phase2_release\results\full181_supplement\interim_analysis_20260921\representatives\Full181_empty_seed13.pdb,261953,1789992493827910900,not_computed_user_instruction
D:\IL-24(teeth）\phase2_release\results\full181_supplement\interim_analysis_20260921\representatives\Full181_empty_seed2.pdb,261953,1789992493829916600,not_computed_user_instruction
D:\IL-24(teeth）\phase2_release\results\full181_supplement\interim_analysis_20260921\representatives\Full181_formal_msa_seed6.pdb,261953,1789992493825912400,not_computed_user_instruction
D:\IL-24(teeth）\phase2_release\results\full181_supplement\interim_analysis_20260921\representatives\Full181_formal_msa_seed9.pdb,261953,1789992493822916500,not_computed_user_instruction
D:\IL-24(teeth）\phase2_release\results\full181_supplement\interim_analysis_20260921\representatives\selection_manifest.csv,2578,1789992493823909300,not_computed_user_instruction
D:\IL-24(teeth）\phase2_release\results\full181_supplement\legacy_raw_audit\completion_summary.json,2105,1789991510798707000,not_computed_user_instruction
D:\IL-24(teeth）\phase2_release\results\full181_supplement\legacy_raw_audit\legacy_cdr_participation.csv,698511,1789991442641999600,not_computed_user_instruction
D:\IL-24(teeth）\phase2_release\results\full181_supplement\legacy_raw_audit\legacy_geometry_qc.csv,62697,1789991442641999600,not_computed_user_instruction
D:\IL-24(teeth）\phase2_release\results\full181_supplement\legacy_raw_audit\legacy_interface_contacts.csv,3844434,1789991442643998500,not_computed_user_instruction
D:\IL-24(teeth）\phase2_release\results\full181_supplement\legacy_raw_audit\legacy_model_summary.csv,172347,1789991442641999600,not_computed_user_instruction
D:\IL-24(teeth）\phase2_release\results\full181_supplement\legacy_raw_audit\validation.csv,163545,1789991442645000400,not_computed_user_instruction
D:\IL-24(teeth）\phase2_release\results\full181_supplement\legacy_raw_audit\validation.json,281653,1789991442660029200,not_computed_user_instruction
D:\IL-24(teeth）\phase2_release\results\full181_supplement\local_transfer_validation.json,509,1789992499501925200,not_computed_user_instruction
D:\IL-24(teeth）\phase2_release\results\full181_supplement\msa\A.csv,296817,1789992494309092000,not_computed_user_instruction
D:\IL-24(teeth）\phase2_release\results\full181_supplement\msa\colabfold_raw\A_paired.a3m,240344,1789992494343094400,not_computed_user_instruction
D:\IL-24(teeth）\phase2_release\results\full181_supplement\msa\colabfold_raw\A_unpaired.a3m,176658,1789992494327088500,not_computed_user_instruction
D:\IL-24(teeth）\phase2_release\results\full181_supplement\msa\colabfold_raw\batch_query.json,984,1789992494343094400,not_computed_user_instruction
D:\IL-24(teeth）\phase2_release\results\full181_supplement\msa\colabfold_raw\H_paired.a3m,181513,1789992494339094300,not_computed_user_instruction
D:\IL-24(teeth）\phase2_release\results\full181_supplement\msa\colabfold_raw\H_unpaired.a3m,1851854,1789992494354087800,not_computed_user_instruction
D:\IL-24(teeth）\phase2_release\results\full181_supplement\msa\colabfold_raw\L_paired.a3m,171384,1789992494341088400,not_computed_user_instruction
D:\IL-24(teeth）\phase2_release\results\full181_supplement\msa\colabfold_raw\L_unpaired.a3m,1805751,1789992494337093500,not_computed_user_instruction
D:\IL-24(teeth）\phase2_release\results\full181_supplement\msa\colabfold_raw\paired_pairgreedy-env\out.tar.gz,170166,1789992494381084800,not_computed_user_instruction
D:\IL-24(teeth）\phase2_release\results\full181_supplement\msa\colabfold_raw\paired_pairgreedy-env\pair.a3m,587382,1789992494384085900,not_computed_user_instruction
D:\IL-24(teeth）\phase2_release\results\full181_supplement\msa\colabfold_raw\paired_pairgreedy-env\pair.sh,4883,1789992494380084700,not_computed_user_instruction
D:\IL-24(teeth）\phase2_release\results\full181_supplement\msa\colabfold_raw\requests.jsonl,3989,1789992494338093200,not_computed_user_instruction
D:\IL-24(teeth）\phase2_release\results\full181_supplement\msa\colabfold_raw\unpaired_env\bfd.mgnify30.metaeuk30.smag30.a3m,542096,1789992494375085300,not_computed_user_instruction
D:\IL-24(teeth）\phase2_release\results\full181_supplement\msa\colabfold_raw\unpaired_env\msa.sh,6616,1789992494354087800,not_computed_user_instruction
D:\IL-24(teeth）\phase2_release\results\full181_supplement\msa\colabfold_raw\unpaired_env\out.tar.gz,1312976,1789992494379093400,not_computed_user_instruction
D:\IL-24(teeth）\phase2_release\results\full181_supplement\msa\colabfold_raw\unpaired_env\pdb70.m8,39194,1789992494380084700,not_computed_user_instruction
D:\IL-24(teeth）\phase2_release\results\full181_supplement\msa\colabfold_raw\unpaired_env\uniref.a3m,3250123,1789992494372085200,not_computed_user_instruction
D:\IL-24(teeth）\phase2_release\results\full181_supplement\msa\current_input_validation.json,3859,1789992494318084700,not_computed_user_instruction
D:\IL-24(teeth）\phase2_release\results\full181_supplement\msa\H.csv,1376619,1789992494325086500,not_computed_user_instruction
D:\IL-24(teeth）\phase2_release\results\full181_supplement\msa\L.csv,1305903,1789992494317091600,not_computed_user_instruction
D:\IL-24(teeth）\phase2_release\results\full181_supplement\msa\msa_manifest.json,43201,1789992494326087800,not_computed_user_instruction
D:\IL-24(teeth）\phase2_release\results\full181_supplement\msa_execution.json,490,1789980875944348000,not_computed_user_instruction
D:\IL-24(teeth）\phase2_release\results\full181_supplement\parameters.json,580,1789992493789096900,not_computed_user_instruction
D:\IL-24(teeth）\phase2_release\results\full181_supplement\phase1ab_copy_verification.json,481,1789993423067656900,not_computed_user_instruction
D:\IL-24(teeth）\phase2_release\results\full181_supplement\phase1ab_source_inventory.json,5796923,1789993306875500200,not_computed_user_instruction
D:\IL-24(teeth）\phase2_release\results\full181_supplement\phase2_copy_verification.json,306,1789993304199079200,not_computed_user_instruction
D:\IL-24(teeth）\phase2_release\results\full181_supplement\preparation_environment.json,402,1789993647373921100,not_computed_user_instruction
D:\IL-24(teeth）\phase2_release\results\full181_supplement\processed_msa_audit.csv,26713,1789992493799610700,not_computed_user_instruction
D:\IL-24(teeth）\phase2_release\results\full181_supplement\raw\empty\seed1\analysis\full181_cdr_participation.csv,2884,1789992494011857800,not_computed_user_instruction
D:\IL-24(teeth）\phase2_release\results\full181_supplement\raw\empty\seed1\analysis\full181_geometry_qc.csv,679,1789992494011857800,not_computed_user_instruction
D:\IL-24(teeth）\phase2_release\results\full181_supplement\raw\empty\seed1\analysis\full181_interface_contacts.csv,22562,1789992494010857800,not_computed_user_instruction
D:\IL-24(teeth）\phase2_release\results\full181_supplement\raw\empty\seed1\analysis\full181_model_summary.csv,1686,1789992494010857800,not_computed_user_instruction
D:\IL-24(teeth）\phase2_release\results\full181_supplement\raw\empty\seed1\boltz_results_full_blind\lightning_logs\version_0\hparams.yaml,2863,1789992494013856800,not_computed_user_instruction
D:\IL-24(teeth）\phase2_release\results\full181_supplement\raw\empty\seed1\boltz_results_full_blind\predictions\full_blind\confidence_full_blind_model_0.json,905,1789992494015858000,not_computed_user_instruction
D:\IL-24(teeth）\phase2_release\results\full181_supplement\raw\empty\seed1\boltz_results_full_blind\predictions\full_blind\full_blind_model_0.pdb,261953,1789992494018865500,not_computed_user_instruction
D:\IL-24(teeth）\phase2_release\results\full181_supplement\raw\empty\seed1\boltz_results_full_blind\predictions\full_blind\pae_full_blind_model_0.npz,579461,1789992494016871600,not_computed_user_instruction
D:\IL-24(teeth）\phase2_release\results\full181_supplement\raw\empty\seed1\boltz_results_full_blind\predictions\full_blind\plddt_full_blind_model_0.npz,1686,1789992494019856400,not_computed_user_instruction
D:\IL-24(teeth）\phase2_release\results\full181_supplement\raw\empty\seed1\boltz_results_full_blind\processed\constraints\full_blind.npz,1555,1789992494022867300,not_computed_user_instruction
D:\IL-24(teeth）\phase2_release\results\full181_supplement\raw\empty\seed1\boltz_results_full_blind\processed\manifest.json,772,1789992494020858800,not_computed_user_instruction
D:\IL-24(teeth）\phase2_release\results\full181_supplement\raw\empty\seed1\boltz_results_full_blind\processed\mols\full_blind.pkl,5,1789992494022867300,not_computed_user_instruction
D:\IL-24(teeth）\phase2_release\results\full181_supplement\raw\empty\seed1\boltz_results_full_blind\processed\records\full_blind.json,757,1789992494023857100,not_computed_user_instruction
D:\IL-24(teeth）\phase2_release\results\full181_supplement\raw\empty\seed1\boltz_results_full_blind\processed\structures\full_blind.npz,10468,1789992494021858000,not_computed_user_instruction
D:\IL-24(teeth）\phase2_release\results\full181_supplement\raw\empty\seed1\prodigy_result.json,994,1789992494009863900,not_computed_user_instruction
D:\IL-24(teeth）\phase2_release\results\full181_supplement\raw\empty\seed1\run_state.json,10040,1789992494009863900,not_computed_user_instruction
D:\IL-24(teeth）\phase2_release\results\full181_supplement\raw\empty\seed10\boltz_results_full_blind\lightning_logs\version_0\hparams.yaml,2863,1789992493925866500,not_computed_user_instruction
D:\IL-24(teeth）\phase2_release\results\full181_supplement\raw\empty\seed10\boltz_results_full_blind\predictions\full_blind\confidence_full_blind_model_0.json,898,1789992493926863800,not_computed_user_instruction
D:\IL-24(teeth）\phase2_release\results\full181_supplement\raw\empty\seed10\boltz_results_full_blind\predictions\full_blind\full_blind_model_0.pdb,261953,1789992493929857400,not_computed_user_instruction
D:\IL-24(teeth）\phase2_release\results\full181_supplement\raw\empty\seed10\boltz_results_full_blind\predictions\full_blind\pae_full_blind_model_0.npz,580178,1789992493928863900,not_computed_user_instruction
D:\IL-24(teeth）\phase2_release\results\full181_supplement\raw\empty\seed10\boltz_results_full_blind\predictions\full_blind\plddt_full_blind_model_0.npz,1686,1789992493930857900,not_computed_user_instruction
D:\IL-24(teeth）\phase2_release\results\full181_supplement\raw\empty\seed10\boltz_results_full_blind\processed\constraints\full_blind.npz,1555,1789992493932874100,not_computed_user_instruction
D:\IL-24(teeth）\phase2_release\results\full181_supplement\raw\empty\seed10\boltz_results_full_blind\processed\manifest.json,772,1789992493931860700,not_computed_user_instruction
D:\IL-24(teeth）\phase2_release\results\full181_supplement\raw\empty\seed10\boltz_results_full_blind\processed\mols\full_blind.pkl,5,1789992493933856800,not_computed_user_instruction
D:\IL-24(teeth）\phase2_release\results\full181_supplement\raw\empty\seed10\boltz_results_full_blind\processed\records\full_blind.json,757,1789992493934856900,not_computed_user_instruction
D:\IL-24(teeth）\phase2_release\results\full181_supplement\raw\empty\seed10\boltz_results_full_blind\processed\structures\full_blind.npz,10468,1789992493932874100,not_computed_user_instruction
D:\IL-24(teeth）\phase2_release\results\full181_supplement\raw\empty\seed10\prodigy_result.json,1001,1789992493924857700,not_computed_user_instruction
D:\IL-24(teeth）\phase2_release\results\full181_supplement\raw\empty\seed10\run_state.json,7126,1789992493923857900,not_computed_user_instruction
D:\IL-24(teeth）\phase2_release\results\full181_supplement\raw\empty\seed11\boltz_results_full_blind\lightning_logs\version_0\hparams.yaml,2863,1789992493949864900,not_computed_user_instruction
D:\IL-24(teeth）\phase2_release\results\full181_supplement\raw\empty\seed11\boltz_results_full_blind\predictions\full_blind\confidence_full_blind_model_0.json,902,1789992493949864900,not_computed_user_instruction
D:\IL-24(teeth）\phase2_release\results\full181_supplement\raw\empty\seed11\boltz_results_full_blind\predictions\full_blind\full_blind_model_0.pdb,261953,1789992493953866400,not_computed_user_instruction
D:\IL-24(teeth）\phase2_release\results\full181_supplement\raw\empty\seed11\boltz_results_full_blind\predictions\full_blind\pae_full_blind_model_0.npz,581758,1789992493952859400,not_computed_user_instruction
D:\IL-24(teeth）\phase2_release\results\full181_supplement\raw\empty\seed11\boltz_results_full_blind\predictions\full_blind\plddt_full_blind_model_0.npz,1686,1789992493954863400,not_computed_user_instruction
D:\IL-24(teeth）\phase2_release\results\full181_supplement\raw\empty\seed11\boltz_results_full_blind\processed\constraints\full_blind.npz,1555,1789992493957859300,not_computed_user_instruction
D:\IL-24(teeth）\phase2_release\results\full181_supplement\raw\empty\seed11\boltz_results_full_blind\processed\manifest.json,772,1789992493955864500,not_computed_user_instruction
D:\IL-24(teeth）\phase2_release\results\full181_supplement\raw\empty\seed11\boltz_results_full_blind\processed\mols\full_blind.pkl,5,1789992493957859300,not_computed_user_instruction
D:\IL-24(teeth）\phase2_release\results\full181_supplement\raw\empty\seed11\boltz_results_full_blind\processed\records\full_blind.json,757,1789992493959868600,not_computed_user_instruction
D:\IL-24(teeth）\phase2_release\results\full181_supplement\raw\empty\seed11\boltz_results_full_blind\processed\structures\full_blind.npz,10468,1789992493956858600,not_computed_user_instruction
D:\IL-24(teeth）\phase2_release\results\full181_supplement\raw\empty\seed11\prodigy_result.json,1001,1789992493947856900,not_computed_user_instruction
D:\IL-24(teeth）\phase2_release\results\full181_supplement\raw\empty\seed11\run_state.json,7126,1789992493947856900,not_computed_user_instruction
D:\IL-24(teeth）\phase2_release\results\full181_supplement\raw\empty\seed12\boltz_results_full_blind\lightning_logs\version_0\hparams.yaml,2863,1789992493998867200,not_computed_user_instruction
D:\IL-24(teeth）\phase2_release\results\full181_supplement\raw\empty\seed12\boltz_results_full_blind\predictions\full_blind\confidence_full_blind_model_0.json,904,1789992493999858900,not_computed_user_instruction
D:\IL-24(teeth）\phase2_release\results\full181_supplement\raw\empty\seed12\boltz_results_full_blind\predictions\full_blind\full_blind_model_0.pdb,261953,1789992494003863600,not_computed_user_instruction
D:\IL-24(teeth）\phase2_release\results\full181_supplement\raw\empty\seed12\boltz_results_full_blind\predictions\full_blind\pae_full_blind_model_0.npz,580517,1789992494001867700,not_computed_user_instruction
D:\IL-24(teeth）\phase2_release\results\full181_supplement\raw\empty\seed12\boltz_results_full_blind\predictions\full_blind\plddt_full_blind_model_0.npz,1689,1789992494003863600,not_computed_user_instruction
D:\IL-24(teeth）\phase2_release\results\full181_supplement\raw\empty\seed12\boltz_results_full_blind\processed\constraints\full_blind.npz,1555,1789992494006857300,not_computed_user_instruction
D:\IL-24(teeth）\phase2_release\results\full181_supplement\raw\empty\seed12\boltz_results_full_blind\processed\manifest.json,772,1789992494004857000,not_computed_user_instruction
D:\IL-24(teeth）\phase2_release\results\full181_supplement\raw\empty\seed12\boltz_results_full_blind\processed\mols\full_blind.pkl,5,1789992494007857500,not_computed_user_instruction
D:\IL-24(teeth）\phase2_release\results\full181_supplement\raw\empty\seed12\boltz_results_full_blind\processed\records\full_blind.json,757,1789992494008867100,not_computed_user_instruction
D:\IL-24(teeth）\phase2_release\results\full181_supplement\raw\empty\seed12\boltz_results_full_blind\processed\structures\full_blind.npz,10468,1789992494005856700,not_computed_user_instruction
D:\IL-24(teeth）\phase2_release\results\full181_supplement\raw\empty\seed12\prodigy_result.json,1000,1789992493996859500,not_computed_user_instruction
D:\IL-24(teeth）\phase2_release\results\full181_supplement\raw\empty\seed12\run_state.json,7125,1789992493996859500,not_computed_user_instruction
D:\IL-24(teeth）\phase2_release\results\full181_supplement\raw\empty\seed13\boltz_results_full_blind\lightning_logs\version_0\hparams.yaml,2863,1789992494026856700,not_computed_user_instruction
D:\IL-24(teeth）\phase2_release\results\full181_supplement\raw\empty\seed13\boltz_results_full_blind\predictions\full_blind\confidence_full_blind_model_0.json,901,1789992494027858600,not_computed_user_instruction
D:\IL-24(teeth）\phase2_release\results\full181_supplement\raw\empty\seed13\boltz_results_full_blind\predictions\full_blind\full_blind_model_0.pdb,261953,1789992494031863800,not_computed_user_instruction
D:\IL-24(teeth）\phase2_release\results\full181_supplement\raw\empty\seed13\boltz_results_full_blind\predictions\full_blind\pae_full_blind_model_0.npz,580229,1789992494029857200,not_computed_user_instruction
D:\IL-24(teeth）\phase2_release\results\full181_supplement\raw\empty\seed13\boltz_results_full_blind\predictions\full_blind\plddt_full_blind_model_0.npz,1683,1789992494031863800,not_computed_user_instruction
D:\IL-24(teeth）\phase2_release\results\full181_supplement\raw\empty\seed13\boltz_results_full_blind\processed\constraints\full_blind.npz,1555,1789992494034858000,not_computed_user_instruction
D:\IL-24(teeth）\phase2_release\results\full181_supplement\raw\empty\seed13\boltz_results_full_blind\processed\manifest.json,772,1789992494032859400,not_computed_user_instruction
D:\IL-24(teeth）\phase2_release\results\full181_supplement\raw\empty\seed13\boltz_results_full_blind\processed\mols\full_blind.pkl,5,1789992494035857900,not_computed_user_instruction
D:\IL-24(teeth）\phase2_release\results\full181_supplement\raw\empty\seed13\boltz_results_full_blind\processed\records\full_blind.json,757,1789992494036856900,not_computed_user_instruction
D:\IL-24(teeth）\phase2_release\results\full181_supplement\raw\empty\seed13\boltz_results_full_blind\processed\structures\full_blind.npz,10468,1789992494033857400,not_computed_user_instruction
D:\IL-24(teeth）\phase2_release\results\full181_supplement\raw\empty\seed13\prodigy_result.json,1001,1789992494025864100,not_computed_user_instruction
D:\IL-24(teeth）\phase2_release\results\full181_supplement\raw\empty\seed13\run_state.json,7125,1789992494024861600,not_computed_user_instruction
D:\IL-24(teeth）\phase2_release\results\full181_supplement\raw\empty\seed14\boltz_results_full_blind\lightning_logs\version_0\hparams.yaml,2863,1789992493937858600,not_computed_user_instruction
D:\IL-24(teeth）\phase2_release\results\full181_supplement\raw\empty\seed14\boltz_results_full_blind\predictions\full_blind\confidence_full_blind_model_0.json,905,1789992493938858200,not_computed_user_instruction
D:\IL-24(teeth）\phase2_release\results\full181_supplement\raw\empty\seed14\boltz_results_full_blind\predictions\full_blind\full_blind_model_0.pdb,261953,1789992493941863900,not_computed_user_instruction
D:\IL-24(teeth）\phase2_release\results\full181_supplement\raw\empty\seed14\boltz_results_full_blind\predictions\full_blind\pae_full_blind_model_0.npz,581082,1789992493939863800,not_computed_user_instruction
D:\IL-24(teeth）\phase2_release\results\full181_supplement\raw\empty\seed14\boltz_results_full_blind\predictions\full_blind\plddt_full_blind_model_0.npz,1685,1789992493942865500,not_computed_user_instruction
D:\IL-24(teeth）\phase2_release\results\full181_supplement\raw\empty\seed14\boltz_results_full_blind\processed\constraints\full_blind.npz,1555,1789992493945858500,not_computed_user_instruction
D:\IL-24(teeth）\phase2_release\results\full181_supplement\raw\empty\seed14\boltz_results_full_blind\processed\manifest.json,772,1789992493942865500,not_computed_user_instruction
D:\IL-24(teeth）\phase2_release\results\full181_supplement\raw\empty\seed14\boltz_results_full_blind\processed\mols\full_blind.pkl,5,1789992493946863900,not_computed_user_instruction
D:\IL-24(teeth）\phase2_release\results\full181_supplement\raw\empty\seed14\boltz_results_full_blind\processed\records\full_blind.json,757,1789992493946863900,not_computed_user_instruction
D:\IL-24(teeth）\phase2_release\results\full181_supplement\raw\empty\seed14\boltz_results_full_blind\processed\structures\full_blind.npz,10468,1789992493944859100,not_computed_user_instruction
D:\IL-24(teeth）\phase2_release\results\full181_supplement\raw\empty\seed14\prodigy_result.json,1000,1789992493935863800,not_computed_user_instruction
D:\IL-24(teeth）\phase2_release\results\full181_supplement\raw\empty\seed14\run_state.json,7125,1789992493935863800,not_computed_user_instruction
D:\IL-24(teeth）\phase2_release\results\full181_supplement\raw\empty\seed15\boltz_results_full_blind\lightning_logs\version_0\hparams.yaml,2863,1789992493867911200,not_computed_user_instruction
D:\IL-24(teeth）\phase2_release\results\full181_supplement\raw\empty\seed15\boltz_results_full_blind\predictions\full_blind\confidence_full_blind_model_0.json,903,1789992493869911000,not_computed_user_instruction
D:\IL-24(teeth）\phase2_release\results\full181_supplement\raw\empty\seed15\boltz_results_full_blind\predictions\full_blind\full_blind_model_0.pdb,261953,1789992493873916300,not_computed_user_instruction
D:\IL-24(teeth）\phase2_release\results\full181_supplement\raw\empty\seed15\boltz_results_full_blind\predictions\full_blind\pae_full_blind_model_0.npz,580135,1789992493871909700,not_computed_user_instruction
D:\IL-24(teeth）\phase2_release\results\full181_supplement\raw\empty\seed15\boltz_results_full_blind\predictions\full_blind\plddt_full_blind_model_0.npz,1687,1789992493873916300,not_computed_user_instruction
D:\IL-24(teeth）\phase2_release\results\full181_supplement\raw\empty\seed15\boltz_results_full_blind\processed\constraints\full_blind.npz,1555,1789992493877917200,not_computed_user_instruction
D:\IL-24(teeth）\phase2_release\results\full181_supplement\raw\empty\seed15\boltz_results_full_blind\processed\manifest.json,772,1789992493874913800,not_computed_user_instruction
D:\IL-24(teeth）\phase2_release\results\full181_supplement\raw\empty\seed15\boltz_results_full_blind\processed\mols\full_blind.pkl,5,1789992493878911700,not_computed_user_instruction
D:\IL-24(teeth）\phase2_release\results\full181_supplement\raw\empty\seed15\boltz_results_full_blind\processed\records\full_blind.json,757,1789992493879909500,not_computed_user_instruction
D:\IL-24(teeth）\phase2_release\results\full181_supplement\raw\empty\seed15\boltz_results_full_blind\processed\structures\full_blind.npz,10468,1789992493876915600,not_computed_user_instruction
D:\IL-24(teeth）\phase2_release\results\full181_supplement\raw\empty\seed15\prodigy_result.json,998,1789992493866909500,not_computed_user_instruction
D:\IL-24(teeth）\phase2_release\results\full181_supplement\raw\empty\seed15\run_state.json,7125,1789992493866909500,not_computed_user_instruction
D:\IL-24(teeth）\phase2_release\results\full181_supplement\raw\empty\seed2\boltz_results_full_blind\lightning_logs\version_0\hparams.yaml,2863,1789992493961863600,not_computed_user_instruction
D:\IL-24(teeth）\phase2_release\results\full181_supplement\raw\empty\seed2\boltz_results_full_blind\predictions\full_blind\confidence_full_blind_model_0.json,902,1789992493962863800,not_computed_user_instruction
D:\IL-24(teeth）\phase2_release\results\full181_supplement\raw\empty\seed2\boltz_results_full_blind\predictions\full_blind\full_blind_model_0.pdb,261953,1789992493966858400,not_computed_user_instruction
D:\IL-24(teeth）\phase2_release\results\full181_supplement\raw\empty\seed2\boltz_results_full_blind\predictions\full_blind\pae_full_blind_model_0.npz,581998,1789992493964860600,not_computed_user_instruction
D:\IL-24(teeth）\phase2_release\results\full181_supplement\raw\empty\seed2\boltz_results_full_blind\predictions\full_blind\plddt_full_blind_model_0.npz,1682,1789992493967857400,not_computed_user_instruction
D:\IL-24(teeth）\phase2_release\results\full181_supplement\raw\empty\seed2\boltz_results_full_blind\processed\constraints\full_blind.npz,1555,1789992493970864500,not_computed_user_instruction
D:\IL-24(teeth）\phase2_release\results\full181_supplement\raw\empty\seed2\boltz_results_full_blind\processed\manifest.json,772,1789992493968856700,not_computed_user_instruction
D:\IL-24(teeth）\phase2_release\results\full181_supplement\raw\empty\seed2\boltz_results_full_blind\processed\mols\full_blind.pkl,5,1789992493970864500,not_computed_user_instruction
D:\IL-24(teeth）\phase2_release\results\full181_supplement\raw\empty\seed2\boltz_results_full_blind\processed\records\full_blind.json,757,1789992493971858600,not_computed_user_instruction
D:\IL-24(teeth）\phase2_release\results\full181_supplement\raw\empty\seed2\boltz_results_full_blind\processed\structures\full_blind.npz,10468,1789992493969864900,not_computed_user_instruction
D:\IL-24(teeth）\phase2_release\results\full181_supplement\raw\empty\seed2\prodigy_result.json,996,1789992493960856800,not_computed_user_instruction
D:\IL-24(teeth）\phase2_release\results\full181_supplement\raw\empty\seed2\run_state.json,7116,1789992493959868600,not_computed_user_instruction
D:\IL-24(teeth）\phase2_release\results\full181_supplement\raw\empty\seed3\boltz_results_full_blind\lightning_logs\version_0\hparams.yaml,2863,1789992493840910700,not_computed_user_instruction
D:\IL-24(teeth）\phase2_release\results\full181_supplement\raw\empty\seed3\boltz_results_full_blind\predictions\full_blind\confidence_full_blind_model_0.json,904,1789992493841915800,not_computed_user_instruction
D:\IL-24(teeth）\phase2_release\results\full181_supplement\raw\empty\seed3\boltz_results_full_blind\predictions\full_blind\full_blind_model_0.pdb,261953,1789992493844916400,not_computed_user_instruction
D:\IL-24(teeth）\phase2_release\results\full181_supplement\raw\empty\seed3\boltz_results_full_blind\predictions\full_blind\pae_full_blind_model_0.npz,580268,1789992493843916800,not_computed_user_instruction
D:\IL-24(teeth）\phase2_release\results\full181_supplement\raw\empty\seed3\boltz_results_full_blind\predictions\full_blind\plddt_full_blind_model_0.npz,1692,1789992493845916200,not_computed_user_instruction
D:\IL-24(teeth）\phase2_release\results\full181_supplement\raw\empty\seed3\boltz_results_full_blind\processed\constraints\full_blind.npz,1555,1789992493848919500,not_computed_user_instruction
D:\IL-24(teeth）\phase2_release\results\full181_supplement\raw\empty\seed3\boltz_results_full_blind\processed\manifest.json,772,1789992493846912600,not_computed_user_instruction
D:\IL-24(teeth）\phase2_release\results\full181_supplement\raw\empty\seed3\boltz_results_full_blind\processed\mols\full_blind.pkl,5,1789992493850915900,not_computed_user_instruction
D:\IL-24(teeth）\phase2_release\results\full181_supplement\raw\empty\seed3\boltz_results_full_blind\processed\records\full_blind.json,757,1789992493851916300,not_computed_user_instruction
D:\IL-24(teeth）\phase2_release\results\full181_supplement\raw\empty\seed3\boltz_results_full_blind\processed\structures\full_blind.npz,10468,1789992493847910400,not_computed_user_instruction
D:\IL-24(teeth）\phase2_release\results\full181_supplement\raw\empty\seed3\prodigy_result.json,996,1789992493838917200,not_computed_user_instruction
D:\IL-24(teeth）\phase2_release\results\full181_supplement\raw\empty\seed3\run_state.json,7113,1789992493838917200,not_computed_user_instruction
D:\IL-24(teeth）\phase2_release\results\full181_supplement\raw\empty\seed4\boltz_results_full_blind\lightning_logs\version_0\hparams.yaml,2863,1789992493985860700,not_computed_user_instruction
D:\IL-24(teeth）\phase2_release\results\full181_supplement\raw\empty\seed4\boltz_results_full_blind\predictions\full_blind\confidence_full_blind_model_0.json,896,1789992493986857400,not_computed_user_instruction
D:\IL-24(teeth）\phase2_release\results\full181_supplement\raw\empty\seed4\boltz_results_full_blind\predictions\full_blind\full_blind_model_0.pdb,261953,1789992493990864400,not_computed_user_instruction
D:\IL-24(teeth）\phase2_release\results\full181_supplement\raw\empty\seed4\boltz_results_full_blind\predictions\full_blind\pae_full_blind_model_0.npz,580895,1789992493988865100,not_computed_user_instruction
D:\IL-24(teeth）\phase2_release\results\full181_supplement\raw\empty\seed4\boltz_results_full_blind\predictions\full_blind\plddt_full_blind_model_0.npz,1684,1789992493991863600,not_computed_user_instruction
D:\IL-24(teeth）\phase2_release\results\full181_supplement\raw\empty\seed4\boltz_results_full_blind\processed\constraints\full_blind.npz,1555,1789992493994865300,not_computed_user_instruction
D:\IL-24(teeth）\phase2_release\results\full181_supplement\raw\empty\seed4\boltz_results_full_blind\processed\manifest.json,772,1789992493991863600,not_computed_user_instruction
D:\IL-24(teeth）\phase2_release\results\full181_supplement\raw\empty\seed4\boltz_results_full_blind\processed\mols\full_blind.pkl,5,1789992493995864900,not_computed_user_instruction
D:\IL-24(teeth）\phase2_release\results\full181_supplement\raw\empty\seed4\boltz_results_full_blind\processed\records\full_blind.json,757,1789992493995864900,not_computed_user_instruction
D:\IL-24(teeth）\phase2_release\results\full181_supplement\raw\empty\seed4\boltz_results_full_blind\processed\structures\full_blind.npz,10468,1789992493993859100,not_computed_user_instruction
D:\IL-24(teeth）\phase2_release\results\full181_supplement\raw\empty\seed4\prodigy_result.json,996,1789992493984857200,not_computed_user_instruction
D:\IL-24(teeth）\phase2_release\results\full181_supplement\raw\empty\seed4\run_state.json,7115,1789992493983865600,not_computed_user_instruction
D:\IL-24(teeth）\phase2_release\results\full181_supplement\raw\empty\seed5\boltz_results_full_blind\lightning_logs\version_0\hparams.yaml,2863,1789992493882915000,not_computed_user_instruction
D:\IL-24(teeth）\phase2_release\results\full181_supplement\raw\empty\seed5\boltz_results_full_blind\predictions\full_blind\confidence_full_blind_model_0.json,901,1789992493883916400,not_computed_user_instruction
D:\IL-24(teeth）\phase2_release\results\full181_supplement\raw\empty\seed5\boltz_results_full_blind\predictions\full_blind\full_blind_model_0.pdb,261953,1789992493886916200,not_computed_user_instruction
D:\IL-24(teeth）\phase2_release\results\full181_supplement\raw\empty\seed5\boltz_results_full_blind\predictions\full_blind\pae_full_blind_model_0.npz,580216,1789992493885916600,not_computed_user_instruction
D:\IL-24(teeth）\phase2_release\results\full181_supplement\raw\empty\seed5\boltz_results_full_blind\predictions\full_blind\plddt_full_blind_model_0.npz,1697,1789992493888910500,not_computed_user_instruction
D:\IL-24(teeth）\phase2_release\results\full181_supplement\raw\empty\seed5\boltz_results_full_blind\processed\constraints\full_blind.npz,1555,1789992493892917400,not_computed_user_instruction
D:\IL-24(teeth）\phase2_release\results\full181_supplement\raw\empty\seed5\boltz_results_full_blind\processed\manifest.json,772,1789992493889913800,not_computed_user_instruction
D:\IL-24(teeth）\phase2_release\results\full181_supplement\raw\empty\seed5\boltz_results_full_blind\processed\mols\full_blind.pkl,5,1789992493893912000,not_computed_user_instruction
D:\IL-24(teeth）\phase2_release\results\full181_supplement\raw\empty\seed5\boltz_results_full_blind\processed\records\full_blind.json,757,1789992493894910400,not_computed_user_instruction
D:\IL-24(teeth）\phase2_release\results\full181_supplement\raw\empty\seed5\boltz_results_full_blind\processed\structures\full_blind.npz,10468,1789992493890913000,not_computed_user_instruction
D:\IL-24(teeth）\phase2_release\results\full181_supplement\raw\empty\seed5\prodigy_result.json,996,1789992493880914900,not_computed_user_instruction
D:\IL-24(teeth）\phase2_release\results\full181_supplement\raw\empty\seed5\run_state.json,7117,1789992493879909500,not_computed_user_instruction
D:\IL-24(teeth）\phase2_release\results\full181_supplement\raw\empty\seed6\boltz_results_full_blind\lightning_logs\version_0\hparams.yaml,2863,1789992493854945300,not_computed_user_instruction
D:\IL-24(teeth）\phase2_release\results\full181_supplement\raw\empty\seed6\boltz_results_full_blind\predictions\full_blind\confidence_full_blind_model_0.json,902,1789992493855911300,not_computed_user_instruction
D:\IL-24(teeth）\phase2_release\results\full181_supplement\raw\empty\seed6\boltz_results_full_blind\predictions\full_blind\full_blind_model_0.pdb,261953,1789992493859916200,not_computed_user_instruction
D:\IL-24(teeth）\phase2_release\results\full181_supplement\raw\empty\seed6\boltz_results_full_blind\predictions\full_blind\pae_full_blind_model_0.npz,580763,1789992493857916600,not_computed_user_instruction
D:\IL-24(teeth）\phase2_release\results\full181_supplement\raw\empty\seed6\boltz_results_full_blind\predictions\full_blind\plddt_full_blind_model_0.npz,1689,1789992493859916200,not_computed_user_instruction
D:\IL-24(teeth）\phase2_release\results\full181_supplement\raw\empty\seed6\boltz_results_full_blind\processed\constraints\full_blind.npz,1555,1789992493864916200,not_computed_user_instruction
D:\IL-24(teeth）\phase2_release\results\full181_supplement\raw\empty\seed6\boltz_results_full_blind\processed\manifest.json,772,1789992493861916300,not_computed_user_instruction
D:\IL-24(teeth）\phase2_release\results\full181_supplement\raw\empty\seed6\boltz_results_full_blind\processed\mols\full_blind.pkl,5,1789992493865916100,not_computed_user_instruction
D:\IL-24(teeth）\phase2_release\results\full181_supplement\raw\empty\seed6\boltz_results_full_blind\processed\records\full_blind.json,757,1789992493865916100,not_computed_user_instruction
D:\IL-24(teeth）\phase2_release\results\full181_supplement\raw\empty\seed6\boltz_results_full_blind\processed\structures\full_blind.npz,10468,1789992493863917200,not_computed_user_instruction
D:\IL-24(teeth）\phase2_release\results\full181_supplement\raw\empty\seed6\prodigy_result.json,995,1789992493852916400,not_computed_user_instruction
D:\IL-24(teeth）\phase2_release\results\full181_supplement\raw\empty\seed6\run_state.json,7117,1789992493851916300,not_computed_user_instruction
D:\IL-24(teeth）\phase2_release\results\full181_supplement\raw\empty\seed7\boltz_results_full_blind\lightning_logs\version_0\hparams.yaml,2863,1789992493912916500,not_computed_user_instruction
D:\IL-24(teeth）\phase2_release\results\full181_supplement\raw\empty\seed7\boltz_results_full_blind\predictions\full_blind\confidence_full_blind_model_0.json,903,1789992493913909300,not_computed_user_instruction
D:\IL-24(teeth）\phase2_release\results\full181_supplement\raw\empty\seed7\boltz_results_full_blind\predictions\full_blind\full_blind_model_0.pdb,261953,1789992493917926300,not_computed_user_instruction
D:\IL-24(teeth）\phase2_release\results\full181_supplement\raw\empty\seed7\boltz_results_full_blind\predictions\full_blind\pae_full_blind_model_0.npz,579796,1789992493915910500,not_computed_user_instruction
D:\IL-24(teeth）\phase2_release\results\full181_supplement\raw\empty\seed7\boltz_results_full_blind\predictions\full_blind\plddt_full_blind_model_0.npz,1690,1789992493918910900,not_computed_user_instruction
D:\IL-24(teeth）\phase2_release\results\full181_supplement\raw\empty\seed7\boltz_results_full_blind\processed\constraints\full_blind.npz,1555,1789992493921357800,not_computed_user_instruction
D:\IL-24(teeth）\phase2_release\results\full181_supplement\raw\empty\seed7\boltz_results_full_blind\processed\manifest.json,772,1789992493919916800,not_computed_user_instruction
D:\IL-24(teeth）\phase2_release\results\full181_supplement\raw\empty\seed7\boltz_results_full_blind\processed\mols\full_blind.pkl,5,1789992493921357800,not_computed_user_instruction
D:\IL-24(teeth）\phase2_release\results\full181_supplement\raw\empty\seed7\boltz_results_full_blind\processed\records\full_blind.json,757,1789992493922850500,not_computed_user_instruction
D:\IL-24(teeth）\phase2_release\results\full181_supplement\raw\empty\seed7\boltz_results_full_blind\processed\structures\full_blind.npz,10468,1789992493919916800,not_computed_user_instruction
D:\IL-24(teeth）\phase2_release\results\full181_supplement\raw\empty\seed7\prodigy_result.json,994,1789992493911919000,not_computed_user_instruction
D:\IL-24(teeth）\phase2_release\results\full181_supplement\raw\empty\seed7\run_state.json,7114,1789992493910911900,not_computed_user_instruction
D:\IL-24(teeth）\phase2_release\results\full181_supplement\raw\empty\seed8\boltz_results_full_blind\lightning_logs\version_0\hparams.yaml,2863,1789992493898916800,not_computed_user_instruction
D:\IL-24(teeth）\phase2_release\results\full181_supplement\raw\empty\seed8\boltz_results_full_blind\predictions\full_blind\confidence_full_blind_model_0.json,899,1789992493899916700,not_computed_user_instruction
D:\IL-24(teeth）\phase2_release\results\full181_supplement\raw\empty\seed8\boltz_results_full_blind\predictions\full_blind\full_blind_model_0.pdb,261953,1789992493903921500,not_computed_user_instruction
D:\IL-24(teeth）\phase2_release\results\full181_supplement\raw\empty\seed8\boltz_results_full_blind\predictions\full_blind\pae_full_blind_model_0.npz,581045,1789992493901909700,not_computed_user_instruction
D:\IL-24(teeth）\phase2_release\results\full181_supplement\raw\empty\seed8\boltz_results_full_blind\predictions\full_blind\plddt_full_blind_model_0.npz,1682,1789992493903921500,not_computed_user_instruction
D:\IL-24(teeth）\phase2_release\results\full181_supplement\raw\empty\seed8\boltz_results_full_blind\processed\constraints\full_blind.npz,1555,1789992493907916100,not_computed_user_instruction
D:\IL-24(teeth）\phase2_release\results\full181_supplement\raw\empty\seed8\boltz_results_full_blind\processed\manifest.json,772,1789992493905917500,not_computed_user_instruction
D:\IL-24(teeth）\phase2_release\results\full181_supplement\raw\empty\seed8\boltz_results_full_blind\processed\mols\full_blind.pkl,5,1789992493907916100,not_computed_user_instruction
D:\IL-24(teeth）\phase2_release\results\full181_supplement\raw\empty\seed8\boltz_results_full_blind\processed\records\full_blind.json,757,1789992493908909300,not_computed_user_instruction
D:\IL-24(teeth）\phase2_release\results\full181_supplement\raw\empty\seed8\boltz_results_full_blind\processed\structures\full_blind.npz,10468,1789992493906916300,not_computed_user_instruction
D:\IL-24(teeth）\phase2_release\results\full181_supplement\raw\empty\seed8\prodigy_result.json,995,1789992493896912700,not_computed_user_instruction
D:\IL-24(teeth）\phase2_release\results\full181_supplement\raw\empty\seed8\run_state.json,7116,1789992493895911000,not_computed_user_instruction
D:\IL-24(teeth）\phase2_release\results\full181_supplement\raw\empty\seed9\boltz_results_full_blind\lightning_logs\version_0\hparams.yaml,2863,1789992493973860900,not_computed_user_instruction
D:\IL-24(teeth）\phase2_release\results\full181_supplement\raw\empty\seed9\boltz_results_full_blind\predictions\full_blind\confidence_full_blind_model_0.json,898,1789992493975866000,not_computed_user_instruction
D:\IL-24(teeth）\phase2_release\results\full181_supplement\raw\empty\seed9\boltz_results_full_blind\predictions\full_blind\full_blind_model_0.pdb,261953,1789992493978867200,not_computed_user_instruction
D:\IL-24(teeth）\phase2_release\results\full181_supplement\raw\empty\seed9\boltz_results_full_blind\predictions\full_blind\pae_full_blind_model_0.npz,581748,1789992493976863900,not_computed_user_instruction
D:\IL-24(teeth）\phase2_release\results\full181_supplement\raw\empty\seed9\boltz_results_full_blind\predictions\full_blind\plddt_full_blind_model_0.npz,1697,1789992493979857700,not_computed_user_instruction
D:\IL-24(teeth）\phase2_release\results\full181_supplement\raw\empty\seed9\boltz_results_full_blind\processed\constraints\full_blind.npz,1555,1789992493981865600,not_computed_user_instruction
D:\IL-24(teeth）\phase2_release\results\full181_supplement\raw\empty\seed9\boltz_results_full_blind\processed\manifest.json,772,1789992493979857700,not_computed_user_instruction
D:\IL-24(teeth）\phase2_release\results\full181_supplement\raw\empty\seed9\boltz_results_full_blind\processed\mols\full_blind.pkl,5,1789992493982857200,not_computed_user_instruction
D:\IL-24(teeth）\phase2_release\results\full181_supplement\raw\empty\seed9\boltz_results_full_blind\processed\records\full_blind.json,757,1789992493983865600,not_computed_user_instruction
D:\IL-24(teeth）\phase2_release\results\full181_supplement\raw\empty\seed9\boltz_results_full_blind\processed\structures\full_blind.npz,10468,1789992493980856800,not_computed_user_instruction
D:\IL-24(teeth）\phase2_release\results\full181_supplement\raw\empty\seed9\prodigy_result.json,996,1789992493972858700,not_computed_user_instruction
D:\IL-24(teeth）\phase2_release\results\full181_supplement\raw\empty\seed9\run_state.json,7115,1789992493972858700,not_computed_user_instruction
D:\IL-24(teeth）\phase2_release\results\full181_supplement\raw\formal_msa\seed1\analysis\full181_cdr_participation.csv,3186,1789992494287085100,not_computed_user_instruction
D:\IL-24(teeth）\phase2_release\results\full181_supplement\raw\formal_msa\seed1\analysis\full181_geometry_qc.csv,701,1789992494288091500,not_computed_user_instruction
D:\IL-24(teeth）\phase2_release\results\full181_supplement\raw\formal_msa\seed1\analysis\full181_interface_contacts.csv,24274,1789992494286092900,not_computed_user_instruction
D:\IL-24(teeth）\phase2_release\results\full181_supplement\raw\formal_msa\seed1\analysis\full181_model_summary.csv,1727,1789992494286092900,not_computed_user_instruction
D:\IL-24(teeth）\phase2_release\results\full181_supplement\raw\formal_msa\seed1\boltz_results_full_blind_msa\lightning_logs\version_0\hparams.yaml,2863,1789992494270085800,not_computed_user_instruction
D:\IL-24(teeth）\phase2_release\results\full181_supplement\raw\formal_msa\seed1\boltz_results_full_blind_msa\predictions\full_blind_msa\confidence_full_blind_msa_model_0.json,902,1789992494271086400,not_computed_user_instruction
D:\IL-24(teeth）\phase2_release\results\full181_supplement\raw\formal_msa\seed1\boltz_results_full_blind_msa\predictions\full_blind_msa\full_blind_msa_model_0.pdb,261953,1789992494275091500,not_computed_user_instruction
D:\IL-24(teeth）\phase2_release\results\full181_supplement\raw\formal_msa\seed1\boltz_results_full_blind_msa\predictions\full_blind_msa\pae_full_blind_msa_model_0.npz,583271,1789992494273091800,not_computed_user_instruction
D:\IL-24(teeth）\phase2_release\results\full181_supplement\raw\formal_msa\seed1\boltz_results_full_blind_msa\predictions\full_blind_msa\plddt_full_blind_msa_model_0.npz,1663,1789992494275091500,not_computed_user_instruction
D:\IL-24(teeth）\phase2_release\results\full181_supplement\raw\formal_msa\seed1\boltz_results_full_blind_msa\processed\constraints\full_blind_msa.npz,1555,1789992494278086800,not_computed_user_instruction
D:\IL-24(teeth）\phase2_release\results\full181_supplement\raw\formal_msa\seed1\boltz_results_full_blind_msa\processed\manifest.json,824,1789992494276085100,not_computed_user_instruction
D:\IL-24(teeth）\phase2_release\results\full181_supplement\raw\formal_msa\seed1\boltz_results_full_blind_msa\processed\mols\full_blind_msa.pkl,5,1789992494279088800,not_computed_user_instruction
D:\IL-24(teeth）\phase2_release\results\full181_supplement\raw\formal_msa\seed1\boltz_results_full_blind_msa\processed\msa\full_blind_msa_0.npz,62794,1789992494281084900,not_computed_user_instruction
D:\IL-24(teeth）\phase2_release\results\full181_supplement\raw\formal_msa\seed1\boltz_results_full_blind_msa\processed\msa\full_blind_msa_1.npz,410516,1789992494282091400,not_computed_user_instruction
D:\IL-24(teeth）\phase2_release\results\full181_supplement\raw\formal_msa\seed1\boltz_results_full_blind_msa\processed\msa\full_blind_msa_2.npz,404238,1789992494285085100,not_computed_user_instruction
D:\IL-24(teeth）\phase2_release\results\full181_supplement\raw\formal_msa\seed1\boltz_results_full_blind_msa\processed\records\full_blind_msa.json,809,1789992494280084800,not_computed_user_instruction
D:\IL-24(teeth）\phase2_release\results\full181_supplement\raw\formal_msa\seed1\boltz_results_full_blind_msa\processed\structures\full_blind_msa.npz,10468,1789992494277084400,not_computed_user_instruction
D:\IL-24(teeth）\phase2_release\results\full181_supplement\raw\formal_msa\seed1\prodigy_result.json,1033,1789992494268084800,not_computed_user_instruction
D:\IL-24(teeth）\phase2_release\results\full181_supplement\raw\formal_msa\seed1\run_state.json,15313,1789992494268084800,not_computed_user_instruction
D:\IL-24(teeth）\phase2_release\results\full181_supplement\raw\formal_msa\seed10\boltz_results_full_blind_msa\lightning_logs\version_0\hparams.yaml,2863,1789992494146692300,not_computed_user_instruction
D:\IL-24(teeth）\phase2_release\results\full181_supplement\raw\formal_msa\seed10\boltz_results_full_blind_msa\predictions\full_blind_msa\confidence_full_blind_msa_model_0.json,900,1789992494147701900,not_computed_user_instruction
D:\IL-24(teeth）\phase2_release\results\full181_supplement\raw\formal_msa\seed10\boltz_results_full_blind_msa\predictions\full_blind_msa\full_blind_msa_model_0.pdb,261953,1789992494150698700,not_computed_user_instruction
D:\IL-24(teeth）\phase2_release\results\full181_supplement\raw\formal_msa\seed10\boltz_results_full_blind_msa\predictions\full_blind_msa\pae_full_blind_msa_model_0.npz,585836,1789992494148698700,not_computed_user_instruction
D:\IL-24(teeth）\phase2_release\results\full181_supplement\raw\formal_msa\seed10\boltz_results_full_blind_msa\predictions\full_blind_msa\plddt_full_blind_msa_model_0.npz,1659,1789992494151701200,not_computed_user_instruction
D:\IL-24(teeth）\phase2_release\results\full181_supplement\raw\formal_msa\seed10\boltz_results_full_blind_msa\processed\constraints\full_blind_msa.npz,1555,1789992494154704200,not_computed_user_instruction
D:\IL-24(teeth）\phase2_release\results\full181_supplement\raw\formal_msa\seed10\boltz_results_full_blind_msa\processed\manifest.json,824,1789992494153693900,not_computed_user_instruction
D:\IL-24(teeth）\phase2_release\results\full181_supplement\raw\formal_msa\seed10\boltz_results_full_blind_msa\processed\mols\full_blind_msa.pkl,5,1789992494156706300,not_computed_user_instruction
D:\IL-24(teeth）\phase2_release\results\full181_supplement\raw\formal_msa\seed10\boltz_results_full_blind_msa\processed\msa\full_blind_msa_0.npz,62794,1789992494157698800,not_computed_user_instruction
D:\IL-24(teeth）\phase2_release\results\full181_supplement\raw\formal_msa\seed10\boltz_results_full_blind_msa\processed\msa\full_blind_msa_1.npz,410516,1789992494159691900,not_computed_user_instruction
D:\IL-24(teeth）\phase2_release\results\full181_supplement\raw\formal_msa\seed10\boltz_results_full_blind_msa\processed\msa\full_blind_msa_2.npz,404238,1789992494161702200,not_computed_user_instruction
D:\IL-24(teeth）\phase2_release\results\full181_supplement\raw\formal_msa\seed10\boltz_results_full_blind_msa\processed\records\full_blind_msa.json,809,1789992494156706300,not_computed_user_instruction
D:\IL-24(teeth）\phase2_release\results\full181_supplement\raw\formal_msa\seed10\boltz_results_full_blind_msa\processed\structures\full_blind_msa.npz,10468,1789992494154704200,not_computed_user_instruction
D:\IL-24(teeth）\phase2_release\results\full181_supplement\raw\formal_msa\seed10\prodigy_result.json,1037,1789992494144690600,not_computed_user_instruction
D:\IL-24(teeth）\phase2_release\results\full181_supplement\raw\formal_msa\seed10\run_state.json,12325,1789992494143691600,not_computed_user_instruction
D:\IL-24(teeth）\phase2_release\results\full181_supplement\raw\formal_msa\seed11\boltz_results_full_blind_msa\lightning_logs\version_0\hparams.yaml,2863,1789992494181692100,not_computed_user_instruction
D:\IL-24(teeth）\phase2_release\results\full181_supplement\raw\formal_msa\seed11\boltz_results_full_blind_msa\predictions\full_blind_msa\confidence_full_blind_msa_model_0.json,901,1789992494182692700,not_computed_user_instruction
D:\IL-24(teeth）\phase2_release\results\full181_supplement\raw\formal_msa\seed11\boltz_results_full_blind_msa\predictions\full_blind_msa\full_blind_msa_model_0.pdb,261953,1789992494185699000,not_computed_user_instruction
D:\IL-24(teeth）\phase2_release\results\full181_supplement\raw\formal_msa\seed11\boltz_results_full_blind_msa\predictions\full_blind_msa\pae_full_blind_msa_model_0.npz,584968,1789992494184698500,not_computed_user_instruction
D:\IL-24(teeth）\phase2_release\results\full181_supplement\raw\formal_msa\seed11\boltz_results_full_blind_msa\predictions\full_blind_msa\plddt_full_blind_msa_model_0.npz,1654,1789992494186692600,not_computed_user_instruction
D:\IL-24(teeth）\phase2_release\results\full181_supplement\raw\formal_msa\seed11\boltz_results_full_blind_msa\processed\constraints\full_blind_msa.npz,1555,1789992494189701500,not_computed_user_instruction
D:\IL-24(teeth）\phase2_release\results\full181_supplement\raw\formal_msa\seed11\boltz_results_full_blind_msa\processed\manifest.json,824,1789992494187692700,not_computed_user_instruction
D:\IL-24(teeth）\phase2_release\results\full181_supplement\raw\formal_msa\seed11\boltz_results_full_blind_msa\processed\mols\full_blind_msa.pkl,5,1789992494190698700,not_computed_user_instruction
D:\IL-24(teeth）\phase2_release\results\full181_supplement\raw\formal_msa\seed11\boltz_results_full_blind_msa\processed\msa\full_blind_msa_0.npz,62794,1789992494191691600,not_computed_user_instruction
D:\IL-24(teeth）\phase2_release\results\full181_supplement\raw\formal_msa\seed11\boltz_results_full_blind_msa\processed\msa\full_blind_msa_1.npz,410516,1789992494193692600,not_computed_user_instruction
D:\IL-24(teeth）\phase2_release\results\full181_supplement\raw\formal_msa\seed11\boltz_results_full_blind_msa\processed\msa\full_blind_msa_2.npz,404238,1789992494195693800,not_computed_user_instruction
D:\IL-24(teeth）\phase2_release\results\full181_supplement\raw\formal_msa\seed11\boltz_results_full_blind_msa\processed\records\full_blind_msa.json,809,1789992494190698700,not_computed_user_instruction
D:\IL-24(teeth）\phase2_release\results\full181_supplement\raw\formal_msa\seed11\boltz_results_full_blind_msa\processed\structures\full_blind_msa.npz,10468,1789992494188692500,not_computed_user_instruction
D:\IL-24(teeth）\phase2_release\results\full181_supplement\raw\formal_msa\seed11\prodigy_result.json,1035,1789992494180693400,not_computed_user_instruction
D:\IL-24(teeth）\phase2_release\results\full181_supplement\raw\formal_msa\seed11\run_state.json,12326,1789992494179691600,not_computed_user_instruction
D:\IL-24(teeth）\phase2_release\results\full181_supplement\raw\formal_msa\seed12\boltz_results_full_blind_msa\lightning_logs\version_0\hparams.yaml,2863,1789992494253092200,not_computed_user_instruction
D:\IL-24(teeth）\phase2_release\results\full181_supplement\raw\formal_msa\seed12\boltz_results_full_blind_msa\predictions\full_blind_msa\confidence_full_blind_msa_model_0.json,903,1789992494254084800,not_computed_user_instruction
D:\IL-24(teeth）\phase2_release\results\full181_supplement\raw\formal_msa\seed12\boltz_results_full_blind_msa\predictions\full_blind_msa\full_blind_msa_model_0.pdb,261953,1789992494257086400,not_computed_user_instruction
D:\IL-24(teeth）\phase2_release\results\full181_supplement\raw\formal_msa\seed12\boltz_results_full_blind_msa\predictions\full_blind_msa\pae_full_blind_msa_model_0.npz,585799,1789992494255084600,not_computed_user_instruction
D:\IL-24(teeth）\phase2_release\results\full181_supplement\raw\formal_msa\seed12\boltz_results_full_blind_msa\predictions\full_blind_msa\plddt_full_blind_msa_model_0.npz,1653,1789992494258086000,not_computed_user_instruction
D:\IL-24(teeth）\phase2_release\results\full181_supplement\raw\formal_msa\seed12\boltz_results_full_blind_msa\processed\constraints\full_blind_msa.npz,1555,1789992494261091600,not_computed_user_instruction
D:\IL-24(teeth）\phase2_release\results\full181_supplement\raw\formal_msa\seed12\boltz_results_full_blind_msa\processed\manifest.json,824,1789992494259093900,not_computed_user_instruction
D:\IL-24(teeth）\phase2_release\results\full181_supplement\raw\formal_msa\seed12\boltz_results_full_blind_msa\processed\mols\full_blind_msa.pkl,5,1789992494261091600,not_computed_user_instruction
D:\IL-24(teeth）\phase2_release\results\full181_supplement\raw\formal_msa\seed12\boltz_results_full_blind_msa\processed\msa\full_blind_msa_0.npz,62794,1789992494263088300,not_computed_user_instruction
D:\IL-24(teeth）\phase2_release\results\full181_supplement\raw\formal_msa\seed12\boltz_results_full_blind_msa\processed\msa\full_blind_msa_1.npz,410516,1789992494265086700,not_computed_user_instruction
D:\IL-24(teeth）\phase2_release\results\full181_supplement\raw\formal_msa\seed12\boltz_results_full_blind_msa\processed\msa\full_blind_msa_2.npz,404238,1789992494267092300,not_computed_user_instruction
D:\IL-24(teeth）\phase2_release\results\full181_supplement\raw\formal_msa\seed12\boltz_results_full_blind_msa\processed\records\full_blind_msa.json,809,1789992494262091600,not_computed_user_instruction
D:\IL-24(teeth）\phase2_release\results\full181_supplement\raw\formal_msa\seed12\boltz_results_full_blind_msa\processed\structures\full_blind_msa.npz,10468,1789992494260084900,not_computed_user_instruction
D:\IL-24(teeth）\phase2_release\results\full181_supplement\raw\formal_msa\seed12\prodigy_result.json,1038,1789992494252095300,not_computed_user_instruction
D:\IL-24(teeth）\phase2_release\results\full181_supplement\raw\formal_msa\seed12\run_state.json,12325,1789992494250087400,not_computed_user_instruction
D:\IL-24(teeth）\phase2_release\results\full181_supplement\raw\formal_msa\seed13\boltz_results_full_blind_msa\lightning_logs\version_0\hparams.yaml,2863,1789992494290084600,not_computed_user_instruction
D:\IL-24(teeth）\phase2_release\results\full181_supplement\raw\formal_msa\seed13\boltz_results_full_blind_msa\predictions\full_blind_msa\confidence_full_blind_msa_model_0.json,899,1789992494291087500,not_computed_user_instruction
D:\IL-24(teeth）\phase2_release\results\full181_supplement\raw\formal_msa\seed13\boltz_results_full_blind_msa\predictions\full_blind_msa\full_blind_msa_model_0.pdb,261953,1789992494295091400,not_computed_user_instruction
D:\IL-24(teeth）\phase2_release\results\full181_supplement\raw\formal_msa\seed13\boltz_results_full_blind_msa\predictions\full_blind_msa\pae_full_blind_msa_model_0.npz,585204,1789992494292085900,not_computed_user_instruction
D:\IL-24(teeth）\phase2_release\results\full181_supplement\raw\formal_msa\seed13\boltz_results_full_blind_msa\predictions\full_blind_msa\plddt_full_blind_msa_model_0.npz,1651,1789992494295091400,not_computed_user_instruction
D:\IL-24(teeth）\phase2_release\results\full181_supplement\raw\formal_msa\seed13\boltz_results_full_blind_msa\processed\constraints\full_blind_msa.npz,1555,1789992494297092200,not_computed_user_instruction
D:\IL-24(teeth）\phase2_release\results\full181_supplement\raw\formal_msa\seed13\boltz_results_full_blind_msa\processed\manifest.json,824,1789992494296085500,not_computed_user_instruction
D:\IL-24(teeth）\phase2_release\results\full181_supplement\raw\formal_msa\seed13\boltz_results_full_blind_msa\processed\mols\full_blind_msa.pkl,5,1789992494298087000,not_computed_user_instruction
D:\IL-24(teeth）\phase2_release\results\full181_supplement\raw\formal_msa\seed13\boltz_results_full_blind_msa\processed\msa\full_blind_msa_0.npz,62794,1789992494300086200,not_computed_user_instruction
D:\IL-24(teeth）\phase2_release\results\full181_supplement\raw\formal_msa\seed13\boltz_results_full_blind_msa\processed\msa\full_blind_msa_1.npz,410516,1789992494302091500,not_computed_user_instruction
D:\IL-24(teeth）\phase2_release\results\full181_supplement\raw\formal_msa\seed13\boltz_results_full_blind_msa\processed\msa\full_blind_msa_2.npz,404238,1789992494304091900,not_computed_user_instruction
D:\IL-24(teeth）\phase2_release\results\full181_supplement\raw\formal_msa\seed13\boltz_results_full_blind_msa\processed\records\full_blind_msa.json,809,1789992494299152000,not_computed_user_instruction
D:\IL-24(teeth）\phase2_release\results\full181_supplement\raw\formal_msa\seed13\boltz_results_full_blind_msa\processed\structures\full_blind_msa.npz,10468,1789992494297092200,not_computed_user_instruction
D:\IL-24(teeth）\phase2_release\results\full181_supplement\raw\formal_msa\seed13\prodigy_result.json,1037,1789992494289085200,not_computed_user_instruction
D:\IL-24(teeth）\phase2_release\results\full181_supplement\raw\formal_msa\seed13\run_state.json,12324,1789992494288091500,not_computed_user_instruction
D:\IL-24(teeth）\phase2_release\results\full181_supplement\raw\formal_msa\seed14\boltz_results_full_blind_msa\lightning_logs\version_0\hparams.yaml,2863,1789992494164700900,not_computed_user_instruction
D:\IL-24(teeth）\phase2_release\results\full181_supplement\raw\formal_msa\seed14\boltz_results_full_blind_msa\predictions\full_blind_msa\confidence_full_blind_msa_model_0.json,905,1789992494165692400,not_computed_user_instruction
D:\IL-24(teeth）\phase2_release\results\full181_supplement\raw\formal_msa\seed14\boltz_results_full_blind_msa\predictions\full_blind_msa\full_blind_msa_model_0.pdb,261953,1789992494168698600,not_computed_user_instruction
D:\IL-24(teeth）\phase2_release\results\full181_supplement\raw\formal_msa\seed14\boltz_results_full_blind_msa\predictions\full_blind_msa\pae_full_blind_msa_model_0.npz,586005,1789992494166692700,not_computed_user_instruction
D:\IL-24(teeth）\phase2_release\results\full181_supplement\raw\formal_msa\seed14\boltz_results_full_blind_msa\predictions\full_blind_msa\plddt_full_blind_msa_model_0.npz,1657,1789992494169691900,not_computed_user_instruction
D:\IL-24(teeth）\phase2_release\results\full181_supplement\raw\formal_msa\seed14\boltz_results_full_blind_msa\processed\constraints\full_blind_msa.npz,1555,1789992494172692500,not_computed_user_instruction
D:\IL-24(teeth）\phase2_release\results\full181_supplement\raw\formal_msa\seed14\boltz_results_full_blind_msa\processed\manifest.json,824,1789992494170701000,not_computed_user_instruction
D:\IL-24(teeth）\phase2_release\results\full181_supplement\raw\formal_msa\seed14\boltz_results_full_blind_msa\processed\mols\full_blind_msa.pkl,5,1789992494172692500,not_computed_user_instruction
D:\IL-24(teeth）\phase2_release\results\full181_supplement\raw\formal_msa\seed14\boltz_results_full_blind_msa\processed\msa\full_blind_msa_0.npz,62794,1789992494174702100,not_computed_user_instruction
D:\IL-24(teeth）\phase2_release\results\full181_supplement\raw\formal_msa\seed14\boltz_results_full_blind_msa\processed\msa\full_blind_msa_1.npz,410516,1789992494176691700,not_computed_user_instruction
D:\IL-24(teeth）\phase2_release\results\full181_supplement\raw\formal_msa\seed14\boltz_results_full_blind_msa\processed\msa\full_blind_msa_2.npz,404238,1789992494178698900,not_computed_user_instruction
D:\IL-24(teeth）\phase2_release\results\full181_supplement\raw\formal_msa\seed14\boltz_results_full_blind_msa\processed\records\full_blind_msa.json,809,1789992494173692700,not_computed_user_instruction
D:\IL-24(teeth）\phase2_release\results\full181_supplement\raw\formal_msa\seed14\boltz_results_full_blind_msa\processed\structures\full_blind_msa.npz,10468,1789992494170701000,not_computed_user_instruction
D:\IL-24(teeth）\phase2_release\results\full181_supplement\raw\formal_msa\seed14\prodigy_result.json,1037,1789992494163692600,not_computed_user_instruction
D:\IL-24(teeth）\phase2_release\results\full181_supplement\raw\formal_msa\seed14\run_state.json,12326,1789992494162694000,not_computed_user_instruction
D:\IL-24(teeth）\phase2_release\results\full181_supplement\raw\formal_msa\seed15\boltz_results_full_blind_msa\lightning_logs\version_0\hparams.yaml,2863,1789992494074877400,not_computed_user_instruction
D:\IL-24(teeth）\phase2_release\results\full181_supplement\raw\formal_msa\seed15\boltz_results_full_blind_msa\predictions\full_blind_msa\confidence_full_blind_msa_model_0.json,902,1789992494075872000,not_computed_user_instruction
D:\IL-24(teeth）\phase2_release\results\full181_supplement\raw\formal_msa\seed15\boltz_results_full_blind_msa\predictions\full_blind_msa\full_blind_msa_model_0.pdb,261953,1789992494078877800,not_computed_user_instruction
D:\IL-24(teeth）\phase2_release\results\full181_supplement\raw\formal_msa\seed15\boltz_results_full_blind_msa\predictions\full_blind_msa\pae_full_blind_msa_model_0.npz,585158,1789992494077872000,not_computed_user_instruction
D:\IL-24(teeth）\phase2_release\results\full181_supplement\raw\formal_msa\seed15\boltz_results_full_blind_msa\predictions\full_blind_msa\plddt_full_blind_msa_model_0.npz,1647,1789992494079870100,not_computed_user_instruction
D:\IL-24(teeth）\phase2_release\results\full181_supplement\raw\formal_msa\seed15\boltz_results_full_blind_msa\processed\constraints\full_blind_msa.npz,1555,1789992494082872300,not_computed_user_instruction
D:\IL-24(teeth）\phase2_release\results\full181_supplement\raw\formal_msa\seed15\boltz_results_full_blind_msa\processed\manifest.json,824,1789992494080870100,not_computed_user_instruction
D:\IL-24(teeth）\phase2_release\results\full181_supplement\raw\formal_msa\seed15\boltz_results_full_blind_msa\processed\mols\full_blind_msa.pkl,5,1789992494083871800,not_computed_user_instruction
D:\IL-24(teeth）\phase2_release\results\full181_supplement\raw\formal_msa\seed15\boltz_results_full_blind_msa\processed\msa\full_blind_msa_0.npz,62794,1789992494085873500,not_computed_user_instruction
D:\IL-24(teeth）\phase2_release\results\full181_supplement\raw\formal_msa\seed15\boltz_results_full_blind_msa\processed\msa\full_blind_msa_1.npz,410516,1789992494087877800,not_computed_user_instruction
D:\IL-24(teeth）\phase2_release\results\full181_supplement\raw\formal_msa\seed15\boltz_results_full_blind_msa\processed\msa\full_blind_msa_2.npz,404238,1789992494089693900,not_computed_user_instruction
D:\IL-24(teeth）\phase2_release\results\full181_supplement\raw\formal_msa\seed15\boltz_results_full_blind_msa\processed\records\full_blind_msa.json,809,1789992494084871900,not_computed_user_instruction
D:\IL-24(teeth）\phase2_release\results\full181_supplement\raw\formal_msa\seed15\boltz_results_full_blind_msa\processed\structures\full_blind_msa.npz,10468,1789992494081870200,not_computed_user_instruction
D:\IL-24(teeth）\phase2_release\results\full181_supplement\raw\formal_msa\seed15\prodigy_result.json,1037,1789992494072863900,not_computed_user_instruction
D:\IL-24(teeth）\phase2_release\results\full181_supplement\raw\formal_msa\seed15\run_state.json,12323,1789992494072863900,not_computed_user_instruction
D:\IL-24(teeth）\phase2_release\results\full181_supplement\raw\formal_msa\seed2\boltz_results_full_blind_msa\lightning_logs\version_0\hparams.yaml,2863,1789992494197699300,not_computed_user_instruction
D:\IL-24(teeth）\phase2_release\results\full181_supplement\raw\formal_msa\seed2\boltz_results_full_blind_msa\predictions\full_blind_msa\confidence_full_blind_msa_model_0.json,899,1789992494198692300,not_computed_user_instruction
D:\IL-24(teeth）\phase2_release\results\full181_supplement\raw\formal_msa\seed2\boltz_results_full_blind_msa\predictions\full_blind_msa\full_blind_msa_model_0.pdb,261953,1789992494202699500,not_computed_user_instruction
D:\IL-24(teeth）\phase2_release\results\full181_supplement\raw\formal_msa\seed2\boltz_results_full_blind_msa\predictions\full_blind_msa\pae_full_blind_msa_model_0.npz,585832,1789992494200694100,not_computed_user_instruction
D:\IL-24(teeth）\phase2_release\results\full181_supplement\raw\formal_msa\seed2\boltz_results_full_blind_msa\predictions\full_blind_msa\plddt_full_blind_msa_model_0.npz,1656,1789992494202699500,not_computed_user_instruction
D:\IL-24(teeth）\phase2_release\results\full181_supplement\raw\formal_msa\seed2\boltz_results_full_blind_msa\processed\constraints\full_blind_msa.npz,1555,1789992494205698200,not_computed_user_instruction
D:\IL-24(teeth）\phase2_release\results\full181_supplement\raw\formal_msa\seed2\boltz_results_full_blind_msa\processed\manifest.json,824,1789992494203702600,not_computed_user_instruction
D:\IL-24(teeth）\phase2_release\results\full181_supplement\raw\formal_msa\seed2\boltz_results_full_blind_msa\processed\mols\full_blind_msa.pkl,5,1789992494206705200,not_computed_user_instruction
D:\IL-24(teeth）\phase2_release\results\full181_supplement\raw\formal_msa\seed2\boltz_results_full_blind_msa\processed\msa\full_blind_msa_0.npz,62794,1789992494209699000,not_computed_user_instruction
D:\IL-24(teeth）\phase2_release\results\full181_supplement\raw\formal_msa\seed2\boltz_results_full_blind_msa\processed\msa\full_blind_msa_1.npz,410516,1789992494211704500,not_computed_user_instruction
D:\IL-24(teeth）\phase2_release\results\full181_supplement\raw\formal_msa\seed2\boltz_results_full_blind_msa\processed\msa\full_blind_msa_2.npz,404238,1789992494213704500,not_computed_user_instruction
D:\IL-24(teeth）\phase2_release\results\full181_supplement\raw\formal_msa\seed2\boltz_results_full_blind_msa\processed\records\full_blind_msa.json,809,1789992494207698900,not_computed_user_instruction
D:\IL-24(teeth）\phase2_release\results\full181_supplement\raw\formal_msa\seed2\boltz_results_full_blind_msa\processed\structures\full_blind_msa.npz,10468,1789992494204699100,not_computed_user_instruction
D:\IL-24(teeth）\phase2_release\results\full181_supplement\raw\formal_msa\seed2\prodigy_result.json,1032,1789992494196698700,not_computed_user_instruction
D:\IL-24(teeth）\phase2_release\results\full181_supplement\raw\formal_msa\seed2\run_state.json,12315,1789992494196698700,not_computed_user_instruction
D:\IL-24(teeth）\phase2_release\results\full181_supplement\raw\formal_msa\seed3\boltz_results_full_blind_msa\lightning_logs\version_0\hparams.yaml,2863,1789992494039865000,not_computed_user_instruction
D:\IL-24(teeth）\phase2_release\results\full181_supplement\raw\formal_msa\seed3\boltz_results_full_blind_msa\predictions\full_blind_msa\confidence_full_blind_msa_model_0.json,903,1789992494039865000,not_computed_user_instruction
D:\IL-24(teeth）\phase2_release\results\full181_supplement\raw\formal_msa\seed3\boltz_results_full_blind_msa\predictions\full_blind_msa\full_blind_msa_model_0.pdb,261953,1789992494043866100,not_computed_user_instruction
D:\IL-24(teeth）\phase2_release\results\full181_supplement\raw\formal_msa\seed3\boltz_results_full_blind_msa\predictions\full_blind_msa\pae_full_blind_msa_model_0.npz,585311,1789992494041859000,not_computed_user_instruction
D:\IL-24(teeth）\phase2_release\results\full181_supplement\raw\formal_msa\seed3\boltz_results_full_blind_msa\predictions\full_blind_msa\plddt_full_blind_msa_model_0.npz,1658,1789992494044856700,not_computed_user_instruction
D:\IL-24(teeth）\phase2_release\results\full181_supplement\raw\formal_msa\seed3\boltz_results_full_blind_msa\processed\constraints\full_blind_msa.npz,1555,1789992494047857300,not_computed_user_instruction
D:\IL-24(teeth）\phase2_release\results\full181_supplement\raw\formal_msa\seed3\boltz_results_full_blind_msa\processed\manifest.json,824,1789992494045858100,not_computed_user_instruction
D:\IL-24(teeth）\phase2_release\results\full181_supplement\raw\formal_msa\seed3\boltz_results_full_blind_msa\processed\mols\full_blind_msa.pkl,5,1789992494047857300,not_computed_user_instruction
D:\IL-24(teeth）\phase2_release\results\full181_supplement\raw\formal_msa\seed3\boltz_results_full_blind_msa\processed\msa\full_blind_msa_0.npz,62794,1789992494049857800,not_computed_user_instruction
D:\IL-24(teeth）\phase2_release\results\full181_supplement\raw\formal_msa\seed3\boltz_results_full_blind_msa\processed\msa\full_blind_msa_1.npz,410516,1789992494051863700,not_computed_user_instruction
D:\IL-24(teeth）\phase2_release\results\full181_supplement\raw\formal_msa\seed3\boltz_results_full_blind_msa\processed\msa\full_blind_msa_2.npz,404238,1789992494053863700,not_computed_user_instruction
D:\IL-24(teeth）\phase2_release\results\full181_supplement\raw\formal_msa\seed3\boltz_results_full_blind_msa\processed\records\full_blind_msa.json,809,1789992494048858100,not_computed_user_instruction
D:\IL-24(teeth）\phase2_release\results\full181_supplement\raw\formal_msa\seed3\boltz_results_full_blind_msa\processed\structures\full_blind_msa.npz,10468,1789992494046857100,not_computed_user_instruction
D:\IL-24(teeth）\phase2_release\results\full181_supplement\raw\formal_msa\seed3\prodigy_result.json,1032,1789992494037864400,not_computed_user_instruction
D:\IL-24(teeth）\phase2_release\results\full181_supplement\raw\formal_msa\seed3\run_state.json,12316,1789992494036856900,not_computed_user_instruction
D:\IL-24(teeth）\phase2_release\results\full181_supplement\raw\formal_msa\seed4\boltz_results_full_blind_msa\lightning_logs\version_0\hparams.yaml,2863,1789992494234261100,not_computed_user_instruction
D:\IL-24(teeth）\phase2_release\results\full181_supplement\raw\formal_msa\seed4\boltz_results_full_blind_msa\predictions\full_blind_msa\confidence_full_blind_msa_model_0.json,901,1789992494235080100,not_computed_user_instruction
D:\IL-24(teeth）\phase2_release\results\full181_supplement\raw\formal_msa\seed4\boltz_results_full_blind_msa\predictions\full_blind_msa\full_blind_msa_model_0.pdb,261953,1789992494238095600,not_computed_user_instruction
D:\IL-24(teeth）\phase2_release\results\full181_supplement\raw\formal_msa\seed4\boltz_results_full_blind_msa\predictions\full_blind_msa\pae_full_blind_msa_model_0.npz,584810,1789992494237085800,not_computed_user_instruction
D:\IL-24(teeth）\phase2_release\results\full181_supplement\raw\formal_msa\seed4\boltz_results_full_blind_msa\predictions\full_blind_msa\plddt_full_blind_msa_model_0.npz,1649,1789992494239208900,not_computed_user_instruction
D:\IL-24(teeth）\phase2_release\results\full181_supplement\raw\formal_msa\seed4\boltz_results_full_blind_msa\processed\constraints\full_blind_msa.npz,1555,1789992494243086400,not_computed_user_instruction
D:\IL-24(teeth）\phase2_release\results\full181_supplement\raw\formal_msa\seed4\boltz_results_full_blind_msa\processed\manifest.json,824,1789992494240084800,not_computed_user_instruction
D:\IL-24(teeth）\phase2_release\results\full181_supplement\raw\formal_msa\seed4\boltz_results_full_blind_msa\processed\mols\full_blind_msa.pkl,5,1789992494244087200,not_computed_user_instruction
D:\IL-24(teeth）\phase2_release\results\full181_supplement\raw\formal_msa\seed4\boltz_results_full_blind_msa\processed\msa\full_blind_msa_0.npz,62794,1789992494246091800,not_computed_user_instruction
D:\IL-24(teeth）\phase2_release\results\full181_supplement\raw\formal_msa\seed4\boltz_results_full_blind_msa\processed\msa\full_blind_msa_1.npz,410516,1789992494248091700,not_computed_user_instruction
D:\IL-24(teeth）\phase2_release\results\full181_supplement\raw\formal_msa\seed4\boltz_results_full_blind_msa\processed\msa\full_blind_msa_2.npz,404238,1789992494250087400,not_computed_user_instruction
D:\IL-24(teeth）\phase2_release\results\full181_supplement\raw\formal_msa\seed4\boltz_results_full_blind_msa\processed\records\full_blind_msa.json,809,1789992494245096000,not_computed_user_instruction
D:\IL-24(teeth）\phase2_release\results\full181_supplement\raw\formal_msa\seed4\boltz_results_full_blind_msa\processed\structures\full_blind_msa.npz,10468,1789992494241085300,not_computed_user_instruction
D:\IL-24(teeth）\phase2_release\results\full181_supplement\raw\formal_msa\seed4\prodigy_result.json,1032,1789992494232745700,not_computed_user_instruction
D:\IL-24(teeth）\phase2_release\results\full181_supplement\raw\formal_msa\seed4\run_state.json,12315,1789992494231746000,not_computed_user_instruction
D:\IL-24(teeth）\phase2_release\results\full181_supplement\raw\formal_msa\seed5\boltz_results_full_blind_msa\lightning_logs\version_0\hparams.yaml,2863,1789992494092692100,not_computed_user_instruction
D:\IL-24(teeth）\phase2_release\results\full181_supplement\raw\formal_msa\seed5\boltz_results_full_blind_msa\predictions\full_blind_msa\confidence_full_blind_msa_model_0.json,904,1789992494093691700,not_computed_user_instruction
D:\IL-24(teeth）\phase2_release\results\full181_supplement\raw\formal_msa\seed5\boltz_results_full_blind_msa\predictions\full_blind_msa\full_blind_msa_model_0.pdb,261953,1789992494097691900,not_computed_user_instruction
D:\IL-24(teeth）\phase2_release\results\full181_supplement\raw\formal_msa\seed5\boltz_results_full_blind_msa\predictions\full_blind_msa\pae_full_blind_msa_model_0.npz,585006,1789992494095691500,not_computed_user_instruction
D:\IL-24(teeth）\phase2_release\results\full181_supplement\raw\formal_msa\seed5\boltz_results_full_blind_msa\predictions\full_blind_msa\plddt_full_blind_msa_model_0.npz,1656,1789992494097691900,not_computed_user_instruction
D:\IL-24(teeth）\phase2_release\results\full181_supplement\raw\formal_msa\seed5\boltz_results_full_blind_msa\processed\constraints\full_blind_msa.npz,1555,1789992494100691700,not_computed_user_instruction
D:\IL-24(teeth）\phase2_release\results\full181_supplement\raw\formal_msa\seed5\boltz_results_full_blind_msa\processed\manifest.json,824,1789992494099693300,not_computed_user_instruction
D:\IL-24(teeth）\phase2_release\results\full181_supplement\raw\formal_msa\seed5\boltz_results_full_blind_msa\processed\mols\full_blind_msa.pkl,5,1789992494101691600,not_computed_user_instruction
D:\IL-24(teeth）\phase2_release\results\full181_supplement\raw\formal_msa\seed5\boltz_results_full_blind_msa\processed\msa\full_blind_msa_0.npz,62794,1789992494103692900,not_computed_user_instruction
D:\IL-24(teeth）\phase2_release\results\full181_supplement\raw\formal_msa\seed5\boltz_results_full_blind_msa\processed\msa\full_blind_msa_1.npz,410516,1789992494104692300,not_computed_user_instruction
D:\IL-24(teeth）\phase2_release\results\full181_supplement\raw\formal_msa\seed5\boltz_results_full_blind_msa\processed\msa\full_blind_msa_2.npz,404238,1789992494106699100,not_computed_user_instruction
D:\IL-24(teeth）\phase2_release\results\full181_supplement\raw\formal_msa\seed5\boltz_results_full_blind_msa\processed\records\full_blind_msa.json,809,1789992494102694900,not_computed_user_instruction
D:\IL-24(teeth）\phase2_release\results\full181_supplement\raw\formal_msa\seed5\boltz_results_full_blind_msa\processed\structures\full_blind_msa.npz,10468,1789992494099693300,not_computed_user_instruction
D:\IL-24(teeth）\phase2_release\results\full181_supplement\raw\formal_msa\seed5\prodigy_result.json,1032,1789992494091692800,not_computed_user_instruction
D:\IL-24(teeth）\phase2_release\results\full181_supplement\raw\formal_msa\seed5\run_state.json,12315,1789992494090692700,not_computed_user_instruction
D:\IL-24(teeth）\phase2_release\results\full181_supplement\raw\formal_msa\seed6\boltz_results_full_blind_msa\lightning_logs\version_0\hparams.yaml,2863,1789992494056856800,not_computed_user_instruction
D:\IL-24(teeth）\phase2_release\results\full181_supplement\raw\formal_msa\seed6\boltz_results_full_blind_msa\predictions\full_blind_msa\confidence_full_blind_msa_model_0.json,901,1789992494057861500,not_computed_user_instruction
D:\IL-24(teeth）\phase2_release\results\full181_supplement\raw\formal_msa\seed6\boltz_results_full_blind_msa\predictions\full_blind_msa\full_blind_msa_model_0.pdb,261953,1789992494061857800,not_computed_user_instruction
D:\IL-24(teeth）\phase2_release\results\full181_supplement\raw\formal_msa\seed6\boltz_results_full_blind_msa\predictions\full_blind_msa\pae_full_blind_msa_model_0.npz,585323,1789992494059866400,not_computed_user_instruction
D:\IL-24(teeth）\phase2_release\results\full181_supplement\raw\formal_msa\seed6\boltz_results_full_blind_msa\predictions\full_blind_msa\plddt_full_blind_msa_model_0.npz,1650,1789992494062858300,not_computed_user_instruction
D:\IL-24(teeth）\phase2_release\results\full181_supplement\raw\formal_msa\seed6\boltz_results_full_blind_msa\processed\constraints\full_blind_msa.npz,1555,1789992494064865700,not_computed_user_instruction
D:\IL-24(teeth）\phase2_release\results\full181_supplement\raw\formal_msa\seed6\boltz_results_full_blind_msa\processed\manifest.json,824,1789992494063859700,not_computed_user_instruction
D:\IL-24(teeth）\phase2_release\results\full181_supplement\raw\formal_msa\seed6\boltz_results_full_blind_msa\processed\mols\full_blind_msa.pkl,5,1789992494065863300,not_computed_user_instruction
D:\IL-24(teeth）\phase2_release\results\full181_supplement\raw\formal_msa\seed6\boltz_results_full_blind_msa\processed\msa\full_blind_msa_0.npz,62794,1789992494067858000,not_computed_user_instruction
D:\IL-24(teeth）\phase2_release\results\full181_supplement\raw\formal_msa\seed6\boltz_results_full_blind_msa\processed\msa\full_blind_msa_1.npz,410516,1789992494069858200,not_computed_user_instruction
D:\IL-24(teeth）\phase2_release\results\full181_supplement\raw\formal_msa\seed6\boltz_results_full_blind_msa\processed\msa\full_blind_msa_2.npz,404238,1789992494071857300,not_computed_user_instruction
D:\IL-24(teeth）\phase2_release\results\full181_supplement\raw\formal_msa\seed6\boltz_results_full_blind_msa\processed\records\full_blind_msa.json,809,1789992494066857500,not_computed_user_instruction
D:\IL-24(teeth）\phase2_release\results\full181_supplement\raw\formal_msa\seed6\boltz_results_full_blind_msa\processed\structures\full_blind_msa.npz,10468,1789992494064865700,not_computed_user_instruction
D:\IL-24(teeth）\phase2_release\results\full181_supplement\raw\formal_msa\seed6\prodigy_result.json,1032,1789992494055387800,not_computed_user_instruction
D:\IL-24(teeth）\phase2_release\results\full181_supplement\raw\formal_msa\seed6\run_state.json,12315,1789992494053863700,not_computed_user_instruction
D:\IL-24(teeth）\phase2_release\results\full181_supplement\raw\formal_msa\seed7\boltz_results_full_blind_msa\lightning_logs\version_0\hparams.yaml,2863,1789992494127691900,not_computed_user_instruction
D:\IL-24(teeth）\phase2_release\results\full181_supplement\raw\formal_msa\seed7\boltz_results_full_blind_msa\predictions\full_blind_msa\confidence_full_blind_msa_model_0.json,903,1789992494128695800,not_computed_user_instruction
D:\IL-24(teeth）\phase2_release\results\full181_supplement\raw\formal_msa\seed7\boltz_results_full_blind_msa\predictions\full_blind_msa\full_blind_msa_model_0.pdb,261953,1789992494132693700,not_computed_user_instruction
D:\IL-24(teeth）\phase2_release\results\full181_supplement\raw\formal_msa\seed7\boltz_results_full_blind_msa\predictions\full_blind_msa\pae_full_blind_msa_model_0.npz,585130,1789992494130691700,not_computed_user_instruction
D:\IL-24(teeth）\phase2_release\results\full181_supplement\raw\formal_msa\seed7\boltz_results_full_blind_msa\predictions\full_blind_msa\plddt_full_blind_msa_model_0.npz,1652,1789992494132693700,not_computed_user_instruction
D:\IL-24(teeth）\phase2_release\results\full181_supplement\raw\formal_msa\seed7\boltz_results_full_blind_msa\processed\constraints\full_blind_msa.npz,1555,1789992494135691600,not_computed_user_instruction
D:\IL-24(teeth）\phase2_release\results\full181_supplement\raw\formal_msa\seed7\boltz_results_full_blind_msa\processed\manifest.json,824,1789992494133691900,not_computed_user_instruction
D:\IL-24(teeth）\phase2_release\results\full181_supplement\raw\formal_msa\seed7\boltz_results_full_blind_msa\processed\mols\full_blind_msa.pkl,5,1789992494136691700,not_computed_user_instruction
D:\IL-24(teeth）\phase2_release\results\full181_supplement\raw\formal_msa\seed7\boltz_results_full_blind_msa\processed\msa\full_blind_msa_0.npz,62794,1789992494138693400,not_computed_user_instruction
D:\IL-24(teeth）\phase2_release\results\full181_supplement\raw\formal_msa\seed7\boltz_results_full_blind_msa\processed\msa\full_blind_msa_1.npz,410516,1789992494140693900,not_computed_user_instruction
D:\IL-24(teeth）\phase2_release\results\full181_supplement\raw\formal_msa\seed7\boltz_results_full_blind_msa\processed\msa\full_blind_msa_2.npz,404238,1789992494142691600,not_computed_user_instruction
D:\IL-24(teeth）\phase2_release\results\full181_supplement\raw\formal_msa\seed7\boltz_results_full_blind_msa\processed\records\full_blind_msa.json,809,1789992494137698600,not_computed_user_instruction
D:\IL-24(teeth）\phase2_release\results\full181_supplement\raw\formal_msa\seed7\boltz_results_full_blind_msa\processed\structures\full_blind_msa.npz,10468,1789992494134691600,not_computed_user_instruction
D:\IL-24(teeth）\phase2_release\results\full181_supplement\raw\formal_msa\seed7\prodigy_result.json,1032,1789992494125693300,not_computed_user_instruction
D:\IL-24(teeth）\phase2_release\results\full181_supplement\raw\formal_msa\seed7\run_state.json,12314,1789992494125693300,not_computed_user_instruction
D:\IL-24(teeth）\phase2_release\results\full181_supplement\raw\formal_msa\seed8\boltz_results_full_blind_msa\lightning_logs\version_0\hparams.yaml,2863,1789992494110694100,not_computed_user_instruction
D:\IL-24(teeth）\phase2_release\results\full181_supplement\raw\formal_msa\seed8\boltz_results_full_blind_msa\predictions\full_blind_msa\confidence_full_blind_msa_model_0.json,901,1789992494111695200,not_computed_user_instruction
D:\IL-24(teeth）\phase2_release\results\full181_supplement\raw\formal_msa\seed8\boltz_results_full_blind_msa\predictions\full_blind_msa\full_blind_msa_model_0.pdb,261953,1789992494114698600,not_computed_user_instruction
D:\IL-24(teeth）\phase2_release\results\full181_supplement\raw\formal_msa\seed8\boltz_results_full_blind_msa\predictions\full_blind_msa\pae_full_blind_msa_model_0.npz,584237,1789992494112695100,not_computed_user_instruction
D:\IL-24(teeth）\phase2_release\results\full181_supplement\raw\formal_msa\seed8\boltz_results_full_blind_msa\predictions\full_blind_msa\plddt_full_blind_msa_model_0.npz,1648,1789992494115691800,not_computed_user_instruction
D:\IL-24(teeth）\phase2_release\results\full181_supplement\raw\formal_msa\seed8\boltz_results_full_blind_msa\processed\constraints\full_blind_msa.npz,1555,1789992494118695800,not_computed_user_instruction
D:\IL-24(teeth）\phase2_release\results\full181_supplement\raw\formal_msa\seed8\boltz_results_full_blind_msa\processed\manifest.json,824,1789992494116691900,not_computed_user_instruction
D:\IL-24(teeth）\phase2_release\results\full181_supplement\raw\formal_msa\seed8\boltz_results_full_blind_msa\processed\mols\full_blind_msa.pkl,5,1789992494118695800,not_computed_user_instruction
D:\IL-24(teeth）\phase2_release\results\full181_supplement\raw\formal_msa\seed8\boltz_results_full_blind_msa\processed\msa\full_blind_msa_0.npz,62794,1789992494120698700,not_computed_user_instruction
D:\IL-24(teeth）\phase2_release\results\full181_supplement\raw\formal_msa\seed8\boltz_results_full_blind_msa\processed\msa\full_blind_msa_1.npz,410516,1789992494121692000,not_computed_user_instruction
D:\IL-24(teeth）\phase2_release\results\full181_supplement\raw\formal_msa\seed8\boltz_results_full_blind_msa\processed\msa\full_blind_msa_2.npz,404238,1789992494124695900,not_computed_user_instruction
D:\IL-24(teeth）\phase2_release\results\full181_supplement\raw\formal_msa\seed8\boltz_results_full_blind_msa\processed\records\full_blind_msa.json,809,1789992494119705700,not_computed_user_instruction
D:\IL-24(teeth）\phase2_release\results\full181_supplement\raw\formal_msa\seed8\boltz_results_full_blind_msa\processed\structures\full_blind_msa.npz,10468,1789992494116691900,not_computed_user_instruction
D:\IL-24(teeth）\phase2_release\results\full181_supplement\raw\formal_msa\seed8\prodigy_result.json,1033,1789992494108693300,not_computed_user_instruction
D:\IL-24(teeth）\phase2_release\results\full181_supplement\raw\formal_msa\seed8\run_state.json,12315,1789992494107702900,not_computed_user_instruction
D:\IL-24(teeth）\phase2_release\results\full181_supplement\raw\formal_msa\seed9\boltz_results_full_blind_msa\lightning_logs\version_0\hparams.yaml,2863,1789992494216708900,not_computed_user_instruction
D:\IL-24(teeth）\phase2_release\results\full181_supplement\raw\formal_msa\seed9\boltz_results_full_blind_msa\predictions\full_blind_msa\confidence_full_blind_msa_model_0.json,895,1789992494217215200,not_computed_user_instruction
D:\IL-24(teeth）\phase2_release\results\full181_supplement\raw\formal_msa\seed9\boltz_results_full_blind_msa\predictions\full_blind_msa\full_blind_msa_model_0.pdb,261953,1789992494220745900,not_computed_user_instruction
D:\IL-24(teeth）\phase2_release\results\full181_supplement\raw\formal_msa\seed9\boltz_results_full_blind_msa\predictions\full_blind_msa\pae_full_blind_msa_model_0.npz,585388,1789992494218731500,not_computed_user_instruction
D:\IL-24(teeth）\phase2_release\results\full181_supplement\raw\formal_msa\seed9\boltz_results_full_blind_msa\predictions\full_blind_msa\plddt_full_blind_msa_model_0.npz,1650,1789992494221740600,not_computed_user_instruction
D:\IL-24(teeth）\phase2_release\results\full181_supplement\raw\formal_msa\seed9\boltz_results_full_blind_msa\processed\constraints\full_blind_msa.npz,1555,1789992494224749000,not_computed_user_instruction
D:\IL-24(teeth）\phase2_release\results\full181_supplement\raw\formal_msa\seed9\boltz_results_full_blind_msa\processed\manifest.json,824,1789992494222740700,not_computed_user_instruction
D:\IL-24(teeth）\phase2_release\results\full181_supplement\raw\formal_msa\seed9\boltz_results_full_blind_msa\processed\mols\full_blind_msa.pkl,5,1789992494225746700,not_computed_user_instruction
D:\IL-24(teeth）\phase2_release\results\full181_supplement\raw\formal_msa\seed9\boltz_results_full_blind_msa\processed\msa\full_blind_msa_0.npz,62794,1789992494226741100,not_computed_user_instruction
D:\IL-24(teeth）\phase2_release\results\full181_supplement\raw\formal_msa\seed9\boltz_results_full_blind_msa\processed\msa\full_blind_msa_1.npz,410516,1789992494228748200,not_computed_user_instruction
D:\IL-24(teeth）\phase2_release\results\full181_supplement\raw\formal_msa\seed9\boltz_results_full_blind_msa\processed\msa\full_blind_msa_2.npz,404238,1789992494230747100,not_computed_user_instruction
D:\IL-24(teeth）\phase2_release\results\full181_supplement\raw\formal_msa\seed9\boltz_results_full_blind_msa\processed\records\full_blind_msa.json,809,1789992494226741100,not_computed_user_instruction
D:\IL-24(teeth）\phase2_release\results\full181_supplement\raw\formal_msa\seed9\boltz_results_full_blind_msa\processed\structures\full_blind_msa.npz,10468,1789992494223741500,not_computed_user_instruction
D:\IL-24(teeth）\phase2_release\results\full181_supplement\raw\formal_msa\seed9\prodigy_result.json,1032,1789992494214699900,not_computed_user_instruction
D:\IL-24(teeth）\phase2_release\results\full181_supplement\raw\formal_msa\seed9\run_state.json,12315,1789992494214699900,not_computed_user_instruction
D:\IL-24(teeth）\phase2_release\results\full181_supplement\representatives\Full181_empty_seed11.pdb,261953,1789992493820912700,not_computed_user_instruction
D:\IL-24(teeth）\phase2_release\results\full181_supplement\representatives\Full181_empty_seed2.pdb,261953,1789992493818912000,not_computed_user_instruction
D:\IL-24(teeth）\phase2_release\results\full181_supplement\representatives\Full181_empty_seed6.pdb,261953,1789992493816910200,not_computed_user_instruction
D:\IL-24(teeth）\phase2_release\results\full181_supplement\representatives\Full181_formal_msa_seed6.pdb,261953,1789992493815916300,not_computed_user_instruction
D:\IL-24(teeth）\phase2_release\results\full181_supplement\representatives\Full181_formal_msa_seed9.pdb,261953,1789992493813921700,not_computed_user_instruction
D:\IL-24(teeth）\phase2_release\results\full181_supplement\representatives\selection_manifest.csv,2575,1789992493813921700,not_computed_user_instruction
D:\IL-24(teeth）\phase2_release\results\full181_supplement\resource_audit.json,2132,1789992589685360900,not_computed_user_instruction
D:\IL-24(teeth）\phase2_release\results\full181_supplement\resource_audit_pre_root.json,2363,1789991910770316200,not_computed_user_instruction
D:\IL-24(teeth）\phase2_release\results\full181_supplement\runtime_sources\boltz-2.2.1-py3-none-any.whl,268390,1789980496792326900,not_computed_user_instruction
D:\IL-24(teeth）\phase2_release\results\full181_supplement\runtime_sources\boltz_2_2_1\boltz\__init__.py,187,1789980516838616000,not_computed_user_instruction
D:\IL-24(teeth）\phase2_release\results\full181_supplement\runtime_sources\boltz_2_2_1\boltz\data\__init__.py,0,1789980516840625400,not_computed_user_instruction
D:\IL-24(teeth）\phase2_release\results\full181_supplement\runtime_sources\boltz_2_2_1\boltz\data\const.py,26779,1789980516841626200,not_computed_user_instruction
D:\IL-24(teeth）\phase2_release\results\full181_supplement\runtime_sources\boltz_2_2_1\boltz\data\crop\__init__.py,0,1789980516844625900,not_computed_user_instruction
D:\IL-24(teeth）\phase2_release\results\full181_supplement\runtime_sources\boltz_2_2_1\boltz\data\crop\affinity.py,5732,1789980516844625900,not_computed_user_instruction
D:\IL-24(teeth）\phase2_release\results\full181_supplement\runtime_sources\boltz_2_2_1\boltz\data\crop\boltz.py,9840,1789980516845625600,not_computed_user_instruction
D:\IL-24(teeth）\phase2_release\results\full181_supplement\runtime_sources\boltz_2_2_1\boltz\data\crop\cropper.py,1145,1789980516846627000,not_computed_user_instruction
D:\IL-24(teeth）\phase2_release\results\full181_supplement\runtime_sources\boltz_2_2_1\boltz\data\feature\__init__.py,0,1789980516847629700,not_computed_user_instruction
D:\IL-24(teeth）\phase2_release\results\full181_supplement\runtime_sources\boltz_2_2_1\boltz\data\feature\featurizer.py,44522,1789980516848717200,not_computed_user_instruction
D:\IL-24(teeth）\phase2_release\results\full181_supplement\runtime_sources\boltz_2_2_1\boltz\data\feature\featurizerv2.py,91444,1789980516849627100,not_computed_user_instruction
D:\IL-24(teeth）\phase2_release\results\full181_supplement\runtime_sources\boltz_2_2_1\boltz\data\feature\symmetry.py,22214,1789980516849627100,not_computed_user_instruction
D:\IL-24(teeth）\phase2_release\results\full181_supplement\runtime_sources\boltz_2_2_1\boltz\data\filter\__init__.py,0,1789980516850740500,not_computed_user_instruction
D:\IL-24(teeth）\phase2_release\results\full181_supplement\runtime_sources\boltz_2_2_1\boltz\data\filter\dynamic\__init__.py,0,1789980516850740500,not_computed_user_instruction
D:\IL-24(teeth）\phase2_release\results\full181_supplement\runtime_sources\boltz_2_2_1\boltz\data\filter\dynamic\date.py,2078,1789980516851627700,not_computed_user_instruction
D:\IL-24(teeth）\phase2_release\results\full181_supplement\runtime_sources\boltz_2_2_1\boltz\data\filter\dynamic\filter.py,516,1789980516852626300,not_computed_user_instruction
D:\IL-24(teeth）\phase2_release\results\full181_supplement\runtime_sources\boltz_2_2_1\boltz\data\filter\dynamic\max_residues.py,1071,1789980516853480900,not_computed_user_instruction
D:\IL-24(teeth）\phase2_release\results\full181_supplement\runtime_sources\boltz_2_2_1\boltz\data\filter\dynamic\resolution.py,868,1789980516853480900,not_computed_user_instruction
D:\IL-24(teeth）\phase2_release\results\full181_supplement\runtime_sources\boltz_2_2_1\boltz\data\filter\dynamic\size.py,1087,1789980516854575800,not_computed_user_instruction
D:\IL-24(teeth）\phase2_release\results\full181_supplement\runtime_sources\boltz_2_2_1\boltz\data\filter\dynamic\subset.py,1106,1789980516855491500,not_computed_user_instruction
D:\IL-24(teeth）\phase2_release\results\full181_supplement\runtime_sources\boltz_2_2_1\boltz\data\filter\static\__init__.py,0,1789980516856265000,not_computed_user_instruction
D:\IL-24(teeth）\phase2_release\results\full181_supplement\runtime_sources\boltz_2_2_1\boltz\data\filter\static\filter.py,555,1789980516856265000,not_computed_user_instruction
D:\IL-24(teeth）\phase2_release\results\full181_supplement\runtime_sources\boltz_2_2_1\boltz\data\filter\static\ligand.py,1042,1789980516857354500,not_computed_user_instruction
D:\IL-24(teeth）\phase2_release\results\full181_supplement\runtime_sources\boltz_2_2_1\boltz\data\filter\static\polymer.py,9386,1789980516857354500,not_computed_user_instruction
D:\IL-24(teeth）\phase2_release\results\full181_supplement\runtime_sources\boltz_2_2_1\boltz\data\module\__init__.py,0,1789980516858273800,not_computed_user_instruction
D:\IL-24(teeth）\phase2_release\results\full181_supplement\runtime_sources\boltz_2_2_1\boltz\data\module\inference.py,8149,1789980516858273800,not_computed_user_instruction
D:\IL-24(teeth）\phase2_release\results\full181_supplement\runtime_sources\boltz_2_2_1\boltz\data\module\inferencev2.py,12695,1789980516859274000,not_computed_user_instruction
D:\IL-24(teeth）\phase2_release\results\full181_supplement\runtime_sources\boltz_2_2_1\boltz\data\module\training.py,22621,1789980516859274000,not_computed_user_instruction
D:\IL-24(teeth）\phase2_release\results\full181_supplement\runtime_sources\boltz_2_2_1\boltz\data\module\trainingv2.py,21276,1789980516860273900,not_computed_user_instruction
D:\IL-24(teeth）\phase2_release\results\full181_supplement\runtime_sources\boltz_2_2_1\boltz\data\mol.py,34268,1789980516842626300,not_computed_user_instruction
D:\IL-24(teeth）\phase2_release\results\full181_supplement\runtime_sources\boltz_2_2_1\boltz\data\msa\__init__.py,0,1789980516861274800,not_computed_user_instruction
D:\IL-24(teeth）\phase2_release\results\full181_supplement\runtime_sources\boltz_2_2_1\boltz\data\msa\mmseqs2.py,10559,1789980516861274800,not_computed_user_instruction
D:\IL-24(teeth）\phase2_release\results\full181_supplement\runtime_sources\boltz_2_2_1\boltz\data\pad.py,2066,1789980516842626300,not_computed_user_instruction
D:\IL-24(teeth）\phase2_release\results\full181_supplement\runtime_sources\boltz_2_2_1\boltz\data\parse\__init__.py,0,1789980516862272600,not_computed_user_instruction
D:\IL-24(teeth）\phase2_release\results\full181_supplement\runtime_sources\boltz_2_2_1\boltz\data\parse\a3m.py,3318,1789980516863278100,not_computed_user_instruction
D:\IL-24(teeth）\phase2_release\results\full181_supplement\runtime_sources\boltz_2_2_1\boltz\data\parse\csv.py,2518,1789980516863278100,not_computed_user_instruction
D:\IL-24(teeth）\phase2_release\results\full181_supplement\runtime_sources\boltz_2_2_1\boltz\data\parse\fasta.py,3906,1789980516863278100,not_computed_user_instruction
D:\IL-24(teeth）\phase2_release\results\full181_supplement\runtime_sources\boltz_2_2_1\boltz\data\parse\mmcif.py,36822,1789980516864271800,not_computed_user_instruction
D:\IL-24(teeth）\phase2_release\results\full181_supplement\runtime_sources\boltz_2_2_1\boltz\data\parse\mmcif_with_constraints.py,51473,1789980516865272600,not_computed_user_instruction
D:\IL-24(teeth）\phase2_release\results\full181_supplement\runtime_sources\boltz_2_2_1\boltz\data\parse\pdb.py,1433,1789980516865272600,not_computed_user_instruction
D:\IL-24(teeth）\phase2_release\results\full181_supplement\runtime_sources\boltz_2_2_1\boltz\data\parse\schema.py,62148,1789980516866273600,not_computed_user_instruction
D:\IL-24(teeth）\phase2_release\results\full181_supplement\runtime_sources\boltz_2_2_1\boltz\data\parse\yaml.py,1505,1789980516867275800,not_computed_user_instruction
D:\IL-24(teeth）\phase2_release\results\full181_supplement\runtime_sources\boltz_2_2_1\boltz\data\sample\__init__.py,0,1789980516868273200,not_computed_user_instruction
D:\IL-24(teeth）\phase2_release\results\full181_supplement\runtime_sources\boltz_2_2_1\boltz\data\sample\cluster.py,8175,1789980516868273200,not_computed_user_instruction
D:\IL-24(teeth）\phase2_release\results\full181_supplement\runtime_sources\boltz_2_2_1\boltz\data\sample\distillation.py,1789,1789980516869281800,not_computed_user_instruction
D:\IL-24(teeth）\phase2_release\results\full181_supplement\runtime_sources\boltz_2_2_1\boltz\data\sample\random.py,1142,1789980516869281800,not_computed_user_instruction
D:\IL-24(teeth）\phase2_release\results\full181_supplement\runtime_sources\boltz_2_2_1\boltz\data\sample\sampler.py,1095,1789980516870275500,not_computed_user_instruction
D:\IL-24(teeth）\phase2_release\results\full181_supplement\runtime_sources\boltz_2_2_1\boltz\data\tokenize\__init__.py,0,1789980516870275500,not_computed_user_instruction
D:\IL-24(teeth）\phase2_release\results\full181_supplement\runtime_sources\boltz_2_2_1\boltz\data\tokenize\boltz.py,7164,1789980516871281500,not_computed_user_instruction
D:\IL-24(teeth）\phase2_release\results\full181_supplement\runtime_sources\boltz_2_2_1\boltz\data\tokenize\boltz2.py,13530,1789980516871281500,not_computed_user_instruction
D:\IL-24(teeth）\phase2_release\results\full181_supplement\runtime_sources\boltz_2_2_1\boltz\data\tokenize\tokenizer.py,484,1789980516872272600,not_computed_user_instruction
D:\IL-24(teeth）\phase2_release\results\full181_supplement\runtime_sources\boltz_2_2_1\boltz\data\types.py,22170,1789980516843625500,not_computed_user_instruction
D:\IL-24(teeth）\phase2_release\results\full181_supplement\runtime_sources\boltz_2_2_1\boltz\data\write\__init__.py,0,1789980516873273500,not_computed_user_instruction
D:\IL-24(teeth）\phase2_release\results\full181_supplement\runtime_sources\boltz_2_2_1\boltz\data\write\mmcif.py,12213,1789980516873273500,not_computed_user_instruction
D:\IL-24(teeth）\phase2_release\results\full181_supplement\runtime_sources\boltz_2_2_1\boltz\data\write\pdb.py,6278,1789980516874275500,not_computed_user_instruction
D:\IL-24(teeth）\phase2_release\results\full181_supplement\runtime_sources\boltz_2_2_1\boltz\data\write\utils.py,539,1789980516874275500,not_computed_user_instruction
D:\IL-24(teeth）\phase2_release\results\full181_supplement\runtime_sources\boltz_2_2_1\boltz\data\write\writer.py,12997,1789980516875290200,not_computed_user_instruction
D:\IL-24(teeth）\phase2_release\results\full181_supplement\runtime_sources\boltz_2_2_1\boltz\main.py,45798,1789980516839628200,not_computed_user_instruction
D:\IL-24(teeth）\phase2_release\results\full181_supplement\runtime_sources\boltz_2_2_1\boltz\model\__init__.py,0,1789980516875290200,not_computed_user_instruction
D:\IL-24(teeth）\phase2_release\results\full181_supplement\runtime_sources\boltz_2_2_1\boltz\model\layers\__init__.py,0,1789980516876272100,not_computed_user_instruction
D:\IL-24(teeth）\phase2_release\results\full181_supplement\runtime_sources\boltz_2_2_1\boltz\model\layers\attention.py,3782,1789980516876272100,not_computed_user_instruction
D:\IL-24(teeth）\phase2_release\results\full181_supplement\runtime_sources\boltz_2_2_1\boltz\model\layers\attentionv2.py,3130,1789980516877272800,not_computed_user_instruction
D:\IL-24(teeth）\phase2_release\results\full181_supplement\runtime_sources\boltz_2_2_1\boltz\model\layers\confidence_utils.py,8533,1789980516878272600,not_computed_user_instruction
D:\IL-24(teeth）\phase2_release\results\full181_supplement\runtime_sources\boltz_2_2_1\boltz\model\layers\dropout.py,763,1789980516878272600,not_computed_user_instruction
D:\IL-24(teeth）\phase2_release\results\full181_supplement\runtime_sources\boltz_2_2_1\boltz\model\layers\initialize.py,2463,1789980516878272600,not_computed_user_instruction
D:\IL-24(teeth）\phase2_release\results\full181_supplement\runtime_sources\boltz_2_2_1\boltz\model\layers\outer_product_mean.py,3140,1789980516880273500,not_computed_user_instruction
D:\IL-24(teeth）\phase2_release\results\full181_supplement\runtime_sources\boltz_2_2_1\boltz\model\layers\pair_averaging.py,4332,1789980516880273500,not_computed_user_instruction
D:\IL-24(teeth）\phase2_release\results\full181_supplement\runtime_sources\boltz_2_2_1\boltz\model\layers\pairformer.py,10264,1789980516881272900,not_computed_user_instruction
D:\IL-24(teeth）\phase2_release\results\full181_supplement\runtime_sources\boltz_2_2_1\boltz\model\layers\relative.py,1875,1789980516881272900,not_computed_user_instruction
D:\IL-24(teeth）\phase2_release\results\full181_supplement\runtime_sources\boltz_2_2_1\boltz\model\layers\transition.py,2290,1789980516882279700,not_computed_user_instruction
D:\IL-24(teeth）\phase2_release\results\full181_supplement\runtime_sources\boltz_2_2_1\boltz\model\layers\triangular_attention\__init__.py,0,1789980516883278500,not_computed_user_instruction
D:\IL-24(teeth）\phase2_release\results\full181_supplement\runtime_sources\boltz_2_2_1\boltz\model\layers\triangular_attention\attention.py,4977,1789980516884278900,not_computed_user_instruction
D:\IL-24(teeth）\phase2_release\results\full181_supplement\runtime_sources\boltz_2_2_1\boltz\model\layers\triangular_attention\primitives.py,11961,1789980516884278900,not_computed_user_instruction
D:\IL-24(teeth）\phase2_release\results\full181_supplement\runtime_sources\boltz_2_2_1\boltz\model\layers\triangular_attention\utils.py,12394,1789980516885286300,not_computed_user_instruction
D:\IL-24(teeth）\phase2_release\results\full181_supplement\runtime_sources\boltz_2_2_1\boltz\model\layers\triangular_mult.py,6000,1789980516882279700,not_computed_user_instruction
D:\IL-24(teeth）\phase2_release\results\full181_supplement\runtime_sources\boltz_2_2_1\boltz\model\loss\__init__.py,0,1789980516885286300,not_computed_user_instruction
D:\IL-24(teeth）\phase2_release\results\full181_supplement\runtime_sources\boltz_2_2_1\boltz\model\loss\bfactor.py,1462,1789980516886287200,not_computed_user_instruction
D:\IL-24(teeth）\phase2_release\results\full181_supplement\runtime_sources\boltz_2_2_1\boltz\model\loss\confidence.py,19087,1789980516886287200,not_computed_user_instruction
D:\IL-24(teeth）\phase2_release\results\full181_supplement\runtime_sources\boltz_2_2_1\boltz\model\loss\confidencev2.py,21969,1789980516887286100,not_computed_user_instruction
D:\IL-24(teeth）\phase2_release\results\full181_supplement\runtime_sources\boltz_2_2_1\boltz\model\loss\diffusion.py,5044,1789980516888298100,not_computed_user_instruction
D:\IL-24(teeth）\phase2_release\results\full181_supplement\runtime_sources\boltz_2_2_1\boltz\model\loss\diffusionv2.py,5086,1789980516888298100,not_computed_user_instruction
D:\IL-24(teeth）\phase2_release\results\full181_supplement\runtime_sources\boltz_2_2_1\boltz\model\loss\distogram.py,1178,1789980516889286500,not_computed_user_instruction
D:\IL-24(teeth）\phase2_release\results\full181_supplement\runtime_sources\boltz_2_2_1\boltz\model\loss\distogramv2.py,3845,1789980516889286500,not_computed_user_instruction
D:\IL-24(teeth）\phase2_release\results\full181_supplement\runtime_sources\boltz_2_2_1\boltz\model\loss\validation.py,33501,1789980516890292800,not_computed_user_instruction
D:\IL-24(teeth）\phase2_release\results\full181_supplement\runtime_sources\boltz_2_2_1\boltz\model\models\__init__.py,0,1789980516890292800,not_computed_user_instruction
D:\IL-24(teeth）\phase2_release\results\full181_supplement\runtime_sources\boltz_2_2_1\boltz\model\models\boltz1.py,51873,1789980516891293000,not_computed_user_instruction
D:\IL-24(teeth）\phase2_release\results\full181_supplement\runtime_sources\boltz_2_2_1\boltz\model\models\boltz2.py,51678,1789980516891293000,not_computed_user_instruction
D:\IL-24(teeth）\phase2_release\results\full181_supplement\runtime_sources\boltz_2_2_1\boltz\model\modules\__init__.py,0,1789980516892295100,not_computed_user_instruction
D:\IL-24(teeth）\phase2_release\results\full181_supplement\runtime_sources\boltz_2_2_1\boltz\model\modules\affinity.py,7041,1789980516892295100,not_computed_user_instruction
D:\IL-24(teeth）\phase2_release\results\full181_supplement\runtime_sources\boltz_2_2_1\boltz\model\modules\confidence.py,17475,1789980516893288900,not_computed_user_instruction
D:\IL-24(teeth）\phase2_release\results\full181_supplement\runtime_sources\boltz_2_2_1\boltz\model\modules\confidence_utils.py,5254,1789980516893288900,not_computed_user_instruction
D:\IL-24(teeth）\phase2_release\results\full181_supplement\runtime_sources\boltz_2_2_1\boltz\model\modules\confidencev2.py,18581,1789980516894287900,not_computed_user_instruction
D:\IL-24(teeth）\phase2_release\results\full181_supplement\runtime_sources\boltz_2_2_1\boltz\model\modules\diffusion.py,32220,1789980516894287900,not_computed_user_instruction
D:\IL-24(teeth）\phase2_release\results\full181_supplement\runtime_sources\boltz_2_2_1\boltz\model\modules\diffusion_conditioning.py,3682,1789980516895294200,not_computed_user_instruction
D:\IL-24(teeth）\phase2_release\results\full181_supplement\runtime_sources\boltz_2_2_1\boltz\model\modules\diffusionv2.py,26623,1789980516896292700,not_computed_user_instruction
D:\IL-24(teeth）\phase2_release\results\full181_supplement\runtime_sources\boltz_2_2_1\boltz\model\modules\encoders.py,20412,1789980516896292700,not_computed_user_instruction
D:\IL-24(teeth）\phase2_release\results\full181_supplement\runtime_sources\boltz_2_2_1\boltz\model\modules\encodersv2.py,18716,1789980516896292700,not_computed_user_instruction
D:\IL-24(teeth）\phase2_release\results\full181_supplement\runtime_sources\boltz_2_2_1\boltz\model\modules\transformers.py,9078,1789980516897286200,not_computed_user_instruction
D:\IL-24(teeth）\phase2_release\results\full181_supplement\runtime_sources\boltz_2_2_1\boltz\model\modules\transformersv2.py,7269,1789980516897286200,not_computed_user_instruction
D:\IL-24(teeth）\phase2_release\results\full181_supplement\runtime_sources\boltz_2_2_1\boltz\model\modules\trunk.py,21538,1789980516898294000,not_computed_user_instruction
D:\IL-24(teeth）\phase2_release\results\full181_supplement\runtime_sources\boltz_2_2_1\boltz\model\modules\trunkv2.py,27386,1789980516898294000,not_computed_user_instruction
D:\IL-24(teeth）\phase2_release\results\full181_supplement\runtime_sources\boltz_2_2_1\boltz\model\modules\utils.py,10041,1789980516899293000,not_computed_user_instruction
D:\IL-24(teeth）\phase2_release\results\full181_supplement\runtime_sources\boltz_2_2_1\boltz\model\optim\__init__.py,0,1789980516900116200,not_computed_user_instruction
D:\IL-24(teeth）\phase2_release\results\full181_supplement\runtime_sources\boltz_2_2_1\boltz\model\optim\ema.py,11512,1789980516900622600,not_computed_user_instruction
D:\IL-24(teeth）\phase2_release\results\full181_supplement\runtime_sources\boltz_2_2_1\boltz\model\optim\scheduler.py,3505,1789980516900622600,not_computed_user_instruction
D:\IL-24(teeth）\phase2_release\results\full181_supplement\runtime_sources\boltz_2_2_1\boltz\model\potentials\__init__.py,0,1789980516901630400,not_computed_user_instruction
D:\IL-24(teeth）\phase2_release\results\full181_supplement\runtime_sources\boltz_2_2_1\boltz\model\potentials\potentials.py,28810,1789980516901630400,not_computed_user_instruction
D:\IL-24(teeth）\phase2_release\results\full181_supplement\runtime_sources\boltz_2_2_1\boltz\model\potentials\schedules.py,1002,1789980516902635500,not_computed_user_instruction
D:\IL-24(teeth）\phase2_release\results\full181_supplement\runtime_sources\boltz_2_2_1\boltz-2.2.1.dist-info\entry_points.txt,41,1789980516904633600,not_computed_user_instruction
D:\IL-24(teeth）\phase2_release\results\full181_supplement\runtime_sources\boltz_2_2_1\boltz-2.2.1.dist-info\licenses\LICENSE,1102,1789980516903628900,not_computed_user_instruction
D:\IL-24(teeth）\phase2_release\results\full181_supplement\runtime_sources\boltz_2_2_1\boltz-2.2.1.dist-info\METADATA,7684,1789980516903628900,not_computed_user_instruction
D:\IL-24(teeth）\phase2_release\results\full181_supplement\runtime_sources\boltz_2_2_1\boltz-2.2.1.dist-info\RECORD,9823,1789980516905628900,not_computed_user_instruction
D:\IL-24(teeth）\phase2_release\results\full181_supplement\runtime_sources\boltz_2_2_1\boltz-2.2.1.dist-info\top_level.txt,6,1789980516904633600,not_computed_user_instruction
D:\IL-24(teeth）\phase2_release\results\full181_supplement\runtime_sources\boltz_2_2_1\boltz-2.2.1.dist-info\WHEEL,91,1789980516904633600,not_computed_user_instruction
D:\IL-24(teeth）\phase2_release\results\full181_supplement\runtime_sources\prodigy_prot-2.4.0-py2.py3-none-any.whl,20090,1789981367153186700,not_computed_user_instruction
D:\IL-24(teeth）\phase2_release\results\full181_supplement\runtime_sources\prodigy_prot_2_4_0\prodigy_prot\__init__.py,98,1789981398311330300,not_computed_user_instruction
D:\IL-24(teeth）\phase2_release\results\full181_supplement\runtime_sources\prodigy_prot_2_4_0\prodigy_prot\cli.py,5874,1789981398312330700,not_computed_user_instruction
D:\IL-24(teeth）\phase2_release\results\full181_supplement\runtime_sources\prodigy_prot_2_4_0\prodigy_prot\data\naccess.config,2772,1789981398312330700,not_computed_user_instruction
D:\IL-24(teeth）\phase2_release\results\full181_supplement\runtime_sources\prodigy_prot_2_4_0\prodigy_prot\modules\__init__.py,0,1789981398313330300,not_computed_user_instruction
D:\IL-24(teeth）\phase2_release\results\full181_supplement\runtime_sources\prodigy_prot_2_4_0\prodigy_prot\modules\aa_properties.py,2386,1789981398313330300,not_computed_user_instruction
D:\IL-24(teeth）\phase2_release\results\full181_supplement\runtime_sources\prodigy_prot_2_4_0\prodigy_prot\modules\freesasa_tools.py,2094,1789981398314330300,not_computed_user_instruction
D:\IL-24(teeth）\phase2_release\results\full181_supplement\runtime_sources\prodigy_prot_2_4_0\prodigy_prot\modules\models.py,836,1789981398314330300,not_computed_user_instruction
D:\IL-24(teeth）\phase2_release\results\full181_supplement\runtime_sources\prodigy_prot_2_4_0\prodigy_prot\modules\parsers.py,6091,1789981398315332700,not_computed_user_instruction
D:\IL-24(teeth）\phase2_release\results\full181_supplement\runtime_sources\prodigy_prot_2_4_0\prodigy_prot\modules\prodigy.py,9491,1789981398315332700,not_computed_user_instruction
D:\IL-24(teeth）\phase2_release\results\full181_supplement\runtime_sources\prodigy_prot_2_4_0\prodigy_prot\modules\utils.py,530,1789981398316333400,not_computed_user_instruction
D:\IL-24(teeth）\phase2_release\results\full181_supplement\runtime_sources\prodigy_prot_2_4_0\prodigy_prot-2.4.0.dist-info\entry_points.txt,50,1789981398319330600,not_computed_user_instruction
D:\IL-24(teeth）\phase2_release\results\full181_supplement\runtime_sources\prodigy_prot_2_4_0\prodigy_prot-2.4.0.dist-info\licenses\LICENSE,10797,1789981398319330600,not_computed_user_instruction
D:\IL-24(teeth）\phase2_release\results\full181_supplement\runtime_sources\prodigy_prot_2_4_0\prodigy_prot-2.4.0.dist-info\METADATA,8300,1789981398318332800,not_computed_user_instruction
D:\IL-24(teeth）\phase2_release\results\full181_supplement\runtime_sources\prodigy_prot_2_4_0\prodigy_prot-2.4.0.dist-info\RECORD,1291,1789981398320330300,not_computed_user_instruction
D:\IL-24(teeth）\phase2_release\results\full181_supplement\runtime_sources\prodigy_prot_2_4_0\prodigy_prot-2.4.0.dist-info\WHEEL,105,1789981398318332800,not_computed_user_instruction
D:\IL-24(teeth）\phase2_release\results\full181_supplement\selection_manifest.csv,2575,1789992493793623200,not_computed_user_instruction
D:\IL-24(teeth）\phase2_release\results\full181_supplement\selection_manifest_local.csv,5907,1789992499478447600,not_computed_user_instruction
D:\IL-24(teeth）\phase2_release\results\full181_supplement\sequence_audit\mapping_tests.log,1618,1789980993333425400,not_computed_user_instruction
D:\IL-24(teeth）\phase2_release\results\full181_supplement\sequence_audit\numbering_map_all_constructs.csv,47342,1789980993565670900,not_computed_user_instruction
D:\IL-24(teeth）\phase2_release\results\full181_supplement\sequence_audit\numbering_map_full181.csv,18628,1789980993566670500,not_computed_user_instruction
D:\IL-24(teeth）\phase2_release\results\full181_supplement\sequence_audit\README.md,4113,1789981038280282100,not_computed_user_instruction
D:\IL-24(teeth）\phase2_release\results\full181_supplement\sequence_audit\sequence_audit.json,36501,1789980993569667000,not_computed_user_instruction
D:\IL-24(teeth）\phase2_release\results\full181_supplement\sequence_audit\sequence_audit_run.log,476,1789980993589670300,not_computed_user_instruction
D:\IL-24(teeth）\phase2_release\results\full181_supplement\server_artifact_validation.json,294,1789992493803614400,not_computed_user_instruction
D:\IL-24(teeth）\phase2_release\results\full181_supplement\server_baseline_file_metadata.json,264226,1789992493802616500,not_computed_user_instruction
D:\IL-24(teeth）\phase2_release\results\full181_supplement\server_baseline_metadata_verification.json,189,1789992493798610300,not_computed_user_instruction
D:\IL-24(teeth）\phase2_release\results\full181_supplement\server_baseline_snapshot\data\antibody_imgt_numbering.csv,6025,1789990607867006400,not_computed_user_instruction
D:\IL-24(teeth）\phase2_release\results\full181_supplement\server_baseline_snapshot\data\antibody_numbering.csv,607,1789990607868007000,not_computed_user_instruction
D:\IL-24(teeth）\phase2_release\results\full181_supplement\server_baseline_snapshot\data\cdr_annotation.csv,791,1789990607868007000,not_computed_user_instruction
D:\IL-24(teeth）\phase2_release\results\full181_supplement\server_baseline_snapshot\data\external_materials\6DF3.fasta,778,1789990607869005800,not_computed_user_instruction
D:\IL-24(teeth）\phase2_release\results\full181_supplement\server_baseline_snapshot\data\external_materials\ELISA_competition_data.csv,179,1789990607869005800,not_computed_user_instruction
D:\IL-24(teeth）\phase2_release\results\full181_supplement\server_baseline_snapshot\data\external_materials\README.md,1992,1789990607870006600,not_computed_user_instruction
D:\IL-24(teeth）\phase2_release\results\full181_supplement\server_baseline_snapshot\data\IL24_full_1_181.fasta,223,1789990607864007400,not_computed_user_instruction
D:\IL-24(teeth）\phase2_release\results\full181_supplement\server_baseline_snapshot\data\IL24_immunogen_27_160.fasta,182,1789990607865008500,not_computed_user_instruction
D:\IL-24(teeth）\phase2_release\results\full181_supplement\server_baseline_snapshot\data\IL24_native_27_181.fasta,200,1789990607865008500,not_computed_user_instruction
D:\IL-24(teeth）\phase2_release\results\full181_supplement\server_baseline_snapshot\data\il24_numbering_map.csv,4578,1789990607871007400,not_computed_user_instruction
D:\IL-24(teeth）\phase2_release\results\full181_supplement\server_baseline_snapshot\data\msa\immunogen\A.csv,205825,1789990607873006500,not_computed_user_instruction
D:\IL-24(teeth）\phase2_release\results\full181_supplement\server_baseline_snapshot\data\msa\immunogen\colabfold_raw\paired_pairgreedy-env\pair.sh,4883,1789990607890006700,not_computed_user_instruction
D:\IL-24(teeth）\phase2_release\results\full181_supplement\server_baseline_snapshot\data\msa\immunogen\colabfold_raw\unpaired_env\msa.sh,6616,1789990607891007700,not_computed_user_instruction
D:\IL-24(teeth）\phase2_release\results\full181_supplement\server_baseline_snapshot\data\msa\immunogen\H.csv,1376493,1789990607881011600,not_computed_user_instruction
D:\IL-24(teeth）\phase2_release\results\full181_supplement\server_baseline_snapshot\data\msa\immunogen\L.csv,1305903,1789990607888005500,not_computed_user_instruction
D:\IL-24(teeth）\phase2_release\results\full181_supplement\server_baseline_snapshot\data\msa\msa_manifest.json,1617,1789990607891007700,not_computed_user_instruction
D:\IL-24(teeth）\phase2_release\results\full181_supplement\server_baseline_snapshot\data\msa\native\A.csv,264086,1789990607893007200,not_computed_user_instruction
D:\IL-24(teeth）\phase2_release\results\full181_supplement\server_baseline_snapshot\data\msa\native\colabfold_raw\paired_pairgreedy-env\pair.sh,4883,1789990607910006200,not_computed_user_instruction
D:\IL-24(teeth）\phase2_release\results\full181_supplement\server_baseline_snapshot\data\msa\native\colabfold_raw\unpaired_env\msa.sh,6616,1789990607911006400,not_computed_user_instruction
D:\IL-24(teeth）\phase2_release\results\full181_supplement\server_baseline_snapshot\data\msa\native\H.csv,1376619,1789990607901015300,not_computed_user_instruction
D:\IL-24(teeth）\phase2_release\results\full181_supplement\server_baseline_snapshot\data\msa\native\L.csv,1305903,1789990607909018200,not_computed_user_instruction
D:\IL-24(teeth）\phase2_release\results\full181_supplement\server_baseline_snapshot\data\phase2_input_manifest_sha256.csv,714,1789990607911006400,not_computed_user_instruction
D:\IL-24(teeth）\phase2_release\results\full181_supplement\server_baseline_snapshot\data\README.md,657,1789990607866007400,not_computed_user_instruction
D:\IL-24(teeth）\phase2_release\results\full181_supplement\server_baseline_snapshot\data\VH_VL.fasta,315,1789990607867006400,not_computed_user_instruction
D:\IL-24(teeth）\phase2_release\results\full181_supplement\server_baseline_snapshot\data\VH_VL_clean.fasta,317,1789990607867006400,not_computed_user_instruction
D:\IL-24(teeth）\phase2_release\results\full181_supplement\server_baseline_snapshot\data\цКЧф╜Уф┐бцБпшп┤цШО.md,1689,1789990607912006800,not_computed_user_instruction
D:\IL-24(teeth）\phase2_release\results\full181_supplement\server_baseline_snapshot\logs\boltz_formal_immunogen_blind_seed1.log,2456,1789990607913005400,not_computed_user_instruction
D:\IL-24(teeth）\phase2_release\results\full181_supplement\server_baseline_snapshot\logs\boltz_formal_immunogen_blind_seed10.log,2457,1789990607913005400,not_computed_user_instruction
D:\IL-24(teeth）\phase2_release\results\full181_supplement\server_baseline_snapshot\logs\boltz_formal_immunogen_blind_seed11.log,2457,1789990607914006000,not_computed_user_instruction
D:\IL-24(teeth）\phase2_release\results\full181_supplement\server_baseline_snapshot\logs\boltz_formal_immunogen_blind_seed12.log,2457,1789990607915009400,not_computed_user_instruction
D:\IL-24(teeth）\phase2_release\results\full181_supplement\server_baseline_snapshot\logs\boltz_formal_immunogen_blind_seed13.log,2457,1789990607915009400,not_computed_user_instruction
D:\IL-24(teeth）\phase2_release\results\full181_supplement\server_baseline_snapshot\logs\boltz_formal_immunogen_blind_seed14.log,2457,1789990607916006400,not_computed_user_instruction
D:\IL-24(teeth）\phase2_release\results\full181_supplement\server_baseline_snapshot\logs\boltz_formal_immunogen_blind_seed15.log,2457,1789990607916006400,not_computed_user_instruction
D:\IL-24(teeth）\phase2_release\results\full181_supplement\server_baseline_snapshot\logs\boltz_formal_immunogen_blind_seed2.log,2456,1789990607917006400,not_computed_user_instruction
D:\IL-24(teeth）\phase2_release\results\full181_supplement\server_baseline_snapshot\logs\boltz_formal_immunogen_blind_seed3.log,2456,1789990607917006400,not_computed_user_instruction
D:\IL-24(teeth）\phase2_release\results\full181_supplement\server_baseline_snapshot\logs\boltz_formal_immunogen_blind_seed4.log,2456,1789990607918006100,not_computed_user_instruction
D:\IL-24(teeth）\phase2_release\results\full181_supplement\server_baseline_snapshot\logs\boltz_formal_immunogen_blind_seed5.log,2456,1789990607918006100,not_computed_user_instruction
D:\IL-24(teeth）\phase2_release\results\full181_supplement\server_baseline_snapshot\logs\boltz_formal_immunogen_blind_seed6.log,2456,1789990607919013400,not_computed_user_instruction
D:\IL-24(teeth）\phase2_release\results\full181_supplement\server_baseline_snapshot\logs\boltz_formal_immunogen_blind_seed7.log,2456,1789990607920012300,not_computed_user_instruction
D:\IL-24(teeth）\phase2_release\results\full181_supplement\server_baseline_snapshot\logs\boltz_formal_immunogen_blind_seed8.log,2456,1789990607920012300,not_computed_user_instruction
D:\IL-24(teeth）\phase2_release\results\full181_supplement\server_baseline_snapshot\logs\boltz_formal_immunogen_blind_seed9.log,2456,1789990607922010900,not_computed_user_instruction
D:\IL-24(teeth）\phase2_release\results\full181_supplement\server_baseline_snapshot\logs\boltz_formal_msa_immunogen_blind_seed1.log,2043,1789990607923007400,not_computed_user_instruction
D:\IL-24(teeth）\phase2_release\results\full181_supplement\server_baseline_snapshot\logs\boltz_formal_msa_immunogen_blind_seed10.log,2044,1789990607923007400,not_computed_user_instruction
D:\IL-24(teeth）\phase2_release\results\full181_supplement\server_baseline_snapshot\logs\boltz_formal_msa_immunogen_blind_seed11.log,2044,1789990607924009200,not_computed_user_instruction
D:\IL-24(teeth）\phase2_release\results\full181_supplement\server_baseline_snapshot\logs\boltz_formal_msa_immunogen_blind_seed12.log,2044,1789990607924009200,not_computed_user_instruction
D:\IL-24(teeth）\phase2_release\results\full181_supplement\server_baseline_snapshot\logs\boltz_formal_msa_immunogen_blind_seed13.log,2044,1789990607925007600,not_computed_user_instruction
D:\IL-24(teeth）\phase2_release\results\full181_supplement\server_baseline_snapshot\logs\boltz_formal_msa_immunogen_blind_seed14.log,2044,1789990607925007600,not_computed_user_instruction
D:\IL-24(teeth）\phase2_release\results\full181_supplement\server_baseline_snapshot\logs\boltz_formal_msa_immunogen_blind_seed15.log,2044,1789990607926006000,not_computed_user_instruction
D:\IL-24(teeth）\phase2_release\results\full181_supplement\server_baseline_snapshot\logs\boltz_formal_msa_immunogen_blind_seed2.log,2043,1789990607926006000,not_computed_user_instruction
D:\IL-24(teeth）\phase2_release\results\full181_supplement\server_baseline_snapshot\logs\boltz_formal_msa_immunogen_blind_seed3.log,2043,1789990607927006700,not_computed_user_instruction
D:\IL-24(teeth）\phase2_release\results\full181_supplement\server_baseline_snapshot\logs\boltz_formal_msa_immunogen_blind_seed4.log,2043,1789990607927006700,not_computed_user_instruction
D:\IL-24(teeth）\phase2_release\results\full181_supplement\server_baseline_snapshot\logs\boltz_formal_msa_immunogen_blind_seed5.log,2043,1789990607928005600,not_computed_user_instruction
D:\IL-24(teeth）\phase2_release\results\full181_supplement\server_baseline_snapshot\logs\boltz_formal_msa_immunogen_blind_seed6.log,2043,1789990607928005600,not_computed_user_instruction
D:\IL-24(teeth）\phase2_release\results\full181_supplement\server_baseline_snapshot\logs\boltz_formal_msa_immunogen_blind_seed7.log,2043,1789990607929006500,not_computed_user_instruction
D:\IL-24(teeth）\phase2_release\results\full181_supplement\server_baseline_snapshot\logs\boltz_formal_msa_immunogen_blind_seed8.log,2043,1789990607930006200,not_computed_user_instruction
D:\IL-24(teeth）\phase2_release\results\full181_supplement\server_baseline_snapshot\logs\boltz_formal_msa_immunogen_blind_seed9.log,2043,1789990607930006200,not_computed_user_instruction
D:\IL-24(teeth）\phase2_release\results\full181_supplement\server_baseline_snapshot\logs\boltz_formal_msa_native_blind_seed1.log,2043,1789990607930006200,not_computed_user_instruction
D:\IL-24(teeth）\phase2_release\results\full181_supplement\server_baseline_snapshot\logs\boltz_formal_msa_native_blind_seed10.log,2044,1789990607931006400,not_computed_user_instruction
D:\IL-24(teeth）\phase2_release\results\full181_supplement\server_baseline_snapshot\logs\boltz_formal_msa_native_blind_seed11.log,2044,1789990607932005900,not_computed_user_instruction
D:\IL-24(teeth）\phase2_release\results\full181_supplement\server_baseline_snapshot\logs\boltz_formal_msa_native_blind_seed12.log,2044,1789990607932005900,not_computed_user_instruction
D:\IL-24(teeth）\phase2_release\results\full181_supplement\server_baseline_snapshot\logs\boltz_formal_msa_native_blind_seed13.log,2044,1789990607933007600,not_computed_user_instruction
D:\IL-24(teeth）\phase2_release\results\full181_supplement\server_baseline_snapshot\logs\boltz_formal_msa_native_blind_seed14.log,2044,1789990607933007600,not_computed_user_instruction
D:\IL-24(teeth）\phase2_release\results\full181_supplement\server_baseline_snapshot\logs\boltz_formal_msa_native_blind_seed15.log,2044,1789990607934007800,not_computed_user_instruction
D:\IL-24(teeth）\phase2_release\results\full181_supplement\server_baseline_snapshot\logs\boltz_formal_msa_native_blind_seed2.log,2043,1789990607935007300,not_computed_user_instruction
D:\IL-24(teeth）\phase2_release\results\full181_supplement\server_baseline_snapshot\logs\boltz_formal_msa_native_blind_seed3.log,2043,1789990607935007300,not_computed_user_instruction
D:\IL-24(teeth）\phase2_release\results\full181_supplement\server_baseline_snapshot\logs\boltz_formal_msa_native_blind_seed4.log,2043,1789990607936011100,not_computed_user_instruction
D:\IL-24(teeth）\phase2_release\results\full181_supplement\server_baseline_snapshot\logs\boltz_formal_msa_native_blind_seed5.log,2043,1789990607937006200,not_computed_user_instruction
D:\IL-24(teeth）\phase2_release\results\full181_supplement\server_baseline_snapshot\logs\boltz_formal_msa_native_blind_seed6.log,2043,1789990607937006200,not_computed_user_instruction
D:\IL-24(teeth）\phase2_release\results\full181_supplement\server_baseline_snapshot\logs\boltz_formal_msa_native_blind_seed7.log,2043,1789990607938008300,not_computed_user_instruction
D:\IL-24(teeth）\phase2_release\results\full181_supplement\server_baseline_snapshot\logs\boltz_formal_msa_native_blind_seed8.log,2043,1789990607938008300,not_computed_user_instruction
D:\IL-24(teeth）\phase2_release\results\full181_supplement\server_baseline_snapshot\logs\boltz_formal_msa_native_blind_seed9.log,2043,1789990607939005800,not_computed_user_instruction
D:\IL-24(teeth）\phase2_release\results\full181_supplement\server_baseline_snapshot\logs\boltz_formal_native_blind_seed1.log,2129,1789990607939005800,not_computed_user_instruction
D:\IL-24(teeth）\phase2_release\results\full181_supplement\server_baseline_snapshot\logs\boltz_formal_native_blind_seed10.log,2130,1789990607939005800,not_computed_user_instruction
D:\IL-24(teeth）\phase2_release\results\full181_supplement\server_baseline_snapshot\logs\boltz_formal_native_blind_seed11.log,2130,1789990607940005800,not_computed_user_instruction
D:\IL-24(teeth）\phase2_release\results\full181_supplement\server_baseline_snapshot\logs\boltz_formal_native_blind_seed12.log,2130,1789990607940005800,not_computed_user_instruction
D:\IL-24(teeth）\phase2_release\results\full181_supplement\server_baseline_snapshot\logs\boltz_formal_native_blind_seed13.log,2130,1789990607941007900,not_computed_user_instruction
D:\IL-24(teeth）\phase2_release\results\full181_supplement\server_baseline_snapshot\logs\boltz_formal_native_blind_seed14.log,2457,1789990607941007900,not_computed_user_instruction
D:\IL-24(teeth）\phase2_release\results\full181_supplement\server_baseline_snapshot\logs\boltz_formal_native_blind_seed15.log,2457,1789990607942006900,not_computed_user_instruction
D:\IL-24(teeth）\phase2_release\results\full181_supplement\server_baseline_snapshot\logs\boltz_formal_native_blind_seed2.log,2129,1789990607942006900,not_computed_user_instruction
D:\IL-24(teeth）\phase2_release\results\full181_supplement\server_baseline_snapshot\logs\boltz_formal_native_blind_seed3.log,2129,1789990607943009100,not_computed_user_instruction
D:\IL-24(teeth）\phase2_release\results\full181_supplement\server_baseline_snapshot\logs\boltz_formal_native_blind_seed4.log,2129,1789990607944008800,not_computed_user_instruction
D:\IL-24(teeth）\phase2_release\results\full181_supplement\server_baseline_snapshot\logs\boltz_formal_native_blind_seed5.log,2129,1789990607945006400,not_computed_user_instruction
D:\IL-24(teeth）\phase2_release\results\full181_supplement\server_baseline_snapshot\logs\boltz_formal_native_blind_seed6.log,2129,1789990607945006400,not_computed_user_instruction
D:\IL-24(teeth）\phase2_release\results\full181_supplement\server_baseline_snapshot\logs\boltz_formal_native_blind_seed7.log,2129,1789990607945006400,not_computed_user_instruction
D:\IL-24(teeth）\phase2_release\results\full181_supplement\server_baseline_snapshot\logs\boltz_formal_native_blind_seed8.log,2129,1789990607945006400,not_computed_user_instruction
D:\IL-24(teeth）\phase2_release\results\full181_supplement\server_baseline_snapshot\logs\boltz_formal_native_blind_seed9.log,2129,1789990607946501200,not_computed_user_instruction
D:\IL-24(teeth）\phase2_release\results\full181_supplement\server_baseline_snapshot\MODEL_CARD.md,1495,1789990607863006900,not_computed_user_instruction
D:\IL-24(teeth）\phase2_release\results\full181_supplement\server_baseline_snapshot\REPRODUCIBILITY.md,1440,1789990607863006900,not_computed_user_instruction
D:\IL-24(teeth）\phase2_release\results\full181_supplement\server_baseline_snapshot\results\12_complex_prediction\formal\immunogen_blind_seed1\boltz_results_immunogen_blind\predictions\immunogen_blind\confidence_immunogen_blind_model_0.json,903,1789990607947507300,not_computed_user_instruction
D:\IL-24(teeth）\phase2_release\results\full181_supplement\server_baseline_snapshot\results\12_complex_prediction\formal\immunogen_blind_seed1\boltz_results_immunogen_blind\predictions\immunogen_blind\immunogen_blind_model_0.pdb,231011,1789990607949510400,not_computed_user_instruction
D:\IL-24(teeth）\phase2_release\results\full181_supplement\server_baseline_snapshot\results\12_complex_prediction\formal\immunogen_blind_seed1\boltz_results_immunogen_blind\predictions\immunogen_blind\pae_immunogen_blind_model_0.npz,457528,1789990607950507600,not_computed_user_instruction
D:\IL-24(teeth）\phase2_release\results\full181_supplement\server_baseline_snapshot\results\12_complex_prediction\formal\immunogen_blind_seed1\boltz_results_immunogen_blind\processed\manifest.json,777,1789990607952507500,not_computed_user_instruction
D:\IL-24(teeth）\phase2_release\results\full181_supplement\server_baseline_snapshot\results\12_complex_prediction\formal\immunogen_blind_seed1\boltz_results_immunogen_blind\processed\records\immunogen_blind.json,762,1789990607952507500,not_computed_user_instruction
D:\IL-24(teeth）\phase2_release\results\full181_supplement\server_baseline_snapshot\results\12_complex_prediction\formal\immunogen_blind_seed10\boltz_results_immunogen_blind\predictions\immunogen_blind\confidence_immunogen_blind_model_0.json,898,1789990607953508800,not_computed_user_instruction
D:\IL-24(teeth）\phase2_release\results\full181_supplement\server_baseline_snapshot\results\12_complex_prediction\formal\immunogen_blind_seed10\boltz_results_immunogen_blind\predictions\immunogen_blind\immunogen_blind_model_0.pdb,231011,1789990607954507700,not_computed_user_instruction
D:\IL-24(teeth）\phase2_release\results\full181_supplement\server_baseline_snapshot\results\12_complex_prediction\formal\immunogen_blind_seed10\boltz_results_immunogen_blind\predictions\immunogen_blind\pae_immunogen_blind_model_0.npz,455973,1789990607956508300,not_computed_user_instruction
D:\IL-24(teeth）\phase2_release\results\full181_supplement\server_baseline_snapshot\results\12_complex_prediction\formal\immunogen_blind_seed10\boltz_results_immunogen_blind\processed\manifest.json,777,1789990607957506900,not_computed_user_instruction
D:\IL-24(teeth）\phase2_release\results\full181_supplement\server_baseline_snapshot\results\12_complex_prediction\formal\immunogen_blind_seed10\boltz_results_immunogen_blind\processed\records\immunogen_blind.json,762,1789990607958507800,not_computed_user_instruction
D:\IL-24(teeth）\phase2_release\results\full181_supplement\server_baseline_snapshot\results\12_complex_prediction\formal\immunogen_blind_seed11\boltz_results_immunogen_blind\predictions\immunogen_blind\confidence_immunogen_blind_model_0.json,902,1789990607959517900,not_computed_user_instruction
D:\IL-24(teeth）\phase2_release\results\full181_supplement\server_baseline_snapshot\results\12_complex_prediction\formal\immunogen_blind_seed11\boltz_results_immunogen_blind\predictions\immunogen_blind\immunogen_blind_model_0.pdb,231011,1789990607960509900,not_computed_user_instruction
D:\IL-24(teeth）\phase2_release\results\full181_supplement\server_baseline_snapshot\results\12_complex_prediction\formal\immunogen_blind_seed11\boltz_results_immunogen_blind\predictions\immunogen_blind\pae_immunogen_blind_model_0.npz,456845,1789990607962508600,not_computed_user_instruction
D:\IL-24(teeth）\phase2_release\results\full181_supplement\server_baseline_snapshot\results\12_complex_prediction\formal\immunogen_blind_seed11\boltz_results_immunogen_blind\processed\manifest.json,777,1789990607963507400,not_computed_user_instruction
D:\IL-24(teeth）\phase2_release\results\full181_supplement\server_baseline_snapshot\results\12_complex_prediction\formal\immunogen_blind_seed11\boltz_results_immunogen_blind\processed\records\immunogen_blind.json,762,1789990607964515900,not_computed_user_instruction
D:\IL-24(teeth）\phase2_release\results\full181_supplement\server_baseline_snapshot\results\12_complex_prediction\formal\immunogen_blind_seed12\boltz_results_immunogen_blind\predictions\immunogen_blind\confidence_immunogen_blind_model_0.json,899,1789990607965506500,not_computed_user_instruction
D:\IL-24(teeth）\phase2_release\results\full181_supplement\server_baseline_snapshot\results\12_complex_prediction\formal\immunogen_blind_seed12\boltz_results_immunogen_blind\predictions\immunogen_blind\immunogen_blind_model_0.pdb,231011,1789990607966507300,not_computed_user_instruction
D:\IL-24(teeth）\phase2_release\results\full181_supplement\server_baseline_snapshot\results\12_complex_prediction\formal\immunogen_blind_seed12\boltz_results_immunogen_blind\predictions\immunogen_blind\pae_immunogen_blind_model_0.npz,457250,1789990607968508700,not_computed_user_instruction
D:\IL-24(teeth）\phase2_release\results\full181_supplement\server_baseline_snapshot\results\12_complex_prediction\formal\immunogen_blind_seed12\boltz_results_immunogen_blind\processed\manifest.json,777,1789990607969509500,not_computed_user_instruction
D:\IL-24(teeth）\phase2_release\results\full181_supplement\server_baseline_snapshot\results\12_complex_prediction\formal\immunogen_blind_seed12\boltz_results_immunogen_blind\processed\records\immunogen_blind.json,762,1789990607969509500,not_computed_user_instruction
D:\IL-24(teeth）\phase2_release\results\full181_supplement\server_baseline_snapshot\results\12_complex_prediction\formal\immunogen_blind_seed13\boltz_results_immunogen_blind\predictions\immunogen_blind\confidence_immunogen_blind_model_0.json,903,1789990607970508000,not_computed_user_instruction
D:\IL-24(teeth）\phase2_release\results\full181_supplement\server_baseline_snapshot\results\12_complex_prediction\formal\immunogen_blind_seed13\boltz_results_immunogen_blind\predictions\immunogen_blind\immunogen_blind_model_0.pdb,231011,1789990607972513300,not_computed_user_instruction
D:\IL-24(teeth）\phase2_release\results\full181_supplement\server_baseline_snapshot\results\12_complex_prediction\formal\immunogen_blind_seed13\boltz_results_immunogen_blind\predictions\immunogen_blind\pae_immunogen_blind_model_0.npz,456967,1789990607973508100,not_computed_user_instruction
D:\IL-24(teeth）\phase2_release\results\full181_supplement\server_baseline_snapshot\results\12_complex_prediction\formal\immunogen_blind_seed13\boltz_results_immunogen_blind\processed\manifest.json,777,1789990607974507700,not_computed_user_instruction
D:\IL-24(teeth）\phase2_release\results\full181_supplement\server_baseline_snapshot\results\12_complex_prediction\formal\immunogen_blind_seed13\boltz_results_immunogen_blind\processed\records\immunogen_blind.json,762,1789990607975507500,not_computed_user_instruction
D:\IL-24(teeth）\phase2_release\results\full181_supplement\server_baseline_snapshot\results\12_complex_prediction\formal\immunogen_blind_seed14\boltz_results_immunogen_blind\predictions\immunogen_blind\confidence_immunogen_blind_model_0.json,901,1789990607976508700,not_computed_user_instruction
D:\IL-24(teeth）\phase2_release\results\full181_supplement\server_baseline_snapshot\results\12_complex_prediction\formal\immunogen_blind_seed14\boltz_results_immunogen_blind\predictions\immunogen_blind\immunogen_blind_model_0.pdb,231011,1789990607978520700,not_computed_user_instruction
D:\IL-24(teeth）\phase2_release\results\full181_supplement\server_baseline_snapshot\results\12_complex_prediction\formal\immunogen_blind_seed14\boltz_results_immunogen_blind\predictions\immunogen_blind\pae_immunogen_blind_model_0.npz,455839,1789990607979506700,not_computed_user_instruction
D:\IL-24(teeth）\phase2_release\results\full181_supplement\server_baseline_snapshot\results\12_complex_prediction\formal\immunogen_blind_seed14\boltz_results_immunogen_blind\processed\manifest.json,777,1789990607980514700,not_computed_user_instruction
D:\IL-24(teeth）\phase2_release\results\full181_supplement\server_baseline_snapshot\results\12_complex_prediction\formal\immunogen_blind_seed14\boltz_results_immunogen_blind\processed\records\immunogen_blind.json,762,1789990607981507800,not_computed_user_instruction
D:\IL-24(teeth）\phase2_release\results\full181_supplement\server_baseline_snapshot\results\12_complex_prediction\formal\immunogen_blind_seed15\boltz_results_immunogen_blind\predictions\immunogen_blind\confidence_immunogen_blind_model_0.json,901,1789990607983510500,not_computed_user_instruction
D:\IL-24(teeth）\phase2_release\results\full181_supplement\server_baseline_snapshot\results\12_complex_prediction\formal\immunogen_blind_seed15\boltz_results_immunogen_blind\predictions\immunogen_blind\immunogen_blind_model_0.pdb,231011,1789990607984518000,not_computed_user_instruction
D:\IL-24(teeth）\phase2_release\results\full181_supplement\server_baseline_snapshot\results\12_complex_prediction\formal\immunogen_blind_seed15\boltz_results_immunogen_blind\predictions\immunogen_blind\pae_immunogen_blind_model_0.npz,455704,1789990607986515100,not_computed_user_instruction
D:\IL-24(teeth）\phase2_release\results\full181_supplement\server_baseline_snapshot\results\12_complex_prediction\formal\immunogen_blind_seed15\boltz_results_immunogen_blind\processed\manifest.json,777,1789990607986515100,not_computed_user_instruction
D:\IL-24(teeth）\phase2_release\results\full181_supplement\server_baseline_snapshot\results\12_complex_prediction\formal\immunogen_blind_seed15\boltz_results_immunogen_blind\processed\records\immunogen_blind.json,762,1789990607987507700,not_computed_user_instruction
D:\IL-24(teeth）\phase2_release\results\full181_supplement\server_baseline_snapshot\results\12_complex_prediction\formal\immunogen_blind_seed2\boltz_results_immunogen_blind\predictions\immunogen_blind\confidence_immunogen_blind_model_0.json,902,1789990607988505700,not_computed_user_instruction
D:\IL-24(teeth）\phase2_release\results\full181_supplement\server_baseline_snapshot\results\12_complex_prediction\formal\immunogen_blind_seed2\boltz_results_immunogen_blind\predictions\immunogen_blind\immunogen_blind_model_0.pdb,231011,1789990607990509200,not_computed_user_instruction
D:\IL-24(teeth）\phase2_release\results\full181_supplement\server_baseline_snapshot\results\12_complex_prediction\formal\immunogen_blind_seed2\boltz_results_immunogen_blind\predictions\immunogen_blind\pae_immunogen_blind_model_0.npz,455711,1789990607991507300,not_computed_user_instruction
D:\IL-24(teeth）\phase2_release\results\full181_supplement\server_baseline_snapshot\results\12_complex_prediction\formal\immunogen_blind_seed2\boltz_results_immunogen_blind\processed\manifest.json,777,1789990607992510400,not_computed_user_instruction
D:\IL-24(teeth）\phase2_release\results\full181_supplement\server_baseline_snapshot\results\12_complex_prediction\formal\immunogen_blind_seed2\boltz_results_immunogen_blind\processed\records\immunogen_blind.json,762,1789990607993507600,not_computed_user_instruction
D:\IL-24(teeth）\phase2_release\results\full181_supplement\server_baseline_snapshot\results\12_complex_prediction\formal\immunogen_blind_seed3\boltz_results_immunogen_blind\predictions\immunogen_blind\confidence_immunogen_blind_model_0.json,897,1789990607994506700,not_computed_user_instruction
D:\IL-24(teeth）\phase2_release\results\full181_supplement\server_baseline_snapshot\results\12_complex_prediction\formal\immunogen_blind_seed3\boltz_results_immunogen_blind\predictions\immunogen_blind\immunogen_blind_model_0.pdb,231011,1789990607995509800,not_computed_user_instruction
D:\IL-24(teeth）\phase2_release\results\full181_supplement\server_baseline_snapshot\results\12_complex_prediction\formal\immunogen_blind_seed3\boltz_results_immunogen_blind\predictions\immunogen_blind\pae_immunogen_blind_model_0.npz,456532,1789990607997508400,not_computed_user_instruction
D:\IL-24(teeth）\phase2_release\results\full181_supplement\server_baseline_snapshot\results\12_complex_prediction\formal\immunogen_blind_seed3\boltz_results_immunogen_blind\processed\manifest.json,777,1789990607999002200,not_computed_user_instruction
D:\IL-24(teeth）\phase2_release\results\full181_supplement\server_baseline_snapshot\results\12_complex_prediction\formal\immunogen_blind_seed3\boltz_results_immunogen_blind\processed\records\immunogen_blind.json,762,1789990607999002200,not_computed_user_instruction
D:\IL-24(teeth）\phase2_release\results\full181_supplement\server_baseline_snapshot\results\12_complex_prediction\formal\immunogen_blind_seed4\boltz_results_immunogen_blind\predictions\immunogen_blind\confidence_immunogen_blind_model_0.json,900,1789990608000013500,not_computed_user_instruction
D:\IL-24(teeth）\phase2_release\results\full181_supplement\server_baseline_snapshot\results\12_complex_prediction\formal\immunogen_blind_seed4\boltz_results_immunogen_blind\predictions\immunogen_blind\immunogen_blind_model_0.pdb,231011,1789990608002012900,not_computed_user_instruction
D:\IL-24(teeth）\phase2_release\results\full181_supplement\server_baseline_snapshot\results\12_complex_prediction\formal\immunogen_blind_seed4\boltz_results_immunogen_blind\predictions\immunogen_blind\pae_immunogen_blind_model_0.npz,455657,1789990608003012300,not_computed_user_instruction
D:\IL-24(teeth）\phase2_release\results\full181_supplement\server_baseline_snapshot\results\12_complex_prediction\formal\immunogen_blind_seed4\boltz_results_immunogen_blind\processed\manifest.json,777,1789990608004016800,not_computed_user_instruction
D:\IL-24(teeth）\phase2_release\results\full181_supplement\server_baseline_snapshot\results\12_complex_prediction\formal\immunogen_blind_seed4\boltz_results_immunogen_blind\processed\records\immunogen_blind.json,762,1789990608005014200,not_computed_user_instruction
D:\IL-24(teeth）\phase2_release\results\full181_supplement\server_baseline_snapshot\results\12_complex_prediction\formal\immunogen_blind_seed5\boltz_results_immunogen_blind\predictions\immunogen_blind\confidence_immunogen_blind_model_0.json,902,1789990608006012700,not_computed_user_instruction
D:\IL-24(teeth）\phase2_release\results\full181_supplement\server_baseline_snapshot\results\12_complex_prediction\formal\immunogen_blind_seed5\boltz_results_immunogen_blind\predictions\immunogen_blind\immunogen_blind_model_0.pdb,231011,1789990608008022800,not_computed_user_instruction
D:\IL-24(teeth）\phase2_release\results\full181_supplement\server_baseline_snapshot\results\12_complex_prediction\formal\immunogen_blind_seed5\boltz_results_immunogen_blind\predictions\immunogen_blind\pae_immunogen_blind_model_0.npz,455787,1789990608009014000,not_computed_user_instruction
D:\IL-24(teeth）\phase2_release\results\full181_supplement\server_baseline_snapshot\results\12_complex_prediction\formal\immunogen_blind_seed5\boltz_results_immunogen_blind\processed\manifest.json,777,1789990608010012700,not_computed_user_instruction
D:\IL-24(teeth）\phase2_release\results\full181_supplement\server_baseline_snapshot\results\12_complex_prediction\formal\immunogen_blind_seed5\boltz_results_immunogen_blind\processed\records\immunogen_blind.json,762,1789990608011015400,not_computed_user_instruction
D:\IL-24(teeth）\phase2_release\results\full181_supplement\server_baseline_snapshot\results\12_complex_prediction\formal\immunogen_blind_seed6\boltz_results_immunogen_blind\predictions\immunogen_blind\confidence_immunogen_blind_model_0.json,899,1789990608012014500,not_computed_user_instruction
D:\IL-24(teeth）\phase2_release\results\full181_supplement\server_baseline_snapshot\results\12_complex_prediction\formal\immunogen_blind_seed6\boltz_results_immunogen_blind\predictions\immunogen_blind\immunogen_blind_model_0.pdb,231011,1789990608014015200,not_computed_user_instruction
D:\IL-24(teeth）\phase2_release\results\full181_supplement\server_baseline_snapshot\results\12_complex_prediction\formal\immunogen_blind_seed6\boltz_results_immunogen_blind\predictions\immunogen_blind\pae_immunogen_blind_model_0.npz,456168,1789990608015015500,not_computed_user_instruction
D:\IL-24(teeth）\phase2_release\results\full181_supplement\server_baseline_snapshot\results\12_complex_prediction\formal\immunogen_blind_seed6\boltz_results_immunogen_blind\processed\manifest.json,777,1789990608016014700,not_computed_user_instruction
D:\IL-24(teeth）\phase2_release\results\full181_supplement\server_baseline_snapshot\results\12_complex_prediction\formal\immunogen_blind_seed6\boltz_results_immunogen_blind\processed\records\immunogen_blind.json,762,1789990608017014100,not_computed_user_instruction
D:\IL-24(teeth）\phase2_release\results\full181_supplement\server_baseline_snapshot\results\12_complex_prediction\formal\immunogen_blind_seed7\boltz_results_immunogen_blind\predictions\immunogen_blind\confidence_immunogen_blind_model_0.json,902,1789990608019020900,not_computed_user_instruction
D:\IL-24(teeth）\phase2_release\results\full181_supplement\server_baseline_snapshot\results\12_complex_prediction\formal\immunogen_blind_seed7\boltz_results_immunogen_blind\predictions\immunogen_blind\immunogen_blind_model_0.pdb,231011,1789990608021014300,not_computed_user_instruction
D:\IL-24(teeth）\phase2_release\results\full181_supplement\server_baseline_snapshot\results\12_complex_prediction\formal\immunogen_blind_seed7\boltz_results_immunogen_blind\predictions\immunogen_blind\pae_immunogen_blind_model_0.npz,456126,1789990608023013500,not_computed_user_instruction
D:\IL-24(teeth）\phase2_release\results\full181_supplement\server_baseline_snapshot\results\12_complex_prediction\formal\immunogen_blind_seed7\boltz_results_immunogen_blind\processed\manifest.json,777,1789990608024013200,not_computed_user_instruction
D:\IL-24(teeth）\phase2_release\results\full181_supplement\server_baseline_snapshot\results\12_complex_prediction\formal\immunogen_blind_seed7\boltz_results_immunogen_blind\processed\records\immunogen_blind.json,762,1789990608025014600,not_computed_user_instruction
D:\IL-24(teeth）\phase2_release\results\full181_supplement\server_baseline_snapshot\results\12_complex_prediction\formal\immunogen_blind_seed8\boltz_results_immunogen_blind\predictions\immunogen_blind\confidence_immunogen_blind_model_0.json,901,1789990608026015000,not_computed_user_instruction
D:\IL-24(teeth）\phase2_release\results\full181_supplement\server_baseline_snapshot\results\12_complex_prediction\formal\immunogen_blind_seed8\boltz_results_immunogen_blind\predictions\immunogen_blind\immunogen_blind_model_0.pdb,231011,1789990608028013400,not_computed_user_instruction
D:\IL-24(teeth）\phase2_release\results\full181_supplement\server_baseline_snapshot\results\12_complex_prediction\formal\immunogen_blind_seed8\boltz_results_immunogen_blind\predictions\immunogen_blind\pae_immunogen_blind_model_0.npz,455832,1789990608030013100,not_computed_user_instruction
D:\IL-24(teeth）\phase2_release\results\full181_supplement\server_baseline_snapshot\results\12_complex_prediction\formal\immunogen_blind_seed8\boltz_results_immunogen_blind\processed\manifest.json,777,1789990608030013100,not_computed_user_instruction
D:\IL-24(teeth）\phase2_release\results\full181_supplement\server_baseline_snapshot\results\12_complex_prediction\formal\immunogen_blind_seed8\boltz_results_immunogen_blind\processed\records\immunogen_blind.json,762,1789990608032013600,not_computed_user_instruction
D:\IL-24(teeth）\phase2_release\results\full181_supplement\server_baseline_snapshot\results\12_complex_prediction\formal\immunogen_blind_seed9\boltz_results_immunogen_blind\predictions\immunogen_blind\confidence_immunogen_blind_model_0.json,901,1789990608033014100,not_computed_user_instruction
D:\IL-24(teeth）\phase2_release\results\full181_supplement\server_baseline_snapshot\results\12_complex_prediction\formal\immunogen_blind_seed9\boltz_results_immunogen_blind\predictions\immunogen_blind\immunogen_blind_model_0.pdb,231011,1789990608034015000,not_computed_user_instruction
D:\IL-24(teeth）\phase2_release\results\full181_supplement\server_baseline_snapshot\results\12_complex_prediction\formal\immunogen_blind_seed9\boltz_results_immunogen_blind\predictions\immunogen_blind\pae_immunogen_blind_model_0.npz,456554,1789990608036025000,not_computed_user_instruction
D:\IL-24(teeth）\phase2_release\results\full181_supplement\server_baseline_snapshot\results\12_complex_prediction\formal\immunogen_blind_seed9\boltz_results_immunogen_blind\processed\manifest.json,777,1789990608036025000,not_computed_user_instruction
D:\IL-24(teeth）\phase2_release\results\full181_supplement\server_baseline_snapshot\results\12_complex_prediction\formal\immunogen_blind_seed9\boltz_results_immunogen_blind\processed\records\immunogen_blind.json,762,1789990608037014100,not_computed_user_instruction
D:\IL-24(teeth）\phase2_release\results\full181_supplement\server_baseline_snapshot\results\12_complex_prediction\formal\native_blind_seed1\boltz_results_native_blind\predictions\native_blind\confidence_native_blind_model_0.json,901,1789990608039015800,not_computed_user_instruction
D:\IL-24(teeth）\phase2_release\results\full181_supplement\server_baseline_snapshot\results\12_complex_prediction\formal\native_blind_seed1\boltz_results_native_blind\predictions\native_blind\native_blind_model_0.pdb,245591,1789990608040014100,not_computed_user_instruction
D:\IL-24(teeth）\phase2_release\results\full181_supplement\server_baseline_snapshot\results\12_complex_prediction\formal\native_blind_seed1\boltz_results_native_blind\predictions\native_blind\pae_native_blind_model_0.npz,510572,1789990608042021600,not_computed_user_instruction
D:\IL-24(teeth）\phase2_release\results\full181_supplement\server_baseline_snapshot\results\12_complex_prediction\formal\native_blind_seed1\boltz_results_native_blind\processed\manifest.json,774,1789990608043018400,not_computed_user_instruction
D:\IL-24(teeth）\phase2_release\results\full181_supplement\server_baseline_snapshot\results\12_complex_prediction\formal\native_blind_seed1\boltz_results_native_blind\processed\records\native_blind.json,759,1789990608044012900,not_computed_user_instruction
D:\IL-24(teeth）\phase2_release\results\full181_supplement\server_baseline_snapshot\results\12_complex_prediction\formal\native_blind_seed10\boltz_results_native_blind\predictions\native_blind\confidence_native_blind_model_0.json,903,1789990608045015200,not_computed_user_instruction
D:\IL-24(teeth）\phase2_release\results\full181_supplement\server_baseline_snapshot\results\12_complex_prediction\formal\native_blind_seed10\boltz_results_native_blind\predictions\native_blind\native_blind_model_0.pdb,245591,1789990608046015800,not_computed_user_instruction
D:\IL-24(teeth）\phase2_release\results\full181_supplement\server_baseline_snapshot\results\12_complex_prediction\formal\native_blind_seed10\boltz_results_native_blind\predictions\native_blind\pae_native_blind_model_0.npz,509993,1789990608048018100,not_computed_user_instruction
D:\IL-24(teeth）\phase2_release\results\full181_supplement\server_baseline_snapshot\results\12_complex_prediction\formal\native_blind_seed10\boltz_results_native_blind\processed\manifest.json,774,1789990608049015000,not_computed_user_instruction
D:\IL-24(teeth）\phase2_release\results\full181_supplement\server_baseline_snapshot\results\12_complex_prediction\formal\native_blind_seed10\boltz_results_native_blind\processed\records\native_blind.json,759,1789990608050013600,not_computed_user_instruction
D:\IL-24(teeth）\phase2_release\results\full181_supplement\server_baseline_snapshot\results\12_complex_prediction\formal\native_blind_seed11\boltz_results_native_blind\predictions\native_blind\confidence_native_blind_model_0.json,902,1789990608051014100,not_computed_user_instruction
D:\IL-24(teeth）\phase2_release\results\full181_supplement\server_baseline_snapshot\results\12_complex_prediction\formal\native_blind_seed11\boltz_results_native_blind\predictions\native_blind\native_blind_model_0.pdb,245591,1789990608053014600,not_computed_user_instruction
D:\IL-24(teeth）\phase2_release\results\full181_supplement\server_baseline_snapshot\results\12_complex_prediction\formal\native_blind_seed11\boltz_results_native_blind\predictions\native_blind\pae_native_blind_model_0.npz,510474,1789990608055016800,not_computed_user_instruction
D:\IL-24(teeth）\phase2_release\results\full181_supplement\server_baseline_snapshot\results\12_complex_prediction\formal\native_blind_seed11\boltz_results_native_blind\processed\manifest.json,774,1789990608056014200,not_computed_user_instruction
D:\IL-24(teeth）\phase2_release\results\full181_supplement\server_baseline_snapshot\results\12_complex_prediction\formal\native_blind_seed11\boltz_results_native_blind\processed\records\native_blind.json,759,1789990608057014400,not_computed_user_instruction
D:\IL-24(teeth）\phase2_release\results\full181_supplement\server_baseline_snapshot\results\12_complex_prediction\formal\native_blind_seed12\boltz_results_native_blind\predictions\native_blind\confidence_native_blind_model_0.json,901,1789990608058013800,not_computed_user_instruction
D:\IL-24(teeth）\phase2_release\results\full181_supplement\server_baseline_snapshot\results\12_complex_prediction\formal\native_blind_seed12\boltz_results_native_blind\predictions\native_blind\native_blind_model_0.pdb,245591,1789990608060014200,not_computed_user_instruction
D:\IL-24(teeth）\phase2_release\results\full181_supplement\server_baseline_snapshot\results\12_complex_prediction\formal\native_blind_seed12\boltz_results_native_blind\predictions\native_blind\pae_native_blind_model_0.npz,511905,1789990608062022800,not_computed_user_instruction
D:\IL-24(teeth）\phase2_release\results\full181_supplement\server_baseline_snapshot\results\12_complex_prediction\formal\native_blind_seed12\boltz_results_native_blind\processed\manifest.json,774,1789990608063014300,not_computed_user_instruction
D:\IL-24(teeth）\phase2_release\results\full181_supplement\server_baseline_snapshot\results\12_complex_prediction\formal\native_blind_seed12\boltz_results_native_blind\processed\records\native_blind.json,759,1789990608064024500,not_computed_user_instruction
D:\IL-24(teeth）\phase2_release\results\full181_supplement\server_baseline_snapshot\results\12_complex_prediction\formal\native_blind_seed13\boltz_results_native_blind\predictions\native_blind\confidence_native_blind_model_0.json,897,1789990608065013600,not_computed_user_instruction
D:\IL-24(teeth）\phase2_release\results\full181_supplement\server_baseline_snapshot\results\12_complex_prediction\formal\native_blind_seed13\boltz_results_native_blind\predictions\native_blind\native_blind_model_0.pdb,245591,1789990608066016400,not_computed_user_instruction
D:\IL-24(teeth）\phase2_release\results\full181_supplement\server_baseline_snapshot\results\12_complex_prediction\formal\native_blind_seed13\boltz_results_native_blind\predictions\native_blind\pae_native_blind_model_0.npz,510649,1789990608068020100,not_computed_user_instruction
D:\IL-24(teeth）\phase2_release\results\full181_supplement\server_baseline_snapshot\results\12_complex_prediction\formal\native_blind_seed13\boltz_results_native_blind\processed\manifest.json,774,1789990608069015800,not_computed_user_instruction
D:\IL-24(teeth）\phase2_release\results\full181_supplement\server_baseline_snapshot\results\12_complex_prediction\formal\native_blind_seed13\boltz_results_native_blind\processed\records\native_blind.json,759,1789990608070013800,not_computed_user_instruction
D:\IL-24(teeth）\phase2_release\results\full181_supplement\server_baseline_snapshot\results\12_complex_prediction\formal\native_blind_seed14\boltz_results_native_blind\predictions\native_blind\confidence_native_blind_model_0.json,901,1789990608071013300,not_computed_user_instruction
D:\IL-24(teeth）\phase2_release\results\full181_supplement\server_baseline_snapshot\results\12_complex_prediction\formal\native_blind_seed14\boltz_results_native_blind\predictions\native_blind\native_blind_model_0.pdb,245591,1789990608072026900,not_computed_user_instruction
D:\IL-24(teeth）\phase2_release\results\full181_supplement\server_baseline_snapshot\results\12_complex_prediction\formal\native_blind_seed14\boltz_results_native_blind\predictions\native_blind\pae_native_blind_model_0.npz,513484,1789990608074038100,not_computed_user_instruction
D:\IL-24(teeth）\phase2_release\results\full181_supplement\server_baseline_snapshot\results\12_complex_prediction\formal\native_blind_seed14\boltz_results_native_blind\processed\manifest.json,774,1789990608075036500,not_computed_user_instruction
D:\IL-24(teeth）\phase2_release\results\full181_supplement\server_baseline_snapshot\results\12_complex_prediction\formal\native_blind_seed14\boltz_results_native_blind\processed\records\native_blind.json,759,1789990608076035600,not_computed_user_instruction
D:\IL-24(teeth）\phase2_release\results\full181_supplement\server_baseline_snapshot\results\12_complex_prediction\formal\native_blind_seed15\boltz_results_native_blind\predictions\native_blind\confidence_native_blind_model_0.json,902,1789990608077035300,not_computed_user_instruction
D:\IL-24(teeth）\phase2_release\results\full181_supplement\server_baseline_snapshot\results\12_complex_prediction\formal\native_blind_seed15\boltz_results_native_blind\predictions\native_blind\native_blind_model_0.pdb,245591,1789990608078044800,not_computed_user_instruction
D:\IL-24(teeth）\phase2_release\results\full181_supplement\server_baseline_snapshot\results\12_complex_prediction\formal\native_blind_seed15\boltz_results_native_blind\predictions\native_blind\pae_native_blind_model_0.npz,510370,1789990608080037400,not_computed_user_instruction
D:\IL-24(teeth）\phase2_release\results\full181_supplement\server_baseline_snapshot\results\12_complex_prediction\formal\native_blind_seed15\boltz_results_native_blind\processed\manifest.json,774,1789990608080037400,not_computed_user_instruction
D:\IL-24(teeth）\phase2_release\results\full181_supplement\server_baseline_snapshot\results\12_complex_prediction\formal\native_blind_seed15\boltz_results_native_blind\processed\records\native_blind.json,759,1789990608081036100,not_computed_user_instruction
D:\IL-24(teeth）\phase2_release\results\full181_supplement\server_baseline_snapshot\results\12_complex_prediction\formal\native_blind_seed2\boltz_results_native_blind\predictions\native_blind\confidence_native_blind_model_0.json,903,1789990608082035400,not_computed_user_instruction
D:\IL-24(teeth）\phase2_release\results\full181_supplement\server_baseline_snapshot\results\12_complex_prediction\formal\native_blind_seed2\boltz_results_native_blind\predictions\native_blind\native_blind_model_0.pdb,245591,1789990608084041300,not_computed_user_instruction
D:\IL-24(teeth）\phase2_release\results\full181_supplement\server_baseline_snapshot\results\12_complex_prediction\formal\native_blind_seed2\boltz_results_native_blind\predictions\native_blind\pae_native_blind_model_0.npz,510278,1789990608085035300,not_computed_user_instruction
D:\IL-24(teeth）\phase2_release\results\full181_supplement\server_baseline_snapshot\results\12_complex_prediction\formal\native_blind_seed2\boltz_results_native_blind\processed\manifest.json,774,1789990608086034700,not_computed_user_instruction
D:\IL-24(teeth）\phase2_release\results\full181_supplement\server_baseline_snapshot\results\12_complex_prediction\formal\native_blind_seed2\boltz_results_native_blind\processed\records\native_blind.json,759,1789990608087035700,not_computed_user_instruction
D:\IL-24(teeth）\phase2_release\results\full181_supplement\server_baseline_snapshot\results\12_complex_prediction\formal\native_blind_seed3\boltz_results_native_blind\predictions\native_blind\confidence_native_blind_model_0.json,903,1789990608088735800,not_computed_user_instruction
D:\IL-24(teeth）\phase2_release\results\full181_supplement\server_baseline_snapshot\results\12_complex_prediction\formal\native_blind_seed3\boltz_results_native_blind\predictions\native_blind\native_blind_model_0.pdb,245591,1789990608089754600,not_computed_user_instruction
D:\IL-24(teeth）\phase2_release\results\full181_supplement\server_baseline_snapshot\results\12_complex_prediction\formal\native_blind_seed3\boltz_results_native_blind\predictions\native_blind\pae_native_blind_model_0.npz,511586,1789990608090740200,not_computed_user_instruction
D:\IL-24(teeth）\phase2_release\results\full181_supplement\server_baseline_snapshot\results\12_complex_prediction\formal\native_blind_seed3\boltz_results_native_blind\processed\manifest.json,774,1789990608092740700,not_computed_user_instruction
D:\IL-24(teeth）\phase2_release\results\full181_supplement\server_baseline_snapshot\results\12_complex_prediction\formal\native_blind_seed3\boltz_results_native_blind\processed\records\native_blind.json,759,1789990608092740700,not_computed_user_instruction
D:\IL-24(teeth）\phase2_release\results\full181_supplement\server_baseline_snapshot\results\12_complex_prediction\formal\native_blind_seed4\boltz_results_native_blind\predictions\native_blind\confidence_native_blind_model_0.json,901,1789990608094743300,not_computed_user_instruction
D:\IL-24(teeth）\phase2_release\results\full181_supplement\server_baseline_snapshot\results\12_complex_prediction\formal\native_blind_seed4\boltz_results_native_blind\predictions\native_blind\native_blind_model_0.pdb,245591,1789990608095741900,not_computed_user_instruction
D:\IL-24(teeth）\phase2_release\results\full181_supplement\server_baseline_snapshot\results\12_complex_prediction\formal\native_blind_seed4\boltz_results_native_blind\predictions\native_blind\pae_native_blind_model_0.npz,509865,1789990608096741400,not_computed_user_instruction
D:\IL-24(teeth）\phase2_release\results\full181_supplement\server_baseline_snapshot\results\12_complex_prediction\formal\native_blind_seed4\boltz_results_native_blind\processed\manifest.json,774,1789990608098739900,not_computed_user_instruction
D:\IL-24(teeth）\phase2_release\results\full181_supplement\server_baseline_snapshot\results\12_complex_prediction\formal\native_blind_seed4\boltz_results_native_blind\processed\records\native_blind.json,759,1789990608098739900,not_computed_user_instruction
D:\IL-24(teeth）\phase2_release\results\full181_supplement\server_baseline_snapshot\results\12_complex_prediction\formal\native_blind_seed5\boltz_results_native_blind\predictions\native_blind\confidence_native_blind_model_0.json,894,1789990608100190400,not_computed_user_instruction
D:\IL-24(teeth）\phase2_release\results\full181_supplement\server_baseline_snapshot\results\12_complex_prediction\formal\native_blind_seed5\boltz_results_native_blind\predictions\native_blind\native_blind_model_0.pdb,245591,1789990608101198100,not_computed_user_instruction
D:\IL-24(teeth）\phase2_release\results\full181_supplement\server_baseline_snapshot\results\12_complex_prediction\formal\native_blind_seed5\boltz_results_native_blind\predictions\native_blind\pae_native_blind_model_0.npz,510572,1789990608103207600,not_computed_user_instruction
D:\IL-24(teeth）\phase2_release\results\full181_supplement\server_baseline_snapshot\results\12_complex_prediction\formal\native_blind_seed5\boltz_results_native_blind\processed\manifest.json,774,1789990608104196200,not_computed_user_instruction
D:\IL-24(teeth）\phase2_release\results\full181_supplement\server_baseline_snapshot\results\12_complex_prediction\formal\native_blind_seed5\boltz_results_native_blind\processed\records\native_blind.json,759,1789990608105196900,not_computed_user_instruction
D:\IL-24(teeth）\phase2_release\results\full181_supplement\server_baseline_snapshot\results\12_complex_prediction\formal\native_blind_seed6\boltz_results_native_blind\predictions\native_blind\confidence_native_blind_model_0.json,902,1789990608106196600,not_computed_user_instruction
D:\IL-24(teeth）\phase2_release\results\full181_supplement\server_baseline_snapshot\results\12_complex_prediction\formal\native_blind_seed6\boltz_results_native_blind\predictions\native_blind\native_blind_model_0.pdb,245591,1789990608108198400,not_computed_user_instruction
D:\IL-24(teeth）\phase2_release\results\full181_supplement\server_baseline_snapshot\results\12_complex_prediction\formal\native_blind_seed6\boltz_results_native_blind\predictions\native_blind\pae_native_blind_model_0.npz,510034,1789990608109197000,not_computed_user_instruction
D:\IL-24(teeth）\phase2_release\results\full181_supplement\server_baseline_snapshot\results\12_complex_prediction\formal\native_blind_seed6\boltz_results_native_blind\processed\manifest.json,774,1789990608110194800,not_computed_user_instruction
D:\IL-24(teeth）\phase2_release\results\full181_supplement\server_baseline_snapshot\results\12_complex_prediction\formal\native_blind_seed6\boltz_results_native_blind\processed\records\native_blind.json,759,1789990608112196700,not_computed_user_instruction
D:\IL-24(teeth）\phase2_release\results\full181_supplement\server_baseline_snapshot\results\12_complex_prediction\formal\native_blind_seed7\boltz_results_native_blind\predictions\native_blind\confidence_native_blind_model_0.json,902,1789990608113197600,not_computed_user_instruction
D:\IL-24(teeth）\phase2_release\results\full181_supplement\server_baseline_snapshot\results\12_complex_prediction\formal\native_blind_seed7\boltz_results_native_blind\predictions\native_blind\native_blind_model_0.pdb,245591,1789990608114202600,not_computed_user_instruction
D:\IL-24(teeth）\phase2_release\results\full181_supplement\server_baseline_snapshot\results\12_complex_prediction\formal\native_blind_seed7\boltz_results_native_blind\predictions\native_blind\pae_native_blind_model_0.npz,511276,1789990608116195900,not_computed_user_instruction
D:\IL-24(teeth）\phase2_release\results\full181_supplement\server_baseline_snapshot\results\12_complex_prediction\formal\native_blind_seed7\boltz_results_native_blind\processed\manifest.json,774,1789990608117198800,not_computed_user_instruction
D:\IL-24(teeth）\phase2_release\results\full181_supplement\server_baseline_snapshot\results\12_complex_prediction\formal\native_blind_seed7\boltz_results_native_blind\processed\records\native_blind.json,759,1789990608118195500,not_computed_user_instruction
D:\IL-24(teeth）\phase2_release\results\full181_supplement\server_baseline_snapshot\results\12_complex_prediction\formal\native_blind_seed8\boltz_results_native_blind\predictions\native_blind\confidence_native_blind_model_0.json,898,1789990608119196100,not_computed_user_instruction
D:\IL-24(teeth）\phase2_release\results\full181_supplement\server_baseline_snapshot\results\12_complex_prediction\formal\native_blind_seed8\boltz_results_native_blind\predictions\native_blind\native_blind_model_0.pdb,245591,1789990608121200900,not_computed_user_instruction
D:\IL-24(teeth）\phase2_release\results\full181_supplement\server_baseline_snapshot\results\12_complex_prediction\formal\native_blind_seed8\boltz_results_native_blind\predictions\native_blind\pae_native_blind_model_0.npz,510449,1789990608123197900,not_computed_user_instruction
D:\IL-24(teeth）\phase2_release\results\full181_supplement\server_baseline_snapshot\results\12_complex_prediction\formal\native_blind_seed8\boltz_results_native_blind\processed\manifest.json,774,1789990608124197100,not_computed_user_instruction
D:\IL-24(teeth）\phase2_release\results\full181_supplement\server_baseline_snapshot\results\12_complex_prediction\formal\native_blind_seed8\boltz_results_native_blind\processed\records\native_blind.json,759,1789990608124197100,not_computed_user_instruction
D:\IL-24(teeth）\phase2_release\results\full181_supplement\server_baseline_snapshot\results\12_complex_prediction\formal\native_blind_seed9\boltz_results_native_blind\predictions\native_blind\confidence_native_blind_model_0.json,900,1789990608125198000,not_computed_user_instruction
D:\IL-24(teeth）\phase2_release\results\full181_supplement\server_baseline_snapshot\results\12_complex_prediction\formal\native_blind_seed9\boltz_results_native_blind\predictions\native_blind\native_blind_model_0.pdb,245591,1789990608127204600,not_computed_user_instruction
D:\IL-24(teeth）\phase2_release\results\full181_supplement\server_baseline_snapshot\results\12_complex_prediction\formal\native_blind_seed9\boltz_results_native_blind\predictions\native_blind\pae_native_blind_model_0.npz,510365,1789990608129196700,not_computed_user_instruction
D:\IL-24(teeth）\phase2_release\results\full181_supplement\server_baseline_snapshot\results\12_complex_prediction\formal\native_blind_seed9\boltz_results_native_blind\processed\manifest.json,774,1789990608130196800,not_computed_user_instruction
D:\IL-24(teeth）\phase2_release\results\full181_supplement\server_baseline_snapshot\results\12_complex_prediction\formal\native_blind_seed9\boltz_results_native_blind\processed\records\native_blind.json,759,1789990608131202600,not_computed_user_instruction
D:\IL-24(teeth）\phase2_release\results\full181_supplement\server_baseline_snapshot\results\12_complex_prediction\formal_msa\immunogen_blind_seed1\boltz_results_immunogen_blind_msa\predictions\immunogen_blind_msa\confidence_immunogen_blind_msa_model_0.json,899,1789990608132196800,not_computed_user_instruction
D:\IL-24(teeth）\phase2_release\results\full181_supplement\server_baseline_snapshot\results\12_complex_prediction\formal_msa\immunogen_blind_seed1\boltz_results_immunogen_blind_msa\predictions\immunogen_blind_msa\immunogen_blind_msa_model_0.pdb,231011,1789990608134204300,not_computed_user_instruction
D:\IL-24(teeth）\phase2_release\results\full181_supplement\server_baseline_snapshot\results\12_complex_prediction\formal_msa\immunogen_blind_seed1\boltz_results_immunogen_blind_msa\predictions\immunogen_blind_msa\pae_immunogen_blind_msa_model_0.npz,459595,1789990608135196000,not_computed_user_instruction
D:\IL-24(teeth）\phase2_release\results\full181_supplement\server_baseline_snapshot\results\12_complex_prediction\formal_msa\immunogen_blind_seed1\boltz_results_immunogen_blind_msa\processed\manifest.json,844,1789990608136196200,not_computed_user_instruction
D:\IL-24(teeth）\phase2_release\results\full181_supplement\server_baseline_snapshot\results\12_complex_prediction\formal_msa\immunogen_blind_seed1\boltz_results_immunogen_blind_msa\processed\records\immunogen_blind_msa.json,829,1789990608137198000,not_computed_user_instruction
D:\IL-24(teeth）\phase2_release\results\full181_supplement\server_baseline_snapshot\results\12_complex_prediction\formal_msa\immunogen_blind_seed10\boltz_results_immunogen_blind_msa\predictions\immunogen_blind_msa\confidence_immunogen_blind_msa_model_0.json,901,1789990608138196900,not_computed_user_instruction
D:\IL-24(teeth）\phase2_release\results\full181_supplement\server_baseline_snapshot\results\12_complex_prediction\formal_msa\immunogen_blind_seed10\boltz_results_immunogen_blind_msa\predictions\immunogen_blind_msa\immunogen_blind_msa_model_0.pdb,231011,1789990608139198400,not_computed_user_instruction
D:\IL-24(teeth）\phase2_release\results\full181_supplement\server_baseline_snapshot\results\12_complex_prediction\formal_msa\immunogen_blind_seed10\boltz_results_immunogen_blind_msa\predictions\immunogen_blind_msa\pae_immunogen_blind_msa_model_0.npz,457476,1789990608141205300,not_computed_user_instruction
D:\IL-24(teeth）\phase2_release\results\full181_supplement\server_baseline_snapshot\results\12_complex_prediction\formal_msa\immunogen_blind_seed10\boltz_results_immunogen_blind_msa\processed\manifest.json,844,1789990608142196700,not_computed_user_instruction
D:\IL-24(teeth）\phase2_release\results\full181_supplement\server_baseline_snapshot\results\12_complex_prediction\formal_msa\immunogen_blind_seed10\boltz_results_immunogen_blind_msa\processed\records\immunogen_blind_msa.json,829,1789990608143196700,not_computed_user_instruction
D:\IL-24(teeth）\phase2_release\results\full181_supplement\server_baseline_snapshot\results\12_complex_prediction\formal_msa\immunogen_blind_seed11\boltz_results_immunogen_blind_msa\predictions\immunogen_blind_msa\confidence_immunogen_blind_msa_model_0.json,899,1789990608144197300,not_computed_user_instruction
D:\IL-24(teeth）\phase2_release\results\full181_supplement\server_baseline_snapshot\results\12_complex_prediction\formal_msa\immunogen_blind_seed11\boltz_results_immunogen_blind_msa\predictions\immunogen_blind_msa\immunogen_blind_msa_model_0.pdb,231011,1789990608146195900,not_computed_user_instruction
D:\IL-24(teeth）\phase2_release\results\full181_supplement\server_baseline_snapshot\results\12_complex_prediction\formal_msa\immunogen_blind_seed11\boltz_results_immunogen_blind_msa\predictions\immunogen_blind_msa\pae_immunogen_blind_msa_model_0.npz,459239,1789990608147206600,not_computed_user_instruction
D:\IL-24(teeth）\phase2_release\results\full181_supplement\server_baseline_snapshot\results\12_complex_prediction\formal_msa\immunogen_blind_seed11\boltz_results_immunogen_blind_msa\processed\manifest.json,844,1789990608148197200,not_computed_user_instruction
D:\IL-24(teeth）\phase2_release\results\full181_supplement\server_baseline_snapshot\results\12_complex_prediction\formal_msa\immunogen_blind_seed11\boltz_results_immunogen_blind_msa\processed\records\immunogen_blind_msa.json,829,1789990608149195600,not_computed_user_instruction
D:\IL-24(teeth）\phase2_release\results\full181_supplement\server_baseline_snapshot\results\12_complex_prediction\formal_msa\immunogen_blind_seed12\boltz_results_immunogen_blind_msa\predictions\immunogen_blind_msa\confidence_immunogen_blind_msa_model_0.json,900,1789990608150197600,not_computed_user_instruction
D:\IL-24(teeth）\phase2_release\results\full181_supplement\server_baseline_snapshot\results\12_complex_prediction\formal_msa\immunogen_blind_seed12\boltz_results_immunogen_blind_msa\predictions\immunogen_blind_msa\immunogen_blind_msa_model_0.pdb,231011,1789990608151197400,not_computed_user_instruction
D:\IL-24(teeth）\phase2_release\results\full181_supplement\server_baseline_snapshot\results\12_complex_prediction\formal_msa\immunogen_blind_seed12\boltz_results_immunogen_blind_msa\predictions\immunogen_blind_msa\pae_immunogen_blind_msa_model_0.npz,458550,1789990608153208100,not_computed_user_instruction
D:\IL-24(teeth）\phase2_release\results\full181_supplement\server_baseline_snapshot\results\12_complex_prediction\formal_msa\immunogen_blind_seed12\boltz_results_immunogen_blind_msa\processed\manifest.json,844,1789990608154198700,not_computed_user_instruction
D:\IL-24(teeth）\phase2_release\results\full181_supplement\server_baseline_snapshot\results\12_complex_prediction\formal_msa\immunogen_blind_seed12\boltz_results_immunogen_blind_msa\processed\records\immunogen_blind_msa.json,829,1789990608155197700,not_computed_user_instruction
D:\IL-24(teeth）\phase2_release\results\full181_supplement\server_baseline_snapshot\results\12_complex_prediction\formal_msa\immunogen_blind_seed13\boltz_results_immunogen_blind_msa\predictions\immunogen_blind_msa\confidence_immunogen_blind_msa_model_0.json,900,1789990608156197700,not_computed_user_instruction
D:\IL-24(teeth）\phase2_release\results\full181_supplement\server_baseline_snapshot\results\12_complex_prediction\formal_msa\immunogen_blind_seed13\boltz_results_immunogen_blind_msa\predictions\immunogen_blind_msa\immunogen_blind_msa_model_0.pdb,231011,1789990608157196700,not_computed_user_instruction
D:\IL-24(teeth）\phase2_release\results\full181_supplement\server_baseline_snapshot\results\12_complex_prediction\formal_msa\immunogen_blind_seed13\boltz_results_immunogen_blind_msa\predictions\immunogen_blind_msa\pae_immunogen_blind_msa_model_0.npz,460002,1789990608159208100,not_computed_user_instruction
D:\IL-24(teeth）\phase2_release\results\full181_supplement\server_baseline_snapshot\results\12_complex_prediction\formal_msa\immunogen_blind_seed13\boltz_results_immunogen_blind_msa\processed\manifest.json,844,1789990608160195600,not_computed_user_instruction
D:\IL-24(teeth）\phase2_release\results\full181_supplement\server_baseline_snapshot\results\12_complex_prediction\formal_msa\immunogen_blind_seed13\boltz_results_immunogen_blind_msa\processed\records\immunogen_blind_msa.json,829,1789990608161196300,not_computed_user_instruction
D:\IL-24(teeth）\phase2_release\results\full181_supplement\server_baseline_snapshot\results\12_complex_prediction\formal_msa\immunogen_blind_seed14\boltz_results_immunogen_blind_msa\predictions\immunogen_blind_msa\confidence_immunogen_blind_msa_model_0.json,900,1789990608162195000,not_computed_user_instruction
D:\IL-24(teeth）\phase2_release\results\full181_supplement\server_baseline_snapshot\results\12_complex_prediction\formal_msa\immunogen_blind_seed14\boltz_results_immunogen_blind_msa\predictions\immunogen_blind_msa\immunogen_blind_msa_model_0.pdb,231011,1789990608163196700,not_computed_user_instruction
D:\IL-24(teeth）\phase2_release\results\full181_supplement\server_baseline_snapshot\results\12_complex_prediction\formal_msa\immunogen_blind_seed14\boltz_results_immunogen_blind_msa\predictions\immunogen_blind_msa\pae_immunogen_blind_msa_model_0.npz,457684,1789990608165198100,not_computed_user_instruction
D:\IL-24(teeth）\phase2_release\results\full181_supplement\server_baseline_snapshot\results\12_complex_prediction\formal_msa\immunogen_blind_seed14\boltz_results_immunogen_blind_msa\processed\manifest.json,844,1789990608166197200,not_computed_user_instruction
D:\IL-24(teeth）\phase2_release\results\full181_supplement\server_baseline_snapshot\results\12_complex_prediction\formal_msa\immunogen_blind_seed14\boltz_results_immunogen_blind_msa\processed\records\immunogen_blind_msa.json,829,1789990608167198800,not_computed_user_instruction
D:\IL-24(teeth）\phase2_release\results\full181_supplement\server_baseline_snapshot\results\12_complex_prediction\formal_msa\immunogen_blind_seed15\boltz_results_immunogen_blind_msa\predictions\immunogen_blind_msa\confidence_immunogen_blind_msa_model_0.json,899,1789990608168196400,not_computed_user_instruction
D:\IL-24(teeth）\phase2_release\results\full181_supplement\server_baseline_snapshot\results\12_complex_prediction\formal_msa\immunogen_blind_seed15\boltz_results_immunogen_blind_msa\predictions\immunogen_blind_msa\immunogen_blind_msa_model_0.pdb,231011,1789990608169195300,not_computed_user_instruction
D:\IL-24(teeth）\phase2_release\results\full181_supplement\server_baseline_snapshot\results\12_complex_prediction\formal_msa\immunogen_blind_seed15\boltz_results_immunogen_blind_msa\predictions\immunogen_blind_msa\pae_immunogen_blind_msa_model_0.npz,458964,1789990608171202300,not_computed_user_instruction
D:\IL-24(teeth）\phase2_release\results\full181_supplement\server_baseline_snapshot\results\12_complex_prediction\formal_msa\immunogen_blind_seed15\boltz_results_immunogen_blind_msa\processed\manifest.json,844,1789990608172198000,not_computed_user_instruction
D:\IL-24(teeth）\phase2_release\results\full181_supplement\server_baseline_snapshot\results\12_complex_prediction\formal_msa\immunogen_blind_seed15\boltz_results_immunogen_blind_msa\processed\records\immunogen_blind_msa.json,829,1789990608172198000,not_computed_user_instruction
D:\IL-24(teeth）\phase2_release\results\full181_supplement\server_baseline_snapshot\results\12_complex_prediction\formal_msa\immunogen_blind_seed2\boltz_results_immunogen_blind_msa\predictions\immunogen_blind_msa\confidence_immunogen_blind_msa_model_0.json,895,1789990608174196900,not_computed_user_instruction
D:\IL-24(teeth）\phase2_release\results\full181_supplement\server_baseline_snapshot\results\12_complex_prediction\formal_msa\immunogen_blind_seed2\boltz_results_immunogen_blind_msa\predictions\immunogen_blind_msa\immunogen_blind_msa_model_0.pdb,231011,1789990608175212600,not_computed_user_instruction
D:\IL-24(teeth）\phase2_release\results\full181_supplement\server_baseline_snapshot\results\12_complex_prediction\formal_msa\immunogen_blind_seed2\boltz_results_immunogen_blind_msa\predictions\immunogen_blind_msa\pae_immunogen_blind_msa_model_0.npz,457756,1789990608177197200,not_computed_user_instruction
D:\IL-24(teeth）\phase2_release\results\full181_supplement\server_baseline_snapshot\results\12_complex_prediction\formal_msa\immunogen_blind_seed2\boltz_results_immunogen_blind_msa\processed\manifest.json,844,1789990608178197000,not_computed_user_instruction
D:\IL-24(teeth）\phase2_release\results\full181_supplement\server_baseline_snapshot\results\12_complex_prediction\formal_msa\immunogen_blind_seed2\boltz_results_immunogen_blind_msa\processed\records\immunogen_blind_msa.json,829,1789990608179197300,not_computed_user_instruction
D:\IL-24(teeth）\phase2_release\results\full181_supplement\server_baseline_snapshot\results\12_complex_prediction\formal_msa\immunogen_blind_seed3\boltz_results_immunogen_blind_msa\predictions\immunogen_blind_msa\confidence_immunogen_blind_msa_model_0.json,902,1789990608180195900,not_computed_user_instruction
D:\IL-24(teeth）\phase2_release\results\full181_supplement\server_baseline_snapshot\results\12_complex_prediction\formal_msa\immunogen_blind_seed3\boltz_results_immunogen_blind_msa\predictions\immunogen_blind_msa\immunogen_blind_msa_model_0.pdb,231011,1789990608181197200,not_computed_user_instruction
D:\IL-24(teeth）\phase2_release\results\full181_supplement\server_baseline_snapshot\results\12_complex_prediction\formal_msa\immunogen_blind_seed3\boltz_results_immunogen_blind_msa\predictions\immunogen_blind_msa\pae_immunogen_blind_msa_model_0.npz,460098,1789990608183197300,not_computed_user_instruction
D:\IL-24(teeth）\phase2_release\results\full181_supplement\server_baseline_snapshot\results\12_complex_prediction\formal_msa\immunogen_blind_seed3\boltz_results_immunogen_blind_msa\processed\manifest.json,844,1789990608183197300,not_computed_user_instruction
D:\IL-24(teeth）\phase2_release\results\full181_supplement\server_baseline_snapshot\results\12_complex_prediction\formal_msa\immunogen_blind_seed3\boltz_results_immunogen_blind_msa\processed\records\immunogen_blind_msa.json,829,1789990608185197700,not_computed_user_instruction
D:\IL-24(teeth）\phase2_release\results\full181_supplement\server_baseline_snapshot\results\12_complex_prediction\formal_msa\immunogen_blind_seed4\boltz_results_immunogen_blind_msa\predictions\immunogen_blind_msa\confidence_immunogen_blind_msa_model_0.json,899,1789990608186196500,not_computed_user_instruction
D:\IL-24(teeth）\phase2_release\results\full181_supplement\server_baseline_snapshot\results\12_complex_prediction\formal_msa\immunogen_blind_seed4\boltz_results_immunogen_blind_msa\predictions\immunogen_blind_msa\immunogen_blind_msa_model_0.pdb,231011,1789990608187198500,not_computed_user_instruction
D:\IL-24(teeth）\phase2_release\results\full181_supplement\server_baseline_snapshot\results\12_complex_prediction\formal_msa\immunogen_blind_seed4\boltz_results_immunogen_blind_msa\predictions\immunogen_blind_msa\pae_immunogen_blind_msa_model_0.npz,459002,1789990608189207900,not_computed_user_instruction
D:\IL-24(teeth）\phase2_release\results\full181_supplement\server_baseline_snapshot\results\12_complex_prediction\formal_msa\immunogen_blind_seed4\boltz_results_immunogen_blind_msa\processed\manifest.json,844,1789990608190197000,not_computed_user_instruction
D:\IL-24(teeth）\phase2_release\results\full181_supplement\server_baseline_snapshot\results\12_complex_prediction\formal_msa\immunogen_blind_seed4\boltz_results_immunogen_blind_msa\processed\records\immunogen_blind_msa.json,829,1789990608191196700,not_computed_user_instruction
D:\IL-24(teeth）\phase2_release\results\full181_supplement\server_baseline_snapshot\results\12_complex_prediction\formal_msa\immunogen_blind_seed5\boltz_results_immunogen_blind_msa\predictions\immunogen_blind_msa\confidence_immunogen_blind_msa_model_0.json,901,1789990608192196700,not_computed_user_instruction
D:\IL-24(teeth）\phase2_release\results\full181_supplement\server_baseline_snapshot\results\12_complex_prediction\formal_msa\immunogen_blind_seed5\boltz_results_immunogen_blind_msa\predictions\immunogen_blind_msa\immunogen_blind_msa_model_0.pdb,231011,1789990608193198500,not_computed_user_instruction
D:\IL-24(teeth）\phase2_release\results\full181_supplement\server_baseline_snapshot\results\12_complex_prediction\formal_msa\immunogen_blind_seed5\boltz_results_immunogen_blind_msa\predictions\immunogen_blind_msa\pae_immunogen_blind_msa_model_0.npz,459212,1789990608195195400,not_computed_user_instruction
D:\IL-24(teeth）\phase2_release\results\full181_supplement\server_baseline_snapshot\results\12_complex_prediction\formal_msa\immunogen_blind_seed5\boltz_results_immunogen_blind_msa\processed\manifest.json,844,1789990608196196300,not_computed_user_instruction
D:\IL-24(teeth）\phase2_release\results\full181_supplement\server_baseline_snapshot\results\12_complex_prediction\formal_msa\immunogen_blind_seed5\boltz_results_immunogen_blind_msa\processed\records\immunogen_blind_msa.json,829,1789990608196196300,not_computed_user_instruction
D:\IL-24(teeth）\phase2_release\results\full181_supplement\server_baseline_snapshot\results\12_complex_prediction\formal_msa\immunogen_blind_seed6\boltz_results_immunogen_blind_msa\predictions\immunogen_blind_msa\confidence_immunogen_blind_msa_model_0.json,901,1789990608197196800,not_computed_user_instruction
D:\IL-24(teeth）\phase2_release\results\full181_supplement\server_baseline_snapshot\results\12_complex_prediction\formal_msa\immunogen_blind_seed6\boltz_results_immunogen_blind_msa\predictions\immunogen_blind_msa\immunogen_blind_msa_model_0.pdb,231011,1789990608199195900,not_computed_user_instruction
D:\IL-24(teeth）\phase2_release\results\full181_supplement\server_baseline_snapshot\results\12_complex_prediction\formal_msa\immunogen_blind_seed6\boltz_results_immunogen_blind_msa\predictions\immunogen_blind_msa\pae_immunogen_blind_msa_model_0.npz,459232,1789990608200197000,not_computed_user_instruction
D:\IL-24(teeth）\phase2_release\results\full181_supplement\server_baseline_snapshot\results\12_complex_prediction\formal_msa\immunogen_blind_seed6\boltz_results_immunogen_blind_msa\processed\manifest.json,844,1789990608202196700,not_computed_user_instruction
D:\IL-24(teeth）\phase2_release\results\full181_supplement\server_baseline_snapshot\results\12_complex_prediction\formal_msa\immunogen_blind_seed6\boltz_results_immunogen_blind_msa\processed\records\immunogen_blind_msa.json,829,1789990608202196700,not_computed_user_instruction
D:\IL-24(teeth）\phase2_release\results\full181_supplement\server_baseline_snapshot\results\12_complex_prediction\formal_msa\immunogen_blind_seed7\boltz_results_immunogen_blind_msa\predictions\immunogen_blind_msa\confidence_immunogen_blind_msa_model_0.json,901,1789990608203203900,not_computed_user_instruction
D:\IL-24(teeth）\phase2_release\results\full181_supplement\server_baseline_snapshot\results\12_complex_prediction\formal_msa\immunogen_blind_seed7\boltz_results_immunogen_blind_msa\predictions\immunogen_blind_msa\immunogen_blind_msa_model_0.pdb,231011,1789990608205204700,not_computed_user_instruction
D:\IL-24(teeth）\phase2_release\results\full181_supplement\server_baseline_snapshot\results\12_complex_prediction\formal_msa\immunogen_blind_seed7\boltz_results_immunogen_blind_msa\predictions\immunogen_blind_msa\pae_immunogen_blind_msa_model_0.npz,458986,1789990608206204000,not_computed_user_instruction
D:\IL-24(teeth）\phase2_release\results\full181_supplement\server_baseline_snapshot\results\12_complex_prediction\formal_msa\immunogen_blind_seed7\boltz_results_immunogen_blind_msa\processed\manifest.json,844,1789990608207202600,not_computed_user_instruction
D:\IL-24(teeth）\phase2_release\results\full181_supplement\server_baseline_snapshot\results\12_complex_prediction\formal_msa\immunogen_blind_seed7\boltz_results_immunogen_blind_msa\processed\records\immunogen_blind_msa.json,829,1789990608208204000,not_computed_user_instruction
D:\IL-24(teeth）\phase2_release\results\full181_supplement\server_baseline_snapshot\results\12_complex_prediction\formal_msa\immunogen_blind_seed8\boltz_results_immunogen_blind_msa\predictions\immunogen_blind_msa\confidence_immunogen_blind_msa_model_0.json,900,1789990608209203900,not_computed_user_instruction
D:\IL-24(teeth）\phase2_release\results\full181_supplement\server_baseline_snapshot\results\12_complex_prediction\formal_msa\immunogen_blind_seed8\boltz_results_immunogen_blind_msa\predictions\immunogen_blind_msa\immunogen_blind_msa_model_0.pdb,231011,1789990608210203900,not_computed_user_instruction
D:\IL-24(teeth）\phase2_release\results\full181_supplement\server_baseline_snapshot\results\12_complex_prediction\formal_msa\immunogen_blind_seed8\boltz_results_immunogen_blind_msa\predictions\immunogen_blind_msa\pae_immunogen_blind_msa_model_0.npz,460985,1789990608212207400,not_computed_user_instruction
D:\IL-24(teeth）\phase2_release\results\full181_supplement\server_baseline_snapshot\results\12_complex_prediction\formal_msa\immunogen_blind_seed8\boltz_results_immunogen_blind_msa\processed\manifest.json,844,1789990608213204900,not_computed_user_instruction
D:\IL-24(teeth）\phase2_release\results\full181_supplement\server_baseline_snapshot\results\12_complex_prediction\formal_msa\immunogen_blind_seed8\boltz_results_immunogen_blind_msa\processed\records\immunogen_blind_msa.json,829,1789990608214204200,not_computed_user_instruction
D:\IL-24(teeth）\phase2_release\results\full181_supplement\server_baseline_snapshot\results\12_complex_prediction\formal_msa\immunogen_blind_seed9\boltz_results_immunogen_blind_msa\predictions\immunogen_blind_msa\confidence_immunogen_blind_msa_model_0.json,898,1789990608216202900,not_computed_user_instruction
D:\IL-24(teeth）\phase2_release\results\full181_supplement\server_baseline_snapshot\results\12_complex_prediction\formal_msa\immunogen_blind_seed9\boltz_results_immunogen_blind_msa\predictions\immunogen_blind_msa\immunogen_blind_msa_model_0.pdb,231011,1789990608217210500,not_computed_user_instruction
D:\IL-24(teeth）\phase2_release\results\full181_supplement\server_baseline_snapshot\results\12_complex_prediction\formal_msa\immunogen_blind_seed9\boltz_results_immunogen_blind_msa\predictions\immunogen_blind_msa\pae_immunogen_blind_msa_model_0.npz,457085,1789990608218443900,not_computed_user_instruction
D:\IL-24(teeth）\phase2_release\results\full181_supplement\server_baseline_snapshot\results\12_complex_prediction\formal_msa\immunogen_blind_seed9\boltz_results_immunogen_blind_msa\processed\manifest.json,844,1789990608219452000,not_computed_user_instruction
D:\IL-24(teeth）\phase2_release\results\full181_supplement\server_baseline_snapshot\results\12_complex_prediction\formal_msa\immunogen_blind_seed9\boltz_results_immunogen_blind_msa\processed\records\immunogen_blind_msa.json,829,1789990608220450100,not_computed_user_instruction
D:\IL-24(teeth）\phase2_release\results\full181_supplement\server_baseline_snapshot\results\12_complex_prediction\formal_msa\native_blind_seed1\boltz_results_native_blind_msa\predictions\native_blind_msa\confidence_native_blind_msa_model_0.json,898,1789990608221448600,not_computed_user_instruction
D:\IL-24(teeth）\phase2_release\results\full181_supplement\server_baseline_snapshot\results\12_complex_prediction\formal_msa\native_blind_seed1\boltz_results_native_blind_msa\predictions\native_blind_msa\native_blind_msa_model_0.pdb,245591,1789990608222450600,not_computed_user_instruction
D:\IL-24(teeth）\phase2_release\results\full181_supplement\server_baseline_snapshot\results\12_complex_prediction\formal_msa\native_blind_seed1\boltz_results_native_blind_msa\predictions\native_blind_msa\pae_native_blind_msa_model_0.npz,514564,1789990608224451800,not_computed_user_instruction
D:\IL-24(teeth）\phase2_release\results\full181_supplement\server_baseline_snapshot\results\12_complex_prediction\formal_msa\native_blind_seed1\boltz_results_native_blind_msa\processed\manifest.json,832,1789990608225451000,not_computed_user_instruction
D:\IL-24(teeth）\phase2_release\results\full181_supplement\server_baseline_snapshot\results\12_complex_prediction\formal_msa\native_blind_seed1\boltz_results_native_blind_msa\processed\records\native_blind_msa.json,817,1789990608226452800,not_computed_user_instruction
D:\IL-24(teeth）\phase2_release\results\full181_supplement\server_baseline_snapshot\results\12_complex_prediction\formal_msa\native_blind_seed10\boltz_results_native_blind_msa\predictions\native_blind_msa\confidence_native_blind_msa_model_0.json,898,1789990608227450400,not_computed_user_instruction
D:\IL-24(teeth）\phase2_release\results\full181_supplement\server_baseline_snapshot\results\12_complex_prediction\formal_msa\native_blind_seed10\boltz_results_native_blind_msa\predictions\native_blind_msa\native_blind_msa_model_0.pdb,245591,1789990608228452200,not_computed_user_instruction
D:\IL-24(teeth）\phase2_release\results\full181_supplement\server_baseline_snapshot\results\12_complex_prediction\formal_msa\native_blind_seed10\boltz_results_native_blind_msa\predictions\native_blind_msa\pae_native_blind_msa_model_0.npz,515875,1789990608230460500,not_computed_user_instruction
D:\IL-24(teeth）\phase2_release\results\full181_supplement\server_baseline_snapshot\results\12_complex_prediction\formal_msa\native_blind_seed10\boltz_results_native_blind_msa\processed\manifest.json,832,1789990608230460500,not_computed_user_instruction
D:\IL-24(teeth）\phase2_release\results\full181_supplement\server_baseline_snapshot\results\12_complex_prediction\formal_msa\native_blind_seed10\boltz_results_native_blind_msa\processed\records\native_blind_msa.json,817,1789990608231449500,not_computed_user_instruction
D:\IL-24(teeth）\phase2_release\results\full181_supplement\server_baseline_snapshot\results\12_complex_prediction\formal_msa\native_blind_seed11\boltz_results_native_blind_msa\predictions\native_blind_msa\confidence_native_blind_msa_model_0.json,899,1789990608233957800,not_computed_user_instruction
D:\IL-24(teeth）\phase2_release\results\full181_supplement\server_baseline_snapshot\results\12_complex_prediction\formal_msa\native_blind_seed11\boltz_results_native_blind_msa\predictions\native_blind_msa\native_blind_msa_model_0.pdb,245591,1789990608235244700,not_computed_user_instruction
D:\IL-24(teeth）\phase2_release\results\full181_supplement\server_baseline_snapshot\results\12_complex_prediction\formal_msa\native_blind_seed11\boltz_results_native_blind_msa\predictions\native_blind_msa\pae_native_blind_msa_model_0.npz,516043,1789990608236251500,not_computed_user_instruction
D:\IL-24(teeth）\phase2_release\results\full181_supplement\server_baseline_snapshot\results\12_complex_prediction\formal_msa\native_blind_seed11\boltz_results_native_blind_msa\processed\manifest.json,832,1789990608237250200,not_computed_user_instruction
D:\IL-24(teeth）\phase2_release\results\full181_supplement\server_baseline_snapshot\results\12_complex_prediction\formal_msa\native_blind_seed11\boltz_results_native_blind_msa\processed\records\native_blind_msa.json,817,1789990608238252100,not_computed_user_instruction
D:\IL-24(teeth）\phase2_release\results\full181_supplement\server_baseline_snapshot\results\12_complex_prediction\formal_msa\native_blind_seed12\boltz_results_native_blind_msa\predictions\native_blind_msa\confidence_native_blind_msa_model_0.json,897,1789990608239249800,not_computed_user_instruction
D:\IL-24(teeth）\phase2_release\results\full181_supplement\server_baseline_snapshot\results\12_complex_prediction\formal_msa\native_blind_seed12\boltz_results_native_blind_msa\predictions\native_blind_msa\native_blind_msa_model_0.pdb,245591,1789990608240254500,not_computed_user_instruction
D:\IL-24(teeth）\phase2_release\results\full181_supplement\server_baseline_snapshot\results\12_complex_prediction\formal_msa\native_blind_seed12\boltz_results_native_blind_msa\predictions\native_blind_msa\pae_native_blind_msa_model_0.npz,516103,1789990608242265500,not_computed_user_instruction
D:\IL-24(teeth）\phase2_release\results\full181_supplement\server_baseline_snapshot\results\12_complex_prediction\formal_msa\native_blind_seed12\boltz_results_native_blind_msa\processed\manifest.json,832,1789990608243251500,not_computed_user_instruction
D:\IL-24(teeth）\phase2_release\results\full181_supplement\server_baseline_snapshot\results\12_complex_prediction\formal_msa\native_blind_seed12\boltz_results_native_blind_msa\processed\records\native_blind_msa.json,817,1789990608244250300,not_computed_user_instruction
D:\IL-24(teeth）\phase2_release\results\full181_supplement\server_baseline_snapshot\results\12_complex_prediction\formal_msa\native_blind_seed13\boltz_results_native_blind_msa\predictions\native_blind_msa\confidence_native_blind_msa_model_0.json,894,1789990608245250800,not_computed_user_instruction
D:\IL-24(teeth）\phase2_release\results\full181_supplement\server_baseline_snapshot\results\12_complex_prediction\formal_msa\native_blind_seed13\boltz_results_native_blind_msa\predictions\native_blind_msa\native_blind_msa_model_0.pdb,245591,1789990608247251100,not_computed_user_instruction
D:\IL-24(teeth）\phase2_release\results\full181_supplement\server_baseline_snapshot\results\12_complex_prediction\formal_msa\native_blind_seed13\boltz_results_native_blind_msa\predictions\native_blind_msa\pae_native_blind_msa_model_0.npz,516098,1789990608249253100,not_computed_user_instruction
D:\IL-24(teeth）\phase2_release\results\full181_supplement\server_baseline_snapshot\results\12_complex_prediction\formal_msa\native_blind_seed13\boltz_results_native_blind_msa\processed\manifest.json,832,1789990608250252500,not_computed_user_instruction
D:\IL-24(teeth）\phase2_release\results\full181_supplement\server_baseline_snapshot\results\12_complex_prediction\formal_msa\native_blind_seed13\boltz_results_native_blind_msa\processed\records\native_blind_msa.json,817,1789990608251251300,not_computed_user_instruction
D:\IL-24(teeth）\phase2_release\results\full181_supplement\server_baseline_snapshot\results\12_complex_prediction\formal_msa\native_blind_seed14\boltz_results_native_blind_msa\predictions\native_blind_msa\confidence_native_blind_msa_model_0.json,899,1789990608252252200,not_computed_user_instruction
D:\IL-24(teeth）\phase2_release\results\full181_supplement\server_baseline_snapshot\results\12_complex_prediction\formal_msa\native_blind_seed14\boltz_results_native_blind_msa\predictions\native_blind_msa\native_blind_msa_model_0.pdb,245591,1789990608254251600,not_computed_user_instruction
D:\IL-24(teeth）\phase2_release\results\full181_supplement\server_baseline_snapshot\results\12_complex_prediction\formal_msa\native_blind_seed14\boltz_results_native_blind_msa\predictions\native_blind_msa\pae_native_blind_msa_model_0.npz,516134,1789990608256261400,not_computed_user_instruction
D:\IL-24(teeth）\phase2_release\results\full181_supplement\server_baseline_snapshot\results\12_complex_prediction\formal_msa\native_blind_seed14\boltz_results_native_blind_msa\processed\manifest.json,832,1789990608257249700,not_computed_user_instruction
D:\IL-24(teeth）\phase2_release\results\full181_supplement\server_baseline_snapshot\results\12_complex_prediction\formal_msa\native_blind_seed14\boltz_results_native_blind_msa\processed\records\native_blind_msa.json,817,1789990608258252200,not_computed_user_instruction
D:\IL-24(teeth）\phase2_release\results\full181_supplement\server_baseline_snapshot\results\12_complex_prediction\formal_msa\native_blind_seed15\boltz_results_native_blind_msa\predictions\native_blind_msa\confidence_native_blind_msa_model_0.json,900,1789990608259250500,not_computed_user_instruction
D:\IL-24(teeth）\phase2_release\results\full181_supplement\server_baseline_snapshot\results\12_complex_prediction\formal_msa\native_blind_seed15\boltz_results_native_blind_msa\predictions\native_blind_msa\native_blind_msa_model_0.pdb,245591,1789990608261251200,not_computed_user_instruction
D:\IL-24(teeth）\phase2_release\results\full181_supplement\server_baseline_snapshot\results\12_complex_prediction\formal_msa\native_blind_seed15\boltz_results_native_blind_msa\predictions\native_blind_msa\pae_native_blind_msa_model_0.npz,515697,1789990608263262000,not_computed_user_instruction
D:\IL-24(teeth）\phase2_release\results\full181_supplement\server_baseline_snapshot\results\12_complex_prediction\formal_msa\native_blind_seed15\boltz_results_native_blind_msa\processed\manifest.json,832,1789990608264252600,not_computed_user_instruction
D:\IL-24(teeth）\phase2_release\results\full181_supplement\server_baseline_snapshot\results\12_complex_prediction\formal_msa\native_blind_seed15\boltz_results_native_blind_msa\processed\records\native_blind_msa.json,817,1789990608265266500,not_computed_user_instruction
D:\IL-24(teeth）\phase2_release\results\full181_supplement\server_baseline_snapshot\results\12_complex_prediction\formal_msa\native_blind_seed2\boltz_results_native_blind_msa\predictions\native_blind_msa\confidence_native_blind_msa_model_0.json,896,1789990608266249600,not_computed_user_instruction
D:\IL-24(teeth）\phase2_release\results\full181_supplement\server_baseline_snapshot\results\12_complex_prediction\formal_msa\native_blind_seed2\boltz_results_native_blind_msa\predictions\native_blind_msa\native_blind_msa_model_0.pdb,245591,1789990608268253800,not_computed_user_instruction
D:\IL-24(teeth）\phase2_release\results\full181_supplement\server_baseline_snapshot\results\12_complex_prediction\formal_msa\native_blind_seed2\boltz_results_native_blind_msa\predictions\native_blind_msa\pae_native_blind_msa_model_0.npz,515695,1789990608269252900,not_computed_user_instruction
D:\IL-24(teeth）\phase2_release\results\full181_supplement\server_baseline_snapshot\results\12_complex_prediction\formal_msa\native_blind_seed2\boltz_results_native_blind_msa\processed\manifest.json,832,1789990608271250100,not_computed_user_instruction
D:\IL-24(teeth）\phase2_release\results\full181_supplement\server_baseline_snapshot\results\12_complex_prediction\formal_msa\native_blind_seed2\boltz_results_native_blind_msa\processed\records\native_blind_msa.json,817,1789990608271250100,not_computed_user_instruction
D:\IL-24(teeth）\phase2_release\results\full181_supplement\server_baseline_snapshot\results\12_complex_prediction\formal_msa\native_blind_seed3\boltz_results_native_blind_msa\predictions\native_blind_msa\confidence_native_blind_msa_model_0.json,900,1789990608272250500,not_computed_user_instruction
D:\IL-24(teeth）\phase2_release\results\full181_supplement\server_baseline_snapshot\results\12_complex_prediction\formal_msa\native_blind_seed3\boltz_results_native_blind_msa\predictions\native_blind_msa\native_blind_msa_model_0.pdb,245591,1789990608274249400,not_computed_user_instruction
D:\IL-24(teeth）\phase2_release\results\full181_supplement\server_baseline_snapshot\results\12_complex_prediction\formal_msa\native_blind_seed3\boltz_results_native_blind_msa\predictions\native_blind_msa\pae_native_blind_msa_model_0.npz,516283,1789990608275251000,not_computed_user_instruction
D:\IL-24(teeth）\phase2_release\results\full181_supplement\server_baseline_snapshot\results\12_complex_prediction\formal_msa\native_blind_seed3\boltz_results_native_blind_msa\processed\manifest.json,832,1789990608276251700,not_computed_user_instruction
D:\IL-24(teeth）\phase2_release\results\full181_supplement\server_baseline_snapshot\results\12_complex_prediction\formal_msa\native_blind_seed3\boltz_results_native_blind_msa\processed\records\native_blind_msa.json,817,1789990608277250300,not_computed_user_instruction
D:\IL-24(teeth）\phase2_release\results\full181_supplement\server_baseline_snapshot\results\12_complex_prediction\formal_msa\native_blind_seed4\boltz_results_native_blind_msa\predictions\native_blind_msa\confidence_native_blind_msa_model_0.json,899,1789990608278252400,not_computed_user_instruction
D:\IL-24(teeth）\phase2_release\results\full181_supplement\server_baseline_snapshot\results\12_complex_prediction\formal_msa\native_blind_seed4\boltz_results_native_blind_msa\predictions\native_blind_msa\native_blind_msa_model_0.pdb,245591,1789990608280256600,not_computed_user_instruction
D:\IL-24(teeth）\phase2_release\results\full181_supplement\server_baseline_snapshot\results\12_complex_prediction\formal_msa\native_blind_seed4\boltz_results_native_blind_msa\predictions\native_blind_msa\pae_native_blind_msa_model_0.npz,516668,1789990608282252700,not_computed_user_instruction
D:\IL-24(teeth）\phase2_release\results\full181_supplement\server_baseline_snapshot\results\12_complex_prediction\formal_msa\native_blind_seed4\boltz_results_native_blind_msa\processed\manifest.json,832,1789990608283252200,not_computed_user_instruction
D:\IL-24(teeth）\phase2_release\results\full181_supplement\server_baseline_snapshot\results\12_complex_prediction\formal_msa\native_blind_seed4\boltz_results_native_blind_msa\processed\records\native_blind_msa.json,817,1789990608284251500,not_computed_user_instruction
D:\IL-24(teeth）\phase2_release\results\full181_supplement\server_baseline_snapshot\results\12_complex_prediction\formal_msa\native_blind_seed5\boltz_results_native_blind_msa\predictions\native_blind_msa\confidence_native_blind_msa_model_0.json,901,1789990608285251100,not_computed_user_instruction
D:\IL-24(teeth）\phase2_release\results\full181_supplement\server_baseline_snapshot\results\12_complex_prediction\formal_msa\native_blind_seed5\boltz_results_native_blind_msa\predictions\native_blind_msa\native_blind_msa_model_0.pdb,245591,1789990608286257100,not_computed_user_instruction
D:\IL-24(teeth）\phase2_release\results\full181_supplement\server_baseline_snapshot\results\12_complex_prediction\formal_msa\native_blind_seed5\boltz_results_native_blind_msa\predictions\native_blind_msa\pae_native_blind_msa_model_0.npz,515586,1789990608288251800,not_computed_user_instruction
D:\IL-24(teeth）\phase2_release\results\full181_supplement\server_baseline_snapshot\results\12_complex_prediction\formal_msa\native_blind_seed5\boltz_results_native_blind_msa\processed\manifest.json,832,1789990608289252400,not_computed_user_instruction
D:\IL-24(teeth）\phase2_release\results\full181_supplement\server_baseline_snapshot\results\12_complex_prediction\formal_msa\native_blind_seed5\boltz_results_native_blind_msa\processed\records\native_blind_msa.json,817,1789990608290250700,not_computed_user_instruction
D:\IL-24(teeth）\phase2_release\results\full181_supplement\server_baseline_snapshot\results\12_complex_prediction\formal_msa\native_blind_seed6\boltz_results_native_blind_msa\predictions\native_blind_msa\confidence_native_blind_msa_model_0.json,897,1789990608291250800,not_computed_user_instruction
D:\IL-24(teeth）\phase2_release\results\full181_supplement\server_baseline_snapshot\results\12_complex_prediction\formal_msa\native_blind_seed6\boltz_results_native_blind_msa\predictions\native_blind_msa\native_blind_msa_model_0.pdb,245591,1789990608293256900,not_computed_user_instruction
D:\IL-24(teeth）\phase2_release\results\full181_supplement\server_baseline_snapshot\results\12_complex_prediction\formal_msa\native_blind_seed6\boltz_results_native_blind_msa\predictions\native_blind_msa\pae_native_blind_msa_model_0.npz,515994,1789990608295253600,not_computed_user_instruction
D:\IL-24(teeth）\phase2_release\results\full181_supplement\server_baseline_snapshot\results\12_complex_prediction\formal_msa\native_blind_seed6\boltz_results_native_blind_msa\processed\manifest.json,832,1789990608296251500,not_computed_user_instruction
D:\IL-24(teeth）\phase2_release\results\full181_supplement\server_baseline_snapshot\results\12_complex_prediction\formal_msa\native_blind_seed6\boltz_results_native_blind_msa\processed\records\native_blind_msa.json,817,1789990608297252400,not_computed_user_instruction
D:\IL-24(teeth）\phase2_release\results\full181_supplement\server_baseline_snapshot\results\12_complex_prediction\formal_msa\native_blind_seed7\boltz_results_native_blind_msa\predictions\native_blind_msa\confidence_native_blind_msa_model_0.json,900,1789990608298251900,not_computed_user_instruction
D:\IL-24(teeth）\phase2_release\results\full181_supplement\server_baseline_snapshot\results\12_complex_prediction\formal_msa\native_blind_seed7\boltz_results_native_blind_msa\predictions\native_blind_msa\native_blind_msa_model_0.pdb,245591,1789990608299253200,not_computed_user_instruction
D:\IL-24(teeth）\phase2_release\results\full181_supplement\server_baseline_snapshot\results\12_complex_prediction\formal_msa\native_blind_seed7\boltz_results_native_blind_msa\predictions\native_blind_msa\pae_native_blind_msa_model_0.npz,516281,1789990608301258000,not_computed_user_instruction
D:\IL-24(teeth）\phase2_release\results\full181_supplement\server_baseline_snapshot\results\12_complex_prediction\formal_msa\native_blind_seed7\boltz_results_native_blind_msa\processed\manifest.json,832,1789990608302252900,not_computed_user_instruction
D:\IL-24(teeth）\phase2_release\results\full181_supplement\server_baseline_snapshot\results\12_complex_prediction\formal_msa\native_blind_seed7\boltz_results_native_blind_msa\processed\records\native_blind_msa.json,817,1789990608303252400,not_computed_user_instruction
D:\IL-24(teeth）\phase2_release\results\full181_supplement\server_baseline_snapshot\results\12_complex_prediction\formal_msa\native_blind_seed8\boltz_results_native_blind_msa\predictions\native_blind_msa\confidence_native_blind_msa_model_0.json,901,1789990608304251200,not_computed_user_instruction
D:\IL-24(teeth）\phase2_release\results\full181_supplement\server_baseline_snapshot\results\12_complex_prediction\formal_msa\native_blind_seed8\boltz_results_native_blind_msa\predictions\native_blind_msa\native_blind_msa_model_0.pdb,245591,1789990608305253000,not_computed_user_instruction
D:\IL-24(teeth）\phase2_release\results\full181_supplement\server_baseline_snapshot\results\12_complex_prediction\formal_msa\native_blind_seed8\boltz_results_native_blind_msa\predictions\native_blind_msa\pae_native_blind_msa_model_0.npz,515746,1789990608307249800,not_computed_user_instruction
D:\IL-24(teeth）\phase2_release\results\full181_supplement\server_baseline_snapshot\results\12_complex_prediction\formal_msa\native_blind_seed8\boltz_results_native_blind_msa\processed\manifest.json,832,1789990608307249800,not_computed_user_instruction
D:\IL-24(teeth）\phase2_release\results\full181_supplement\server_baseline_snapshot\results\12_complex_prediction\formal_msa\native_blind_seed8\boltz_results_native_blind_msa\processed\records\native_blind_msa.json,817,1789990608308250800,not_computed_user_instruction
D:\IL-24(teeth）\phase2_release\results\full181_supplement\server_baseline_snapshot\results\12_complex_prediction\formal_msa\native_blind_seed9\boltz_results_native_blind_msa\predictions\native_blind_msa\confidence_native_blind_msa_model_0.json,902,1789990608310252300,not_computed_user_instruction
D:\IL-24(teeth）\phase2_release\results\full181_supplement\server_baseline_snapshot\results\12_complex_prediction\formal_msa\native_blind_seed9\boltz_results_native_blind_msa\predictions\native_blind_msa\native_blind_msa_model_0.pdb,245591,1789990608311251600,not_computed_user_instruction
D:\IL-24(teeth）\phase2_release\results\full181_supplement\server_baseline_snapshot\results\12_complex_prediction\formal_msa\native_blind_seed9\boltz_results_native_blind_msa\predictions\native_blind_msa\pae_native_blind_msa_model_0.npz,515715,1789990608313258300,not_computed_user_instruction
D:\IL-24(teeth）\phase2_release\results\full181_supplement\server_baseline_snapshot\results\12_complex_prediction\formal_msa\native_blind_seed9\boltz_results_native_blind_msa\processed\manifest.json,832,1789990608313258300,not_computed_user_instruction
D:\IL-24(teeth）\phase2_release\results\full181_supplement\server_baseline_snapshot\results\12_complex_prediction\formal_msa\native_blind_seed9\boltz_results_native_blind_msa\processed\records\native_blind_msa.json,817,1789990608314250500,not_computed_user_instruction
D:\IL-24(teeth）\phase2_release\results\full181_supplement\server_baseline_snapshot\results\12_complex_prediction\phase1_prior_deduplicated.csv,1177,1789990608315249500,not_computed_user_instruction
D:\IL-24(teeth）\phase2_release\results\full181_supplement\server_baseline_snapshot\results\13_interface_analysis\formal\complex_model_summary.csv,7225,1789990608316252200,not_computed_user_instruction
D:\IL-24(teeth）\phase2_release\results\full181_supplement\server_baseline_snapshot\results\13_interface_analysis\formal\interface_contacts.csv,135565,1789990608317262100,not_computed_user_instruction
D:\IL-24(teeth）\phase2_release\results\full181_supplement\server_baseline_snapshot\results\13_interface_analysis\formal_msa\complex_model_summary.csv,6444,1789990608317262100,not_computed_user_instruction
D:\IL-24(teeth）\phase2_release\results\full181_supplement\server_baseline_snapshot\results\13_interface_analysis\formal_msa\interface_contacts.csv,101439,1789990608318251200,not_computed_user_instruction
D:\IL-24(teeth）\phase2_release\results\full181_supplement\server_baseline_snapshot\results\14_quality\formal_msa_comparison.csv,1450,1789990608319250800,not_computed_user_instruction
D:\IL-24(teeth）\phase2_release\results\full181_supplement\server_baseline_snapshot\results\14_quality\glyco_sensitivity_paired.csv,1635,1789990608319250800,not_computed_user_instruction
D:\IL-24(teeth）\phase2_release\results\full181_supplement\server_baseline_snapshot\results\14_quality\glyco_sensitivity_summary.csv,795,1789990608320250700,not_computed_user_instruction
D:\IL-24(teeth）\phase2_release\results\full181_supplement\server_baseline_snapshot\results\14_quality\model_ranking.csv,3588,1789990608320250700,not_computed_user_instruction
D:\IL-24(teeth）\phase2_release\results\full181_supplement\server_baseline_snapshot\results\14_quality\model_ranking_formal_msa.csv,4190,1789990608321251000,not_computed_user_instruction
D:\IL-24(teeth）\phase2_release\results\full181_supplement\server_baseline_snapshot\results\14_quality\msa_sensitivity_summary.csv,1259,1789990608321251000,not_computed_user_instruction
D:\IL-24(teeth）\phase2_release\results\full181_supplement\server_baseline_snapshot\results\14_quality\native_immunogen_pose_comparison.csv,25182,1789990608322250800,not_computed_user_instruction
D:\IL-24(teeth）\phase2_release\results\full181_supplement\server_baseline_snapshot\results\14_quality\native_immunogen_pose_summary.csv,1060,1789990608322250800,not_computed_user_instruction
D:\IL-24(teeth）\phase2_release\results\full181_supplement\server_baseline_snapshot\results\14_quality\relaxed\immunogen_blind_blind_representative_seed1_relaxation.json,543,1789990608323252600,not_computed_user_instruction
D:\IL-24(teeth）\phase2_release\results\full181_supplement\server_baseline_snapshot\results\14_quality\relaxed\immunogen_blind_msa_consensus_representative_seed7_relaxation.json,562,1789990608323252600,not_computed_user_instruction
D:\IL-24(teeth）\phase2_release\results\full181_supplement\server_baseline_snapshot\results\14_quality\relaxed\native_blind_blind_representative_seed14_relaxation.json,538,1789990608324251600,not_computed_user_instruction
D:\IL-24(teeth）\phase2_release\results\full181_supplement\server_baseline_snapshot\results\14_quality\relaxed\native_blind_msa_consensus_representative_seed9_relaxation.json,555,1789990608324251600,not_computed_user_instruction
D:\IL-24(teeth）\phase2_release\results\full181_supplement\server_baseline_snapshot\results\14_quality\relaxed\native_blind_phase1_informed_representative_seed3_relaxation.json,555,1789990608325251800,not_computed_user_instruction
D:\IL-24(teeth）\phase2_release\results\full181_supplement\server_baseline_snapshot\results\14_quality\relaxed_geometry_qc.csv,1022,1789990608325251800,not_computed_user_instruction
D:\IL-24(teeth）\phase2_release\results\full181_supplement\server_baseline_snapshot\results\14_quality\structural_geometry_qc.csv,2673,1789990608326251300,not_computed_user_instruction
D:\IL-24(teeth）\phase2_release\results\full181_supplement\server_baseline_snapshot\results\14_quality\structural_sensitivity_report.md,3990,1789990608326251300,not_computed_user_instruction
D:\IL-24(teeth）\phase2_release\results\full181_supplement\server_baseline_snapshot\results\15_affinity\prodigy_formal.csv,2445,1789990608327252700,not_computed_user_instruction
D:\IL-24(teeth）\phase2_release\results\full181_supplement\server_baseline_snapshot\results\15_affinity\prodigy_formal_msa.csv,2425,1789990608327252700,not_computed_user_instruction
D:\IL-24(teeth）\phase2_release\results\full181_supplement\server_baseline_snapshot\results\17_delivery\environment_final.json,195,1789990608329251300,not_computed_user_instruction
D:\IL-24(teeth）\phase2_release\results\full181_supplement\server_baseline_snapshot\results\17_delivery\final_artifact_manifest_sha256.csv,201092,1789990608330251900,not_computed_user_instruction
D:\IL-24(teeth）\phase2_release\results\full181_supplement\server_baseline_snapshot\results\17_delivery\Phase2_summary.md,5320,1789990608328250300,not_computed_user_instruction
D:\IL-24(teeth）\phase2_release\results\full181_supplement\server_baseline_snapshot\results\17_delivery\pip_freeze_final.txt,11199,1789990608330251900,not_computed_user_instruction
D:\IL-24(teeth）\phase2_release\results\full181_supplement\server_baseline_snapshot\results\17_delivery\README_reproduce.md,3093,1789990608328250300,not_computed_user_instruction
D:\IL-24(teeth）\phase2_release\results\full181_supplement\server_baseline_snapshot\results\17_delivery\route_ensemble_summary.csv,1524,1789990608331251700,not_computed_user_instruction
D:\IL-24(teeth）\phase2_release\results\full181_supplement\server_baseline_snapshot\scripts\analyze_boltz_complexes.py,3598,1789990608332251100,not_computed_user_instruction
D:\IL-24(teeth）\phase2_release\results\full181_supplement\server_baseline_snapshot\scripts\analyze_pose_glyco_geometry.py,10856,1789990608332251100,not_computed_user_instruction
D:\IL-24(teeth）\phase2_release\results\full181_supplement\server_baseline_snapshot\scripts\assess_relaxed_geometry.py,3380,1789990608333251500,not_computed_user_instruction
D:\IL-24(teeth）\phase2_release\results\full181_supplement\server_baseline_snapshot\scripts\build_final_delivery.py,3913,1789990608333251500,not_computed_user_instruction
D:\IL-24(teeth）\phase2_release\results\full181_supplement\server_baseline_snapshot\scripts\capture_final_environment.py,1191,1789990608334252500,not_computed_user_instruction
D:\IL-24(teeth）\phase2_release\results\full181_supplement\server_baseline_snapshot\scripts\generate_af3_input.py,2545,1789990608334252500,not_computed_user_instruction
D:\IL-24(teeth）\phase2_release\results\full181_supplement\server_baseline_snapshot\scripts\generate_boltz_inputs.py,2384,1789990608335255600,not_computed_user_instruction
D:\IL-24(teeth）\phase2_release\results\full181_supplement\server_baseline_snapshot\scripts\generate_colabfold_msa.py,3982,1789990608335255600,not_computed_user_instruction
D:\IL-24(teeth）\phase2_release\results\full181_supplement\server_baseline_snapshot\scripts\make_phase2_visualizations.py,5560,1789990608335255600,not_computed_user_instruction
D:\IL-24(teeth）\phase2_release\results\full181_supplement\server_baseline_snapshot\scripts\prepare_phase2_inputs.py,6239,1789990608336250600,not_computed_user_instruction
D:\IL-24(teeth）\phase2_release\results\full181_supplement\server_baseline_snapshot\scripts\rank_formal_models.py,1963,1789990608336250600,not_computed_user_instruction
D:\IL-24(teeth）\phase2_release\results\full181_supplement\server_baseline_snapshot\scripts\rank_formal_msa_models.py,2796,1789990608337251700,not_computed_user_instruction
D:\IL-24(teeth）\phase2_release\results\full181_supplement\server_baseline_snapshot\scripts\relax_representative_structures.py,3737,1789990608337251700,not_computed_user_instruction
D:\IL-24(teeth）\phase2_release\results\full181_supplement\server_baseline_snapshot\scripts\run_boltz_formal.sh,860,1789990608338251400,not_computed_user_instruction
D:\IL-24(teeth）\phase2_release\results\full181_supplement\server_baseline_snapshot\scripts\run_boltz_formal_msa.sh,1285,1789990608338251400,not_computed_user_instruction
D:\IL-24(teeth）\phase2_release\results\full181_supplement\server_baseline_snapshot\scripts\run_boltz_glyco_sensitivity.sh,1231,1789990608339250800,not_computed_user_instruction
D:\IL-24(teeth）\phase2_release\results\full181_supplement\server_baseline_snapshot\scripts\run_boltz_msa_sensitivity.sh,1170,1789990608339250800,not_computed_user_instruction
D:\IL-24(teeth）\phase2_release\results\full181_supplement\server_baseline_snapshot\scripts\run_boltz_pilots.sh,829,1789990608340252100,not_computed_user_instruction
D:\IL-24(teeth）\phase2_release\results\full181_supplement\server_baseline_snapshot\scripts\run_imgt_numbering.py,4538,1789990608341251300,not_computed_user_instruction
D:\IL-24(teeth）\phase2_release\results\full181_supplement\server_baseline_snapshot\scripts\run_phase2_external_analysis.py,3955,1789990608341251300,not_computed_user_instruction
D:\IL-24(teeth）\phase2_release\results\full181_supplement\server_baseline_snapshot\scripts\run_pipeline.py,5641,1789990608341251300,not_computed_user_instruction
D:\IL-24(teeth）\phase2_release\results\full181_supplement\server_baseline_snapshot\scripts\run_prodigy_formal.py,1321,1789990608342250900,not_computed_user_instruction
D:\IL-24(teeth）\phase2_release\results\full181_supplement\server_baseline_snapshot\scripts\run_relax_empty_msa_representatives.sh,789,1789990608342250900,not_computed_user_instruction
D:\IL-24(teeth）\phase2_release\results\full181_supplement\server_baseline_snapshot\scripts\run_relax_msa_representatives.sh,744,1789990608343251600,not_computed_user_instruction
D:\IL-24(teeth）\phase2_release\results\full181_supplement\server_baseline_snapshot\scripts\step10_numbering.py,8468,1789990608343251600,not_computed_user_instruction
D:\IL-24(teeth）\phase2_release\results\full181_supplement\server_baseline_snapshot\scripts\step11_antibody_structure.py,10223,1789990608344252300,not_computed_user_instruction
D:\IL-24(teeth）\phase2_release\results\full181_supplement\server_baseline_snapshot\scripts\step12_complex_prediction.py,18495,1789990608345251000,not_computed_user_instruction
D:\IL-24(teeth）\phase2_release\results\full181_supplement\server_baseline_snapshot\scripts\step13_contact_mapping.py,18237,1789990608345251000,not_computed_user_instruction
D:\IL-24(teeth）\phase2_release\results\full181_supplement\server_baseline_snapshot\scripts\step14_quality_assessment.py,21963,1789990608346251300,not_computed_user_instruction
D:\IL-24(teeth）\phase2_release\results\full181_supplement\server_baseline_snapshot\scripts\step15_affinity_estimation.py,17149,1789990608346251300,not_computed_user_instruction
D:\IL-24(teeth）\phase2_release\results\full181_supplement\server_baseline_snapshot\scripts\step16_competition_analysis.py,15381,1789990608347250600,not_computed_user_instruction
D:\IL-24(teeth）\phase2_release\results\full181_supplement\server_baseline_snapshot\scripts\summarize_formal_msa.py,2824,1789990608347250600,not_computed_user_instruction
D:\IL-24(teeth）\phase2_release\results\full181_supplement\server_baseline_snapshot\scripts\summarize_glyco_sensitivity.py,3664,1789990608348252900,not_computed_user_instruction
D:\IL-24(teeth）\phase2_release\results\full181_supplement\server_baseline_snapshot\scripts\summarize_msa_sensitivity.py,3730,1789990608348252900,not_computed_user_instruction
D:\IL-24(teeth）\phase2_release\results\full181_supplement\server_baseline_snapshot\scripts\summarize_phase2.py,8859,1789990608349253300,not_computed_user_instruction
D:\IL-24(teeth）\phase2_release\results\full181_supplement\server_baseline_snapshot\server_source_inventory.json,159297,1789990608350250100,not_computed_user_instruction
D:\IL-24(teeth）\phase2_release\results\full181_supplement\server_original_scripts.json,10902,1789992493802616500,not_computed_user_instruction
D:\IL-24(teeth）\phase2_release\results\full181_supplement\server_source_inventory.json,159297,1789992493801609800,not_computed_user_instruction
D:\IL-24(teeth）\phase2_release\results\full181_supplement\shared_region_epitope_comparison.csv,984517,1789992493793623200,not_computed_user_instruction
D:\IL-24(teeth）\phase2_release\results\full181_supplement\shared_region_model_epitopes.csv,47579,1789992493800618000,not_computed_user_instruction
D:\IL-24(teeth）\phase2_release\results\full181_supplement\table_schemas.json,39950,1789993647555503500,not_computed_user_instruction
D:\IL-24(teeth）\phase2_release\results\full181_supplement\task_manifest.csv,13758,1789992493803614400,not_computed_user_instruction
D:\IL-24(teeth）\phase2_release\results\full181_supplement\task_manifest.lock,0,1789992493811609800,not_computed_user_instruction
D:\IL-24(teeth）\phase2_release\results\full181_supplement\terminal_contact_summary.csv,22530,1789992493800618000,not_computed_user_instruction
D:\IL-24(teeth）\phase2_release\results\full181_supplement\three_construct_cdr_participation.csv,198791,1789992493809618000,not_computed_user_instruction
D:\IL-24(teeth）\phase2_release\results\full181_supplement\three_construct_comparison.csv,13078,1789992493798610300,not_computed_user_instruction
D:\IL-24(teeth）\phase2_release\results\full181_supplement\three_construct_epitope_jaccard.csv,262522,1789992493787610300,not_computed_user_instruction
D:\IL-24(teeth）\phase2_release\results\full181_supplement\three_construct_epitope_support.csv,240539,1789992493790613400,not_computed_user_instruction
D:\IL-24(teeth）\phase2_release\results\full181_supplement\three_construct_metric_distribution.csv,290105,1789992493789619900,not_computed_user_instruction
D:\IL-24(teeth）\phase2_release\results\full181_supplement\three_construct_model_comparison.csv,166231,1789992493804611200,not_computed_user_instruction
D:\IL-24(teeth）\phase2_release\results\full181_supplement\transfer_source_inventory.json,228119,1789992494517092400,not_computed_user_instruction
D:\IL-24(teeth）\phase2_release\src\analyze_full181_supplement.py,16987,1789982768827910200,not_computed_user_instruction
D:\IL-24(teeth）\phase2_release\src\audit_full181_execution.py,6780,1789991374500271700,not_computed_user_instruction
D:\IL-24(teeth）\phase2_release\src\audit_full181_legacy_raw.py,23368,1789991387748803000,not_computed_user_instruction
D:\IL-24(teeth）\phase2_release\src\build_full181_delivery_report.py,10782,1789992855935482800,not_computed_user_instruction
D:\IL-24(teeth）\phase2_release\src\finalize_full181_supplement.py,7794,1789993645360193000,not_computed_user_instruction
D:\IL-24(teeth）\phase2_release\src\full181_contract.py,18637,1789980966873537600,not_computed_user_instruction
D:\IL-24(teeth）\phase2_release\src\full181_ensemble.py,48020,1789990812330659100,not_computed_user_instruction
D:\IL-24(teeth）\phase2_release\src\prepare_full181_supplement.py,13225,1789983171625349800,not_computed_user_instruction
D:\IL-24(teeth）\phase2_release\src\register_full181_transfer.py,4598,1789992006751972100,not_computed_user_instruction
D:\IL-24(teeth）\phase2_release\src\run_full181_supplement.py,33880,1789991575291647100,not_computed_user_instruction
D:\IL-24(teeth）\phase2_release\tests\test_full181_mapping.py,4955,1789980922227794700,not_computed_user_instruction
