construct,condition,seed,source_path,antigen_local,antigen_project,antigen_pdb_resseq,antigen_pdb_insertion,antigen_resname,antibody_chain,antibody_local,antibody_pdb_resseq,antibody_pdb_insertion,antibody_resname,antibody_imgt_position,antibody_imgt_insertion,antibody_region,min_distance_A,contact_4p5,contact_5p0
Full181,empty,1,results/full181_supplement/raw/empty/seed1/boltz_results_full_blind/predictions/full_blind/full_blind_model_0.pdb,54,54,54,,THR,L,93,93,,TYR,114,,CDR3,3.395178198563368,1,1
Full181,empty,1,results/full181_supplement/raw/empty/seed1/boltz_results_full_blind/predictions/full_blind/full_blind_model_0.pdb,56,56,56,,GLN,H,53,53,,TYR,59,,CDR2,4.998039715728558,0,1
Full181,empty,1,results/full181_supplement/raw/empty/seed1/boltz_results_full_blind/predictions/full_blind/full_blind_model_0.pdb,56,56,56,,GLN,H,58,58,,SER,66,,FR3,2.882999306278099,1,1
Full181,empty,1,results/full181_supplement/raw/empty/seed1/boltz_results_full_blind/predictions/full_blind/full_blind_model_0.pdb,56,56,56,,GLN,L,93,93,,TYR,114,,CDR3,4.460587181078294,1,1
Full181,empty,1,results/full181_supplement/raw/empty/seed1/boltz_results_full_blind/predictions/full_blind/full_blind_model_0.pdb,57,57,57,,THR,H,33,33,,ASN,38,,CDR1,4.369017624134743,1,1
Full181,empty,1,results/full181_supplement/raw/empty/seed1/boltz_results_full_blind/predictions/full_blind/full_blind_model_0.pdb,57,57,57,,THR,H,35,35,,TYR,40,,FR2,4.303992681220542,1,1
Full181,empty,1,results/full181_supplement/raw/empty/seed1/boltz_results_full_blind/predictions/full_blind/full_blind_model_0.pdb,57,57,57,,THR,H,50,50,,ILE,56,,CDR2,3.7010594429163115,1,1
Full181,empty,1,results/full181_supplement/raw/empty/seed1/boltz_results_full_blind/predictions/full_blind/full_blind_model_0.pdb,57,57,57,,THR,H,53,53,,TYR,59,,CDR2,3.032845693404134,1,1
Full181,empty,1,results/full181_supplement/raw/empty/seed1/boltz_results_full_blind/predictions/full_blind/full_blind_model_0.pdb,57,57,57,,THR,H,58,58,,SER,66,,FR3,4.683378054353503,0,1
Full181,empty,1,results/full181_supplement/raw/empty/seed1/boltz_results_full_blind/predictions/full_blind/full_blind_model_0.pdb,57,57,57,,THR,L,93,93,,TYR,114,,CDR3,3.7595501060632244,1,1
Full181,empty,1,results/full181_supplement/raw/empty/seed1/boltz_results_full_blind/predictions/full_blind/full_blind_model_0.pdb,58,58,58,,GLN,H,53,53,,TYR,59,,CDR2,2.5438005031841633,1,1
Full181,empty,1,results/full181_supplement/raw/empty/seed1/boltz_results_full_blind/predictions/full_blind/full_blind_model_0.pdb,58,58,58,,GLN,H,100,100,,ILE,109,,CDR3,2.6549578151074265,1,1
Full181,empty,1,results/full181_supplement/raw/empty/seed1/boltz_results_full_blind/predictions/full_blind/full_blind_model_0.pdb,59,59,59,,ASP,H,33,33,,ASN,38,,CDR1,2.743636273269473,1,1
Full181,empty,1,results/full181_supplement/raw/empty/seed1/boltz_results_full_blind/predictions/full_blind/full_blind_model_0.pdb,59,59,59,,ASP,H,35,35,,TYR,40,,FR2,2.844720548665545,1,1
Full181,empty,1,results/full181_supplement/raw/empty/seed1/boltz_results_full_blind/predictions/full_blind/full_blind_model_0.pdb,59,59,59,,ASP,H,50,50,,ILE,56,,CDR2,3.9076005425324625,1,1
Full181,empty,1,results/full181_supplement/raw/empty/seed1/boltz_results_full_blind/predictions/full_blind/full_blind_model_0.pdb,59,59,59,,ASP,H,53,53,,TYR,59,,CDR2,4.76412772708709,0,1
Full181,empty,1,results/full181_supplement/raw/empty/seed1/boltz_results_full_blind/predictions/full_blind/full_blind_model_0.pdb,59,59,59,,ASP,H,98,98,,TRP,107,,CDR3,2.9318668114360174,1,1
Full181,empty,1,results/full181_supplement/raw/empty/seed1/boltz_results_full_blind/predictions/full_blind/full_blind_model_0.pdb,59,59,59,,ASP,H,100,100,,ILE,109,,CDR3,1.7149918367152654,1,1
Full181,empty,1,results/full181_supplement/raw/empty/seed1/boltz_results_full_blind/predictions/full_blind/full_blind_model_0.pdb,59,59,59,,ASP,L,93,93,,TYR,114,,CDR3,4.513736035702575,0,1
Full181,empty,1,results/full181_supplement/raw/empty/seed1/boltz_results_full_blind/predictions/full_blind/full_blind_model_0.pdb,59,59,59,,ASP,L,95,95,,TYR,116,,CDR3,3.586162573001955,1,1
Full181,empty,1,results/full181_supplement/raw/empty/seed1/boltz_results_full_blind/predictions/full_blind/full_blind_model_0.pdb,60,60,60,,ASP,H,35,35,,TYR,40,,FR2,4.46651866670229,1,1
Full181,empty,1,results/full181_supplement/raw/empty/seed1/boltz_results_full_blind/predictions/full_blind/full_blind_model_0.pdb,60,60,60,,ASP,H,58,58,,SER,66,,FR3,4.6594945004796395,0,1
Full181,empty,1,results/full181_supplement/raw/empty/seed1/boltz_results_full_blind/predictions/full_blind/full_blind_model_0.pdb,60,60,60,,ASP,L,93,93,,TYR,114,,CDR3,1.45320507843869,1,1
Full181,empty,1,results/full181_supplement/raw/empty/seed1/boltz_results_full_blind/predictions/full_blind/full_blind_model_0.pdb,60,60,60,,ASP,L,95,95,,TYR,116,,CDR3,3.429241023900187,1,1
Full181,empty,1,results/full181_supplement/raw/empty/seed1/boltz_results_full_blind/predictions/full_blind/full_blind_model_0.pdb,62,62,62,,THR,H,98,98,,TRP,107,,CDR3,4.676392733721153,0,1
Full181,empty,1,results/full181_supplement/raw/empty/seed1/boltz_results_full_blind/predictions/full_blind/full_blind_model_0.pdb,62,62,62,,THR,H,100,100,,ILE,109,,CDR3,3.5934559966695017,1,1
Full181,empty,1,results/full181_supplement/raw/empty/seed1/boltz_results_full_blind/predictions/full_blind/full_blind_model_0.pdb,62,62,62,,THR,H,104,104,,TRP,113,,CDR3,2.8970940612965954,1,1
Full181,empty,1,results/full181_supplement/raw/empty/seed1/boltz_results_full_blind/predictions/full_blind/full_blind_model_0.pdb,62,62,62,,THR,L,50,50,,TRP,56,,CDR2,3.4231694378163637,1,1
Full181,empty,1,results/full181_supplement/raw/empty/seed1/boltz_results_full_blind/predictions/full_blind/full_blind_model_0.pdb,62,62,62,,THR,L,90,90,,TYR,107,,CDR3,4.838258054300122,0,1
Full181,empty,1,results/full181_supplement/raw/empty/seed1/boltz_results_full_blind/predictions/full_blind/full_blind_model_0.pdb,63,63,63,,SER,H,98,98,,TRP,107,,CDR3,3.1254385292307383,1,1
Full181,empty,1,results/full181_supplement/raw/empty/seed1/boltz_results_full_blind/predictions/full_blind/full_blind_model_0.pdb,63,63,63,,SER,L,32,32,,ALA,38,,CDR1,4.023022868441093,1,1
Full181,empty,1,results/full181_supplement/raw/empty/seed1/boltz_results_full_blind/predictions/full_blind/full_blind_model_0.pdb,63,63,63,,SER,L,90,90,,TYR,107,,CDR3,0.9218383806286218,1,1
Full181,empty,1,results/full181_supplement/raw/empty/seed1/boltz_results_full_blind/predictions/full_blind/full_blind_model_0.pdb,63,63,63,,SER,L,91,91,,SER,108,,CDR3,2.7653442823634093,1,1
Full181,empty,1,results/full181_supplement/raw/empty/seed1/boltz_results_full_blind/predictions/full_blind/full_blind_model_0.pdb,63,63,63,,SER,L,92,92,,SER,109,,CDR3,3.9591809759090326,1,1
Full181,empty,1,results/full181_supplement/raw/empty/seed1/boltz_results_full_blind/predictions/full_blind/full_blind_model_0.pdb,63,63,63,,SER,L,95,95,,TYR,116,,CDR3,2.124683035184307,1,1
Full181,empty,1,results/full181_supplement/raw/empty/seed1/boltz_results_full_blind/predictions/full_blind/full_blind_model_0.pdb,64,64,64,,ILE,L,50,50,,TRP,56,,CDR2,4.9989219837881045,0,1
Full181,empty,1,results/full181_supplement/raw/empty/seed1/boltz_results_full_blind/predictions/full_blind/full_blind_model_0.pdb,64,64,64,,ILE,L,90,90,,TYR,107,,CDR3,3.0674892012849857,1,1
Full181,empty,1,results/full181_supplement/raw/empty/seed1/boltz_results_full_blind/predictions/full_blind/full_blind_model_0.pdb,64,64,64,,ILE,L,91,91,,SER,108,,CDR3,2.138747296900688,1,1
Full181,empty,1,results/full181_supplement/raw/empty/seed1/boltz_results_full_blind/predictions/full_blind/full_blind_model_0.pdb,64,64,64,,ILE,L,92,92,,SER,109,,CDR3,3.6466348871253893,1,1
Full181,empty,1,results/full181_supplement/raw/empty/seed1/boltz_results_full_blind/predictions/full_blind/full_blind_model_0.pdb,64,64,64,,ILE,L,93,93,,TYR,114,,CDR3,4.608220155331122,0,1
Full181,empty,1,results/full181_supplement/raw/empty/seed1/boltz_results_full_blind/predictions/full_blind/full_blind_model_0.pdb,64,64,64,,ILE,L,95,95,,TYR,116,,CDR3,4.892110996287799,0,1
Full181,empty,1,results/full181_supplement/raw/empty/seed1/boltz_results_full_blind/predictions/full_blind/full_blind_model_0.pdb,65,65,65,,ARG,L,28,28,,ASP,28,,CDR1,2.480665031800948,1,1
Full181,empty,1,results/full181_supplement/raw/empty/seed1/boltz_results_full_blind/predictions/full_blind/full_blind_model_0.pdb,65,65,65,,ARG,L,29,29,,VAL,29,,CDR1,4.058436768017953,1,1
Full181,empty,1,results/full181_supplement/raw/empty/seed1/boltz_results_full_blind/predictions/full_blind/full_blind_model_0.pdb,65,65,65,,ARG,L,30,30,,GLY,36,,CDR1,3.2444372393375094,1,1
Full181,empty,1,results/full181_supplement/raw/empty/seed1/boltz_results_full_blind/predictions/full_blind/full_blind_model_0.pdb,65,65,65,,ARG,L,90,90,,TYR,107,,CDR3,4.855591107167077,0,1
Full181,empty,1,results/full181_supplement/raw/empty/seed1/boltz_results_full_blind/predictions/full_blind/full_blind_model_0.pdb,65,65,65,,ARG,L,91,91,,SER,108,,CDR3,2.2691491797587924,1,1
Full181,empty,1,results/full181_supplement/raw/empty/seed1/boltz_results_full_blind/predictions/full_blind/full_blind_model_0.pdb,65,65,65,,ARG,L,92,92,,SER,109,,CDR3,4.336396776126466,1,1
Full181,empty,1,results/full181_supplement/raw/empty/seed1/boltz_results_full_blind/predictions/full_blind/full_blind_model_0.pdb,69,69,69,,PRO,L,28,28,,ASP,28,,CDR1,4.082478291430341,1,1
Full181,empty,1,results/full181_supplement/raw/empty/seed1/boltz_results_full_blind/predictions/full_blind/full_blind_model_0.pdb,91,91,91,,TYR,H,100,100,,ILE,109,,CDR3,3.4948466346894254,1,1
Full181,empty,1,results/full181_supplement/raw/empty/seed1/boltz_results_full_blind/predictions/full_blind/full_blind_model_0.pdb,91,91,91,,TYR,H,104,104,,TRP,113,,CDR3,4.876818327557426,0,1
Full181,empty,1,results/full181_supplement/raw/empty/seed1/boltz_results_full_blind/predictions/full_blind/full_blind_model_0.pdb,94,94,94,,THR,H,53,53,,TYR,59,,CDR2,2.4017639351110263,1,1
Full181,empty,1,results/full181_supplement/raw/empty/seed1/boltz_results_full_blind/predictions/full_blind/full_blind_model_0.pdb,97,97,97,,LYS,H,54,54,,ASN,62,,CDR2,4.45925442198581,1,1
Full181,empty,1,results/full181_supplement/raw/empty/seed1/boltz_results_full_blind/predictions/full_blind/full_blind_model_0.pdb,98,98,98,,ASN,H,30,30,,THR,35,,CDR1,4.054469879034743,1,1
Full181,empty,1,results/full181_supplement/raw/empty/seed1/boltz_results_full_blind/predictions/full_blind/full_blind_model_0.pdb,98,98,98,,ASN,H,53,53,,TYR,59,,CDR2,2.81825531135843,1,1
Full181,empty,1,results/full181_supplement/raw/empty/seed1/boltz_results_full_blind/predictions/full_blind/full_blind_model_0.pdb,98,98,98,,ASN,H,54,54,,ASN,62,,CDR2,2.590938247044881,1,1
Full181,empty,1,results/full181_supplement/raw/empty/seed1/boltz_results_full_blind/predictions/full_blind/full_blind_model_0.pdb,99,99,99,,TYR,H,30,30,,THR,35,,CDR1,4.478786554414041,1,1
Full181,empty,1,results/full181_supplement/raw/empty/seed1/boltz_results_full_blind/predictions/full_blind/full_blind_model_0.pdb,99,99,99,,TYR,H,31,31,,ASP,36,,CDR1,2.5035017475528156,1,1
Full181,empty,1,results/full181_supplement/raw/empty/seed1/boltz_results_full_blind/predictions/full_blind/full_blind_model_0.pdb,99,99,99,,TYR,H,32,32,,TYR,37,,CDR1,4.34123277422439,1,1
Full181,empty,1,results/full181_supplement/raw/empty/seed1/boltz_results_full_blind/predictions/full_blind/full_blind_model_0.pdb,99,99,99,,TYR,H,33,33,,ASN,38,,CDR1,4.406681971733381,1,1
Full181,empty,1,results/full181_supplement/raw/empty/seed1/boltz_results_full_blind/predictions/full_blind/full_blind_model_0.pdb,99,99,99,,TYR,H,53,53,,TYR,59,,CDR2,4.557359103691523,0,1
Full181,empty,1,results/full181_supplement/raw/empty/seed1/boltz_results_full_blind/predictions/full_blind/full_blind_model_0.pdb,99,99,99,,TYR,H,100,100,,ILE,109,,CDR3,2.7324629915151637,1,1
Full181,empty,1,results/full181_supplement/raw/empty/seed1/boltz_results_full_blind/predictions/full_blind/full_blind_model_0.pdb,100,100,100,,HIS,H,31,31,,ASP,36,,CDR1,4.28797399712265,1,1
Full181,empty,1,results/full181_supplement/raw/empty/seed1/boltz_results_full_blind/predictions/full_blind/full_blind_model_0.pdb,101,101,101,,SER,H,31,31,,ASP,36,,CDR1,3.063590866940296,1,1
Full181,empty,1,results/full181_supplement/raw/empty/seed1/boltz_results_full_blind/predictions/full_blind/full_blind_model_0.pdb,104,104,104,,ALA,H,31,31,,ASP,36,,CDR1,3.435258068908361,1,1
Full181,empty,1,results/full181_supplement/raw/empty/seed1/boltz_results_full_blind/predictions/full_blind/full_blind_model_0.pdb,104,104,104,,ALA,H,101,101,,THR,110,,CDR3,4.20324933830959,1,1
Full181,empty,1,results/full181_supplement/raw/empty/seed1/boltz_results_full_blind/predictions/full_blind/full_blind_model_0.pdb,106,106,106,,PHE,H,101,101,,THR,110,,CDR3,4.656415144722387,0,1
Full181,empty,1,results/full181_supplement/raw/empty/seed1/boltz_results_full_blind/predictions/full_blind/full_blind_model_0.pdb,107,107,107,,LYS,H,32,32,,TYR,37,,CDR1,2.1739588312569302,1,1
Full181,empty,1,results/full181_supplement/raw/empty/seed1/boltz_results_full_blind/predictions/full_blind/full_blind_model_0.pdb,107,107,107,,LYS,H,99,99,,GLU,108,,CDR3,4.692918281837006,0,1
Full181,empty,1,results/full181_supplement/raw/empty/seed1/boltz_results_full_blind/predictions/full_blind/full_blind_model_0.pdb,107,107,107,,LYS,H,100,100,,ILE,109,,CDR3,4.5648489569754656,0,1
Full181,empty,1,results/full181_supplement/raw/empty/seed1/boltz_results_full_blind/predictions/full_blind/full_blind_model_0.pdb,107,107,107,,LYS,H,101,101,,THR,110,,CDR3,1.8720451383446925,1,1
Full181,empty,1,results/full181_supplement/raw/empty/seed1/boltz_results_full_blind/predictions/full_blind/full_blind_model_0.pdb,107,107,107,,LYS,H,102,102,,ASP,111,,CDR3,4.281572841842119,1,1
Full181,empty,1,results/full181_supplement/raw/empty/seed1/boltz_results_full_blind/predictions/full_blind/full_blind_model_0.pdb,108,108,108,,VAL,H,100,100,,ILE,109,,CDR3,2.940497406902444,1,1
Full181,empty,1,results/full181_supplement/raw/empty/seed1/boltz_results_full_blind/predictions/full_blind/full_blind_model_0.pdb,108,108,108,,VAL,H,101,101,,THR,110,,CDR3,2.487290493689871,1,1
Full181,empty,1,results/full181_supplement/raw/empty/seed1/boltz_results_full_blind/predictions/full_blind/full_blind_model_0.pdb,109,109,109,,LEU,H,101,101,,THR,110,,CDR3,4.882885007861643,0,1
Full181,empty,1,results/full181_supplement/raw/empty/seed1/boltz_results_full_blind/predictions/full_blind/full_blind_model_0.pdb,110,110,110,,ARG,H,101,101,,THR,110,,CDR3,4.78427977860827,0,1
Full181,empty,1,results/full181_supplement/raw/empty/seed1/boltz_results_full_blind/predictions/full_blind/full_blind_model_0.pdb,110,110,110,,ARG,H,102,102,,ASP,111,,CDR3,3.9755828503503734,1,1
Full181,empty,1,results/full181_supplement/raw/empty/seed1/boltz_results_full_blind/predictions/full_blind/full_blind_model_0.pdb,111,111,111,,SER,H,100,100,,ILE,109,,CDR3,2.7649840867534845,1,1
Full181,empty,1,results/full181_supplement/raw/empty/seed1/boltz_results_full_blind/predictions/full_blind/full_blind_model_0.pdb,111,111,111,,SER,H,101,101,,THR,110,,CDR3,3.5293718987944582,1,1
Full181,empty,1,results/full181_supplement/raw/empty/seed1/boltz_results_full_blind/predictions/full_blind/full_blind_model_0.pdb,111,111,111,,SER,H,102,102,,ASP,111,,CDR3,4.403639744574936,1,1
Full181,empty,1,results/full181_supplement/raw/empty/seed1/boltz_results_full_blind/predictions/full_blind/full_blind_model_0.pdb,111,111,111,,SER,H,104,104,,TRP,113,,CDR3,2.5383309476898406,1,1
Full181,empty,1,results/full181_supplement/raw/empty/seed1/boltz_results_full_blind/predictions/full_blind/full_blind_model_0.pdb,112,112,112,,PHE,H,104,104,,TRP,113,,CDR3,4.409876755647487,1,1
Full181,empty,1,results/full181_supplement/raw/empty/seed1/boltz_results_full_blind/predictions/full_blind/full_blind_model_0.pdb,114,114,114,,THR,H,102,102,,ASP,111,,CDR3,4.07276392637727,1,1
Full181,empty,1,results/full181_supplement/raw/empty/seed1/boltz_results_full_blind/predictions/full_blind/full_blind_model_0.pdb,114,114,114,,THR,H,104,104,,TRP,113,,CDR3,3.0687373624994376,1,1
Full181,empty,1,results/full181_supplement/raw/empty/seed1/boltz_results_full_blind/predictions/full_blind/full_blind_model_0.pdb,114,114,114,,THR,L,50,50,,TRP,56,,CDR2,3.1241321995075695,1,1
Full181,empty,1,results/full181_supplement/raw/empty/seed1/boltz_results_full_blind/predictions/full_blind/full_blind_model_0.pdb,114,114,114,,THR,L,53,53,,ARG,66,,FR3,3.2853774516788787,1,1
Full181,empty,1,results/full181_supplement/raw/empty/seed1/boltz_results_full_blind/predictions/full_blind/full_blind_model_0.pdb,115,115,115,,LEU,H,104,104,,TRP,113,,CDR3,2.830060246708539,1,1
Full181,empty,1,results/full181_supplement/raw/empty/seed1/boltz_results_full_blind/predictions/full_blind/full_blind_model_0.pdb,117,117,117,,ASN,L,53,53,,ARG,66,,FR3,3.9379799390042605,1,1
Full181,empty,1,results/full181_supplement/raw/empty/seed1/boltz_results_full_blind/predictions/full_blind/full_blind_model_0.pdb,118,118,118,,ASN,H,104,104,,TRP,113,,CDR3,3.282052101963039,1,1
Full181,empty,1,results/full181_supplement/raw/empty/seed1/boltz_results_full_blind/predictions/full_blind/full_blind_model_0.pdb,118,118,118,,ASN,L,31,31,,THR,37,,CDR1,3.302893428495688,1,1
Full181,empty,1,results/full181_supplement/raw/empty/seed1/boltz_results_full_blind/predictions/full_blind/full_blind_model_0.pdb,118,118,118,,ASN,L,50,50,,TRP,56,,CDR2,2.5561201067242525,1,1
Full181,empty,1,results/full181_supplement/raw/empty/seed1/boltz_results_full_blind/predictions/full_blind/full_blind_model_0.pdb,121,121,121,,VAL,L,31,31,,THR,37,,CDR1,4.354094280100052,1,1
Full181,empty,1,results/full181_supplement/raw/empty/seed1/boltz_results_full_blind/predictions/full_blind/full_blind_model_0.pdb,122,122,122,,ILE,L,30,30,,GLY,36,,CDR1,4.574163092850975,0,1
Full181,empty,1,results/full181_supplement/raw/empty/seed1/boltz_results_full_blind/predictions/full_blind/full_blind_model_0.pdb,125,125,125,,GLN,L,67,67,,SER,83,,FR3,4.433553089791528,1,1
Full181,empty,1,results/full181_supplement/raw/empty/seed1/boltz_results_full_blind/predictions/full_blind/full_blind_model_0.pdb,127,127,127,,GLN,L,28,28,,ASP,28,,CDR1,4.761021003944428,0,1
Full181,empty,1,results/full181_supplement/raw/empty/seed1/boltz_results_full_blind/predictions/full_blind/full_blind_model_0.pdb,130,130,130,,LYS,L,27,27,,GLN,27,,CDR1,3.082233767902753,1,1
Full181,empty,1,results/full181_supplement/raw/empty/seed1/boltz_results_full_blind/predictions/full_blind/full_blind_model_0.pdb,130,130,130,,LYS,L,28,28,,ASP,28,,CDR1,2.171595266158039,1,1
Full181,empty,1,results/full181_supplement/raw/empty/seed1/boltz_results_full_blind/predictions/full_blind/full_blind_model_0.pdb,130,130,130,,LYS,L,69,69,,THR,85,,FR3,4.142570337363024,1,1
Full181,empty,2,results/full181_supplement/raw/empty/seed2/boltz_results_full_blind/predictions/full_blind/full_blind_model_0.pdb,1,1,1,,MET,L,90,90,,TYR,107,,CDR3,4.320580748001362,1,1
Full181,empty,2,results/full181_supplement/raw/empty/seed2/boltz_results_full_blind/predictions/full_blind/full_blind_model_0.pdb,1,1,1,,MET,L,91,91,,SER,108,,CDR3,2.0800911037740626,1,1
Full181,empty,2,results/full181_supplement/raw/empty/seed2/boltz_results_full_blind/predictions/full_blind/full_blind_model_0.pdb,1,1,1,,MET,L,92,92,,SER,109,,CDR3,3.1470638697045854,1,1
Full181,empty,2,results/full181_supplement/raw/empty/seed2/boltz_results_full_blind/predictions/full_blind/full_blind_model_0.pdb,1,1,1,,MET,L,93,93,,TYR,114,,CDR3,1.4495940811137438,1,1
Full181,empty,2,results/full181_supplement/raw/empty/seed2/boltz_results_full_blind/predictions/full_blind/full_blind_model_0.pdb,1,1,1,,MET,L,95,95,,TYR,116,,CDR3,4.600172822840464,0,1
Full181,empty,2,results/full181_supplement/raw/empty/seed2/boltz_results_full_blind/predictions/full_blind/full_blind_model_0.pdb,2,2,2,,SER,L,29,29,,VAL,29,,CDR1,4.984215183958252,0,1
Full181,empty,2,results/full181_supplement/raw/empty/seed2/boltz_results_full_blind/predictions/full_blind/full_blind_model_0.pdb,2,2,2,,SER,L,32,32,,ALA,38,,CDR1,4.526172997135659,0,1
Full181,empty,2,results/full181_supplement/raw/empty/seed2/boltz_results_full_blind/predictions/full_blind/full_blind_model_0.pdb,2,2,2,,SER,L,90,90,,TYR,107,,CDR3,4.476745469646448,1,1
Full181,empty,2,results/full181_supplement/raw/empty/seed2/boltz_results_full_blind/predictions/full_blind/full_blind_model_0.pdb,2,2,2,,SER,L,91,91,,SER,108,,CDR3,1.4402090126089337,1,1
Full181,empty,2,results/full181_supplement/raw/empty/seed2/boltz_results_full_blind/predictions/full_blind/full_blind_model_0.pdb,2,2,2,,SER,L,92,92,,SER,109,,CDR3,3.529573628641284,1,1
Full181,empty,2,results/full181_supplement/raw/empty/seed2/boltz_results_full_blind/predictions/full_blind/full_blind_model_0.pdb,3,3,3,,TRP,L,91,91,,SER,108,,CDR3,3.665286619079059,1,1
Full181,empty,2,results/full181_supplement/raw/empty/seed2/boltz_results_full_blind/predictions/full_blind/full_blind_model_0.pdb,4,4,4,,GLY,H,104,104,,TRP,113,,CDR3,2.2186854215954095,1,1
Full181,empty,2,results/full181_supplement/raw/empty/seed2/boltz_results_full_blind/predictions/full_blind/full_blind_model_0.pdb,5,5,5,,LEU,H,98,98,,TRP,107,,CDR3,3.932681782193927,1,1
Full181,empty,2,results/full181_supplement/raw/empty/seed2/boltz_results_full_blind/predictions/full_blind/full_blind_model_0.pdb,5,5,5,,LEU,H,100,100,,ILE,109,,CDR3,4.718040801010521,0,1
Full181,empty,2,results/full181_supplement/raw/empty/seed2/boltz_results_full_blind/predictions/full_blind/full_blind_model_0.pdb,5,5,5,,LEU,H,104,104,,TRP,113,,CDR3,1.6362915388157453,1,1
Full181,empty,2,results/full181_supplement/raw/empty/seed2/boltz_results_full_blind/predictions/full_blind/full_blind_model_0.pdb,5,5,5,,LEU,L,50,50,,TRP,56,,CDR2,3.0401021364421292,1,1
Full181,empty,2,results/full181_supplement/raw/empty/seed2/boltz_results_full_blind/predictions/full_blind/full_blind_model_0.pdb,5,5,5,,LEU,L,90,90,,TYR,107,,CDR3,1.5288472781805251,1,1
Full181,empty,2,results/full181_supplement/raw/empty/seed2/boltz_results_full_blind/predictions/full_blind/full_blind_model_0.pdb,5,5,5,,LEU,L,91,91,,SER,108,,CDR3,3.611378268750035,1,1
Full181,empty,2,results/full181_supplement/raw/empty/seed2/boltz_results_full_blind/predictions/full_blind/full_blind_model_0.pdb,5,5,5,,LEU,L,92,92,,SER,109,,CDR3,4.099263470429779,1,1
Full181,empty,2,results/full181_supplement/raw/empty/seed2/boltz_results_full_blind/predictions/full_blind/full_blind_model_0.pdb,5,5,5,,LEU,L,95,95,,TYR,116,,CDR3,2.937024855189346,1,1
Full181,empty,2,results/full181_supplement/raw/empty/seed2/boltz_results_full_blind/predictions/full_blind/full_blind_model_0.pdb,6,6,6,,GLN,H,104,104,,TRP,113,,CDR3,3.017714035491103,1,1
Full181,empty,2,results/full181_supplement/raw/empty/seed2/boltz_results_full_blind/predictions/full_blind/full_blind_model_0.pdb,6,6,6,,GLN,L,29,29,,VAL,29,,CDR1,4.145674733984808,1,1
Full181,empty,2,results/full181_supplement/raw/empty/seed2/boltz_results_full_blind/predictions/full_blind/full_blind_model_0.pdb,6,6,6,,GLN,L,30,30,,GLY,36,,CDR1,4.060677406541918,1,1
Full181,empty,2,results/full181_supplement/raw/empty/seed2/boltz_results_full_blind/predictions/full_blind/full_blind_model_0.pdb,6,6,6,,GLN,L,31,31,,THR,37,,CDR1,3.108831774155688,1,1
Full181,empty,2,results/full181_supplement/raw/empty/seed2/boltz_results_full_blind/predictions/full_blind/full_blind_model_0.pdb,6,6,6,,GLN,L,32,32,,ALA,38,,CDR1,3.5942224472060715,1,1
Full181,empty,2,results/full181_supplement/raw/empty/seed2/boltz_results_full_blind/predictions/full_blind/full_blind_model_0.pdb,6,6,6,,GLN,L,50,50,,TRP,56,,CDR2,2.403474360171125,1,1
Full181,empty,2,results/full181_supplement/raw/empty/seed2/boltz_results_full_blind/predictions/full_blind/full_blind_model_0.pdb,7,7,7,,ILE,H,101,101,,THR,110,,CDR3,4.17534585393833,1,1
Full181,empty,2,results/full181_supplement/raw/empty/seed2/boltz_results_full_blind/predictions/full_blind/full_blind_model_0.pdb,7,7,7,,ILE,H,102,102,,ASP,111,,CDR3,4.088638159583213,1,1
Full181,empty,2,results/full181_supplement/raw/empty/seed2/boltz_results_full_blind/predictions/full_blind/full_blind_model_0.pdb,7,7,7,,ILE,H,104,104,,TRP,113,,CDR3,4.06399138778615,1,1
Full181,empty,2,results/full181_supplement/raw/empty/seed2/boltz_results_full_blind/predictions/full_blind/full_blind_model_0.pdb,7,7,7,,ILE,L,50,50,,TRP,56,,CDR2,3.282986140695693,1,1
Full181,empty,2,results/full181_supplement/raw/empty/seed2/boltz_results_full_blind/predictions/full_blind/full_blind_model_0.pdb,49,49,49,,TRP,L,28,28,,ASP,28,,CDR1,3.9551694021874715,1,1
Full181,empty,2,results/full181_supplement/raw/empty/seed2/boltz_results_full_blind/predictions/full_blind/full_blind_model_0.pdb,49,49,49,,TRP,L,29,29,,VAL,29,,CDR1,4.781251196078282,0,1
Full181,empty,2,results/full181_supplement/raw/empty/seed2/boltz_results_full_blind/predictions/full_blind/full_blind_model_0.pdb,49,49,49,,TRP,L,30,30,,GLY,36,,CDR1,3.0801991818711985,1,1
Full181,empty,2,results/full181_supplement/raw/empty/seed2/boltz_results_full_blind/predictions/full_blind/full_blind_model_0.pdb,49,49,49,,TRP,L,31,31,,THR,37,,CDR1,4.3403558609865165,1,1
Full181,empty,2,results/full181_supplement/raw/empty/seed2/boltz_results_full_blind/predictions/full_blind/full_blind_model_0.pdb,52,52,52,,LYS,L,29,29,,VAL,29,,CDR1,4.539774113323261,0,1
Full181,empty,2,results/full181_supplement/raw/empty/seed2/boltz_results_full_blind/predictions/full_blind/full_blind_model_0.pdb,52,52,52,,LYS,L,30,30,,GLY,36,,CDR1,2.737123124742473,1,1
Full181,empty,2,results/full181_supplement/raw/empty/seed2/boltz_results_full_blind/predictions/full_blind/full_blind_model_0.pdb,52,52,52,,LYS,L,31,31,,THR,37,,CDR1,3.034047626521377,1,1
Full181,empty,2,results/full181_supplement/raw/empty/seed2/boltz_results_full_blind/predictions/full_blind/full_blind_model_0.pdb,53,53,53,,ASN,L,31,31,,THR,37,,CDR1,3.6208706135403412,1,1
Full181,empty,2,results/full181_supplement/raw/empty/seed2/boltz_results_full_blind/predictions/full_blind/full_blind_model_0.pdb,53,53,53,,ASN,L,67,67,,SER,83,,FR3,4.771029029465237,0,1
Full181,empty,2,results/full181_supplement/raw/empty/seed2/boltz_results_full_blind/predictions/full_blind/full_blind_model_0.pdb,56,56,56,,GLN,H,102,102,,ASP,111,,CDR3,4.024749681657234,1,1
Full181,empty,2,results/full181_supplement/raw/empty/seed2/boltz_results_full_blind/predictions/full_blind/full_blind_model_0.pdb,56,56,56,,GLN,L,50,50,,TRP,56,,CDR2,3.203682412474745,1,1
Full181,empty,2,results/full181_supplement/raw/empty/seed2/boltz_results_full_blind/predictions/full_blind/full_blind_model_0.pdb,56,56,56,,GLN,L,53,53,,ARG,66,,FR3,2.2991470157430127,1,1
Full181,empty,2,results/full181_supplement/raw/empty/seed2/boltz_results_full_blind/predictions/full_blind/full_blind_model_0.pdb,57,57,57,,THR,H,102,102,,ASP,111,,CDR3,2.406372165729981,1,1
Full181,empty,2,results/full181_supplement/raw/empty/seed2/boltz_results_full_blind/predictions/full_blind/full_blind_model_0.pdb,57,57,57,,THR,L,53,53,,ARG,66,,FR3,4.303916472237816,1,1
Full181,empty,2,results/full181_supplement/raw/empty/seed2/boltz_results_full_blind/predictions/full_blind/full_blind_model_0.pdb,58,58,58,,GLN,H,101,101,,THR,110,,CDR3,4.97574808445926,0,1
Full181,empty,2,results/full181_supplement/raw/empty/seed2/boltz_results_full_blind/predictions/full_blind/full_blind_model_0.pdb,58,58,58,,GLN,H,102,102,,ASP,111,,CDR3,4.482073627239963,1,1
Full181,empty,2,results/full181_supplement/raw/empty/seed2/boltz_results_full_blind/predictions/full_blind/full_blind_model_0.pdb,60,60,60,,ASP,L,53,53,,ARG,66,,FR3,4.041620838228147,1,1
Full181,empty,2,results/full181_supplement/raw/empty/seed2/boltz_results_full_blind/predictions/full_blind/full_blind_model_0.pdb,90,90,90,,PHE,L,91,91,,SER,108,,CDR3,4.011206426999238,1,1
Full181,empty,2,results/full181_supplement/raw/empty/seed2/boltz_results_full_blind/predictions/full_blind/full_blind_model_0.pdb,91,91,91,,TYR,H,104,104,,TRP,113,,CDR3,4.296434335585731,1,1
Full181,empty,2,results/full181_supplement/raw/empty/seed2/boltz_results_full_blind/predictions/full_blind/full_blind_model_0.pdb,94,94,94,,THR,H,100,100,,ILE,109,,CDR3,4.6181879563309245,0,1
Full181,empty,2,results/full181_supplement/raw/empty/seed2/boltz_results_full_blind/predictions/full_blind/full_blind_model_0.pdb,94,94,94,,THR,H,104,104,,TRP,113,,CDR3,4.140412781354053,1,1
Full181,empty,2,results/full181_supplement/raw/empty/seed2/boltz_results_full_blind/predictions/full_blind/full_blind_model_0.pdb,96,96,96,,PHE,H,56,56,,ASP,64,,CDR2,4.05909423393939,1,1
Full181,empty,2,results/full181_supplement/raw/empty/seed2/boltz_results_full_blind/predictions/full_blind/full_blind_model_0.pdb,97,97,97,,LYS,H,33,33,,ASN,38,,CDR1,4.4627382849546535,1,1
Full181,empty,2,results/full181_supplement/raw/empty/seed2/boltz_results_full_blind/predictions/full_blind/full_blind_model_0.pdb,97,97,97,,LYS,H,50,50,,ILE,56,,CDR2,4.880524664418776,0,1
Full181,empty,2,results/full181_supplement/raw/empty/seed2/boltz_results_full_blind/predictions/full_blind/full_blind_model_0.pdb,97,97,97,,LYS,H,52,52,,PRO,58,,CDR2,2.7915382856052675,1,1
Full181,empty,2,results/full181_supplement/raw/empty/seed2/boltz_results_full_blind/predictions/full_blind/full_blind_model_0.pdb,97,97,97,,LYS,H,56,56,,ASP,64,,CDR2,4.878245688769683,0,1
Full181,empty,2,results/full181_supplement/raw/empty/seed2/boltz_results_full_blind/predictions/full_blind/full_blind_model_0.pdb,97,97,97,,LYS,L,93,93,,TYR,114,,CDR3,4.94816713541489,0,1
Full181,empty,2,results/full181_supplement/raw/empty/seed2/boltz_results_full_blind/predictions/full_blind/full_blind_model_0.pdb,98,98,98,,ASN,H,33,33,,ASN,38,,CDR1,1.5983566560689766,1,1
Full181,empty,2,results/full181_supplement/raw/empty/seed2/boltz_results_full_blind/predictions/full_blind/full_blind_model_0.pdb,98,98,98,,ASN,H,35,35,,TYR,40,,FR2,2.7686438918719753,1,1
Full181,empty,2,results/full181_supplement/raw/empty/seed2/boltz_results_full_blind/predictions/full_blind/full_blind_model_0.pdb,98,98,98,,ASN,H,50,50,,ILE,56,,CDR2,3.664799312377146,1,1
Full181,empty,2,results/full181_supplement/raw/empty/seed2/boltz_results_full_blind/predictions/full_blind/full_blind_model_0.pdb,98,98,98,,ASN,H,52,52,,PRO,58,,CDR2,4.817241638116153,0,1
Full181,empty,2,results/full181_supplement/raw/empty/seed2/boltz_results_full_blind/predictions/full_blind/full_blind_model_0.pdb,98,98,98,,ASN,H,98,98,,TRP,107,,CDR3,4.736896557874153,0,1
Full181,empty,2,results/full181_supplement/raw/empty/seed2/boltz_results_full_blind/predictions/full_blind/full_blind_model_0.pdb,98,98,98,,ASN,H,100,100,,ILE,109,,CDR3,2.7344615557729095,1,1
Full181,empty,2,results/full181_supplement/raw/empty/seed2/boltz_results_full_blind/predictions/full_blind/full_blind_model_0.pdb,98,98,98,,ASN,L,93,93,,TYR,114,,CDR3,2.598903422599616,1,1
Full181,empty,2,results/full181_supplement/raw/empty/seed2/boltz_results_full_blind/predictions/full_blind/full_blind_model_0.pdb,98,98,98,,ASN,L,95,95,,TYR,116,,CDR3,4.440865343601401,1,1
Full181,empty,2,results/full181_supplement/raw/empty/seed2/boltz_results_full_blind/predictions/full_blind/full_blind_model_0.pdb,99,99,99,,TYR,H,31,31,,ASP,36,,CDR1,4.1549740071389145,1,1
Full181,empty,2,results/full181_supplement/raw/empty/seed2/boltz_results_full_blind/predictions/full_blind/full_blind_model_0.pdb,99,99,99,,TYR,H,33,33,,ASN,38,,CDR1,3.751863270429774,1,1
Full181,empty,2,results/full181_supplement/raw/empty/seed2/boltz_results_full_blind/predictions/full_blind/full_blind_model_0.pdb,99,99,99,,TYR,H,53,53,,TYR,59,,CDR2,3.0131450346772226,1,1
Full181,empty,2,results/full181_supplement/raw/empty/seed2/boltz_results_full_blind/predictions/full_blind/full_blind_model_0.pdb,99,99,99,,TYR,H,100,100,,ILE,109,,CDR3,3.119566796848562,1,1
Full181,empty,2,results/full181_supplement/raw/empty/seed2/boltz_results_full_blind/predictions/full_blind/full_blind_model_0.pdb,99,99,99,,TYR,H,101,101,,THR,110,,CDR3,2.7152173025376807,1,1
Full181,empty,2,results/full181_supplement/raw/empty/seed2/boltz_results_full_blind/predictions/full_blind/full_blind_model_0.pdb,100,100,100,,HIS,H,30,30,,THR,35,,CDR1,3.4858263008933768,1,1
Full181,empty,2,results/full181_supplement/raw/empty/seed2/boltz_results_full_blind/predictions/full_blind/full_blind_model_0.pdb,100,100,100,,HIS,H,32,32,,TYR,37,,CDR1,3.497274653212126,1,1
Full181,empty,2,results/full181_supplement/raw/empty/seed2/boltz_results_full_blind/predictions/full_blind/full_blind_model_0.pdb,100,100,100,,HIS,H,33,33,,ASN,38,,CDR1,2.7082438959591513,1,1
Full181,empty,2,results/full181_supplement/raw/empty/seed2/boltz_results_full_blind/predictions/full_blind/full_blind_model_0.pdb,100,100,100,,HIS,H,34,34,,ILE,39,,FR2,4.35401527328511,1,1
Full181,empty,2,results/full181_supplement/raw/empty/seed2/boltz_results_full_blind/predictions/full_blind/full_blind_model_0.pdb,100,100,100,,HIS,H,51,51,,ASP,57,,CDR2,2.1441693030169047,1,1
Full181,empty,2,results/full181_supplement/raw/empty/seed2/boltz_results_full_blind/predictions/full_blind/full_blind_model_0.pdb,100,100,100,,HIS,H,52,52,,PRO,58,,CDR2,1.53857531502361,1,1
Full181,empty,2,results/full181_supplement/raw/empty/seed2/boltz_results_full_blind/predictions/full_blind/full_blind_model_0.pdb,100,100,100,,HIS,H,53,53,,TYR,59,,CDR2,1.019554314394285,1,1
Full181,empty,2,results/full181_supplement/raw/empty/seed2/boltz_results_full_blind/predictions/full_blind/full_blind_model_0.pdb,100,100,100,,HIS,H,54,54,,ASN,62,,CDR2,3.761107549645449,1,1
Full181,empty,2,results/full181_supplement/raw/empty/seed2/boltz_results_full_blind/predictions/full_blind/full_blind_model_0.pdb,100,100,100,,HIS,H,56,56,,ASP,64,,CDR2,4.651909500409483,0,1
Full181,empty,2,results/full181_supplement/raw/empty/seed2/boltz_results_full_blind/predictions/full_blind/full_blind_model_0.pdb,101,101,101,,SER,H,30,30,,THR,35,,CDR1,3.070568188462846,1,1
Full181,empty,2,results/full181_supplement/raw/empty/seed2/boltz_results_full_blind/predictions/full_blind/full_blind_model_0.pdb,101,101,101,,SER,H,31,31,,ASP,36,,CDR1,3.4708864861876423,1,1
Full181,empty,2,results/full181_supplement/raw/empty/seed2/boltz_results_full_blind/predictions/full_blind/full_blind_model_0.pdb,101,101,101,,SER,H,53,53,,TYR,59,,CDR2,2.7286340905295465,1,1
Full181,empty,2,results/full181_supplement/raw/empty/seed2/boltz_results_full_blind/predictions/full_blind/full_blind_model_0.pdb,102,102,102,,LYS,H,53,53,,TYR,59,,CDR2,3.756987889253837,1,1
Full181,empty,2,results/full181_supplement/raw/empty/seed2/boltz_results_full_blind/predictions/full_blind/full_blind_model_0.pdb,103,103,103,,ILE,H,31,31,,ASP,36,,CDR1,4.761230198173577,0,1
Full181,empty,2,results/full181_supplement/raw/empty/seed2/boltz_results_full_blind/predictions/full_blind/full_blind_model_0.pdb,104,104,104,,ALA,H,30,30,,THR,35,,CDR1,4.734814991105777,0,1
Full181,empty,2,results/full181_supplement/raw/empty/seed2/boltz_results_full_blind/predictions/full_blind/full_blind_model_0.pdb,104,104,104,,ALA,H,31,31,,ASP,36,,CDR1,3.764413765780802,1,1
Full181,empty,2,results/full181_supplement/raw/empty/seed2/boltz_results_full_blind/predictions/full_blind/full_blind_model_0.pdb,105,105,105,,LYS,H,53,53,,TYR,59,,CDR2,4.333774913398249,1,1
Full181,empty,2,results/full181_supplement/raw/empty/seed2/boltz_results_full_blind/predictions/full_blind/full_blind_model_0.pdb,105,105,105,,LYS,H,54,54,,ASN,62,,CDR2,3.707799751874417,1,1
Full181,empty,2,results/full181_supplement/raw/empty/seed2/boltz_results_full_blind/predictions/full_blind/full_blind_model_0.pdb,107,107,107,,LYS,H,31,31,,ASP,36,,CDR1,3.685923629159997,1,1
Full181,empty,2,results/full181_supplement/raw/empty/seed2/boltz_results_full_blind/predictions/full_blind/full_blind_model_0.pdb,108,108,108,,VAL,H,101,101,,THR,110,,CDR3,4.113988089433415,1,1
Full181,empty,3,results/full181_supplement/raw/empty/seed3/boltz_results_full_blind/predictions/full_blind/full_blind_model_0.pdb,1,1,1,,MET,H,101,101,,THR,110,,CDR3,4.53125964826559,0,1
Full181,empty,3,results/full181_supplement/raw/empty/seed3/boltz_results_full_blind/predictions/full_blind/full_blind_model_0.pdb,2,2,2,,SER,H,101,101,,THR,110,,CDR3,4.616003141246765,0,1
Full181,empty,3,results/full181_supplement/raw/empty/seed3/boltz_results_full_blind/predictions/full_blind/full_blind_model_0.pdb,3,3,3,,TRP,H,53,53,,TYR,59,,CDR2,4.011806700228713,1,1
Full181,empty,3,results/full181_supplement/raw/empty/seed3/boltz_results_full_blind/predictions/full_blind/full_blind_model_0.pdb,3,3,3,,TRP,H,100,100,,ILE,109,,CDR3,4.2224126989198965,1,1
Full181,empty,3,results/full181_supplement/raw/empty/seed3/boltz_results_full_blind/predictions/full_blind/full_blind_model_0.pdb,3,3,3,,TRP,H,101,101,,THR,110,,CDR3,3.0904745590281113,1,1
Full181,empty,3,results/full181_supplement/raw/empty/seed3/boltz_results_full_blind/predictions/full_blind/full_blind_model_0.pdb,6,6,6,,GLN,H,101,101,,THR,110,,CDR3,4.274530266590704,1,1
Full181,empty,3,results/full181_supplement/raw/empty/seed3/boltz_results_full_blind/predictions/full_blind/full_blind_model_0.pdb,57,57,57,,THR,H,56,56,,ASP,64,,CDR2,3.4474049660578023,1,1
Full181,empty,3,results/full181_supplement/raw/empty/seed3/boltz_results_full_blind/predictions/full_blind/full_blind_model_0.pdb,57,57,57,,THR,H,58,58,,SER,66,,FR3,3.98519083608301,1,1
Full181,empty,3,results/full181_supplement/raw/empty/seed3/boltz_results_full_blind/predictions/full_blind/full_blind_model_0.pdb,57,57,57,,THR,L,93,93,,TYR,114,,CDR3,4.937504734174945,0,1
Full181,empty,3,results/full181_supplement/raw/empty/seed3/boltz_results_full_blind/predictions/full_blind/full_blind_model_0.pdb,58,58,58,,GLN,H,33,33,,ASN,38,,CDR1,2.374430036872007,1,1
Full181,empty,3,results/full181_supplement/raw/empty/seed3/boltz_results_full_blind/predictions/full_blind/full_blind_model_0.pdb,58,58,58,,GLN,H,52,52,,PRO,58,,CDR2,4.523849024890199,0,1
Full181,empty,3,results/full181_supplement/raw/empty/seed3/boltz_results_full_blind/predictions/full_blind/full_blind_model_0.pdb,58,58,58,,GLN,H,53,53,,TYR,59,,CDR2,2.027731244519352,1,1
Full181,empty,3,results/full181_supplement/raw/empty/seed3/boltz_results_full_blind/predictions/full_blind/full_blind_model_0.pdb,58,58,58,,GLN,H,98,98,,TRP,107,,CDR3,4.949669180864515,0,1
Full181,empty,3,results/full181_supplement/raw/empty/seed3/boltz_results_full_blind/predictions/full_blind/full_blind_model_0.pdb,58,58,58,,GLN,H,100,100,,ILE,109,,CDR3,2.5826922000114534,1,1
Full181,empty,3,results/full181_supplement/raw/empty/seed3/boltz_results_full_blind/predictions/full_blind/full_blind_model_0.pdb,58,58,58,,GLN,L,93,93,,TYR,114,,CDR3,4.634429198941333,0,1
Full181,empty,3,results/full181_supplement/raw/empty/seed3/boltz_results_full_blind/predictions/full_blind/full_blind_model_0.pdb,59,59,59,,ASP,H,33,33,,ASN,38,,CDR1,3.92113070427396,1,1
Full181,empty,3,results/full181_supplement/raw/empty/seed3/boltz_results_full_blind/predictions/full_blind/full_blind_model_0.pdb,59,59,59,,ASP,H,35,35,,TYR,40,,FR2,3.0114785405179307,1,1
Full181,empty,3,results/full181_supplement/raw/empty/seed3/boltz_results_full_blind/predictions/full_blind/full_blind_model_0.pdb,59,59,59,,ASP,H,47,47,,TRP,52,,FR2,4.914537719867454,0,1
Full181,empty,3,results/full181_supplement/raw/empty/seed3/boltz_results_full_blind/predictions/full_blind/full_blind_model_0.pdb,59,59,59,,ASP,H,50,50,,ILE,56,,CDR2,1.8079029288100623,1,1
Full181,empty,3,results/full181_supplement/raw/empty/seed3/boltz_results_full_blind/predictions/full_blind/full_blind_model_0.pdb,59,59,59,,ASP,H,51,51,,ASP,57,,CDR2,4.977031745930501,0,1
Full181,empty,3,results/full181_supplement/raw/empty/seed3/boltz_results_full_blind/predictions/full_blind/full_blind_model_0.pdb,59,59,59,,ASP,H,52,52,,PRO,58,,CDR2,4.559629041928741,0,1
Full181,empty,3,results/full181_supplement/raw/empty/seed3/boltz_results_full_blind/predictions/full_blind/full_blind_model_0.pdb,59,59,59,,ASP,H,58,58,,SER,66,,FR3,3.5781477051681367,1,1
Full181,empty,3,results/full181_supplement/raw/empty/seed3/boltz_results_full_blind/predictions/full_blind/full_blind_model_0.pdb,59,59,59,,ASP,L,93,93,,TYR,114,,CDR3,1.6563094517631658,1,1
Full181,empty,3,results/full181_supplement/raw/empty/seed3/boltz_results_full_blind/predictions/full_blind/full_blind_model_0.pdb,59,59,59,,ASP,L,95,95,,TYR,116,,CDR3,3.0234789564341273,1,1
Full181,empty,3,results/full181_supplement/raw/empty/seed3/boltz_results_full_blind/predictions/full_blind/full_blind_model_0.pdb,60,60,60,,ASP,L,93,93,,TYR,114,,CDR3,2.964287435455611,1,1
Full181,empty,3,results/full181_supplement/raw/empty/seed3/boltz_results_full_blind/predictions/full_blind/full_blind_model_0.pdb,61,61,61,,ILE,H,104,104,,TRP,113,,CDR3,3.621700843526422,1,1
Full181,empty,3,results/full181_supplement/raw/empty/seed3/boltz_results_full_blind/predictions/full_blind/full_blind_model_0.pdb,62,62,62,,THR,H,35,35,,TYR,40,,FR2,4.191465972663979,1,1
Full181,empty,3,results/full181_supplement/raw/empty/seed3/boltz_results_full_blind/predictions/full_blind/full_blind_model_0.pdb,62,62,62,,THR,H,98,98,,TRP,107,,CDR3,3.524488473523498,1,1
Full181,empty,3,results/full181_supplement/raw/empty/seed3/boltz_results_full_blind/predictions/full_blind/full_blind_model_0.pdb,62,62,62,,THR,H,100,100,,ILE,109,,CDR3,2.6005805121164776,1,1
Full181,empty,3,results/full181_supplement/raw/empty/seed3/boltz_results_full_blind/predictions/full_blind/full_blind_model_0.pdb,62,62,62,,THR,H,104,104,,TRP,113,,CDR3,3.1090464776197866,1,1
Full181,empty,3,results/full181_supplement/raw/empty/seed3/boltz_results_full_blind/predictions/full_blind/full_blind_model_0.pdb,62,62,62,,THR,L,90,90,,TYR,107,,CDR3,2.5381317932684264,1,1
Full181,empty,3,results/full181_supplement/raw/empty/seed3/boltz_results_full_blind/predictions/full_blind/full_blind_model_0.pdb,62,62,62,,THR,L,91,91,,SER,108,,CDR3,4.745911608953542,0,1
Full181,empty,3,results/full181_supplement/raw/empty/seed3/boltz_results_full_blind/predictions/full_blind/full_blind_model_0.pdb,62,62,62,,THR,L,93,93,,TYR,114,,CDR3,3.945224074751649,1,1
Full181,empty,3,results/full181_supplement/raw/empty/seed3/boltz_results_full_blind/predictions/full_blind/full_blind_model_0.pdb,62,62,62,,THR,L,95,95,,TYR,116,,CDR3,2.379989495775139,1,1
Full181,empty,3,results/full181_supplement/raw/empty/seed3/boltz_results_full_blind/predictions/full_blind/full_blind_model_0.pdb,63,63,63,,SER,H,104,104,,TRP,113,,CDR3,4.664888101551848,0,1
Full181,empty,3,results/full181_supplement/raw/empty/seed3/boltz_results_full_blind/predictions/full_blind/full_blind_model_0.pdb,63,63,63,,SER,L,89,89,,GLN,106,,CDR3,4.775880756467858,0,1
Full181,empty,3,results/full181_supplement/raw/empty/seed3/boltz_results_full_blind/predictions/full_blind/full_blind_model_0.pdb,63,63,63,,SER,L,90,90,,TYR,107,,CDR3,2.497498148147461,1,1
Full181,empty,3,results/full181_supplement/raw/empty/seed3/boltz_results_full_blind/predictions/full_blind/full_blind_model_0.pdb,63,63,63,,SER,L,91,91,,SER,108,,CDR3,1.0298402788782344,1,1
Full181,empty,3,results/full181_supplement/raw/empty/seed3/boltz_results_full_blind/predictions/full_blind/full_blind_model_0.pdb,63,63,63,,SER,L,92,92,,SER,109,,CDR3,1.8892141223270582,1,1
Full181,empty,3,results/full181_supplement/raw/empty/seed3/boltz_results_full_blind/predictions/full_blind/full_blind_model_0.pdb,63,63,63,,SER,L,93,93,,TYR,114,,CDR3,3.1585168987991814,1,1
Full181,empty,3,results/full181_supplement/raw/empty/seed3/boltz_results_full_blind/predictions/full_blind/full_blind_model_0.pdb,63,63,63,,SER,L,95,95,,TYR,116,,CDR3,2.789847666092183,1,1
Full181,empty,3,results/full181_supplement/raw/empty/seed3/boltz_results_full_blind/predictions/full_blind/full_blind_model_0.pdb,64,64,64,,ILE,H,104,104,,TRP,113,,CDR3,4.6761888327996335,0,1
Full181,empty,3,results/full181_supplement/raw/empty/seed3/boltz_results_full_blind/predictions/full_blind/full_blind_model_0.pdb,64,64,64,,ILE,L,90,90,,TYR,107,,CDR3,3.9909092948850637,1,1
Full181,empty,3,results/full181_supplement/raw/empty/seed3/boltz_results_full_blind/predictions/full_blind/full_blind_model_0.pdb,64,64,64,,ILE,L,91,91,,SER,108,,CDR3,2.3248281656931113,1,1
Full181,empty,3,results/full181_supplement/raw/empty/seed3/boltz_results_full_blind/predictions/full_blind/full_blind_model_0.pdb,64,64,64,,ILE,L,92,92,,SER,109,,CDR3,4.076424168312222,1,1
Full181,empty,3,results/full181_supplement/raw/empty/seed3/boltz_results_full_blind/predictions/full_blind/full_blind_model_0.pdb,65,65,65,,ARG,L,28,28,,ASP,28,,CDR1,2.684544467875323,1,1
Full181,empty,3,results/full181_supplement/raw/empty/seed3/boltz_results_full_blind/predictions/full_blind/full_blind_model_0.pdb,65,65,65,,ARG,L,29,29,,VAL,29,,CDR1,3.813523960853006,1,1
Full181,empty,3,results/full181_supplement/raw/empty/seed3/boltz_results_full_blind/predictions/full_blind/full_blind_model_0.pdb,65,65,65,,ARG,L,30,30,,GLY,36,,CDR1,3.8486011744528685,1,1
Full181,empty,3,results/full181_supplement/raw/empty/seed3/boltz_results_full_blind/predictions/full_blind/full_blind_model_0.pdb,65,65,65,,ARG,L,91,91,,SER,108,,CDR3,3.120224030418329,1,1
Full181,empty,3,results/full181_supplement/raw/empty/seed3/boltz_results_full_blind/predictions/full_blind/full_blind_model_0.pdb,68,68,68,,LYS,L,28,28,,ASP,28,,CDR1,4.67506556103762,0,1
Full181,empty,3,results/full181_supplement/raw/empty/seed3/boltz_results_full_blind/predictions/full_blind/full_blind_model_0.pdb,69,69,69,,PRO,L,28,28,,ASP,28,,CDR1,2.538803655267574,1,1
Full181,empty,3,results/full181_supplement/raw/empty/seed3/boltz_results_full_blind/predictions/full_blind/full_blind_model_0.pdb,70,70,70,,GLN,L,28,28,,ASP,28,,CDR1,3.3931228978626757,1,1
Full181,empty,3,results/full181_supplement/raw/empty/seed3/boltz_results_full_blind/predictions/full_blind/full_blind_model_0.pdb,98,98,98,,ASN,H,54,54,,ASN,62,,CDR2,2.43741440875367,1,1
Full181,empty,3,results/full181_supplement/raw/empty/seed3/boltz_results_full_blind/predictions/full_blind/full_blind_model_0.pdb,99,99,99,,TYR,H,52,52,,PRO,58,,CDR2,4.419375634634376,1,1
Full181,empty,3,results/full181_supplement/raw/empty/seed3/boltz_results_full_blind/predictions/full_blind/full_blind_model_0.pdb,99,99,99,,TYR,H,53,53,,TYR,59,,CDR2,4.123595639729968,1,1
Full181,empty,3,results/full181_supplement/raw/empty/seed3/boltz_results_full_blind/predictions/full_blind/full_blind_model_0.pdb,99,99,99,,TYR,H,54,54,,ASN,62,,CDR2,3.5200946010015133,1,1
Full181,empty,3,results/full181_supplement/raw/empty/seed3/boltz_results_full_blind/predictions/full_blind/full_blind_model_0.pdb,100,100,100,,HIS,H,54,54,,ASN,62,,CDR2,4.127337398371982,1,1
Full181,empty,3,results/full181_supplement/raw/empty/seed3/boltz_results_full_blind/predictions/full_blind/full_blind_model_0.pdb,101,101,101,,SER,H,53,53,,TYR,59,,CDR2,4.16826174801919,1,1
Full181,empty,3,results/full181_supplement/raw/empty/seed3/boltz_results_full_blind/predictions/full_blind/full_blind_model_0.pdb,101,101,101,,SER,H,54,54,,ASN,62,,CDR2,4.67546500361194,0,1
Full181,empty,3,results/full181_supplement/raw/empty/seed3/boltz_results_full_blind/predictions/full_blind/full_blind_model_0.pdb,103,103,103,,ILE,H,30,30,,THR,35,,CDR1,3.974032964131022,1,1
Full181,empty,3,results/full181_supplement/raw/empty/seed3/boltz_results_full_blind/predictions/full_blind/full_blind_model_0.pdb,103,103,103,,ILE,H,31,31,,ASP,36,,CDR1,2.2007314693074207,1,1
Full181,empty,3,results/full181_supplement/raw/empty/seed3/boltz_results_full_blind/predictions/full_blind/full_blind_model_0.pdb,103,103,103,,ILE,H,53,53,,TYR,59,,CDR2,4.298366899183921,1,1
Full181,empty,3,results/full181_supplement/raw/empty/seed3/boltz_results_full_blind/predictions/full_blind/full_blind_model_0.pdb,104,104,104,,ALA,H,53,53,,TYR,59,,CDR2,2.301658749684671,1,1
Full181,empty,3,results/full181_supplement/raw/empty/seed3/boltz_results_full_blind/predictions/full_blind/full_blind_model_0.pdb,104,104,104,,ALA,H,54,54,,ASN,62,,CDR2,3.9770885079414566,1,1
Full181,empty,3,results/full181_supplement/raw/empty/seed3/boltz_results_full_blind/predictions/full_blind/full_blind_model_0.pdb,106,106,106,,PHE,H,101,101,,THR,110,,CDR3,4.794120670154225,0,1
Full181,empty,3,results/full181_supplement/raw/empty/seed3/boltz_results_full_blind/predictions/full_blind/full_blind_model_0.pdb,107,107,107,,LYS,H,28,28,,SER,29,,CDR1,4.720888263875771,0,1
Full181,empty,3,results/full181_supplement/raw/empty/seed3/boltz_results_full_blind/predictions/full_blind/full_blind_model_0.pdb,107,107,107,,LYS,H,29,29,,PHE,30,,CDR1,4.76412279438723,0,1
Full181,empty,3,results/full181_supplement/raw/empty/seed3/boltz_results_full_blind/predictions/full_blind/full_blind_model_0.pdb,107,107,107,,LYS,H,30,30,,THR,35,,CDR1,3.678814211128363,1,1
Full181,empty,3,results/full181_supplement/raw/empty/seed3/boltz_results_full_blind/predictions/full_blind/full_blind_model_0.pdb,107,107,107,,LYS,H,31,31,,ASP,36,,CDR1,0.47578671692261437,1,1
Full181,empty,3,results/full181_supplement/raw/empty/seed3/boltz_results_full_blind/predictions/full_blind/full_blind_model_0.pdb,107,107,107,,LYS,H,32,32,,TYR,37,,CDR1,1.5654497756236059,1,1
Full181,empty,3,results/full181_supplement/raw/empty/seed3/boltz_results_full_blind/predictions/full_blind/full_blind_model_0.pdb,107,107,107,,LYS,H,33,33,,ASN,38,,CDR1,4.451193772461496,1,1
Full181,empty,3,results/full181_supplement/raw/empty/seed3/boltz_results_full_blind/predictions/full_blind/full_blind_model_0.pdb,107,107,107,,LYS,H,53,53,,TYR,59,,CDR2,1.6801624921417566,1,1
Full181,empty,3,results/full181_supplement/raw/empty/seed3/boltz_results_full_blind/predictions/full_blind/full_blind_model_0.pdb,107,107,107,,LYS,H,100,100,,ILE,109,,CDR3,3.3287126640790135,1,1
Full181,empty,3,results/full181_supplement/raw/empty/seed3/boltz_results_full_blind/predictions/full_blind/full_blind_model_0.pdb,107,107,107,,LYS,H,101,101,,THR,110,,CDR3,4.196819867471084,1,1
Full181,empty,3,results/full181_supplement/raw/empty/seed3/boltz_results_full_blind/predictions/full_blind/full_blind_model_0.pdb,108,108,108,,VAL,H,53,53,,TYR,59,,CDR2,3.77899695686567,1,1
Full181,empty,3,results/full181_supplement/raw/empty/seed3/boltz_results_full_blind/predictions/full_blind/full_blind_model_0.pdb,108,108,108,,VAL,H,100,100,,ILE,109,,CDR3,4.690973566329276,0,1
Full181,empty,3,results/full181_supplement/raw/empty/seed3/boltz_results_full_blind/predictions/full_blind/full_blind_model_0.pdb,110,110,110,,ARG,H,100,100,,ILE,109,,CDR3,3.6643006153971585,1,1
Full181,empty,3,results/full181_supplement/raw/empty/seed3/boltz_results_full_blind/predictions/full_blind/full_blind_model_0.pdb,110,110,110,,ARG,H,101,101,,THR,110,,CDR3,2.0874048481308076,1,1
Full181,empty,3,results/full181_supplement/raw/empty/seed3/boltz_results_full_blind/predictions/full_blind/full_blind_model_0.pdb,110,110,110,,ARG,H,102,102,,ASP,111,,CDR3,2.8049536538060655,1,1
Full181,empty,3,results/full181_supplement/raw/empty/seed3/boltz_results_full_blind/predictions/full_blind/full_blind_model_0.pdb,110,110,110,,ARG,H,104,104,,TRP,113,,CDR3,4.852209084530467,0,1
Full181,empty,3,results/full181_supplement/raw/empty/seed3/boltz_results_full_blind/predictions/full_blind/full_blind_model_0.pdb,111,111,111,,SER,H,100,100,,ILE,109,,CDR3,3.2519435726961805,1,1
Full181,empty,3,results/full181_supplement/raw/empty/seed3/boltz_results_full_blind/predictions/full_blind/full_blind_model_0.pdb,111,111,111,,SER,H,104,104,,TRP,113,,CDR3,2.9263115008488074,1,1
Full181,empty,3,results/full181_supplement/raw/empty/seed3/boltz_results_full_blind/predictions/full_blind/full_blind_model_0.pdb,112,112,112,,PHE,H,104,104,,TRP,113,,CDR3,4.671503719360609,0,1
Full181,empty,3,results/full181_supplement/raw/empty/seed3/boltz_results_full_blind/predictions/full_blind/full_blind_model_0.pdb,114,114,114,,THR,H,102,102,,ASP,111,,CDR3,4.9472505495476975,0,1
Full181,empty,3,results/full181_supplement/raw/empty/seed3/boltz_results_full_blind/predictions/full_blind/full_blind_model_0.pdb,114,114,114,,THR,H,104,104,,TRP,113,,CDR3,3.7667925347701323,1,1
Full181,empty,3,results/full181_supplement/raw/empty/seed3/boltz_results_full_blind/predictions/full_blind/full_blind_model_0.pdb,114,114,114,,THR,L,50,50,,TRP,56,,CDR2,2.482012489896052,1,1
Full181,empty,3,results/full181_supplement/raw/empty/seed3/boltz_results_full_blind/predictions/full_blind/full_blind_model_0.pdb,115,115,115,,LEU,H,104,104,,TRP,113,,CDR3,2.7661180379730728,1,1
Full181,empty,3,results/full181_supplement/raw/empty/seed3/boltz_results_full_blind/predictions/full_blind/full_blind_model_0.pdb,115,115,115,,LEU,L,50,50,,TRP,56,,CDR2,4.041878894771589,1,1
Full181,empty,3,results/full181_supplement/raw/empty/seed3/boltz_results_full_blind/predictions/full_blind/full_blind_model_0.pdb,118,118,118,,ASN,L,31,31,,THR,37,,CDR1,3.5257409150418297,1,1
Full181,empty,3,results/full181_supplement/raw/empty/seed3/boltz_results_full_blind/predictions/full_blind/full_blind_model_0.pdb,118,118,118,,ASN,L,50,50,,TRP,56,,CDR2,2.005027181860635,1,1
Full181,empty,3,results/full181_supplement/raw/empty/seed3/boltz_results_full_blind/predictions/full_blind/full_blind_model_0.pdb,153,153,153,,LYS,L,53,53,,ARG,66,,FR3,4.655490844153815,0,1
Full181,empty,4,results/full181_supplement/raw/empty/seed4/boltz_results_full_blind/predictions/full_blind/full_blind_model_0.pdb,54,54,54,,THR,H,56,56,,ASP,64,,CDR2,3.594393133757074,1,1
Full181,empty,4,results/full181_supplement/raw/empty/seed4/boltz_results_full_blind/predictions/full_blind/full_blind_model_0.pdb,56,56,56,,GLN,H,53,53,,TYR,59,,CDR2,3.931640370125427,1,1
Full181,empty,4,results/full181_supplement/raw/empty/seed4/boltz_results_full_blind/predictions/full_blind/full_blind_model_0.pdb,56,56,56,,GLN,H,54,54,,ASN,62,,CDR2,2.7289915719913838,1,1
Full181,empty,4,results/full181_supplement/raw/empty/seed4/boltz_results_full_blind/predictions/full_blind/full_blind_model_0.pdb,56,56,56,,GLN,H,56,56,,ASP,64,,CDR2,3.4416690718312823,1,1
Full181,empty,4,results/full181_supplement/raw/empty/seed4/boltz_results_full_blind/predictions/full_blind/full_blind_model_0.pdb,57,57,57,,THR,H,33,33,,ASN,38,,CDR1,4.48092456977352,1,1
Full181,empty,4,results/full181_supplement/raw/empty/seed4/boltz_results_full_blind/predictions/full_blind/full_blind_model_0.pdb,57,57,57,,THR,H,53,53,,TYR,59,,CDR2,2.349725303093959,1,1
Full181,empty,4,results/full181_supplement/raw/empty/seed4/boltz_results_full_blind/predictions/full_blind/full_blind_model_0.pdb,57,57,57,,THR,H,54,54,,ASN,62,,CDR2,4.568874478468412,0,1
Full181,empty,4,results/full181_supplement/raw/empty/seed4/boltz_results_full_blind/predictions/full_blind/full_blind_model_0.pdb,57,57,57,,THR,H,100,100,,ILE,109,,CDR3,4.369229337079938,1,1
Full181,empty,4,results/full181_supplement/raw/empty/seed4/boltz_results_full_blind/predictions/full_blind/full_blind_model_0.pdb,58,58,58,,GLN,H,100,100,,ILE,109,,CDR3,4.055027250216699,1,1
Full181,empty,4,results/full181_supplement/raw/empty/seed4/boltz_results_full_blind/predictions/full_blind/full_blind_model_0.pdb,58,58,58,,GLN,H,104,104,,TRP,113,,CDR3,1.6690698008172096,1,1
Full181,empty,4,results/full181_supplement/raw/empty/seed4/boltz_results_full_blind/predictions/full_blind/full_blind_model_0.pdb,58,58,58,,GLN,L,95,95,,TYR,116,,CDR3,4.999540478884034,0,1
Full181,empty,4,results/full181_supplement/raw/empty/seed4/boltz_results_full_blind/predictions/full_blind/full_blind_model_0.pdb,59,59,59,,ASP,H,33,33,,ASN,38,,CDR1,3.6217782924966575,1,1
Full181,empty,4,results/full181_supplement/raw/empty/seed4/boltz_results_full_blind/predictions/full_blind/full_blind_model_0.pdb,59,59,59,,ASP,H,35,35,,TYR,40,,FR2,1.5664258680192942,1,1
Full181,empty,4,results/full181_supplement/raw/empty/seed4/boltz_results_full_blind/predictions/full_blind/full_blind_model_0.pdb,59,59,59,,ASP,H,50,50,,ILE,56,,CDR2,2.844733027895588,1,1
Full181,empty,4,results/full181_supplement/raw/empty/seed4/boltz_results_full_blind/predictions/full_blind/full_blind_model_0.pdb,59,59,59,,ASP,H,98,98,,TRP,107,,CDR3,3.3416596176151754,1,1
Full181,empty,4,results/full181_supplement/raw/empty/seed4/boltz_results_full_blind/predictions/full_blind/full_blind_model_0.pdb,59,59,59,,ASP,H,100,100,,ILE,109,,CDR3,3.604962829211974,1,1
Full181,empty,4,results/full181_supplement/raw/empty/seed4/boltz_results_full_blind/predictions/full_blind/full_blind_model_0.pdb,59,59,59,,ASP,H,104,104,,TRP,113,,CDR3,4.11347614554892,1,1
Full181,empty,4,results/full181_supplement/raw/empty/seed4/boltz_results_full_blind/predictions/full_blind/full_blind_model_0.pdb,59,59,59,,ASP,L,93,93,,TYR,114,,CDR3,2.075737459314159,1,1
Full181,empty,4,results/full181_supplement/raw/empty/seed4/boltz_results_full_blind/predictions/full_blind/full_blind_model_0.pdb,59,59,59,,ASP,L,95,95,,TYR,116,,CDR3,3.4682880503210805,1,1
Full181,empty,4,results/full181_supplement/raw/empty/seed4/boltz_results_full_blind/predictions/full_blind/full_blind_model_0.pdb,60,60,60,,ASP,H,53,53,,TYR,59,,CDR2,4.886249072652765,0,1
Full181,empty,4,results/full181_supplement/raw/empty/seed4/boltz_results_full_blind/predictions/full_blind/full_blind_model_0.pdb,60,60,60,,ASP,H,56,56,,ASP,64,,CDR2,3.787197776720935,1,1
Full181,empty,4,results/full181_supplement/raw/empty/seed4/boltz_results_full_blind/predictions/full_blind/full_blind_model_0.pdb,60,60,60,,ASP,H,58,58,,SER,66,,FR3,3.8612709047669784,1,1
Full181,empty,4,results/full181_supplement/raw/empty/seed4/boltz_results_full_blind/predictions/full_blind/full_blind_model_0.pdb,60,60,60,,ASP,L,93,93,,TYR,114,,CDR3,4.096119627159344,1,1
Full181,empty,4,results/full181_supplement/raw/empty/seed4/boltz_results_full_blind/predictions/full_blind/full_blind_model_0.pdb,62,62,62,,THR,H,104,104,,TRP,113,,CDR3,3.2672456289663927,1,1
Full181,empty,4,results/full181_supplement/raw/empty/seed4/boltz_results_full_blind/predictions/full_blind/full_blind_model_0.pdb,62,62,62,,THR,L,90,90,,TYR,107,,CDR3,4.479456775101195,1,1
Full181,empty,4,results/full181_supplement/raw/empty/seed4/boltz_results_full_blind/predictions/full_blind/full_blind_model_0.pdb,62,62,62,,THR,L,91,91,,SER,108,,CDR3,3.5903473369578043,1,1
Full181,empty,4,results/full181_supplement/raw/empty/seed4/boltz_results_full_blind/predictions/full_blind/full_blind_model_0.pdb,62,62,62,,THR,L,92,92,,SER,109,,CDR3,3.319997138552984,1,1
Full181,empty,4,results/full181_supplement/raw/empty/seed4/boltz_results_full_blind/predictions/full_blind/full_blind_model_0.pdb,62,62,62,,THR,L,93,93,,TYR,114,,CDR3,3.541881279772093,1,1
Full181,empty,4,results/full181_supplement/raw/empty/seed4/boltz_results_full_blind/predictions/full_blind/full_blind_model_0.pdb,62,62,62,,THR,L,95,95,,TYR,116,,CDR3,3.335289042946653,1,1
Full181,empty,4,results/full181_supplement/raw/empty/seed4/boltz_results_full_blind/predictions/full_blind/full_blind_model_0.pdb,63,63,63,,SER,H,58,58,,SER,66,,FR3,4.483456256059604,1,1
Full181,empty,4,results/full181_supplement/raw/empty/seed4/boltz_results_full_blind/predictions/full_blind/full_blind_model_0.pdb,63,63,63,,SER,L,93,93,,TYR,114,,CDR3,2.106026827939283,1,1
Full181,empty,4,results/full181_supplement/raw/empty/seed4/boltz_results_full_blind/predictions/full_blind/full_blind_model_0.pdb,65,65,65,,ARG,L,1,1,,ASP,1,,FR1,4.577731534286387,0,1
Full181,empty,4,results/full181_supplement/raw/empty/seed4/boltz_results_full_blind/predictions/full_blind/full_blind_model_0.pdb,65,65,65,,ARG,L,2,2,,ILE,2,,FR1,4.560203833163601,0,1
Full181,empty,4,results/full181_supplement/raw/empty/seed4/boltz_results_full_blind/predictions/full_blind/full_blind_model_0.pdb,65,65,65,,ARG,L,92,92,,SER,109,,CDR3,3.119635395362734,1,1
Full181,empty,4,results/full181_supplement/raw/empty/seed4/boltz_results_full_blind/predictions/full_blind/full_blind_model_0.pdb,65,65,65,,ARG,L,93,93,,TYR,114,,CDR3,0.916334545894675,1,1
Full181,empty,4,results/full181_supplement/raw/empty/seed4/boltz_results_full_blind/predictions/full_blind/full_blind_model_0.pdb,65,65,65,,ARG,L,94,94,,PRO,115,,CDR3,2.899293879550674,1,1
Full181,empty,4,results/full181_supplement/raw/empty/seed4/boltz_results_full_blind/predictions/full_blind/full_blind_model_0.pdb,91,91,91,,TYR,H,100,100,,ILE,109,,CDR3,4.8487627287793735,0,1
Full181,empty,4,results/full181_supplement/raw/empty/seed4/boltz_results_full_blind/predictions/full_blind/full_blind_model_0.pdb,91,91,91,,TYR,H,104,104,,TRP,113,,CDR3,4.945864332955363,0,1
Full181,empty,4,results/full181_supplement/raw/empty/seed4/boltz_results_full_blind/predictions/full_blind/full_blind_model_0.pdb,99,99,99,,TYR,H,53,53,,TYR,59,,CDR2,1.985286125474109,1,1
Full181,empty,4,results/full181_supplement/raw/empty/seed4/boltz_results_full_blind/predictions/full_blind/full_blind_model_0.pdb,99,99,99,,TYR,H,100,100,,ILE,109,,CDR3,3.567441380036959,1,1
Full181,empty,4,results/full181_supplement/raw/empty/seed4/boltz_results_full_blind/predictions/full_blind/full_blind_model_0.pdb,103,103,103,,ILE,H,101,101,,THR,110,,CDR3,4.881045892019456,0,1
Full181,empty,4,results/full181_supplement/raw/empty/seed4/boltz_results_full_blind/predictions/full_blind/full_blind_model_0.pdb,104,104,104,,ALA,H,101,101,,THR,110,,CDR3,3.387064510752637,1,1
Full181,empty,4,results/full181_supplement/raw/empty/seed4/boltz_results_full_blind/predictions/full_blind/full_blind_model_0.pdb,105,105,105,,LYS,H,101,101,,THR,110,,CDR3,4.3078247410961374,1,1
Full181,empty,4,results/full181_supplement/raw/empty/seed4/boltz_results_full_blind/predictions/full_blind/full_blind_model_0.pdb,106,106,106,,PHE,H,101,101,,THR,110,,CDR3,1.8485361776281255,1,1
Full181,empty,4,results/full181_supplement/raw/empty/seed4/boltz_results_full_blind/predictions/full_blind/full_blind_model_0.pdb,106,106,106,,PHE,H,102,102,,ASP,111,,CDR3,4.057944430373586,1,1
Full181,empty,4,results/full181_supplement/raw/empty/seed4/boltz_results_full_blind/predictions/full_blind/full_blind_model_0.pdb,107,107,107,,LYS,H,32,32,,TYR,37,,CDR1,1.5365786670392119,1,1
Full181,empty,4,results/full181_supplement/raw/empty/seed4/boltz_results_full_blind/predictions/full_blind/full_blind_model_0.pdb,107,107,107,,LYS,H,99,99,,GLU,108,,CDR3,4.656280275069361,0,1
Full181,empty,4,results/full181_supplement/raw/empty/seed4/boltz_results_full_blind/predictions/full_blind/full_blind_model_0.pdb,107,107,107,,LYS,H,100,100,,ILE,109,,CDR3,3.167593723948827,1,1
Full181,empty,4,results/full181_supplement/raw/empty/seed4/boltz_results_full_blind/predictions/full_blind/full_blind_model_0.pdb,107,107,107,,LYS,H,101,101,,THR,110,,CDR3,1.017780428186748,1,1
Full181,empty,4,results/full181_supplement/raw/empty/seed4/boltz_results_full_blind/predictions/full_blind/full_blind_model_0.pdb,107,107,107,,LYS,H,102,102,,ASP,111,,CDR3,2.97577855358896,1,1
Full181,empty,4,results/full181_supplement/raw/empty/seed4/boltz_results_full_blind/predictions/full_blind/full_blind_model_0.pdb,107,107,107,,LYS,H,104,104,,TRP,113,,CDR3,4.4434942331458025,1,1
Full181,empty,4,results/full181_supplement/raw/empty/seed4/boltz_results_full_blind/predictions/full_blind/full_blind_model_0.pdb,108,108,108,,VAL,H,100,100,,ILE,109,,CDR3,3.7316190855981004,1,1
Full181,empty,4,results/full181_supplement/raw/empty/seed4/boltz_results_full_blind/predictions/full_blind/full_blind_model_0.pdb,108,108,108,,VAL,H,101,101,,THR,110,,CDR3,1.3776425516076367,1,1
Full181,empty,4,results/full181_supplement/raw/empty/seed4/boltz_results_full_blind/predictions/full_blind/full_blind_model_0.pdb,109,109,109,,LEU,H,101,101,,THR,110,,CDR3,3.4888430747168893,1,1
Full181,empty,4,results/full181_supplement/raw/empty/seed4/boltz_results_full_blind/predictions/full_blind/full_blind_model_0.pdb,110,110,110,,ARG,H,100,100,,ILE,109,,CDR3,4.802804701421868,0,1
Full181,empty,4,results/full181_supplement/raw/empty/seed4/boltz_results_full_blind/predictions/full_blind/full_blind_model_0.pdb,110,110,110,,ARG,H,101,101,,THR,110,,CDR3,2.2845362767966724,1,1
Full181,empty,4,results/full181_supplement/raw/empty/seed4/boltz_results_full_blind/predictions/full_blind/full_blind_model_0.pdb,110,110,110,,ARG,H,102,102,,ASP,111,,CDR3,2.964708080064545,1,1
Full181,empty,4,results/full181_supplement/raw/empty/seed4/boltz_results_full_blind/predictions/full_blind/full_blind_model_0.pdb,110,110,110,,ARG,H,104,104,,TRP,113,,CDR3,4.465329999003433,1,1
Full181,empty,4,results/full181_supplement/raw/empty/seed4/boltz_results_full_blind/predictions/full_blind/full_blind_model_0.pdb,110,110,110,,ARG,L,50,50,,TRP,56,,CDR2,2.582216877026405,1,1
Full181,empty,4,results/full181_supplement/raw/empty/seed4/boltz_results_full_blind/predictions/full_blind/full_blind_model_0.pdb,110,110,110,,ARG,L,53,53,,ARG,66,,FR3,3.754892674897645,1,1
Full181,empty,4,results/full181_supplement/raw/empty/seed4/boltz_results_full_blind/predictions/full_blind/full_blind_model_0.pdb,111,111,111,,SER,H,100,100,,ILE,109,,CDR3,3.3923516916734915,1,1
Full181,empty,4,results/full181_supplement/raw/empty/seed4/boltz_results_full_blind/predictions/full_blind/full_blind_model_0.pdb,111,111,111,,SER,H,101,101,,THR,110,,CDR3,3.6355361365278713,1,1
Full181,empty,4,results/full181_supplement/raw/empty/seed4/boltz_results_full_blind/predictions/full_blind/full_blind_model_0.pdb,111,111,111,,SER,H,104,104,,TRP,113,,CDR3,3.0944999596057516,1,1
Full181,empty,4,results/full181_supplement/raw/empty/seed4/boltz_results_full_blind/predictions/full_blind/full_blind_model_0.pdb,113,113,113,,SER,L,31,31,,THR,37,,CDR1,4.439968806196729,1,1
Full181,empty,4,results/full181_supplement/raw/empty/seed4/boltz_results_full_blind/predictions/full_blind/full_blind_model_0.pdb,113,113,113,,SER,L,50,50,,TRP,56,,CDR2,3.1876629370120053,1,1
Full181,empty,4,results/full181_supplement/raw/empty/seed4/boltz_results_full_blind/predictions/full_blind/full_blind_model_0.pdb,114,114,114,,THR,H,104,104,,TRP,113,,CDR3,3.129772675451046,1,1
Full181,empty,4,results/full181_supplement/raw/empty/seed4/boltz_results_full_blind/predictions/full_blind/full_blind_model_0.pdb,114,114,114,,THR,L,32,32,,ALA,38,,CDR1,4.579056234640497,0,1
Full181,empty,4,results/full181_supplement/raw/empty/seed4/boltz_results_full_blind/predictions/full_blind/full_blind_model_0.pdb,114,114,114,,THR,L,50,50,,TRP,56,,CDR2,2.952086888965161,1,1
Full181,empty,4,results/full181_supplement/raw/empty/seed4/boltz_results_full_blind/predictions/full_blind/full_blind_model_0.pdb,114,114,114,,THR,L,90,90,,TYR,107,,CDR3,3.515954066821693,1,1
Full181,empty,4,results/full181_supplement/raw/empty/seed4/boltz_results_full_blind/predictions/full_blind/full_blind_model_0.pdb,114,114,114,,THR,L,91,91,,SER,108,,CDR3,3.9031748615710264,1,1
Full181,empty,4,results/full181_supplement/raw/empty/seed4/boltz_results_full_blind/predictions/full_blind/full_blind_model_0.pdb,117,117,117,,ASN,L,29,29,,VAL,29,,CDR1,4.058416070340743,1,1
Full181,empty,4,results/full181_supplement/raw/empty/seed4/boltz_results_full_blind/predictions/full_blind/full_blind_model_0.pdb,117,117,117,,ASN,L,30,30,,GLY,36,,CDR1,4.034084902428307,1,1
Full181,empty,4,results/full181_supplement/raw/empty/seed4/boltz_results_full_blind/predictions/full_blind/full_blind_model_0.pdb,117,117,117,,ASN,L,31,31,,THR,37,,CDR1,4.264734575562704,1,1
Full181,empty,4,results/full181_supplement/raw/empty/seed4/boltz_results_full_blind/predictions/full_blind/full_blind_model_0.pdb,117,117,117,,ASN,L,32,32,,ALA,38,,CDR1,4.8059216597859775,0,1
Full181,empty,4,results/full181_supplement/raw/empty/seed4/boltz_results_full_blind/predictions/full_blind/full_blind_model_0.pdb,117,117,117,,ASN,L,91,91,,SER,108,,CDR3,4.785557961199509,0,1
Full181,empty,4,results/full181_supplement/raw/empty/seed4/boltz_results_full_blind/predictions/full_blind/full_blind_model_0.pdb,118,118,118,,ASN,L,91,91,,SER,108,,CDR3,1.9702862736160955,1,1
Full181,empty,4,results/full181_supplement/raw/empty/seed4/boltz_results_full_blind/predictions/full_blind/full_blind_model_0.pdb,118,118,118,,ASN,L,92,92,,SER,109,,CDR3,3.20509219836185,1,1
Full181,empty,4,results/full181_supplement/raw/empty/seed4/boltz_results_full_blind/predictions/full_blind/full_blind_model_0.pdb,121,121,121,,VAL,L,27,27,,GLN,27,,CDR1,4.02601974659837,1,1
Full181,empty,4,results/full181_supplement/raw/empty/seed4/boltz_results_full_blind/predictions/full_blind/full_blind_model_0.pdb,121,121,121,,VAL,L,28,28,,ASP,28,,CDR1,4.18789816017534,1,1
Full181,empty,4,results/full181_supplement/raw/empty/seed4/boltz_results_full_blind/predictions/full_blind/full_blind_model_0.pdb,149,149,149,,ARG,L,28,28,,ASP,28,,CDR1,2.0290926543654924,1,1
Full181,empty,4,results/full181_supplement/raw/empty/seed4/boltz_results_full_blind/predictions/full_blind/full_blind_model_0.pdb,153,153,153,,LYS,L,28,28,,ASP,28,,CDR1,3.1318585536387173,1,1
Full181,empty,4,results/full181_supplement/raw/empty/seed4/boltz_results_full_blind/predictions/full_blind/full_blind_model_0.pdb,153,153,153,,LYS,L,30,30,,GLY,36,,CDR1,4.079414051061746,1,1
Full181,empty,4,results/full181_supplement/raw/empty/seed4/boltz_results_full_blind/predictions/full_blind/full_blind_model_0.pdb,156,156,156,,ASP,L,31,31,,THR,37,,CDR1,2.955514337640743,1,1
Full181,empty,4,results/full181_supplement/raw/empty/seed4/boltz_results_full_blind/predictions/full_blind/full_blind_model_0.pdb,156,156,156,,ASP,L,50,50,,TRP,56,,CDR2,3.5125672947290285,1,1
Full181,empty,4,results/full181_supplement/raw/empty/seed4/boltz_results_full_blind/predictions/full_blind/full_blind_model_0.pdb,160,160,160,,ALA,L,53,53,,ARG,66,,FR3,2.676472491919167,1,1
Full181,empty,4,results/full181_supplement/raw/empty/seed4/boltz_results_full_blind/predictions/full_blind/full_blind_model_0.pdb,161,161,161,,LEU,L,53,53,,ARG,66,,FR3,4.830907782187525,0,1
Full181,empty,4,results/full181_supplement/raw/empty/seed4/boltz_results_full_blind/predictions/full_blind/full_blind_model_0.pdb,163,163,163,,LYS,H,102,102,,ASP,111,,CDR3,1.7569456451467127,1,1
Full181,empty,4,results/full181_supplement/raw/empty/seed4/boltz_results_full_blind/predictions/full_blind/full_blind_model_0.pdb,163,163,163,,LYS,L,49,49,,TYR,55,,FR2,4.669842074417506,0,1
Full181,empty,4,results/full181_supplement/raw/empty/seed4/boltz_results_full_blind/predictions/full_blind/full_blind_model_0.pdb,163,163,163,,LYS,L,53,53,,ARG,66,,FR3,4.569627337103103,0,1
Full181,empty,4,results/full181_supplement/raw/empty/seed4/boltz_results_full_blind/predictions/full_blind/full_blind_model_0.pdb,164,164,164,,ALA,L,53,53,,ARG,66,,FR3,4.869681919797227,0,1
Full181,empty,5,results/full181_supplement/raw/empty/seed5/boltz_results_full_blind/predictions/full_blind/full_blind_model_0.pdb,56,56,56,,GLN,H,56,56,,ASP,64,,CDR2,3.8488159218128373,1,1
Full181,empty,5,results/full181_supplement/raw/empty/seed5/boltz_results_full_blind/predictions/full_blind/full_blind_model_0.pdb,57,57,57,,THR,H,56,56,,ASP,64,,CDR2,3.677470598114959,1,1
Full181,empty,5,results/full181_supplement/raw/empty/seed5/boltz_results_full_blind/predictions/full_blind/full_blind_model_0.pdb,57,57,57,,THR,H,58,58,,SER,66,,FR3,3.8077342344234055,1,1
Full181,empty,5,results/full181_supplement/raw/empty/seed5/boltz_results_full_blind/predictions/full_blind/full_blind_model_0.pdb,57,57,57,,THR,L,93,93,,TYR,114,,CDR3,3.7611788045770966,1,1
Full181,empty,5,results/full181_supplement/raw/empty/seed5/boltz_results_full_blind/predictions/full_blind/full_blind_model_0.pdb,58,58,58,,GLN,H,33,33,,ASN,38,,CDR1,3.4251899217415662,1,1
Full181,empty,5,results/full181_supplement/raw/empty/seed5/boltz_results_full_blind/predictions/full_blind/full_blind_model_0.pdb,58,58,58,,GLN,H,53,53,,TYR,59,,CDR2,4.573457991498336,0,1
Full181,empty,5,results/full181_supplement/raw/empty/seed5/boltz_results_full_blind/predictions/full_blind/full_blind_model_0.pdb,58,58,58,,GLN,H,56,56,,ASP,64,,CDR2,4.517673959019176,0,1
Full181,empty,5,results/full181_supplement/raw/empty/seed5/boltz_results_full_blind/predictions/full_blind/full_blind_model_0.pdb,58,58,58,,GLN,H,100,100,,ILE,109,,CDR3,1.1261749420050156,1,1
Full181,empty,5,results/full181_supplement/raw/empty/seed5/boltz_results_full_blind/predictions/full_blind/full_blind_model_0.pdb,58,58,58,,GLN,H,104,104,,TRP,113,,CDR3,2.622150453349312,1,1
Full181,empty,5,results/full181_supplement/raw/empty/seed5/boltz_results_full_blind/predictions/full_blind/full_blind_model_0.pdb,59,59,59,,ASP,H,33,33,,ASN,38,,CDR1,4.794775177211127,0,1
Full181,empty,5,results/full181_supplement/raw/empty/seed5/boltz_results_full_blind/predictions/full_blind/full_blind_model_0.pdb,59,59,59,,ASP,H,35,35,,TYR,40,,FR2,1.6857870565406534,1,1
Full181,empty,5,results/full181_supplement/raw/empty/seed5/boltz_results_full_blind/predictions/full_blind/full_blind_model_0.pdb,59,59,59,,ASP,H,50,50,,ILE,56,,CDR2,2.5812574455098423,1,1
Full181,empty,5,results/full181_supplement/raw/empty/seed5/boltz_results_full_blind/predictions/full_blind/full_blind_model_0.pdb,59,59,59,,ASP,H,98,98,,TRP,107,,CDR3,3.8008834499363435,1,1
Full181,empty,5,results/full181_supplement/raw/empty/seed5/boltz_results_full_blind/predictions/full_blind/full_blind_model_0.pdb,59,59,59,,ASP,H,100,100,,ILE,109,,CDR3,4.781225156798202,0,1
Full181,empty,5,results/full181_supplement/raw/empty/seed5/boltz_results_full_blind/predictions/full_blind/full_blind_model_0.pdb,59,59,59,,ASP,H,104,104,,TRP,113,,CDR3,3.596312834000958,1,1
Full181,empty,5,results/full181_supplement/raw/empty/seed5/boltz_results_full_blind/predictions/full_blind/full_blind_model_0.pdb,59,59,59,,ASP,L,93,93,,TYR,114,,CDR3,1.694485467627268,1,1
Full181,empty,5,results/full181_supplement/raw/empty/seed5/boltz_results_full_blind/predictions/full_blind/full_blind_model_0.pdb,59,59,59,,ASP,L,95,95,,TYR,116,,CDR3,2.7197236992018134,1,1
Full181,empty,5,results/full181_supplement/raw/empty/seed5/boltz_results_full_blind/predictions/full_blind/full_blind_model_0.pdb,60,60,60,,ASP,H,58,58,,SER,66,,FR3,4.7804453767405395,0,1
Full181,empty,5,results/full181_supplement/raw/empty/seed5/boltz_results_full_blind/predictions/full_blind/full_blind_model_0.pdb,60,60,60,,ASP,L,93,93,,TYR,114,,CDR3,2.511242521143667,1,1
Full181,empty,5,results/full181_supplement/raw/empty/seed5/boltz_results_full_blind/predictions/full_blind/full_blind_model_0.pdb,60,60,60,,ASP,L,95,95,,TYR,116,,CDR3,4.641838644330498,0,1
Full181,empty,5,results/full181_supplement/raw/empty/seed5/boltz_results_full_blind/predictions/full_blind/full_blind_model_0.pdb,61,61,61,,ILE,H,104,104,,TRP,113,,CDR3,4.550761254998992,0,1
Full181,empty,5,results/full181_supplement/raw/empty/seed5/boltz_results_full_blind/predictions/full_blind/full_blind_model_0.pdb,62,62,62,,THR,H,98,98,,TRP,107,,CDR3,4.8209494915420965,0,1
Full181,empty,5,results/full181_supplement/raw/empty/seed5/boltz_results_full_blind/predictions/full_blind/full_blind_model_0.pdb,62,62,62,,THR,H,104,104,,TRP,113,,CDR3,2.7228457539860753,1,1
Full181,empty,5,results/full181_supplement/raw/empty/seed5/boltz_results_full_blind/predictions/full_blind/full_blind_model_0.pdb,62,62,62,,THR,L,32,32,,ALA,38,,CDR1,4.21478065858711,1,1
Full181,empty,5,results/full181_supplement/raw/empty/seed5/boltz_results_full_blind/predictions/full_blind/full_blind_model_0.pdb,62,62,62,,THR,L,90,90,,TYR,107,,CDR3,2.30889778898937,1,1
Full181,empty,5,results/full181_supplement/raw/empty/seed5/boltz_results_full_blind/predictions/full_blind/full_blind_model_0.pdb,62,62,62,,THR,L,91,91,,SER,108,,CDR3,2.7355652066803304,1,1
Full181,empty,5,results/full181_supplement/raw/empty/seed5/boltz_results_full_blind/predictions/full_blind/full_blind_model_0.pdb,62,62,62,,THR,L,92,92,,SER,109,,CDR3,4.549357537059492,0,1
Full181,empty,5,results/full181_supplement/raw/empty/seed5/boltz_results_full_blind/predictions/full_blind/full_blind_model_0.pdb,62,62,62,,THR,L,95,95,,TYR,116,,CDR3,4.197661968286632,1,1
Full181,empty,5,results/full181_supplement/raw/empty/seed5/boltz_results_full_blind/predictions/full_blind/full_blind_model_0.pdb,63,63,63,,SER,L,90,90,,TYR,107,,CDR3,4.302921100833712,1,1
Full181,empty,5,results/full181_supplement/raw/empty/seed5/boltz_results_full_blind/predictions/full_blind/full_blind_model_0.pdb,63,63,63,,SER,L,91,91,,SER,108,,CDR3,1.4667934414906554,1,1
Full181,empty,5,results/full181_supplement/raw/empty/seed5/boltz_results_full_blind/predictions/full_blind/full_blind_model_0.pdb,63,63,63,,SER,L,92,92,,SER,109,,CDR3,2.3419030722897136,1,1
Full181,empty,5,results/full181_supplement/raw/empty/seed5/boltz_results_full_blind/predictions/full_blind/full_blind_model_0.pdb,63,63,63,,SER,L,93,93,,TYR,114,,CDR3,3.304333820908535,1,1
Full181,empty,5,results/full181_supplement/raw/empty/seed5/boltz_results_full_blind/predictions/full_blind/full_blind_model_0.pdb,63,63,63,,SER,L,95,95,,TYR,116,,CDR3,4.676760737946725,0,1
Full181,empty,5,results/full181_supplement/raw/empty/seed5/boltz_results_full_blind/predictions/full_blind/full_blind_model_0.pdb,64,64,64,,ILE,L,91,91,,SER,108,,CDR3,3.4422001684968873,1,1
Full181,empty,5,results/full181_supplement/raw/empty/seed5/boltz_results_full_blind/predictions/full_blind/full_blind_model_0.pdb,65,65,65,,ARG,L,28,28,,ASP,28,,CDR1,1.8533458932428128,1,1
Full181,empty,5,results/full181_supplement/raw/empty/seed5/boltz_results_full_blind/predictions/full_blind/full_blind_model_0.pdb,65,65,65,,ARG,L,29,29,,VAL,29,,CDR1,3.5780769974946036,1,1
Full181,empty,5,results/full181_supplement/raw/empty/seed5/boltz_results_full_blind/predictions/full_blind/full_blind_model_0.pdb,65,65,65,,ARG,L,30,30,,GLY,36,,CDR1,4.338178650078856,1,1
Full181,empty,5,results/full181_supplement/raw/empty/seed5/boltz_results_full_blind/predictions/full_blind/full_blind_model_0.pdb,65,65,65,,ARG,L,91,91,,SER,108,,CDR3,4.803687854138734,0,1
Full181,empty,5,results/full181_supplement/raw/empty/seed5/boltz_results_full_blind/predictions/full_blind/full_blind_model_0.pdb,98,98,98,,ASN,H,54,54,,ASN,62,,CDR2,2.4489857084107287,1,1
Full181,empty,5,results/full181_supplement/raw/empty/seed5/boltz_results_full_blind/predictions/full_blind/full_blind_model_0.pdb,99,99,99,,TYR,H,53,53,,TYR,59,,CDR2,3.157796858570861,1,1
Full181,empty,5,results/full181_supplement/raw/empty/seed5/boltz_results_full_blind/predictions/full_blind/full_blind_model_0.pdb,99,99,99,,TYR,H,54,54,,ASN,62,,CDR2,3.2760372403255733,1,1
Full181,empty,5,results/full181_supplement/raw/empty/seed5/boltz_results_full_blind/predictions/full_blind/full_blind_model_0.pdb,99,99,99,,TYR,H,56,56,,ASP,64,,CDR2,3.2814000060949593,1,1
Full181,empty,5,results/full181_supplement/raw/empty/seed5/boltz_results_full_blind/predictions/full_blind/full_blind_model_0.pdb,100,100,100,,HIS,H,53,53,,TYR,59,,CDR2,4.846481816740882,0,1
Full181,empty,5,results/full181_supplement/raw/empty/seed5/boltz_results_full_blind/predictions/full_blind/full_blind_model_0.pdb,100,100,100,,HIS,H,54,54,,ASN,62,,CDR2,4.003217830695702,1,1
Full181,empty,5,results/full181_supplement/raw/empty/seed5/boltz_results_full_blind/predictions/full_blind/full_blind_model_0.pdb,101,101,101,,SER,H,30,30,,THR,35,,CDR1,4.373331910568874,1,1
Full181,empty,5,results/full181_supplement/raw/empty/seed5/boltz_results_full_blind/predictions/full_blind/full_blind_model_0.pdb,101,101,101,,SER,H,31,31,,ASP,36,,CDR1,2.008978098437112,1,1
Full181,empty,5,results/full181_supplement/raw/empty/seed5/boltz_results_full_blind/predictions/full_blind/full_blind_model_0.pdb,101,101,101,,SER,H,53,53,,TYR,59,,CDR2,2.979578158061976,1,1
Full181,empty,5,results/full181_supplement/raw/empty/seed5/boltz_results_full_blind/predictions/full_blind/full_blind_model_0.pdb,103,103,103,,ILE,H,31,31,,ASP,36,,CDR1,3.3824053571386155,1,1
Full181,empty,5,results/full181_supplement/raw/empty/seed5/boltz_results_full_blind/predictions/full_blind/full_blind_model_0.pdb,103,103,103,,ILE,H,32,32,,TYR,37,,CDR1,3.9431857678785565,1,1
Full181,empty,5,results/full181_supplement/raw/empty/seed5/boltz_results_full_blind/predictions/full_blind/full_blind_model_0.pdb,103,103,103,,ILE,H,101,101,,THR,110,,CDR3,3.3869700323445437,1,1
Full181,empty,5,results/full181_supplement/raw/empty/seed5/boltz_results_full_blind/predictions/full_blind/full_blind_model_0.pdb,104,104,104,,ALA,H,31,31,,ASP,36,,CDR1,4.155980028825934,1,1
Full181,empty,5,results/full181_supplement/raw/empty/seed5/boltz_results_full_blind/predictions/full_blind/full_blind_model_0.pdb,104,104,104,,ALA,H,53,53,,TYR,59,,CDR2,2.8050278073487966,1,1
Full181,empty,5,results/full181_supplement/raw/empty/seed5/boltz_results_full_blind/predictions/full_blind/full_blind_model_0.pdb,104,104,104,,ALA,H,100,100,,ILE,109,,CDR3,4.064699496887808,1,1
Full181,empty,5,results/full181_supplement/raw/empty/seed5/boltz_results_full_blind/predictions/full_blind/full_blind_model_0.pdb,106,106,106,,PHE,H,100,100,,ILE,109,,CDR3,4.573647668983696,0,1
Full181,empty,5,results/full181_supplement/raw/empty/seed5/boltz_results_full_blind/predictions/full_blind/full_blind_model_0.pdb,106,106,106,,PHE,H,101,101,,THR,110,,CDR3,2.2387757815377585,1,1
Full181,empty,5,results/full181_supplement/raw/empty/seed5/boltz_results_full_blind/predictions/full_blind/full_blind_model_0.pdb,106,106,106,,PHE,H,102,102,,ASP,111,,CDR3,4.790447265130887,0,1
Full181,empty,5,results/full181_supplement/raw/empty/seed5/boltz_results_full_blind/predictions/full_blind/full_blind_model_0.pdb,107,107,107,,LYS,H,31,31,,ASP,36,,CDR1,2.18057056753502,1,1
Full181,empty,5,results/full181_supplement/raw/empty/seed5/boltz_results_full_blind/predictions/full_blind/full_blind_model_0.pdb,107,107,107,,LYS,H,32,32,,TYR,37,,CDR1,1.913958463499143,1,1
Full181,empty,5,results/full181_supplement/raw/empty/seed5/boltz_results_full_blind/predictions/full_blind/full_blind_model_0.pdb,107,107,107,,LYS,H,33,33,,ASN,38,,CDR1,4.816631810715865,0,1
Full181,empty,5,results/full181_supplement/raw/empty/seed5/boltz_results_full_blind/predictions/full_blind/full_blind_model_0.pdb,107,107,107,,LYS,H,98,98,,TRP,107,,CDR3,4.281827413616761,1,1
Full181,empty,5,results/full181_supplement/raw/empty/seed5/boltz_results_full_blind/predictions/full_blind/full_blind_model_0.pdb,107,107,107,,LYS,H,99,99,,GLU,108,,CDR3,4.597209914720014,0,1
Full181,empty,5,results/full181_supplement/raw/empty/seed5/boltz_results_full_blind/predictions/full_blind/full_blind_model_0.pdb,107,107,107,,LYS,H,100,100,,ILE,109,,CDR3,2.1927979843113685,1,1
Full181,empty,5,results/full181_supplement/raw/empty/seed5/boltz_results_full_blind/predictions/full_blind/full_blind_model_0.pdb,107,107,107,,LYS,H,101,101,,THR,110,,CDR3,2.1149451529531453,1,1
Full181,empty,5,results/full181_supplement/raw/empty/seed5/boltz_results_full_blind/predictions/full_blind/full_blind_model_0.pdb,107,107,107,,LYS,H,104,104,,TRP,113,,CDR3,4.244955712372038,1,1
Full181,empty,5,results/full181_supplement/raw/empty/seed5/boltz_results_full_blind/predictions/full_blind/full_blind_model_0.pdb,108,108,108,,VAL,H,100,100,,ILE,109,,CDR3,3.394184585434328,1,1
Full181,empty,5,results/full181_supplement/raw/empty/seed5/boltz_results_full_blind/predictions/full_blind/full_blind_model_0.pdb,108,108,108,,VAL,H,104,104,,TRP,113,,CDR3,4.85486920524127,0,1
Full181,empty,5,results/full181_supplement/raw/empty/seed5/boltz_results_full_blind/predictions/full_blind/full_blind_model_0.pdb,110,110,110,,ARG,H,100,100,,ILE,109,,CDR3,2.6783776806119035,1,1
Full181,empty,5,results/full181_supplement/raw/empty/seed5/boltz_results_full_blind/predictions/full_blind/full_blind_model_0.pdb,110,110,110,,ARG,H,101,101,,THR,110,,CDR3,2.094424264565324,1,1
Full181,empty,5,results/full181_supplement/raw/empty/seed5/boltz_results_full_blind/predictions/full_blind/full_blind_model_0.pdb,110,110,110,,ARG,H,102,102,,ASP,111,,CDR3,2.146201761251723,1,1
Full181,empty,5,results/full181_supplement/raw/empty/seed5/boltz_results_full_blind/predictions/full_blind/full_blind_model_0.pdb,110,110,110,,ARG,H,103,103,,PRO,112,,CDR3,4.253641381216803,1,1
Full181,empty,5,results/full181_supplement/raw/empty/seed5/boltz_results_full_blind/predictions/full_blind/full_blind_model_0.pdb,110,110,110,,ARG,H,104,104,,TRP,113,,CDR3,3.906016000991291,1,1
Full181,empty,5,results/full181_supplement/raw/empty/seed5/boltz_results_full_blind/predictions/full_blind/full_blind_model_0.pdb,110,110,110,,ARG,L,49,49,,TYR,55,,FR2,4.940801250809428,0,1
Full181,empty,5,results/full181_supplement/raw/empty/seed5/boltz_results_full_blind/predictions/full_blind/full_blind_model_0.pdb,110,110,110,,ARG,L,50,50,,TRP,56,,CDR2,4.148698229565511,1,1
Full181,empty,5,results/full181_supplement/raw/empty/seed5/boltz_results_full_blind/predictions/full_blind/full_blind_model_0.pdb,110,110,110,,ARG,L,53,53,,ARG,66,,FR3,3.414630287454266,1,1
Full181,empty,5,results/full181_supplement/raw/empty/seed5/boltz_results_full_blind/predictions/full_blind/full_blind_model_0.pdb,111,111,111,,SER,H,100,100,,ILE,109,,CDR3,4.577806243169319,0,1
Full181,empty,5,results/full181_supplement/raw/empty/seed5/boltz_results_full_blind/predictions/full_blind/full_blind_model_0.pdb,111,111,111,,SER,H,104,104,,TRP,113,,CDR3,2.7278975420642175,1,1
Full181,empty,5,results/full181_supplement/raw/empty/seed5/boltz_results_full_blind/predictions/full_blind/full_blind_model_0.pdb,114,114,114,,THR,H,104,104,,TRP,113,,CDR3,3.744936448058898,1,1
Full181,empty,5,results/full181_supplement/raw/empty/seed5/boltz_results_full_blind/predictions/full_blind/full_blind_model_0.pdb,114,114,114,,THR,L,32,32,,ALA,38,,CDR1,4.611154085475782,0,1
Full181,empty,5,results/full181_supplement/raw/empty/seed5/boltz_results_full_blind/predictions/full_blind/full_blind_model_0.pdb,114,114,114,,THR,L,50,50,,TRP,56,,CDR2,1.3867335721038845,1,1
Full181,empty,5,results/full181_supplement/raw/empty/seed5/boltz_results_full_blind/predictions/full_blind/full_blind_model_0.pdb,117,117,117,,ASN,L,31,31,,THR,37,,CDR1,3.740563593898652,1,1
Full181,empty,5,results/full181_supplement/raw/empty/seed5/boltz_results_full_blind/predictions/full_blind/full_blind_model_0.pdb,117,117,117,,ASN,L,50,50,,TRP,56,,CDR2,4.954269673725887,0,1
Full181,empty,5,results/full181_supplement/raw/empty/seed5/boltz_results_full_blind/predictions/full_blind/full_blind_model_0.pdb,118,118,118,,ASN,L,29,29,,VAL,29,,CDR1,3.8540795269428463,1,1
Full181,empty,5,results/full181_supplement/raw/empty/seed5/boltz_results_full_blind/predictions/full_blind/full_blind_model_0.pdb,118,118,118,,ASN,L,30,30,,GLY,36,,CDR1,3.509994017088918,1,1
Full181,empty,5,results/full181_supplement/raw/empty/seed5/boltz_results_full_blind/predictions/full_blind/full_blind_model_0.pdb,118,118,118,,ASN,L,31,31,,THR,37,,CDR1,4.617480481821228,0,1
Full181,empty,5,results/full181_supplement/raw/empty/seed5/boltz_results_full_blind/predictions/full_blind/full_blind_model_0.pdb,121,121,121,,VAL,L,28,28,,ASP,28,,CDR1,2.7231808606847983,1,1
Full181,empty,5,results/full181_supplement/raw/empty/seed5/boltz_results_full_blind/predictions/full_blind/full_blind_model_0.pdb,121,121,121,,VAL,L,30,30,,GLY,36,,CDR1,4.12030848359683,1,1
Full181,empty,5,results/full181_supplement/raw/empty/seed5/boltz_results_full_blind/predictions/full_blind/full_blind_model_0.pdb,121,121,121,,VAL,L,68,68,,GLY,84,,FR3,4.472877597252131,1,1
Full181,empty,5,results/full181_supplement/raw/empty/seed5/boltz_results_full_blind/predictions/full_blind/full_blind_model_0.pdb,122,122,122,,ILE,L,28,28,,ASP,28,,CDR1,4.6931521390212785,0,1
Full181,empty,5,results/full181_supplement/raw/empty/seed5/boltz_results_full_blind/predictions/full_blind/full_blind_model_0.pdb,125,125,125,,GLN,L,28,28,,ASP,28,,CDR1,2.3041462627185814,1,1
Full181,empty,5,results/full181_supplement/raw/empty/seed5/boltz_results_full_blind/predictions/full_blind/full_blind_model_0.pdb,125,125,125,,GLN,L,68,68,,GLY,84,,FR3,4.132322591473227,1,1
Full181,empty,5,results/full181_supplement/raw/empty/seed5/boltz_results_full_blind/predictions/full_blind/full_blind_model_0.pdb,149,149,149,,ARG,L,67,67,,SER,83,,FR3,4.801633680321729,0,1
Full181,empty,5,results/full181_supplement/raw/empty/seed5/boltz_results_full_blind/predictions/full_blind/full_blind_model_0.pdb,153,153,153,,LYS,L,31,31,,THR,37,,CDR1,4.4421136860733315,1,1
Full181,empty,5,results/full181_supplement/raw/empty/seed5/boltz_results_full_blind/predictions/full_blind/full_blind_model_0.pdb,153,153,153,,LYS,L,53,53,,ARG,66,,FR3,4.259293016452379,1,1
Full181,empty,5,results/full181_supplement/raw/empty/seed5/boltz_results_full_blind/predictions/full_blind/full_blind_model_0.pdb,156,156,156,,ASP,H,102,102,,ASP,111,,CDR3,4.426141547668805,1,1
Full181,empty,5,results/full181_supplement/raw/empty/seed5/boltz_results_full_blind/predictions/full_blind/full_blind_model_0.pdb,156,156,156,,ASP,L,50,50,,TRP,56,,CDR2,4.621100842872832,0,1
Full181,empty,5,results/full181_supplement/raw/empty/seed5/boltz_results_full_blind/predictions/full_blind/full_blind_model_0.pdb,156,156,156,,ASP,L,53,53,,ARG,66,,FR3,2.6964912386284507,1,1
Full181,empty,5,results/full181_supplement/raw/empty/seed5/boltz_results_full_blind/predictions/full_blind/full_blind_model_0.pdb,157,157,157,,THR,L,53,53,,ARG,66,,FR3,3.6766297066743077,1,1
Full181,empty,5,results/full181_supplement/raw/empty/seed5/boltz_results_full_blind/predictions/full_blind/full_blind_model_0.pdb,160,160,160,,ALA,L,53,53,,ARG,66,,FR3,4.978434392457131,0,1
Full181,empty,5,results/full181_supplement/raw/empty/seed5/boltz_results_full_blind/predictions/full_blind/full_blind_model_0.pdb,163,163,163,,LYS,H,32,32,,TYR,37,,CDR1,4.312471565123648,1,1
Full181,empty,5,results/full181_supplement/raw/empty/seed5/boltz_results_full_blind/predictions/full_blind/full_blind_model_0.pdb,163,163,163,,LYS,H,99,99,,GLU,108,,CDR3,4.422675773782202,1,1
Full181,empty,5,results/full181_supplement/raw/empty/seed5/boltz_results_full_blind/predictions/full_blind/full_blind_model_0.pdb,163,163,163,,LYS,H,101,101,,THR,110,,CDR3,2.8129822253259973,1,1
Full181,empty,5,results/full181_supplement/raw/empty/seed5/boltz_results_full_blind/predictions/full_blind/full_blind_model_0.pdb,163,163,163,,LYS,H,102,102,,ASP,111,,CDR3,3.0467653339238323,1,1
Full181,empty,6,results/full181_supplement/raw/empty/seed6/boltz_results_full_blind/predictions/full_blind/full_blind_model_0.pdb,54,54,54,,THR,L,91,91,,SER,108,,CDR3,3.221470937320404,1,1
Full181,empty,6,results/full181_supplement/raw/empty/seed6/boltz_results_full_blind/predictions/full_blind/full_blind_model_0.pdb,54,54,54,,THR,L,92,92,,SER,109,,CDR3,4.551021204081563,0,1
Full181,empty,6,results/full181_supplement/raw/empty/seed6/boltz_results_full_blind/predictions/full_blind/full_blind_model_0.pdb,57,57,57,,THR,H,58,58,,SER,66,,FR3,4.79826520734317,0,1
Full181,empty,6,results/full181_supplement/raw/empty/seed6/boltz_results_full_blind/predictions/full_blind/full_blind_model_0.pdb,57,57,57,,THR,L,93,93,,TYR,114,,CDR3,3.3346774956508165,1,1
Full181,empty,6,results/full181_supplement/raw/empty/seed6/boltz_results_full_blind/predictions/full_blind/full_blind_model_0.pdb,58,58,58,,GLN,H,33,33,,ASN,38,,CDR1,1.9590319037728816,1,1
Full181,empty,6,results/full181_supplement/raw/empty/seed6/boltz_results_full_blind/predictions/full_blind/full_blind_model_0.pdb,58,58,58,,GLN,H,50,50,,ILE,56,,CDR2,4.854664355030119,0,1
Full181,empty,6,results/full181_supplement/raw/empty/seed6/boltz_results_full_blind/predictions/full_blind/full_blind_model_0.pdb,58,58,58,,GLN,H,52,52,,PRO,58,,CDR2,4.169951318660687,1,1
Full181,empty,6,results/full181_supplement/raw/empty/seed6/boltz_results_full_blind/predictions/full_blind/full_blind_model_0.pdb,58,58,58,,GLN,H,53,53,,TYR,59,,CDR2,3.8438478117636237,1,1
Full181,empty,6,results/full181_supplement/raw/empty/seed6/boltz_results_full_blind/predictions/full_blind/full_blind_model_0.pdb,58,58,58,,GLN,H,100,100,,ILE,109,,CDR3,2.8293456840760904,1,1
Full181,empty,6,results/full181_supplement/raw/empty/seed6/boltz_results_full_blind/predictions/full_blind/full_blind_model_0.pdb,58,58,58,,GLN,L,93,93,,TYR,114,,CDR3,4.617267698542071,0,1
Full181,empty,6,results/full181_supplement/raw/empty/seed6/boltz_results_full_blind/predictions/full_blind/full_blind_model_0.pdb,59,59,59,,ASP,H,35,35,,TYR,40,,FR2,2.1931541213512564,1,1
Full181,empty,6,results/full181_supplement/raw/empty/seed6/boltz_results_full_blind/predictions/full_blind/full_blind_model_0.pdb,59,59,59,,ASP,H,47,47,,TRP,52,,FR2,3.9055785742960034,1,1
Full181,empty,6,results/full181_supplement/raw/empty/seed6/boltz_results_full_blind/predictions/full_blind/full_blind_model_0.pdb,59,59,59,,ASP,H,50,50,,ILE,56,,CDR2,2.4497320261612288,1,1
Full181,empty,6,results/full181_supplement/raw/empty/seed6/boltz_results_full_blind/predictions/full_blind/full_blind_model_0.pdb,59,59,59,,ASP,H,58,58,,SER,66,,FR3,3.855042023117257,1,1
Full181,empty,6,results/full181_supplement/raw/empty/seed6/boltz_results_full_blind/predictions/full_blind/full_blind_model_0.pdb,59,59,59,,ASP,L,93,93,,TYR,114,,CDR3,1.467276388414943,1,1
Full181,empty,6,results/full181_supplement/raw/empty/seed6/boltz_results_full_blind/predictions/full_blind/full_blind_model_0.pdb,59,59,59,,ASP,L,95,95,,TYR,116,,CDR3,2.2479401682429185,1,1
Full181,empty,6,results/full181_supplement/raw/empty/seed6/boltz_results_full_blind/predictions/full_blind/full_blind_model_0.pdb,60,60,60,,ASP,L,93,93,,TYR,114,,CDR3,3.1052196379644386,1,1
Full181,empty,6,results/full181_supplement/raw/empty/seed6/boltz_results_full_blind/predictions/full_blind/full_blind_model_0.pdb,60,60,60,,ASP,L,95,95,,TYR,116,,CDR3,4.248401346389016,1,1
Full181,empty,6,results/full181_supplement/raw/empty/seed6/boltz_results_full_blind/predictions/full_blind/full_blind_model_0.pdb,61,61,61,,ILE,H,104,104,,TRP,113,,CDR3,3.7184721324759176,1,1
Full181,empty,6,results/full181_supplement/raw/empty/seed6/boltz_results_full_blind/predictions/full_blind/full_blind_model_0.pdb,62,62,62,,THR,H,35,35,,TYR,40,,FR2,4.953904016026149,0,1
Full181,empty,6,results/full181_supplement/raw/empty/seed6/boltz_results_full_blind/predictions/full_blind/full_blind_model_0.pdb,62,62,62,,THR,H,98,98,,TRP,107,,CDR3,2.482896292638901,1,1
Full181,empty,6,results/full181_supplement/raw/empty/seed6/boltz_results_full_blind/predictions/full_blind/full_blind_model_0.pdb,62,62,62,,THR,H,100,100,,ILE,109,,CDR3,3.1998857792115016,1,1
Full181,empty,6,results/full181_supplement/raw/empty/seed6/boltz_results_full_blind/predictions/full_blind/full_blind_model_0.pdb,62,62,62,,THR,H,104,104,,TRP,113,,CDR3,3.2621968058349884,1,1
Full181,empty,6,results/full181_supplement/raw/empty/seed6/boltz_results_full_blind/predictions/full_blind/full_blind_model_0.pdb,62,62,62,,THR,L,50,50,,TRP,56,,CDR2,4.745201892438297,0,1
Full181,empty,6,results/full181_supplement/raw/empty/seed6/boltz_results_full_blind/predictions/full_blind/full_blind_model_0.pdb,62,62,62,,THR,L,90,90,,TYR,107,,CDR3,3.199328210734247,1,1
Full181,empty,6,results/full181_supplement/raw/empty/seed6/boltz_results_full_blind/predictions/full_blind/full_blind_model_0.pdb,62,62,62,,THR,L,95,95,,TYR,116,,CDR3,2.3885411865823043,1,1
Full181,empty,6,results/full181_supplement/raw/empty/seed6/boltz_results_full_blind/predictions/full_blind/full_blind_model_0.pdb,63,63,63,,SER,L,90,90,,TYR,107,,CDR3,2.9069867560757827,1,1
Full181,empty,6,results/full181_supplement/raw/empty/seed6/boltz_results_full_blind/predictions/full_blind/full_blind_model_0.pdb,63,63,63,,SER,L,91,91,,SER,108,,CDR3,2.186943300591033,1,1
Full181,empty,6,results/full181_supplement/raw/empty/seed6/boltz_results_full_blind/predictions/full_blind/full_blind_model_0.pdb,63,63,63,,SER,L,92,92,,SER,109,,CDR3,3.0681355902241347,1,1
Full181,empty,6,results/full181_supplement/raw/empty/seed6/boltz_results_full_blind/predictions/full_blind/full_blind_model_0.pdb,63,63,63,,SER,L,93,93,,TYR,114,,CDR3,4.518712205927702,0,1
Full181,empty,6,results/full181_supplement/raw/empty/seed6/boltz_results_full_blind/predictions/full_blind/full_blind_model_0.pdb,63,63,63,,SER,L,95,95,,TYR,116,,CDR3,3.2182485920139863,1,1
Full181,empty,6,results/full181_supplement/raw/empty/seed6/boltz_results_full_blind/predictions/full_blind/full_blind_model_0.pdb,64,64,64,,ILE,H,104,104,,TRP,113,,CDR3,4.480554541571835,1,1
Full181,empty,6,results/full181_supplement/raw/empty/seed6/boltz_results_full_blind/predictions/full_blind/full_blind_model_0.pdb,64,64,64,,ILE,L,50,50,,TRP,56,,CDR2,4.123813890077971,1,1
Full181,empty,6,results/full181_supplement/raw/empty/seed6/boltz_results_full_blind/predictions/full_blind/full_blind_model_0.pdb,64,64,64,,ILE,L,91,91,,SER,108,,CDR3,4.556289828358157,0,1
Full181,empty,6,results/full181_supplement/raw/empty/seed6/boltz_results_full_blind/predictions/full_blind/full_blind_model_0.pdb,65,65,65,,ARG,L,2,2,,ILE,2,,FR1,4.4258755066088336,1,1
Full181,empty,6,results/full181_supplement/raw/empty/seed6/boltz_results_full_blind/predictions/full_blind/full_blind_model_0.pdb,65,65,65,,ARG,L,27,27,,GLN,27,,CDR1,4.743774235774717,0,1
Full181,empty,6,results/full181_supplement/raw/empty/seed6/boltz_results_full_blind/predictions/full_blind/full_blind_model_0.pdb,65,65,65,,ARG,L,28,28,,ASP,28,,CDR1,1.7429738953868472,1,1
Full181,empty,6,results/full181_supplement/raw/empty/seed6/boltz_results_full_blind/predictions/full_blind/full_blind_model_0.pdb,65,65,65,,ARG,L,29,29,,VAL,29,,CDR1,2.8837505093194173,1,1
Full181,empty,6,results/full181_supplement/raw/empty/seed6/boltz_results_full_blind/predictions/full_blind/full_blind_model_0.pdb,65,65,65,,ARG,L,30,30,,GLY,36,,CDR1,3.118527376823874,1,1
Full181,empty,6,results/full181_supplement/raw/empty/seed6/boltz_results_full_blind/predictions/full_blind/full_blind_model_0.pdb,65,65,65,,ARG,L,91,91,,SER,108,,CDR3,3.5086092686419215,1,1
Full181,empty,6,results/full181_supplement/raw/empty/seed6/boltz_results_full_blind/predictions/full_blind/full_blind_model_0.pdb,68,68,68,,LYS,L,28,28,,ASP,28,,CDR1,1.935162525474282,1,1
Full181,empty,6,results/full181_supplement/raw/empty/seed6/boltz_results_full_blind/predictions/full_blind/full_blind_model_0.pdb,98,98,98,,ASN,H,54,54,,ASN,62,,CDR2,3.018476933819438,1,1
Full181,empty,6,results/full181_supplement/raw/empty/seed6/boltz_results_full_blind/predictions/full_blind/full_blind_model_0.pdb,99,99,99,,TYR,H,33,33,,ASN,38,,CDR1,4.925192178991598,0,1
Full181,empty,6,results/full181_supplement/raw/empty/seed6/boltz_results_full_blind/predictions/full_blind/full_blind_model_0.pdb,99,99,99,,TYR,H,54,54,,ASN,62,,CDR2,4.691021850300849,0,1
Full181,empty,6,results/full181_supplement/raw/empty/seed6/boltz_results_full_blind/predictions/full_blind/full_blind_model_0.pdb,99,99,99,,TYR,H,100,100,,ILE,109,,CDR3,3.0381180029748682,1,1
Full181,empty,6,results/full181_supplement/raw/empty/seed6/boltz_results_full_blind/predictions/full_blind/full_blind_model_0.pdb,100,100,100,,HIS,H,53,53,,TYR,59,,CDR2,4.446442735490923,1,1
Full181,empty,6,results/full181_supplement/raw/empty/seed6/boltz_results_full_blind/predictions/full_blind/full_blind_model_0.pdb,100,100,100,,HIS,H,54,54,,ASN,62,,CDR2,3.3181734433269154,1,1
Full181,empty,6,results/full181_supplement/raw/empty/seed6/boltz_results_full_blind/predictions/full_blind/full_blind_model_0.pdb,101,101,101,,SER,H,30,30,,THR,35,,CDR1,4.862569176885816,0,1
Full181,empty,6,results/full181_supplement/raw/empty/seed6/boltz_results_full_blind/predictions/full_blind/full_blind_model_0.pdb,101,101,101,,SER,H,31,31,,ASP,36,,CDR1,4.322648031010623,1,1
Full181,empty,6,results/full181_supplement/raw/empty/seed6/boltz_results_full_blind/predictions/full_blind/full_blind_model_0.pdb,101,101,101,,SER,H,53,53,,TYR,59,,CDR2,2.286434997982667,1,1
Full181,empty,6,results/full181_supplement/raw/empty/seed6/boltz_results_full_blind/predictions/full_blind/full_blind_model_0.pdb,103,103,103,,ILE,H,31,31,,ASP,36,,CDR1,2.537604579125755,1,1
Full181,empty,6,results/full181_supplement/raw/empty/seed6/boltz_results_full_blind/predictions/full_blind/full_blind_model_0.pdb,104,104,104,,ALA,H,31,31,,ASP,36,,CDR1,4.400089430909331,1,1
Full181,empty,6,results/full181_supplement/raw/empty/seed6/boltz_results_full_blind/predictions/full_blind/full_blind_model_0.pdb,104,104,104,,ALA,H,53,53,,TYR,59,,CDR2,4.004891758836936,1,1
Full181,empty,6,results/full181_supplement/raw/empty/seed6/boltz_results_full_blind/predictions/full_blind/full_blind_model_0.pdb,106,106,106,,PHE,H,101,101,,THR,110,,CDR3,4.888300420391529,0,1
Full181,empty,6,results/full181_supplement/raw/empty/seed6/boltz_results_full_blind/predictions/full_blind/full_blind_model_0.pdb,107,107,107,,LYS,H,28,28,,SER,29,,CDR1,4.885106447151382,0,1
Full181,empty,6,results/full181_supplement/raw/empty/seed6/boltz_results_full_blind/predictions/full_blind/full_blind_model_0.pdb,107,107,107,,LYS,H,31,31,,ASP,36,,CDR1,1.9614028143142854,1,1
Full181,empty,6,results/full181_supplement/raw/empty/seed6/boltz_results_full_blind/predictions/full_blind/full_blind_model_0.pdb,107,107,107,,LYS,H,32,32,,TYR,37,,CDR1,2.550046862314495,1,1
Full181,empty,6,results/full181_supplement/raw/empty/seed6/boltz_results_full_blind/predictions/full_blind/full_blind_model_0.pdb,107,107,107,,LYS,H,100,100,,ILE,109,,CDR3,4.130943475769186,1,1
Full181,empty,6,results/full181_supplement/raw/empty/seed6/boltz_results_full_blind/predictions/full_blind/full_blind_model_0.pdb,107,107,107,,LYS,H,101,101,,THR,110,,CDR3,2.3842881537263905,1,1
Full181,empty,6,results/full181_supplement/raw/empty/seed6/boltz_results_full_blind/predictions/full_blind/full_blind_model_0.pdb,108,108,108,,VAL,H,100,100,,ILE,109,,CDR3,3.6869180896786955,1,1
Full181,empty,6,results/full181_supplement/raw/empty/seed6/boltz_results_full_blind/predictions/full_blind/full_blind_model_0.pdb,108,108,108,,VAL,H,101,101,,THR,110,,CDR3,4.087121970286671,1,1
Full181,empty,6,results/full181_supplement/raw/empty/seed6/boltz_results_full_blind/predictions/full_blind/full_blind_model_0.pdb,110,110,110,,ARG,H,101,101,,THR,110,,CDR3,3.353990160987358,1,1
Full181,empty,6,results/full181_supplement/raw/empty/seed6/boltz_results_full_blind/predictions/full_blind/full_blind_model_0.pdb,110,110,110,,ARG,H,102,102,,ASP,111,,CDR3,4.934329235063263,0,1
Full181,empty,6,results/full181_supplement/raw/empty/seed6/boltz_results_full_blind/predictions/full_blind/full_blind_model_0.pdb,111,111,111,,SER,H,100,100,,ILE,109,,CDR3,2.8380715283445554,1,1
Full181,empty,6,results/full181_supplement/raw/empty/seed6/boltz_results_full_blind/predictions/full_blind/full_blind_model_0.pdb,111,111,111,,SER,H,101,101,,THR,110,,CDR3,2.8480108848106602,1,1
Full181,empty,6,results/full181_supplement/raw/empty/seed6/boltz_results_full_blind/predictions/full_blind/full_blind_model_0.pdb,111,111,111,,SER,H,102,102,,ASP,111,,CDR3,4.601750210517733,0,1
Full181,empty,6,results/full181_supplement/raw/empty/seed6/boltz_results_full_blind/predictions/full_blind/full_blind_model_0.pdb,111,111,111,,SER,H,104,104,,TRP,113,,CDR3,3.4995652587142874,1,1
Full181,empty,6,results/full181_supplement/raw/empty/seed6/boltz_results_full_blind/predictions/full_blind/full_blind_model_0.pdb,114,114,114,,THR,H,101,101,,THR,110,,CDR3,3.8666754453923335,1,1
Full181,empty,6,results/full181_supplement/raw/empty/seed6/boltz_results_full_blind/predictions/full_blind/full_blind_model_0.pdb,114,114,114,,THR,H,102,102,,ASP,111,,CDR3,2.6663655038272602,1,1
Full181,empty,6,results/full181_supplement/raw/empty/seed6/boltz_results_full_blind/predictions/full_blind/full_blind_model_0.pdb,114,114,114,,THR,L,50,50,,TRP,56,,CDR2,4.180662866101499,1,1
Full181,empty,6,results/full181_supplement/raw/empty/seed6/boltz_results_full_blind/predictions/full_blind/full_blind_model_0.pdb,115,115,115,,LEU,H,104,104,,TRP,113,,CDR3,3.6114657689087952,1,1
Full181,empty,6,results/full181_supplement/raw/empty/seed6/boltz_results_full_blind/predictions/full_blind/full_blind_model_0.pdb,115,115,115,,LEU,L,50,50,,TRP,56,,CDR2,4.937659769566955,0,1
Full181,empty,6,results/full181_supplement/raw/empty/seed6/boltz_results_full_blind/predictions/full_blind/full_blind_model_0.pdb,118,118,118,,ASN,L,50,50,,TRP,56,,CDR2,4.457298957889184,1,1
Full181,empty,7,results/full181_supplement/raw/empty/seed7/boltz_results_full_blind/predictions/full_blind/full_blind_model_0.pdb,30,30,30,,ARG,L,28,28,,ASP,28,,CDR1,4.169769058353232,1,1
Full181,empty,7,results/full181_supplement/raw/empty/seed7/boltz_results_full_blind/predictions/full_blind/full_blind_model_0.pdb,31,31,31,,SER,L,28,28,,ASP,28,,CDR1,2.083185541424479,1,1
Full181,empty,7,results/full181_supplement/raw/empty/seed7/boltz_results_full_blind/predictions/full_blind/full_blind_model_0.pdb,31,31,31,,SER,L,29,29,,VAL,29,,CDR1,4.599362890662141,0,1
Full181,empty,7,results/full181_supplement/raw/empty/seed7/boltz_results_full_blind/predictions/full_blind/full_blind_model_0.pdb,31,31,31,,SER,L,30,30,,GLY,36,,CDR1,3.1422297815404905,1,1
Full181,empty,7,results/full181_supplement/raw/empty/seed7/boltz_results_full_blind/predictions/full_blind/full_blind_model_0.pdb,31,31,31,,SER,L,31,31,,THR,37,,CDR1,4.966441281239516,0,1
Full181,empty,7,results/full181_supplement/raw/empty/seed7/boltz_results_full_blind/predictions/full_blind/full_blind_model_0.pdb,31,31,31,,SER,L,67,67,,SER,83,,FR3,3.61141094310797,1,1
Full181,empty,7,results/full181_supplement/raw/empty/seed7/boltz_results_full_blind/predictions/full_blind/full_blind_model_0.pdb,31,31,31,,SER,L,68,68,,GLY,84,,FR3,3.217721864922449,1,1
Full181,empty,7,results/full181_supplement/raw/empty/seed7/boltz_results_full_blind/predictions/full_blind/full_blind_model_0.pdb,32,32,32,,GLY,L,67,67,,SER,83,,FR3,3.2626231777513013,1,1
Full181,empty,7,results/full181_supplement/raw/empty/seed7/boltz_results_full_blind/predictions/full_blind/full_blind_model_0.pdb,32,32,32,,GLY,L,68,68,,GLY,84,,FR3,4.678594019574684,0,1
Full181,empty,7,results/full181_supplement/raw/empty/seed7/boltz_results_full_blind/predictions/full_blind/full_blind_model_0.pdb,45,45,45,,TRP,L,53,53,,ARG,66,,FR3,2.9861213973983043,1,1
Full181,empty,7,results/full181_supplement/raw/empty/seed7/boltz_results_full_blind/predictions/full_blind/full_blind_model_0.pdb,49,49,49,,TRP,H,101,101,,THR,110,,CDR3,4.105648426253762,1,1
Full181,empty,7,results/full181_supplement/raw/empty/seed7/boltz_results_full_blind/predictions/full_blind/full_blind_model_0.pdb,49,49,49,,TRP,H,102,102,,ASP,111,,CDR3,1.5230351276316643,1,1
Full181,empty,7,results/full181_supplement/raw/empty/seed7/boltz_results_full_blind/predictions/full_blind/full_blind_model_0.pdb,49,49,49,,TRP,L,53,53,,ARG,66,,FR3,2.9047585097560176,1,1
Full181,empty,7,results/full181_supplement/raw/empty/seed7/boltz_results_full_blind/predictions/full_blind/full_blind_model_0.pdb,52,52,52,,LYS,H,100,100,,ILE,109,,CDR3,4.346919483956427,1,1
Full181,empty,7,results/full181_supplement/raw/empty/seed7/boltz_results_full_blind/predictions/full_blind/full_blind_model_0.pdb,52,52,52,,LYS,H,101,101,,THR,110,,CDR3,2.138125580970397,1,1
Full181,empty,7,results/full181_supplement/raw/empty/seed7/boltz_results_full_blind/predictions/full_blind/full_blind_model_0.pdb,52,52,52,,LYS,H,102,102,,ASP,111,,CDR3,2.502415033522617,1,1
Full181,empty,7,results/full181_supplement/raw/empty/seed7/boltz_results_full_blind/predictions/full_blind/full_blind_model_0.pdb,52,52,52,,LYS,H,104,104,,TRP,113,,CDR3,4.329510595898802,1,1
Full181,empty,7,results/full181_supplement/raw/empty/seed7/boltz_results_full_blind/predictions/full_blind/full_blind_model_0.pdb,56,56,56,,GLN,H,31,31,,ASP,36,,CDR1,4.92097104238584,0,1
Full181,empty,7,results/full181_supplement/raw/empty/seed7/boltz_results_full_blind/predictions/full_blind/full_blind_model_0.pdb,57,57,57,,THR,H,30,30,,THR,35,,CDR1,4.865488464686767,0,1
Full181,empty,7,results/full181_supplement/raw/empty/seed7/boltz_results_full_blind/predictions/full_blind/full_blind_model_0.pdb,57,57,57,,THR,H,31,31,,ASP,36,,CDR1,4.693680112662132,0,1
Full181,empty,7,results/full181_supplement/raw/empty/seed7/boltz_results_full_blind/predictions/full_blind/full_blind_model_0.pdb,57,57,57,,THR,H,53,53,,TYR,59,,CDR2,3.2667189961794985,1,1
Full181,empty,7,results/full181_supplement/raw/empty/seed7/boltz_results_full_blind/predictions/full_blind/full_blind_model_0.pdb,57,57,57,,THR,H,100,100,,ILE,109,,CDR3,4.469752677721665,1,1
Full181,empty,7,results/full181_supplement/raw/empty/seed7/boltz_results_full_blind/predictions/full_blind/full_blind_model_0.pdb,58,58,58,,GLN,H,31,31,,ASP,36,,CDR1,3.5974497911715186,1,1
Full181,empty,7,results/full181_supplement/raw/empty/seed7/boltz_results_full_blind/predictions/full_blind/full_blind_model_0.pdb,58,58,58,,GLN,H,32,32,,TYR,37,,CDR1,2.1013921575945775,1,1
Full181,empty,7,results/full181_supplement/raw/empty/seed7/boltz_results_full_blind/predictions/full_blind/full_blind_model_0.pdb,58,58,58,,GLN,H,99,99,,GLU,108,,CDR3,4.15590315094084,1,1
Full181,empty,7,results/full181_supplement/raw/empty/seed7/boltz_results_full_blind/predictions/full_blind/full_blind_model_0.pdb,58,58,58,,GLN,H,100,100,,ILE,109,,CDR3,1.2915978476290524,1,1
Full181,empty,7,results/full181_supplement/raw/empty/seed7/boltz_results_full_blind/predictions/full_blind/full_blind_model_0.pdb,58,58,58,,GLN,H,101,101,,THR,110,,CDR3,2.0553476591564745,1,1
Full181,empty,7,results/full181_supplement/raw/empty/seed7/boltz_results_full_blind/predictions/full_blind/full_blind_model_0.pdb,59,59,59,,ASP,H,31,31,,ASP,36,,CDR1,4.072200510780381,1,1
Full181,empty,7,results/full181_supplement/raw/empty/seed7/boltz_results_full_blind/predictions/full_blind/full_blind_model_0.pdb,59,59,59,,ASP,H,33,33,,ASN,38,,CDR1,2.311984645277732,1,1
Full181,empty,7,results/full181_supplement/raw/empty/seed7/boltz_results_full_blind/predictions/full_blind/full_blind_model_0.pdb,59,59,59,,ASP,H,35,35,,TYR,40,,FR2,4.945102324522719,0,1
Full181,empty,7,results/full181_supplement/raw/empty/seed7/boltz_results_full_blind/predictions/full_blind/full_blind_model_0.pdb,59,59,59,,ASP,H,50,50,,ILE,56,,CDR2,4.789735796471451,0,1
Full181,empty,7,results/full181_supplement/raw/empty/seed7/boltz_results_full_blind/predictions/full_blind/full_blind_model_0.pdb,59,59,59,,ASP,H,53,53,,TYR,59,,CDR2,3.317193241280948,1,1
Full181,empty,7,results/full181_supplement/raw/empty/seed7/boltz_results_full_blind/predictions/full_blind/full_blind_model_0.pdb,59,59,59,,ASP,H,100,100,,ILE,109,,CDR3,1.7524069162155231,1,1
Full181,empty,7,results/full181_supplement/raw/empty/seed7/boltz_results_full_blind/predictions/full_blind/full_blind_model_0.pdb,60,60,60,,ASP,H,100,100,,ILE,109,,CDR3,3.5863862034086624,1,1
Full181,empty,7,results/full181_supplement/raw/empty/seed7/boltz_results_full_blind/predictions/full_blind/full_blind_model_0.pdb,61,61,61,,ILE,H,100,100,,ILE,109,,CDR3,1.9271761725384635,1,1
Full181,empty,7,results/full181_supplement/raw/empty/seed7/boltz_results_full_blind/predictions/full_blind/full_blind_model_0.pdb,61,61,61,,ILE,H,101,101,,THR,110,,CDR3,3.1068463109719486,1,1
Full181,empty,7,results/full181_supplement/raw/empty/seed7/boltz_results_full_blind/predictions/full_blind/full_blind_model_0.pdb,61,61,61,,ILE,H,102,102,,ASP,111,,CDR3,4.590830970532459,0,1
Full181,empty,7,results/full181_supplement/raw/empty/seed7/boltz_results_full_blind/predictions/full_blind/full_blind_model_0.pdb,61,61,61,,ILE,H,104,104,,TRP,113,,CDR3,2.4493325621483093,1,1
Full181,empty,7,results/full181_supplement/raw/empty/seed7/boltz_results_full_blind/predictions/full_blind/full_blind_model_0.pdb,62,62,62,,THR,H,33,33,,ASN,38,,CDR1,4.878540150495843,0,1
Full181,empty,7,results/full181_supplement/raw/empty/seed7/boltz_results_full_blind/predictions/full_blind/full_blind_model_0.pdb,62,62,62,,THR,H,35,35,,TYR,40,,FR2,4.056422192030805,1,1
Full181,empty,7,results/full181_supplement/raw/empty/seed7/boltz_results_full_blind/predictions/full_blind/full_blind_model_0.pdb,62,62,62,,THR,H,98,98,,TRP,107,,CDR3,3.664349737675158,1,1
Full181,empty,7,results/full181_supplement/raw/empty/seed7/boltz_results_full_blind/predictions/full_blind/full_blind_model_0.pdb,62,62,62,,THR,H,100,100,,ILE,109,,CDR3,2.8794961364794363,1,1
Full181,empty,7,results/full181_supplement/raw/empty/seed7/boltz_results_full_blind/predictions/full_blind/full_blind_model_0.pdb,62,62,62,,THR,H,104,104,,TRP,113,,CDR3,4.388407797823716,1,1
Full181,empty,7,results/full181_supplement/raw/empty/seed7/boltz_results_full_blind/predictions/full_blind/full_blind_model_0.pdb,62,62,62,,THR,L,93,93,,TYR,114,,CDR3,4.594156723491266,0,1
Full181,empty,7,results/full181_supplement/raw/empty/seed7/boltz_results_full_blind/predictions/full_blind/full_blind_model_0.pdb,62,62,62,,THR,L,95,95,,TYR,116,,CDR3,4.02207023807392,1,1
Full181,empty,7,results/full181_supplement/raw/empty/seed7/boltz_results_full_blind/predictions/full_blind/full_blind_model_0.pdb,63,63,63,,SER,H,98,98,,TRP,107,,CDR3,4.900941134108836,0,1
Full181,empty,7,results/full181_supplement/raw/empty/seed7/boltz_results_full_blind/predictions/full_blind/full_blind_model_0.pdb,63,63,63,,SER,H,104,104,,TRP,113,,CDR3,3.614690304853239,1,1
Full181,empty,7,results/full181_supplement/raw/empty/seed7/boltz_results_full_blind/predictions/full_blind/full_blind_model_0.pdb,63,63,63,,SER,L,50,50,,TRP,56,,CDR2,4.786273393779339,0,1
Full181,empty,7,results/full181_supplement/raw/empty/seed7/boltz_results_full_blind/predictions/full_blind/full_blind_model_0.pdb,63,63,63,,SER,L,90,90,,TYR,107,,CDR3,4.615996533794193,0,1
Full181,empty,7,results/full181_supplement/raw/empty/seed7/boltz_results_full_blind/predictions/full_blind/full_blind_model_0.pdb,63,63,63,,SER,L,91,91,,SER,108,,CDR3,4.86125374774862,0,1
Full181,empty,7,results/full181_supplement/raw/empty/seed7/boltz_results_full_blind/predictions/full_blind/full_blind_model_0.pdb,63,63,63,,SER,L,93,93,,TYR,114,,CDR3,4.693597554115606,0,1
Full181,empty,7,results/full181_supplement/raw/empty/seed7/boltz_results_full_blind/predictions/full_blind/full_blind_model_0.pdb,63,63,63,,SER,L,95,95,,TYR,116,,CDR3,3.4714267960018974,1,1
Full181,empty,7,results/full181_supplement/raw/empty/seed7/boltz_results_full_blind/predictions/full_blind/full_blind_model_0.pdb,64,64,64,,ILE,H,104,104,,TRP,113,,CDR3,1.07549476986176,1,1
Full181,empty,7,results/full181_supplement/raw/empty/seed7/boltz_results_full_blind/predictions/full_blind/full_blind_model_0.pdb,64,64,64,,ILE,L,50,50,,TRP,56,,CDR2,1.5894480173947183,1,1
Full181,empty,7,results/full181_supplement/raw/empty/seed7/boltz_results_full_blind/predictions/full_blind/full_blind_model_0.pdb,64,64,64,,ILE,L,90,90,,TYR,107,,CDR3,4.6969822226616955,0,1
Full181,empty,7,results/full181_supplement/raw/empty/seed7/boltz_results_full_blind/predictions/full_blind/full_blind_model_0.pdb,65,65,65,,ARG,H,104,104,,TRP,113,,CDR3,3.9545959338470977,1,1
Full181,empty,7,results/full181_supplement/raw/empty/seed7/boltz_results_full_blind/predictions/full_blind/full_blind_model_0.pdb,65,65,65,,ARG,L,28,28,,ASP,28,,CDR1,3.6982733809171005,1,1
Full181,empty,7,results/full181_supplement/raw/empty/seed7/boltz_results_full_blind/predictions/full_blind/full_blind_model_0.pdb,65,65,65,,ARG,L,29,29,,VAL,29,,CDR1,3.386263722748126,1,1
Full181,empty,7,results/full181_supplement/raw/empty/seed7/boltz_results_full_blind/predictions/full_blind/full_blind_model_0.pdb,65,65,65,,ARG,L,30,30,,GLY,36,,CDR1,4.045092582376824,1,1
Full181,empty,7,results/full181_supplement/raw/empty/seed7/boltz_results_full_blind/predictions/full_blind/full_blind_model_0.pdb,65,65,65,,ARG,L,31,31,,THR,37,,CDR1,4.343024867531845,1,1
Full181,empty,7,results/full181_supplement/raw/empty/seed7/boltz_results_full_blind/predictions/full_blind/full_blind_model_0.pdb,65,65,65,,ARG,L,32,32,,ALA,38,,CDR1,3.757517930762274,1,1
Full181,empty,7,results/full181_supplement/raw/empty/seed7/boltz_results_full_blind/predictions/full_blind/full_blind_model_0.pdb,65,65,65,,ARG,L,50,50,,TRP,56,,CDR2,2.359084144323809,1,1
Full181,empty,7,results/full181_supplement/raw/empty/seed7/boltz_results_full_blind/predictions/full_blind/full_blind_model_0.pdb,65,65,65,,ARG,L,91,91,,SER,108,,CDR3,2.451012035874161,1,1
Full181,empty,7,results/full181_supplement/raw/empty/seed7/boltz_results_full_blind/predictions/full_blind/full_blind_model_0.pdb,65,65,65,,ARG,L,92,92,,SER,109,,CDR3,4.119764070914742,1,1
Full181,empty,7,results/full181_supplement/raw/empty/seed7/boltz_results_full_blind/predictions/full_blind/full_blind_model_0.pdb,66,66,66,,LEU,L,31,31,,THR,37,,CDR1,1.4058285813000106,1,1
Full181,empty,7,results/full181_supplement/raw/empty/seed7/boltz_results_full_blind/predictions/full_blind/full_blind_model_0.pdb,66,66,66,,LEU,L,50,50,,TRP,56,,CDR2,2.4106353934180915,1,1
Full181,empty,7,results/full181_supplement/raw/empty/seed7/boltz_results_full_blind/predictions/full_blind/full_blind_model_0.pdb,66,66,66,,LEU,L,53,53,,ARG,66,,FR3,3.187627487646572,1,1
Full181,empty,7,results/full181_supplement/raw/empty/seed7/boltz_results_full_blind/predictions/full_blind/full_blind_model_0.pdb,67,67,67,,LEU,L,30,30,,GLY,36,,CDR1,4.594046691099254,0,1
Full181,empty,7,results/full181_supplement/raw/empty/seed7/boltz_results_full_blind/predictions/full_blind/full_blind_model_0.pdb,67,67,67,,LEU,L,31,31,,THR,37,,CDR1,3.377487083617049,1,1
Full181,empty,7,results/full181_supplement/raw/empty/seed7/boltz_results_full_blind/predictions/full_blind/full_blind_model_0.pdb,67,67,67,,LEU,L,67,67,,SER,83,,FR3,4.865300607362303,0,1
Full181,empty,7,results/full181_supplement/raw/empty/seed7/boltz_results_full_blind/predictions/full_blind/full_blind_model_0.pdb,68,68,68,,LYS,L,31,31,,THR,37,,CDR1,3.568612195237806,1,1
Full181,empty,7,results/full181_supplement/raw/empty/seed7/boltz_results_full_blind/predictions/full_blind/full_blind_model_0.pdb,68,68,68,,LYS,L,51,51,,ALA,57,,CDR2,4.3934497834845,1,1
Full181,empty,7,results/full181_supplement/raw/empty/seed7/boltz_results_full_blind/predictions/full_blind/full_blind_model_0.pdb,68,68,68,,LYS,L,52,52,,SER,65,,CDR2,3.8526627155773707,1,1
Full181,empty,7,results/full181_supplement/raw/empty/seed7/boltz_results_full_blind/predictions/full_blind/full_blind_model_0.pdb,68,68,68,,LYS,L,64,64,,GLY,78,,FR3,4.608242181135884,0,1
Full181,empty,7,results/full181_supplement/raw/empty/seed7/boltz_results_full_blind/predictions/full_blind/full_blind_model_0.pdb,68,68,68,,LYS,L,65,65,,SER,79,,FR3,3.093964770323024,1,1
Full181,empty,7,results/full181_supplement/raw/empty/seed7/boltz_results_full_blind/predictions/full_blind/full_blind_model_0.pdb,68,68,68,,LYS,L,66,66,,GLY,80,,FR3,2.5991456288557595,1,1
Full181,empty,7,results/full181_supplement/raw/empty/seed7/boltz_results_full_blind/predictions/full_blind/full_blind_model_0.pdb,71,71,71,,VAL,L,67,67,,SER,83,,FR3,4.372408260901537,1,1
Full181,empty,7,results/full181_supplement/raw/empty/seed7/boltz_results_full_blind/predictions/full_blind/full_blind_model_0.pdb,90,90,90,,PHE,L,29,29,,VAL,29,,CDR1,4.870756922696923,0,1
Full181,empty,7,results/full181_supplement/raw/empty/seed7/boltz_results_full_blind/predictions/full_blind/full_blind_model_0.pdb,90,90,90,,PHE,L,91,91,,SER,108,,CDR3,4.6857010147895695,0,1
Full181,empty,7,results/full181_supplement/raw/empty/seed7/boltz_results_full_blind/predictions/full_blind/full_blind_model_0.pdb,91,91,91,,TYR,H,104,104,,TRP,113,,CDR3,4.6006027865922094,0,1
Full181,empty,7,results/full181_supplement/raw/empty/seed7/boltz_results_full_blind/predictions/full_blind/full_blind_model_0.pdb,94,94,94,,THR,L,91,91,,SER,108,,CDR3,3.271907394777548,1,1
Full181,empty,7,results/full181_supplement/raw/empty/seed7/boltz_results_full_blind/predictions/full_blind/full_blind_model_0.pdb,97,97,97,,LYS,L,92,92,,SER,109,,CDR3,4.688390448757441,0,1
Full181,empty,7,results/full181_supplement/raw/empty/seed7/boltz_results_full_blind/predictions/full_blind/full_blind_model_0.pdb,97,97,97,,LYS,L,93,93,,TYR,114,,CDR3,4.25227186336904,1,1
Full181,empty,7,results/full181_supplement/raw/empty/seed7/boltz_results_full_blind/predictions/full_blind/full_blind_model_0.pdb,98,98,98,,ASN,H,58,58,,SER,66,,FR3,4.30551762277197,1,1
Full181,empty,7,results/full181_supplement/raw/empty/seed7/boltz_results_full_blind/predictions/full_blind/full_blind_model_0.pdb,98,98,98,,ASN,L,91,91,,SER,108,,CDR3,3.385840663705249,1,1
Full181,empty,7,results/full181_supplement/raw/empty/seed7/boltz_results_full_blind/predictions/full_blind/full_blind_model_0.pdb,98,98,98,,ASN,L,92,92,,SER,109,,CDR3,3.120279795146583,1,1
Full181,empty,7,results/full181_supplement/raw/empty/seed7/boltz_results_full_blind/predictions/full_blind/full_blind_model_0.pdb,98,98,98,,ASN,L,93,93,,TYR,114,,CDR3,2.316165149552165,1,1
Full181,empty,7,results/full181_supplement/raw/empty/seed7/boltz_results_full_blind/predictions/full_blind/full_blind_model_0.pdb,98,98,98,,ASN,L,95,95,,TYR,116,,CDR3,4.422968347162344,1,1
Full181,empty,7,results/full181_supplement/raw/empty/seed7/boltz_results_full_blind/predictions/full_blind/full_blind_model_0.pdb,99,99,99,,TYR,L,93,93,,TYR,114,,CDR3,4.250158585276554,1,1
Full181,empty,7,results/full181_supplement/raw/empty/seed7/boltz_results_full_blind/predictions/full_blind/full_blind_model_0.pdb,100,100,100,,HIS,H,58,58,,SER,66,,FR3,3.673459132752125,1,1
Full181,empty,7,results/full181_supplement/raw/empty/seed7/boltz_results_full_blind/predictions/full_blind/full_blind_model_0.pdb,101,101,101,,SER,H,56,56,,ASP,64,,CDR2,1.6907879819776324,1,1
Full181,empty,7,results/full181_supplement/raw/empty/seed7/boltz_results_full_blind/predictions/full_blind/full_blind_model_0.pdb,102,102,102,,LYS,H,56,56,,ASP,64,,CDR2,4.699406451883045,0,1
Full181,empty,7,results/full181_supplement/raw/empty/seed7/boltz_results_full_blind/predictions/full_blind/full_blind_model_0.pdb,103,103,103,,ILE,H,53,53,,TYR,59,,CDR2,4.772352250201153,0,1
Full181,empty,7,results/full181_supplement/raw/empty/seed7/boltz_results_full_blind/predictions/full_blind/full_blind_model_0.pdb,103,103,103,,ILE,H,54,54,,ASN,62,,CDR2,3.1334085274665355,1,1
Full181,empty,7,results/full181_supplement/raw/empty/seed7/boltz_results_full_blind/predictions/full_blind/full_blind_model_0.pdb,103,103,103,,ILE,H,56,56,,ASP,64,,CDR2,4.495421448540724,1,1
Full181,empty,7,results/full181_supplement/raw/empty/seed7/boltz_results_full_blind/predictions/full_blind/full_blind_model_0.pdb,104,104,104,,ALA,H,56,56,,ASP,64,,CDR2,3.5192472206425065,1,1
Full181,empty,7,results/full181_supplement/raw/empty/seed7/boltz_results_full_blind/predictions/full_blind/full_blind_model_0.pdb,107,107,107,,LYS,H,53,53,,TYR,59,,CDR2,0.6874903635688296,1,1
Full181,empty,7,results/full181_supplement/raw/empty/seed7/boltz_results_full_blind/predictions/full_blind/full_blind_model_0.pdb,107,107,107,,LYS,H,54,54,,ASN,62,,CDR2,2.200795765172223,1,1
Full181,empty,8,results/full181_supplement/raw/empty/seed8/boltz_results_full_blind/predictions/full_blind/full_blind_model_0.pdb,18,18,18,,TRP,H,100,100,,ILE,109,,CDR3,4.883384994038459,0,1
Full181,empty,8,results/full181_supplement/raw/empty/seed8/boltz_results_full_blind/predictions/full_blind/full_blind_model_0.pdb,18,18,18,,TRP,H,101,101,,THR,110,,CDR3,3.0764102457247158,1,1
Full181,empty,8,results/full181_supplement/raw/empty/seed8/boltz_results_full_blind/predictions/full_blind/full_blind_model_0.pdb,18,18,18,,TRP,H,104,104,,TRP,113,,CDR3,4.395105573248498,1,1
Full181,empty,8,results/full181_supplement/raw/empty/seed8/boltz_results_full_blind/predictions/full_blind/full_blind_model_0.pdb,19,19,19,,ASN,H,102,102,,ASP,111,,CDR3,4.353618954387258,1,1
Full181,empty,8,results/full181_supplement/raw/empty/seed8/boltz_results_full_blind/predictions/full_blind/full_blind_model_0.pdb,19,19,19,,ASN,L,50,50,,TRP,56,,CDR2,3.2170739811201106,1,1
Full181,empty,8,results/full181_supplement/raw/empty/seed8/boltz_results_full_blind/predictions/full_blind/full_blind_model_0.pdb,20,20,20,,GLN,H,100,100,,ILE,109,,CDR3,4.209910331586648,1,1
Full181,empty,8,results/full181_supplement/raw/empty/seed8/boltz_results_full_blind/predictions/full_blind/full_blind_model_0.pdb,20,20,20,,GLN,H,101,101,,THR,110,,CDR3,1.1745305445155525,1,1
Full181,empty,8,results/full181_supplement/raw/empty/seed8/boltz_results_full_blind/predictions/full_blind/full_blind_model_0.pdb,20,20,20,,GLN,H,102,102,,ASP,111,,CDR3,2.1474342830456994,1,1
Full181,empty,8,results/full181_supplement/raw/empty/seed8/boltz_results_full_blind/predictions/full_blind/full_blind_model_0.pdb,20,20,20,,GLN,H,104,104,,TRP,113,,CDR3,2.394675969729516,1,1
Full181,empty,8,results/full181_supplement/raw/empty/seed8/boltz_results_full_blind/predictions/full_blind/full_blind_model_0.pdb,20,20,20,,GLN,L,50,50,,TRP,56,,CDR2,3.2666219554763294,1,1
Full181,empty,8,results/full181_supplement/raw/empty/seed8/boltz_results_full_blind/predictions/full_blind/full_blind_model_0.pdb,21,21,21,,VAL,H,104,104,,TRP,113,,CDR3,3.8205503530250713,1,1
Full181,empty,8,results/full181_supplement/raw/empty/seed8/boltz_results_full_blind/predictions/full_blind/full_blind_model_0.pdb,21,21,21,,VAL,L,50,50,,TRP,56,,CDR2,4.112625681970096,1,1
Full181,empty,8,results/full181_supplement/raw/empty/seed8/boltz_results_full_blind/predictions/full_blind/full_blind_model_0.pdb,22,22,22,,PRO,H,104,104,,TRP,113,,CDR3,2.192310653169391,1,1
Full181,empty,8,results/full181_supplement/raw/empty/seed8/boltz_results_full_blind/predictions/full_blind/full_blind_model_0.pdb,22,22,22,,PRO,L,29,29,,VAL,29,,CDR1,4.758342778741354,0,1
Full181,empty,8,results/full181_supplement/raw/empty/seed8/boltz_results_full_blind/predictions/full_blind/full_blind_model_0.pdb,22,22,22,,PRO,L,32,32,,ALA,38,,CDR1,3.6637483538037925,1,1
Full181,empty,8,results/full181_supplement/raw/empty/seed8/boltz_results_full_blind/predictions/full_blind/full_blind_model_0.pdb,22,22,22,,PRO,L,50,50,,TRP,56,,CDR2,4.29387866619447,1,1
Full181,empty,8,results/full181_supplement/raw/empty/seed8/boltz_results_full_blind/predictions/full_blind/full_blind_model_0.pdb,22,22,22,,PRO,L,90,90,,TYR,107,,CDR3,3.711911367476331,1,1
Full181,empty,8,results/full181_supplement/raw/empty/seed8/boltz_results_full_blind/predictions/full_blind/full_blind_model_0.pdb,22,22,22,,PRO,L,91,91,,SER,108,,CDR3,3.2986062208150884,1,1
Full181,empty,8,results/full181_supplement/raw/empty/seed8/boltz_results_full_blind/predictions/full_blind/full_blind_model_0.pdb,23,23,23,,GLY,L,29,29,,VAL,29,,CDR1,4.4534086944721345,1,1
Full181,empty,8,results/full181_supplement/raw/empty/seed8/boltz_results_full_blind/predictions/full_blind/full_blind_model_0.pdb,23,23,23,,GLY,L,30,30,,GLY,36,,CDR1,4.841515568497121,0,1
Full181,empty,8,results/full181_supplement/raw/empty/seed8/boltz_results_full_blind/predictions/full_blind/full_blind_model_0.pdb,23,23,23,,GLY,L,91,91,,SER,108,,CDR3,4.7279215306517095,0,1
Full181,empty,8,results/full181_supplement/raw/empty/seed8/boltz_results_full_blind/predictions/full_blind/full_blind_model_0.pdb,25,25,25,,GLU,L,28,28,,ASP,28,,CDR1,3.8488950362409207,1,1
Full181,empty,8,results/full181_supplement/raw/empty/seed8/boltz_results_full_blind/predictions/full_blind/full_blind_model_0.pdb,25,25,25,,GLU,L,29,29,,VAL,29,,CDR1,4.707190775823729,0,1
Full181,empty,8,results/full181_supplement/raw/empty/seed8/boltz_results_full_blind/predictions/full_blind/full_blind_model_0.pdb,25,25,25,,GLU,L,30,30,,GLY,36,,CDR1,2.390389298838163,1,1
Full181,empty,8,results/full181_supplement/raw/empty/seed8/boltz_results_full_blind/predictions/full_blind/full_blind_model_0.pdb,25,25,25,,GLU,L,31,31,,THR,37,,CDR1,3.2125849405113014,1,1
Full181,empty,8,results/full181_supplement/raw/empty/seed8/boltz_results_full_blind/predictions/full_blind/full_blind_model_0.pdb,25,25,25,,GLU,L,67,67,,SER,83,,FR3,4.231806233749366,1,1
Full181,empty,8,results/full181_supplement/raw/empty/seed8/boltz_results_full_blind/predictions/full_blind/full_blind_model_0.pdb,25,25,25,,GLU,L,68,68,,GLY,84,,FR3,3.8412504474454665,1,1
Full181,empty,8,results/full181_supplement/raw/empty/seed8/boltz_results_full_blind/predictions/full_blind/full_blind_model_0.pdb,49,49,49,,TRP,L,31,31,,THR,37,,CDR1,4.0339810361477895,1,1
Full181,empty,8,results/full181_supplement/raw/empty/seed8/boltz_results_full_blind/predictions/full_blind/full_blind_model_0.pdb,49,49,49,,TRP,L,50,50,,TRP,56,,CDR2,4.91573890681757,0,1
Full181,empty,8,results/full181_supplement/raw/empty/seed8/boltz_results_full_blind/predictions/full_blind/full_blind_model_0.pdb,52,52,52,,LYS,L,31,31,,THR,37,,CDR1,2.3397072466443314,1,1
Full181,empty,8,results/full181_supplement/raw/empty/seed8/boltz_results_full_blind/predictions/full_blind/full_blind_model_0.pdb,52,52,52,,LYS,L,50,50,,TRP,56,,CDR2,2.8403089620673314,1,1
Full181,empty,8,results/full181_supplement/raw/empty/seed8/boltz_results_full_blind/predictions/full_blind/full_blind_model_0.pdb,52,52,52,,LYS,L,53,53,,ARG,66,,FR3,3.818235718234274,1,1
Full181,empty,8,results/full181_supplement/raw/empty/seed8/boltz_results_full_blind/predictions/full_blind/full_blind_model_0.pdb,53,53,53,,ASN,L,53,53,,ARG,66,,FR3,2.4951897723419747,1,1
Full181,empty,8,results/full181_supplement/raw/empty/seed8/boltz_results_full_blind/predictions/full_blind/full_blind_model_0.pdb,54,54,54,,THR,L,53,53,,ARG,66,,FR3,4.2480091807810405,1,1
Full181,empty,8,results/full181_supplement/raw/empty/seed8/boltz_results_full_blind/predictions/full_blind/full_blind_model_0.pdb,55,55,55,,VAL,H,102,102,,ASP,111,,CDR3,3.8741508747079014,1,1
Full181,empty,8,results/full181_supplement/raw/empty/seed8/boltz_results_full_blind/predictions/full_blind/full_blind_model_0.pdb,55,55,55,,VAL,L,53,53,,ARG,66,,FR3,4.8373502043990975,0,1
Full181,empty,8,results/full181_supplement/raw/empty/seed8/boltz_results_full_blind/predictions/full_blind/full_blind_model_0.pdb,56,56,56,,GLN,H,102,102,,ASP,111,,CDR3,1.659958433214518,1,1
Full181,empty,8,results/full181_supplement/raw/empty/seed8/boltz_results_full_blind/predictions/full_blind/full_blind_model_0.pdb,56,56,56,,GLN,H,103,103,,PRO,112,,CDR3,4.3881313790724175,1,1
Full181,empty,8,results/full181_supplement/raw/empty/seed8/boltz_results_full_blind/predictions/full_blind/full_blind_model_0.pdb,56,56,56,,GLN,L,49,49,,TYR,55,,FR2,3.814860416843584,1,1
Full181,empty,8,results/full181_supplement/raw/empty/seed8/boltz_results_full_blind/predictions/full_blind/full_blind_model_0.pdb,56,56,56,,GLN,L,53,53,,ARG,66,,FR3,1.356992262321344,1,1
Full181,empty,8,results/full181_supplement/raw/empty/seed8/boltz_results_full_blind/predictions/full_blind/full_blind_model_0.pdb,57,57,57,,THR,H,102,102,,ASP,111,,CDR3,3.3616121132575665,1,1
Full181,empty,8,results/full181_supplement/raw/empty/seed8/boltz_results_full_blind/predictions/full_blind/full_blind_model_0.pdb,57,57,57,,THR,H,103,103,,PRO,112,,CDR3,4.721542120960058,0,1
Full181,empty,8,results/full181_supplement/raw/empty/seed8/boltz_results_full_blind/predictions/full_blind/full_blind_model_0.pdb,58,58,58,,GLN,H,101,101,,THR,110,,CDR3,4.928296663148435,0,1
Full181,empty,8,results/full181_supplement/raw/empty/seed8/boltz_results_full_blind/predictions/full_blind/full_blind_model_0.pdb,97,97,97,,LYS,L,93,93,,TYR,114,,CDR3,4.075012760716217,1,1
Full181,empty,8,results/full181_supplement/raw/empty/seed8/boltz_results_full_blind/predictions/full_blind/full_blind_model_0.pdb,98,98,98,,ASN,L,91,91,,SER,108,,CDR3,3.538213390964428,1,1
Full181,empty,8,results/full181_supplement/raw/empty/seed8/boltz_results_full_blind/predictions/full_blind/full_blind_model_0.pdb,98,98,98,,ASN,L,92,92,,SER,109,,CDR3,2.872568711101616,1,1
Full181,empty,8,results/full181_supplement/raw/empty/seed8/boltz_results_full_blind/predictions/full_blind/full_blind_model_0.pdb,98,98,98,,ASN,L,93,93,,TYR,114,,CDR3,1.7923587810480355,1,1
Full181,empty,8,results/full181_supplement/raw/empty/seed8/boltz_results_full_blind/predictions/full_blind/full_blind_model_0.pdb,98,98,98,,ASN,L,95,95,,TYR,116,,CDR3,3.7570254191314705,1,1
Full181,empty,8,results/full181_supplement/raw/empty/seed8/boltz_results_full_blind/predictions/full_blind/full_blind_model_0.pdb,99,99,99,,TYR,H,98,98,,TRP,107,,CDR3,4.800902935906953,0,1
Full181,empty,8,results/full181_supplement/raw/empty/seed8/boltz_results_full_blind/predictions/full_blind/full_blind_model_0.pdb,99,99,99,,TYR,H,100,100,,ILE,109,,CDR3,4.034022310300229,1,1
Full181,empty,8,results/full181_supplement/raw/empty/seed8/boltz_results_full_blind/predictions/full_blind/full_blind_model_0.pdb,99,99,99,,TYR,H,104,104,,TRP,113,,CDR3,1.9429415842994353,1,1
Full181,empty,8,results/full181_supplement/raw/empty/seed8/boltz_results_full_blind/predictions/full_blind/full_blind_model_0.pdb,99,99,99,,TYR,L,93,93,,TYR,114,,CDR3,3.686531839005327,1,1
Full181,empty,8,results/full181_supplement/raw/empty/seed8/boltz_results_full_blind/predictions/full_blind/full_blind_model_0.pdb,99,99,99,,TYR,L,95,95,,TYR,116,,CDR3,4.756877231966366,0,1
Full181,empty,8,results/full181_supplement/raw/empty/seed8/boltz_results_full_blind/predictions/full_blind/full_blind_model_0.pdb,100,100,100,,HIS,H,52,52,,PRO,58,,CDR2,4.626250857876171,0,1
Full181,empty,8,results/full181_supplement/raw/empty/seed8/boltz_results_full_blind/predictions/full_blind/full_blind_model_0.pdb,100,100,100,,HIS,H,56,56,,ASP,64,,CDR2,3.693576586453839,1,1
Full181,empty,8,results/full181_supplement/raw/empty/seed8/boltz_results_full_blind/predictions/full_blind/full_blind_model_0.pdb,100,100,100,,HIS,H,58,58,,SER,66,,FR3,3.3886827824392176,1,1
Full181,empty,8,results/full181_supplement/raw/empty/seed8/boltz_results_full_blind/predictions/full_blind/full_blind_model_0.pdb,100,100,100,,HIS,L,93,93,,TYR,114,,CDR3,3.6367642211174473,1,1
Full181,empty,8,results/full181_supplement/raw/empty/seed8/boltz_results_full_blind/predictions/full_blind/full_blind_model_0.pdb,101,101,101,,SER,H,33,33,,ASN,38,,CDR1,3.0747107181001594,1,1
Full181,empty,8,results/full181_supplement/raw/empty/seed8/boltz_results_full_blind/predictions/full_blind/full_blind_model_0.pdb,101,101,101,,SER,H,50,50,,ILE,56,,CDR2,4.754469055530808,0,1
Full181,empty,8,results/full181_supplement/raw/empty/seed8/boltz_results_full_blind/predictions/full_blind/full_blind_model_0.pdb,101,101,101,,SER,H,52,52,,PRO,58,,CDR2,3.3700998501528114,1,1
Full181,empty,8,results/full181_supplement/raw/empty/seed8/boltz_results_full_blind/predictions/full_blind/full_blind_model_0.pdb,101,101,101,,SER,H,53,53,,TYR,59,,CDR2,2.9682636338438666,1,1
Full181,empty,8,results/full181_supplement/raw/empty/seed8/boltz_results_full_blind/predictions/full_blind/full_blind_model_0.pdb,101,101,101,,SER,H,56,56,,ASP,64,,CDR2,4.710130040667667,0,1
Full181,empty,8,results/full181_supplement/raw/empty/seed8/boltz_results_full_blind/predictions/full_blind/full_blind_model_0.pdb,102,102,102,,LYS,H,53,53,,TYR,59,,CDR2,4.000391605830608,1,1
Full181,empty,8,results/full181_supplement/raw/empty/seed8/boltz_results_full_blind/predictions/full_blind/full_blind_model_0.pdb,102,102,102,,LYS,H,54,54,,ASN,62,,CDR2,3.547499964763917,1,1
Full181,empty,8,results/full181_supplement/raw/empty/seed8/boltz_results_full_blind/predictions/full_blind/full_blind_model_0.pdb,102,102,102,,LYS,H,56,56,,ASP,64,,CDR2,3.6781931705662223,1,1
Full181,empty,8,results/full181_supplement/raw/empty/seed8/boltz_results_full_blind/predictions/full_blind/full_blind_model_0.pdb,103,103,103,,ILE,H,30,30,,THR,35,,CDR1,2.2225566359487896,1,1
Full181,empty,8,results/full181_supplement/raw/empty/seed8/boltz_results_full_blind/predictions/full_blind/full_blind_model_0.pdb,103,103,103,,ILE,H,31,31,,ASP,36,,CDR1,2.8353214985253437,1,1
Full181,empty,8,results/full181_supplement/raw/empty/seed8/boltz_results_full_blind/predictions/full_blind/full_blind_model_0.pdb,103,103,103,,ILE,H,32,32,,TYR,37,,CDR1,3.588328580272436,1,1
Full181,empty,8,results/full181_supplement/raw/empty/seed8/boltz_results_full_blind/predictions/full_blind/full_blind_model_0.pdb,103,103,103,,ILE,H,33,33,,ASN,38,,CDR1,3.3878713080635157,1,1
Full181,empty,8,results/full181_supplement/raw/empty/seed8/boltz_results_full_blind/predictions/full_blind/full_blind_model_0.pdb,103,103,103,,ILE,H,52,52,,PRO,58,,CDR2,4.987288241118615,0,1
Full181,empty,8,results/full181_supplement/raw/empty/seed8/boltz_results_full_blind/predictions/full_blind/full_blind_model_0.pdb,103,103,103,,ILE,H,53,53,,TYR,59,,CDR2,2.9652097733549985,1,1
Full181,empty,8,results/full181_supplement/raw/empty/seed8/boltz_results_full_blind/predictions/full_blind/full_blind_model_0.pdb,103,103,103,,ILE,H,100,100,,ILE,109,,CDR3,3.981664978372741,1,1
Full181,empty,8,results/full181_supplement/raw/empty/seed8/boltz_results_full_blind/predictions/full_blind/full_blind_model_0.pdb,104,104,104,,ALA,H,33,33,,ASN,38,,CDR1,3.9348998716612855,1,1
Full181,empty,8,results/full181_supplement/raw/empty/seed8/boltz_results_full_blind/predictions/full_blind/full_blind_model_0.pdb,104,104,104,,ALA,H,100,100,,ILE,109,,CDR3,2.7074240524897464,1,1
Full181,empty,8,results/full181_supplement/raw/empty/seed8/boltz_results_full_blind/predictions/full_blind/full_blind_model_0.pdb,107,107,107,,LYS,H,31,31,,ASP,36,,CDR1,1.247043704125881,1,1
Full181,empty,8,results/full181_supplement/raw/empty/seed8/boltz_results_full_blind/predictions/full_blind/full_blind_model_0.pdb,107,107,107,,LYS,H,32,32,,TYR,37,,CDR1,3.3057757032200468,1,1
Full181,empty,8,results/full181_supplement/raw/empty/seed8/boltz_results_full_blind/predictions/full_blind/full_blind_model_0.pdb,107,107,107,,LYS,H,100,100,,ILE,109,,CDR3,3.613940508641502,1,1
Full181,empty,8,results/full181_supplement/raw/empty/seed8/boltz_results_full_blind/predictions/full_blind/full_blind_model_0.pdb,107,107,107,,LYS,H,101,101,,THR,110,,CDR3,3.023973214167083,1,1
Full181,empty,8,results/full181_supplement/raw/empty/seed8/boltz_results_full_blind/predictions/full_blind/full_blind_model_0.pdb,108,108,108,,VAL,H,100,100,,ILE,109,,CDR3,3.7136852316802513,1,1
Full181,empty,8,results/full181_supplement/raw/empty/seed8/boltz_results_full_blind/predictions/full_blind/full_blind_model_0.pdb,108,108,108,,VAL,H,101,101,,THR,110,,CDR3,4.5962751223137195,0,1
Full181,empty,8,results/full181_supplement/raw/empty/seed8/boltz_results_full_blind/predictions/full_blind/full_blind_model_0.pdb,108,108,108,,VAL,H,104,104,,TRP,113,,CDR3,4.677338131886554,0,1
Full181,empty,8,results/full181_supplement/raw/empty/seed8/boltz_results_full_blind/predictions/full_blind/full_blind_model_0.pdb,111,111,111,,SER,H,101,101,,THR,110,,CDR3,3.788811291157162,1,1
Full181,empty,9,results/full181_supplement/raw/empty/seed9/boltz_results_full_blind/predictions/full_blind/full_blind_model_0.pdb,1,1,1,,MET,H,35,35,,TYR,40,,FR2,3.6004680251322876,1,1
Full181,empty,9,results/full181_supplement/raw/empty/seed9/boltz_results_full_blind/predictions/full_blind/full_blind_model_0.pdb,1,1,1,,MET,H,50,50,,ILE,56,,CDR2,2.022619094145014,1,1
Full181,empty,9,results/full181_supplement/raw/empty/seed9/boltz_results_full_blind/predictions/full_blind/full_blind_model_0.pdb,1,1,1,,MET,H,52,52,,PRO,58,,CDR2,4.508683399840801,0,1
Full181,empty,9,results/full181_supplement/raw/empty/seed9/boltz_results_full_blind/predictions/full_blind/full_blind_model_0.pdb,1,1,1,,MET,H,58,58,,SER,66,,FR3,2.967917788618815,1,1
Full181,empty,9,results/full181_supplement/raw/empty/seed9/boltz_results_full_blind/predictions/full_blind/full_blind_model_0.pdb,1,1,1,,MET,L,93,93,,TYR,114,,CDR3,2.8483963909540404,1,1
Full181,empty,9,results/full181_supplement/raw/empty/seed9/boltz_results_full_blind/predictions/full_blind/full_blind_model_0.pdb,2,2,2,,SER,H,54,54,,ASN,62,,CDR2,4.068899851311162,1,1
Full181,empty,9,results/full181_supplement/raw/empty/seed9/boltz_results_full_blind/predictions/full_blind/full_blind_model_0.pdb,5,5,5,,LEU,H,33,33,,ASN,38,,CDR1,4.512700078666873,0,1
Full181,empty,9,results/full181_supplement/raw/empty/seed9/boltz_results_full_blind/predictions/full_blind/full_blind_model_0.pdb,5,5,5,,LEU,H,100,100,,ILE,109,,CDR3,4.288987176478848,1,1
Full181,empty,9,results/full181_supplement/raw/empty/seed9/boltz_results_full_blind/predictions/full_blind/full_blind_model_0.pdb,5,5,5,,LEU,H,104,104,,TRP,113,,CDR3,4.709763157527139,0,1
Full181,empty,9,results/full181_supplement/raw/empty/seed9/boltz_results_full_blind/predictions/full_blind/full_blind_model_0.pdb,57,57,57,,THR,L,93,93,,TYR,114,,CDR3,3.031291638889271,1,1
Full181,empty,9,results/full181_supplement/raw/empty/seed9/boltz_results_full_blind/predictions/full_blind/full_blind_model_0.pdb,57,57,57,,THR,L,95,95,,TYR,116,,CDR3,4.503807833378329,0,1
Full181,empty,9,results/full181_supplement/raw/empty/seed9/boltz_results_full_blind/predictions/full_blind/full_blind_model_0.pdb,58,58,58,,GLN,H,100,100,,ILE,109,,CDR3,3.699797832314625,1,1
Full181,empty,9,results/full181_supplement/raw/empty/seed9/boltz_results_full_blind/predictions/full_blind/full_blind_model_0.pdb,58,58,58,,GLN,H,104,104,,TRP,113,,CDR3,1.4916262936808267,1,1
Full181,empty,9,results/full181_supplement/raw/empty/seed9/boltz_results_full_blind/predictions/full_blind/full_blind_model_0.pdb,59,59,59,,ASP,H,35,35,,TYR,40,,FR2,1.5654258206635023,1,1
Full181,empty,9,results/full181_supplement/raw/empty/seed9/boltz_results_full_blind/predictions/full_blind/full_blind_model_0.pdb,59,59,59,,ASP,H,50,50,,ILE,56,,CDR2,3.687142253832905,1,1
Full181,empty,9,results/full181_supplement/raw/empty/seed9/boltz_results_full_blind/predictions/full_blind/full_blind_model_0.pdb,59,59,59,,ASP,H,98,98,,TRP,107,,CDR3,2.3079014277043983,1,1
Full181,empty,9,results/full181_supplement/raw/empty/seed9/boltz_results_full_blind/predictions/full_blind/full_blind_model_0.pdb,59,59,59,,ASP,H,100,100,,ILE,109,,CDR3,3.096944461884972,1,1
Full181,empty,9,results/full181_supplement/raw/empty/seed9/boltz_results_full_blind/predictions/full_blind/full_blind_model_0.pdb,59,59,59,,ASP,H,104,104,,TRP,113,,CDR3,4.4562973419645155,1,1
Full181,empty,9,results/full181_supplement/raw/empty/seed9/boltz_results_full_blind/predictions/full_blind/full_blind_model_0.pdb,59,59,59,,ASP,L,90,90,,TYR,107,,CDR3,3.26846079982612,1,1
Full181,empty,9,results/full181_supplement/raw/empty/seed9/boltz_results_full_blind/predictions/full_blind/full_blind_model_0.pdb,59,59,59,,ASP,L,91,91,,SER,108,,CDR3,4.539884139490787,0,1
Full181,empty,9,results/full181_supplement/raw/empty/seed9/boltz_results_full_blind/predictions/full_blind/full_blind_model_0.pdb,59,59,59,,ASP,L,93,93,,TYR,114,,CDR3,3.1600324365423846,1,1
Full181,empty,9,results/full181_supplement/raw/empty/seed9/boltz_results_full_blind/predictions/full_blind/full_blind_model_0.pdb,59,59,59,,ASP,L,95,95,,TYR,116,,CDR3,1.962722089344286,1,1
Full181,empty,9,results/full181_supplement/raw/empty/seed9/boltz_results_full_blind/predictions/full_blind/full_blind_model_0.pdb,60,60,60,,ASP,L,91,91,,SER,108,,CDR3,4.175460453650591,1,1
Full181,empty,9,results/full181_supplement/raw/empty/seed9/boltz_results_full_blind/predictions/full_blind/full_blind_model_0.pdb,60,60,60,,ASP,L,92,92,,SER,109,,CDR3,4.431283335558673,1,1
Full181,empty,9,results/full181_supplement/raw/empty/seed9/boltz_results_full_blind/predictions/full_blind/full_blind_model_0.pdb,60,60,60,,ASP,L,93,93,,TYR,114,,CDR3,2.8333091959756183,1,1
Full181,empty,9,results/full181_supplement/raw/empty/seed9/boltz_results_full_blind/predictions/full_blind/full_blind_model_0.pdb,60,60,60,,ASP,L,95,95,,TYR,116,,CDR3,4.05722195596938,1,1
Full181,empty,9,results/full181_supplement/raw/empty/seed9/boltz_results_full_blind/predictions/full_blind/full_blind_model_0.pdb,61,61,61,,ILE,H,104,104,,TRP,113,,CDR3,3.618858936184167,1,1
Full181,empty,9,results/full181_supplement/raw/empty/seed9/boltz_results_full_blind/predictions/full_blind/full_blind_model_0.pdb,62,62,62,,THR,H,104,104,,TRP,113,,CDR3,3.4318744149516895,1,1
Full181,empty,9,results/full181_supplement/raw/empty/seed9/boltz_results_full_blind/predictions/full_blind/full_blind_model_0.pdb,62,62,62,,THR,L,29,29,,VAL,29,,CDR1,4.877619706373181,0,1
Full181,empty,9,results/full181_supplement/raw/empty/seed9/boltz_results_full_blind/predictions/full_blind/full_blind_model_0.pdb,62,62,62,,THR,L,32,32,,ALA,38,,CDR1,3.6735711508013558,1,1
Full181,empty,9,results/full181_supplement/raw/empty/seed9/boltz_results_full_blind/predictions/full_blind/full_blind_model_0.pdb,62,62,62,,THR,L,50,50,,TRP,56,,CDR2,2.7820470880270878,1,1
Full181,empty,9,results/full181_supplement/raw/empty/seed9/boltz_results_full_blind/predictions/full_blind/full_blind_model_0.pdb,62,62,62,,THR,L,90,90,,TYR,107,,CDR3,2.5870689979202335,1,1
Full181,empty,9,results/full181_supplement/raw/empty/seed9/boltz_results_full_blind/predictions/full_blind/full_blind_model_0.pdb,62,62,62,,THR,L,91,91,,SER,108,,CDR3,2.892048063224399,1,1
Full181,empty,9,results/full181_supplement/raw/empty/seed9/boltz_results_full_blind/predictions/full_blind/full_blind_model_0.pdb,62,62,62,,THR,L,92,92,,SER,109,,CDR3,4.506333431959956,0,1
Full181,empty,9,results/full181_supplement/raw/empty/seed9/boltz_results_full_blind/predictions/full_blind/full_blind_model_0.pdb,63,63,63,,SER,L,91,91,,SER,108,,CDR3,1.8622830074937589,1,1
Full181,empty,9,results/full181_supplement/raw/empty/seed9/boltz_results_full_blind/predictions/full_blind/full_blind_model_0.pdb,63,63,63,,SER,L,92,92,,SER,109,,CDR3,3.3710630370848897,1,1
Full181,empty,9,results/full181_supplement/raw/empty/seed9/boltz_results_full_blind/predictions/full_blind/full_blind_model_0.pdb,65,65,65,,ARG,L,28,28,,ASP,28,,CDR1,4.648135647762445,0,1
Full181,empty,9,results/full181_supplement/raw/empty/seed9/boltz_results_full_blind/predictions/full_blind/full_blind_model_0.pdb,65,65,65,,ARG,L,29,29,,VAL,29,,CDR1,3.3869427216886914,1,1
Full181,empty,9,results/full181_supplement/raw/empty/seed9/boltz_results_full_blind/predictions/full_blind/full_blind_model_0.pdb,65,65,65,,ARG,L,30,30,,GLY,36,,CDR1,2.8644283897489915,1,1
Full181,empty,9,results/full181_supplement/raw/empty/seed9/boltz_results_full_blind/predictions/full_blind/full_blind_model_0.pdb,65,65,65,,ARG,L,31,31,,THR,37,,CDR1,1.7946372892593085,1,1
Full181,empty,9,results/full181_supplement/raw/empty/seed9/boltz_results_full_blind/predictions/full_blind/full_blind_model_0.pdb,65,65,65,,ARG,L,32,32,,ALA,38,,CDR1,2.2756003603444954,1,1
Full181,empty,9,results/full181_supplement/raw/empty/seed9/boltz_results_full_blind/predictions/full_blind/full_blind_model_0.pdb,65,65,65,,ARG,L,50,50,,TRP,56,,CDR2,2.857537751281687,1,1
Full181,empty,9,results/full181_supplement/raw/empty/seed9/boltz_results_full_blind/predictions/full_blind/full_blind_model_0.pdb,66,66,66,,LEU,L,2,2,,ILE,2,,FR1,4.4896156851115885,1,1
Full181,empty,9,results/full181_supplement/raw/empty/seed9/boltz_results_full_blind/predictions/full_blind/full_blind_model_0.pdb,66,66,66,,LEU,L,27,27,,GLN,27,,CDR1,4.854453110289562,0,1
Full181,empty,9,results/full181_supplement/raw/empty/seed9/boltz_results_full_blind/predictions/full_blind/full_blind_model_0.pdb,66,66,66,,LEU,L,28,28,,ASP,28,,CDR1,1.715826622943006,1,1
Full181,empty,9,results/full181_supplement/raw/empty/seed9/boltz_results_full_blind/predictions/full_blind/full_blind_model_0.pdb,66,66,66,,LEU,L,29,29,,VAL,29,,CDR1,3.00789860201437,1,1
Full181,empty,9,results/full181_supplement/raw/empty/seed9/boltz_results_full_blind/predictions/full_blind/full_blind_model_0.pdb,66,66,66,,LEU,L,30,30,,GLY,36,,CDR1,3.6941917925305394,1,1
Full181,empty,9,results/full181_supplement/raw/empty/seed9/boltz_results_full_blind/predictions/full_blind/full_blind_model_0.pdb,66,66,66,,LEU,L,91,91,,SER,108,,CDR3,2.9387252338386456,1,1
Full181,empty,9,results/full181_supplement/raw/empty/seed9/boltz_results_full_blind/predictions/full_blind/full_blind_model_0.pdb,66,66,66,,LEU,L,92,92,,SER,109,,CDR3,4.543375507263295,0,1
Full181,empty,9,results/full181_supplement/raw/empty/seed9/boltz_results_full_blind/predictions/full_blind/full_blind_model_0.pdb,91,91,91,,TYR,H,100,100,,ILE,109,,CDR3,4.611535644446436,0,1
Full181,empty,9,results/full181_supplement/raw/empty/seed9/boltz_results_full_blind/predictions/full_blind/full_blind_model_0.pdb,91,91,91,,TYR,H,104,104,,TRP,113,,CDR3,4.387538717777884,1,1
Full181,empty,9,results/full181_supplement/raw/empty/seed9/boltz_results_full_blind/predictions/full_blind/full_blind_model_0.pdb,98,98,98,,ASN,H,53,53,,TYR,59,,CDR2,1.8043777320727503,1,1
Full181,empty,9,results/full181_supplement/raw/empty/seed9/boltz_results_full_blind/predictions/full_blind/full_blind_model_0.pdb,98,98,98,,ASN,H,54,54,,ASN,62,,CDR2,3.2250131782676505,1,1
Full181,empty,9,results/full181_supplement/raw/empty/seed9/boltz_results_full_blind/predictions/full_blind/full_blind_model_0.pdb,99,99,99,,TYR,H,30,30,,THR,35,,CDR1,4.652312220820954,0,1
Full181,empty,9,results/full181_supplement/raw/empty/seed9/boltz_results_full_blind/predictions/full_blind/full_blind_model_0.pdb,99,99,99,,TYR,H,31,31,,ASP,36,,CDR1,3.5120569471465,1,1
Full181,empty,9,results/full181_supplement/raw/empty/seed9/boltz_results_full_blind/predictions/full_blind/full_blind_model_0.pdb,99,99,99,,TYR,H,33,33,,ASN,38,,CDR1,4.251325557987767,1,1
Full181,empty,9,results/full181_supplement/raw/empty/seed9/boltz_results_full_blind/predictions/full_blind/full_blind_model_0.pdb,99,99,99,,TYR,H,53,53,,TYR,59,,CDR2,4.03525525834488,1,1
Full181,empty,9,results/full181_supplement/raw/empty/seed9/boltz_results_full_blind/predictions/full_blind/full_blind_model_0.pdb,99,99,99,,TYR,H,100,100,,ILE,109,,CDR3,2.7827234860833725,1,1
Full181,empty,9,results/full181_supplement/raw/empty/seed9/boltz_results_full_blind/predictions/full_blind/full_blind_model_0.pdb,100,100,100,,HIS,H,53,53,,TYR,59,,CDR2,3.443371603530471,1,1
Full181,empty,9,results/full181_supplement/raw/empty/seed9/boltz_results_full_blind/predictions/full_blind/full_blind_model_0.pdb,101,101,101,,SER,H,31,31,,ASP,36,,CDR1,3.176246369537476,1,1
Full181,empty,9,results/full181_supplement/raw/empty/seed9/boltz_results_full_blind/predictions/full_blind/full_blind_model_0.pdb,104,104,104,,ALA,H,31,31,,ASP,36,,CDR1,3.0706163876329455,1,1
Full181,empty,9,results/full181_supplement/raw/empty/seed9/boltz_results_full_blind/predictions/full_blind/full_blind_model_0.pdb,104,104,104,,ALA,H,101,101,,THR,110,,CDR3,3.644481993370251,1,1
Full181,empty,9,results/full181_supplement/raw/empty/seed9/boltz_results_full_blind/predictions/full_blind/full_blind_model_0.pdb,107,107,107,,LYS,H,32,32,,TYR,37,,CDR1,1.840970939477318,1,1
Full181,empty,9,results/full181_supplement/raw/empty/seed9/boltz_results_full_blind/predictions/full_blind/full_blind_model_0.pdb,107,107,107,,LYS,H,99,99,,GLU,108,,CDR3,4.051691005000258,1,1
Full181,empty,9,results/full181_supplement/raw/empty/seed9/boltz_results_full_blind/predictions/full_blind/full_blind_model_0.pdb,107,107,107,,LYS,H,100,100,,ILE,109,,CDR3,4.484695195885669,1,1
Full181,empty,9,results/full181_supplement/raw/empty/seed9/boltz_results_full_blind/predictions/full_blind/full_blind_model_0.pdb,107,107,107,,LYS,H,101,101,,THR,110,,CDR3,2.2629456467180122,1,1
Full181,empty,9,results/full181_supplement/raw/empty/seed9/boltz_results_full_blind/predictions/full_blind/full_blind_model_0.pdb,107,107,107,,LYS,H,102,102,,ASP,111,,CDR3,3.717503059850792,1,1
Full181,empty,9,results/full181_supplement/raw/empty/seed9/boltz_results_full_blind/predictions/full_blind/full_blind_model_0.pdb,108,108,108,,VAL,H,100,100,,ILE,109,,CDR3,4.537956919143239,0,1
Full181,empty,9,results/full181_supplement/raw/empty/seed9/boltz_results_full_blind/predictions/full_blind/full_blind_model_0.pdb,108,108,108,,VAL,H,101,101,,THR,110,,CDR3,2.755422835065428,1,1
Full181,empty,9,results/full181_supplement/raw/empty/seed9/boltz_results_full_blind/predictions/full_blind/full_blind_model_0.pdb,110,110,110,,ARG,H,101,101,,THR,110,,CDR3,3.133333847517689,1,1
Full181,empty,9,results/full181_supplement/raw/empty/seed9/boltz_results_full_blind/predictions/full_blind/full_blind_model_0.pdb,110,110,110,,ARG,H,102,102,,ASP,111,,CDR3,2.674066005168908,1,1
Full181,empty,9,results/full181_supplement/raw/empty/seed9/boltz_results_full_blind/predictions/full_blind/full_blind_model_0.pdb,111,111,111,,SER,H,100,100,,ILE,109,,CDR3,2.671674755654213,1,1
Full181,empty,9,results/full181_supplement/raw/empty/seed9/boltz_results_full_blind/predictions/full_blind/full_blind_model_0.pdb,111,111,111,,SER,H,101,101,,THR,110,,CDR3,2.307905760641019,1,1
Full181,empty,9,results/full181_supplement/raw/empty/seed9/boltz_results_full_blind/predictions/full_blind/full_blind_model_0.pdb,111,111,111,,SER,H,102,102,,ASP,111,,CDR3,4.180878615793575,1,1
Full181,empty,9,results/full181_supplement/raw/empty/seed9/boltz_results_full_blind/predictions/full_blind/full_blind_model_0.pdb,111,111,111,,SER,H,104,104,,TRP,113,,CDR3,2.4572859011519186,1,1
Full181,empty,9,results/full181_supplement/raw/empty/seed9/boltz_results_full_blind/predictions/full_blind/full_blind_model_0.pdb,112,112,112,,PHE,H,101,101,,THR,110,,CDR3,4.811268231973769,0,1
Full181,empty,9,results/full181_supplement/raw/empty/seed9/boltz_results_full_blind/predictions/full_blind/full_blind_model_0.pdb,114,114,114,,THR,H,102,102,,ASP,111,,CDR3,4.033612276855574,1,1
Full181,empty,9,results/full181_supplement/raw/empty/seed9/boltz_results_full_blind/predictions/full_blind/full_blind_model_0.pdb,114,114,114,,THR,H,104,104,,TRP,113,,CDR3,4.925339683717256,0,1
Full181,empty,9,results/full181_supplement/raw/empty/seed9/boltz_results_full_blind/predictions/full_blind/full_blind_model_0.pdb,114,114,114,,THR,L,50,50,,TRP,56,,CDR2,3.281153455722545,1,1
Full181,empty,9,results/full181_supplement/raw/empty/seed9/boltz_results_full_blind/predictions/full_blind/full_blind_model_0.pdb,114,114,114,,THR,L,53,53,,ARG,66,,FR3,2.6402109764183614,1,1
Full181,empty,9,results/full181_supplement/raw/empty/seed9/boltz_results_full_blind/predictions/full_blind/full_blind_model_0.pdb,115,115,115,,LEU,H,104,104,,TRP,113,,CDR3,2.5049109764620376,1,1
Full181,empty,9,results/full181_supplement/raw/empty/seed9/boltz_results_full_blind/predictions/full_blind/full_blind_model_0.pdb,115,115,115,,LEU,L,50,50,,TRP,56,,CDR2,2.6839964605043725,1,1
Full181,empty,9,results/full181_supplement/raw/empty/seed9/boltz_results_full_blind/predictions/full_blind/full_blind_model_0.pdb,117,117,117,,ASN,L,53,53,,ARG,66,,FR3,3.01328790526229,1,1
Full181,empty,9,results/full181_supplement/raw/empty/seed9/boltz_results_full_blind/predictions/full_blind/full_blind_model_0.pdb,118,118,118,,ASN,L,31,31,,THR,37,,CDR1,2.6151042044247492,1,1
Full181,empty,9,results/full181_supplement/raw/empty/seed9/boltz_results_full_blind/predictions/full_blind/full_blind_model_0.pdb,118,118,118,,ASN,L,50,50,,TRP,56,,CDR2,2.541421846132594,1,1
Full181,empty,9,results/full181_supplement/raw/empty/seed9/boltz_results_full_blind/predictions/full_blind/full_blind_model_0.pdb,163,163,163,,LYS,H,102,102,,ASP,111,,CDR3,4.829125593728123,0,1
Full181,empty,10,results/full181_supplement/raw/empty/seed10/boltz_results_full_blind/predictions/full_blind/full_blind_model_0.pdb,16,16,16,,LEU,H,104,104,,TRP,113,,CDR3,3.7864169078430865,1,1
Full181,empty,10,results/full181_supplement/raw/empty/seed10/boltz_results_full_blind/predictions/full_blind/full_blind_model_0.pdb,18,18,18,,TRP,L,53,53,,ARG,66,,FR3,2.435039219396682,1,1
Full181,empty,10,results/full181_supplement/raw/empty/seed10/boltz_results_full_blind/predictions/full_blind/full_blind_model_0.pdb,19,19,19,,ASN,H,104,104,,TRP,113,,CDR3,4.14240932308723,1,1
Full181,empty,10,results/full181_supplement/raw/empty/seed10/boltz_results_full_blind/predictions/full_blind/full_blind_model_0.pdb,19,19,19,,ASN,L,50,50,,TRP,56,,CDR2,2.0707662832874214,1,1
Full181,empty,10,results/full181_supplement/raw/empty/seed10/boltz_results_full_blind/predictions/full_blind/full_blind_model_0.pdb,19,19,19,,ASN,L,53,53,,ARG,66,,FR3,3.1191154194739252,1,1
Full181,empty,10,results/full181_supplement/raw/empty/seed10/boltz_results_full_blind/predictions/full_blind/full_blind_model_0.pdb,20,20,20,,GLN,H,104,104,,TRP,113,,CDR3,1.7104496484842808,1,1
Full181,empty,10,results/full181_supplement/raw/empty/seed10/boltz_results_full_blind/predictions/full_blind/full_blind_model_0.pdb,20,20,20,,GLN,L,50,50,,TRP,56,,CDR2,3.5868497320071824,1,1
Full181,empty,10,results/full181_supplement/raw/empty/seed10/boltz_results_full_blind/predictions/full_blind/full_blind_model_0.pdb,22,22,22,,PRO,L,29,29,,VAL,29,,CDR1,3.865373461905072,1,1
Full181,empty,10,results/full181_supplement/raw/empty/seed10/boltz_results_full_blind/predictions/full_blind/full_blind_model_0.pdb,22,22,22,,PRO,L,30,30,,GLY,36,,CDR1,4.102064480234312,1,1
Full181,empty,10,results/full181_supplement/raw/empty/seed10/boltz_results_full_blind/predictions/full_blind/full_blind_model_0.pdb,22,22,22,,PRO,L,31,31,,THR,37,,CDR1,4.840117560555735,0,1
Full181,empty,10,results/full181_supplement/raw/empty/seed10/boltz_results_full_blind/predictions/full_blind/full_blind_model_0.pdb,22,22,22,,PRO,L,91,91,,SER,108,,CDR3,4.378319540645703,1,1
Full181,empty,10,results/full181_supplement/raw/empty/seed10/boltz_results_full_blind/predictions/full_blind/full_blind_model_0.pdb,23,23,23,,GLY,L,30,30,,GLY,36,,CDR1,4.442949808404321,1,1
Full181,empty,10,results/full181_supplement/raw/empty/seed10/boltz_results_full_blind/predictions/full_blind/full_blind_model_0.pdb,25,25,25,,GLU,L,30,30,,GLY,36,,CDR1,4.93737885927341,0,1
Full181,empty,10,results/full181_supplement/raw/empty/seed10/boltz_results_full_blind/predictions/full_blind/full_blind_model_0.pdb,25,25,25,,GLU,L,31,31,,THR,37,,CDR1,2.3305866214324675,1,1
Full181,empty,10,results/full181_supplement/raw/empty/seed10/boltz_results_full_blind/predictions/full_blind/full_blind_model_0.pdb,25,25,25,,GLU,L,67,67,,SER,83,,FR3,4.074954969076346,1,1
Full181,empty,10,results/full181_supplement/raw/empty/seed10/boltz_results_full_blind/predictions/full_blind/full_blind_model_0.pdb,57,57,57,,THR,H,58,58,,SER,66,,FR3,4.821911861492286,0,1
Full181,empty,10,results/full181_supplement/raw/empty/seed10/boltz_results_full_blind/predictions/full_blind/full_blind_model_0.pdb,57,57,57,,THR,L,93,93,,TYR,114,,CDR3,4.605279253204956,0,1
Full181,empty,10,results/full181_supplement/raw/empty/seed10/boltz_results_full_blind/predictions/full_blind/full_blind_model_0.pdb,58,58,58,,GLN,H,31,31,,ASP,36,,CDR1,4.811928303705283,0,1
Full181,empty,10,results/full181_supplement/raw/empty/seed10/boltz_results_full_blind/predictions/full_blind/full_blind_model_0.pdb,58,58,58,,GLN,H,33,33,,ASN,38,,CDR1,1.8111523955758118,1,1
Full181,empty,10,results/full181_supplement/raw/empty/seed10/boltz_results_full_blind/predictions/full_blind/full_blind_model_0.pdb,58,58,58,,GLN,H,50,50,,ILE,56,,CDR2,4.98524111753885,0,1
Full181,empty,10,results/full181_supplement/raw/empty/seed10/boltz_results_full_blind/predictions/full_blind/full_blind_model_0.pdb,58,58,58,,GLN,H,53,53,,TYR,59,,CDR2,3.2922689744308564,1,1
Full181,empty,10,results/full181_supplement/raw/empty/seed10/boltz_results_full_blind/predictions/full_blind/full_blind_model_0.pdb,58,58,58,,GLN,H,100,100,,ILE,109,,CDR3,2.738204521214586,1,1
Full181,empty,10,results/full181_supplement/raw/empty/seed10/boltz_results_full_blind/predictions/full_blind/full_blind_model_0.pdb,58,58,58,,GLN,L,93,93,,TYR,114,,CDR3,4.9759314705892,0,1
Full181,empty,10,results/full181_supplement/raw/empty/seed10/boltz_results_full_blind/predictions/full_blind/full_blind_model_0.pdb,59,59,59,,ASP,H,33,33,,ASN,38,,CDR1,4.815775015508926,0,1
Full181,empty,10,results/full181_supplement/raw/empty/seed10/boltz_results_full_blind/predictions/full_blind/full_blind_model_0.pdb,59,59,59,,ASP,H,35,35,,TYR,40,,FR2,2.538908032993712,1,1
Full181,empty,10,results/full181_supplement/raw/empty/seed10/boltz_results_full_blind/predictions/full_blind/full_blind_model_0.pdb,59,59,59,,ASP,H,47,47,,TRP,52,,FR2,4.795544703159381,0,1
Full181,empty,10,results/full181_supplement/raw/empty/seed10/boltz_results_full_blind/predictions/full_blind/full_blind_model_0.pdb,59,59,59,,ASP,H,50,50,,ILE,56,,CDR2,2.6700132958470455,1,1
Full181,empty,10,results/full181_supplement/raw/empty/seed10/boltz_results_full_blind/predictions/full_blind/full_blind_model_0.pdb,59,59,59,,ASP,H,58,58,,SER,66,,FR3,3.306833379533962,1,1
Full181,empty,10,results/full181_supplement/raw/empty/seed10/boltz_results_full_blind/predictions/full_blind/full_blind_model_0.pdb,59,59,59,,ASP,L,93,93,,TYR,114,,CDR3,1.4055692796870594,1,1
Full181,empty,10,results/full181_supplement/raw/empty/seed10/boltz_results_full_blind/predictions/full_blind/full_blind_model_0.pdb,59,59,59,,ASP,L,95,95,,TYR,116,,CDR3,3.4557511484480483,1,1
Full181,empty,10,results/full181_supplement/raw/empty/seed10/boltz_results_full_blind/predictions/full_blind/full_blind_model_0.pdb,60,60,60,,ASP,L,93,93,,TYR,114,,CDR3,4.445822870965509,1,1
Full181,empty,10,results/full181_supplement/raw/empty/seed10/boltz_results_full_blind/predictions/full_blind/full_blind_model_0.pdb,61,61,61,,ILE,H,104,104,,TRP,113,,CDR3,3.76924926212104,1,1
Full181,empty,10,results/full181_supplement/raw/empty/seed10/boltz_results_full_blind/predictions/full_blind/full_blind_model_0.pdb,62,62,62,,THR,H,35,35,,TYR,40,,FR2,4.3383506082381125,1,1
Full181,empty,10,results/full181_supplement/raw/empty/seed10/boltz_results_full_blind/predictions/full_blind/full_blind_model_0.pdb,62,62,62,,THR,H,98,98,,TRP,107,,CDR3,2.524590065733445,1,1
Full181,empty,10,results/full181_supplement/raw/empty/seed10/boltz_results_full_blind/predictions/full_blind/full_blind_model_0.pdb,62,62,62,,THR,H,100,100,,ILE,109,,CDR3,3.406978866972908,1,1
Full181,empty,10,results/full181_supplement/raw/empty/seed10/boltz_results_full_blind/predictions/full_blind/full_blind_model_0.pdb,62,62,62,,THR,H,104,104,,TRP,113,,CDR3,2.7188376192777675,1,1
Full181,empty,10,results/full181_supplement/raw/empty/seed10/boltz_results_full_blind/predictions/full_blind/full_blind_model_0.pdb,62,62,62,,THR,L,50,50,,TRP,56,,CDR2,4.670771456622557,0,1
Full181,empty,10,results/full181_supplement/raw/empty/seed10/boltz_results_full_blind/predictions/full_blind/full_blind_model_0.pdb,62,62,62,,THR,L,90,90,,TYR,107,,CDR3,3.9166349076726568,1,1
Full181,empty,10,results/full181_supplement/raw/empty/seed10/boltz_results_full_blind/predictions/full_blind/full_blind_model_0.pdb,62,62,62,,THR,L,93,93,,TYR,114,,CDR3,4.248846196322009,1,1
Full181,empty,10,results/full181_supplement/raw/empty/seed10/boltz_results_full_blind/predictions/full_blind/full_blind_model_0.pdb,62,62,62,,THR,L,95,95,,TYR,116,,CDR3,2.5207036715964852,1,1
Full181,empty,10,results/full181_supplement/raw/empty/seed10/boltz_results_full_blind/predictions/full_blind/full_blind_model_0.pdb,63,63,63,,SER,L,90,90,,TYR,107,,CDR3,3.4876656949885554,1,1
Full181,empty,10,results/full181_supplement/raw/empty/seed10/boltz_results_full_blind/predictions/full_blind/full_blind_model_0.pdb,63,63,63,,SER,L,91,91,,SER,108,,CDR3,3.030486924571694,1,1
Full181,empty,10,results/full181_supplement/raw/empty/seed10/boltz_results_full_blind/predictions/full_blind/full_blind_model_0.pdb,63,63,63,,SER,L,92,92,,SER,109,,CDR3,3.9022394852187126,1,1
Full181,empty,10,results/full181_supplement/raw/empty/seed10/boltz_results_full_blind/predictions/full_blind/full_blind_model_0.pdb,63,63,63,,SER,L,93,93,,TYR,114,,CDR3,4.905201830709925,0,1
Full181,empty,10,results/full181_supplement/raw/empty/seed10/boltz_results_full_blind/predictions/full_blind/full_blind_model_0.pdb,63,63,63,,SER,L,95,95,,TYR,116,,CDR3,3.584526049563596,1,1
Full181,empty,10,results/full181_supplement/raw/empty/seed10/boltz_results_full_blind/predictions/full_blind/full_blind_model_0.pdb,64,64,64,,ILE,H,104,104,,TRP,113,,CDR3,4.546354143706801,0,1
Full181,empty,10,results/full181_supplement/raw/empty/seed10/boltz_results_full_blind/predictions/full_blind/full_blind_model_0.pdb,64,64,64,,ILE,L,50,50,,TRP,56,,CDR2,4.416234368780715,1,1
Full181,empty,10,results/full181_supplement/raw/empty/seed10/boltz_results_full_blind/predictions/full_blind/full_blind_model_0.pdb,65,65,65,,ARG,L,31,31,,THR,37,,CDR1,4.77781058645066,0,1
Full181,empty,10,results/full181_supplement/raw/empty/seed10/boltz_results_full_blind/predictions/full_blind/full_blind_model_0.pdb,65,65,65,,ARG,L,32,32,,ALA,38,,CDR1,2.529850786113679,1,1
Full181,empty,10,results/full181_supplement/raw/empty/seed10/boltz_results_full_blind/predictions/full_blind/full_blind_model_0.pdb,65,65,65,,ARG,L,33,33,,VAL,39,,FR2,4.97853161082663,0,1
Full181,empty,10,results/full181_supplement/raw/empty/seed10/boltz_results_full_blind/predictions/full_blind/full_blind_model_0.pdb,65,65,65,,ARG,L,50,50,,TRP,56,,CDR2,0.8623937615729835,1,1
Full181,empty,10,results/full181_supplement/raw/empty/seed10/boltz_results_full_blind/predictions/full_blind/full_blind_model_0.pdb,65,65,65,,ARG,L,90,90,,TYR,107,,CDR3,2.515058249822457,1,1
Full181,empty,10,results/full181_supplement/raw/empty/seed10/boltz_results_full_blind/predictions/full_blind/full_blind_model_0.pdb,65,65,65,,ARG,L,91,91,,SER,108,,CDR3,4.971766185170014,0,1
Full181,empty,10,results/full181_supplement/raw/empty/seed10/boltz_results_full_blind/predictions/full_blind/full_blind_model_0.pdb,68,68,68,,LYS,L,31,31,,THR,37,,CDR1,3.5967982984871427,1,1
Full181,empty,10,results/full181_supplement/raw/empty/seed10/boltz_results_full_blind/predictions/full_blind/full_blind_model_0.pdb,99,99,99,,TYR,H,56,56,,ASP,64,,CDR2,4.653826812420076,0,1
Full181,empty,10,results/full181_supplement/raw/empty/seed10/boltz_results_full_blind/predictions/full_blind/full_blind_model_0.pdb,101,101,101,,SER,H,53,53,,TYR,59,,CDR2,4.862801867236624,0,1
Full181,empty,10,results/full181_supplement/raw/empty/seed10/boltz_results_full_blind/predictions/full_blind/full_blind_model_0.pdb,101,101,101,,SER,H,54,54,,ASN,62,,CDR2,1.9864224122779117,1,1
Full181,empty,10,results/full181_supplement/raw/empty/seed10/boltz_results_full_blind/predictions/full_blind/full_blind_model_0.pdb,102,102,102,,LYS,H,54,54,,ASN,62,,CDR2,4.9270708336698394,0,1
Full181,empty,10,results/full181_supplement/raw/empty/seed10/boltz_results_full_blind/predictions/full_blind/full_blind_model_0.pdb,103,103,103,,ILE,H,30,30,,THR,35,,CDR1,3.805368576104029,1,1
Full181,empty,10,results/full181_supplement/raw/empty/seed10/boltz_results_full_blind/predictions/full_blind/full_blind_model_0.pdb,103,103,103,,ILE,H,53,53,,TYR,59,,CDR2,1.9170461653283164,1,1
Full181,empty,10,results/full181_supplement/raw/empty/seed10/boltz_results_full_blind/predictions/full_blind/full_blind_model_0.pdb,103,103,103,,ILE,H,54,54,,ASN,62,,CDR2,2.771180614828272,1,1
Full181,empty,10,results/full181_supplement/raw/empty/seed10/boltz_results_full_blind/predictions/full_blind/full_blind_model_0.pdb,104,104,104,,ALA,H,53,53,,TYR,59,,CDR2,2.432837849097222,1,1
Full181,empty,10,results/full181_supplement/raw/empty/seed10/boltz_results_full_blind/predictions/full_blind/full_blind_model_0.pdb,104,104,104,,ALA,H,54,54,,ASN,62,,CDR2,3.2720412589085734,1,1
Full181,empty,10,results/full181_supplement/raw/empty/seed10/boltz_results_full_blind/predictions/full_blind/full_blind_model_0.pdb,104,104,104,,ALA,H,56,56,,ASP,64,,CDR2,4.716099341616968,0,1
Full181,empty,10,results/full181_supplement/raw/empty/seed10/boltz_results_full_blind/predictions/full_blind/full_blind_model_0.pdb,105,105,105,,LYS,H,53,53,,TYR,59,,CDR2,4.793765221618597,0,1
Full181,empty,10,results/full181_supplement/raw/empty/seed10/boltz_results_full_blind/predictions/full_blind/full_blind_model_0.pdb,106,106,106,,PHE,H,31,31,,ASP,36,,CDR1,4.166082092326075,1,1
Full181,empty,10,results/full181_supplement/raw/empty/seed10/boltz_results_full_blind/predictions/full_blind/full_blind_model_0.pdb,106,106,106,,PHE,H,53,53,,TYR,59,,CDR2,4.8428481289423075,0,1
Full181,empty,10,results/full181_supplement/raw/empty/seed10/boltz_results_full_blind/predictions/full_blind/full_blind_model_0.pdb,107,107,107,,LYS,H,30,30,,THR,35,,CDR1,4.371559218402513,1,1
Full181,empty,10,results/full181_supplement/raw/empty/seed10/boltz_results_full_blind/predictions/full_blind/full_blind_model_0.pdb,107,107,107,,LYS,H,31,31,,ASP,36,,CDR1,1.4322189078489374,1,1
Full181,empty,10,results/full181_supplement/raw/empty/seed10/boltz_results_full_blind/predictions/full_blind/full_blind_model_0.pdb,107,107,107,,LYS,H,32,32,,TYR,37,,CDR1,2.8286827322978443,1,1
Full181,empty,10,results/full181_supplement/raw/empty/seed10/boltz_results_full_blind/predictions/full_blind/full_blind_model_0.pdb,107,107,107,,LYS,H,33,33,,ASN,38,,CDR1,3.848211792508307,1,1
Full181,empty,10,results/full181_supplement/raw/empty/seed10/boltz_results_full_blind/predictions/full_blind/full_blind_model_0.pdb,107,107,107,,LYS,H,53,53,,TYR,59,,CDR2,2.95029371419186,1,1
Full181,empty,10,results/full181_supplement/raw/empty/seed10/boltz_results_full_blind/predictions/full_blind/full_blind_model_0.pdb,107,107,107,,LYS,H,98,98,,TRP,107,,CDR3,4.823311103381162,0,1
Full181,empty,10,results/full181_supplement/raw/empty/seed10/boltz_results_full_blind/predictions/full_blind/full_blind_model_0.pdb,107,107,107,,LYS,H,100,100,,ILE,109,,CDR3,3.0582807261597167,1,1
Full181,empty,10,results/full181_supplement/raw/empty/seed10/boltz_results_full_blind/predictions/full_blind/full_blind_model_0.pdb,108,108,108,,VAL,H,100,100,,ILE,109,,CDR3,4.877421449905677,0,1
Full181,empty,10,results/full181_supplement/raw/empty/seed10/boltz_results_full_blind/predictions/full_blind/full_blind_model_0.pdb,110,110,110,,ARG,H,101,101,,THR,110,,CDR3,4.052967061302128,1,1
Full181,empty,10,results/full181_supplement/raw/empty/seed10/boltz_results_full_blind/predictions/full_blind/full_blind_model_0.pdb,111,111,111,,SER,H,100,100,,ILE,109,,CDR3,2.9494891083033346,1,1
Full181,empty,10,results/full181_supplement/raw/empty/seed10/boltz_results_full_blind/predictions/full_blind/full_blind_model_0.pdb,111,111,111,,SER,H,101,101,,THR,110,,CDR3,3.9223912349483956,1,1
Full181,empty,10,results/full181_supplement/raw/empty/seed10/boltz_results_full_blind/predictions/full_blind/full_blind_model_0.pdb,111,111,111,,SER,H,104,104,,TRP,113,,CDR3,4.352787612553592,1,1
Full181,empty,10,results/full181_supplement/raw/empty/seed10/boltz_results_full_blind/predictions/full_blind/full_blind_model_0.pdb,114,114,114,,THR,H,101,101,,THR,110,,CDR3,2.194051959275349,1,1
Full181,empty,10,results/full181_supplement/raw/empty/seed10/boltz_results_full_blind/predictions/full_blind/full_blind_model_0.pdb,114,114,114,,THR,H,102,102,,ASP,111,,CDR3,2.989377192660706,1,1
Full181,empty,10,results/full181_supplement/raw/empty/seed10/boltz_results_full_blind/predictions/full_blind/full_blind_model_0.pdb,115,115,115,,LEU,H,100,100,,ILE,109,,CDR3,4.47925987189848,1,1
Full181,empty,10,results/full181_supplement/raw/empty/seed10/boltz_results_full_blind/predictions/full_blind/full_blind_model_0.pdb,115,115,115,,LEU,H,101,101,,THR,110,,CDR3,3.611611966975411,1,1
Full181,empty,10,results/full181_supplement/raw/empty/seed10/boltz_results_full_blind/predictions/full_blind/full_blind_model_0.pdb,115,115,115,,LEU,H,102,102,,ASP,111,,CDR3,4.472613218242776,1,1
Full181,empty,10,results/full181_supplement/raw/empty/seed10/boltz_results_full_blind/predictions/full_blind/full_blind_model_0.pdb,115,115,115,,LEU,H,103,103,,PRO,112,,CDR3,4.580524533282187,0,1
Full181,empty,10,results/full181_supplement/raw/empty/seed10/boltz_results_full_blind/predictions/full_blind/full_blind_model_0.pdb,115,115,115,,LEU,H,104,104,,TRP,113,,CDR3,2.776746477444421,1,1
Full181,empty,10,results/full181_supplement/raw/empty/seed10/boltz_results_full_blind/predictions/full_blind/full_blind_model_0.pdb,118,118,118,,ASN,H,101,101,,THR,110,,CDR3,4.373524551205812,1,1
Full181,empty,10,results/full181_supplement/raw/empty/seed10/boltz_results_full_blind/predictions/full_blind/full_blind_model_0.pdb,118,118,118,,ASN,H,102,102,,ASP,111,,CDR3,4.056422315292135,1,1
Full181,empty,10,results/full181_supplement/raw/empty/seed10/boltz_results_full_blind/predictions/full_blind/full_blind_model_0.pdb,118,118,118,,ASN,H,103,103,,PRO,112,,CDR3,3.455645381111899,1,1
Full181,empty,10,results/full181_supplement/raw/empty/seed10/boltz_results_full_blind/predictions/full_blind/full_blind_model_0.pdb,122,122,122,,ILE,L,53,53,,ARG,66,,FR3,3.0236512695745845,1,1
Full181,empty,10,results/full181_supplement/raw/empty/seed10/boltz_results_full_blind/predictions/full_blind/full_blind_model_0.pdb,163,163,163,,LYS,H,28,28,,SER,29,,CDR1,3.9105459976837005,1,1
Full181,empty,10,results/full181_supplement/raw/empty/seed10/boltz_results_full_blind/predictions/full_blind/full_blind_model_0.pdb,163,163,163,,LYS,H,31,31,,ASP,36,,CDR1,1.5995977619389208,1,1
Full181,empty,11,results/full181_supplement/raw/empty/seed11/boltz_results_full_blind/predictions/full_blind/full_blind_model_0.pdb,1,1,1,,MET,H,35,35,,TYR,40,,FR2,4.509449633824509,0,1
Full181,empty,11,results/full181_supplement/raw/empty/seed11/boltz_results_full_blind/predictions/full_blind/full_blind_model_0.pdb,1,1,1,,MET,H,104,104,,TRP,113,,CDR3,2.605956446297597,1,1
Full181,empty,11,results/full181_supplement/raw/empty/seed11/boltz_results_full_blind/predictions/full_blind/full_blind_model_0.pdb,1,1,1,,MET,L,93,93,,TYR,114,,CDR3,1.8726702859820255,1,1
Full181,empty,11,results/full181_supplement/raw/empty/seed11/boltz_results_full_blind/predictions/full_blind/full_blind_model_0.pdb,1,1,1,,MET,L,95,95,,TYR,116,,CDR3,3.1296135544185004,1,1
Full181,empty,11,results/full181_supplement/raw/empty/seed11/boltz_results_full_blind/predictions/full_blind/full_blind_model_0.pdb,6,6,6,,GLN,H,104,104,,TRP,113,,CDR3,3.4481045517791364,1,1
Full181,empty,11,results/full181_supplement/raw/empty/seed11/boltz_results_full_blind/predictions/full_blind/full_blind_model_0.pdb,57,57,57,,THR,H,53,53,,TYR,59,,CDR2,3.4848284032359453,1,1
Full181,empty,11,results/full181_supplement/raw/empty/seed11/boltz_results_full_blind/predictions/full_blind/full_blind_model_0.pdb,57,57,57,,THR,H,54,54,,ASN,62,,CDR2,4.360965260123038,1,1
Full181,empty,11,results/full181_supplement/raw/empty/seed11/boltz_results_full_blind/predictions/full_blind/full_blind_model_0.pdb,58,58,58,,GLN,H,31,31,,ASP,36,,CDR1,4.702671262165792,0,1
Full181,empty,11,results/full181_supplement/raw/empty/seed11/boltz_results_full_blind/predictions/full_blind/full_blind_model_0.pdb,58,58,58,,GLN,H,33,33,,ASN,38,,CDR1,4.815208510542405,0,1
Full181,empty,11,results/full181_supplement/raw/empty/seed11/boltz_results_full_blind/predictions/full_blind/full_blind_model_0.pdb,58,58,58,,GLN,H,100,100,,ILE,109,,CDR3,2.5329228176160448,1,1
Full181,empty,11,results/full181_supplement/raw/empty/seed11/boltz_results_full_blind/predictions/full_blind/full_blind_model_0.pdb,59,59,59,,ASP,H,30,30,,THR,35,,CDR1,3.562381226090211,1,1
Full181,empty,11,results/full181_supplement/raw/empty/seed11/boltz_results_full_blind/predictions/full_blind/full_blind_model_0.pdb,59,59,59,,ASP,H,31,31,,ASP,36,,CDR1,4.763370340420741,0,1
Full181,empty,11,results/full181_supplement/raw/empty/seed11/boltz_results_full_blind/predictions/full_blind/full_blind_model_0.pdb,59,59,59,,ASP,H,32,32,,TYR,37,,CDR1,4.160475934313285,1,1
Full181,empty,11,results/full181_supplement/raw/empty/seed11/boltz_results_full_blind/predictions/full_blind/full_blind_model_0.pdb,59,59,59,,ASP,H,33,33,,ASN,38,,CDR1,2.8045596802350277,1,1
Full181,empty,11,results/full181_supplement/raw/empty/seed11/boltz_results_full_blind/predictions/full_blind/full_blind_model_0.pdb,59,59,59,,ASP,H,52,52,,PRO,58,,CDR2,3.4761157920874846,1,1
Full181,empty,11,results/full181_supplement/raw/empty/seed11/boltz_results_full_blind/predictions/full_blind/full_blind_model_0.pdb,59,59,59,,ASP,H,53,53,,TYR,59,,CDR2,1.3395883696120978,1,1
Full181,empty,11,results/full181_supplement/raw/empty/seed11/boltz_results_full_blind/predictions/full_blind/full_blind_model_0.pdb,59,59,59,,ASP,H,54,54,,ASN,62,,CDR2,3.832597161195004,1,1
Full181,empty,11,results/full181_supplement/raw/empty/seed11/boltz_results_full_blind/predictions/full_blind/full_blind_model_0.pdb,60,60,60,,ASP,H,52,52,,PRO,58,,CDR2,4.998531884463678,0,1
Full181,empty,11,results/full181_supplement/raw/empty/seed11/boltz_results_full_blind/predictions/full_blind/full_blind_model_0.pdb,60,60,60,,ASP,H,54,54,,ASN,62,,CDR2,3.1658264323869676,1,1
Full181,empty,11,results/full181_supplement/raw/empty/seed11/boltz_results_full_blind/predictions/full_blind/full_blind_model_0.pdb,60,60,60,,ASP,H,56,56,,ASP,64,,CDR2,4.60163123250875,0,1
Full181,empty,11,results/full181_supplement/raw/empty/seed11/boltz_results_full_blind/predictions/full_blind/full_blind_model_0.pdb,62,62,62,,THR,H,33,33,,ASN,38,,CDR1,2.9159489021586094,1,1
Full181,empty,11,results/full181_supplement/raw/empty/seed11/boltz_results_full_blind/predictions/full_blind/full_blind_model_0.pdb,62,62,62,,THR,H,35,35,,TYR,40,,FR2,3.013436078631833,1,1
Full181,empty,11,results/full181_supplement/raw/empty/seed11/boltz_results_full_blind/predictions/full_blind/full_blind_model_0.pdb,62,62,62,,THR,H,50,50,,ILE,56,,CDR2,3.4703609322374525,1,1
Full181,empty,11,results/full181_supplement/raw/empty/seed11/boltz_results_full_blind/predictions/full_blind/full_blind_model_0.pdb,62,62,62,,THR,H,98,98,,TRP,107,,CDR3,4.006565985978516,1,1
Full181,empty,11,results/full181_supplement/raw/empty/seed11/boltz_results_full_blind/predictions/full_blind/full_blind_model_0.pdb,62,62,62,,THR,H,100,100,,ILE,109,,CDR3,4.023257511022629,1,1
Full181,empty,11,results/full181_supplement/raw/empty/seed11/boltz_results_full_blind/predictions/full_blind/full_blind_model_0.pdb,62,62,62,,THR,H,104,104,,TRP,113,,CDR3,3.306266474439107,1,1
Full181,empty,11,results/full181_supplement/raw/empty/seed11/boltz_results_full_blind/predictions/full_blind/full_blind_model_0.pdb,62,62,62,,THR,L,93,93,,TYR,114,,CDR3,2.6714881620549997,1,1
Full181,empty,11,results/full181_supplement/raw/empty/seed11/boltz_results_full_blind/predictions/full_blind/full_blind_model_0.pdb,63,63,63,,SER,H,50,50,,ILE,56,,CDR2,4.391975409767227,1,1
Full181,empty,11,results/full181_supplement/raw/empty/seed11/boltz_results_full_blind/predictions/full_blind/full_blind_model_0.pdb,63,63,63,,SER,H,52,52,,PRO,58,,CDR2,3.5816924770281444,1,1
Full181,empty,11,results/full181_supplement/raw/empty/seed11/boltz_results_full_blind/predictions/full_blind/full_blind_model_0.pdb,63,63,63,,SER,H,56,56,,ASP,64,,CDR2,3.330733702954951,1,1
Full181,empty,11,results/full181_supplement/raw/empty/seed11/boltz_results_full_blind/predictions/full_blind/full_blind_model_0.pdb,63,63,63,,SER,H,58,58,,SER,66,,FR3,2.59890149871056,1,1
Full181,empty,11,results/full181_supplement/raw/empty/seed11/boltz_results_full_blind/predictions/full_blind/full_blind_model_0.pdb,63,63,63,,SER,L,93,93,,TYR,114,,CDR3,4.421722854272981,1,1
Full181,empty,11,results/full181_supplement/raw/empty/seed11/boltz_results_full_blind/predictions/full_blind/full_blind_model_0.pdb,64,64,64,,ILE,H,58,58,,SER,66,,FR3,4.826068482730015,0,1
Full181,empty,11,results/full181_supplement/raw/empty/seed11/boltz_results_full_blind/predictions/full_blind/full_blind_model_0.pdb,64,64,64,,ILE,L,93,93,,TYR,114,,CDR3,3.8914289149360033,1,1
Full181,empty,11,results/full181_supplement/raw/empty/seed11/boltz_results_full_blind/predictions/full_blind/full_blind_model_0.pdb,65,65,65,,ARG,H,47,47,,TRP,52,,FR2,3.879992525765997,1,1
Full181,empty,11,results/full181_supplement/raw/empty/seed11/boltz_results_full_blind/predictions/full_blind/full_blind_model_0.pdb,65,65,65,,ARG,H,58,58,,SER,66,,FR3,3.6019553023323314,1,1
Full181,empty,11,results/full181_supplement/raw/empty/seed11/boltz_results_full_blind/predictions/full_blind/full_blind_model_0.pdb,65,65,65,,ARG,H,59,59,,TYR,67,,FR3,3.4664940501896138,1,1
Full181,empty,11,results/full181_supplement/raw/empty/seed11/boltz_results_full_blind/predictions/full_blind/full_blind_model_0.pdb,65,65,65,,ARG,H,60,60,,ASN,68,,FR3,4.857387466529719,0,1
Full181,empty,11,results/full181_supplement/raw/empty/seed11/boltz_results_full_blind/predictions/full_blind/full_blind_model_0.pdb,65,65,65,,ARG,H,61,61,,GLN,69,,FR3,4.86521006740716,0,1
Full181,empty,11,results/full181_supplement/raw/empty/seed11/boltz_results_full_blind/predictions/full_blind/full_blind_model_0.pdb,65,65,65,,ARG,L,93,93,,TYR,114,,CDR3,3.5539592006662093,1,1
Full181,empty,11,results/full181_supplement/raw/empty/seed11/boltz_results_full_blind/predictions/full_blind/full_blind_model_0.pdb,65,65,65,,ARG,L,94,94,,PRO,115,,CDR3,4.8654838402773475,0,1
Full181,empty,11,results/full181_supplement/raw/empty/seed11/boltz_results_full_blind/predictions/full_blind/full_blind_model_0.pdb,66,66,66,,LEU,L,91,91,,SER,108,,CDR3,4.325498930759317,1,1
Full181,empty,11,results/full181_supplement/raw/empty/seed11/boltz_results_full_blind/predictions/full_blind/full_blind_model_0.pdb,66,66,66,,LEU,L,92,92,,SER,109,,CDR3,3.6617565457031684,1,1
Full181,empty,11,results/full181_supplement/raw/empty/seed11/boltz_results_full_blind/predictions/full_blind/full_blind_model_0.pdb,66,66,66,,LEU,L,93,93,,TYR,114,,CDR3,4.753728746994301,0,1
Full181,empty,11,results/full181_supplement/raw/empty/seed11/boltz_results_full_blind/predictions/full_blind/full_blind_model_0.pdb,103,103,103,,ILE,H,32,32,,TYR,37,,CDR1,4.799204309049575,0,1
Full181,empty,11,results/full181_supplement/raw/empty/seed11/boltz_results_full_blind/predictions/full_blind/full_blind_model_0.pdb,103,103,103,,ILE,H,101,101,,THR,110,,CDR3,3.580037150645229,1,1
Full181,empty,11,results/full181_supplement/raw/empty/seed11/boltz_results_full_blind/predictions/full_blind/full_blind_model_0.pdb,106,106,106,,PHE,H,100,100,,ILE,109,,CDR3,4.086072197110569,1,1
Full181,empty,11,results/full181_supplement/raw/empty/seed11/boltz_results_full_blind/predictions/full_blind/full_blind_model_0.pdb,106,106,106,,PHE,H,101,101,,THR,110,,CDR3,2.3664963553743323,1,1
Full181,empty,11,results/full181_supplement/raw/empty/seed11/boltz_results_full_blind/predictions/full_blind/full_blind_model_0.pdb,106,106,106,,PHE,H,102,102,,ASP,111,,CDR3,4.499107578175921,1,1
Full181,empty,11,results/full181_supplement/raw/empty/seed11/boltz_results_full_blind/predictions/full_blind/full_blind_model_0.pdb,107,107,107,,LYS,H,31,31,,ASP,36,,CDR1,2.9852031756649313,1,1
Full181,empty,11,results/full181_supplement/raw/empty/seed11/boltz_results_full_blind/predictions/full_blind/full_blind_model_0.pdb,107,107,107,,LYS,H,32,32,,TYR,37,,CDR1,2.8964312524208133,1,1
Full181,empty,11,results/full181_supplement/raw/empty/seed11/boltz_results_full_blind/predictions/full_blind/full_blind_model_0.pdb,107,107,107,,LYS,H,99,99,,GLU,108,,CDR3,4.623000540774357,0,1
Full181,empty,11,results/full181_supplement/raw/empty/seed11/boltz_results_full_blind/predictions/full_blind/full_blind_model_0.pdb,107,107,107,,LYS,H,100,100,,ILE,109,,CDR3,2.447305048415502,1,1
Full181,empty,11,results/full181_supplement/raw/empty/seed11/boltz_results_full_blind/predictions/full_blind/full_blind_model_0.pdb,107,107,107,,LYS,H,101,101,,THR,110,,CDR3,2.8884317544300746,1,1
Full181,empty,11,results/full181_supplement/raw/empty/seed11/boltz_results_full_blind/predictions/full_blind/full_blind_model_0.pdb,107,107,107,,LYS,H,104,104,,TRP,113,,CDR3,4.998239390025251,0,1
Full181,empty,11,results/full181_supplement/raw/empty/seed11/boltz_results_full_blind/predictions/full_blind/full_blind_model_0.pdb,108,108,108,,VAL,H,100,100,,ILE,109,,CDR3,4.163235400502835,1,1
Full181,empty,11,results/full181_supplement/raw/empty/seed11/boltz_results_full_blind/predictions/full_blind/full_blind_model_0.pdb,110,110,110,,ARG,H,100,100,,ILE,109,,CDR3,2.7583018326499373,1,1
Full181,empty,11,results/full181_supplement/raw/empty/seed11/boltz_results_full_blind/predictions/full_blind/full_blind_model_0.pdb,110,110,110,,ARG,H,101,101,,THR,110,,CDR3,3.9586202141655376,1,1
Full181,empty,11,results/full181_supplement/raw/empty/seed11/boltz_results_full_blind/predictions/full_blind/full_blind_model_0.pdb,110,110,110,,ARG,H,102,102,,ASP,111,,CDR3,3.014399276804584,1,1
Full181,empty,11,results/full181_supplement/raw/empty/seed11/boltz_results_full_blind/predictions/full_blind/full_blind_model_0.pdb,110,110,110,,ARG,H,103,103,,PRO,112,,CDR3,2.189691530786928,1,1
Full181,empty,11,results/full181_supplement/raw/empty/seed11/boltz_results_full_blind/predictions/full_blind/full_blind_model_0.pdb,110,110,110,,ARG,H,104,104,,TRP,113,,CDR3,2.7744111086859498,1,1
Full181,empty,11,results/full181_supplement/raw/empty/seed11/boltz_results_full_blind/predictions/full_blind/full_blind_model_0.pdb,110,110,110,,ARG,L,50,50,,TRP,56,,CDR2,0.803095884686256,1,1
Full181,empty,11,results/full181_supplement/raw/empty/seed11/boltz_results_full_blind/predictions/full_blind/full_blind_model_0.pdb,110,110,110,,ARG,L,90,90,,TYR,107,,CDR3,4.910614421841731,0,1
Full181,empty,11,results/full181_supplement/raw/empty/seed11/boltz_results_full_blind/predictions/full_blind/full_blind_model_0.pdb,111,111,111,,SER,H,100,100,,ILE,109,,CDR3,3.5169539377137142,1,1
Full181,empty,11,results/full181_supplement/raw/empty/seed11/boltz_results_full_blind/predictions/full_blind/full_blind_model_0.pdb,111,111,111,,SER,H,104,104,,TRP,113,,CDR3,2.746369421618293,1,1
Full181,empty,11,results/full181_supplement/raw/empty/seed11/boltz_results_full_blind/predictions/full_blind/full_blind_model_0.pdb,113,113,113,,SER,L,50,50,,TRP,56,,CDR2,3.511774622608917,1,1
Full181,empty,11,results/full181_supplement/raw/empty/seed11/boltz_results_full_blind/predictions/full_blind/full_blind_model_0.pdb,114,114,114,,THR,H,104,104,,TRP,113,,CDR3,2.4641974352717764,1,1
Full181,empty,11,results/full181_supplement/raw/empty/seed11/boltz_results_full_blind/predictions/full_blind/full_blind_model_0.pdb,114,114,114,,THR,L,50,50,,TRP,56,,CDR2,3.7398824847847827,1,1
Full181,empty,11,results/full181_supplement/raw/empty/seed11/boltz_results_full_blind/predictions/full_blind/full_blind_model_0.pdb,114,114,114,,THR,L,90,90,,TYR,107,,CDR3,3.4720300977958125,1,1
Full181,empty,11,results/full181_supplement/raw/empty/seed11/boltz_results_full_blind/predictions/full_blind/full_blind_model_0.pdb,114,114,114,,THR,L,91,91,,SER,108,,CDR3,4.184350845710718,1,1
Full181,empty,11,results/full181_supplement/raw/empty/seed11/boltz_results_full_blind/predictions/full_blind/full_blind_model_0.pdb,114,114,114,,THR,L,95,95,,TYR,116,,CDR3,4.729265587805362,0,1
Full181,empty,11,results/full181_supplement/raw/empty/seed11/boltz_results_full_blind/predictions/full_blind/full_blind_model_0.pdb,117,117,117,,ASN,L,29,29,,VAL,29,,CDR1,4.666454864241162,0,1
Full181,empty,11,results/full181_supplement/raw/empty/seed11/boltz_results_full_blind/predictions/full_blind/full_blind_model_0.pdb,117,117,117,,ASN,L,30,30,,GLY,36,,CDR1,4.777525824106029,0,1
Full181,empty,11,results/full181_supplement/raw/empty/seed11/boltz_results_full_blind/predictions/full_blind/full_blind_model_0.pdb,117,117,117,,ASN,L,31,31,,THR,37,,CDR1,4.56943125563784,0,1
Full181,empty,11,results/full181_supplement/raw/empty/seed11/boltz_results_full_blind/predictions/full_blind/full_blind_model_0.pdb,117,117,117,,ASN,L,32,32,,ALA,38,,CDR1,4.4124284696751745,1,1
Full181,empty,11,results/full181_supplement/raw/empty/seed11/boltz_results_full_blind/predictions/full_blind/full_blind_model_0.pdb,117,117,117,,ASN,L,50,50,,TRP,56,,CDR2,3.316433928182499,1,1
Full181,empty,11,results/full181_supplement/raw/empty/seed11/boltz_results_full_blind/predictions/full_blind/full_blind_model_0.pdb,117,117,117,,ASN,L,91,91,,SER,108,,CDR3,4.613707186200703,0,1
Full181,empty,11,results/full181_supplement/raw/empty/seed11/boltz_results_full_blind/predictions/full_blind/full_blind_model_0.pdb,118,118,118,,ASN,L,90,90,,TYR,107,,CDR3,4.723644567492351,0,1
Full181,empty,11,results/full181_supplement/raw/empty/seed11/boltz_results_full_blind/predictions/full_blind/full_blind_model_0.pdb,118,118,118,,ASN,L,91,91,,SER,108,,CDR3,0.7162478621259541,1,1
Full181,empty,11,results/full181_supplement/raw/empty/seed11/boltz_results_full_blind/predictions/full_blind/full_blind_model_0.pdb,118,118,118,,ASN,L,92,92,,SER,109,,CDR3,2.669677508614102,1,1
Full181,empty,11,results/full181_supplement/raw/empty/seed11/boltz_results_full_blind/predictions/full_blind/full_blind_model_0.pdb,121,121,121,,VAL,L,2,2,,ILE,2,,FR1,4.910691397349257,0,1
Full181,empty,11,results/full181_supplement/raw/empty/seed11/boltz_results_full_blind/predictions/full_blind/full_blind_model_0.pdb,121,121,121,,VAL,L,27,27,,GLN,27,,CDR1,3.674625150950774,1,1
Full181,empty,11,results/full181_supplement/raw/empty/seed11/boltz_results_full_blind/predictions/full_blind/full_blind_model_0.pdb,121,121,121,,VAL,L,28,28,,ASP,28,,CDR1,2.5130974911451407,1,1
Full181,empty,11,results/full181_supplement/raw/empty/seed11/boltz_results_full_blind/predictions/full_blind/full_blind_model_0.pdb,121,121,121,,VAL,L,29,29,,VAL,29,,CDR1,4.166692813251296,1,1
Full181,empty,11,results/full181_supplement/raw/empty/seed11/boltz_results_full_blind/predictions/full_blind/full_blind_model_0.pdb,121,121,121,,VAL,L,30,30,,GLY,36,,CDR1,4.933147676686763,0,1
Full181,empty,11,results/full181_supplement/raw/empty/seed11/boltz_results_full_blind/predictions/full_blind/full_blind_model_0.pdb,121,121,121,,VAL,L,91,91,,SER,108,,CDR3,4.493378461692271,1,1
Full181,empty,11,results/full181_supplement/raw/empty/seed11/boltz_results_full_blind/predictions/full_blind/full_blind_model_0.pdb,125,125,125,,GLN,L,27,27,,GLN,27,,CDR1,2.2744797207273586,1,1
Full181,empty,11,results/full181_supplement/raw/empty/seed11/boltz_results_full_blind/predictions/full_blind/full_blind_model_0.pdb,149,149,149,,ARG,L,28,28,,ASP,28,,CDR1,0.5701719039026739,1,1
Full181,empty,11,results/full181_supplement/raw/empty/seed11/boltz_results_full_blind/predictions/full_blind/full_blind_model_0.pdb,149,149,149,,ARG,L,30,30,,GLY,36,,CDR1,4.892991314114506,0,1
Full181,empty,11,results/full181_supplement/raw/empty/seed11/boltz_results_full_blind/predictions/full_blind/full_blind_model_0.pdb,149,149,149,,ARG,L,68,68,,GLY,84,,FR3,4.704053783706135,0,1
Full181,empty,11,results/full181_supplement/raw/empty/seed11/boltz_results_full_blind/predictions/full_blind/full_blind_model_0.pdb,153,153,153,,LYS,L,28,28,,ASP,28,,CDR1,4.083246380026558,1,1
Full181,empty,11,results/full181_supplement/raw/empty/seed11/boltz_results_full_blind/predictions/full_blind/full_blind_model_0.pdb,153,153,153,,LYS,L,29,29,,VAL,29,,CDR1,3.604233621728758,1,1
Full181,empty,11,results/full181_supplement/raw/empty/seed11/boltz_results_full_blind/predictions/full_blind/full_blind_model_0.pdb,153,153,153,,LYS,L,30,30,,GLY,36,,CDR1,1.6101335348349215,1,1
Full181,empty,11,results/full181_supplement/raw/empty/seed11/boltz_results_full_blind/predictions/full_blind/full_blind_model_0.pdb,153,153,153,,LYS,L,31,31,,THR,37,,CDR1,3.0909031042722774,1,1
Full181,empty,11,results/full181_supplement/raw/empty/seed11/boltz_results_full_blind/predictions/full_blind/full_blind_model_0.pdb,156,156,156,,ASP,L,31,31,,THR,37,,CDR1,2.412320252371148,1,1
Full181,empty,11,results/full181_supplement/raw/empty/seed11/boltz_results_full_blind/predictions/full_blind/full_blind_model_0.pdb,156,156,156,,ASP,L,50,50,,TRP,56,,CDR2,2.4213892706460896,1,1
Full181,empty,11,results/full181_supplement/raw/empty/seed11/boltz_results_full_blind/predictions/full_blind/full_blind_model_0.pdb,157,157,157,,THR,L,53,53,,ARG,66,,FR3,4.615071397064189,0,1
Full181,empty,11,results/full181_supplement/raw/empty/seed11/boltz_results_full_blind/predictions/full_blind/full_blind_model_0.pdb,160,160,160,,ALA,L,50,50,,TRP,56,,CDR2,3.899703578478754,1,1
Full181,empty,11,results/full181_supplement/raw/empty/seed11/boltz_results_full_blind/predictions/full_blind/full_blind_model_0.pdb,160,160,160,,ALA,L,53,53,,ARG,66,,FR3,4.283433319196179,1,1
Full181,empty,11,results/full181_supplement/raw/empty/seed11/boltz_results_full_blind/predictions/full_blind/full_blind_model_0.pdb,161,161,161,,LEU,L,53,53,,ARG,66,,FR3,2.541857981870742,1,1
Full181,empty,11,results/full181_supplement/raw/empty/seed11/boltz_results_full_blind/predictions/full_blind/full_blind_model_0.pdb,163,163,163,,LYS,H,99,99,,GLU,108,,CDR3,4.818543452123266,0,1
Full181,empty,11,results/full181_supplement/raw/empty/seed11/boltz_results_full_blind/predictions/full_blind/full_blind_model_0.pdb,163,163,163,,LYS,H,101,101,,THR,110,,CDR3,2.4371856720406027,1,1
Full181,empty,11,results/full181_supplement/raw/empty/seed11/boltz_results_full_blind/predictions/full_blind/full_blind_model_0.pdb,163,163,163,,LYS,H,102,102,,ASP,111,,CDR3,2.737148333576389,1,1
Full181,empty,11,results/full181_supplement/raw/empty/seed11/boltz_results_full_blind/predictions/full_blind/full_blind_model_0.pdb,164,164,164,,ALA,L,53,53,,ARG,66,,FR3,4.726636330415107,0,1
Full181,empty,12,results/full181_supplement/raw/empty/seed12/boltz_results_full_blind/predictions/full_blind/full_blind_model_0.pdb,1,1,1,,MET,H,30,30,,THR,35,,CDR1,3.968466958411018,1,1
Full181,empty,12,results/full181_supplement/raw/empty/seed12/boltz_results_full_blind/predictions/full_blind/full_blind_model_0.pdb,1,1,1,,MET,H,31,31,,ASP,36,,CDR1,2.910091579314988,1,1
Full181,empty,12,results/full181_supplement/raw/empty/seed12/boltz_results_full_blind/predictions/full_blind/full_blind_model_0.pdb,1,1,1,,MET,H,53,53,,TYR,59,,CDR2,1.3061003024270372,1,1
Full181,empty,12,results/full181_supplement/raw/empty/seed12/boltz_results_full_blind/predictions/full_blind/full_blind_model_0.pdb,1,1,1,,MET,H,54,54,,ASN,62,,CDR2,2.6183363038387557,1,1
Full181,empty,12,results/full181_supplement/raw/empty/seed12/boltz_results_full_blind/predictions/full_blind/full_blind_model_0.pdb,1,1,1,,MET,H,100,100,,ILE,109,,CDR3,4.7760105736901375,0,1
Full181,empty,12,results/full181_supplement/raw/empty/seed12/boltz_results_full_blind/predictions/full_blind/full_blind_model_0.pdb,2,2,2,,SER,H,31,31,,ASP,36,,CDR1,4.037666033737808,1,1
Full181,empty,12,results/full181_supplement/raw/empty/seed12/boltz_results_full_blind/predictions/full_blind/full_blind_model_0.pdb,3,3,3,,TRP,H,30,30,,THR,35,,CDR1,4.9329760794068305,0,1
Full181,empty,12,results/full181_supplement/raw/empty/seed12/boltz_results_full_blind/predictions/full_blind/full_blind_model_0.pdb,3,3,3,,TRP,H,31,31,,ASP,36,,CDR1,1.7311767674041836,1,1
Full181,empty,12,results/full181_supplement/raw/empty/seed12/boltz_results_full_blind/predictions/full_blind/full_blind_model_0.pdb,3,3,3,,TRP,H,32,32,,TYR,37,,CDR1,3.859592983722506,1,1
Full181,empty,12,results/full181_supplement/raw/empty/seed12/boltz_results_full_blind/predictions/full_blind/full_blind_model_0.pdb,3,3,3,,TRP,H,53,53,,TYR,59,,CDR2,3.667387898763914,1,1
Full181,empty,12,results/full181_supplement/raw/empty/seed12/boltz_results_full_blind/predictions/full_blind/full_blind_model_0.pdb,3,3,3,,TRP,H,100,100,,ILE,109,,CDR3,1.855461128668558,1,1
Full181,empty,12,results/full181_supplement/raw/empty/seed12/boltz_results_full_blind/predictions/full_blind/full_blind_model_0.pdb,3,3,3,,TRP,H,101,101,,THR,110,,CDR3,2.893218622918082,1,1
Full181,empty,12,results/full181_supplement/raw/empty/seed12/boltz_results_full_blind/predictions/full_blind/full_blind_model_0.pdb,56,56,56,,GLN,L,31,31,,THR,37,,CDR1,4.03195907717328,1,1
Full181,empty,12,results/full181_supplement/raw/empty/seed12/boltz_results_full_blind/predictions/full_blind/full_blind_model_0.pdb,56,56,56,,GLN,L,67,67,,SER,83,,FR3,4.592791525858756,0,1
Full181,empty,12,results/full181_supplement/raw/empty/seed12/boltz_results_full_blind/predictions/full_blind/full_blind_model_0.pdb,57,57,57,,THR,L,30,30,,GLY,36,,CDR1,4.957478189563722,0,1
Full181,empty,12,results/full181_supplement/raw/empty/seed12/boltz_results_full_blind/predictions/full_blind/full_blind_model_0.pdb,57,57,57,,THR,L,31,31,,THR,37,,CDR1,1.6355714597656683,1,1
Full181,empty,12,results/full181_supplement/raw/empty/seed12/boltz_results_full_blind/predictions/full_blind/full_blind_model_0.pdb,57,57,57,,THR,L,32,32,,ALA,38,,CDR1,4.410374700634857,1,1
Full181,empty,12,results/full181_supplement/raw/empty/seed12/boltz_results_full_blind/predictions/full_blind/full_blind_model_0.pdb,57,57,57,,THR,L,50,50,,TRP,56,,CDR2,2.875270769858032,1,1
Full181,empty,12,results/full181_supplement/raw/empty/seed12/boltz_results_full_blind/predictions/full_blind/full_blind_model_0.pdb,58,58,58,,GLN,H,100,100,,ILE,109,,CDR3,4.106045421083405,1,1
Full181,empty,12,results/full181_supplement/raw/empty/seed12/boltz_results_full_blind/predictions/full_blind/full_blind_model_0.pdb,58,58,58,,GLN,H,101,101,,THR,110,,CDR3,3.7444377415040573,1,1
Full181,empty,12,results/full181_supplement/raw/empty/seed12/boltz_results_full_blind/predictions/full_blind/full_blind_model_0.pdb,58,58,58,,GLN,H,102,102,,ASP,111,,CDR3,3.987558150046216,1,1
Full181,empty,12,results/full181_supplement/raw/empty/seed12/boltz_results_full_blind/predictions/full_blind/full_blind_model_0.pdb,58,58,58,,GLN,H,104,104,,TRP,113,,CDR3,0.7708495313613415,1,1
Full181,empty,12,results/full181_supplement/raw/empty/seed12/boltz_results_full_blind/predictions/full_blind/full_blind_model_0.pdb,58,58,58,,GLN,L,50,50,,TRP,56,,CDR2,2.869741451768783,1,1
Full181,empty,12,results/full181_supplement/raw/empty/seed12/boltz_results_full_blind/predictions/full_blind/full_blind_model_0.pdb,59,59,59,,ASP,H,102,102,,ASP,111,,CDR3,4.646047890411807,0,1
Full181,empty,12,results/full181_supplement/raw/empty/seed12/boltz_results_full_blind/predictions/full_blind/full_blind_model_0.pdb,59,59,59,,ASP,L,49,49,,TYR,55,,FR2,3.4949050058621047,1,1
Full181,empty,12,results/full181_supplement/raw/empty/seed12/boltz_results_full_blind/predictions/full_blind/full_blind_model_0.pdb,59,59,59,,ASP,L,50,50,,TRP,56,,CDR2,2.69994333273867,1,1
Full181,empty,12,results/full181_supplement/raw/empty/seed12/boltz_results_full_blind/predictions/full_blind/full_blind_model_0.pdb,59,59,59,,ASP,L,53,53,,ARG,66,,FR3,2.5950853550509665,1,1
Full181,empty,12,results/full181_supplement/raw/empty/seed12/boltz_results_full_blind/predictions/full_blind/full_blind_model_0.pdb,60,60,60,,ASP,L,31,31,,THR,37,,CDR1,4.741256057206782,0,1
Full181,empty,12,results/full181_supplement/raw/empty/seed12/boltz_results_full_blind/predictions/full_blind/full_blind_model_0.pdb,62,62,62,,THR,H,102,102,,ASP,111,,CDR3,2.601011533999802,1,1
Full181,empty,12,results/full181_supplement/raw/empty/seed12/boltz_results_full_blind/predictions/full_blind/full_blind_model_0.pdb,63,63,63,,SER,L,53,53,,ARG,66,,FR3,2.866919775647725,1,1
Full181,empty,12,results/full181_supplement/raw/empty/seed12/boltz_results_full_blind/predictions/full_blind/full_blind_model_0.pdb,98,98,98,,ASN,L,91,91,,SER,108,,CDR3,3.016760348453287,1,1
Full181,empty,12,results/full181_supplement/raw/empty/seed12/boltz_results_full_blind/predictions/full_blind/full_blind_model_0.pdb,98,98,98,,ASN,L,92,92,,SER,109,,CDR3,4.254289717449906,1,1
Full181,empty,12,results/full181_supplement/raw/empty/seed12/boltz_results_full_blind/predictions/full_blind/full_blind_model_0.pdb,99,99,99,,TYR,H,104,104,,TRP,113,,CDR3,4.246497497938742,1,1
Full181,empty,12,results/full181_supplement/raw/empty/seed12/boltz_results_full_blind/predictions/full_blind/full_blind_model_0.pdb,99,99,99,,TYR,L,32,32,,ALA,38,,CDR1,4.6744014590105545,0,1
Full181,empty,12,results/full181_supplement/raw/empty/seed12/boltz_results_full_blind/predictions/full_blind/full_blind_model_0.pdb,99,99,99,,TYR,L,50,50,,TRP,56,,CDR2,3.799046459310547,1,1
Full181,empty,12,results/full181_supplement/raw/empty/seed12/boltz_results_full_blind/predictions/full_blind/full_blind_model_0.pdb,99,99,99,,TYR,L,90,90,,TYR,107,,CDR3,4.137675676028754,1,1
Full181,empty,12,results/full181_supplement/raw/empty/seed12/boltz_results_full_blind/predictions/full_blind/full_blind_model_0.pdb,99,99,99,,TYR,L,91,91,,SER,108,,CDR3,3.039742423298395,1,1
Full181,empty,12,results/full181_supplement/raw/empty/seed12/boltz_results_full_blind/predictions/full_blind/full_blind_model_0.pdb,99,99,99,,TYR,L,92,92,,SER,109,,CDR3,4.992375086068755,0,1
Full181,empty,12,results/full181_supplement/raw/empty/seed12/boltz_results_full_blind/predictions/full_blind/full_blind_model_0.pdb,100,100,100,,HIS,L,92,92,,SER,109,,CDR3,4.343322000496856,1,1
Full181,empty,12,results/full181_supplement/raw/empty/seed12/boltz_results_full_blind/predictions/full_blind/full_blind_model_0.pdb,101,101,101,,SER,H,58,58,,SER,66,,FR3,4.993700631796024,0,1
Full181,empty,12,results/full181_supplement/raw/empty/seed12/boltz_results_full_blind/predictions/full_blind/full_blind_model_0.pdb,101,101,101,,SER,L,93,93,,TYR,114,,CDR3,2.1929325115014375,1,1
Full181,empty,12,results/full181_supplement/raw/empty/seed12/boltz_results_full_blind/predictions/full_blind/full_blind_model_0.pdb,101,101,101,,SER,L,95,95,,TYR,116,,CDR3,4.380027967947237,1,1
Full181,empty,12,results/full181_supplement/raw/empty/seed12/boltz_results_full_blind/predictions/full_blind/full_blind_model_0.pdb,102,102,102,,LYS,H,56,56,,ASP,64,,CDR2,3.150904949375655,1,1
Full181,empty,12,results/full181_supplement/raw/empty/seed12/boltz_results_full_blind/predictions/full_blind/full_blind_model_0.pdb,103,103,103,,ILE,H,33,33,,ASN,38,,CDR1,3.488913584484431,1,1
Full181,empty,12,results/full181_supplement/raw/empty/seed12/boltz_results_full_blind/predictions/full_blind/full_blind_model_0.pdb,103,103,103,,ILE,H,35,35,,TYR,40,,FR2,3.2950135052834004,1,1
Full181,empty,12,results/full181_supplement/raw/empty/seed12/boltz_results_full_blind/predictions/full_blind/full_blind_model_0.pdb,103,103,103,,ILE,H,50,50,,ILE,56,,CDR2,3.6712489700373085,1,1
Full181,empty,12,results/full181_supplement/raw/empty/seed12/boltz_results_full_blind/predictions/full_blind/full_blind_model_0.pdb,103,103,103,,ILE,H,53,53,,TYR,59,,CDR2,3.8339872195926787,1,1
Full181,empty,12,results/full181_supplement/raw/empty/seed12/boltz_results_full_blind/predictions/full_blind/full_blind_model_0.pdb,103,103,103,,ILE,H,56,56,,ASP,64,,CDR2,2.996655969576756,1,1
Full181,empty,12,results/full181_supplement/raw/empty/seed12/boltz_results_full_blind/predictions/full_blind/full_blind_model_0.pdb,103,103,103,,ILE,H,98,98,,TRP,107,,CDR3,4.870504901958318,0,1
Full181,empty,12,results/full181_supplement/raw/empty/seed12/boltz_results_full_blind/predictions/full_blind/full_blind_model_0.pdb,103,103,103,,ILE,H,100,100,,ILE,109,,CDR3,4.491118457578246,1,1
Full181,empty,12,results/full181_supplement/raw/empty/seed12/boltz_results_full_blind/predictions/full_blind/full_blind_model_0.pdb,103,103,103,,ILE,H,104,104,,TRP,113,,CDR3,4.781626606082913,0,1
Full181,empty,12,results/full181_supplement/raw/empty/seed12/boltz_results_full_blind/predictions/full_blind/full_blind_model_0.pdb,103,103,103,,ILE,L,93,93,,TYR,114,,CDR3,2.8535003066409503,1,1
Full181,empty,12,results/full181_supplement/raw/empty/seed12/boltz_results_full_blind/predictions/full_blind/full_blind_model_0.pdb,103,103,103,,ILE,L,95,95,,TYR,116,,CDR3,4.820520615037343,0,1
Full181,empty,12,results/full181_supplement/raw/empty/seed12/boltz_results_full_blind/predictions/full_blind/full_blind_model_0.pdb,104,104,104,,ALA,H,104,104,,TRP,113,,CDR3,2.8459947294399544,1,1
Full181,empty,12,results/full181_supplement/raw/empty/seed12/boltz_results_full_blind/predictions/full_blind/full_blind_model_0.pdb,104,104,104,,ALA,L,91,91,,SER,108,,CDR3,4.955353065120587,0,1
Full181,empty,12,results/full181_supplement/raw/empty/seed12/boltz_results_full_blind/predictions/full_blind/full_blind_model_0.pdb,104,104,104,,ALA,L,93,93,,TYR,114,,CDR3,4.306990132331394,1,1
Full181,empty,12,results/full181_supplement/raw/empty/seed12/boltz_results_full_blind/predictions/full_blind/full_blind_model_0.pdb,104,104,104,,ALA,L,95,95,,TYR,116,,CDR3,3.827541900489138,1,1
Full181,empty,12,results/full181_supplement/raw/empty/seed12/boltz_results_full_blind/predictions/full_blind/full_blind_model_0.pdb,106,106,106,,PHE,H,53,53,,TYR,59,,CDR2,4.722963476462632,0,1
Full181,empty,12,results/full181_supplement/raw/empty/seed12/boltz_results_full_blind/predictions/full_blind/full_blind_model_0.pdb,106,106,106,,PHE,H,100,100,,ILE,109,,CDR3,3.8097776838025603,1,1
Full181,empty,12,results/full181_supplement/raw/empty/seed12/boltz_results_full_blind/predictions/full_blind/full_blind_model_0.pdb,106,106,106,,PHE,H,104,104,,TRP,113,,CDR3,4.6871156375749905,0,1
Full181,empty,12,results/full181_supplement/raw/empty/seed12/boltz_results_full_blind/predictions/full_blind/full_blind_model_0.pdb,107,107,107,,LYS,H,35,35,,TYR,40,,FR2,3.092966375504266,1,1
Full181,empty,12,results/full181_supplement/raw/empty/seed12/boltz_results_full_blind/predictions/full_blind/full_blind_model_0.pdb,107,107,107,,LYS,H,98,98,,TRP,107,,CDR3,1.9204452608705094,1,1
Full181,empty,12,results/full181_supplement/raw/empty/seed12/boltz_results_full_blind/predictions/full_blind/full_blind_model_0.pdb,107,107,107,,LYS,H,100,100,,ILE,109,,CDR3,2.9893604667219376,1,1
Full181,empty,12,results/full181_supplement/raw/empty/seed12/boltz_results_full_blind/predictions/full_blind/full_blind_model_0.pdb,107,107,107,,LYS,H,104,104,,TRP,113,,CDR3,2.133940486517841,1,1
Full181,empty,12,results/full181_supplement/raw/empty/seed12/boltz_results_full_blind/predictions/full_blind/full_blind_model_0.pdb,107,107,107,,LYS,L,93,93,,TYR,114,,CDR3,4.220971570622099,1,1
Full181,empty,12,results/full181_supplement/raw/empty/seed12/boltz_results_full_blind/predictions/full_blind/full_blind_model_0.pdb,107,107,107,,LYS,L,95,95,,TYR,116,,CDR3,3.1152361066217757,1,1
Full181,empty,12,results/full181_supplement/raw/empty/seed12/boltz_results_full_blind/predictions/full_blind/full_blind_model_0.pdb,108,108,108,,VAL,H,104,104,,TRP,113,,CDR3,2.3283842036914786,1,1
Full181,empty,12,results/full181_supplement/raw/empty/seed12/boltz_results_full_blind/predictions/full_blind/full_blind_model_0.pdb,109,109,109,,LEU,H,104,104,,TRP,113,,CDR3,4.9500942415271245,0,1
Full181,empty,12,results/full181_supplement/raw/empty/seed12/boltz_results_full_blind/predictions/full_blind/full_blind_model_0.pdb,110,110,110,,ARG,H,100,100,,ILE,109,,CDR3,3.8715802975012674,1,1
Full181,empty,12,results/full181_supplement/raw/empty/seed12/boltz_results_full_blind/predictions/full_blind/full_blind_model_0.pdb,110,110,110,,ARG,H,101,101,,THR,110,,CDR3,3.627146674729325,1,1
Full181,empty,12,results/full181_supplement/raw/empty/seed12/boltz_results_full_blind/predictions/full_blind/full_blind_model_0.pdb,166,166,166,,GLY,H,54,54,,ASN,62,,CDR2,4.058160543891778,1,1
Full181,empty,12,results/full181_supplement/raw/empty/seed12/boltz_results_full_blind/predictions/full_blind/full_blind_model_0.pdb,168,168,168,,VAL,H,54,54,,ASN,62,,CDR2,4.508804941445128,0,1
Full181,empty,13,results/full181_supplement/raw/empty/seed13/boltz_results_full_blind/predictions/full_blind/full_blind_model_0.pdb,57,57,57,,THR,H,56,56,,ASP,64,,CDR2,3.5654225556026313,1,1
Full181,empty,13,results/full181_supplement/raw/empty/seed13/boltz_results_full_blind/predictions/full_blind/full_blind_model_0.pdb,58,58,58,,GLN,H,33,33,,ASN,38,,CDR1,2.2803021729586637,1,1
Full181,empty,13,results/full181_supplement/raw/empty/seed13/boltz_results_full_blind/predictions/full_blind/full_blind_model_0.pdb,58,58,58,,GLN,H,35,35,,TYR,40,,FR2,3.50952332945658,1,1
Full181,empty,13,results/full181_supplement/raw/empty/seed13/boltz_results_full_blind/predictions/full_blind/full_blind_model_0.pdb,58,58,58,,GLN,H,50,50,,ILE,56,,CDR2,3.5182465803294685,1,1
Full181,empty,13,results/full181_supplement/raw/empty/seed13/boltz_results_full_blind/predictions/full_blind/full_blind_model_0.pdb,58,58,58,,GLN,H,53,53,,TYR,59,,CDR2,3.777363895628803,1,1
Full181,empty,13,results/full181_supplement/raw/empty/seed13/boltz_results_full_blind/predictions/full_blind/full_blind_model_0.pdb,58,58,58,,GLN,H,56,56,,ASP,64,,CDR2,4.249789053588424,1,1
Full181,empty,13,results/full181_supplement/raw/empty/seed13/boltz_results_full_blind/predictions/full_blind/full_blind_model_0.pdb,58,58,58,,GLN,H,98,98,,TRP,107,,CDR3,3.4125335163189243,1,1
Full181,empty,13,results/full181_supplement/raw/empty/seed13/boltz_results_full_blind/predictions/full_blind/full_blind_model_0.pdb,58,58,58,,GLN,H,100,100,,ILE,109,,CDR3,2.364670801612774,1,1
Full181,empty,13,results/full181_supplement/raw/empty/seed13/boltz_results_full_blind/predictions/full_blind/full_blind_model_0.pdb,58,58,58,,GLN,H,104,104,,TRP,113,,CDR3,4.229523968486288,1,1
Full181,empty,13,results/full181_supplement/raw/empty/seed13/boltz_results_full_blind/predictions/full_blind/full_blind_model_0.pdb,58,58,58,,GLN,L,93,93,,TYR,114,,CDR3,4.483627214655562,1,1
Full181,empty,13,results/full181_supplement/raw/empty/seed13/boltz_results_full_blind/predictions/full_blind/full_blind_model_0.pdb,59,59,59,,ASP,H,33,33,,ASN,38,,CDR1,4.493220226073946,1,1
Full181,empty,13,results/full181_supplement/raw/empty/seed13/boltz_results_full_blind/predictions/full_blind/full_blind_model_0.pdb,59,59,59,,ASP,H,35,35,,TYR,40,,FR2,2.9961758960381477,1,1
Full181,empty,13,results/full181_supplement/raw/empty/seed13/boltz_results_full_blind/predictions/full_blind/full_blind_model_0.pdb,59,59,59,,ASP,H,50,50,,ILE,56,,CDR2,2.5518693148356943,1,1
Full181,empty,13,results/full181_supplement/raw/empty/seed13/boltz_results_full_blind/predictions/full_blind/full_blind_model_0.pdb,59,59,59,,ASP,H,57,57,,THR,65,,CDR2,4.919820017033143,0,1
Full181,empty,13,results/full181_supplement/raw/empty/seed13/boltz_results_full_blind/predictions/full_blind/full_blind_model_0.pdb,59,59,59,,ASP,H,58,58,,SER,66,,FR3,3.0421921372589202,1,1
Full181,empty,13,results/full181_supplement/raw/empty/seed13/boltz_results_full_blind/predictions/full_blind/full_blind_model_0.pdb,59,59,59,,ASP,L,93,93,,TYR,114,,CDR3,2.1517251218499074,1,1
Full181,empty,13,results/full181_supplement/raw/empty/seed13/boltz_results_full_blind/predictions/full_blind/full_blind_model_0.pdb,59,59,59,,ASP,L,95,95,,TYR,116,,CDR3,3.5005646687356027,1,1
Full181,empty,13,results/full181_supplement/raw/empty/seed13/boltz_results_full_blind/predictions/full_blind/full_blind_model_0.pdb,60,60,60,,ASP,L,93,93,,TYR,114,,CDR3,4.024667688145196,1,1
Full181,empty,13,results/full181_supplement/raw/empty/seed13/boltz_results_full_blind/predictions/full_blind/full_blind_model_0.pdb,61,61,61,,ILE,H,104,104,,TRP,113,,CDR3,2.751764161406278,1,1
Full181,empty,13,results/full181_supplement/raw/empty/seed13/boltz_results_full_blind/predictions/full_blind/full_blind_model_0.pdb,62,62,62,,THR,H,35,35,,TYR,40,,FR2,4.236502921042307,1,1
Full181,empty,13,results/full181_supplement/raw/empty/seed13/boltz_results_full_blind/predictions/full_blind/full_blind_model_0.pdb,62,62,62,,THR,H,98,98,,TRP,107,,CDR3,2.5980779434035464,1,1
Full181,empty,13,results/full181_supplement/raw/empty/seed13/boltz_results_full_blind/predictions/full_blind/full_blind_model_0.pdb,62,62,62,,THR,H,104,104,,TRP,113,,CDR3,3.083939850256486,1,1
Full181,empty,13,results/full181_supplement/raw/empty/seed13/boltz_results_full_blind/predictions/full_blind/full_blind_model_0.pdb,62,62,62,,THR,L,90,90,,TYR,107,,CDR3,2.453314085069419,1,1
Full181,empty,13,results/full181_supplement/raw/empty/seed13/boltz_results_full_blind/predictions/full_blind/full_blind_model_0.pdb,62,62,62,,THR,L,91,91,,SER,108,,CDR3,4.195844372709741,1,1
Full181,empty,13,results/full181_supplement/raw/empty/seed13/boltz_results_full_blind/predictions/full_blind/full_blind_model_0.pdb,62,62,62,,THR,L,93,93,,TYR,114,,CDR3,4.367739575569953,1,1
Full181,empty,13,results/full181_supplement/raw/empty/seed13/boltz_results_full_blind/predictions/full_blind/full_blind_model_0.pdb,62,62,62,,THR,L,95,95,,TYR,116,,CDR3,2.629144537677607,1,1
Full181,empty,13,results/full181_supplement/raw/empty/seed13/boltz_results_full_blind/predictions/full_blind/full_blind_model_0.pdb,63,63,63,,SER,L,90,90,,TYR,107,,CDR3,3.6320400603517577,1,1
Full181,empty,13,results/full181_supplement/raw/empty/seed13/boltz_results_full_blind/predictions/full_blind/full_blind_model_0.pdb,63,63,63,,SER,L,91,91,,SER,108,,CDR3,1.942399289538585,1,1
Full181,empty,13,results/full181_supplement/raw/empty/seed13/boltz_results_full_blind/predictions/full_blind/full_blind_model_0.pdb,63,63,63,,SER,L,92,92,,SER,109,,CDR3,3.176366162771541,1,1
Full181,empty,13,results/full181_supplement/raw/empty/seed13/boltz_results_full_blind/predictions/full_blind/full_blind_model_0.pdb,63,63,63,,SER,L,93,93,,TYR,114,,CDR3,3.394340878580111,1,1
Full181,empty,13,results/full181_supplement/raw/empty/seed13/boltz_results_full_blind/predictions/full_blind/full_blind_model_0.pdb,63,63,63,,SER,L,95,95,,TYR,116,,CDR3,3.8955180656749624,1,1
Full181,empty,13,results/full181_supplement/raw/empty/seed13/boltz_results_full_blind/predictions/full_blind/full_blind_model_0.pdb,64,64,64,,ILE,L,32,32,,ALA,38,,CDR1,4.773496098249165,0,1
Full181,empty,13,results/full181_supplement/raw/empty/seed13/boltz_results_full_blind/predictions/full_blind/full_blind_model_0.pdb,64,64,64,,ILE,L,50,50,,TRP,56,,CDR2,4.763863453122895,0,1
Full181,empty,13,results/full181_supplement/raw/empty/seed13/boltz_results_full_blind/predictions/full_blind/full_blind_model_0.pdb,64,64,64,,ILE,L,91,91,,SER,108,,CDR3,3.764653237683386,1,1
Full181,empty,13,results/full181_supplement/raw/empty/seed13/boltz_results_full_blind/predictions/full_blind/full_blind_model_0.pdb,65,65,65,,ARG,L,2,2,,ILE,2,,FR1,4.802866435786029,0,1
Full181,empty,13,results/full181_supplement/raw/empty/seed13/boltz_results_full_blind/predictions/full_blind/full_blind_model_0.pdb,65,65,65,,ARG,L,27,27,,GLN,27,,CDR1,3.9324166869750723,1,1
Full181,empty,13,results/full181_supplement/raw/empty/seed13/boltz_results_full_blind/predictions/full_blind/full_blind_model_0.pdb,65,65,65,,ARG,L,28,28,,ASP,28,,CDR1,1.685231734806819,1,1
Full181,empty,13,results/full181_supplement/raw/empty/seed13/boltz_results_full_blind/predictions/full_blind/full_blind_model_0.pdb,65,65,65,,ARG,L,29,29,,VAL,29,,CDR1,3.906053251045101,1,1
Full181,empty,13,results/full181_supplement/raw/empty/seed13/boltz_results_full_blind/predictions/full_blind/full_blind_model_0.pdb,65,65,65,,ARG,L,91,91,,SER,108,,CDR3,3.668485927463808,1,1
Full181,empty,13,results/full181_supplement/raw/empty/seed13/boltz_results_full_blind/predictions/full_blind/full_blind_model_0.pdb,66,66,66,,LEU,L,30,30,,GLY,36,,CDR1,4.585550675764035,0,1
Full181,empty,13,results/full181_supplement/raw/empty/seed13/boltz_results_full_blind/predictions/full_blind/full_blind_model_0.pdb,66,66,66,,LEU,L,31,31,,THR,37,,CDR1,3.170343356799071,1,1
Full181,empty,13,results/full181_supplement/raw/empty/seed13/boltz_results_full_blind/predictions/full_blind/full_blind_model_0.pdb,66,66,66,,LEU,L,50,50,,TRP,56,,CDR2,4.881930970425533,0,1
Full181,empty,13,results/full181_supplement/raw/empty/seed13/boltz_results_full_blind/predictions/full_blind/full_blind_model_0.pdb,68,68,68,,LYS,L,28,28,,ASP,28,,CDR1,4.000821040736513,1,1
Full181,empty,13,results/full181_supplement/raw/empty/seed13/boltz_results_full_blind/predictions/full_blind/full_blind_model_0.pdb,91,91,91,,TYR,H,100,100,,ILE,109,,CDR3,4.2887844431726805,1,1
Full181,empty,13,results/full181_supplement/raw/empty/seed13/boltz_results_full_blind/predictions/full_blind/full_blind_model_0.pdb,91,91,91,,TYR,H,104,104,,TRP,113,,CDR3,2.2654811850907084,1,1
Full181,empty,13,results/full181_supplement/raw/empty/seed13/boltz_results_full_blind/predictions/full_blind/full_blind_model_0.pdb,98,98,98,,ASN,H,54,54,,ASN,62,,CDR2,2.2875388521290736,1,1
Full181,empty,13,results/full181_supplement/raw/empty/seed13/boltz_results_full_blind/predictions/full_blind/full_blind_model_0.pdb,99,99,99,,TYR,H,53,53,,TYR,59,,CDR2,2.242808507206979,1,1
Full181,empty,13,results/full181_supplement/raw/empty/seed13/boltz_results_full_blind/predictions/full_blind/full_blind_model_0.pdb,99,99,99,,TYR,H,54,54,,ASN,62,,CDR2,3.4612627753465937,1,1
Full181,empty,13,results/full181_supplement/raw/empty/seed13/boltz_results_full_blind/predictions/full_blind/full_blind_model_0.pdb,99,99,99,,TYR,H,100,100,,ILE,109,,CDR3,3.825447686219223,1,1
Full181,empty,13,results/full181_supplement/raw/empty/seed13/boltz_results_full_blind/predictions/full_blind/full_blind_model_0.pdb,100,100,100,,HIS,H,54,54,,ASN,62,,CDR2,4.1728733505823055,1,1
Full181,empty,13,results/full181_supplement/raw/empty/seed13/boltz_results_full_blind/predictions/full_blind/full_blind_model_0.pdb,101,101,101,,SER,H,31,31,,ASP,36,,CDR1,2.1638717614498315,1,1
Full181,empty,13,results/full181_supplement/raw/empty/seed13/boltz_results_full_blind/predictions/full_blind/full_blind_model_0.pdb,103,103,103,,ILE,H,31,31,,ASP,36,,CDR1,2.8354620434772184,1,1
Full181,empty,13,results/full181_supplement/raw/empty/seed13/boltz_results_full_blind/predictions/full_blind/full_blind_model_0.pdb,103,103,103,,ILE,H,101,101,,THR,110,,CDR3,4.674778069598598,0,1
Full181,empty,13,results/full181_supplement/raw/empty/seed13/boltz_results_full_blind/predictions/full_blind/full_blind_model_0.pdb,104,104,104,,ALA,H,31,31,,ASP,36,,CDR1,3.692341668914187,1,1
Full181,empty,13,results/full181_supplement/raw/empty/seed13/boltz_results_full_blind/predictions/full_blind/full_blind_model_0.pdb,104,104,104,,ALA,H,53,53,,TYR,59,,CDR2,2.3413931750135437,1,1
Full181,empty,13,results/full181_supplement/raw/empty/seed13/boltz_results_full_blind/predictions/full_blind/full_blind_model_0.pdb,104,104,104,,ALA,H,100,100,,ILE,109,,CDR3,4.505448590318172,0,1
Full181,empty,13,results/full181_supplement/raw/empty/seed13/boltz_results_full_blind/predictions/full_blind/full_blind_model_0.pdb,104,104,104,,ALA,H,101,101,,THR,110,,CDR3,4.077202717550356,1,1
Full181,empty,13,results/full181_supplement/raw/empty/seed13/boltz_results_full_blind/predictions/full_blind/full_blind_model_0.pdb,106,106,106,,PHE,H,101,101,,THR,110,,CDR3,3.604678349034764,1,1
Full181,empty,13,results/full181_supplement/raw/empty/seed13/boltz_results_full_blind/predictions/full_blind/full_blind_model_0.pdb,107,107,107,,LYS,H,31,31,,ASP,36,,CDR1,3.8416092981978265,1,1
Full181,empty,13,results/full181_supplement/raw/empty/seed13/boltz_results_full_blind/predictions/full_blind/full_blind_model_0.pdb,107,107,107,,LYS,H,32,32,,TYR,37,,CDR1,1.6651951837547454,1,1
Full181,empty,13,results/full181_supplement/raw/empty/seed13/boltz_results_full_blind/predictions/full_blind/full_blind_model_0.pdb,107,107,107,,LYS,H,99,99,,GLU,108,,CDR3,4.451830522380654,1,1
Full181,empty,13,results/full181_supplement/raw/empty/seed13/boltz_results_full_blind/predictions/full_blind/full_blind_model_0.pdb,107,107,107,,LYS,H,100,100,,ILE,109,,CDR3,3.916297358475222,1,1
Full181,empty,13,results/full181_supplement/raw/empty/seed13/boltz_results_full_blind/predictions/full_blind/full_blind_model_0.pdb,107,107,107,,LYS,H,101,101,,THR,110,,CDR3,1.2903228278225565,1,1
Full181,empty,13,results/full181_supplement/raw/empty/seed13/boltz_results_full_blind/predictions/full_blind/full_blind_model_0.pdb,107,107,107,,LYS,H,102,102,,ASP,111,,CDR3,3.485573123605356,1,1
Full181,empty,13,results/full181_supplement/raw/empty/seed13/boltz_results_full_blind/predictions/full_blind/full_blind_model_0.pdb,108,108,108,,VAL,H,100,100,,ILE,109,,CDR3,3.814345684386773,1,1
Full181,empty,13,results/full181_supplement/raw/empty/seed13/boltz_results_full_blind/predictions/full_blind/full_blind_model_0.pdb,108,108,108,,VAL,H,101,101,,THR,110,,CDR3,2.3975072471214767,1,1
Full181,empty,13,results/full181_supplement/raw/empty/seed13/boltz_results_full_blind/predictions/full_blind/full_blind_model_0.pdb,108,108,108,,VAL,H,104,104,,TRP,113,,CDR3,4.66601639517051,0,1
Full181,empty,13,results/full181_supplement/raw/empty/seed13/boltz_results_full_blind/predictions/full_blind/full_blind_model_0.pdb,109,109,109,,LEU,H,101,101,,THR,110,,CDR3,4.653197287887114,0,1
Full181,empty,13,results/full181_supplement/raw/empty/seed13/boltz_results_full_blind/predictions/full_blind/full_blind_model_0.pdb,110,110,110,,ARG,H,101,101,,THR,110,,CDR3,3.825040784096295,1,1
Full181,empty,13,results/full181_supplement/raw/empty/seed13/boltz_results_full_blind/predictions/full_blind/full_blind_model_0.pdb,110,110,110,,ARG,H,102,102,,ASP,111,,CDR3,3.1586177356558984,1,1
Full181,empty,13,results/full181_supplement/raw/empty/seed13/boltz_results_full_blind/predictions/full_blind/full_blind_model_0.pdb,111,111,111,,SER,H,100,100,,ILE,109,,CDR3,3.5738905970944326,1,1
Full181,empty,13,results/full181_supplement/raw/empty/seed13/boltz_results_full_blind/predictions/full_blind/full_blind_model_0.pdb,111,111,111,,SER,H,101,101,,THR,110,,CDR3,2.002566603137084,1,1
Full181,empty,13,results/full181_supplement/raw/empty/seed13/boltz_results_full_blind/predictions/full_blind/full_blind_model_0.pdb,111,111,111,,SER,H,102,102,,ASP,111,,CDR3,3.659484799804475,1,1
Full181,empty,13,results/full181_supplement/raw/empty/seed13/boltz_results_full_blind/predictions/full_blind/full_blind_model_0.pdb,111,111,111,,SER,H,104,104,,TRP,113,,CDR3,2.0734015530041447,1,1
Full181,empty,13,results/full181_supplement/raw/empty/seed13/boltz_results_full_blind/predictions/full_blind/full_blind_model_0.pdb,114,114,114,,THR,H,102,102,,ASP,111,,CDR3,2.430278584854008,1,1
Full181,empty,13,results/full181_supplement/raw/empty/seed13/boltz_results_full_blind/predictions/full_blind/full_blind_model_0.pdb,114,114,114,,THR,L,49,49,,TYR,55,,FR2,4.438891978861392,1,1
Full181,empty,13,results/full181_supplement/raw/empty/seed13/boltz_results_full_blind/predictions/full_blind/full_blind_model_0.pdb,114,114,114,,THR,L,50,50,,TRP,56,,CDR2,3.0132806042584224,1,1
Full181,empty,13,results/full181_supplement/raw/empty/seed13/boltz_results_full_blind/predictions/full_blind/full_blind_model_0.pdb,114,114,114,,THR,L,53,53,,ARG,66,,FR3,4.045759508423603,1,1
Full181,empty,13,results/full181_supplement/raw/empty/seed13/boltz_results_full_blind/predictions/full_blind/full_blind_model_0.pdb,115,115,115,,LEU,L,50,50,,TRP,56,,CDR2,4.1742479562191805,1,1
Full181,empty,13,results/full181_supplement/raw/empty/seed13/boltz_results_full_blind/predictions/full_blind/full_blind_model_0.pdb,117,117,117,,ASN,L,53,53,,ARG,66,,FR3,2.690883869660673,1,1
Full181,empty,13,results/full181_supplement/raw/empty/seed13/boltz_results_full_blind/predictions/full_blind/full_blind_model_0.pdb,118,118,118,,ASN,L,31,31,,THR,37,,CDR1,3.6900609751059674,1,1
Full181,empty,13,results/full181_supplement/raw/empty/seed13/boltz_results_full_blind/predictions/full_blind/full_blind_model_0.pdb,118,118,118,,ASN,L,50,50,,TRP,56,,CDR2,3.170265919445875,1,1
Full181,empty,13,results/full181_supplement/raw/empty/seed13/boltz_results_full_blind/predictions/full_blind/full_blind_model_0.pdb,125,125,125,,GLN,L,67,67,,SER,83,,FR3,4.834467188843048,0,1
Full181,empty,13,results/full181_supplement/raw/empty/seed13/boltz_results_full_blind/predictions/full_blind/full_blind_model_0.pdb,153,153,153,,LYS,L,53,53,,ARG,66,,FR3,2.0026305200910115,1,1
Full181,empty,13,results/full181_supplement/raw/empty/seed13/boltz_results_full_blind/predictions/full_blind/full_blind_model_0.pdb,156,156,156,,ASP,H,102,102,,ASP,111,,CDR3,3.6624201015175757,1,1
Full181,empty,13,results/full181_supplement/raw/empty/seed13/boltz_results_full_blind/predictions/full_blind/full_blind_model_0.pdb,163,163,163,,LYS,H,32,32,,TYR,37,,CDR1,4.06354008224356,1,1
Full181,empty,14,results/full181_supplement/raw/empty/seed14/boltz_results_full_blind/predictions/full_blind/full_blind_model_0.pdb,31,31,31,,SER,L,28,28,,ASP,28,,CDR1,4.386322377573267,1,1
Full181,empty,14,results/full181_supplement/raw/empty/seed14/boltz_results_full_blind/predictions/full_blind/full_blind_model_0.pdb,31,31,31,,SER,L,91,91,,SER,108,,CDR3,1.5671825037308196,1,1
Full181,empty,14,results/full181_supplement/raw/empty/seed14/boltz_results_full_blind/predictions/full_blind/full_blind_model_0.pdb,31,31,31,,SER,L,92,92,,SER,109,,CDR3,3.000590275262519,1,1
Full181,empty,14,results/full181_supplement/raw/empty/seed14/boltz_results_full_blind/predictions/full_blind/full_blind_model_0.pdb,32,32,32,,GLY,L,28,28,,ASP,28,,CDR1,3.331506716187137,1,1
Full181,empty,14,results/full181_supplement/raw/empty/seed14/boltz_results_full_blind/predictions/full_blind/full_blind_model_0.pdb,32,32,32,,GLY,L,29,29,,VAL,29,,CDR1,4.107857592468366,1,1
Full181,empty,14,results/full181_supplement/raw/empty/seed14/boltz_results_full_blind/predictions/full_blind/full_blind_model_0.pdb,32,32,32,,GLY,L,30,30,,GLY,36,,CDR1,3.796166619104067,1,1
Full181,empty,14,results/full181_supplement/raw/empty/seed14/boltz_results_full_blind/predictions/full_blind/full_blind_model_0.pdb,32,32,32,,GLY,L,91,91,,SER,108,,CDR3,3.9580941120695954,1,1
Full181,empty,14,results/full181_supplement/raw/empty/seed14/boltz_results_full_blind/predictions/full_blind/full_blind_model_0.pdb,33,33,33,,SER,L,28,28,,ASP,28,,CDR1,4.52595117074853,0,1
Full181,empty,14,results/full181_supplement/raw/empty/seed14/boltz_results_full_blind/predictions/full_blind/full_blind_model_0.pdb,45,45,45,,TRP,L,28,28,,ASP,28,,CDR1,2.544736921569693,1,1
Full181,empty,14,results/full181_supplement/raw/empty/seed14/boltz_results_full_blind/predictions/full_blind/full_blind_model_0.pdb,49,49,49,,TRP,L,28,28,,ASP,28,,CDR1,4.536865547930642,0,1
Full181,empty,14,results/full181_supplement/raw/empty/seed14/boltz_results_full_blind/predictions/full_blind/full_blind_model_0.pdb,49,49,49,,TRP,L,29,29,,VAL,29,,CDR1,2.9441110712743157,1,1
Full181,empty,14,results/full181_supplement/raw/empty/seed14/boltz_results_full_blind/predictions/full_blind/full_blind_model_0.pdb,49,49,49,,TRP,L,30,30,,GLY,36,,CDR1,2.7650679919307595,1,1
Full181,empty,14,results/full181_supplement/raw/empty/seed14/boltz_results_full_blind/predictions/full_blind/full_blind_model_0.pdb,49,49,49,,TRP,L,31,31,,THR,37,,CDR1,3.593664425068095,1,1
Full181,empty,14,results/full181_supplement/raw/empty/seed14/boltz_results_full_blind/predictions/full_blind/full_blind_model_0.pdb,49,49,49,,TRP,L,32,32,,ALA,38,,CDR1,3.6314984510529538,1,1
Full181,empty,14,results/full181_supplement/raw/empty/seed14/boltz_results_full_blind/predictions/full_blind/full_blind_model_0.pdb,49,49,49,,TRP,L,50,50,,TRP,56,,CDR2,3.33711042670152,1,1
Full181,empty,14,results/full181_supplement/raw/empty/seed14/boltz_results_full_blind/predictions/full_blind/full_blind_model_0.pdb,49,49,49,,TRP,L,91,91,,SER,108,,CDR3,3.6893374743983505,1,1
Full181,empty,14,results/full181_supplement/raw/empty/seed14/boltz_results_full_blind/predictions/full_blind/full_blind_model_0.pdb,52,52,52,,LYS,H,104,104,,TRP,113,,CDR3,3.509756971643478,1,1
Full181,empty,14,results/full181_supplement/raw/empty/seed14/boltz_results_full_blind/predictions/full_blind/full_blind_model_0.pdb,52,52,52,,LYS,L,32,32,,ALA,38,,CDR1,3.960234462755962,1,1
Full181,empty,14,results/full181_supplement/raw/empty/seed14/boltz_results_full_blind/predictions/full_blind/full_blind_model_0.pdb,52,52,52,,LYS,L,50,50,,TRP,56,,CDR2,3.15547159708339,1,1
Full181,empty,14,results/full181_supplement/raw/empty/seed14/boltz_results_full_blind/predictions/full_blind/full_blind_model_0.pdb,52,52,52,,LYS,L,90,90,,TYR,107,,CDR3,4.565696989507735,0,1
Full181,empty,14,results/full181_supplement/raw/empty/seed14/boltz_results_full_blind/predictions/full_blind/full_blind_model_0.pdb,52,52,52,,LYS,L,91,91,,SER,108,,CDR3,3.8407802592702436,1,1
Full181,empty,14,results/full181_supplement/raw/empty/seed14/boltz_results_full_blind/predictions/full_blind/full_blind_model_0.pdb,53,53,53,,ASN,H,102,102,,ASP,111,,CDR3,4.726169802281759,0,1
Full181,empty,14,results/full181_supplement/raw/empty/seed14/boltz_results_full_blind/predictions/full_blind/full_blind_model_0.pdb,53,53,53,,ASN,L,31,31,,THR,37,,CDR1,2.9378468305886876,1,1
Full181,empty,14,results/full181_supplement/raw/empty/seed14/boltz_results_full_blind/predictions/full_blind/full_blind_model_0.pdb,53,53,53,,ASN,L,50,50,,TRP,56,,CDR2,2.3561150226591234,1,1
Full181,empty,14,results/full181_supplement/raw/empty/seed14/boltz_results_full_blind/predictions/full_blind/full_blind_model_0.pdb,53,53,53,,ASN,L,53,53,,ARG,66,,FR3,3.300297107837414,1,1
Full181,empty,14,results/full181_supplement/raw/empty/seed14/boltz_results_full_blind/predictions/full_blind/full_blind_model_0.pdb,54,54,54,,THR,L,53,53,,ARG,66,,FR3,3.6464796722318362,1,1
Full181,empty,14,results/full181_supplement/raw/empty/seed14/boltz_results_full_blind/predictions/full_blind/full_blind_model_0.pdb,55,55,55,,VAL,H,104,104,,TRP,113,,CDR3,4.726550645026455,0,1
Full181,empty,14,results/full181_supplement/raw/empty/seed14/boltz_results_full_blind/predictions/full_blind/full_blind_model_0.pdb,56,56,56,,GLN,H,100,100,,ILE,109,,CDR3,4.843033037260844,0,1
Full181,empty,14,results/full181_supplement/raw/empty/seed14/boltz_results_full_blind/predictions/full_blind/full_blind_model_0.pdb,56,56,56,,GLN,H,101,101,,THR,110,,CDR3,3.532206534165294,1,1
Full181,empty,14,results/full181_supplement/raw/empty/seed14/boltz_results_full_blind/predictions/full_blind/full_blind_model_0.pdb,56,56,56,,GLN,H,102,102,,ASP,111,,CDR3,3.869270990768158,1,1
Full181,empty,14,results/full181_supplement/raw/empty/seed14/boltz_results_full_blind/predictions/full_blind/full_blind_model_0.pdb,56,56,56,,GLN,H,104,104,,TRP,113,,CDR3,2.271254058884651,1,1
Full181,empty,14,results/full181_supplement/raw/empty/seed14/boltz_results_full_blind/predictions/full_blind/full_blind_model_0.pdb,57,57,57,,THR,H,101,101,,THR,110,,CDR3,4.954175410701564,0,1
Full181,empty,14,results/full181_supplement/raw/empty/seed14/boltz_results_full_blind/predictions/full_blind/full_blind_model_0.pdb,60,60,60,,ASP,H,102,102,,ASP,111,,CDR3,4.91055882766921,0,1
Full181,empty,14,results/full181_supplement/raw/empty/seed14/boltz_results_full_blind/predictions/full_blind/full_blind_model_0.pdb,90,90,90,,PHE,H,104,104,,TRP,113,,CDR3,4.547695350394528,0,1
Full181,empty,14,results/full181_supplement/raw/empty/seed14/boltz_results_full_blind/predictions/full_blind/full_blind_model_0.pdb,90,90,90,,PHE,L,91,91,,SER,108,,CDR3,4.540670104731238,0,1
Full181,empty,14,results/full181_supplement/raw/empty/seed14/boltz_results_full_blind/predictions/full_blind/full_blind_model_0.pdb,94,94,94,,THR,H,104,104,,TRP,113,,CDR3,3.229644098039287,1,1
Full181,empty,14,results/full181_supplement/raw/empty/seed14/boltz_results_full_blind/predictions/full_blind/full_blind_model_0.pdb,96,96,96,,PHE,H,56,56,,ASP,64,,CDR2,3.4840995967394504,1,1
Full181,empty,14,results/full181_supplement/raw/empty/seed14/boltz_results_full_blind/predictions/full_blind/full_blind_model_0.pdb,97,97,97,,LYS,H,33,33,,ASN,38,,CDR1,3.869266080279308,1,1
Full181,empty,14,results/full181_supplement/raw/empty/seed14/boltz_results_full_blind/predictions/full_blind/full_blind_model_0.pdb,97,97,97,,LYS,H,35,35,,TYR,40,,FR2,4.701497740082409,0,1
Full181,empty,14,results/full181_supplement/raw/empty/seed14/boltz_results_full_blind/predictions/full_blind/full_blind_model_0.pdb,97,97,97,,LYS,H,50,50,,ILE,56,,CDR2,4.030752411151049,1,1
Full181,empty,14,results/full181_supplement/raw/empty/seed14/boltz_results_full_blind/predictions/full_blind/full_blind_model_0.pdb,97,97,97,,LYS,L,93,93,,TYR,114,,CDR3,3.5733880281883743,1,1
Full181,empty,14,results/full181_supplement/raw/empty/seed14/boltz_results_full_blind/predictions/full_blind/full_blind_model_0.pdb,98,98,98,,ASN,H,33,33,,ASN,38,,CDR1,3.002616525632269,1,1
Full181,empty,14,results/full181_supplement/raw/empty/seed14/boltz_results_full_blind/predictions/full_blind/full_blind_model_0.pdb,98,98,98,,ASN,H,35,35,,TYR,40,,FR2,3.445281265731435,1,1
Full181,empty,14,results/full181_supplement/raw/empty/seed14/boltz_results_full_blind/predictions/full_blind/full_blind_model_0.pdb,98,98,98,,ASN,H,98,98,,TRP,107,,CDR3,2.95165631468164,1,1
Full181,empty,14,results/full181_supplement/raw/empty/seed14/boltz_results_full_blind/predictions/full_blind/full_blind_model_0.pdb,98,98,98,,ASN,H,100,100,,ILE,109,,CDR3,2.1572385125432936,1,1
Full181,empty,14,results/full181_supplement/raw/empty/seed14/boltz_results_full_blind/predictions/full_blind/full_blind_model_0.pdb,98,98,98,,ASN,L,93,93,,TYR,114,,CDR3,3.9907761149931726,1,1
Full181,empty,14,results/full181_supplement/raw/empty/seed14/boltz_results_full_blind/predictions/full_blind/full_blind_model_0.pdb,98,98,98,,ASN,L,95,95,,TYR,116,,CDR3,3.628765768136599,1,1
Full181,empty,14,results/full181_supplement/raw/empty/seed14/boltz_results_full_blind/predictions/full_blind/full_blind_model_0.pdb,99,99,99,,TYR,H,33,33,,ASN,38,,CDR1,4.432305720502591,1,1
Full181,empty,14,results/full181_supplement/raw/empty/seed14/boltz_results_full_blind/predictions/full_blind/full_blind_model_0.pdb,99,99,99,,TYR,H,56,56,,ASP,64,,CDR2,4.843006194503575,0,1
Full181,empty,14,results/full181_supplement/raw/empty/seed14/boltz_results_full_blind/predictions/full_blind/full_blind_model_0.pdb,99,99,99,,TYR,H,100,100,,ILE,109,,CDR3,1.8006571022823858,1,1
Full181,empty,14,results/full181_supplement/raw/empty/seed14/boltz_results_full_blind/predictions/full_blind/full_blind_model_0.pdb,99,99,99,,TYR,H,101,101,,THR,110,,CDR3,3.1824851924243105,1,1
Full181,empty,14,results/full181_supplement/raw/empty/seed14/boltz_results_full_blind/predictions/full_blind/full_blind_model_0.pdb,99,99,99,,TYR,H,102,102,,ASP,111,,CDR3,4.296081121208025,1,1
Full181,empty,14,results/full181_supplement/raw/empty/seed14/boltz_results_full_blind/predictions/full_blind/full_blind_model_0.pdb,99,99,99,,TYR,H,104,104,,TRP,113,,CDR3,3.660785025100491,1,1
Full181,empty,14,results/full181_supplement/raw/empty/seed14/boltz_results_full_blind/predictions/full_blind/full_blind_model_0.pdb,100,100,100,,HIS,H,30,30,,THR,35,,CDR1,4.465493477769282,1,1
Full181,empty,14,results/full181_supplement/raw/empty/seed14/boltz_results_full_blind/predictions/full_blind/full_blind_model_0.pdb,100,100,100,,HIS,H,33,33,,ASN,38,,CDR1,1.5484811913613934,1,1
Full181,empty,14,results/full181_supplement/raw/empty/seed14/boltz_results_full_blind/predictions/full_blind/full_blind_model_0.pdb,100,100,100,,HIS,H,50,50,,ILE,56,,CDR2,3.450621248413103,1,1
Full181,empty,14,results/full181_supplement/raw/empty/seed14/boltz_results_full_blind/predictions/full_blind/full_blind_model_0.pdb,100,100,100,,HIS,H,51,51,,ASP,57,,CDR2,4.331210223482578,1,1
Full181,empty,14,results/full181_supplement/raw/empty/seed14/boltz_results_full_blind/predictions/full_blind/full_blind_model_0.pdb,100,100,100,,HIS,H,53,53,,TYR,59,,CDR2,1.830449398371886,1,1
Full181,empty,14,results/full181_supplement/raw/empty/seed14/boltz_results_full_blind/predictions/full_blind/full_blind_model_0.pdb,100,100,100,,HIS,H,54,54,,ASN,62,,CDR2,2.1556785474648112,1,1
Full181,empty,14,results/full181_supplement/raw/empty/seed14/boltz_results_full_blind/predictions/full_blind/full_blind_model_0.pdb,100,100,100,,HIS,H,56,56,,ASP,64,,CDR2,3.340156433462361,1,1
Full181,empty,14,results/full181_supplement/raw/empty/seed14/boltz_results_full_blind/predictions/full_blind/full_blind_model_0.pdb,100,100,100,,HIS,H,100,100,,ILE,109,,CDR3,3.746015883575509,1,1
Full181,empty,14,results/full181_supplement/raw/empty/seed14/boltz_results_full_blind/predictions/full_blind/full_blind_model_0.pdb,101,101,101,,SER,H,30,30,,THR,35,,CDR1,3.805063731397938,1,1
Full181,empty,14,results/full181_supplement/raw/empty/seed14/boltz_results_full_blind/predictions/full_blind/full_blind_model_0.pdb,101,101,101,,SER,H,31,31,,ASP,36,,CDR1,3.1811082974334592,1,1
Full181,empty,14,results/full181_supplement/raw/empty/seed14/boltz_results_full_blind/predictions/full_blind/full_blind_model_0.pdb,101,101,101,,SER,H,53,53,,TYR,59,,CDR2,3.2745572219767367,1,1
Full181,empty,14,results/full181_supplement/raw/empty/seed14/boltz_results_full_blind/predictions/full_blind/full_blind_model_0.pdb,101,101,101,,SER,H,54,54,,ASN,62,,CDR2,4.305613777384126,1,1
Full181,empty,14,results/full181_supplement/raw/empty/seed14/boltz_results_full_blind/predictions/full_blind/full_blind_model_0.pdb,101,101,101,,SER,H,100,100,,ILE,109,,CDR3,4.573798093488604,0,1
Full181,empty,14,results/full181_supplement/raw/empty/seed14/boltz_results_full_blind/predictions/full_blind/full_blind_model_0.pdb,102,102,102,,LYS,H,53,53,,TYR,59,,CDR2,4.325288545288048,1,1
Full181,empty,14,results/full181_supplement/raw/empty/seed14/boltz_results_full_blind/predictions/full_blind/full_blind_model_0.pdb,104,104,104,,ALA,H,100,100,,ILE,109,,CDR3,4.7965947295972375,0,1
Full181,empty,14,results/full181_supplement/raw/empty/seed14/boltz_results_full_blind/predictions/full_blind/full_blind_model_0.pdb,104,104,104,,ALA,H,101,101,,THR,110,,CDR3,4.52851432591308,0,1
Full181,empty,14,results/full181_supplement/raw/empty/seed14/boltz_results_full_blind/predictions/full_blind/full_blind_model_0.pdb,105,105,105,,LYS,H,54,54,,ASN,62,,CDR2,4.575515927193347,0,1
Full181,empty,14,results/full181_supplement/raw/empty/seed14/boltz_results_full_blind/predictions/full_blind/full_blind_model_0.pdb,105,105,105,,LYS,H,56,56,,ASP,64,,CDR2,3.8383888547149563,1,1
Full181,empty,14,results/full181_supplement/raw/empty/seed14/boltz_results_full_blind/predictions/full_blind/full_blind_model_0.pdb,176,176,176,,GLN,H,56,56,,ASP,64,,CDR2,3.6057194843747897,1,1
Full181,empty,15,results/full181_supplement/raw/empty/seed15/boltz_results_full_blind/predictions/full_blind/full_blind_model_0.pdb,56,56,56,,GLN,L,53,53,,ARG,66,,FR3,3.235735156034869,1,1
Full181,empty,15,results/full181_supplement/raw/empty/seed15/boltz_results_full_blind/predictions/full_blind/full_blind_model_0.pdb,57,57,57,,THR,H,104,104,,TRP,113,,CDR3,4.241207139482814,1,1
Full181,empty,15,results/full181_supplement/raw/empty/seed15/boltz_results_full_blind/predictions/full_blind/full_blind_model_0.pdb,57,57,57,,THR,L,49,49,,TYR,55,,FR2,3.9482908960713625,1,1
Full181,empty,15,results/full181_supplement/raw/empty/seed15/boltz_results_full_blind/predictions/full_blind/full_blind_model_0.pdb,57,57,57,,THR,L,53,53,,ARG,66,,FR3,2.968448079384243,1,1
Full181,empty,15,results/full181_supplement/raw/empty/seed15/boltz_results_full_blind/predictions/full_blind/full_blind_model_0.pdb,58,58,58,,GLN,H,99,99,,GLU,108,,CDR3,4.101283457650788,1,1
Full181,empty,15,results/full181_supplement/raw/empty/seed15/boltz_results_full_blind/predictions/full_blind/full_blind_model_0.pdb,58,58,58,,GLN,H,101,101,,THR,110,,CDR3,3.158818133416357,1,1
Full181,empty,15,results/full181_supplement/raw/empty/seed15/boltz_results_full_blind/predictions/full_blind/full_blind_model_0.pdb,58,58,58,,GLN,H,104,104,,TRP,113,,CDR3,1.5483507354601542,1,1
Full181,empty,15,results/full181_supplement/raw/empty/seed15/boltz_results_full_blind/predictions/full_blind/full_blind_model_0.pdb,58,58,58,,GLN,L,49,49,,TYR,55,,FR2,4.600535077575216,0,1
Full181,empty,15,results/full181_supplement/raw/empty/seed15/boltz_results_full_blind/predictions/full_blind/full_blind_model_0.pdb,58,58,58,,GLN,L,50,50,,TRP,56,,CDR2,2.988472854151431,1,1
Full181,empty,15,results/full181_supplement/raw/empty/seed15/boltz_results_full_blind/predictions/full_blind/full_blind_model_0.pdb,58,58,58,,GLN,L,53,53,,ARG,66,,FR3,3.3774771649857245,1,1
Full181,empty,15,results/full181_supplement/raw/empty/seed15/boltz_results_full_blind/predictions/full_blind/full_blind_model_0.pdb,59,59,59,,ASP,H,99,99,,GLU,108,,CDR3,2.5367360919102326,1,1
Full181,empty,15,results/full181_supplement/raw/empty/seed15/boltz_results_full_blind/predictions/full_blind/full_blind_model_0.pdb,59,59,59,,ASP,H,101,101,,THR,110,,CDR3,4.650969146317787,0,1
Full181,empty,15,results/full181_supplement/raw/empty/seed15/boltz_results_full_blind/predictions/full_blind/full_blind_model_0.pdb,59,59,59,,ASP,H,104,104,,TRP,113,,CDR3,1.7255335406766221,1,1
Full181,empty,15,results/full181_supplement/raw/empty/seed15/boltz_results_full_blind/predictions/full_blind/full_blind_model_0.pdb,59,59,59,,ASP,H,105,105,,TYR,114,,CDR3,4.790310741486401,0,1
Full181,empty,15,results/full181_supplement/raw/empty/seed15/boltz_results_full_blind/predictions/full_blind/full_blind_model_0.pdb,59,59,59,,ASP,L,49,49,,TYR,55,,FR2,3.9804537429795617,1,1
Full181,empty,15,results/full181_supplement/raw/empty/seed15/boltz_results_full_blind/predictions/full_blind/full_blind_model_0.pdb,59,59,59,,ASP,L,56,56,,THR,69,,FR3,4.626405300014256,0,1
Full181,empty,15,results/full181_supplement/raw/empty/seed15/boltz_results_full_blind/predictions/full_blind/full_blind_model_0.pdb,60,60,60,,ASP,H,104,104,,TRP,113,,CDR3,3.8908771504636324,1,1
Full181,empty,15,results/full181_supplement/raw/empty/seed15/boltz_results_full_blind/predictions/full_blind/full_blind_model_0.pdb,61,61,61,,ILE,H,101,101,,THR,110,,CDR3,3.86664234187751,1,1
Full181,empty,15,results/full181_supplement/raw/empty/seed15/boltz_results_full_blind/predictions/full_blind/full_blind_model_0.pdb,61,61,61,,ILE,H,104,104,,TRP,113,,CDR3,4.679173965562725,0,1
Full181,empty,15,results/full181_supplement/raw/empty/seed15/boltz_results_full_blind/predictions/full_blind/full_blind_model_0.pdb,62,62,62,,THR,H,32,32,,TYR,37,,CDR1,4.532685848368493,0,1
Full181,empty,15,results/full181_supplement/raw/empty/seed15/boltz_results_full_blind/predictions/full_blind/full_blind_model_0.pdb,62,62,62,,THR,H,99,99,,GLU,108,,CDR3,2.665289665308445,1,1
Full181,empty,15,results/full181_supplement/raw/empty/seed15/boltz_results_full_blind/predictions/full_blind/full_blind_model_0.pdb,62,62,62,,THR,H,100,100,,ILE,109,,CDR3,4.502944925268351,0,1
Full181,empty,15,results/full181_supplement/raw/empty/seed15/boltz_results_full_blind/predictions/full_blind/full_blind_model_0.pdb,62,62,62,,THR,H,101,101,,THR,110,,CDR3,2.216017599208093,1,1
Full181,empty,15,results/full181_supplement/raw/empty/seed15/boltz_results_full_blind/predictions/full_blind/full_blind_model_0.pdb,62,62,62,,THR,H,104,104,,TRP,113,,CDR3,4.172321775702349,1,1
Full181,empty,15,results/full181_supplement/raw/empty/seed15/boltz_results_full_blind/predictions/full_blind/full_blind_model_0.pdb,98,98,98,,ASN,L,31,31,,THR,37,,CDR1,4.651903803820539,0,1
Full181,empty,15,results/full181_supplement/raw/empty/seed15/boltz_results_full_blind/predictions/full_blind/full_blind_model_0.pdb,98,98,98,,ASN,L,50,50,,TRP,56,,CDR2,1.405366856020164,1,1
Full181,empty,15,results/full181_supplement/raw/empty/seed15/boltz_results_full_blind/predictions/full_blind/full_blind_model_0.pdb,98,98,98,,ASN,L,53,53,,ARG,66,,FR3,4.034358065417595,1,1
Full181,empty,15,results/full181_supplement/raw/empty/seed15/boltz_results_full_blind/predictions/full_blind/full_blind_model_0.pdb,99,99,99,,TYR,H,101,101,,THR,110,,CDR3,1.8569251465796892,1,1
Full181,empty,15,results/full181_supplement/raw/empty/seed15/boltz_results_full_blind/predictions/full_blind/full_blind_model_0.pdb,99,99,99,,TYR,H,102,102,,ASP,111,,CDR3,1.9072674170131465,1,1
Full181,empty,15,results/full181_supplement/raw/empty/seed15/boltz_results_full_blind/predictions/full_blind/full_blind_model_0.pdb,99,99,99,,TYR,H,103,103,,PRO,112,,CDR3,2.299081120795871,1,1
Full181,empty,15,results/full181_supplement/raw/empty/seed15/boltz_results_full_blind/predictions/full_blind/full_blind_model_0.pdb,99,99,99,,TYR,H,104,104,,TRP,113,,CDR3,1.9738318064110731,1,1
Full181,empty,15,results/full181_supplement/raw/empty/seed15/boltz_results_full_blind/predictions/full_blind/full_blind_model_0.pdb,99,99,99,,TYR,L,50,50,,TRP,56,,CDR2,3.1003912656308397,1,1
Full181,empty,15,results/full181_supplement/raw/empty/seed15/boltz_results_full_blind/predictions/full_blind/full_blind_model_0.pdb,100,100,100,,HIS,L,29,29,,VAL,29,,CDR1,3.5439624715845954,1,1
Full181,empty,15,results/full181_supplement/raw/empty/seed15/boltz_results_full_blind/predictions/full_blind/full_blind_model_0.pdb,100,100,100,,HIS,L,30,30,,GLY,36,,CDR1,3.3971807429102143,1,1
Full181,empty,15,results/full181_supplement/raw/empty/seed15/boltz_results_full_blind/predictions/full_blind/full_blind_model_0.pdb,100,100,100,,HIS,L,31,31,,THR,37,,CDR1,3.532159679289712,1,1
Full181,empty,15,results/full181_supplement/raw/empty/seed15/boltz_results_full_blind/predictions/full_blind/full_blind_model_0.pdb,100,100,100,,HIS,L,32,32,,ALA,38,,CDR1,4.166521450802816,1,1
Full181,empty,15,results/full181_supplement/raw/empty/seed15/boltz_results_full_blind/predictions/full_blind/full_blind_model_0.pdb,100,100,100,,HIS,L,50,50,,TRP,56,,CDR2,3.9993551980288022,1,1
Full181,empty,15,results/full181_supplement/raw/empty/seed15/boltz_results_full_blind/predictions/full_blind/full_blind_model_0.pdb,100,100,100,,HIS,L,91,91,,SER,108,,CDR3,3.4038509074282315,1,1
Full181,empty,15,results/full181_supplement/raw/empty/seed15/boltz_results_full_blind/predictions/full_blind/full_blind_model_0.pdb,101,101,101,,SER,H,103,103,,PRO,112,,CDR3,4.980327097691476,0,1
Full181,empty,15,results/full181_supplement/raw/empty/seed15/boltz_results_full_blind/predictions/full_blind/full_blind_model_0.pdb,101,101,101,,SER,L,90,90,,TYR,107,,CDR3,4.118617972087239,1,1
Full181,empty,15,results/full181_supplement/raw/empty/seed15/boltz_results_full_blind/predictions/full_blind/full_blind_model_0.pdb,101,101,101,,SER,L,91,91,,SER,108,,CDR3,2.6224949952287804,1,1
Full181,empty,15,results/full181_supplement/raw/empty/seed15/boltz_results_full_blind/predictions/full_blind/full_blind_model_0.pdb,101,101,101,,SER,L,92,92,,SER,109,,CDR3,3.9543113180426253,1,1
Full181,empty,15,results/full181_supplement/raw/empty/seed15/boltz_results_full_blind/predictions/full_blind/full_blind_model_0.pdb,101,101,101,,SER,L,93,93,,TYR,114,,CDR3,4.573964910228323,0,1
Full181,empty,15,results/full181_supplement/raw/empty/seed15/boltz_results_full_blind/predictions/full_blind/full_blind_model_0.pdb,101,101,101,,SER,L,95,95,,TYR,116,,CDR3,4.284766504723448,1,1
Full181,empty,15,results/full181_supplement/raw/empty/seed15/boltz_results_full_blind/predictions/full_blind/full_blind_model_0.pdb,102,102,102,,LYS,L,91,91,,SER,108,,CDR3,4.967047916016113,0,1
Full181,empty,15,results/full181_supplement/raw/empty/seed15/boltz_results_full_blind/predictions/full_blind/full_blind_model_0.pdb,103,103,103,,ILE,H,56,56,,ASP,64,,CDR2,4.463569087624835,1,1
Full181,empty,15,results/full181_supplement/raw/empty/seed15/boltz_results_full_blind/predictions/full_blind/full_blind_model_0.pdb,103,103,103,,ILE,L,93,93,,TYR,114,,CDR3,2.575805310965873,1,1
Full181,empty,15,results/full181_supplement/raw/empty/seed15/boltz_results_full_blind/predictions/full_blind/full_blind_model_0.pdb,103,103,103,,ILE,L,95,95,,TYR,116,,CDR3,4.794730545088013,0,1
Full181,empty,15,results/full181_supplement/raw/empty/seed15/boltz_results_full_blind/predictions/full_blind/full_blind_model_0.pdb,104,104,104,,ALA,H,102,102,,ASP,111,,CDR3,3.4712669156951903,1,1
Full181,empty,15,results/full181_supplement/raw/empty/seed15/boltz_results_full_blind/predictions/full_blind/full_blind_model_0.pdb,104,104,104,,ALA,H,103,103,,PRO,112,,CDR3,2.6844312246731152,1,1
Full181,empty,15,results/full181_supplement/raw/empty/seed15/boltz_results_full_blind/predictions/full_blind/full_blind_model_0.pdb,104,104,104,,ALA,L,95,95,,TYR,116,,CDR3,4.638406083990491,0,1
Full181,empty,15,results/full181_supplement/raw/empty/seed15/boltz_results_full_blind/predictions/full_blind/full_blind_model_0.pdb,105,105,105,,LYS,H,102,102,,ASP,111,,CDR3,4.954309941858704,0,1
Full181,empty,15,results/full181_supplement/raw/empty/seed15/boltz_results_full_blind/predictions/full_blind/full_blind_model_0.pdb,107,107,107,,LYS,H,33,33,,ASN,38,,CDR1,3.3441604327543852,1,1
Full181,empty,15,results/full181_supplement/raw/empty/seed15/boltz_results_full_blind/predictions/full_blind/full_blind_model_0.pdb,107,107,107,,LYS,H,35,35,,TYR,40,,FR2,1.9409124143041596,1,1
Full181,empty,15,results/full181_supplement/raw/empty/seed15/boltz_results_full_blind/predictions/full_blind/full_blind_model_0.pdb,107,107,107,,LYS,H,50,50,,ILE,56,,CDR2,2.362295917111148,1,1
Full181,empty,15,results/full181_supplement/raw/empty/seed15/boltz_results_full_blind/predictions/full_blind/full_blind_model_0.pdb,107,107,107,,LYS,H,56,56,,ASP,64,,CDR2,3.2347063236096107,1,1
Full181,empty,15,results/full181_supplement/raw/empty/seed15/boltz_results_full_blind/predictions/full_blind/full_blind_model_0.pdb,107,107,107,,LYS,H,98,98,,TRP,107,,CDR3,4.408303188302728,1,1
Full181,empty,15,results/full181_supplement/raw/empty/seed15/boltz_results_full_blind/predictions/full_blind/full_blind_model_0.pdb,107,107,107,,LYS,H,100,100,,ILE,109,,CDR3,3.127461910239676,1,1
Full181,empty,15,results/full181_supplement/raw/empty/seed15/boltz_results_full_blind/predictions/full_blind/full_blind_model_0.pdb,107,107,107,,LYS,H,102,102,,ASP,111,,CDR3,2.0933910289288997,1,1
Full181,empty,15,results/full181_supplement/raw/empty/seed15/boltz_results_full_blind/predictions/full_blind/full_blind_model_0.pdb,107,107,107,,LYS,L,93,93,,TYR,114,,CDR3,2.4892306040220533,1,1
Full181,empty,15,results/full181_supplement/raw/empty/seed15/boltz_results_full_blind/predictions/full_blind/full_blind_model_0.pdb,107,107,107,,LYS,L,95,95,,TYR,116,,CDR3,4.841964683886077,0,1
Full181,empty,15,results/full181_supplement/raw/empty/seed15/boltz_results_full_blind/predictions/full_blind/full_blind_model_0.pdb,108,108,108,,VAL,H,100,100,,ILE,109,,CDR3,3.7844999669705373,1,1
Full181,empty,15,results/full181_supplement/raw/empty/seed15/boltz_results_full_blind/predictions/full_blind/full_blind_model_0.pdb,108,108,108,,VAL,H,101,101,,THR,110,,CDR3,3.5859673729692525,1,1
Full181,empty,15,results/full181_supplement/raw/empty/seed15/boltz_results_full_blind/predictions/full_blind/full_blind_model_0.pdb,108,108,108,,VAL,H,102,102,,ASP,111,,CDR3,3.3646653622611566,1,1
Full181,empty,15,results/full181_supplement/raw/empty/seed15/boltz_results_full_blind/predictions/full_blind/full_blind_model_0.pdb,110,110,110,,ARG,H,33,33,,ASN,38,,CDR1,3.8132931961757146,1,1
Full181,empty,15,results/full181_supplement/raw/empty/seed15/boltz_results_full_blind/predictions/full_blind/full_blind_model_0.pdb,110,110,110,,ARG,H,53,53,,TYR,59,,CDR2,2.5033076119406497,1,1
Full181,empty,15,results/full181_supplement/raw/empty/seed15/boltz_results_full_blind/predictions/full_blind/full_blind_model_0.pdb,110,110,110,,ARG,H,54,54,,ASN,62,,CDR2,2.770730048200294,1,1
Full181,empty,15,results/full181_supplement/raw/empty/seed15/boltz_results_full_blind/predictions/full_blind/full_blind_model_0.pdb,110,110,110,,ARG,H,56,56,,ASP,64,,CDR2,3.2141999004417885,1,1
Full181,empty,15,results/full181_supplement/raw/empty/seed15/boltz_results_full_blind/predictions/full_blind/full_blind_model_0.pdb,110,110,110,,ARG,H,100,100,,ILE,109,,CDR3,4.919898881074691,0,1
Full181,empty,15,results/full181_supplement/raw/empty/seed15/boltz_results_full_blind/predictions/full_blind/full_blind_model_0.pdb,111,111,111,,SER,H,100,100,,ILE,109,,CDR3,3.0139943596496663,1,1
Full181,empty,15,results/full181_supplement/raw/empty/seed15/boltz_results_full_blind/predictions/full_blind/full_blind_model_0.pdb,111,111,111,,SER,H,101,101,,THR,110,,CDR3,3.8195584823379782,1,1
Full181,empty,15,results/full181_supplement/raw/empty/seed15/boltz_results_full_blind/predictions/full_blind/full_blind_model_0.pdb,114,114,114,,THR,H,31,31,,ASP,36,,CDR1,4.749017266761618,0,1
Full181,empty,15,results/full181_supplement/raw/empty/seed15/boltz_results_full_blind/predictions/full_blind/full_blind_model_0.pdb,114,114,114,,THR,H,53,53,,TYR,59,,CDR2,3.940581302295385,1,1
Full181,empty,15,results/full181_supplement/raw/empty/seed15/boltz_results_full_blind/predictions/full_blind/full_blind_model_0.pdb,160,160,160,,ALA,H,54,54,,ASN,62,,CDR2,4.817056154956053,0,1
Full181,empty,15,results/full181_supplement/raw/empty/seed15/boltz_results_full_blind/predictions/full_blind/full_blind_model_0.pdb,163,163,163,,LYS,H,53,53,,TYR,59,,CDR2,4.611658703763755,0,1
Full181,empty,15,results/full181_supplement/raw/empty/seed15/boltz_results_full_blind/predictions/full_blind/full_blind_model_0.pdb,163,163,163,,LYS,H,54,54,,ASN,62,,CDR2,1.7137368526118586,1,1
Full181,empty,15,results/full181_supplement/raw/empty/seed15/boltz_results_full_blind/predictions/full_blind/full_blind_model_0.pdb,163,163,163,,LYS,H,55,55,,ASP,63,,CDR2,3.330267556818822,1,1
Full181,empty,15,results/full181_supplement/raw/empty/seed15/boltz_results_full_blind/predictions/full_blind/full_blind_model_0.pdb,163,163,163,,LYS,H,56,56,,ASP,64,,CDR2,2.915945129799256,1,1
Full181,empty,15,results/full181_supplement/raw/empty/seed15/boltz_results_full_blind/predictions/full_blind/full_blind_model_0.pdb,164,164,164,,ALA,H,55,55,,ASP,63,,CDR2,4.983503787497305,0,1
Full181,formal_msa,1,results/full181_supplement/raw/formal_msa/seed1/boltz_results_full_blind_msa/predictions/full_blind_msa/full_blind_msa_model_0.pdb,38,38,38,,GLY,L,93,93,,TYR,114,,CDR3,2.6231214230378272,1,1
Full181,formal_msa,1,results/full181_supplement/raw/formal_msa/seed1/boltz_results_full_blind_msa/predictions/full_blind_msa/full_blind_msa_model_0.pdb,39,39,39,,VAL,L,93,93,,TYR,114,,CDR3,4.768300116393681,0,1
Full181,formal_msa,1,results/full181_supplement/raw/formal_msa/seed1/boltz_results_full_blind_msa/predictions/full_blind_msa/full_blind_msa_model_0.pdb,40,40,40,,VAL,H,56,56,,ASP,64,,CDR2,3.3848076754817256,1,1
Full181,formal_msa,1,results/full181_supplement/raw/formal_msa/seed1/boltz_results_full_blind_msa/predictions/full_blind_msa/full_blind_msa_model_0.pdb,40,40,40,,VAL,H,58,58,,SER,66,,FR3,3.0183069757730077,1,1
Full181,formal_msa,1,results/full181_supplement/raw/formal_msa/seed1/boltz_results_full_blind_msa/predictions/full_blind_msa/full_blind_msa_model_0.pdb,42,42,42,,PRO,H,54,54,,ASN,62,,CDR2,4.866454356099521,0,1
Full181,formal_msa,1,results/full181_supplement/raw/formal_msa/seed1/boltz_results_full_blind_msa/predictions/full_blind_msa/full_blind_msa_model_0.pdb,42,42,42,,PRO,H,56,56,,ASP,64,,CDR2,4.869676477960317,0,1
Full181,formal_msa,1,results/full181_supplement/raw/formal_msa/seed1/boltz_results_full_blind_msa/predictions/full_blind_msa/full_blind_msa_model_0.pdb,43,43,43,,GLU,H,33,33,,ASN,38,,CDR1,4.413303637865856,1,1
Full181,formal_msa,1,results/full181_supplement/raw/formal_msa/seed1/boltz_results_full_blind_msa/predictions/full_blind_msa/full_blind_msa_model_0.pdb,43,43,43,,GLU,H,50,50,,ILE,56,,CDR2,4.9633884595102975,0,1
Full181,formal_msa,1,results/full181_supplement/raw/formal_msa/seed1/boltz_results_full_blind_msa/predictions/full_blind_msa/full_blind_msa_model_0.pdb,43,43,43,,GLU,H,52,52,,PRO,58,,CDR2,3.2318801029741193,1,1
Full181,formal_msa,1,results/full181_supplement/raw/formal_msa/seed1/boltz_results_full_blind_msa/predictions/full_blind_msa/full_blind_msa_model_0.pdb,43,43,43,,GLU,H,53,53,,TYR,59,,CDR2,4.052998026152985,1,1
Full181,formal_msa,1,results/full181_supplement/raw/formal_msa/seed1/boltz_results_full_blind_msa/predictions/full_blind_msa/full_blind_msa_model_0.pdb,43,43,43,,GLU,H,54,54,,ASN,62,,CDR2,3.81401127423609,1,1
Full181,formal_msa,1,results/full181_supplement/raw/formal_msa/seed1/boltz_results_full_blind_msa/predictions/full_blind_msa/full_blind_msa_model_0.pdb,43,43,43,,GLU,H,56,56,,ASP,64,,CDR2,3.822249861011182,1,1
Full181,formal_msa,1,results/full181_supplement/raw/formal_msa/seed1/boltz_results_full_blind_msa/predictions/full_blind_msa/full_blind_msa_model_0.pdb,43,43,43,,GLU,H,58,58,,SER,66,,FR3,4.8265287733525435,0,1
Full181,formal_msa,1,results/full181_supplement/raw/formal_msa/seed1/boltz_results_full_blind_msa/predictions/full_blind_msa/full_blind_msa_model_0.pdb,46,46,46,,GLU,H,53,53,,TYR,59,,CDR2,3.205961478246425,1,1
Full181,formal_msa,1,results/full181_supplement/raw/formal_msa/seed1/boltz_results_full_blind_msa/predictions/full_blind_msa/full_blind_msa_model_0.pdb,46,46,46,,GLU,H,54,54,,ASN,62,,CDR2,2.904845090534089,1,1
Full181,formal_msa,1,results/full181_supplement/raw/formal_msa/seed1/boltz_results_full_blind_msa/predictions/full_blind_msa/full_blind_msa_model_0.pdb,47,47,47,,ALA,H,53,53,,TYR,59,,CDR2,3.007141001017411,1,1
Full181,formal_msa,1,results/full181_supplement/raw/formal_msa/seed1/boltz_results_full_blind_msa/predictions/full_blind_msa/full_blind_msa_model_0.pdb,50,50,50,,THR,H,53,53,,TYR,59,,CDR2,4.4443199704791745,1,1
Full181,formal_msa,1,results/full181_supplement/raw/formal_msa/seed1/boltz_results_full_blind_msa/predictions/full_blind_msa/full_blind_msa_model_0.pdb,91,91,91,,TYR,H,104,104,,TRP,113,,CDR3,4.778765007823674,0,1
Full181,formal_msa,1,results/full181_supplement/raw/formal_msa/seed1/boltz_results_full_blind_msa/predictions/full_blind_msa/full_blind_msa_model_0.pdb,92,92,92,,LEU,H,104,104,,TRP,113,,CDR3,2.018005203164749,1,1
Full181,formal_msa,1,results/full181_supplement/raw/formal_msa/seed1/boltz_results_full_blind_msa/predictions/full_blind_msa/full_blind_msa_model_0.pdb,92,92,92,,LEU,L,50,50,,TRP,56,,CDR2,3.9863603700618944,1,1
Full181,formal_msa,1,results/full181_supplement/raw/formal_msa/seed1/boltz_results_full_blind_msa/predictions/full_blind_msa/full_blind_msa_model_0.pdb,93,93,93,,ASN,H,104,104,,TRP,113,,CDR3,4.009443602296957,1,1
Full181,formal_msa,1,results/full181_supplement/raw/formal_msa/seed1/boltz_results_full_blind_msa/predictions/full_blind_msa/full_blind_msa_model_0.pdb,93,93,93,,ASN,L,50,50,,TRP,56,,CDR2,4.08647084903343,1,1
Full181,formal_msa,1,results/full181_supplement/raw/formal_msa/seed1/boltz_results_full_blind_msa/predictions/full_blind_msa/full_blind_msa_model_0.pdb,93,93,93,,ASN,L,53,53,,ARG,66,,FR3,4.149558410240781,1,1
Full181,formal_msa,1,results/full181_supplement/raw/formal_msa/seed1/boltz_results_full_blind_msa/predictions/full_blind_msa/full_blind_msa_model_0.pdb,96,96,96,,PHE,H,101,101,,THR,110,,CDR3,3.753341044989117,1,1
Full181,formal_msa,1,results/full181_supplement/raw/formal_msa/seed1/boltz_results_full_blind_msa/predictions/full_blind_msa/full_blind_msa_model_0.pdb,96,96,96,,PHE,H,104,104,,TRP,113,,CDR3,3.4249633574682234,1,1
Full181,formal_msa,1,results/full181_supplement/raw/formal_msa/seed1/boltz_results_full_blind_msa/predictions/full_blind_msa/full_blind_msa_model_0.pdb,97,97,97,,LYS,H,102,102,,ASP,111,,CDR3,2.470227519885567,1,1
Full181,formal_msa,1,results/full181_supplement/raw/formal_msa/seed1/boltz_results_full_blind_msa/predictions/full_blind_msa/full_blind_msa_model_0.pdb,97,97,97,,LYS,H,104,104,,TRP,113,,CDR3,3.749714255780032,1,1
Full181,formal_msa,1,results/full181_supplement/raw/formal_msa/seed1/boltz_results_full_blind_msa/predictions/full_blind_msa/full_blind_msa_model_0.pdb,97,97,97,,LYS,L,53,53,,ARG,66,,FR3,1.8212207444458783,1,1
Full181,formal_msa,1,results/full181_supplement/raw/formal_msa/seed1/boltz_results_full_blind_msa/predictions/full_blind_msa/full_blind_msa_model_0.pdb,100,100,100,,HIS,H,32,32,,TYR,37,,CDR1,4.715301262909931,0,1
Full181,formal_msa,1,results/full181_supplement/raw/formal_msa/seed1/boltz_results_full_blind_msa/predictions/full_blind_msa/full_blind_msa_model_0.pdb,100,100,100,,HIS,H,99,99,,GLU,108,,CDR3,3.696204133973122,1,1
Full181,formal_msa,1,results/full181_supplement/raw/formal_msa/seed1/boltz_results_full_blind_msa/predictions/full_blind_msa/full_blind_msa_model_0.pdb,100,100,100,,HIS,H,101,101,,THR,110,,CDR3,2.142690131586928,1,1
Full181,formal_msa,1,results/full181_supplement/raw/formal_msa/seed1/boltz_results_full_blind_msa/predictions/full_blind_msa/full_blind_msa_model_0.pdb,100,100,100,,HIS,H,102,102,,ASP,111,,CDR3,4.742314624737587,0,1
Full181,formal_msa,1,results/full181_supplement/raw/formal_msa/seed1/boltz_results_full_blind_msa/predictions/full_blind_msa/full_blind_msa_model_0.pdb,107,107,107,,LYS,H,31,31,,ASP,36,,CDR1,3.9670940245978548,1,1
Full181,formal_msa,1,results/full181_supplement/raw/formal_msa/seed1/boltz_results_full_blind_msa/predictions/full_blind_msa/full_blind_msa_model_0.pdb,108,108,108,,VAL,H,31,31,,ASP,36,,CDR1,4.310631740244115,1,1
Full181,formal_msa,1,results/full181_supplement/raw/formal_msa/seed1/boltz_results_full_blind_msa/predictions/full_blind_msa/full_blind_msa_model_0.pdb,109,109,109,,LEU,H,31,31,,ASP,36,,CDR1,2.893992916370045,1,1
Full181,formal_msa,1,results/full181_supplement/raw/formal_msa/seed1/boltz_results_full_blind_msa/predictions/full_blind_msa/full_blind_msa_model_0.pdb,109,109,109,,LEU,H,32,32,,TYR,37,,CDR1,2.7174793467476435,1,1
Full181,formal_msa,1,results/full181_supplement/raw/formal_msa/seed1/boltz_results_full_blind_msa/predictions/full_blind_msa/full_blind_msa_model_0.pdb,110,110,110,,ARG,H,29,29,,PHE,30,,CDR1,3.811957764718805,1,1
Full181,formal_msa,1,results/full181_supplement/raw/formal_msa/seed1/boltz_results_full_blind_msa/predictions/full_blind_msa/full_blind_msa_model_0.pdb,110,110,110,,ARG,H,30,30,,THR,35,,CDR1,2.210672748282747,1,1
Full181,formal_msa,1,results/full181_supplement/raw/formal_msa/seed1/boltz_results_full_blind_msa/predictions/full_blind_msa/full_blind_msa_model_0.pdb,110,110,110,,ARG,H,31,31,,ASP,36,,CDR1,2.3920294730625704,1,1
Full181,formal_msa,1,results/full181_supplement/raw/formal_msa/seed1/boltz_results_full_blind_msa/predictions/full_blind_msa/full_blind_msa_model_0.pdb,110,110,110,,ARG,H,32,32,,TYR,37,,CDR1,3.432073134418904,1,1
Full181,formal_msa,1,results/full181_supplement/raw/formal_msa/seed1/boltz_results_full_blind_msa/predictions/full_blind_msa/full_blind_msa_model_0.pdb,110,110,110,,ARG,H,33,33,,ASN,38,,CDR1,3.4730980406547687,1,1
Full181,formal_msa,1,results/full181_supplement/raw/formal_msa/seed1/boltz_results_full_blind_msa/predictions/full_blind_msa/full_blind_msa_model_0.pdb,110,110,110,,ARG,H,51,51,,ASP,57,,CDR2,3.454708815515426,1,1
Full181,formal_msa,1,results/full181_supplement/raw/formal_msa/seed1/boltz_results_full_blind_msa/predictions/full_blind_msa/full_blind_msa_model_0.pdb,110,110,110,,ARG,H,52,52,,PRO,58,,CDR2,2.1188898036471837,1,1
Full181,formal_msa,1,results/full181_supplement/raw/formal_msa/seed1/boltz_results_full_blind_msa/predictions/full_blind_msa/full_blind_msa_model_0.pdb,110,110,110,,ARG,H,53,53,,TYR,59,,CDR2,1.7564034274619253,1,1
Full181,formal_msa,1,results/full181_supplement/raw/formal_msa/seed1/boltz_results_full_blind_msa/predictions/full_blind_msa/full_blind_msa_model_0.pdb,110,110,110,,ARG,H,54,54,,ASN,62,,CDR2,3.9211086442484606,1,1
Full181,formal_msa,1,results/full181_supplement/raw/formal_msa/seed1/boltz_results_full_blind_msa/predictions/full_blind_msa/full_blind_msa_model_0.pdb,110,110,110,,ARG,H,55,55,,ASP,63,,CDR2,4.923616760065714,0,1
Full181,formal_msa,1,results/full181_supplement/raw/formal_msa/seed1/boltz_results_full_blind_msa/predictions/full_blind_msa/full_blind_msa_model_0.pdb,111,111,111,,SER,H,31,31,,ASP,36,,CDR1,4.778457073156565,0,1
Full181,formal_msa,1,results/full181_supplement/raw/formal_msa/seed1/boltz_results_full_blind_msa/predictions/full_blind_msa/full_blind_msa_model_0.pdb,111,111,111,,SER,H,53,53,,TYR,59,,CDR2,3.664163888256092,1,1
Full181,formal_msa,1,results/full181_supplement/raw/formal_msa/seed1/boltz_results_full_blind_msa/predictions/full_blind_msa/full_blind_msa_model_0.pdb,112,112,112,,PHE,H,100,100,,ILE,109,,CDR3,3.459042208473322,1,1
Full181,formal_msa,1,results/full181_supplement/raw/formal_msa/seed1/boltz_results_full_blind_msa/predictions/full_blind_msa/full_blind_msa_model_0.pdb,112,112,112,,PHE,H,101,101,,THR,110,,CDR3,2.317296269362206,1,1
Full181,formal_msa,1,results/full181_supplement/raw/formal_msa/seed1/boltz_results_full_blind_msa/predictions/full_blind_msa/full_blind_msa_model_0.pdb,113,113,113,,SER,H,31,31,,ASP,36,,CDR1,4.469403204008339,1,1
Full181,formal_msa,1,results/full181_supplement/raw/formal_msa/seed1/boltz_results_full_blind_msa/predictions/full_blind_msa/full_blind_msa_model_0.pdb,113,113,113,,SER,H,33,33,,ASN,38,,CDR1,4.481937639012841,1,1
Full181,formal_msa,1,results/full181_supplement/raw/formal_msa/seed1/boltz_results_full_blind_msa/predictions/full_blind_msa/full_blind_msa_model_0.pdb,113,113,113,,SER,H,98,98,,TRP,107,,CDR3,3.359663375994684,1,1
Full181,formal_msa,1,results/full181_supplement/raw/formal_msa/seed1/boltz_results_full_blind_msa/predictions/full_blind_msa/full_blind_msa_model_0.pdb,113,113,113,,SER,H,99,99,,GLU,108,,CDR3,4.343413173991164,1,1
Full181,formal_msa,1,results/full181_supplement/raw/formal_msa/seed1/boltz_results_full_blind_msa/predictions/full_blind_msa/full_blind_msa_model_0.pdb,113,113,113,,SER,H,100,100,,ILE,109,,CDR3,2.5568459085365314,1,1
Full181,formal_msa,1,results/full181_supplement/raw/formal_msa/seed1/boltz_results_full_blind_msa/predictions/full_blind_msa/full_blind_msa_model_0.pdb,114,114,114,,THR,H,33,33,,ASN,38,,CDR1,3.046671298318871,1,1
Full181,formal_msa,1,results/full181_supplement/raw/formal_msa/seed1/boltz_results_full_blind_msa/predictions/full_blind_msa/full_blind_msa_model_0.pdb,114,114,114,,THR,H,52,52,,PRO,58,,CDR2,4.954842479837274,0,1
Full181,formal_msa,1,results/full181_supplement/raw/formal_msa/seed1/boltz_results_full_blind_msa/predictions/full_blind_msa/full_blind_msa_model_0.pdb,114,114,114,,THR,H,53,53,,TYR,59,,CDR2,3.545122423838139,1,1
Full181,formal_msa,1,results/full181_supplement/raw/formal_msa/seed1/boltz_results_full_blind_msa/predictions/full_blind_msa/full_blind_msa_model_0.pdb,114,114,114,,THR,H,100,100,,ILE,109,,CDR3,4.759767431293256,0,1
Full181,formal_msa,1,results/full181_supplement/raw/formal_msa/seed1/boltz_results_full_blind_msa/predictions/full_blind_msa/full_blind_msa_model_0.pdb,116,116,116,,ALA,H,100,100,,ILE,109,,CDR3,2.177097379540015,1,1
Full181,formal_msa,1,results/full181_supplement/raw/formal_msa/seed1/boltz_results_full_blind_msa/predictions/full_blind_msa/full_blind_msa_model_0.pdb,116,116,116,,ALA,H,104,104,,TRP,113,,CDR3,4.8903571444220715,0,1
Full181,formal_msa,1,results/full181_supplement/raw/formal_msa/seed1/boltz_results_full_blind_msa/predictions/full_blind_msa/full_blind_msa_model_0.pdb,117,117,117,,ASN,H,35,35,,TYR,40,,FR2,3.130662869106158,1,1
Full181,formal_msa,1,results/full181_supplement/raw/formal_msa/seed1/boltz_results_full_blind_msa/predictions/full_blind_msa/full_blind_msa_model_0.pdb,117,117,117,,ASN,H,50,50,,ILE,56,,CDR2,4.644281860524833,0,1
Full181,formal_msa,1,results/full181_supplement/raw/formal_msa/seed1/boltz_results_full_blind_msa/predictions/full_blind_msa/full_blind_msa_model_0.pdb,117,117,117,,ASN,H,98,98,,TRP,107,,CDR3,3.3425093866734317,1,1
Full181,formal_msa,1,results/full181_supplement/raw/formal_msa/seed1/boltz_results_full_blind_msa/predictions/full_blind_msa/full_blind_msa_model_0.pdb,117,117,117,,ASN,H,100,100,,ILE,109,,CDR3,2.701500879141075,1,1
Full181,formal_msa,1,results/full181_supplement/raw/formal_msa/seed1/boltz_results_full_blind_msa/predictions/full_blind_msa/full_blind_msa_model_0.pdb,117,117,117,,ASN,L,93,93,,TYR,114,,CDR3,2.2299517932009203,1,1
Full181,formal_msa,1,results/full181_supplement/raw/formal_msa/seed1/boltz_results_full_blind_msa/predictions/full_blind_msa/full_blind_msa_model_0.pdb,117,117,117,,ASN,L,95,95,,TYR,116,,CDR3,2.324977634301027,1,1
Full181,formal_msa,1,results/full181_supplement/raw/formal_msa/seed1/boltz_results_full_blind_msa/predictions/full_blind_msa/full_blind_msa_model_0.pdb,120,120,120,,ILE,H,98,98,,TRP,107,,CDR3,4.259101548448921,1,1
Full181,formal_msa,1,results/full181_supplement/raw/formal_msa/seed1/boltz_results_full_blind_msa/predictions/full_blind_msa/full_blind_msa_model_0.pdb,120,120,120,,ILE,H,100,100,,ILE,109,,CDR3,3.436429542417536,1,1
Full181,formal_msa,1,results/full181_supplement/raw/formal_msa/seed1/boltz_results_full_blind_msa/predictions/full_blind_msa/full_blind_msa_model_0.pdb,120,120,120,,ILE,H,104,104,,TRP,113,,CDR3,4.529458024973849,0,1
Full181,formal_msa,1,results/full181_supplement/raw/formal_msa/seed1/boltz_results_full_blind_msa/predictions/full_blind_msa/full_blind_msa_model_0.pdb,120,120,120,,ILE,L,32,32,,ALA,38,,CDR1,4.7425261201178435,0,1
Full181,formal_msa,1,results/full181_supplement/raw/formal_msa/seed1/boltz_results_full_blind_msa/predictions/full_blind_msa/full_blind_msa_model_0.pdb,120,120,120,,ILE,L,50,50,,TRP,56,,CDR2,4.176388631341676,1,1
Full181,formal_msa,1,results/full181_supplement/raw/formal_msa/seed1/boltz_results_full_blind_msa/predictions/full_blind_msa/full_blind_msa_model_0.pdb,120,120,120,,ILE,L,90,90,,TYR,107,,CDR3,2.446885775838341,1,1
Full181,formal_msa,1,results/full181_supplement/raw/formal_msa/seed1/boltz_results_full_blind_msa/predictions/full_blind_msa/full_blind_msa_model_0.pdb,120,120,120,,ILE,L,91,91,,SER,108,,CDR3,2.9549377320004564,1,1
Full181,formal_msa,1,results/full181_supplement/raw/formal_msa/seed1/boltz_results_full_blind_msa/predictions/full_blind_msa/full_blind_msa_model_0.pdb,120,120,120,,ILE,L,92,92,,SER,109,,CDR3,4.870628090913942,0,1
Full181,formal_msa,1,results/full181_supplement/raw/formal_msa/seed1/boltz_results_full_blind_msa/predictions/full_blind_msa/full_blind_msa_model_0.pdb,120,120,120,,ILE,L,95,95,,TYR,116,,CDR3,4.933366396285603,0,1
Full181,formal_msa,1,results/full181_supplement/raw/formal_msa/seed1/boltz_results_full_blind_msa/predictions/full_blind_msa/full_blind_msa_model_0.pdb,121,121,121,,VAL,L,90,90,,TYR,107,,CDR3,4.980370066571359,0,1
Full181,formal_msa,1,results/full181_supplement/raw/formal_msa/seed1/boltz_results_full_blind_msa/predictions/full_blind_msa/full_blind_msa_model_0.pdb,121,121,121,,VAL,L,91,91,,SER,108,,CDR3,3.5764051783879296,1,1
Full181,formal_msa,1,results/full181_supplement/raw/formal_msa/seed1/boltz_results_full_blind_msa/predictions/full_blind_msa/full_blind_msa_model_0.pdb,121,121,121,,VAL,L,92,92,,SER,109,,CDR3,4.811638182573582,0,1
Full181,formal_msa,1,results/full181_supplement/raw/formal_msa/seed1/boltz_results_full_blind_msa/predictions/full_blind_msa/full_blind_msa_model_0.pdb,121,121,121,,VAL,L,93,93,,TYR,114,,CDR3,3.1145802285380286,1,1
Full181,formal_msa,1,results/full181_supplement/raw/formal_msa/seed1/boltz_results_full_blind_msa/predictions/full_blind_msa/full_blind_msa_model_0.pdb,121,121,121,,VAL,L,95,95,,TYR,116,,CDR3,3.8534441737230343,1,1
Full181,formal_msa,1,results/full181_supplement/raw/formal_msa/seed1/boltz_results_full_blind_msa/predictions/full_blind_msa/full_blind_msa_model_0.pdb,123,123,123,,MET,L,50,50,,TRP,56,,CDR2,4.392166208148321,1,1
Full181,formal_msa,1,results/full181_supplement/raw/formal_msa/seed1/boltz_results_full_blind_msa/predictions/full_blind_msa/full_blind_msa_model_0.pdb,123,123,123,,MET,L,91,91,,SER,108,,CDR3,4.6029170098970935,0,1
Full181,formal_msa,1,results/full181_supplement/raw/formal_msa/seed1/boltz_results_full_blind_msa/predictions/full_blind_msa/full_blind_msa_model_0.pdb,124,124,124,,SER,L,28,28,,ASP,28,,CDR1,4.6555788039727135,0,1
Full181,formal_msa,1,results/full181_supplement/raw/formal_msa/seed1/boltz_results_full_blind_msa/predictions/full_blind_msa/full_blind_msa_model_0.pdb,124,124,124,,SER,L,91,91,,SER,108,,CDR3,1.4556191122680413,1,1
Full181,formal_msa,1,results/full181_supplement/raw/formal_msa/seed1/boltz_results_full_blind_msa/predictions/full_blind_msa/full_blind_msa_model_0.pdb,124,124,124,,SER,L,92,92,,SER,109,,CDR3,2.9046247606188307,1,1
Full181,formal_msa,1,results/full181_supplement/raw/formal_msa/seed1/boltz_results_full_blind_msa/predictions/full_blind_msa/full_blind_msa_model_0.pdb,124,124,124,,SER,L,93,93,,TYR,114,,CDR3,4.864579426836404,0,1
Full181,formal_msa,1,results/full181_supplement/raw/formal_msa/seed1/boltz_results_full_blind_msa/predictions/full_blind_msa/full_blind_msa_model_0.pdb,125,125,125,,GLN,L,91,91,,SER,108,,CDR3,4.317011118818204,1,1
Full181,formal_msa,1,results/full181_supplement/raw/formal_msa/seed1/boltz_results_full_blind_msa/predictions/full_blind_msa/full_blind_msa_model_0.pdb,125,125,125,,GLN,L,92,92,,SER,109,,CDR3,2.3628766366444096,1,1
Full181,formal_msa,1,results/full181_supplement/raw/formal_msa/seed1/boltz_results_full_blind_msa/predictions/full_blind_msa/full_blind_msa_model_0.pdb,125,125,125,,GLN,L,93,93,,TYR,114,,CDR3,4.626071659626556,0,1
Full181,formal_msa,1,results/full181_supplement/raw/formal_msa/seed1/boltz_results_full_blind_msa/predictions/full_blind_msa/full_blind_msa_model_0.pdb,127,127,127,,GLN,L,2,2,,ILE,2,,FR1,4.652941542723269,0,1
Full181,formal_msa,1,results/full181_supplement/raw/formal_msa/seed1/boltz_results_full_blind_msa/predictions/full_blind_msa/full_blind_msa_model_0.pdb,127,127,127,,GLN,L,27,27,,GLN,27,,CDR1,2.8691721802638477,1,1
Full181,formal_msa,1,results/full181_supplement/raw/formal_msa/seed1/boltz_results_full_blind_msa/predictions/full_blind_msa/full_blind_msa_model_0.pdb,127,127,127,,GLN,L,28,28,,ASP,28,,CDR1,2.5226579236987323,1,1
Full181,formal_msa,1,results/full181_supplement/raw/formal_msa/seed1/boltz_results_full_blind_msa/predictions/full_blind_msa/full_blind_msa_model_0.pdb,127,127,127,,GLN,L,29,29,,VAL,29,,CDR1,4.701563357012218,0,1
Full181,formal_msa,1,results/full181_supplement/raw/formal_msa/seed1/boltz_results_full_blind_msa/predictions/full_blind_msa/full_blind_msa_model_0.pdb,130,130,130,,LYS,L,28,28,,ASP,28,,CDR1,3.632131467884939,1,1
Full181,formal_msa,2,results/full181_supplement/raw/formal_msa/seed2/boltz_results_full_blind_msa/predictions/full_blind_msa/full_blind_msa_model_0.pdb,79,79,79,,GLU,H,104,104,,TRP,113,,CDR3,4.352425645545252,1,1
Full181,formal_msa,2,results/full181_supplement/raw/formal_msa/seed2/boltz_results_full_blind_msa/predictions/full_blind_msa/full_blind_msa_model_0.pdb,132,132,132,,ASN,H,58,58,,SER,66,,FR3,3.0736014705878847,1,1
Full181,formal_msa,2,results/full181_supplement/raw/formal_msa/seed2/boltz_results_full_blind_msa/predictions/full_blind_msa/full_blind_msa_model_0.pdb,132,132,132,,ASN,H,59,59,,TYR,67,,FR3,4.184835719595215,1,1
Full181,formal_msa,2,results/full181_supplement/raw/formal_msa/seed2/boltz_results_full_blind_msa/predictions/full_blind_msa/full_blind_msa_model_0.pdb,132,132,132,,ASN,L,92,92,,SER,109,,CDR3,4.638218300166563,0,1
Full181,formal_msa,2,results/full181_supplement/raw/formal_msa/seed2/boltz_results_full_blind_msa/predictions/full_blind_msa/full_blind_msa_model_0.pdb,132,132,132,,ASN,L,93,93,,TYR,114,,CDR3,1.555944407747269,1,1
Full181,formal_msa,2,results/full181_supplement/raw/formal_msa/seed2/boltz_results_full_blind_msa/predictions/full_blind_msa/full_blind_msa_model_0.pdb,132,132,132,,ASN,L,95,95,,TYR,116,,CDR3,4.888313717428536,0,1
Full181,formal_msa,2,results/full181_supplement/raw/formal_msa/seed2/boltz_results_full_blind_msa/predictions/full_blind_msa/full_blind_msa_model_0.pdb,133,133,133,,SER,L,91,91,,SER,108,,CDR3,3.130306215053089,1,1
Full181,formal_msa,2,results/full181_supplement/raw/formal_msa/seed2/boltz_results_full_blind_msa/predictions/full_blind_msa/full_blind_msa_model_0.pdb,133,133,133,,SER,L,92,92,,SER,109,,CDR3,3.2591633895832834,1,1
Full181,formal_msa,2,results/full181_supplement/raw/formal_msa/seed2/boltz_results_full_blind_msa/predictions/full_blind_msa/full_blind_msa_model_0.pdb,133,133,133,,SER,L,93,93,,TYR,114,,CDR3,3.3535129342228576,1,1
Full181,formal_msa,2,results/full181_supplement/raw/formal_msa/seed2/boltz_results_full_blind_msa/predictions/full_blind_msa/full_blind_msa_model_0.pdb,134,134,134,,MET,L,93,93,,TYR,114,,CDR3,4.7330620110030255,0,1
Full181,formal_msa,2,results/full181_supplement/raw/formal_msa/seed2/boltz_results_full_blind_msa/predictions/full_blind_msa/full_blind_msa_model_0.pdb,135,135,135,,LEU,H,35,35,,TYR,40,,FR2,3.341287925336576,1,1
Full181,formal_msa,2,results/full181_supplement/raw/formal_msa/seed2/boltz_results_full_blind_msa/predictions/full_blind_msa/full_blind_msa_model_0.pdb,135,135,135,,LEU,H,50,50,,ILE,56,,CDR2,3.4985371228557804,1,1
Full181,formal_msa,2,results/full181_supplement/raw/formal_msa/seed2/boltz_results_full_blind_msa/predictions/full_blind_msa/full_blind_msa_model_0.pdb,135,135,135,,LEU,H,58,58,,SER,66,,FR3,4.567077621411748,0,1
Full181,formal_msa,2,results/full181_supplement/raw/formal_msa/seed2/boltz_results_full_blind_msa/predictions/full_blind_msa/full_blind_msa_model_0.pdb,135,135,135,,LEU,L,93,93,,TYR,114,,CDR3,1.3567814857227378,1,1
Full181,formal_msa,2,results/full181_supplement/raw/formal_msa/seed2/boltz_results_full_blind_msa/predictions/full_blind_msa/full_blind_msa_model_0.pdb,135,135,135,,LEU,L,95,95,,TYR,116,,CDR3,3.8373118194903055,1,1
Full181,formal_msa,2,results/full181_supplement/raw/formal_msa/seed2/boltz_results_full_blind_msa/predictions/full_blind_msa/full_blind_msa_model_0.pdb,136,136,136,,PRO,H,98,98,,TRP,107,,CDR3,4.2415749433435685,1,1
Full181,formal_msa,2,results/full181_supplement/raw/formal_msa/seed2/boltz_results_full_blind_msa/predictions/full_blind_msa/full_blind_msa_model_0.pdb,136,136,136,,PRO,H,104,104,,TRP,113,,CDR3,3.0178076479457734,1,1
Full181,formal_msa,2,results/full181_supplement/raw/formal_msa/seed2/boltz_results_full_blind_msa/predictions/full_blind_msa/full_blind_msa_model_0.pdb,136,136,136,,PRO,L,90,90,,TYR,107,,CDR3,3.147515210447759,1,1
Full181,formal_msa,2,results/full181_supplement/raw/formal_msa/seed2/boltz_results_full_blind_msa/predictions/full_blind_msa/full_blind_msa_model_0.pdb,136,136,136,,PRO,L,93,93,,TYR,114,,CDR3,4.287727953123891,1,1
Full181,formal_msa,2,results/full181_supplement/raw/formal_msa/seed2/boltz_results_full_blind_msa/predictions/full_blind_msa/full_blind_msa_model_0.pdb,136,136,136,,PRO,L,95,95,,TYR,116,,CDR3,2.408308327436502,1,1
Full181,formal_msa,2,results/full181_supplement/raw/formal_msa/seed2/boltz_results_full_blind_msa/predictions/full_blind_msa/full_blind_msa_model_0.pdb,137,137,137,,ILE,H,104,104,,TRP,113,,CDR3,3.356344886926849,1,1
Full181,formal_msa,2,results/full181_supplement/raw/formal_msa/seed2/boltz_results_full_blind_msa/predictions/full_blind_msa/full_blind_msa_model_0.pdb,139,139,139,,GLU,H,33,33,,ASN,38,,CDR1,3.2371569316299755,1,1
Full181,formal_msa,2,results/full181_supplement/raw/formal_msa/seed2/boltz_results_full_blind_msa/predictions/full_blind_msa/full_blind_msa_model_0.pdb,139,139,139,,GLU,H,35,35,,TYR,40,,FR2,2.1862765149907273,1,1
Full181,formal_msa,2,results/full181_supplement/raw/formal_msa/seed2/boltz_results_full_blind_msa/predictions/full_blind_msa/full_blind_msa_model_0.pdb,139,139,139,,GLU,H,50,50,,ILE,56,,CDR2,2.7141387215836996,1,1
Full181,formal_msa,2,results/full181_supplement/raw/formal_msa/seed2/boltz_results_full_blind_msa/predictions/full_blind_msa/full_blind_msa_model_0.pdb,139,139,139,,GLU,H,98,98,,TRP,107,,CDR3,2.096157913898664,1,1
Full181,formal_msa,2,results/full181_supplement/raw/formal_msa/seed2/boltz_results_full_blind_msa/predictions/full_blind_msa/full_blind_msa_model_0.pdb,139,139,139,,GLU,H,100,100,,ILE,109,,CDR3,2.537151355358998,1,1
Full181,formal_msa,2,results/full181_supplement/raw/formal_msa/seed2/boltz_results_full_blind_msa/predictions/full_blind_msa/full_blind_msa_model_0.pdb,139,139,139,,GLU,L,93,93,,TYR,114,,CDR3,3.7634911983423054,1,1
Full181,formal_msa,2,results/full181_supplement/raw/formal_msa/seed2/boltz_results_full_blind_msa/predictions/full_blind_msa/full_blind_msa_model_0.pdb,140,140,140,,SER,H,100,100,,ILE,109,,CDR3,2.9758341687668013,1,1
Full181,formal_msa,2,results/full181_supplement/raw/formal_msa/seed2/boltz_results_full_blind_msa/predictions/full_blind_msa/full_blind_msa_model_0.pdb,140,140,140,,SER,H,101,101,,THR,110,,CDR3,4.124339825960029,1,1
Full181,formal_msa,2,results/full181_supplement/raw/formal_msa/seed2/boltz_results_full_blind_msa/predictions/full_blind_msa/full_blind_msa_model_0.pdb,140,140,140,,SER,H,102,102,,ASP,111,,CDR3,4.802970018644714,0,1
Full181,formal_msa,2,results/full181_supplement/raw/formal_msa/seed2/boltz_results_full_blind_msa/predictions/full_blind_msa/full_blind_msa_model_0.pdb,140,140,140,,SER,H,104,104,,TRP,113,,CDR3,2.8827719299313292,1,1
Full181,formal_msa,2,results/full181_supplement/raw/formal_msa/seed2/boltz_results_full_blind_msa/predictions/full_blind_msa/full_blind_msa_model_0.pdb,142,142,142,,HIS,H,30,30,,THR,35,,CDR1,4.6401580792037675,0,1
Full181,formal_msa,2,results/full181_supplement/raw/formal_msa/seed2/boltz_results_full_blind_msa/predictions/full_blind_msa/full_blind_msa_model_0.pdb,142,142,142,,HIS,H,53,53,,TYR,59,,CDR2,1.0632614918259762,1,1
Full181,formal_msa,2,results/full181_supplement/raw/formal_msa/seed2/boltz_results_full_blind_msa/predictions/full_blind_msa/full_blind_msa_model_0.pdb,142,142,142,,HIS,H,54,54,,ASN,62,,CDR2,4.654969495066537,0,1
Full181,formal_msa,2,results/full181_supplement/raw/formal_msa/seed2/boltz_results_full_blind_msa/predictions/full_blind_msa/full_blind_msa_model_0.pdb,142,142,142,,HIS,H,100,100,,ILE,109,,CDR3,3.7134789618361923,1,1
Full181,formal_msa,2,results/full181_supplement/raw/formal_msa/seed2/boltz_results_full_blind_msa/predictions/full_blind_msa/full_blind_msa_model_0.pdb,143,143,143,,GLN,H,31,31,,ASP,36,,CDR1,2.9512903957421743,1,1
Full181,formal_msa,2,results/full181_supplement/raw/formal_msa/seed2/boltz_results_full_blind_msa/predictions/full_blind_msa/full_blind_msa_model_0.pdb,143,143,143,,GLN,H,32,32,,TYR,37,,CDR1,4.874367035831423,0,1
Full181,formal_msa,2,results/full181_supplement/raw/formal_msa/seed2/boltz_results_full_blind_msa/predictions/full_blind_msa/full_blind_msa_model_0.pdb,143,143,143,,GLN,H,100,100,,ILE,109,,CDR3,2.3040427513394803,1,1
Full181,formal_msa,2,results/full181_supplement/raw/formal_msa/seed2/boltz_results_full_blind_msa/predictions/full_blind_msa/full_blind_msa_model_0.pdb,143,143,143,,GLN,H,101,101,,THR,110,,CDR3,3.0715852584618255,1,1
Full181,formal_msa,2,results/full181_supplement/raw/formal_msa/seed2/boltz_results_full_blind_msa/predictions/full_blind_msa/full_blind_msa_model_0.pdb,146,146,146,,LEU,H,30,30,,THR,35,,CDR1,4.244480062386911,1,1
Full181,formal_msa,2,results/full181_supplement/raw/formal_msa/seed2/boltz_results_full_blind_msa/predictions/full_blind_msa/full_blind_msa_model_0.pdb,146,146,146,,LEU,H,31,31,,ASP,36,,CDR1,3.466722659804214,1,1
Full181,formal_msa,2,results/full181_supplement/raw/formal_msa/seed2/boltz_results_full_blind_msa/predictions/full_blind_msa/full_blind_msa_model_0.pdb,146,146,146,,LEU,H,53,53,,TYR,59,,CDR2,3.7111864679641196,1,1
Full181,formal_msa,2,results/full181_supplement/raw/formal_msa/seed2/boltz_results_full_blind_msa/predictions/full_blind_msa/full_blind_msa_model_0.pdb,149,149,149,,ARG,H,53,53,,TYR,59,,CDR2,4.80661107226287,0,1
Full181,formal_msa,2,results/full181_supplement/raw/formal_msa/seed2/boltz_results_full_blind_msa/predictions/full_blind_msa/full_blind_msa_model_0.pdb,150,150,150,,ARG,H,28,28,,SER,29,,CDR1,4.886853384336386,0,1
Full181,formal_msa,2,results/full181_supplement/raw/formal_msa/seed2/boltz_results_full_blind_msa/predictions/full_blind_msa/full_blind_msa_model_0.pdb,150,150,150,,ARG,H,31,31,,ASP,36,,CDR1,2.7632893442417497,1,1
Full181,formal_msa,3,results/full181_supplement/raw/formal_msa/seed3/boltz_results_full_blind_msa/predictions/full_blind_msa/full_blind_msa_model_0.pdb,70,70,70,,GLN,H,102,102,,ASP,111,,CDR3,2.8070420374479608,1,1
Full181,formal_msa,3,results/full181_supplement/raw/formal_msa/seed3/boltz_results_full_blind_msa/predictions/full_blind_msa/full_blind_msa_model_0.pdb,70,70,70,,GLN,H,104,104,,TRP,113,,CDR3,2.1834234586996635,1,1
Full181,formal_msa,3,results/full181_supplement/raw/formal_msa/seed3/boltz_results_full_blind_msa/predictions/full_blind_msa/full_blind_msa_model_0.pdb,70,70,70,,GLN,L,50,50,,TRP,56,,CDR2,4.740975637988451,0,1
Full181,formal_msa,3,results/full181_supplement/raw/formal_msa/seed3/boltz_results_full_blind_msa/predictions/full_blind_msa/full_blind_msa_model_0.pdb,70,70,70,,GLN,L,53,53,,ARG,66,,FR3,4.1045542997991875,1,1
Full181,formal_msa,3,results/full181_supplement/raw/formal_msa/seed3/boltz_results_full_blind_msa/predictions/full_blind_msa/full_blind_msa_model_0.pdb,71,71,71,,VAL,H,104,104,,TRP,113,,CDR3,3.703241958068632,1,1
Full181,formal_msa,3,results/full181_supplement/raw/formal_msa/seed3/boltz_results_full_blind_msa/predictions/full_blind_msa/full_blind_msa_model_0.pdb,73,73,73,,ARG,L,50,50,,TRP,56,,CDR2,4.081785271177306,1,1
Full181,formal_msa,3,results/full181_supplement/raw/formal_msa/seed3/boltz_results_full_blind_msa/predictions/full_blind_msa/full_blind_msa_model_0.pdb,73,73,73,,ARG,L,53,53,,ARG,66,,FR3,4.122532959237561,1,1
Full181,formal_msa,3,results/full181_supplement/raw/formal_msa/seed3/boltz_results_full_blind_msa/predictions/full_blind_msa/full_blind_msa_model_0.pdb,74,74,74,,ASN,L,31,31,,THR,37,,CDR1,2.7237042791022663,1,1
Full181,formal_msa,3,results/full181_supplement/raw/formal_msa/seed3/boltz_results_full_blind_msa/predictions/full_blind_msa/full_blind_msa_model_0.pdb,74,74,74,,ASN,L,50,50,,TRP,56,,CDR2,3.259411143136134,1,1
Full181,formal_msa,3,results/full181_supplement/raw/formal_msa/seed3/boltz_results_full_blind_msa/predictions/full_blind_msa/full_blind_msa_model_0.pdb,76,76,76,,SER,L,91,91,,SER,108,,CDR3,4.838184990262361,0,1
Full181,formal_msa,3,results/full181_supplement/raw/formal_msa/seed3/boltz_results_full_blind_msa/predictions/full_blind_msa/full_blind_msa_model_0.pdb,132,132,132,,ASN,H,58,58,,SER,66,,FR3,4.4882322800853345,1,1
Full181,formal_msa,3,results/full181_supplement/raw/formal_msa/seed3/boltz_results_full_blind_msa/predictions/full_blind_msa/full_blind_msa_model_0.pdb,132,132,132,,ASN,H,64,64,,LYS,72,,FR3,4.951006059378235,0,1
Full181,formal_msa,3,results/full181_supplement/raw/formal_msa/seed3/boltz_results_full_blind_msa/predictions/full_blind_msa/full_blind_msa_model_0.pdb,135,135,135,,LEU,H,50,50,,ILE,56,,CDR2,4.737994301389565,0,1
Full181,formal_msa,3,results/full181_supplement/raw/formal_msa/seed3/boltz_results_full_blind_msa/predictions/full_blind_msa/full_blind_msa_model_0.pdb,135,135,135,,LEU,H,56,56,,ASP,64,,CDR2,4.696867892542859,0,1
Full181,formal_msa,3,results/full181_supplement/raw/formal_msa/seed3/boltz_results_full_blind_msa/predictions/full_blind_msa/full_blind_msa_model_0.pdb,135,135,135,,LEU,H,57,57,,THR,65,,CDR2,3.7314782593497724,1,1
Full181,formal_msa,3,results/full181_supplement/raw/formal_msa/seed3/boltz_results_full_blind_msa/predictions/full_blind_msa/full_blind_msa_model_0.pdb,135,135,135,,LEU,H,58,58,,SER,66,,FR3,2.3037402197296464,1,1
Full181,formal_msa,3,results/full181_supplement/raw/formal_msa/seed3/boltz_results_full_blind_msa/predictions/full_blind_msa/full_blind_msa_model_0.pdb,135,135,135,,LEU,L,93,93,,TYR,114,,CDR3,2.9211891414285382,1,1
Full181,formal_msa,3,results/full181_supplement/raw/formal_msa/seed3/boltz_results_full_blind_msa/predictions/full_blind_msa/full_blind_msa_model_0.pdb,136,136,136,,PRO,H,58,58,,SER,66,,FR3,4.630298154546853,0,1
Full181,formal_msa,3,results/full181_supplement/raw/formal_msa/seed3/boltz_results_full_blind_msa/predictions/full_blind_msa/full_blind_msa_model_0.pdb,136,136,136,,PRO,L,92,92,,SER,109,,CDR3,3.8479403581656513,1,1
Full181,formal_msa,3,results/full181_supplement/raw/formal_msa/seed3/boltz_results_full_blind_msa/predictions/full_blind_msa/full_blind_msa_model_0.pdb,136,136,136,,PRO,L,93,93,,TYR,114,,CDR3,0.9152059877426503,1,1
Full181,formal_msa,3,results/full181_supplement/raw/formal_msa/seed3/boltz_results_full_blind_msa/predictions/full_blind_msa/full_blind_msa_model_0.pdb,136,136,136,,PRO,L,94,94,,PRO,115,,CDR3,4.442693889972614,1,1
Full181,formal_msa,3,results/full181_supplement/raw/formal_msa/seed3/boltz_results_full_blind_msa/predictions/full_blind_msa/full_blind_msa_model_0.pdb,136,136,136,,PRO,L,95,95,,TYR,116,,CDR3,3.522258082537394,1,1
Full181,formal_msa,3,results/full181_supplement/raw/formal_msa/seed3/boltz_results_full_blind_msa/predictions/full_blind_msa/full_blind_msa_model_0.pdb,137,137,137,,ILE,L,91,91,,SER,108,,CDR3,4.228739883227626,1,1
Full181,formal_msa,3,results/full181_supplement/raw/formal_msa/seed3/boltz_results_full_blind_msa/predictions/full_blind_msa/full_blind_msa_model_0.pdb,137,137,137,,ILE,L,92,92,,SER,109,,CDR3,4.669411633171785,0,1
Full181,formal_msa,3,results/full181_supplement/raw/formal_msa/seed3/boltz_results_full_blind_msa/predictions/full_blind_msa/full_blind_msa_model_0.pdb,137,137,137,,ILE,L,93,93,,TYR,114,,CDR3,3.2012803688524376,1,1
Full181,formal_msa,3,results/full181_supplement/raw/formal_msa/seed3/boltz_results_full_blind_msa/predictions/full_blind_msa/full_blind_msa_model_0.pdb,139,139,139,,GLU,H,33,33,,ASN,38,,CDR1,1.7920005580356273,1,1
Full181,formal_msa,3,results/full181_supplement/raw/formal_msa/seed3/boltz_results_full_blind_msa/predictions/full_blind_msa/full_blind_msa_model_0.pdb,139,139,139,,GLU,H,35,35,,TYR,40,,FR2,3.550984933789497,1,1
Full181,formal_msa,3,results/full181_supplement/raw/formal_msa/seed3/boltz_results_full_blind_msa/predictions/full_blind_msa/full_blind_msa_model_0.pdb,139,139,139,,GLU,H,50,50,,ILE,56,,CDR2,3.271143225234872,1,1
Full181,formal_msa,3,results/full181_supplement/raw/formal_msa/seed3/boltz_results_full_blind_msa/predictions/full_blind_msa/full_blind_msa_model_0.pdb,139,139,139,,GLU,H,52,52,,PRO,58,,CDR2,3.503845458920813,1,1
Full181,formal_msa,3,results/full181_supplement/raw/formal_msa/seed3/boltz_results_full_blind_msa/predictions/full_blind_msa/full_blind_msa_model_0.pdb,139,139,139,,GLU,H,53,53,,TYR,59,,CDR2,4.331223614638246,1,1
Full181,formal_msa,3,results/full181_supplement/raw/formal_msa/seed3/boltz_results_full_blind_msa/predictions/full_blind_msa/full_blind_msa_model_0.pdb,139,139,139,,GLU,L,93,93,,TYR,114,,CDR3,3.000968843557027,1,1
Full181,formal_msa,3,results/full181_supplement/raw/formal_msa/seed3/boltz_results_full_blind_msa/predictions/full_blind_msa/full_blind_msa_model_0.pdb,140,140,140,,SER,H,98,98,,TRP,107,,CDR3,4.963771549940629,0,1
Full181,formal_msa,3,results/full181_supplement/raw/formal_msa/seed3/boltz_results_full_blind_msa/predictions/full_blind_msa/full_blind_msa_model_0.pdb,140,140,140,,SER,H,104,104,,TRP,113,,CDR3,4.476412626199689,1,1
Full181,formal_msa,3,results/full181_supplement/raw/formal_msa/seed3/boltz_results_full_blind_msa/predictions/full_blind_msa/full_blind_msa_model_0.pdb,140,140,140,,SER,L,90,90,,TYR,107,,CDR3,4.574803165164596,0,1
Full181,formal_msa,3,results/full181_supplement/raw/formal_msa/seed3/boltz_results_full_blind_msa/predictions/full_blind_msa/full_blind_msa_model_0.pdb,140,140,140,,SER,L,93,93,,TYR,114,,CDR3,4.535369995931974,0,1
Full181,formal_msa,3,results/full181_supplement/raw/formal_msa/seed3/boltz_results_full_blind_msa/predictions/full_blind_msa/full_blind_msa_model_0.pdb,140,140,140,,SER,L,95,95,,TYR,116,,CDR3,3.8958549767669743,1,1
Full181,formal_msa,3,results/full181_supplement/raw/formal_msa/seed3/boltz_results_full_blind_msa/predictions/full_blind_msa/full_blind_msa_model_0.pdb,142,142,142,,HIS,H,33,33,,ASN,38,,CDR1,4.940528514238127,0,1
Full181,formal_msa,3,results/full181_supplement/raw/formal_msa/seed3/boltz_results_full_blind_msa/predictions/full_blind_msa/full_blind_msa_model_0.pdb,142,142,142,,HIS,H,53,53,,TYR,59,,CDR2,2.377436644792033,1,1
Full181,formal_msa,3,results/full181_supplement/raw/formal_msa/seed3/boltz_results_full_blind_msa/predictions/full_blind_msa/full_blind_msa_model_0.pdb,143,143,143,,GLN,H,33,33,,ASN,38,,CDR1,3.1619598352920293,1,1
Full181,formal_msa,3,results/full181_supplement/raw/formal_msa/seed3/boltz_results_full_blind_msa/predictions/full_blind_msa/full_blind_msa_model_0.pdb,143,143,143,,GLN,H,35,35,,TYR,40,,FR2,3.003451680983065,1,1
Full181,formal_msa,3,results/full181_supplement/raw/formal_msa/seed3/boltz_results_full_blind_msa/predictions/full_blind_msa/full_blind_msa_model_0.pdb,143,143,143,,GLN,H,50,50,,ILE,56,,CDR2,4.381742803953696,1,1
Full181,formal_msa,3,results/full181_supplement/raw/formal_msa/seed3/boltz_results_full_blind_msa/predictions/full_blind_msa/full_blind_msa_model_0.pdb,143,143,143,,GLN,H,98,98,,TRP,107,,CDR3,1.3647479620794456,1,1
Full181,formal_msa,3,results/full181_supplement/raw/formal_msa/seed3/boltz_results_full_blind_msa/predictions/full_blind_msa/full_blind_msa_model_0.pdb,143,143,143,,GLN,H,99,99,,GLU,108,,CDR3,4.917615377395837,0,1
Full181,formal_msa,3,results/full181_supplement/raw/formal_msa/seed3/boltz_results_full_blind_msa/predictions/full_blind_msa/full_blind_msa_model_0.pdb,143,143,143,,GLN,H,100,100,,ILE,109,,CDR3,2.852807739753943,1,1
Full181,formal_msa,3,results/full181_supplement/raw/formal_msa/seed3/boltz_results_full_blind_msa/predictions/full_blind_msa/full_blind_msa_model_0.pdb,143,143,143,,GLN,H,104,104,,TRP,113,,CDR3,3.854852656068712,1,1
Full181,formal_msa,3,results/full181_supplement/raw/formal_msa/seed3/boltz_results_full_blind_msa/predictions/full_blind_msa/full_blind_msa_model_0.pdb,144,144,144,,ARG,H,100,100,,ILE,109,,CDR3,4.839129157193472,0,1
Full181,formal_msa,3,results/full181_supplement/raw/formal_msa/seed3/boltz_results_full_blind_msa/predictions/full_blind_msa/full_blind_msa_model_0.pdb,144,144,144,,ARG,H,104,104,,TRP,113,,CDR3,3.2926878078554607,1,1
Full181,formal_msa,3,results/full181_supplement/raw/formal_msa/seed3/boltz_results_full_blind_msa/predictions/full_blind_msa/full_blind_msa_model_0.pdb,144,144,144,,ARG,L,50,50,,TRP,56,,CDR2,2.4456101488176736,1,1
Full181,formal_msa,3,results/full181_supplement/raw/formal_msa/seed3/boltz_results_full_blind_msa/predictions/full_blind_msa/full_blind_msa_model_0.pdb,146,146,146,,LEU,H,31,31,,ASP,36,,CDR1,3.8708351811979798,1,1
Full181,formal_msa,3,results/full181_supplement/raw/formal_msa/seed3/boltz_results_full_blind_msa/predictions/full_blind_msa/full_blind_msa_model_0.pdb,146,146,146,,LEU,H,100,100,,ILE,109,,CDR3,3.000320482881787,1,1
Full181,formal_msa,3,results/full181_supplement/raw/formal_msa/seed3/boltz_results_full_blind_msa/predictions/full_blind_msa/full_blind_msa_model_0.pdb,147,147,147,,LEU,H,100,100,,ILE,109,,CDR3,2.77564028649247,1,1
Full181,formal_msa,3,results/full181_supplement/raw/formal_msa/seed3/boltz_results_full_blind_msa/predictions/full_blind_msa/full_blind_msa_model_0.pdb,147,147,147,,LEU,H,101,101,,THR,110,,CDR3,2.537555910714087,1,1
Full181,formal_msa,3,results/full181_supplement/raw/formal_msa/seed3/boltz_results_full_blind_msa/predictions/full_blind_msa/full_blind_msa_model_0.pdb,147,147,147,,LEU,H,102,102,,ASP,111,,CDR3,4.122009825315801,1,1
Full181,formal_msa,3,results/full181_supplement/raw/formal_msa/seed3/boltz_results_full_blind_msa/predictions/full_blind_msa/full_blind_msa_model_0.pdb,147,147,147,,LEU,H,104,104,,TRP,113,,CDR3,3.3219769716239758,1,1
Full181,formal_msa,3,results/full181_supplement/raw/formal_msa/seed3/boltz_results_full_blind_msa/predictions/full_blind_msa/full_blind_msa_model_0.pdb,150,150,150,,ARG,H,31,31,,ASP,36,,CDR1,3.6033424760907753,1,1
Full181,formal_msa,3,results/full181_supplement/raw/formal_msa/seed3/boltz_results_full_blind_msa/predictions/full_blind_msa/full_blind_msa_model_0.pdb,150,150,150,,ARG,H,32,32,,TYR,37,,CDR1,3.6551647021714353,1,1
Full181,formal_msa,3,results/full181_supplement/raw/formal_msa/seed3/boltz_results_full_blind_msa/predictions/full_blind_msa/full_blind_msa_model_0.pdb,150,150,150,,ARG,H,100,100,,ILE,109,,CDR3,3.3228314733070663,1,1
Full181,formal_msa,3,results/full181_supplement/raw/formal_msa/seed3/boltz_results_full_blind_msa/predictions/full_blind_msa/full_blind_msa_model_0.pdb,150,150,150,,ARG,H,101,101,,THR,110,,CDR3,2.653405736030583,1,1
Full181,formal_msa,4,results/full181_supplement/raw/formal_msa/seed4/boltz_results_full_blind_msa/predictions/full_blind_msa/full_blind_msa_model_0.pdb,70,70,70,,GLN,H,102,102,,ASP,111,,CDR3,2.2482635521664265,1,1
Full181,formal_msa,4,results/full181_supplement/raw/formal_msa/seed4/boltz_results_full_blind_msa/predictions/full_blind_msa/full_blind_msa_model_0.pdb,70,70,70,,GLN,H,104,104,,TRP,113,,CDR3,3.2602302065958475,1,1
Full181,formal_msa,4,results/full181_supplement/raw/formal_msa/seed4/boltz_results_full_blind_msa/predictions/full_blind_msa/full_blind_msa_model_0.pdb,70,70,70,,GLN,L,53,53,,ARG,66,,FR3,3.958735783049937,1,1
Full181,formal_msa,4,results/full181_supplement/raw/formal_msa/seed4/boltz_results_full_blind_msa/predictions/full_blind_msa/full_blind_msa_model_0.pdb,71,71,71,,VAL,H,104,104,,TRP,113,,CDR3,4.752852827513176,0,1
Full181,formal_msa,4,results/full181_supplement/raw/formal_msa/seed4/boltz_results_full_blind_msa/predictions/full_blind_msa/full_blind_msa_model_0.pdb,73,73,73,,ARG,H,102,102,,ASP,111,,CDR3,4.6866606448515125,0,1
Full181,formal_msa,4,results/full181_supplement/raw/formal_msa/seed4/boltz_results_full_blind_msa/predictions/full_blind_msa/full_blind_msa_model_0.pdb,73,73,73,,ARG,L,53,53,,ARG,66,,FR3,4.186671470273253,1,1
Full181,formal_msa,4,results/full181_supplement/raw/formal_msa/seed4/boltz_results_full_blind_msa/predictions/full_blind_msa/full_blind_msa_model_0.pdb,74,74,74,,ASN,L,31,31,,THR,37,,CDR1,4.075374461322542,1,1
Full181,formal_msa,4,results/full181_supplement/raw/formal_msa/seed4/boltz_results_full_blind_msa/predictions/full_blind_msa/full_blind_msa_model_0.pdb,74,74,74,,ASN,L,50,50,,TRP,56,,CDR2,4.323905410621283,1,1
Full181,formal_msa,4,results/full181_supplement/raw/formal_msa/seed4/boltz_results_full_blind_msa/predictions/full_blind_msa/full_blind_msa_model_0.pdb,135,135,135,,LEU,H,57,57,,THR,65,,CDR2,4.115297559107968,1,1
Full181,formal_msa,4,results/full181_supplement/raw/formal_msa/seed4/boltz_results_full_blind_msa/predictions/full_blind_msa/full_blind_msa_model_0.pdb,135,135,135,,LEU,H,58,58,,SER,66,,FR3,4.0789659228780035,1,1
Full181,formal_msa,4,results/full181_supplement/raw/formal_msa/seed4/boltz_results_full_blind_msa/predictions/full_blind_msa/full_blind_msa_model_0.pdb,135,135,135,,LEU,L,93,93,,TYR,114,,CDR3,3.627978500487565,1,1
Full181,formal_msa,4,results/full181_supplement/raw/formal_msa/seed4/boltz_results_full_blind_msa/predictions/full_blind_msa/full_blind_msa_model_0.pdb,136,136,136,,PRO,H,58,58,,SER,66,,FR3,4.813036151952321,0,1
Full181,formal_msa,4,results/full181_supplement/raw/formal_msa/seed4/boltz_results_full_blind_msa/predictions/full_blind_msa/full_blind_msa_model_0.pdb,136,136,136,,PRO,L,92,92,,SER,109,,CDR3,4.45415861863944,1,1
Full181,formal_msa,4,results/full181_supplement/raw/formal_msa/seed4/boltz_results_full_blind_msa/predictions/full_blind_msa/full_blind_msa_model_0.pdb,136,136,136,,PRO,L,93,93,,TYR,114,,CDR3,1.729502529630992,1,1
Full181,formal_msa,4,results/full181_supplement/raw/formal_msa/seed4/boltz_results_full_blind_msa/predictions/full_blind_msa/full_blind_msa_model_0.pdb,136,136,136,,PRO,L,95,95,,TYR,116,,CDR3,4.383733682604362,1,1
Full181,formal_msa,4,results/full181_supplement/raw/formal_msa/seed4/boltz_results_full_blind_msa/predictions/full_blind_msa/full_blind_msa_model_0.pdb,137,137,137,,ILE,L,93,93,,TYR,114,,CDR3,4.006495351301433,1,1
Full181,formal_msa,4,results/full181_supplement/raw/formal_msa/seed4/boltz_results_full_blind_msa/predictions/full_blind_msa/full_blind_msa_model_0.pdb,139,139,139,,GLU,H,33,33,,ASN,38,,CDR1,2.8818067249557178,1,1
Full181,formal_msa,4,results/full181_supplement/raw/formal_msa/seed4/boltz_results_full_blind_msa/predictions/full_blind_msa/full_blind_msa_model_0.pdb,139,139,139,,GLU,H,35,35,,TYR,40,,FR2,3.9773491171884827,1,1
Full181,formal_msa,4,results/full181_supplement/raw/formal_msa/seed4/boltz_results_full_blind_msa/predictions/full_blind_msa/full_blind_msa_model_0.pdb,139,139,139,,GLU,H,50,50,,ILE,56,,CDR2,3.3024228984186745,1,1
Full181,formal_msa,4,results/full181_supplement/raw/formal_msa/seed4/boltz_results_full_blind_msa/predictions/full_blind_msa/full_blind_msa_model_0.pdb,139,139,139,,GLU,H,52,52,,PRO,58,,CDR2,4.318357558146384,1,1
Full181,formal_msa,4,results/full181_supplement/raw/formal_msa/seed4/boltz_results_full_blind_msa/predictions/full_blind_msa/full_blind_msa_model_0.pdb,139,139,139,,GLU,H,54,54,,ASN,62,,CDR2,4.956802800192882,0,1
Full181,formal_msa,4,results/full181_supplement/raw/formal_msa/seed4/boltz_results_full_blind_msa/predictions/full_blind_msa/full_blind_msa_model_0.pdb,139,139,139,,GLU,H,56,56,,ASP,64,,CDR2,4.469965771681031,1,1
Full181,formal_msa,4,results/full181_supplement/raw/formal_msa/seed4/boltz_results_full_blind_msa/predictions/full_blind_msa/full_blind_msa_model_0.pdb,139,139,139,,GLU,L,93,93,,TYR,114,,CDR3,2.9102199229611494,1,1
Full181,formal_msa,4,results/full181_supplement/raw/formal_msa/seed4/boltz_results_full_blind_msa/predictions/full_blind_msa/full_blind_msa_model_0.pdb,140,140,140,,SER,H,104,104,,TRP,113,,CDR3,4.158424461259336,1,1
Full181,formal_msa,4,results/full181_supplement/raw/formal_msa/seed4/boltz_results_full_blind_msa/predictions/full_blind_msa/full_blind_msa_model_0.pdb,140,140,140,,SER,L,93,93,,TYR,114,,CDR3,4.697730835201183,0,1
Full181,formal_msa,4,results/full181_supplement/raw/formal_msa/seed4/boltz_results_full_blind_msa/predictions/full_blind_msa/full_blind_msa_model_0.pdb,140,140,140,,SER,L,95,95,,TYR,116,,CDR3,4.437650391817724,1,1
Full181,formal_msa,4,results/full181_supplement/raw/formal_msa/seed4/boltz_results_full_blind_msa/predictions/full_blind_msa/full_blind_msa_model_0.pdb,142,142,142,,HIS,H,54,54,,ASN,62,,CDR2,3.470050864180524,1,1
Full181,formal_msa,4,results/full181_supplement/raw/formal_msa/seed4/boltz_results_full_blind_msa/predictions/full_blind_msa/full_blind_msa_model_0.pdb,143,143,143,,GLN,H,33,33,,ASN,38,,CDR1,1.8419115071034224,1,1
Full181,formal_msa,4,results/full181_supplement/raw/formal_msa/seed4/boltz_results_full_blind_msa/predictions/full_blind_msa/full_blind_msa_model_0.pdb,143,143,143,,GLN,H,35,35,,TYR,40,,FR2,4.1515469405993715,1,1
Full181,formal_msa,4,results/full181_supplement/raw/formal_msa/seed4/boltz_results_full_blind_msa/predictions/full_blind_msa/full_blind_msa_model_0.pdb,143,143,143,,GLN,H,50,50,,ILE,56,,CDR2,4.220091586683871,1,1
Full181,formal_msa,4,results/full181_supplement/raw/formal_msa/seed4/boltz_results_full_blind_msa/predictions/full_blind_msa/full_blind_msa_model_0.pdb,143,143,143,,GLN,H,98,98,,TRP,107,,CDR3,3.2361787651487983,1,1
Full181,formal_msa,4,results/full181_supplement/raw/formal_msa/seed4/boltz_results_full_blind_msa/predictions/full_blind_msa/full_blind_msa_model_0.pdb,143,143,143,,GLN,H,99,99,,GLU,108,,CDR3,4.762006824858613,0,1
Full181,formal_msa,4,results/full181_supplement/raw/formal_msa/seed4/boltz_results_full_blind_msa/predictions/full_blind_msa/full_blind_msa_model_0.pdb,143,143,143,,GLN,H,100,100,,ILE,109,,CDR3,2.4302769389516086,1,1
Full181,formal_msa,4,results/full181_supplement/raw/formal_msa/seed4/boltz_results_full_blind_msa/predictions/full_blind_msa/full_blind_msa_model_0.pdb,143,143,143,,GLN,H,104,104,,TRP,113,,CDR3,2.9780648078911915,1,1
Full181,formal_msa,4,results/full181_supplement/raw/formal_msa/seed4/boltz_results_full_blind_msa/predictions/full_blind_msa/full_blind_msa_model_0.pdb,144,144,144,,ARG,H,104,104,,TRP,113,,CDR3,2.548858764231553,1,1
Full181,formal_msa,4,results/full181_supplement/raw/formal_msa/seed4/boltz_results_full_blind_msa/predictions/full_blind_msa/full_blind_msa_model_0.pdb,144,144,144,,ARG,L,50,50,,TRP,56,,CDR2,3.8742654787714277,1,1
Full181,formal_msa,4,results/full181_supplement/raw/formal_msa/seed4/boltz_results_full_blind_msa/predictions/full_blind_msa/full_blind_msa_model_0.pdb,146,146,146,,LEU,H,31,31,,ASP,36,,CDR1,4.676585720373358,0,1
Full181,formal_msa,4,results/full181_supplement/raw/formal_msa/seed4/boltz_results_full_blind_msa/predictions/full_blind_msa/full_blind_msa_model_0.pdb,146,146,146,,LEU,H,33,33,,ASN,38,,CDR1,4.822500699844428,0,1
Full181,formal_msa,4,results/full181_supplement/raw/formal_msa/seed4/boltz_results_full_blind_msa/predictions/full_blind_msa/full_blind_msa_model_0.pdb,146,146,146,,LEU,H,100,100,,ILE,109,,CDR3,3.6071142205369657,1,1
Full181,formal_msa,4,results/full181_supplement/raw/formal_msa/seed4/boltz_results_full_blind_msa/predictions/full_blind_msa/full_blind_msa_model_0.pdb,147,147,147,,LEU,H,100,100,,ILE,109,,CDR3,3.0644043466879496,1,1
Full181,formal_msa,4,results/full181_supplement/raw/formal_msa/seed4/boltz_results_full_blind_msa/predictions/full_blind_msa/full_blind_msa_model_0.pdb,147,147,147,,LEU,H,101,101,,THR,110,,CDR3,3.1239463823823868,1,1
Full181,formal_msa,4,results/full181_supplement/raw/formal_msa/seed4/boltz_results_full_blind_msa/predictions/full_blind_msa/full_blind_msa_model_0.pdb,147,147,147,,LEU,H,102,102,,ASP,111,,CDR3,3.7383286372388396,1,1
Full181,formal_msa,4,results/full181_supplement/raw/formal_msa/seed4/boltz_results_full_blind_msa/predictions/full_blind_msa/full_blind_msa_model_0.pdb,147,147,147,,LEU,H,104,104,,TRP,113,,CDR3,4.827598367718673,0,1
Full181,formal_msa,4,results/full181_supplement/raw/formal_msa/seed4/boltz_results_full_blind_msa/predictions/full_blind_msa/full_blind_msa_model_0.pdb,150,150,150,,ARG,H,31,31,,ASP,36,,CDR1,3.5927162426220085,1,1
Full181,formal_msa,4,results/full181_supplement/raw/formal_msa/seed4/boltz_results_full_blind_msa/predictions/full_blind_msa/full_blind_msa_model_0.pdb,150,150,150,,ARG,H,32,32,,TYR,37,,CDR1,2.162506416175453,1,1
Full181,formal_msa,4,results/full181_supplement/raw/formal_msa/seed4/boltz_results_full_blind_msa/predictions/full_blind_msa/full_blind_msa_model_0.pdb,150,150,150,,ARG,H,100,100,,ILE,109,,CDR3,3.3523010008052685,1,1
Full181,formal_msa,4,results/full181_supplement/raw/formal_msa/seed4/boltz_results_full_blind_msa/predictions/full_blind_msa/full_blind_msa_model_0.pdb,150,150,150,,ARG,H,101,101,,THR,110,,CDR3,3.3158463474654556,1,1
Full181,formal_msa,5,results/full181_supplement/raw/formal_msa/seed5/boltz_results_full_blind_msa/predictions/full_blind_msa/full_blind_msa_model_0.pdb,70,70,70,,GLN,H,102,102,,ASP,111,,CDR3,4.328520647981248,1,1
Full181,formal_msa,5,results/full181_supplement/raw/formal_msa/seed5/boltz_results_full_blind_msa/predictions/full_blind_msa/full_blind_msa_model_0.pdb,70,70,70,,GLN,H,104,104,,TRP,113,,CDR3,3.93459260915282,1,1
Full181,formal_msa,5,results/full181_supplement/raw/formal_msa/seed5/boltz_results_full_blind_msa/predictions/full_blind_msa/full_blind_msa_model_0.pdb,73,73,73,,ARG,H,102,102,,ASP,111,,CDR3,3.0924454724376296,1,1
Full181,formal_msa,5,results/full181_supplement/raw/formal_msa/seed5/boltz_results_full_blind_msa/predictions/full_blind_msa/full_blind_msa_model_0.pdb,73,73,73,,ARG,L,53,53,,ARG,66,,FR3,3.109534209491833,1,1
Full181,formal_msa,5,results/full181_supplement/raw/formal_msa/seed5/boltz_results_full_blind_msa/predictions/full_blind_msa/full_blind_msa_model_0.pdb,79,79,79,,GLU,H,104,104,,TRP,113,,CDR3,4.8535959864826,0,1
Full181,formal_msa,5,results/full181_supplement/raw/formal_msa/seed5/boltz_results_full_blind_msa/predictions/full_blind_msa/full_blind_msa_model_0.pdb,132,132,132,,ASN,H,64,64,,LYS,72,,FR3,4.517816618677657,0,1
Full181,formal_msa,5,results/full181_supplement/raw/formal_msa/seed5/boltz_results_full_blind_msa/predictions/full_blind_msa/full_blind_msa_model_0.pdb,132,132,132,,ASN,L,93,93,,TYR,114,,CDR3,4.205350520467942,1,1
Full181,formal_msa,5,results/full181_supplement/raw/formal_msa/seed5/boltz_results_full_blind_msa/predictions/full_blind_msa/full_blind_msa_model_0.pdb,133,133,133,,SER,L,92,92,,SER,109,,CDR3,4.255740241133144,1,1
Full181,formal_msa,5,results/full181_supplement/raw/formal_msa/seed5/boltz_results_full_blind_msa/predictions/full_blind_msa/full_blind_msa_model_0.pdb,133,133,133,,SER,L,93,93,,TYR,114,,CDR3,4.826492411679521,0,1
Full181,formal_msa,5,results/full181_supplement/raw/formal_msa/seed5/boltz_results_full_blind_msa/predictions/full_blind_msa/full_blind_msa_model_0.pdb,135,135,135,,LEU,H,50,50,,ILE,56,,CDR2,4.956295188949101,0,1
Full181,formal_msa,5,results/full181_supplement/raw/formal_msa/seed5/boltz_results_full_blind_msa/predictions/full_blind_msa/full_blind_msa_model_0.pdb,135,135,135,,LEU,H,58,58,,SER,66,,FR3,2.396053004422064,1,1
Full181,formal_msa,5,results/full181_supplement/raw/formal_msa/seed5/boltz_results_full_blind_msa/predictions/full_blind_msa/full_blind_msa_model_0.pdb,135,135,135,,LEU,L,93,93,,TYR,114,,CDR3,2.423820331625264,1,1
Full181,formal_msa,5,results/full181_supplement/raw/formal_msa/seed5/boltz_results_full_blind_msa/predictions/full_blind_msa/full_blind_msa_model_0.pdb,135,135,135,,LEU,L,95,95,,TYR,116,,CDR3,4.991447285106795,0,1
Full181,formal_msa,5,results/full181_supplement/raw/formal_msa/seed5/boltz_results_full_blind_msa/predictions/full_blind_msa/full_blind_msa_model_0.pdb,136,136,136,,PRO,L,90,90,,TYR,107,,CDR3,4.090232267243512,1,1
Full181,formal_msa,5,results/full181_supplement/raw/formal_msa/seed5/boltz_results_full_blind_msa/predictions/full_blind_msa/full_blind_msa_model_0.pdb,136,136,136,,PRO,L,91,91,,SER,108,,CDR3,3.5864803080457586,1,1
Full181,formal_msa,5,results/full181_supplement/raw/formal_msa/seed5/boltz_results_full_blind_msa/predictions/full_blind_msa/full_blind_msa_model_0.pdb,136,136,136,,PRO,L,92,92,,SER,109,,CDR3,2.9155803881903184,1,1
Full181,formal_msa,5,results/full181_supplement/raw/formal_msa/seed5/boltz_results_full_blind_msa/predictions/full_blind_msa/full_blind_msa_model_0.pdb,136,136,136,,PRO,L,93,93,,TYR,114,,CDR3,2.372074408613693,1,1
Full181,formal_msa,5,results/full181_supplement/raw/formal_msa/seed5/boltz_results_full_blind_msa/predictions/full_blind_msa/full_blind_msa_model_0.pdb,136,136,136,,PRO,L,95,95,,TYR,116,,CDR3,3.609853459629629,1,1
Full181,formal_msa,5,results/full181_supplement/raw/formal_msa/seed5/boltz_results_full_blind_msa/predictions/full_blind_msa/full_blind_msa_model_0.pdb,137,137,137,,ILE,L,91,91,,SER,108,,CDR3,4.731588316833999,0,1
Full181,formal_msa,5,results/full181_supplement/raw/formal_msa/seed5/boltz_results_full_blind_msa/predictions/full_blind_msa/full_blind_msa_model_0.pdb,139,139,139,,GLU,H,33,33,,ASN,38,,CDR1,2.0588275789876143,1,1
Full181,formal_msa,5,results/full181_supplement/raw/formal_msa/seed5/boltz_results_full_blind_msa/predictions/full_blind_msa/full_blind_msa_model_0.pdb,139,139,139,,GLU,H,35,35,,TYR,40,,FR2,2.8677081441457744,1,1
Full181,formal_msa,5,results/full181_supplement/raw/formal_msa/seed5/boltz_results_full_blind_msa/predictions/full_blind_msa/full_blind_msa_model_0.pdb,139,139,139,,GLU,H,50,50,,ILE,56,,CDR2,3.350427435417756,1,1
Full181,formal_msa,5,results/full181_supplement/raw/formal_msa/seed5/boltz_results_full_blind_msa/predictions/full_blind_msa/full_blind_msa_model_0.pdb,139,139,139,,GLU,H,52,52,,PRO,58,,CDR2,4.926984980695598,0,1
Full181,formal_msa,5,results/full181_supplement/raw/formal_msa/seed5/boltz_results_full_blind_msa/predictions/full_blind_msa/full_blind_msa_model_0.pdb,139,139,139,,GLU,H,98,98,,TRP,107,,CDR3,4.490483604245761,1,1
Full181,formal_msa,5,results/full181_supplement/raw/formal_msa/seed5/boltz_results_full_blind_msa/predictions/full_blind_msa/full_blind_msa_model_0.pdb,139,139,139,,GLU,L,93,93,,TYR,114,,CDR3,3.404812182778956,1,1
Full181,formal_msa,5,results/full181_supplement/raw/formal_msa/seed5/boltz_results_full_blind_msa/predictions/full_blind_msa/full_blind_msa_model_0.pdb,139,139,139,,GLU,L,95,95,,TYR,116,,CDR3,4.085638995310282,1,1
Full181,formal_msa,5,results/full181_supplement/raw/formal_msa/seed5/boltz_results_full_blind_msa/predictions/full_blind_msa/full_blind_msa_model_0.pdb,140,140,140,,SER,H,98,98,,TRP,107,,CDR3,4.914501500661079,0,1
Full181,formal_msa,5,results/full181_supplement/raw/formal_msa/seed5/boltz_results_full_blind_msa/predictions/full_blind_msa/full_blind_msa_model_0.pdb,140,140,140,,SER,H,104,104,,TRP,113,,CDR3,3.4180247219702786,1,1
Full181,formal_msa,5,results/full181_supplement/raw/formal_msa/seed5/boltz_results_full_blind_msa/predictions/full_blind_msa/full_blind_msa_model_0.pdb,140,140,140,,SER,L,90,90,,TYR,107,,CDR3,4.843547150591188,0,1
Full181,formal_msa,5,results/full181_supplement/raw/formal_msa/seed5/boltz_results_full_blind_msa/predictions/full_blind_msa/full_blind_msa_model_0.pdb,142,142,142,,HIS,H,33,33,,ASN,38,,CDR1,3.892172786503703,1,1
Full181,formal_msa,5,results/full181_supplement/raw/formal_msa/seed5/boltz_results_full_blind_msa/predictions/full_blind_msa/full_blind_msa_model_0.pdb,142,142,142,,HIS,H,53,53,,TYR,59,,CDR2,3.3207568414444317,1,1
Full181,formal_msa,5,results/full181_supplement/raw/formal_msa/seed5/boltz_results_full_blind_msa/predictions/full_blind_msa/full_blind_msa_model_0.pdb,142,142,142,,HIS,H,54,54,,ASN,62,,CDR2,3.551797432286926,1,1
Full181,formal_msa,5,results/full181_supplement/raw/formal_msa/seed5/boltz_results_full_blind_msa/predictions/full_blind_msa/full_blind_msa_model_0.pdb,143,143,143,,GLN,H,31,31,,ASP,36,,CDR1,4.808895611260447,0,1
Full181,formal_msa,5,results/full181_supplement/raw/formal_msa/seed5/boltz_results_full_blind_msa/predictions/full_blind_msa/full_blind_msa_model_0.pdb,143,143,143,,GLN,H,33,33,,ASN,38,,CDR1,2.734636173241333,1,1
Full181,formal_msa,5,results/full181_supplement/raw/formal_msa/seed5/boltz_results_full_blind_msa/predictions/full_blind_msa/full_blind_msa_model_0.pdb,143,143,143,,GLN,H,35,35,,TYR,40,,FR2,4.987026067708088,0,1
Full181,formal_msa,5,results/full181_supplement/raw/formal_msa/seed5/boltz_results_full_blind_msa/predictions/full_blind_msa/full_blind_msa_model_0.pdb,143,143,143,,GLN,H,98,98,,TRP,107,,CDR3,2.8534156724879742,1,1
Full181,formal_msa,5,results/full181_supplement/raw/formal_msa/seed5/boltz_results_full_blind_msa/predictions/full_blind_msa/full_blind_msa_model_0.pdb,143,143,143,,GLN,H,99,99,,GLU,108,,CDR3,3.8607453943506815,1,1
Full181,formal_msa,5,results/full181_supplement/raw/formal_msa/seed5/boltz_results_full_blind_msa/predictions/full_blind_msa/full_blind_msa_model_0.pdb,143,143,143,,GLN,H,100,100,,ILE,109,,CDR3,2.362647878969695,1,1
Full181,formal_msa,5,results/full181_supplement/raw/formal_msa/seed5/boltz_results_full_blind_msa/predictions/full_blind_msa/full_blind_msa_model_0.pdb,143,143,143,,GLN,H,104,104,,TRP,113,,CDR3,3.8441459389570527,1,1
Full181,formal_msa,5,results/full181_supplement/raw/formal_msa/seed5/boltz_results_full_blind_msa/predictions/full_blind_msa/full_blind_msa_model_0.pdb,144,144,144,,ARG,H,100,100,,ILE,109,,CDR3,4.607201862302107,0,1
Full181,formal_msa,5,results/full181_supplement/raw/formal_msa/seed5/boltz_results_full_blind_msa/predictions/full_blind_msa/full_blind_msa_model_0.pdb,144,144,144,,ARG,H,104,104,,TRP,113,,CDR3,3.258930345987775,1,1
Full181,formal_msa,5,results/full181_supplement/raw/formal_msa/seed5/boltz_results_full_blind_msa/predictions/full_blind_msa/full_blind_msa_model_0.pdb,144,144,144,,ARG,L,50,50,,TRP,56,,CDR2,4.370890412719129,1,1
Full181,formal_msa,5,results/full181_supplement/raw/formal_msa/seed5/boltz_results_full_blind_msa/predictions/full_blind_msa/full_blind_msa_model_0.pdb,146,146,146,,LEU,H,30,30,,THR,35,,CDR1,4.745998209017783,0,1
Full181,formal_msa,5,results/full181_supplement/raw/formal_msa/seed5/boltz_results_full_blind_msa/predictions/full_blind_msa/full_blind_msa_model_0.pdb,146,146,146,,LEU,H,31,31,,ASP,36,,CDR1,3.1829901036603934,1,1
Full181,formal_msa,5,results/full181_supplement/raw/formal_msa/seed5/boltz_results_full_blind_msa/predictions/full_blind_msa/full_blind_msa_model_0.pdb,146,146,146,,LEU,H,32,32,,TYR,37,,CDR1,4.599491384925077,0,1
Full181,formal_msa,5,results/full181_supplement/raw/formal_msa/seed5/boltz_results_full_blind_msa/predictions/full_blind_msa/full_blind_msa_model_0.pdb,146,146,146,,LEU,H,53,53,,TYR,59,,CDR2,2.3410384447932504,1,1
Full181,formal_msa,5,results/full181_supplement/raw/formal_msa/seed5/boltz_results_full_blind_msa/predictions/full_blind_msa/full_blind_msa_model_0.pdb,146,146,146,,LEU,H,100,100,,ILE,109,,CDR3,3.7284782418568567,1,1
Full181,formal_msa,5,results/full181_supplement/raw/formal_msa/seed5/boltz_results_full_blind_msa/predictions/full_blind_msa/full_blind_msa_model_0.pdb,147,147,147,,LEU,H,100,100,,ILE,109,,CDR3,3.846786840988203,1,1
Full181,formal_msa,5,results/full181_supplement/raw/formal_msa/seed5/boltz_results_full_blind_msa/predictions/full_blind_msa/full_blind_msa_model_0.pdb,147,147,147,,LEU,H,101,101,,THR,110,,CDR3,4.141922621199001,1,1
Full181,formal_msa,5,results/full181_supplement/raw/formal_msa/seed5/boltz_results_full_blind_msa/predictions/full_blind_msa/full_blind_msa_model_0.pdb,147,147,147,,LEU,H,102,102,,ASP,111,,CDR3,4.663832008123792,0,1
Full181,formal_msa,5,results/full181_supplement/raw/formal_msa/seed5/boltz_results_full_blind_msa/predictions/full_blind_msa/full_blind_msa_model_0.pdb,149,149,149,,ARG,H,30,30,,THR,35,,CDR1,4.047261049154106,1,1
Full181,formal_msa,5,results/full181_supplement/raw/formal_msa/seed5/boltz_results_full_blind_msa/predictions/full_blind_msa/full_blind_msa_model_0.pdb,149,149,149,,ARG,H,31,31,,ASP,36,,CDR1,4.100088779526609,1,1
Full181,formal_msa,5,results/full181_supplement/raw/formal_msa/seed5/boltz_results_full_blind_msa/predictions/full_blind_msa/full_blind_msa_model_0.pdb,149,149,149,,ARG,H,53,53,,TYR,59,,CDR2,2.514234277071252,1,1
Full181,formal_msa,5,results/full181_supplement/raw/formal_msa/seed5/boltz_results_full_blind_msa/predictions/full_blind_msa/full_blind_msa_model_0.pdb,150,150,150,,ARG,H,31,31,,ASP,36,,CDR1,4.0513353354172,1,1
Full181,formal_msa,5,results/full181_supplement/raw/formal_msa/seed5/boltz_results_full_blind_msa/predictions/full_blind_msa/full_blind_msa_model_0.pdb,150,150,150,,ARG,H,32,32,,TYR,37,,CDR1,2.426747823734473,1,1
Full181,formal_msa,5,results/full181_supplement/raw/formal_msa/seed5/boltz_results_full_blind_msa/predictions/full_blind_msa/full_blind_msa_model_0.pdb,150,150,150,,ARG,H,99,99,,GLU,108,,CDR3,4.772042330072105,0,1
Full181,formal_msa,5,results/full181_supplement/raw/formal_msa/seed5/boltz_results_full_blind_msa/predictions/full_blind_msa/full_blind_msa_model_0.pdb,150,150,150,,ARG,H,100,100,,ILE,109,,CDR3,2.134408583191138,1,1
Full181,formal_msa,5,results/full181_supplement/raw/formal_msa/seed5/boltz_results_full_blind_msa/predictions/full_blind_msa/full_blind_msa_model_0.pdb,150,150,150,,ARG,H,101,101,,THR,110,,CDR3,3.801132594372367,1,1
Full181,formal_msa,6,results/full181_supplement/raw/formal_msa/seed6/boltz_results_full_blind_msa/predictions/full_blind_msa/full_blind_msa_model_0.pdb,73,73,73,,ARG,H,102,102,,ASP,111,,CDR3,4.317183920103475,1,1
Full181,formal_msa,6,results/full181_supplement/raw/formal_msa/seed6/boltz_results_full_blind_msa/predictions/full_blind_msa/full_blind_msa_model_0.pdb,74,74,74,,ASN,L,53,53,,ARG,66,,FR3,4.338146147837806,1,1
Full181,formal_msa,6,results/full181_supplement/raw/formal_msa/seed6/boltz_results_full_blind_msa/predictions/full_blind_msa/full_blind_msa_model_0.pdb,79,79,79,,GLU,H,104,104,,TRP,113,,CDR3,4.503219626000935,0,1
Full181,formal_msa,6,results/full181_supplement/raw/formal_msa/seed6/boltz_results_full_blind_msa/predictions/full_blind_msa/full_blind_msa_model_0.pdb,82,82,82,,TYR,H,53,53,,TYR,59,,CDR2,4.785794395917986,0,1
Full181,formal_msa,6,results/full181_supplement/raw/formal_msa/seed6/boltz_results_full_blind_msa/predictions/full_blind_msa/full_blind_msa_model_0.pdb,132,132,132,,ASN,H,58,58,,SER,66,,FR3,4.114791975300817,1,1
Full181,formal_msa,6,results/full181_supplement/raw/formal_msa/seed6/boltz_results_full_blind_msa/predictions/full_blind_msa/full_blind_msa_model_0.pdb,132,132,132,,ASN,L,93,93,,TYR,114,,CDR3,3.5539213553482023,1,1
Full181,formal_msa,6,results/full181_supplement/raw/formal_msa/seed6/boltz_results_full_blind_msa/predictions/full_blind_msa/full_blind_msa_model_0.pdb,133,133,133,,SER,L,91,91,,SER,108,,CDR3,4.689629516283776,0,1
Full181,formal_msa,6,results/full181_supplement/raw/formal_msa/seed6/boltz_results_full_blind_msa/predictions/full_blind_msa/full_blind_msa_model_0.pdb,133,133,133,,SER,L,92,92,,SER,109,,CDR3,4.2015747047981895,1,1
Full181,formal_msa,6,results/full181_supplement/raw/formal_msa/seed6/boltz_results_full_blind_msa/predictions/full_blind_msa/full_blind_msa_model_0.pdb,133,133,133,,SER,L,93,93,,TYR,114,,CDR3,4.4710390291295825,1,1
Full181,formal_msa,6,results/full181_supplement/raw/formal_msa/seed6/boltz_results_full_blind_msa/predictions/full_blind_msa/full_blind_msa_model_0.pdb,135,135,135,,LEU,H,50,50,,ILE,56,,CDR2,4.188142308947967,1,1
Full181,formal_msa,6,results/full181_supplement/raw/formal_msa/seed6/boltz_results_full_blind_msa/predictions/full_blind_msa/full_blind_msa_model_0.pdb,135,135,135,,LEU,H,52,52,,PRO,58,,CDR2,4.912453053210789,0,1
Full181,formal_msa,6,results/full181_supplement/raw/formal_msa/seed6/boltz_results_full_blind_msa/predictions/full_blind_msa/full_blind_msa_model_0.pdb,135,135,135,,LEU,H,58,58,,SER,66,,FR3,3.221335903006702,1,1
Full181,formal_msa,6,results/full181_supplement/raw/formal_msa/seed6/boltz_results_full_blind_msa/predictions/full_blind_msa/full_blind_msa_model_0.pdb,135,135,135,,LEU,L,93,93,,TYR,114,,CDR3,2.525751571314962,1,1
Full181,formal_msa,6,results/full181_supplement/raw/formal_msa/seed6/boltz_results_full_blind_msa/predictions/full_blind_msa/full_blind_msa_model_0.pdb,135,135,135,,LEU,L,95,95,,TYR,116,,CDR3,4.810965183827462,0,1
Full181,formal_msa,6,results/full181_supplement/raw/formal_msa/seed6/boltz_results_full_blind_msa/predictions/full_blind_msa/full_blind_msa_model_0.pdb,136,136,136,,PRO,H,104,104,,TRP,113,,CDR3,2.9871051203464534,1,1
Full181,formal_msa,6,results/full181_supplement/raw/formal_msa/seed6/boltz_results_full_blind_msa/predictions/full_blind_msa/full_blind_msa_model_0.pdb,136,136,136,,PRO,L,90,90,,TYR,107,,CDR3,3.3917202125175363,1,1
Full181,formal_msa,6,results/full181_supplement/raw/formal_msa/seed6/boltz_results_full_blind_msa/predictions/full_blind_msa/full_blind_msa_model_0.pdb,136,136,136,,PRO,L,91,91,,SER,108,,CDR3,3.6417273374046006,1,1
Full181,formal_msa,6,results/full181_supplement/raw/formal_msa/seed6/boltz_results_full_blind_msa/predictions/full_blind_msa/full_blind_msa_model_0.pdb,136,136,136,,PRO,L,92,92,,SER,109,,CDR3,3.343296875839775,1,1
Full181,formal_msa,6,results/full181_supplement/raw/formal_msa/seed6/boltz_results_full_blind_msa/predictions/full_blind_msa/full_blind_msa_model_0.pdb,136,136,136,,PRO,L,93,93,,TYR,114,,CDR3,2.8817623080330548,1,1
Full181,formal_msa,6,results/full181_supplement/raw/formal_msa/seed6/boltz_results_full_blind_msa/predictions/full_blind_msa/full_blind_msa_model_0.pdb,136,136,136,,PRO,L,95,95,,TYR,116,,CDR3,3.5873276962106484,1,1
Full181,formal_msa,6,results/full181_supplement/raw/formal_msa/seed6/boltz_results_full_blind_msa/predictions/full_blind_msa/full_blind_msa_model_0.pdb,137,137,137,,ILE,H,104,104,,TRP,113,,CDR3,4.729823992496972,0,1
Full181,formal_msa,6,results/full181_supplement/raw/formal_msa/seed6/boltz_results_full_blind_msa/predictions/full_blind_msa/full_blind_msa_model_0.pdb,138,138,138,,SER,H,53,53,,TYR,59,,CDR2,3.4902270699769655,1,1
Full181,formal_msa,6,results/full181_supplement/raw/formal_msa/seed6/boltz_results_full_blind_msa/predictions/full_blind_msa/full_blind_msa_model_0.pdb,139,139,139,,GLU,H,33,33,,ASN,38,,CDR1,2.4444046309889043,1,1
Full181,formal_msa,6,results/full181_supplement/raw/formal_msa/seed6/boltz_results_full_blind_msa/predictions/full_blind_msa/full_blind_msa_model_0.pdb,139,139,139,,GLU,H,35,35,,TYR,40,,FR2,3.266635271957982,1,1
Full181,formal_msa,6,results/full181_supplement/raw/formal_msa/seed6/boltz_results_full_blind_msa/predictions/full_blind_msa/full_blind_msa_model_0.pdb,139,139,139,,GLU,H,50,50,,ILE,56,,CDR2,4.122351392106209,1,1
Full181,formal_msa,6,results/full181_supplement/raw/formal_msa/seed6/boltz_results_full_blind_msa/predictions/full_blind_msa/full_blind_msa_model_0.pdb,139,139,139,,GLU,H,52,52,,PRO,58,,CDR2,4.057132977855175,1,1
Full181,formal_msa,6,results/full181_supplement/raw/formal_msa/seed6/boltz_results_full_blind_msa/predictions/full_blind_msa/full_blind_msa_model_0.pdb,139,139,139,,GLU,H,53,53,,TYR,59,,CDR2,3.8445774800360053,1,1
Full181,formal_msa,6,results/full181_supplement/raw/formal_msa/seed6/boltz_results_full_blind_msa/predictions/full_blind_msa/full_blind_msa_model_0.pdb,139,139,139,,GLU,H,98,98,,TRP,107,,CDR3,3.589828547437886,1,1
Full181,formal_msa,6,results/full181_supplement/raw/formal_msa/seed6/boltz_results_full_blind_msa/predictions/full_blind_msa/full_blind_msa_model_0.pdb,139,139,139,,GLU,H,104,104,,TRP,113,,CDR3,4.654811918864177,0,1
Full181,formal_msa,6,results/full181_supplement/raw/formal_msa/seed6/boltz_results_full_blind_msa/predictions/full_blind_msa/full_blind_msa_model_0.pdb,139,139,139,,GLU,L,93,93,,TYR,114,,CDR3,4.0768052443058895,1,1
Full181,formal_msa,6,results/full181_supplement/raw/formal_msa/seed6/boltz_results_full_blind_msa/predictions/full_blind_msa/full_blind_msa_model_0.pdb,139,139,139,,GLU,L,95,95,,TYR,116,,CDR3,4.479020093725858,1,1
Full181,formal_msa,6,results/full181_supplement/raw/formal_msa/seed6/boltz_results_full_blind_msa/predictions/full_blind_msa/full_blind_msa_model_0.pdb,140,140,140,,SER,H,103,103,,PRO,112,,CDR3,3.7074462909123853,1,1
Full181,formal_msa,6,results/full181_supplement/raw/formal_msa/seed6/boltz_results_full_blind_msa/predictions/full_blind_msa/full_blind_msa_model_0.pdb,140,140,140,,SER,H,104,104,,TRP,113,,CDR3,2.6436567477643536,1,1
Full181,formal_msa,6,results/full181_supplement/raw/formal_msa/seed6/boltz_results_full_blind_msa/predictions/full_blind_msa/full_blind_msa_model_0.pdb,142,142,142,,HIS,H,33,33,,ASN,38,,CDR1,3.980325363585244,1,1
Full181,formal_msa,6,results/full181_supplement/raw/formal_msa/seed6/boltz_results_full_blind_msa/predictions/full_blind_msa/full_blind_msa_model_0.pdb,142,142,142,,HIS,H,53,53,,TYR,59,,CDR2,2.672525584536096,1,1
Full181,formal_msa,6,results/full181_supplement/raw/formal_msa/seed6/boltz_results_full_blind_msa/predictions/full_blind_msa/full_blind_msa_model_0.pdb,143,143,143,,GLN,H,31,31,,ASP,36,,CDR1,4.535248063777768,0,1
Full181,formal_msa,6,results/full181_supplement/raw/formal_msa/seed6/boltz_results_full_blind_msa/predictions/full_blind_msa/full_blind_msa_model_0.pdb,143,143,143,,GLN,H,32,32,,TYR,37,,CDR1,4.7226086011864234,0,1
Full181,formal_msa,6,results/full181_supplement/raw/formal_msa/seed6/boltz_results_full_blind_msa/predictions/full_blind_msa/full_blind_msa_model_0.pdb,143,143,143,,GLN,H,33,33,,ASN,38,,CDR1,3.8134641731632932,1,1
Full181,formal_msa,6,results/full181_supplement/raw/formal_msa/seed6/boltz_results_full_blind_msa/predictions/full_blind_msa/full_blind_msa_model_0.pdb,143,143,143,,GLN,H,98,98,,TRP,107,,CDR3,2.857824347296383,1,1
Full181,formal_msa,6,results/full181_supplement/raw/formal_msa/seed6/boltz_results_full_blind_msa/predictions/full_blind_msa/full_blind_msa_model_0.pdb,143,143,143,,GLN,H,99,99,,GLU,108,,CDR3,3.5909022543087974,1,1
Full181,formal_msa,6,results/full181_supplement/raw/formal_msa/seed6/boltz_results_full_blind_msa/predictions/full_blind_msa/full_blind_msa_model_0.pdb,143,143,143,,GLN,H,100,100,,ILE,109,,CDR3,3.1700216087591575,1,1
Full181,formal_msa,6,results/full181_supplement/raw/formal_msa/seed6/boltz_results_full_blind_msa/predictions/full_blind_msa/full_blind_msa_model_0.pdb,143,143,143,,GLN,H,103,103,,PRO,112,,CDR3,4.904887460482657,0,1
Full181,formal_msa,6,results/full181_supplement/raw/formal_msa/seed6/boltz_results_full_blind_msa/predictions/full_blind_msa/full_blind_msa_model_0.pdb,144,144,144,,ARG,H,100,100,,ILE,109,,CDR3,4.939769832694637,0,1
Full181,formal_msa,6,results/full181_supplement/raw/formal_msa/seed6/boltz_results_full_blind_msa/predictions/full_blind_msa/full_blind_msa_model_0.pdb,144,144,144,,ARG,H,103,103,,PRO,112,,CDR3,4.426853171271891,1,1
Full181,formal_msa,6,results/full181_supplement/raw/formal_msa/seed6/boltz_results_full_blind_msa/predictions/full_blind_msa/full_blind_msa_model_0.pdb,146,146,146,,LEU,H,31,31,,ASP,36,,CDR1,2.664043918556899,1,1
Full181,formal_msa,6,results/full181_supplement/raw/formal_msa/seed6/boltz_results_full_blind_msa/predictions/full_blind_msa/full_blind_msa_model_0.pdb,146,146,146,,LEU,H,32,32,,TYR,37,,CDR1,4.600115324641329,0,1
Full181,formal_msa,6,results/full181_supplement/raw/formal_msa/seed6/boltz_results_full_blind_msa/predictions/full_blind_msa/full_blind_msa_model_0.pdb,146,146,146,,LEU,H,100,100,,ILE,109,,CDR3,2.8260566165595478,1,1
Full181,formal_msa,6,results/full181_supplement/raw/formal_msa/seed6/boltz_results_full_blind_msa/predictions/full_blind_msa/full_blind_msa_model_0.pdb,147,147,147,,LEU,H,100,100,,ILE,109,,CDR3,3.352819112329205,1,1
Full181,formal_msa,6,results/full181_supplement/raw/formal_msa/seed6/boltz_results_full_blind_msa/predictions/full_blind_msa/full_blind_msa_model_0.pdb,147,147,147,,LEU,H,101,101,,THR,110,,CDR3,3.555903541998854,1,1
Full181,formal_msa,6,results/full181_supplement/raw/formal_msa/seed6/boltz_results_full_blind_msa/predictions/full_blind_msa/full_blind_msa_model_0.pdb,149,149,149,,ARG,H,30,30,,THR,35,,CDR1,4.108898635887724,1,1
Full181,formal_msa,6,results/full181_supplement/raw/formal_msa/seed6/boltz_results_full_blind_msa/predictions/full_blind_msa/full_blind_msa_model_0.pdb,149,149,149,,ARG,H,31,31,,ASP,36,,CDR1,3.6520815982121757,1,1
Full181,formal_msa,6,results/full181_supplement/raw/formal_msa/seed6/boltz_results_full_blind_msa/predictions/full_blind_msa/full_blind_msa_model_0.pdb,150,150,150,,ARG,H,31,31,,ASP,36,,CDR1,4.726769509929588,0,1
Full181,formal_msa,6,results/full181_supplement/raw/formal_msa/seed6/boltz_results_full_blind_msa/predictions/full_blind_msa/full_blind_msa_model_0.pdb,150,150,150,,ARG,H,32,32,,TYR,37,,CDR1,3.240197987777907,1,1
Full181,formal_msa,6,results/full181_supplement/raw/formal_msa/seed6/boltz_results_full_blind_msa/predictions/full_blind_msa/full_blind_msa_model_0.pdb,150,150,150,,ARG,H,100,100,,ILE,109,,CDR3,2.967717810035179,1,1
Full181,formal_msa,6,results/full181_supplement/raw/formal_msa/seed6/boltz_results_full_blind_msa/predictions/full_blind_msa/full_blind_msa_model_0.pdb,150,150,150,,ARG,H,101,101,,THR,110,,CDR3,3.7583832960463197,1,1
Full181,formal_msa,7,results/full181_supplement/raw/formal_msa/seed7/boltz_results_full_blind_msa/predictions/full_blind_msa/full_blind_msa_model_0.pdb,130,130,130,,LYS,H,56,56,,ASP,64,,CDR2,4.50310404054803,0,1
Full181,formal_msa,7,results/full181_supplement/raw/formal_msa/seed7/boltz_results_full_blind_msa/predictions/full_blind_msa/full_blind_msa_model_0.pdb,132,132,132,,ASN,H,58,58,,SER,66,,FR3,3.380360483735426,1,1
Full181,formal_msa,7,results/full181_supplement/raw/formal_msa/seed7/boltz_results_full_blind_msa/predictions/full_blind_msa/full_blind_msa_model_0.pdb,132,132,132,,ASN,H,59,59,,TYR,67,,FR3,4.265983942773343,1,1
Full181,formal_msa,7,results/full181_supplement/raw/formal_msa/seed7/boltz_results_full_blind_msa/predictions/full_blind_msa/full_blind_msa_model_0.pdb,132,132,132,,ASN,H,61,61,,GLN,69,,FR3,4.3632426015522,1,1
Full181,formal_msa,7,results/full181_supplement/raw/formal_msa/seed7/boltz_results_full_blind_msa/predictions/full_blind_msa/full_blind_msa_model_0.pdb,132,132,132,,ASN,L,92,92,,SER,109,,CDR3,4.736878085828259,0,1
Full181,formal_msa,7,results/full181_supplement/raw/formal_msa/seed7/boltz_results_full_blind_msa/predictions/full_blind_msa/full_blind_msa_model_0.pdb,132,132,132,,ASN,L,93,93,,TYR,114,,CDR3,1.998185927285047,1,1
Full181,formal_msa,7,results/full181_supplement/raw/formal_msa/seed7/boltz_results_full_blind_msa/predictions/full_blind_msa/full_blind_msa_model_0.pdb,133,133,133,,SER,L,91,91,,SER,108,,CDR3,3.6066072699976632,1,1
Full181,formal_msa,7,results/full181_supplement/raw/formal_msa/seed7/boltz_results_full_blind_msa/predictions/full_blind_msa/full_blind_msa_model_0.pdb,133,133,133,,SER,L,92,92,,SER,109,,CDR3,3.4730048949000922,1,1
Full181,formal_msa,7,results/full181_supplement/raw/formal_msa/seed7/boltz_results_full_blind_msa/predictions/full_blind_msa/full_blind_msa_model_0.pdb,133,133,133,,SER,L,93,93,,TYR,114,,CDR3,3.8116415099009506,1,1
Full181,formal_msa,7,results/full181_supplement/raw/formal_msa/seed7/boltz_results_full_blind_msa/predictions/full_blind_msa/full_blind_msa_model_0.pdb,135,135,135,,LEU,H,35,35,,TYR,40,,FR2,3.8543296434010417,1,1
Full181,formal_msa,7,results/full181_supplement/raw/formal_msa/seed7/boltz_results_full_blind_msa/predictions/full_blind_msa/full_blind_msa_model_0.pdb,135,135,135,,LEU,H,47,47,,TRP,52,,FR2,4.720187390347972,0,1
Full181,formal_msa,7,results/full181_supplement/raw/formal_msa/seed7/boltz_results_full_blind_msa/predictions/full_blind_msa/full_blind_msa_model_0.pdb,135,135,135,,LEU,H,50,50,,ILE,56,,CDR2,3.5589466138170716,1,1
Full181,formal_msa,7,results/full181_supplement/raw/formal_msa/seed7/boltz_results_full_blind_msa/predictions/full_blind_msa/full_blind_msa_model_0.pdb,135,135,135,,LEU,H,58,58,,SER,66,,FR3,4.453597310040502,1,1
Full181,formal_msa,7,results/full181_supplement/raw/formal_msa/seed7/boltz_results_full_blind_msa/predictions/full_blind_msa/full_blind_msa_model_0.pdb,135,135,135,,LEU,H,104,104,,TRP,113,,CDR3,4.691691699163532,0,1
Full181,formal_msa,7,results/full181_supplement/raw/formal_msa/seed7/boltz_results_full_blind_msa/predictions/full_blind_msa/full_blind_msa_model_0.pdb,135,135,135,,LEU,L,93,93,,TYR,114,,CDR3,1.1329192380748068,1,1
Full181,formal_msa,7,results/full181_supplement/raw/formal_msa/seed7/boltz_results_full_blind_msa/predictions/full_blind_msa/full_blind_msa_model_0.pdb,135,135,135,,LEU,L,95,95,,TYR,116,,CDR3,3.983996611444342,1,1
Full181,formal_msa,7,results/full181_supplement/raw/formal_msa/seed7/boltz_results_full_blind_msa/predictions/full_blind_msa/full_blind_msa_model_0.pdb,136,136,136,,PRO,H,103,103,,PRO,112,,CDR3,4.782272786029672,0,1
Full181,formal_msa,7,results/full181_supplement/raw/formal_msa/seed7/boltz_results_full_blind_msa/predictions/full_blind_msa/full_blind_msa_model_0.pdb,136,136,136,,PRO,H,104,104,,TRP,113,,CDR3,2.156579931280081,1,1
Full181,formal_msa,7,results/full181_supplement/raw/formal_msa/seed7/boltz_results_full_blind_msa/predictions/full_blind_msa/full_blind_msa_model_0.pdb,136,136,136,,PRO,L,90,90,,TYR,107,,CDR3,2.8342775093487225,1,1
Full181,formal_msa,7,results/full181_supplement/raw/formal_msa/seed7/boltz_results_full_blind_msa/predictions/full_blind_msa/full_blind_msa_model_0.pdb,136,136,136,,PRO,L,91,91,,SER,108,,CDR3,4.207567705931777,1,1
Full181,formal_msa,7,results/full181_supplement/raw/formal_msa/seed7/boltz_results_full_blind_msa/predictions/full_blind_msa/full_blind_msa_model_0.pdb,136,136,136,,PRO,L,92,92,,SER,109,,CDR3,4.607273705783064,0,1
Full181,formal_msa,7,results/full181_supplement/raw/formal_msa/seed7/boltz_results_full_blind_msa/predictions/full_blind_msa/full_blind_msa_model_0.pdb,136,136,136,,PRO,L,93,93,,TYR,114,,CDR3,4.279024538373203,1,1
Full181,formal_msa,7,results/full181_supplement/raw/formal_msa/seed7/boltz_results_full_blind_msa/predictions/full_blind_msa/full_blind_msa_model_0.pdb,136,136,136,,PRO,L,95,95,,TYR,116,,CDR3,3.2014106265832254,1,1
Full181,formal_msa,7,results/full181_supplement/raw/formal_msa/seed7/boltz_results_full_blind_msa/predictions/full_blind_msa/full_blind_msa_model_0.pdb,137,137,137,,ILE,H,104,104,,TRP,113,,CDR3,3.623039745848781,1,1
Full181,formal_msa,7,results/full181_supplement/raw/formal_msa/seed7/boltz_results_full_blind_msa/predictions/full_blind_msa/full_blind_msa_model_0.pdb,139,139,139,,GLU,H,33,33,,ASN,38,,CDR1,3.604129992106278,1,1
Full181,formal_msa,7,results/full181_supplement/raw/formal_msa/seed7/boltz_results_full_blind_msa/predictions/full_blind_msa/full_blind_msa_model_0.pdb,139,139,139,,GLU,H,35,35,,TYR,40,,FR2,1.3017238570449574,1,1
Full181,formal_msa,7,results/full181_supplement/raw/formal_msa/seed7/boltz_results_full_blind_msa/predictions/full_blind_msa/full_blind_msa_model_0.pdb,139,139,139,,GLU,H,50,50,,ILE,56,,CDR2,2.9010541187644194,1,1
Full181,formal_msa,7,results/full181_supplement/raw/formal_msa/seed7/boltz_results_full_blind_msa/predictions/full_blind_msa/full_blind_msa_model_0.pdb,139,139,139,,GLU,H,98,98,,TRP,107,,CDR3,2.361100167294899,1,1
Full181,formal_msa,7,results/full181_supplement/raw/formal_msa/seed7/boltz_results_full_blind_msa/predictions/full_blind_msa/full_blind_msa_model_0.pdb,139,139,139,,GLU,H,100,100,,ILE,109,,CDR3,4.991322470047392,0,1
Full181,formal_msa,7,results/full181_supplement/raw/formal_msa/seed7/boltz_results_full_blind_msa/predictions/full_blind_msa/full_blind_msa_model_0.pdb,139,139,139,,GLU,H,103,103,,PRO,112,,CDR3,4.398928619561813,1,1
Full181,formal_msa,7,results/full181_supplement/raw/formal_msa/seed7/boltz_results_full_blind_msa/predictions/full_blind_msa/full_blind_msa_model_0.pdb,139,139,139,,GLU,H,104,104,,TRP,113,,CDR3,4.421760396041378,1,1
Full181,formal_msa,7,results/full181_supplement/raw/formal_msa/seed7/boltz_results_full_blind_msa/predictions/full_blind_msa/full_blind_msa_model_0.pdb,139,139,139,,GLU,L,93,93,,TYR,114,,CDR3,4.028726101387385,1,1
Full181,formal_msa,7,results/full181_supplement/raw/formal_msa/seed7/boltz_results_full_blind_msa/predictions/full_blind_msa/full_blind_msa_model_0.pdb,139,139,139,,GLU,L,95,95,,TYR,116,,CDR3,4.008897728802769,1,1
Full181,formal_msa,7,results/full181_supplement/raw/formal_msa/seed7/boltz_results_full_blind_msa/predictions/full_blind_msa/full_blind_msa_model_0.pdb,140,140,140,,SER,H,103,103,,PRO,112,,CDR3,3.1798503109423244,1,1
Full181,formal_msa,7,results/full181_supplement/raw/formal_msa/seed7/boltz_results_full_blind_msa/predictions/full_blind_msa/full_blind_msa_model_0.pdb,140,140,140,,SER,H,104,104,,TRP,113,,CDR3,3.413361246630658,1,1
Full181,formal_msa,7,results/full181_supplement/raw/formal_msa/seed7/boltz_results_full_blind_msa/predictions/full_blind_msa/full_blind_msa_model_0.pdb,142,142,142,,HIS,H,30,30,,THR,35,,CDR1,4.125974551545368,1,1
Full181,formal_msa,7,results/full181_supplement/raw/formal_msa/seed7/boltz_results_full_blind_msa/predictions/full_blind_msa/full_blind_msa_model_0.pdb,142,142,142,,HIS,H,31,31,,ASP,36,,CDR1,4.44467197889788,1,1
Full181,formal_msa,7,results/full181_supplement/raw/formal_msa/seed7/boltz_results_full_blind_msa/predictions/full_blind_msa/full_blind_msa_model_0.pdb,142,142,142,,HIS,H,33,33,,ASN,38,,CDR1,4.819339166317307,0,1
Full181,formal_msa,7,results/full181_supplement/raw/formal_msa/seed7/boltz_results_full_blind_msa/predictions/full_blind_msa/full_blind_msa_model_0.pdb,142,142,142,,HIS,H,100,100,,ILE,109,,CDR3,4.646346198896505,0,1
Full181,formal_msa,7,results/full181_supplement/raw/formal_msa/seed7/boltz_results_full_blind_msa/predictions/full_blind_msa/full_blind_msa_model_0.pdb,143,143,143,,GLN,H,98,98,,TRP,107,,CDR3,3.996978608899477,1,1
Full181,formal_msa,7,results/full181_supplement/raw/formal_msa/seed7/boltz_results_full_blind_msa/predictions/full_blind_msa/full_blind_msa_model_0.pdb,143,143,143,,GLN,H,99,99,,GLU,108,,CDR3,2.0015014364221675,1,1
Full181,formal_msa,7,results/full181_supplement/raw/formal_msa/seed7/boltz_results_full_blind_msa/predictions/full_blind_msa/full_blind_msa_model_0.pdb,143,143,143,,GLN,H,100,100,,ILE,109,,CDR3,1.9613561634746504,1,1
Full181,formal_msa,7,results/full181_supplement/raw/formal_msa/seed7/boltz_results_full_blind_msa/predictions/full_blind_msa/full_blind_msa_model_0.pdb,143,143,143,,GLN,H,101,101,,THR,110,,CDR3,3.5518296693394515,1,1
Full181,formal_msa,7,results/full181_supplement/raw/formal_msa/seed7/boltz_results_full_blind_msa/predictions/full_blind_msa/full_blind_msa_model_0.pdb,143,143,143,,GLN,H,102,102,,ASP,111,,CDR3,3.380878436146441,1,1
Full181,formal_msa,7,results/full181_supplement/raw/formal_msa/seed7/boltz_results_full_blind_msa/predictions/full_blind_msa/full_blind_msa_model_0.pdb,143,143,143,,GLN,H,103,103,,PRO,112,,CDR3,2.3618016428142306,1,1
Full181,formal_msa,7,results/full181_supplement/raw/formal_msa/seed7/boltz_results_full_blind_msa/predictions/full_blind_msa/full_blind_msa_model_0.pdb,143,143,143,,GLN,H,104,104,,TRP,113,,CDR3,4.567377584566443,0,1
Full181,formal_msa,7,results/full181_supplement/raw/formal_msa/seed7/boltz_results_full_blind_msa/predictions/full_blind_msa/full_blind_msa_model_0.pdb,144,144,144,,ARG,H,100,100,,ILE,109,,CDR3,4.973787088326158,0,1
Full181,formal_msa,7,results/full181_supplement/raw/formal_msa/seed7/boltz_results_full_blind_msa/predictions/full_blind_msa/full_blind_msa_model_0.pdb,146,146,146,,LEU,H,30,30,,THR,35,,CDR1,4.798987705756288,0,1
Full181,formal_msa,7,results/full181_supplement/raw/formal_msa/seed7/boltz_results_full_blind_msa/predictions/full_blind_msa/full_blind_msa_model_0.pdb,146,146,146,,LEU,H,31,31,,ASP,36,,CDR1,2.8067978195801704,1,1
Full181,formal_msa,7,results/full181_supplement/raw/formal_msa/seed7/boltz_results_full_blind_msa/predictions/full_blind_msa/full_blind_msa_model_0.pdb,146,146,146,,LEU,H,32,32,,TYR,37,,CDR1,4.816425749453633,0,1
Full181,formal_msa,7,results/full181_supplement/raw/formal_msa/seed7/boltz_results_full_blind_msa/predictions/full_blind_msa/full_blind_msa_model_0.pdb,146,146,146,,LEU,H,100,100,,ILE,109,,CDR3,2.7139237277418093,1,1
Full181,formal_msa,7,results/full181_supplement/raw/formal_msa/seed7/boltz_results_full_blind_msa/predictions/full_blind_msa/full_blind_msa_model_0.pdb,149,149,149,,ARG,H,30,30,,THR,35,,CDR1,4.1889231313071384,1,1
Full181,formal_msa,7,results/full181_supplement/raw/formal_msa/seed7/boltz_results_full_blind_msa/predictions/full_blind_msa/full_blind_msa_model_0.pdb,149,149,149,,ARG,H,31,31,,ASP,36,,CDR1,3.1669232703051082,1,1
Full181,formal_msa,7,results/full181_supplement/raw/formal_msa/seed7/boltz_results_full_blind_msa/predictions/full_blind_msa/full_blind_msa_model_0.pdb,150,150,150,,ARG,H,31,31,,ASP,36,,CDR1,4.197247193101688,1,1
Full181,formal_msa,8,results/full181_supplement/raw/formal_msa/seed8/boltz_results_full_blind_msa/predictions/full_blind_msa/full_blind_msa_model_0.pdb,8,8,8,,LEU,H,54,54,,ASN,62,,CDR2,4.575206224860251,0,1
Full181,formal_msa,8,results/full181_supplement/raw/formal_msa/seed8/boltz_results_full_blind_msa/predictions/full_blind_msa/full_blind_msa_model_0.pdb,37,37,37,,THR,L,91,91,,SER,108,,CDR3,4.366299691958856,1,1
Full181,formal_msa,8,results/full181_supplement/raw/formal_msa/seed8/boltz_results_full_blind_msa/predictions/full_blind_msa/full_blind_msa_model_0.pdb,37,37,37,,THR,L,92,92,,SER,109,,CDR3,4.027997269115261,1,1
Full181,formal_msa,8,results/full181_supplement/raw/formal_msa/seed8/boltz_results_full_blind_msa/predictions/full_blind_msa/full_blind_msa_model_0.pdb,38,38,38,,GLY,L,92,92,,SER,109,,CDR3,3.8586694598008777,1,1
Full181,formal_msa,8,results/full181_supplement/raw/formal_msa/seed8/boltz_results_full_blind_msa/predictions/full_blind_msa/full_blind_msa_model_0.pdb,38,38,38,,GLY,L,93,93,,TYR,114,,CDR3,3.7265783233416685,1,1
Full181,formal_msa,8,results/full181_supplement/raw/formal_msa/seed8/boltz_results_full_blind_msa/predictions/full_blind_msa/full_blind_msa_model_0.pdb,40,40,40,,VAL,H,58,58,,SER,66,,FR3,4.675806775306268,0,1
Full181,formal_msa,8,results/full181_supplement/raw/formal_msa/seed8/boltz_results_full_blind_msa/predictions/full_blind_msa/full_blind_msa_model_0.pdb,40,40,40,,VAL,L,93,93,,TYR,114,,CDR3,3.6197354875736436,1,1
Full181,formal_msa,8,results/full181_supplement/raw/formal_msa/seed8/boltz_results_full_blind_msa/predictions/full_blind_msa/full_blind_msa_model_0.pdb,43,43,43,,GLU,H,50,50,,ILE,56,,CDR2,4.666554724847872,0,1
Full181,formal_msa,8,results/full181_supplement/raw/formal_msa/seed8/boltz_results_full_blind_msa/predictions/full_blind_msa/full_blind_msa_model_0.pdb,43,43,43,,GLU,H,52,52,,PRO,58,,CDR2,4.345332323309692,1,1
Full181,formal_msa,8,results/full181_supplement/raw/formal_msa/seed8/boltz_results_full_blind_msa/predictions/full_blind_msa/full_blind_msa_model_0.pdb,43,43,43,,GLU,H,56,56,,ASP,64,,CDR2,4.71854055826587,0,1
Full181,formal_msa,8,results/full181_supplement/raw/formal_msa/seed8/boltz_results_full_blind_msa/predictions/full_blind_msa/full_blind_msa_model_0.pdb,43,43,43,,GLU,H,58,58,,SER,66,,FR3,4.149368144669739,1,1
Full181,formal_msa,8,results/full181_supplement/raw/formal_msa/seed8/boltz_results_full_blind_msa/predictions/full_blind_msa/full_blind_msa_model_0.pdb,43,43,43,,GLU,L,93,93,,TYR,114,,CDR3,4.564209241478747,0,1
Full181,formal_msa,8,results/full181_supplement/raw/formal_msa/seed8/boltz_results_full_blind_msa/predictions/full_blind_msa/full_blind_msa_model_0.pdb,46,46,46,,GLU,H,54,54,,ASN,62,,CDR2,3.9758693388993556,1,1
Full181,formal_msa,8,results/full181_supplement/raw/formal_msa/seed8/boltz_results_full_blind_msa/predictions/full_blind_msa/full_blind_msa_model_0.pdb,46,46,46,,GLU,H,56,56,,ASP,64,,CDR2,2.862117223315636,1,1
Full181,formal_msa,8,results/full181_supplement/raw/formal_msa/seed8/boltz_results_full_blind_msa/predictions/full_blind_msa/full_blind_msa_model_0.pdb,92,92,92,,LEU,H,101,101,,THR,110,,CDR3,4.533867002901607,0,1
Full181,formal_msa,8,results/full181_supplement/raw/formal_msa/seed8/boltz_results_full_blind_msa/predictions/full_blind_msa/full_blind_msa_model_0.pdb,92,92,92,,LEU,H,104,104,,TRP,113,,CDR3,3.658372725680094,1,1
Full181,formal_msa,8,results/full181_supplement/raw/formal_msa/seed8/boltz_results_full_blind_msa/predictions/full_blind_msa/full_blind_msa_model_0.pdb,93,93,93,,ASN,H,104,104,,TRP,113,,CDR3,4.176666852886402,1,1
Full181,formal_msa,8,results/full181_supplement/raw/formal_msa/seed8/boltz_results_full_blind_msa/predictions/full_blind_msa/full_blind_msa_model_0.pdb,96,96,96,,PHE,H,101,101,,THR,110,,CDR3,4.8799353479323875,0,1
Full181,formal_msa,8,results/full181_supplement/raw/formal_msa/seed8/boltz_results_full_blind_msa/predictions/full_blind_msa/full_blind_msa_model_0.pdb,97,97,97,,LYS,H,101,101,,THR,110,,CDR3,4.797857646908669,0,1
Full181,formal_msa,8,results/full181_supplement/raw/formal_msa/seed8/boltz_results_full_blind_msa/predictions/full_blind_msa/full_blind_msa_model_0.pdb,100,100,100,,HIS,H,32,32,,TYR,37,,CDR1,4.10659433107289,1,1
Full181,formal_msa,8,results/full181_supplement/raw/formal_msa/seed8/boltz_results_full_blind_msa/predictions/full_blind_msa/full_blind_msa_model_0.pdb,100,100,100,,HIS,H,100,100,,ILE,109,,CDR3,3.25559303353475,1,1
Full181,formal_msa,8,results/full181_supplement/raw/formal_msa/seed8/boltz_results_full_blind_msa/predictions/full_blind_msa/full_blind_msa_model_0.pdb,100,100,100,,HIS,H,101,101,,THR,110,,CDR3,3.3182630998761984,1,1
Full181,formal_msa,8,results/full181_supplement/raw/formal_msa/seed8/boltz_results_full_blind_msa/predictions/full_blind_msa/full_blind_msa_model_0.pdb,104,104,104,,ALA,H,31,31,,ASP,36,,CDR1,4.648108647611414,0,1
Full181,formal_msa,8,results/full181_supplement/raw/formal_msa/seed8/boltz_results_full_blind_msa/predictions/full_blind_msa/full_blind_msa_model_0.pdb,107,107,107,,LYS,H,30,30,,THR,35,,CDR1,4.962284756037283,0,1
Full181,formal_msa,8,results/full181_supplement/raw/formal_msa/seed8/boltz_results_full_blind_msa/predictions/full_blind_msa/full_blind_msa_model_0.pdb,107,107,107,,LYS,H,31,31,,ASP,36,,CDR1,4.499652764380825,1,1
Full181,formal_msa,8,results/full181_supplement/raw/formal_msa/seed8/boltz_results_full_blind_msa/predictions/full_blind_msa/full_blind_msa_model_0.pdb,107,107,107,,LYS,H,53,53,,TYR,59,,CDR2,2.989228830317277,1,1
Full181,formal_msa,8,results/full181_supplement/raw/formal_msa/seed8/boltz_results_full_blind_msa/predictions/full_blind_msa/full_blind_msa_model_0.pdb,108,108,108,,VAL,H,31,31,,ASP,36,,CDR1,4.909723922992005,0,1
Full181,formal_msa,8,results/full181_supplement/raw/formal_msa/seed8/boltz_results_full_blind_msa/predictions/full_blind_msa/full_blind_msa_model_0.pdb,108,108,108,,VAL,H,53,53,,TYR,59,,CDR2,4.83592121523914,0,1
Full181,formal_msa,8,results/full181_supplement/raw/formal_msa/seed8/boltz_results_full_blind_msa/predictions/full_blind_msa/full_blind_msa_model_0.pdb,109,109,109,,LEU,H,30,30,,THR,35,,CDR1,4.026543058257294,1,1
Full181,formal_msa,8,results/full181_supplement/raw/formal_msa/seed8/boltz_results_full_blind_msa/predictions/full_blind_msa/full_blind_msa_model_0.pdb,109,109,109,,LEU,H,31,31,,ASP,36,,CDR1,2.4024477101489636,1,1
Full181,formal_msa,8,results/full181_supplement/raw/formal_msa/seed8/boltz_results_full_blind_msa/predictions/full_blind_msa/full_blind_msa_model_0.pdb,109,109,109,,LEU,H,32,32,,TYR,37,,CDR1,3.892335160286174,1,1
Full181,formal_msa,8,results/full181_supplement/raw/formal_msa/seed8/boltz_results_full_blind_msa/predictions/full_blind_msa/full_blind_msa_model_0.pdb,109,109,109,,LEU,H,100,100,,ILE,109,,CDR3,3.189459358574741,1,1
Full181,formal_msa,8,results/full181_supplement/raw/formal_msa/seed8/boltz_results_full_blind_msa/predictions/full_blind_msa/full_blind_msa_model_0.pdb,110,110,110,,ARG,H,29,29,,PHE,30,,CDR1,3.3207953866506137,1,1
Full181,formal_msa,8,results/full181_supplement/raw/formal_msa/seed8/boltz_results_full_blind_msa/predictions/full_blind_msa/full_blind_msa_model_0.pdb,110,110,110,,ARG,H,30,30,,THR,35,,CDR1,3.1269162125007446,1,1
Full181,formal_msa,8,results/full181_supplement/raw/formal_msa/seed8/boltz_results_full_blind_msa/predictions/full_blind_msa/full_blind_msa_model_0.pdb,110,110,110,,ARG,H,31,31,,ASP,36,,CDR1,4.031268906932407,1,1
Full181,formal_msa,8,results/full181_supplement/raw/formal_msa/seed8/boltz_results_full_blind_msa/predictions/full_blind_msa/full_blind_msa_model_0.pdb,110,110,110,,ARG,H,32,32,,TYR,37,,CDR1,3.6919748103149357,1,1
Full181,formal_msa,8,results/full181_supplement/raw/formal_msa/seed8/boltz_results_full_blind_msa/predictions/full_blind_msa/full_blind_msa_model_0.pdb,110,110,110,,ARG,H,33,33,,ASN,38,,CDR1,2.770054512098994,1,1
Full181,formal_msa,8,results/full181_supplement/raw/formal_msa/seed8/boltz_results_full_blind_msa/predictions/full_blind_msa/full_blind_msa_model_0.pdb,110,110,110,,ARG,H,51,51,,ASP,57,,CDR2,4.0445354492203425,1,1
Full181,formal_msa,8,results/full181_supplement/raw/formal_msa/seed8/boltz_results_full_blind_msa/predictions/full_blind_msa/full_blind_msa_model_0.pdb,110,110,110,,ARG,H,52,52,,PRO,58,,CDR2,2.4742912116402143,1,1
Full181,formal_msa,8,results/full181_supplement/raw/formal_msa/seed8/boltz_results_full_blind_msa/predictions/full_blind_msa/full_blind_msa_model_0.pdb,110,110,110,,ARG,H,53,53,,TYR,59,,CDR2,1.4677349897035217,1,1
Full181,formal_msa,8,results/full181_supplement/raw/formal_msa/seed8/boltz_results_full_blind_msa/predictions/full_blind_msa/full_blind_msa_model_0.pdb,110,110,110,,ARG,H,54,54,,ASN,62,,CDR2,3.796869499996016,1,1
Full181,formal_msa,8,results/full181_supplement/raw/formal_msa/seed8/boltz_results_full_blind_msa/predictions/full_blind_msa/full_blind_msa_model_0.pdb,110,110,110,,ARG,H,55,55,,ASP,63,,CDR2,4.665141584132254,0,1
Full181,formal_msa,8,results/full181_supplement/raw/formal_msa/seed8/boltz_results_full_blind_msa/predictions/full_blind_msa/full_blind_msa_model_0.pdb,110,110,110,,ARG,H,71,71,,VAL,80,,FR3,3.9079813203238327,1,1
Full181,formal_msa,8,results/full181_supplement/raw/formal_msa/seed8/boltz_results_full_blind_msa/predictions/full_blind_msa/full_blind_msa_model_0.pdb,110,110,110,,ARG,H,73,73,,LYS,82,,FR3,4.953722337798112,0,1
Full181,formal_msa,8,results/full181_supplement/raw/formal_msa/seed8/boltz_results_full_blind_msa/predictions/full_blind_msa/full_blind_msa_model_0.pdb,111,111,111,,SER,H,53,53,,TYR,59,,CDR2,3.939638942847428,1,1
Full181,formal_msa,8,results/full181_supplement/raw/formal_msa/seed8/boltz_results_full_blind_msa/predictions/full_blind_msa/full_blind_msa_model_0.pdb,112,112,112,,PHE,H,100,100,,ILE,109,,CDR3,3.5896980374399177,1,1
Full181,formal_msa,8,results/full181_supplement/raw/formal_msa/seed8/boltz_results_full_blind_msa/predictions/full_blind_msa/full_blind_msa_model_0.pdb,112,112,112,,PHE,H,101,101,,THR,110,,CDR3,4.766737773362406,0,1
Full181,formal_msa,8,results/full181_supplement/raw/formal_msa/seed8/boltz_results_full_blind_msa/predictions/full_blind_msa/full_blind_msa_model_0.pdb,113,113,113,,SER,H,31,31,,ASP,36,,CDR1,4.556490535488909,0,1
Full181,formal_msa,8,results/full181_supplement/raw/formal_msa/seed8/boltz_results_full_blind_msa/predictions/full_blind_msa/full_blind_msa_model_0.pdb,113,113,113,,SER,H,32,32,,TYR,37,,CDR1,4.977762951366809,0,1
Full181,formal_msa,8,results/full181_supplement/raw/formal_msa/seed8/boltz_results_full_blind_msa/predictions/full_blind_msa/full_blind_msa_model_0.pdb,113,113,113,,SER,H,33,33,,ASN,38,,CDR1,2.9118952591053135,1,1
Full181,formal_msa,8,results/full181_supplement/raw/formal_msa/seed8/boltz_results_full_blind_msa/predictions/full_blind_msa/full_blind_msa_model_0.pdb,113,113,113,,SER,H,98,98,,TRP,107,,CDR3,4.384833292156044,1,1
Full181,formal_msa,8,results/full181_supplement/raw/formal_msa/seed8/boltz_results_full_blind_msa/predictions/full_blind_msa/full_blind_msa_model_0.pdb,113,113,113,,SER,H,100,100,,ILE,109,,CDR3,2.1881398492783775,1,1
Full181,formal_msa,8,results/full181_supplement/raw/formal_msa/seed8/boltz_results_full_blind_msa/predictions/full_blind_msa/full_blind_msa_model_0.pdb,114,114,114,,THR,H,33,33,,ASN,38,,CDR1,3.5165053675488678,1,1
Full181,formal_msa,8,results/full181_supplement/raw/formal_msa/seed8/boltz_results_full_blind_msa/predictions/full_blind_msa/full_blind_msa_model_0.pdb,114,114,114,,THR,H,52,52,,PRO,58,,CDR2,4.460085761507282,1,1
Full181,formal_msa,8,results/full181_supplement/raw/formal_msa/seed8/boltz_results_full_blind_msa/predictions/full_blind_msa/full_blind_msa_model_0.pdb,116,116,116,,ALA,H,100,100,,ILE,109,,CDR3,3.4594995302789093,1,1
Full181,formal_msa,8,results/full181_supplement/raw/formal_msa/seed8/boltz_results_full_blind_msa/predictions/full_blind_msa/full_blind_msa_model_0.pdb,116,116,116,,ALA,H,104,104,,TRP,113,,CDR3,4.034729606801427,1,1
Full181,formal_msa,8,results/full181_supplement/raw/formal_msa/seed8/boltz_results_full_blind_msa/predictions/full_blind_msa/full_blind_msa_model_0.pdb,117,117,117,,ASN,H,33,33,,ASN,38,,CDR1,3.7826108708139676,1,1
Full181,formal_msa,8,results/full181_supplement/raw/formal_msa/seed8/boltz_results_full_blind_msa/predictions/full_blind_msa/full_blind_msa_model_0.pdb,117,117,117,,ASN,H,35,35,,TYR,40,,FR2,3.371514496483739,1,1
Full181,formal_msa,8,results/full181_supplement/raw/formal_msa/seed8/boltz_results_full_blind_msa/predictions/full_blind_msa/full_blind_msa_model_0.pdb,117,117,117,,ASN,H,50,50,,ILE,56,,CDR2,4.862529074463206,0,1
Full181,formal_msa,8,results/full181_supplement/raw/formal_msa/seed8/boltz_results_full_blind_msa/predictions/full_blind_msa/full_blind_msa_model_0.pdb,117,117,117,,ASN,H,98,98,,TRP,107,,CDR3,1.9143596840719352,1,1
Full181,formal_msa,8,results/full181_supplement/raw/formal_msa/seed8/boltz_results_full_blind_msa/predictions/full_blind_msa/full_blind_msa_model_0.pdb,117,117,117,,ASN,H,99,99,,GLU,108,,CDR3,3.9213454323739447,1,1
Full181,formal_msa,8,results/full181_supplement/raw/formal_msa/seed8/boltz_results_full_blind_msa/predictions/full_blind_msa/full_blind_msa_model_0.pdb,117,117,117,,ASN,H,100,100,,ILE,109,,CDR3,4.45668823230883,1,1
Full181,formal_msa,8,results/full181_supplement/raw/formal_msa/seed8/boltz_results_full_blind_msa/predictions/full_blind_msa/full_blind_msa_model_0.pdb,117,117,117,,ASN,H,104,104,,TRP,113,,CDR3,3.594893322478429,1,1
Full181,formal_msa,8,results/full181_supplement/raw/formal_msa/seed8/boltz_results_full_blind_msa/predictions/full_blind_msa/full_blind_msa_model_0.pdb,117,117,117,,ASN,L,95,95,,TYR,116,,CDR3,4.619737763120328,0,1
Full181,formal_msa,8,results/full181_supplement/raw/formal_msa/seed8/boltz_results_full_blind_msa/predictions/full_blind_msa/full_blind_msa_model_0.pdb,118,118,118,,ASN,L,93,93,,TYR,114,,CDR3,4.615815962535768,0,1
Full181,formal_msa,8,results/full181_supplement/raw/formal_msa/seed8/boltz_results_full_blind_msa/predictions/full_blind_msa/full_blind_msa_model_0.pdb,120,120,120,,ILE,H,98,98,,TRP,107,,CDR3,4.412677531839371,1,1
Full181,formal_msa,8,results/full181_supplement/raw/formal_msa/seed8/boltz_results_full_blind_msa/predictions/full_blind_msa/full_blind_msa_model_0.pdb,120,120,120,,ILE,H,104,104,,TRP,113,,CDR3,3.0289372723778882,1,1
Full181,formal_msa,8,results/full181_supplement/raw/formal_msa/seed8/boltz_results_full_blind_msa/predictions/full_blind_msa/full_blind_msa_model_0.pdb,120,120,120,,ILE,L,50,50,,TRP,56,,CDR2,3.578590504654032,1,1
Full181,formal_msa,8,results/full181_supplement/raw/formal_msa/seed8/boltz_results_full_blind_msa/predictions/full_blind_msa/full_blind_msa_model_0.pdb,120,120,120,,ILE,L,90,90,,TYR,107,,CDR3,3.1307550207577726,1,1
Full181,formal_msa,8,results/full181_supplement/raw/formal_msa/seed8/boltz_results_full_blind_msa/predictions/full_blind_msa/full_blind_msa_model_0.pdb,121,121,121,,VAL,L,90,90,,TYR,107,,CDR3,3.5958011624671355,1,1
Full181,formal_msa,8,results/full181_supplement/raw/formal_msa/seed8/boltz_results_full_blind_msa/predictions/full_blind_msa/full_blind_msa_model_0.pdb,121,121,121,,VAL,L,91,91,,SER,108,,CDR3,2.643189550524139,1,1
Full181,formal_msa,8,results/full181_supplement/raw/formal_msa/seed8/boltz_results_full_blind_msa/predictions/full_blind_msa/full_blind_msa_model_0.pdb,121,121,121,,VAL,L,92,92,,SER,109,,CDR3,3.9953809580564403,1,1
Full181,formal_msa,8,results/full181_supplement/raw/formal_msa/seed8/boltz_results_full_blind_msa/predictions/full_blind_msa/full_blind_msa_model_0.pdb,121,121,121,,VAL,L,95,95,,TYR,116,,CDR3,3.551884710966841,1,1
Full181,formal_msa,8,results/full181_supplement/raw/formal_msa/seed8/boltz_results_full_blind_msa/predictions/full_blind_msa/full_blind_msa_model_0.pdb,123,123,123,,MET,L,50,50,,TRP,56,,CDR2,3.53896326626881,1,1
Full181,formal_msa,8,results/full181_supplement/raw/formal_msa/seed8/boltz_results_full_blind_msa/predictions/full_blind_msa/full_blind_msa_model_0.pdb,124,124,124,,SER,L,29,29,,VAL,29,,CDR1,3.7678808367569165,1,1
Full181,formal_msa,8,results/full181_supplement/raw/formal_msa/seed8/boltz_results_full_blind_msa/predictions/full_blind_msa/full_blind_msa_model_0.pdb,124,124,124,,SER,L,30,30,,GLY,36,,CDR1,3.520282233003485,1,1
Full181,formal_msa,8,results/full181_supplement/raw/formal_msa/seed8/boltz_results_full_blind_msa/predictions/full_blind_msa/full_blind_msa_model_0.pdb,124,124,124,,SER,L,31,31,,THR,37,,CDR1,4.5253594332384255,0,1
Full181,formal_msa,8,results/full181_supplement/raw/formal_msa/seed8/boltz_results_full_blind_msa/predictions/full_blind_msa/full_blind_msa_model_0.pdb,124,124,124,,SER,L,32,32,,ALA,38,,CDR1,3.321272346556362,1,1
Full181,formal_msa,8,results/full181_supplement/raw/formal_msa/seed8/boltz_results_full_blind_msa/predictions/full_blind_msa/full_blind_msa_model_0.pdb,124,124,124,,SER,L,50,50,,TRP,56,,CDR2,3.7544540215589275,1,1
Full181,formal_msa,8,results/full181_supplement/raw/formal_msa/seed8/boltz_results_full_blind_msa/predictions/full_blind_msa/full_blind_msa_model_0.pdb,124,124,124,,SER,L,90,90,,TYR,107,,CDR3,4.45192744774665,1,1
Full181,formal_msa,8,results/full181_supplement/raw/formal_msa/seed8/boltz_results_full_blind_msa/predictions/full_blind_msa/full_blind_msa_model_0.pdb,124,124,124,,SER,L,91,91,,SER,108,,CDR3,3.1884386461087817,1,1
Full181,formal_msa,8,results/full181_supplement/raw/formal_msa/seed8/boltz_results_full_blind_msa/predictions/full_blind_msa/full_blind_msa_model_0.pdb,125,125,125,,GLN,L,28,28,,ASP,28,,CDR1,4.516367566972378,0,1
Full181,formal_msa,8,results/full181_supplement/raw/formal_msa/seed8/boltz_results_full_blind_msa/predictions/full_blind_msa/full_blind_msa_model_0.pdb,125,125,125,,GLN,L,91,91,,SER,108,,CDR3,3.3734298569853207,1,1
Full181,formal_msa,8,results/full181_supplement/raw/formal_msa/seed8/boltz_results_full_blind_msa/predictions/full_blind_msa/full_blind_msa_model_0.pdb,125,125,125,,GLN,L,92,92,,SER,109,,CDR3,3.905465913306631,1,1
Full181,formal_msa,8,results/full181_supplement/raw/formal_msa/seed8/boltz_results_full_blind_msa/predictions/full_blind_msa/full_blind_msa_model_0.pdb,127,127,127,,GLN,L,28,28,,ASP,28,,CDR1,4.502522404164137,0,1
Full181,formal_msa,8,results/full181_supplement/raw/formal_msa/seed8/boltz_results_full_blind_msa/predictions/full_blind_msa/full_blind_msa_model_0.pdb,127,127,127,,GLN,L,30,30,,GLY,36,,CDR1,3.3592695634616763,1,1
Full181,formal_msa,8,results/full181_supplement/raw/formal_msa/seed8/boltz_results_full_blind_msa/predictions/full_blind_msa/full_blind_msa_model_0.pdb,127,127,127,,GLN,L,31,31,,THR,37,,CDR1,4.115386373112493,1,1
Full181,formal_msa,9,results/full181_supplement/raw/formal_msa/seed9/boltz_results_full_blind_msa/predictions/full_blind_msa/full_blind_msa_model_0.pdb,70,70,70,,GLN,H,100,100,,ILE,109,,CDR3,4.873679821243903,0,1
Full181,formal_msa,9,results/full181_supplement/raw/formal_msa/seed9/boltz_results_full_blind_msa/predictions/full_blind_msa/full_blind_msa_model_0.pdb,70,70,70,,GLN,H,101,101,,THR,110,,CDR3,3.358007742695064,1,1
Full181,formal_msa,9,results/full181_supplement/raw/formal_msa/seed9/boltz_results_full_blind_msa/predictions/full_blind_msa/full_blind_msa_model_0.pdb,70,70,70,,GLN,H,102,102,,ASP,111,,CDR3,4.925930774990652,0,1
Full181,formal_msa,9,results/full181_supplement/raw/formal_msa/seed9/boltz_results_full_blind_msa/predictions/full_blind_msa/full_blind_msa_model_0.pdb,73,73,73,,ARG,H,101,101,,THR,110,,CDR3,4.809819227372272,0,1
Full181,formal_msa,9,results/full181_supplement/raw/formal_msa/seed9/boltz_results_full_blind_msa/predictions/full_blind_msa/full_blind_msa_model_0.pdb,73,73,73,,ARG,H,102,102,,ASP,111,,CDR3,2.3475137912267945,1,1
Full181,formal_msa,9,results/full181_supplement/raw/formal_msa/seed9/boltz_results_full_blind_msa/predictions/full_blind_msa/full_blind_msa_model_0.pdb,73,73,73,,ARG,L,53,53,,ARG,66,,FR3,4.5206425428250805,0,1
Full181,formal_msa,9,results/full181_supplement/raw/formal_msa/seed9/boltz_results_full_blind_msa/predictions/full_blind_msa/full_blind_msa_model_0.pdb,74,74,74,,ASN,H,103,103,,PRO,112,,CDR3,4.045321618858012,1,1
Full181,formal_msa,9,results/full181_supplement/raw/formal_msa/seed9/boltz_results_full_blind_msa/predictions/full_blind_msa/full_blind_msa_model_0.pdb,74,74,74,,ASN,L,50,50,,TRP,56,,CDR2,3.7703094037492466,1,1
Full181,formal_msa,9,results/full181_supplement/raw/formal_msa/seed9/boltz_results_full_blind_msa/predictions/full_blind_msa/full_blind_msa_model_0.pdb,74,74,74,,ASN,L,53,53,,ARG,66,,FR3,2.5857459271939307,1,1
Full181,formal_msa,9,results/full181_supplement/raw/formal_msa/seed9/boltz_results_full_blind_msa/predictions/full_blind_msa/full_blind_msa_model_0.pdb,79,79,79,,GLU,L,50,50,,TRP,56,,CDR2,4.460185422154554,1,1
Full181,formal_msa,9,results/full181_supplement/raw/formal_msa/seed9/boltz_results_full_blind_msa/predictions/full_blind_msa/full_blind_msa_model_0.pdb,132,132,132,,ASN,L,93,93,,TYR,114,,CDR3,3.909713032947559,1,1
Full181,formal_msa,9,results/full181_supplement/raw/formal_msa/seed9/boltz_results_full_blind_msa/predictions/full_blind_msa/full_blind_msa_model_0.pdb,133,133,133,,SER,L,92,92,,SER,109,,CDR3,3.0749193485358277,1,1
Full181,formal_msa,9,results/full181_supplement/raw/formal_msa/seed9/boltz_results_full_blind_msa/predictions/full_blind_msa/full_blind_msa_model_0.pdb,133,133,133,,SER,L,93,93,,TYR,114,,CDR3,3.4382425743393963,1,1
Full181,formal_msa,9,results/full181_supplement/raw/formal_msa/seed9/boltz_results_full_blind_msa/predictions/full_blind_msa/full_blind_msa_model_0.pdb,134,134,134,,MET,L,93,93,,TYR,114,,CDR3,4.655330922716451,0,1
Full181,formal_msa,9,results/full181_supplement/raw/formal_msa/seed9/boltz_results_full_blind_msa/predictions/full_blind_msa/full_blind_msa_model_0.pdb,135,135,135,,LEU,H,58,58,,SER,66,,FR3,3.372066873595481,1,1
Full181,formal_msa,9,results/full181_supplement/raw/formal_msa/seed9/boltz_results_full_blind_msa/predictions/full_blind_msa/full_blind_msa_model_0.pdb,135,135,135,,LEU,H,104,104,,TRP,113,,CDR3,4.250545729668133,1,1
Full181,formal_msa,9,results/full181_supplement/raw/formal_msa/seed9/boltz_results_full_blind_msa/predictions/full_blind_msa/full_blind_msa_model_0.pdb,135,135,135,,LEU,L,93,93,,TYR,114,,CDR3,2.367946156482448,1,1
Full181,formal_msa,9,results/full181_supplement/raw/formal_msa/seed9/boltz_results_full_blind_msa/predictions/full_blind_msa/full_blind_msa_model_0.pdb,136,136,136,,PRO,H,104,104,,TRP,113,,CDR3,2.3448635354749325,1,1
Full181,formal_msa,9,results/full181_supplement/raw/formal_msa/seed9/boltz_results_full_blind_msa/predictions/full_blind_msa/full_blind_msa_model_0.pdb,136,136,136,,PRO,L,90,90,,TYR,107,,CDR3,4.045407643241902,1,1
Full181,formal_msa,9,results/full181_supplement/raw/formal_msa/seed9/boltz_results_full_blind_msa/predictions/full_blind_msa/full_blind_msa_model_0.pdb,136,136,136,,PRO,L,91,91,,SER,108,,CDR3,4.402103360894653,1,1
Full181,formal_msa,9,results/full181_supplement/raw/formal_msa/seed9/boltz_results_full_blind_msa/predictions/full_blind_msa/full_blind_msa_model_0.pdb,136,136,136,,PRO,L,92,92,,SER,109,,CDR3,2.9131337078822876,1,1
Full181,formal_msa,9,results/full181_supplement/raw/formal_msa/seed9/boltz_results_full_blind_msa/predictions/full_blind_msa/full_blind_msa_model_0.pdb,136,136,136,,PRO,L,93,93,,TYR,114,,CDR3,2.296883540800448,1,1
Full181,formal_msa,9,results/full181_supplement/raw/formal_msa/seed9/boltz_results_full_blind_msa/predictions/full_blind_msa/full_blind_msa_model_0.pdb,136,136,136,,PRO,L,95,95,,TYR,116,,CDR3,2.7024318677813137,1,1
Full181,formal_msa,9,results/full181_supplement/raw/formal_msa/seed9/boltz_results_full_blind_msa/predictions/full_blind_msa/full_blind_msa_model_0.pdb,137,137,137,,ILE,H,104,104,,TRP,113,,CDR3,4.468840341744153,1,1
Full181,formal_msa,9,results/full181_supplement/raw/formal_msa/seed9/boltz_results_full_blind_msa/predictions/full_blind_msa/full_blind_msa_model_0.pdb,137,137,137,,ILE,L,91,91,,SER,108,,CDR3,3.158435688754799,1,1
Full181,formal_msa,9,results/full181_supplement/raw/formal_msa/seed9/boltz_results_full_blind_msa/predictions/full_blind_msa/full_blind_msa_model_0.pdb,137,137,137,,ILE,L,95,95,,TYR,116,,CDR3,4.623085008952355,0,1
Full181,formal_msa,9,results/full181_supplement/raw/formal_msa/seed9/boltz_results_full_blind_msa/predictions/full_blind_msa/full_blind_msa_model_0.pdb,138,138,138,,SER,H,104,104,,TRP,113,,CDR3,4.813959908432973,0,1
Full181,formal_msa,9,results/full181_supplement/raw/formal_msa/seed9/boltz_results_full_blind_msa/predictions/full_blind_msa/full_blind_msa_model_0.pdb,139,139,139,,GLU,H,33,33,,ASN,38,,CDR1,2.293315721831602,1,1
Full181,formal_msa,9,results/full181_supplement/raw/formal_msa/seed9/boltz_results_full_blind_msa/predictions/full_blind_msa/full_blind_msa_model_0.pdb,139,139,139,,GLU,H,35,35,,TYR,40,,FR2,3.4298956252340975,1,1
Full181,formal_msa,9,results/full181_supplement/raw/formal_msa/seed9/boltz_results_full_blind_msa/predictions/full_blind_msa/full_blind_msa_model_0.pdb,139,139,139,,GLU,H,50,50,,ILE,56,,CDR2,3.4226822814862614,1,1
Full181,formal_msa,9,results/full181_supplement/raw/formal_msa/seed9/boltz_results_full_blind_msa/predictions/full_blind_msa/full_blind_msa_model_0.pdb,139,139,139,,GLU,H,52,52,,PRO,58,,CDR2,4.063077651239268,1,1
Full181,formal_msa,9,results/full181_supplement/raw/formal_msa/seed9/boltz_results_full_blind_msa/predictions/full_blind_msa/full_blind_msa_model_0.pdb,139,139,139,,GLU,H,56,56,,ASP,64,,CDR2,4.657786920845564,0,1
Full181,formal_msa,9,results/full181_supplement/raw/formal_msa/seed9/boltz_results_full_blind_msa/predictions/full_blind_msa/full_blind_msa_model_0.pdb,139,139,139,,GLU,H,104,104,,TRP,113,,CDR3,2.6020757098900873,1,1
Full181,formal_msa,9,results/full181_supplement/raw/formal_msa/seed9/boltz_results_full_blind_msa/predictions/full_blind_msa/full_blind_msa_model_0.pdb,139,139,139,,GLU,L,93,93,,TYR,114,,CDR3,3.6576510221725638,1,1
Full181,formal_msa,9,results/full181_supplement/raw/formal_msa/seed9/boltz_results_full_blind_msa/predictions/full_blind_msa/full_blind_msa_model_0.pdb,140,140,140,,SER,H,98,98,,TRP,107,,CDR3,4.795177577525154,0,1
Full181,formal_msa,9,results/full181_supplement/raw/formal_msa/seed9/boltz_results_full_blind_msa/predictions/full_blind_msa/full_blind_msa_model_0.pdb,140,140,140,,SER,H,104,104,,TRP,113,,CDR3,1.9842038705737874,1,1
Full181,formal_msa,9,results/full181_supplement/raw/formal_msa/seed9/boltz_results_full_blind_msa/predictions/full_blind_msa/full_blind_msa_model_0.pdb,141,141,141,,ALA,H,104,104,,TRP,113,,CDR3,4.589885946295397,0,1
Full181,formal_msa,9,results/full181_supplement/raw/formal_msa/seed9/boltz_results_full_blind_msa/predictions/full_blind_msa/full_blind_msa_model_0.pdb,142,142,142,,HIS,H,53,53,,TYR,59,,CDR2,4.423181434216779,1,1
Full181,formal_msa,9,results/full181_supplement/raw/formal_msa/seed9/boltz_results_full_blind_msa/predictions/full_blind_msa/full_blind_msa_model_0.pdb,142,142,142,,HIS,H,54,54,,ASN,62,,CDR2,3.358492816725979,1,1
Full181,formal_msa,9,results/full181_supplement/raw/formal_msa/seed9/boltz_results_full_blind_msa/predictions/full_blind_msa/full_blind_msa_model_0.pdb,143,143,143,,GLN,H,31,31,,ASP,36,,CDR1,3.4371590012683435,1,1
Full181,formal_msa,9,results/full181_supplement/raw/formal_msa/seed9/boltz_results_full_blind_msa/predictions/full_blind_msa/full_blind_msa_model_0.pdb,143,143,143,,GLN,H,32,32,,TYR,37,,CDR1,4.264693189433444,1,1
Full181,formal_msa,9,results/full181_supplement/raw/formal_msa/seed9/boltz_results_full_blind_msa/predictions/full_blind_msa/full_blind_msa_model_0.pdb,143,143,143,,GLN,H,33,33,,ASN,38,,CDR1,1.9102651648396878,1,1
Full181,formal_msa,9,results/full181_supplement/raw/formal_msa/seed9/boltz_results_full_blind_msa/predictions/full_blind_msa/full_blind_msa_model_0.pdb,143,143,143,,GLN,H,98,98,,TRP,107,,CDR3,4.344847523216436,1,1
Full181,formal_msa,9,results/full181_supplement/raw/formal_msa/seed9/boltz_results_full_blind_msa/predictions/full_blind_msa/full_blind_msa_model_0.pdb,143,143,143,,GLN,H,100,100,,ILE,109,,CDR3,2.700848755484098,1,1
Full181,formal_msa,9,results/full181_supplement/raw/formal_msa/seed9/boltz_results_full_blind_msa/predictions/full_blind_msa/full_blind_msa_model_0.pdb,144,144,144,,ARG,H,100,100,,ILE,109,,CDR3,4.482723837132955,1,1
Full181,formal_msa,9,results/full181_supplement/raw/formal_msa/seed9/boltz_results_full_blind_msa/predictions/full_blind_msa/full_blind_msa_model_0.pdb,144,144,144,,ARG,H,101,101,,THR,110,,CDR3,4.88779101435403,0,1
Full181,formal_msa,9,results/full181_supplement/raw/formal_msa/seed9/boltz_results_full_blind_msa/predictions/full_blind_msa/full_blind_msa_model_0.pdb,144,144,144,,ARG,H,102,102,,ASP,111,,CDR3,4.8506604704926515,0,1
Full181,formal_msa,9,results/full181_supplement/raw/formal_msa/seed9/boltz_results_full_blind_msa/predictions/full_blind_msa/full_blind_msa_model_0.pdb,144,144,144,,ARG,H,103,103,,PRO,112,,CDR3,3.5269031741741927,1,1
Full181,formal_msa,9,results/full181_supplement/raw/formal_msa/seed9/boltz_results_full_blind_msa/predictions/full_blind_msa/full_blind_msa_model_0.pdb,144,144,144,,ARG,L,50,50,,TRP,56,,CDR2,3.8211843713696934,1,1
Full181,formal_msa,9,results/full181_supplement/raw/formal_msa/seed9/boltz_results_full_blind_msa/predictions/full_blind_msa/full_blind_msa_model_0.pdb,146,146,146,,LEU,H,30,30,,THR,35,,CDR1,4.444832730261061,1,1
Full181,formal_msa,9,results/full181_supplement/raw/formal_msa/seed9/boltz_results_full_blind_msa/predictions/full_blind_msa/full_blind_msa_model_0.pdb,146,146,146,,LEU,H,31,31,,ASP,36,,CDR1,4.804494042040223,0,1
Full181,formal_msa,9,results/full181_supplement/raw/formal_msa/seed9/boltz_results_full_blind_msa/predictions/full_blind_msa/full_blind_msa_model_0.pdb,146,146,146,,LEU,H,53,53,,TYR,59,,CDR2,2.6903823148392876,1,1
Full181,formal_msa,9,results/full181_supplement/raw/formal_msa/seed9/boltz_results_full_blind_msa/predictions/full_blind_msa/full_blind_msa_model_0.pdb,146,146,146,,LEU,H,100,100,,ILE,109,,CDR3,4.875416802694924,0,1
Full181,formal_msa,9,results/full181_supplement/raw/formal_msa/seed9/boltz_results_full_blind_msa/predictions/full_blind_msa/full_blind_msa_model_0.pdb,147,147,147,,LEU,H,100,100,,ILE,109,,CDR3,3.2877369116156485,1,1
Full181,formal_msa,9,results/full181_supplement/raw/formal_msa/seed9/boltz_results_full_blind_msa/predictions/full_blind_msa/full_blind_msa_model_0.pdb,147,147,147,,LEU,H,101,101,,THR,110,,CDR3,3.72720672890571,1,1
Full181,formal_msa,9,results/full181_supplement/raw/formal_msa/seed9/boltz_results_full_blind_msa/predictions/full_blind_msa/full_blind_msa_model_0.pdb,149,149,149,,ARG,H,53,53,,TYR,59,,CDR2,2.1858387406210915,1,1
Full181,formal_msa,9,results/full181_supplement/raw/formal_msa/seed9/boltz_results_full_blind_msa/predictions/full_blind_msa/full_blind_msa_model_0.pdb,150,150,150,,ARG,H,31,31,,ASP,36,,CDR1,3.1328531724292477,1,1
Full181,formal_msa,9,results/full181_supplement/raw/formal_msa/seed9/boltz_results_full_blind_msa/predictions/full_blind_msa/full_blind_msa_model_0.pdb,150,150,150,,ARG,H,100,100,,ILE,109,,CDR3,4.6473222397419365,0,1
Full181,formal_msa,10,results/full181_supplement/raw/formal_msa/seed10/boltz_results_full_blind_msa/predictions/full_blind_msa/full_blind_msa_model_0.pdb,30,30,30,,ARG,L,28,28,,ASP,28,,CDR1,4.448191205422717,1,1
Full181,formal_msa,10,results/full181_supplement/raw/formal_msa/seed10/boltz_results_full_blind_msa/predictions/full_blind_msa/full_blind_msa_model_0.pdb,30,30,30,,ARG,L,91,91,,SER,108,,CDR3,4.125290171612174,1,1
Full181,formal_msa,10,results/full181_supplement/raw/formal_msa/seed10/boltz_results_full_blind_msa/predictions/full_blind_msa/full_blind_msa_model_0.pdb,30,30,30,,ARG,L,92,92,,SER,109,,CDR3,4.196047664171607,1,1
Full181,formal_msa,10,results/full181_supplement/raw/formal_msa/seed10/boltz_results_full_blind_msa/predictions/full_blind_msa/full_blind_msa_model_0.pdb,70,70,70,,GLN,H,102,102,,ASP,111,,CDR3,4.377043865441607,1,1
Full181,formal_msa,10,results/full181_supplement/raw/formal_msa/seed10/boltz_results_full_blind_msa/predictions/full_blind_msa/full_blind_msa_model_0.pdb,73,73,73,,ARG,H,102,102,,ASP,111,,CDR3,4.491350131085307,1,1
Full181,formal_msa,10,results/full181_supplement/raw/formal_msa/seed10/boltz_results_full_blind_msa/predictions/full_blind_msa/full_blind_msa_model_0.pdb,74,74,74,,ASN,L,53,53,,ARG,66,,FR3,3.563283036751362,1,1
Full181,formal_msa,10,results/full181_supplement/raw/formal_msa/seed10/boltz_results_full_blind_msa/predictions/full_blind_msa/full_blind_msa_model_0.pdb,79,79,79,,GLU,H,104,104,,TRP,113,,CDR3,3.4163064850800495,1,1
Full181,formal_msa,10,results/full181_supplement/raw/formal_msa/seed10/boltz_results_full_blind_msa/predictions/full_blind_msa/full_blind_msa_model_0.pdb,132,132,132,,ASN,H,57,57,,THR,65,,CDR2,4.943332782647755,0,1
Full181,formal_msa,10,results/full181_supplement/raw/formal_msa/seed10/boltz_results_full_blind_msa/predictions/full_blind_msa/full_blind_msa_model_0.pdb,132,132,132,,ASN,H,58,58,,SER,66,,FR3,3.314172445724573,1,1
Full181,formal_msa,10,results/full181_supplement/raw/formal_msa/seed10/boltz_results_full_blind_msa/predictions/full_blind_msa/full_blind_msa_model_0.pdb,132,132,132,,ASN,L,93,93,,TYR,114,,CDR3,1.760367575252396,1,1
Full181,formal_msa,10,results/full181_supplement/raw/formal_msa/seed10/boltz_results_full_blind_msa/predictions/full_blind_msa/full_blind_msa_model_0.pdb,133,133,133,,SER,L,91,91,,SER,108,,CDR3,3.8369947875909345,1,1
Full181,formal_msa,10,results/full181_supplement/raw/formal_msa/seed10/boltz_results_full_blind_msa/predictions/full_blind_msa/full_blind_msa_model_0.pdb,133,133,133,,SER,L,92,92,,SER,109,,CDR3,3.829331795496441,1,1
Full181,formal_msa,10,results/full181_supplement/raw/formal_msa/seed10/boltz_results_full_blind_msa/predictions/full_blind_msa/full_blind_msa_model_0.pdb,133,133,133,,SER,L,93,93,,TYR,114,,CDR3,3.6990546089507785,1,1
Full181,formal_msa,10,results/full181_supplement/raw/formal_msa/seed10/boltz_results_full_blind_msa/predictions/full_blind_msa/full_blind_msa_model_0.pdb,134,134,134,,MET,L,93,93,,TYR,114,,CDR3,4.7672158541438,0,1
Full181,formal_msa,10,results/full181_supplement/raw/formal_msa/seed10/boltz_results_full_blind_msa/predictions/full_blind_msa/full_blind_msa_model_0.pdb,135,135,135,,LEU,H,35,35,,TYR,40,,FR2,4.42284275099172,1,1
Full181,formal_msa,10,results/full181_supplement/raw/formal_msa/seed10/boltz_results_full_blind_msa/predictions/full_blind_msa/full_blind_msa_model_0.pdb,135,135,135,,LEU,H,50,50,,ILE,56,,CDR2,3.0681898572285253,1,1
Full181,formal_msa,10,results/full181_supplement/raw/formal_msa/seed10/boltz_results_full_blind_msa/predictions/full_blind_msa/full_blind_msa_model_0.pdb,135,135,135,,LEU,H,52,52,,PRO,58,,CDR2,4.998739341073907,0,1
Full181,formal_msa,10,results/full181_supplement/raw/formal_msa/seed10/boltz_results_full_blind_msa/predictions/full_blind_msa/full_blind_msa_model_0.pdb,135,135,135,,LEU,H,56,56,,ASP,64,,CDR2,4.614747121999211,0,1
Full181,formal_msa,10,results/full181_supplement/raw/formal_msa/seed10/boltz_results_full_blind_msa/predictions/full_blind_msa/full_blind_msa_model_0.pdb,135,135,135,,LEU,H,58,58,,SER,66,,FR3,3.8449687905105288,1,1
Full181,formal_msa,10,results/full181_supplement/raw/formal_msa/seed10/boltz_results_full_blind_msa/predictions/full_blind_msa/full_blind_msa_model_0.pdb,135,135,135,,LEU,L,93,93,,TYR,114,,CDR3,2.24667354103795,1,1
Full181,formal_msa,10,results/full181_supplement/raw/formal_msa/seed10/boltz_results_full_blind_msa/predictions/full_blind_msa/full_blind_msa_model_0.pdb,135,135,135,,LEU,L,95,95,,TYR,116,,CDR3,4.256886538304727,1,1
Full181,formal_msa,10,results/full181_supplement/raw/formal_msa/seed10/boltz_results_full_blind_msa/predictions/full_blind_msa/full_blind_msa_model_0.pdb,136,136,136,,PRO,H,98,98,,TRP,107,,CDR3,4.202613591564183,1,1
Full181,formal_msa,10,results/full181_supplement/raw/formal_msa/seed10/boltz_results_full_blind_msa/predictions/full_blind_msa/full_blind_msa_model_0.pdb,136,136,136,,PRO,H,104,104,,TRP,113,,CDR3,3.1545988651491017,1,1
Full181,formal_msa,10,results/full181_supplement/raw/formal_msa/seed10/boltz_results_full_blind_msa/predictions/full_blind_msa/full_blind_msa_model_0.pdb,136,136,136,,PRO,L,90,90,,TYR,107,,CDR3,3.588394348451686,1,1
Full181,formal_msa,10,results/full181_supplement/raw/formal_msa/seed10/boltz_results_full_blind_msa/predictions/full_blind_msa/full_blind_msa_model_0.pdb,136,136,136,,PRO,L,93,93,,TYR,114,,CDR3,3.5959905450376257,1,1
Full181,formal_msa,10,results/full181_supplement/raw/formal_msa/seed10/boltz_results_full_blind_msa/predictions/full_blind_msa/full_blind_msa_model_0.pdb,136,136,136,,PRO,L,95,95,,TYR,116,,CDR3,2.0125886315886814,1,1
Full181,formal_msa,10,results/full181_supplement/raw/formal_msa/seed10/boltz_results_full_blind_msa/predictions/full_blind_msa/full_blind_msa_model_0.pdb,137,137,137,,ILE,H,104,104,,TRP,113,,CDR3,4.736528158894444,0,1
Full181,formal_msa,10,results/full181_supplement/raw/formal_msa/seed10/boltz_results_full_blind_msa/predictions/full_blind_msa/full_blind_msa_model_0.pdb,139,139,139,,GLU,H,33,33,,ASN,38,,CDR1,2.9799822147120274,1,1
Full181,formal_msa,10,results/full181_supplement/raw/formal_msa/seed10/boltz_results_full_blind_msa/predictions/full_blind_msa/full_blind_msa_model_0.pdb,139,139,139,,GLU,H,35,35,,TYR,40,,FR2,2.435681629441746,1,1
Full181,formal_msa,10,results/full181_supplement/raw/formal_msa/seed10/boltz_results_full_blind_msa/predictions/full_blind_msa/full_blind_msa_model_0.pdb,139,139,139,,GLU,H,50,50,,ILE,56,,CDR2,2.247137289975848,1,1
Full181,formal_msa,10,results/full181_supplement/raw/formal_msa/seed10/boltz_results_full_blind_msa/predictions/full_blind_msa/full_blind_msa_model_0.pdb,139,139,139,,GLU,H,52,52,,PRO,58,,CDR2,4.770140563966642,0,1
Full181,formal_msa,10,results/full181_supplement/raw/formal_msa/seed10/boltz_results_full_blind_msa/predictions/full_blind_msa/full_blind_msa_model_0.pdb,139,139,139,,GLU,H,98,98,,TRP,107,,CDR3,3.113316398954658,1,1
Full181,formal_msa,10,results/full181_supplement/raw/formal_msa/seed10/boltz_results_full_blind_msa/predictions/full_blind_msa/full_blind_msa_model_0.pdb,139,139,139,,GLU,H,100,100,,ILE,109,,CDR3,4.2254023477060745,1,1
Full181,formal_msa,10,results/full181_supplement/raw/formal_msa/seed10/boltz_results_full_blind_msa/predictions/full_blind_msa/full_blind_msa_model_0.pdb,139,139,139,,GLU,L,93,93,,TYR,114,,CDR3,3.539754087503819,1,1
Full181,formal_msa,10,results/full181_supplement/raw/formal_msa/seed10/boltz_results_full_blind_msa/predictions/full_blind_msa/full_blind_msa_model_0.pdb,139,139,139,,GLU,L,95,95,,TYR,116,,CDR3,4.816892047783509,0,1
Full181,formal_msa,10,results/full181_supplement/raw/formal_msa/seed10/boltz_results_full_blind_msa/predictions/full_blind_msa/full_blind_msa_model_0.pdb,140,140,140,,SER,H,100,100,,ILE,109,,CDR3,3.997629547619439,1,1
Full181,formal_msa,10,results/full181_supplement/raw/formal_msa/seed10/boltz_results_full_blind_msa/predictions/full_blind_msa/full_blind_msa_model_0.pdb,140,140,140,,SER,H,101,101,,THR,110,,CDR3,4.128063589626496,1,1
Full181,formal_msa,10,results/full181_supplement/raw/formal_msa/seed10/boltz_results_full_blind_msa/predictions/full_blind_msa/full_blind_msa_model_0.pdb,140,140,140,,SER,H,102,102,,ASP,111,,CDR3,4.8509814470888255,0,1
Full181,formal_msa,10,results/full181_supplement/raw/formal_msa/seed10/boltz_results_full_blind_msa/predictions/full_blind_msa/full_blind_msa_model_0.pdb,140,140,140,,SER,H,104,104,,TRP,113,,CDR3,2.075901972637437,1,1
Full181,formal_msa,10,results/full181_supplement/raw/formal_msa/seed10/boltz_results_full_blind_msa/predictions/full_blind_msa/full_blind_msa_model_0.pdb,142,142,142,,HIS,H,53,53,,TYR,59,,CDR2,1.009988613797205,1,1
Full181,formal_msa,10,results/full181_supplement/raw/formal_msa/seed10/boltz_results_full_blind_msa/predictions/full_blind_msa/full_blind_msa_model_0.pdb,142,142,142,,HIS,H,54,54,,ASN,62,,CDR2,4.005952945305273,1,1
Full181,formal_msa,10,results/full181_supplement/raw/formal_msa/seed10/boltz_results_full_blind_msa/predictions/full_blind_msa/full_blind_msa_model_0.pdb,143,143,143,,GLN,H,31,31,,ASP,36,,CDR1,4.583595750063481,0,1
Full181,formal_msa,10,results/full181_supplement/raw/formal_msa/seed10/boltz_results_full_blind_msa/predictions/full_blind_msa/full_blind_msa_model_0.pdb,143,143,143,,GLN,H,98,98,,TRP,107,,CDR3,3.5280133219703127,1,1
Full181,formal_msa,10,results/full181_supplement/raw/formal_msa/seed10/boltz_results_full_blind_msa/predictions/full_blind_msa/full_blind_msa_model_0.pdb,143,143,143,,GLN,H,99,99,,GLU,108,,CDR3,3.2072402466918506,1,1
Full181,formal_msa,10,results/full181_supplement/raw/formal_msa/seed10/boltz_results_full_blind_msa/predictions/full_blind_msa/full_blind_msa_model_0.pdb,143,143,143,,GLN,H,100,100,,ILE,109,,CDR3,1.1689555166900065,1,1
Full181,formal_msa,10,results/full181_supplement/raw/formal_msa/seed10/boltz_results_full_blind_msa/predictions/full_blind_msa/full_blind_msa_model_0.pdb,143,143,143,,GLN,H,101,101,,THR,110,,CDR3,2.2340962378554776,1,1
Full181,formal_msa,10,results/full181_supplement/raw/formal_msa/seed10/boltz_results_full_blind_msa/predictions/full_blind_msa/full_blind_msa_model_0.pdb,143,143,143,,GLN,H,102,102,,ASP,111,,CDR3,4.580703985197035,0,1
Full181,formal_msa,10,results/full181_supplement/raw/formal_msa/seed10/boltz_results_full_blind_msa/predictions/full_blind_msa/full_blind_msa_model_0.pdb,143,143,143,,GLN,H,103,103,,PRO,112,,CDR3,4.601905148957332,0,1
Full181,formal_msa,10,results/full181_supplement/raw/formal_msa/seed10/boltz_results_full_blind_msa/predictions/full_blind_msa/full_blind_msa_model_0.pdb,144,144,144,,ARG,H,100,100,,ILE,109,,CDR3,4.423858722879833,1,1
Full181,formal_msa,10,results/full181_supplement/raw/formal_msa/seed10/boltz_results_full_blind_msa/predictions/full_blind_msa/full_blind_msa_model_0.pdb,144,144,144,,ARG,H,102,102,,ASP,111,,CDR3,2.5701114761815296,1,1
Full181,formal_msa,10,results/full181_supplement/raw/formal_msa/seed10/boltz_results_full_blind_msa/predictions/full_blind_msa/full_blind_msa_model_0.pdb,144,144,144,,ARG,H,104,104,,TRP,113,,CDR3,3.8477831279842163,1,1
Full181,formal_msa,10,results/full181_supplement/raw/formal_msa/seed10/boltz_results_full_blind_msa/predictions/full_blind_msa/full_blind_msa_model_0.pdb,146,146,146,,LEU,H,30,30,,THR,35,,CDR1,4.4068166515070715,1,1
Full181,formal_msa,10,results/full181_supplement/raw/formal_msa/seed10/boltz_results_full_blind_msa/predictions/full_blind_msa/full_blind_msa_model_0.pdb,146,146,146,,LEU,H,31,31,,ASP,36,,CDR1,3.6720492916081615,1,1
Full181,formal_msa,10,results/full181_supplement/raw/formal_msa/seed10/boltz_results_full_blind_msa/predictions/full_blind_msa/full_blind_msa_model_0.pdb,146,146,146,,LEU,H,53,53,,TYR,59,,CDR2,4.545239927660585,0,1
Full181,formal_msa,10,results/full181_supplement/raw/formal_msa/seed10/boltz_results_full_blind_msa/predictions/full_blind_msa/full_blind_msa_model_0.pdb,146,146,146,,LEU,H,100,100,,ILE,109,,CDR3,4.503889985334899,0,1
Full181,formal_msa,10,results/full181_supplement/raw/formal_msa/seed10/boltz_results_full_blind_msa/predictions/full_blind_msa/full_blind_msa_model_0.pdb,147,147,147,,LEU,H,101,101,,THR,110,,CDR3,4.997975890297992,0,1
Full181,formal_msa,11,results/full181_supplement/raw/formal_msa/seed11/boltz_results_full_blind_msa/predictions/full_blind_msa/full_blind_msa_model_0.pdb,73,73,73,,ARG,L,53,53,,ARG,66,,FR3,4.7532794994613985,0,1
Full181,formal_msa,11,results/full181_supplement/raw/formal_msa/seed11/boltz_results_full_blind_msa/predictions/full_blind_msa/full_blind_msa_model_0.pdb,79,79,79,,GLU,H,104,104,,TRP,113,,CDR3,3.9889973677604758,1,1
Full181,formal_msa,11,results/full181_supplement/raw/formal_msa/seed11/boltz_results_full_blind_msa/predictions/full_blind_msa/full_blind_msa_model_0.pdb,132,132,132,,ASN,H,59,59,,TYR,67,,FR3,4.752950767681063,0,1
Full181,formal_msa,11,results/full181_supplement/raw/formal_msa/seed11/boltz_results_full_blind_msa/predictions/full_blind_msa/full_blind_msa_model_0.pdb,132,132,132,,ASN,H,61,61,,GLN,69,,FR3,2.6381861192872647,1,1
Full181,formal_msa,11,results/full181_supplement/raw/formal_msa/seed11/boltz_results_full_blind_msa/predictions/full_blind_msa/full_blind_msa_model_0.pdb,132,132,132,,ASN,L,93,93,,TYR,114,,CDR3,3.322653909151538,1,1
Full181,formal_msa,11,results/full181_supplement/raw/formal_msa/seed11/boltz_results_full_blind_msa/predictions/full_blind_msa/full_blind_msa_model_0.pdb,133,133,133,,SER,L,92,92,,SER,109,,CDR3,3.7274709925095317,1,1
Full181,formal_msa,11,results/full181_supplement/raw/formal_msa/seed11/boltz_results_full_blind_msa/predictions/full_blind_msa/full_blind_msa_model_0.pdb,133,133,133,,SER,L,93,93,,TYR,114,,CDR3,4.356275243829297,1,1
Full181,formal_msa,11,results/full181_supplement/raw/formal_msa/seed11/boltz_results_full_blind_msa/predictions/full_blind_msa/full_blind_msa_model_0.pdb,134,134,134,,MET,L,93,93,,TYR,114,,CDR3,4.65951564006389,0,1
Full181,formal_msa,11,results/full181_supplement/raw/formal_msa/seed11/boltz_results_full_blind_msa/predictions/full_blind_msa/full_blind_msa_model_0.pdb,135,135,135,,LEU,H,47,47,,TRP,52,,FR2,3.811332312984529,1,1
Full181,formal_msa,11,results/full181_supplement/raw/formal_msa/seed11/boltz_results_full_blind_msa/predictions/full_blind_msa/full_blind_msa_model_0.pdb,135,135,135,,LEU,H,50,50,,ILE,56,,CDR2,4.987843822735431,0,1
Full181,formal_msa,11,results/full181_supplement/raw/formal_msa/seed11/boltz_results_full_blind_msa/predictions/full_blind_msa/full_blind_msa_model_0.pdb,135,135,135,,LEU,H,58,58,,SER,66,,FR3,3.07974187230034,1,1
Full181,formal_msa,11,results/full181_supplement/raw/formal_msa/seed11/boltz_results_full_blind_msa/predictions/full_blind_msa/full_blind_msa_model_0.pdb,135,135,135,,LEU,H,59,59,,TYR,67,,FR3,4.886180307765975,0,1
Full181,formal_msa,11,results/full181_supplement/raw/formal_msa/seed11/boltz_results_full_blind_msa/predictions/full_blind_msa/full_blind_msa_model_0.pdb,135,135,135,,LEU,L,93,93,,TYR,114,,CDR3,1.9048816236186439,1,1
Full181,formal_msa,11,results/full181_supplement/raw/formal_msa/seed11/boltz_results_full_blind_msa/predictions/full_blind_msa/full_blind_msa_model_0.pdb,135,135,135,,LEU,L,95,95,,TYR,116,,CDR3,4.895091214676189,0,1
Full181,formal_msa,11,results/full181_supplement/raw/formal_msa/seed11/boltz_results_full_blind_msa/predictions/full_blind_msa/full_blind_msa_model_0.pdb,136,136,136,,PRO,H,104,104,,TRP,113,,CDR3,3.9438165525287814,1,1
Full181,formal_msa,11,results/full181_supplement/raw/formal_msa/seed11/boltz_results_full_blind_msa/predictions/full_blind_msa/full_blind_msa_model_0.pdb,136,136,136,,PRO,L,90,90,,TYR,107,,CDR3,3.7160534172694555,1,1
Full181,formal_msa,11,results/full181_supplement/raw/formal_msa/seed11/boltz_results_full_blind_msa/predictions/full_blind_msa/full_blind_msa_model_0.pdb,136,136,136,,PRO,L,91,91,,SER,108,,CDR3,3.430115304184394,1,1
Full181,formal_msa,11,results/full181_supplement/raw/formal_msa/seed11/boltz_results_full_blind_msa/predictions/full_blind_msa/full_blind_msa_model_0.pdb,136,136,136,,PRO,L,92,92,,SER,109,,CDR3,2.6948445224168323,1,1
Full181,formal_msa,11,results/full181_supplement/raw/formal_msa/seed11/boltz_results_full_blind_msa/predictions/full_blind_msa/full_blind_msa_model_0.pdb,136,136,136,,PRO,L,93,93,,TYR,114,,CDR3,2.424777309362656,1,1
Full181,formal_msa,11,results/full181_supplement/raw/formal_msa/seed11/boltz_results_full_blind_msa/predictions/full_blind_msa/full_blind_msa_model_0.pdb,136,136,136,,PRO,L,95,95,,TYR,116,,CDR3,3.7065377375658812,1,1
Full181,formal_msa,11,results/full181_supplement/raw/formal_msa/seed11/boltz_results_full_blind_msa/predictions/full_blind_msa/full_blind_msa_model_0.pdb,138,138,138,,SER,L,93,93,,TYR,114,,CDR3,4.930536380557394,0,1
Full181,formal_msa,11,results/full181_supplement/raw/formal_msa/seed11/boltz_results_full_blind_msa/predictions/full_blind_msa/full_blind_msa_model_0.pdb,139,139,139,,GLU,H,33,33,,ASN,38,,CDR1,2.3336552873121597,1,1
Full181,formal_msa,11,results/full181_supplement/raw/formal_msa/seed11/boltz_results_full_blind_msa/predictions/full_blind_msa/full_blind_msa_model_0.pdb,139,139,139,,GLU,H,35,35,,TYR,40,,FR2,2.614075936157938,1,1
Full181,formal_msa,11,results/full181_supplement/raw/formal_msa/seed11/boltz_results_full_blind_msa/predictions/full_blind_msa/full_blind_msa_model_0.pdb,139,139,139,,GLU,H,50,50,,ILE,56,,CDR2,2.6791696474840854,1,1
Full181,formal_msa,11,results/full181_supplement/raw/formal_msa/seed11/boltz_results_full_blind_msa/predictions/full_blind_msa/full_blind_msa_model_0.pdb,139,139,139,,GLU,H,98,98,,TRP,107,,CDR3,3.70490202299602,1,1
Full181,formal_msa,11,results/full181_supplement/raw/formal_msa/seed11/boltz_results_full_blind_msa/predictions/full_blind_msa/full_blind_msa_model_0.pdb,139,139,139,,GLU,L,93,93,,TYR,114,,CDR3,3.0726181018798933,1,1
Full181,formal_msa,11,results/full181_supplement/raw/formal_msa/seed11/boltz_results_full_blind_msa/predictions/full_blind_msa/full_blind_msa_model_0.pdb,139,139,139,,GLU,L,95,95,,TYR,116,,CDR3,4.068266829990383,1,1
Full181,formal_msa,11,results/full181_supplement/raw/formal_msa/seed11/boltz_results_full_blind_msa/predictions/full_blind_msa/full_blind_msa_model_0.pdb,140,140,140,,SER,H,103,103,,PRO,112,,CDR3,4.356555175824128,1,1
Full181,formal_msa,11,results/full181_supplement/raw/formal_msa/seed11/boltz_results_full_blind_msa/predictions/full_blind_msa/full_blind_msa_model_0.pdb,140,140,140,,SER,H,104,104,,TRP,113,,CDR3,2.2072036607436116,1,1
Full181,formal_msa,11,results/full181_supplement/raw/formal_msa/seed11/boltz_results_full_blind_msa/predictions/full_blind_msa/full_blind_msa_model_0.pdb,142,142,142,,HIS,H,33,33,,ASN,38,,CDR1,3.3437389252153045,1,1
Full181,formal_msa,11,results/full181_supplement/raw/formal_msa/seed11/boltz_results_full_blind_msa/predictions/full_blind_msa/full_blind_msa_model_0.pdb,142,142,142,,HIS,H,52,52,,PRO,58,,CDR2,4.433157452651552,1,1
Full181,formal_msa,11,results/full181_supplement/raw/formal_msa/seed11/boltz_results_full_blind_msa/predictions/full_blind_msa/full_blind_msa_model_0.pdb,142,142,142,,HIS,H,54,54,,ASN,62,,CDR2,4.467707241975463,1,1
Full181,formal_msa,11,results/full181_supplement/raw/formal_msa/seed11/boltz_results_full_blind_msa/predictions/full_blind_msa/full_blind_msa_model_0.pdb,142,142,142,,HIS,H,100,100,,ILE,109,,CDR3,4.732379633968518,0,1
Full181,formal_msa,11,results/full181_supplement/raw/formal_msa/seed11/boltz_results_full_blind_msa/predictions/full_blind_msa/full_blind_msa_model_0.pdb,143,143,143,,GLN,H,33,33,,ASN,38,,CDR1,4.165663932676279,1,1
Full181,formal_msa,11,results/full181_supplement/raw/formal_msa/seed11/boltz_results_full_blind_msa/predictions/full_blind_msa/full_blind_msa_model_0.pdb,143,143,143,,GLN,H,35,35,,TYR,40,,FR2,4.414878933787426,1,1
Full181,formal_msa,11,results/full181_supplement/raw/formal_msa/seed11/boltz_results_full_blind_msa/predictions/full_blind_msa/full_blind_msa_model_0.pdb,143,143,143,,GLN,H,98,98,,TRP,107,,CDR3,0.7988710784600979,1,1
Full181,formal_msa,11,results/full181_supplement/raw/formal_msa/seed11/boltz_results_full_blind_msa/predictions/full_blind_msa/full_blind_msa_model_0.pdb,143,143,143,,GLN,H,99,99,,GLU,108,,CDR3,2.925532088355895,1,1
Full181,formal_msa,11,results/full181_supplement/raw/formal_msa/seed11/boltz_results_full_blind_msa/predictions/full_blind_msa/full_blind_msa_model_0.pdb,143,143,143,,GLN,H,100,100,,ILE,109,,CDR3,3.0433642568710044,1,1
Full181,formal_msa,11,results/full181_supplement/raw/formal_msa/seed11/boltz_results_full_blind_msa/predictions/full_blind_msa/full_blind_msa_model_0.pdb,143,143,143,,GLN,H,102,102,,ASP,111,,CDR3,4.895677583338184,0,1
Full181,formal_msa,11,results/full181_supplement/raw/formal_msa/seed11/boltz_results_full_blind_msa/predictions/full_blind_msa/full_blind_msa_model_0.pdb,143,143,143,,GLN,H,103,103,,PRO,112,,CDR3,3.3359737708801016,1,1
Full181,formal_msa,11,results/full181_supplement/raw/formal_msa/seed11/boltz_results_full_blind_msa/predictions/full_blind_msa/full_blind_msa_model_0.pdb,143,143,143,,GLN,H,104,104,,TRP,113,,CDR3,4.140505766207795,1,1
Full181,formal_msa,11,results/full181_supplement/raw/formal_msa/seed11/boltz_results_full_blind_msa/predictions/full_blind_msa/full_blind_msa_model_0.pdb,144,144,144,,ARG,H,100,100,,ILE,109,,CDR3,4.905813795895642,0,1
Full181,formal_msa,11,results/full181_supplement/raw/formal_msa/seed11/boltz_results_full_blind_msa/predictions/full_blind_msa/full_blind_msa_model_0.pdb,144,144,144,,ARG,H,103,103,,PRO,112,,CDR3,4.822993779801089,0,1
Full181,formal_msa,11,results/full181_supplement/raw/formal_msa/seed11/boltz_results_full_blind_msa/predictions/full_blind_msa/full_blind_msa_model_0.pdb,144,144,144,,ARG,H,104,104,,TRP,113,,CDR3,4.05988435795898,1,1
Full181,formal_msa,11,results/full181_supplement/raw/formal_msa/seed11/boltz_results_full_blind_msa/predictions/full_blind_msa/full_blind_msa_model_0.pdb,146,146,146,,LEU,H,30,30,,THR,35,,CDR1,4.086882919781286,1,1
Full181,formal_msa,11,results/full181_supplement/raw/formal_msa/seed11/boltz_results_full_blind_msa/predictions/full_blind_msa/full_blind_msa_model_0.pdb,146,146,146,,LEU,H,31,31,,ASP,36,,CDR1,3.4429301474180387,1,1
Full181,formal_msa,11,results/full181_supplement/raw/formal_msa/seed11/boltz_results_full_blind_msa/predictions/full_blind_msa/full_blind_msa_model_0.pdb,146,146,146,,LEU,H,32,32,,TYR,37,,CDR1,4.485403995182597,1,1
Full181,formal_msa,11,results/full181_supplement/raw/formal_msa/seed11/boltz_results_full_blind_msa/predictions/full_blind_msa/full_blind_msa_model_0.pdb,146,146,146,,LEU,H,33,33,,ASN,38,,CDR1,4.485405332854546,1,1
Full181,formal_msa,11,results/full181_supplement/raw/formal_msa/seed11/boltz_results_full_blind_msa/predictions/full_blind_msa/full_blind_msa_model_0.pdb,146,146,146,,LEU,H,53,53,,TYR,59,,CDR2,4.812179859481563,0,1
Full181,formal_msa,11,results/full181_supplement/raw/formal_msa/seed11/boltz_results_full_blind_msa/predictions/full_blind_msa/full_blind_msa_model_0.pdb,146,146,146,,LEU,H,100,100,,ILE,109,,CDR3,3.1299346638548227,1,1
Full181,formal_msa,11,results/full181_supplement/raw/formal_msa/seed11/boltz_results_full_blind_msa/predictions/full_blind_msa/full_blind_msa_model_0.pdb,147,147,147,,LEU,H,100,100,,ILE,109,,CDR3,3.4421892742846087,1,1
Full181,formal_msa,11,results/full181_supplement/raw/formal_msa/seed11/boltz_results_full_blind_msa/predictions/full_blind_msa/full_blind_msa_model_0.pdb,147,147,147,,LEU,H,101,101,,THR,110,,CDR3,3.88335177391902,1,1
Full181,formal_msa,11,results/full181_supplement/raw/formal_msa/seed11/boltz_results_full_blind_msa/predictions/full_blind_msa/full_blind_msa_model_0.pdb,149,149,149,,ARG,H,30,30,,THR,35,,CDR1,3.1130894622544982,1,1
Full181,formal_msa,11,results/full181_supplement/raw/formal_msa/seed11/boltz_results_full_blind_msa/predictions/full_blind_msa/full_blind_msa_model_0.pdb,149,149,149,,ARG,H,31,31,,ASP,36,,CDR1,4.592722068664726,0,1
Full181,formal_msa,11,results/full181_supplement/raw/formal_msa/seed11/boltz_results_full_blind_msa/predictions/full_blind_msa/full_blind_msa_model_0.pdb,149,149,149,,ARG,H,53,53,,TYR,59,,CDR2,4.91550078832259,0,1
Full181,formal_msa,11,results/full181_supplement/raw/formal_msa/seed11/boltz_results_full_blind_msa/predictions/full_blind_msa/full_blind_msa_model_0.pdb,150,150,150,,ARG,H,31,31,,ASP,36,,CDR1,3.397782806478366,1,1
Full181,formal_msa,11,results/full181_supplement/raw/formal_msa/seed11/boltz_results_full_blind_msa/predictions/full_blind_msa/full_blind_msa_model_0.pdb,150,150,150,,ARG,H,32,32,,TYR,37,,CDR1,3.420557410715393,1,1
Full181,formal_msa,11,results/full181_supplement/raw/formal_msa/seed11/boltz_results_full_blind_msa/predictions/full_blind_msa/full_blind_msa_model_0.pdb,150,150,150,,ARG,H,100,100,,ILE,109,,CDR3,2.5835496898647023,1,1
Full181,formal_msa,11,results/full181_supplement/raw/formal_msa/seed11/boltz_results_full_blind_msa/predictions/full_blind_msa/full_blind_msa_model_0.pdb,150,150,150,,ARG,H,101,101,,THR,110,,CDR3,4.531409824767564,0,1
Full181,formal_msa,12,results/full181_supplement/raw/formal_msa/seed12/boltz_results_full_blind_msa/predictions/full_blind_msa/full_blind_msa_model_0.pdb,89,89,89,,LYS,H,101,101,,THR,110,,CDR3,4.889192571376177,0,1
Full181,formal_msa,12,results/full181_supplement/raw/formal_msa/seed12/boltz_results_full_blind_msa/predictions/full_blind_msa/full_blind_msa_model_0.pdb,91,91,91,,TYR,H,101,101,,THR,110,,CDR3,4.040116334958685,1,1
Full181,formal_msa,12,results/full181_supplement/raw/formal_msa/seed12/boltz_results_full_blind_msa/predictions/full_blind_msa/full_blind_msa_model_0.pdb,92,92,92,,LEU,H,100,100,,ILE,109,,CDR3,3.743578368352932,1,1
Full181,formal_msa,12,results/full181_supplement/raw/formal_msa/seed12/boltz_results_full_blind_msa/predictions/full_blind_msa/full_blind_msa_model_0.pdb,92,92,92,,LEU,H,101,101,,THR,110,,CDR3,0.6690538094951708,1,1
Full181,formal_msa,12,results/full181_supplement/raw/formal_msa/seed12/boltz_results_full_blind_msa/predictions/full_blind_msa/full_blind_msa_model_0.pdb,92,92,92,,LEU,H,102,102,,ASP,111,,CDR3,4.606425729348081,0,1
Full181,formal_msa,12,results/full181_supplement/raw/formal_msa/seed12/boltz_results_full_blind_msa/predictions/full_blind_msa/full_blind_msa_model_0.pdb,93,93,93,,ASN,H,31,31,,ASP,36,,CDR1,4.230181556387385,1,1
Full181,formal_msa,12,results/full181_supplement/raw/formal_msa/seed12/boltz_results_full_blind_msa/predictions/full_blind_msa/full_blind_msa_model_0.pdb,93,93,93,,ASN,H,99,99,,GLU,108,,CDR3,3.9035528688619037,1,1
Full181,formal_msa,12,results/full181_supplement/raw/formal_msa/seed12/boltz_results_full_blind_msa/predictions/full_blind_msa/full_blind_msa_model_0.pdb,93,93,93,,ASN,H,100,100,,ILE,109,,CDR3,4.793671453072269,0,1
Full181,formal_msa,12,results/full181_supplement/raw/formal_msa/seed12/boltz_results_full_blind_msa/predictions/full_blind_msa/full_blind_msa_model_0.pdb,93,93,93,,ASN,H,101,101,,THR,110,,CDR3,2.2397156069465605,1,1
Full181,formal_msa,12,results/full181_supplement/raw/formal_msa/seed12/boltz_results_full_blind_msa/predictions/full_blind_msa/full_blind_msa_model_0.pdb,93,93,93,,ASN,H,102,102,,ASP,111,,CDR3,4.473138160173459,1,1
Full181,formal_msa,12,results/full181_supplement/raw/formal_msa/seed12/boltz_results_full_blind_msa/predictions/full_blind_msa/full_blind_msa_model_0.pdb,94,94,94,,THR,H,101,101,,THR,110,,CDR3,3.722154483629071,1,1
Full181,formal_msa,12,results/full181_supplement/raw/formal_msa/seed12/boltz_results_full_blind_msa/predictions/full_blind_msa/full_blind_msa_model_0.pdb,96,96,96,,PHE,H,100,100,,ILE,109,,CDR3,1.822642861341739,1,1
Full181,formal_msa,12,results/full181_supplement/raw/formal_msa/seed12/boltz_results_full_blind_msa/predictions/full_blind_msa/full_blind_msa_model_0.pdb,96,96,96,,PHE,H,101,101,,THR,110,,CDR3,4.488430794832421,1,1
Full181,formal_msa,12,results/full181_supplement/raw/formal_msa/seed12/boltz_results_full_blind_msa/predictions/full_blind_msa/full_blind_msa_model_0.pdb,96,96,96,,PHE,H,104,104,,TRP,113,,CDR3,4.71959299092623,0,1
Full181,formal_msa,12,results/full181_supplement/raw/formal_msa/seed12/boltz_results_full_blind_msa/predictions/full_blind_msa/full_blind_msa_model_0.pdb,97,97,97,,LYS,H,28,28,,SER,29,,CDR1,4.956601557519021,0,1
Full181,formal_msa,12,results/full181_supplement/raw/formal_msa/seed12/boltz_results_full_blind_msa/predictions/full_blind_msa/full_blind_msa_model_0.pdb,97,97,97,,LYS,H,30,30,,THR,35,,CDR1,4.7272661232471345,0,1
Full181,formal_msa,12,results/full181_supplement/raw/formal_msa/seed12/boltz_results_full_blind_msa/predictions/full_blind_msa/full_blind_msa_model_0.pdb,97,97,97,,LYS,H,31,31,,ASP,36,,CDR1,1.0765342539835874,1,1
Full181,formal_msa,12,results/full181_supplement/raw/formal_msa/seed12/boltz_results_full_blind_msa/predictions/full_blind_msa/full_blind_msa_model_0.pdb,97,97,97,,LYS,H,32,32,,TYR,37,,CDR1,2.452848751961686,1,1
Full181,formal_msa,12,results/full181_supplement/raw/formal_msa/seed12/boltz_results_full_blind_msa/predictions/full_blind_msa/full_blind_msa_model_0.pdb,97,97,97,,LYS,H,33,33,,ASN,38,,CDR1,3.5198757080328846,1,1
Full181,formal_msa,12,results/full181_supplement/raw/formal_msa/seed12/boltz_results_full_blind_msa/predictions/full_blind_msa/full_blind_msa_model_0.pdb,97,97,97,,LYS,H,98,98,,TRP,107,,CDR3,4.694982002095429,0,1
Full181,formal_msa,12,results/full181_supplement/raw/formal_msa/seed12/boltz_results_full_blind_msa/predictions/full_blind_msa/full_blind_msa_model_0.pdb,97,97,97,,LYS,H,100,100,,ILE,109,,CDR3,1.7418200251461111,1,1
Full181,formal_msa,12,results/full181_supplement/raw/formal_msa/seed12/boltz_results_full_blind_msa/predictions/full_blind_msa/full_blind_msa_model_0.pdb,97,97,97,,LYS,H,101,101,,THR,110,,CDR3,3.716425298590031,1,1
Full181,formal_msa,12,results/full181_supplement/raw/formal_msa/seed12/boltz_results_full_blind_msa/predictions/full_blind_msa/full_blind_msa_model_0.pdb,98,98,98,,ASN,H,30,30,,THR,35,,CDR1,3.7876996977057193,1,1
Full181,formal_msa,12,results/full181_supplement/raw/formal_msa/seed12/boltz_results_full_blind_msa/predictions/full_blind_msa/full_blind_msa_model_0.pdb,98,98,98,,ASN,H,31,31,,ASP,36,,CDR1,4.532345308998423,0,1
Full181,formal_msa,12,results/full181_supplement/raw/formal_msa/seed12/boltz_results_full_blind_msa/predictions/full_blind_msa/full_blind_msa_model_0.pdb,98,98,98,,ASN,H,33,33,,ASN,38,,CDR1,4.963122505036521,0,1
Full181,formal_msa,12,results/full181_supplement/raw/formal_msa/seed12/boltz_results_full_blind_msa/predictions/full_blind_msa/full_blind_msa_model_0.pdb,98,98,98,,ASN,H,53,53,,TYR,59,,CDR2,1.972240603983196,1,1
Full181,formal_msa,12,results/full181_supplement/raw/formal_msa/seed12/boltz_results_full_blind_msa/predictions/full_blind_msa/full_blind_msa_model_0.pdb,98,98,98,,ASN,H,100,100,,ILE,109,,CDR3,4.124609799726514,1,1
Full181,formal_msa,12,results/full181_supplement/raw/formal_msa/seed12/boltz_results_full_blind_msa/predictions/full_blind_msa/full_blind_msa_model_0.pdb,99,99,99,,TYR,H,100,100,,ILE,109,,CDR3,4.542203099818412,0,1
Full181,formal_msa,12,results/full181_supplement/raw/formal_msa/seed12/boltz_results_full_blind_msa/predictions/full_blind_msa/full_blind_msa_model_0.pdb,100,100,100,,HIS,H,35,35,,TYR,40,,FR2,3.5308217173910097,1,1
Full181,formal_msa,12,results/full181_supplement/raw/formal_msa/seed12/boltz_results_full_blind_msa/predictions/full_blind_msa/full_blind_msa_model_0.pdb,100,100,100,,HIS,H,98,98,,TRP,107,,CDR3,3.6880002711496647,1,1
Full181,formal_msa,12,results/full181_supplement/raw/formal_msa/seed12/boltz_results_full_blind_msa/predictions/full_blind_msa/full_blind_msa_model_0.pdb,100,100,100,,HIS,H,100,100,,ILE,109,,CDR3,2.330260929595654,1,1
Full181,formal_msa,12,results/full181_supplement/raw/formal_msa/seed12/boltz_results_full_blind_msa/predictions/full_blind_msa/full_blind_msa_model_0.pdb,100,100,100,,HIS,H,104,104,,TRP,113,,CDR3,2.4095532780994904,1,1
Full181,formal_msa,12,results/full181_supplement/raw/formal_msa/seed12/boltz_results_full_blind_msa/predictions/full_blind_msa/full_blind_msa_model_0.pdb,100,100,100,,HIS,L,90,90,,TYR,107,,CDR3,4.39337842667804,1,1
Full181,formal_msa,12,results/full181_supplement/raw/formal_msa/seed12/boltz_results_full_blind_msa/predictions/full_blind_msa/full_blind_msa_model_0.pdb,100,100,100,,HIS,L,93,93,,TYR,114,,CDR3,3.8374916286553646,1,1
Full181,formal_msa,12,results/full181_supplement/raw/formal_msa/seed12/boltz_results_full_blind_msa/predictions/full_blind_msa/full_blind_msa_model_0.pdb,100,100,100,,HIS,L,95,95,,TYR,116,,CDR3,1.828758048512705,1,1
Full181,formal_msa,12,results/full181_supplement/raw/formal_msa/seed12/boltz_results_full_blind_msa/predictions/full_blind_msa/full_blind_msa_model_0.pdb,101,101,101,,SER,H,33,33,,ASN,38,,CDR1,4.426419094482582,1,1
Full181,formal_msa,12,results/full181_supplement/raw/formal_msa/seed12/boltz_results_full_blind_msa/predictions/full_blind_msa/full_blind_msa_model_0.pdb,101,101,101,,SER,H,50,50,,ILE,56,,CDR2,3.704372011556074,1,1
Full181,formal_msa,12,results/full181_supplement/raw/formal_msa/seed12/boltz_results_full_blind_msa/predictions/full_blind_msa/full_blind_msa_model_0.pdb,101,101,101,,SER,H,52,52,,PRO,58,,CDR2,3.9905665011374016,1,1
Full181,formal_msa,12,results/full181_supplement/raw/formal_msa/seed12/boltz_results_full_blind_msa/predictions/full_blind_msa/full_blind_msa_model_0.pdb,101,101,101,,SER,H,54,54,,ASN,62,,CDR2,4.92318118699688,0,1
Full181,formal_msa,12,results/full181_supplement/raw/formal_msa/seed12/boltz_results_full_blind_msa/predictions/full_blind_msa/full_blind_msa_model_0.pdb,101,101,101,,SER,L,93,93,,TYR,114,,CDR3,3.865323919156064,1,1
Full181,formal_msa,12,results/full181_supplement/raw/formal_msa/seed12/boltz_results_full_blind_msa/predictions/full_blind_msa/full_blind_msa_model_0.pdb,102,102,102,,LYS,H,54,54,,ASN,62,,CDR2,3.4636265676311,1,1
Full181,formal_msa,12,results/full181_supplement/raw/formal_msa/seed12/boltz_results_full_blind_msa/predictions/full_blind_msa/full_blind_msa_model_0.pdb,102,102,102,,LYS,H,56,56,,ASP,64,,CDR2,4.214958718659057,1,1
Full181,formal_msa,12,results/full181_supplement/raw/formal_msa/seed12/boltz_results_full_blind_msa/predictions/full_blind_msa/full_blind_msa_model_0.pdb,104,104,104,,ALA,L,93,93,,TYR,114,,CDR3,2.2507392119035026,1,1
Full181,formal_msa,12,results/full181_supplement/raw/formal_msa/seed12/boltz_results_full_blind_msa/predictions/full_blind_msa/full_blind_msa_model_0.pdb,104,104,104,,ALA,L,95,95,,TYR,116,,CDR3,4.973191932753049,0,1
Full181,formal_msa,12,results/full181_supplement/raw/formal_msa/seed12/boltz_results_full_blind_msa/predictions/full_blind_msa/full_blind_msa_model_0.pdb,105,105,105,,LYS,H,56,56,,ASP,64,,CDR2,2.6546604302622216,1,1
Full181,formal_msa,12,results/full181_supplement/raw/formal_msa/seed12/boltz_results_full_blind_msa/predictions/full_blind_msa/full_blind_msa_model_0.pdb,105,105,105,,LYS,H,57,57,,THR,65,,CDR2,4.1436168983148045,1,1
Full181,formal_msa,12,results/full181_supplement/raw/formal_msa/seed12/boltz_results_full_blind_msa/predictions/full_blind_msa/full_blind_msa_model_0.pdb,105,105,105,,LYS,H,58,58,,SER,66,,FR3,4.482491048513091,1,1
Full181,formal_msa,12,results/full181_supplement/raw/formal_msa/seed12/boltz_results_full_blind_msa/predictions/full_blind_msa/full_blind_msa_model_0.pdb,109,109,109,,LEU,L,90,90,,TYR,107,,CDR3,4.20272685288968,1,1
Full181,formal_msa,12,results/full181_supplement/raw/formal_msa/seed12/boltz_results_full_blind_msa/predictions/full_blind_msa/full_blind_msa_model_0.pdb,109,109,109,,LEU,L,91,91,,SER,108,,CDR3,2.284037871840132,1,1
Full181,formal_msa,12,results/full181_supplement/raw/formal_msa/seed12/boltz_results_full_blind_msa/predictions/full_blind_msa/full_blind_msa_model_0.pdb,109,109,109,,LEU,L,92,92,,SER,109,,CDR3,3.2179734305926146,1,1
Full181,formal_msa,12,results/full181_supplement/raw/formal_msa/seed12/boltz_results_full_blind_msa/predictions/full_blind_msa/full_blind_msa_model_0.pdb,109,109,109,,LEU,L,93,93,,TYR,114,,CDR3,3.5425705356421626,1,1
Full181,formal_msa,12,results/full181_supplement/raw/formal_msa/seed12/boltz_results_full_blind_msa/predictions/full_blind_msa/full_blind_msa_model_0.pdb,109,109,109,,LEU,L,95,95,,TYR,116,,CDR3,4.0603489997782205,1,1
Full181,formal_msa,12,results/full181_supplement/raw/formal_msa/seed12/boltz_results_full_blind_msa/predictions/full_blind_msa/full_blind_msa_model_0.pdb,110,110,110,,ARG,L,27,27,,GLN,27,,CDR1,4.0913518548274475,1,1
Full181,formal_msa,12,results/full181_supplement/raw/formal_msa/seed12/boltz_results_full_blind_msa/predictions/full_blind_msa/full_blind_msa_model_0.pdb,110,110,110,,ARG,L,28,28,,ASP,28,,CDR1,1.8743737620869527,1,1
Full181,formal_msa,12,results/full181_supplement/raw/formal_msa/seed12/boltz_results_full_blind_msa/predictions/full_blind_msa/full_blind_msa_model_0.pdb,110,110,110,,ARG,L,29,29,,VAL,29,,CDR1,2.7016665227225958,1,1
Full181,formal_msa,12,results/full181_supplement/raw/formal_msa/seed12/boltz_results_full_blind_msa/predictions/full_blind_msa/full_blind_msa_model_0.pdb,110,110,110,,ARG,L,30,30,,GLY,36,,CDR1,3.114943498685009,1,1
Full181,formal_msa,12,results/full181_supplement/raw/formal_msa/seed12/boltz_results_full_blind_msa/predictions/full_blind_msa/full_blind_msa_model_0.pdb,110,110,110,,ARG,L,91,91,,SER,108,,CDR3,3.5094652014231453,1,1
Full181,formal_msa,12,results/full181_supplement/raw/formal_msa/seed12/boltz_results_full_blind_msa/predictions/full_blind_msa/full_blind_msa_model_0.pdb,112,112,112,,PHE,H,100,100,,ILE,109,,CDR3,3.8751651577706987,1,1
Full181,formal_msa,12,results/full181_supplement/raw/formal_msa/seed12/boltz_results_full_blind_msa/predictions/full_blind_msa/full_blind_msa_model_0.pdb,112,112,112,,PHE,H,104,104,,TRP,113,,CDR3,2.6120026799373695,1,1
Full181,formal_msa,12,results/full181_supplement/raw/formal_msa/seed12/boltz_results_full_blind_msa/predictions/full_blind_msa/full_blind_msa_model_0.pdb,113,113,113,,SER,H,104,104,,TRP,113,,CDR3,4.253272152120059,1,1
Full181,formal_msa,12,results/full181_supplement/raw/formal_msa/seed12/boltz_results_full_blind_msa/predictions/full_blind_msa/full_blind_msa_model_0.pdb,113,113,113,,SER,L,32,32,,ALA,38,,CDR1,3.8945551735724586,1,1
Full181,formal_msa,12,results/full181_supplement/raw/formal_msa/seed12/boltz_results_full_blind_msa/predictions/full_blind_msa/full_blind_msa_model_0.pdb,113,113,113,,SER,L,50,50,,TRP,56,,CDR2,3.0814671830152602,1,1
Full181,formal_msa,12,results/full181_supplement/raw/formal_msa/seed12/boltz_results_full_blind_msa/predictions/full_blind_msa/full_blind_msa_model_0.pdb,113,113,113,,SER,L,90,90,,TYR,107,,CDR3,4.141074860467992,1,1
Full181,formal_msa,12,results/full181_supplement/raw/formal_msa/seed12/boltz_results_full_blind_msa/predictions/full_blind_msa/full_blind_msa_model_0.pdb,113,113,113,,SER,L,91,91,,SER,108,,CDR3,4.48443195956857,1,1
Full181,formal_msa,12,results/full181_supplement/raw/formal_msa/seed12/boltz_results_full_blind_msa/predictions/full_blind_msa/full_blind_msa_model_0.pdb,114,114,114,,THR,L,50,50,,TRP,56,,CDR2,4.85598661447908,0,1
Full181,formal_msa,12,results/full181_supplement/raw/formal_msa/seed12/boltz_results_full_blind_msa/predictions/full_blind_msa/full_blind_msa_model_0.pdb,116,116,116,,ALA,H,100,100,,ILE,109,,CDR3,4.785524527154783,0,1
Full181,formal_msa,12,results/full181_supplement/raw/formal_msa/seed12/boltz_results_full_blind_msa/predictions/full_blind_msa/full_blind_msa_model_0.pdb,116,116,116,,ALA,H,104,104,,TRP,113,,CDR3,3.1219590003714015,1,1
Full181,formal_msa,12,results/full181_supplement/raw/formal_msa/seed12/boltz_results_full_blind_msa/predictions/full_blind_msa/full_blind_msa_model_0.pdb,116,116,116,,ALA,L,50,50,,TRP,56,,CDR2,3.9227967064327967,1,1
Full181,formal_msa,12,results/full181_supplement/raw/formal_msa/seed12/boltz_results_full_blind_msa/predictions/full_blind_msa/full_blind_msa_model_0.pdb,117,117,117,,ASN,L,31,31,,THR,37,,CDR1,2.527233665492766,1,1
Full181,formal_msa,12,results/full181_supplement/raw/formal_msa/seed12/boltz_results_full_blind_msa/predictions/full_blind_msa/full_blind_msa_model_0.pdb,117,117,117,,ASN,L,50,50,,TRP,56,,CDR2,1.8888234433106765,1,1
Full181,formal_msa,12,results/full181_supplement/raw/formal_msa/seed12/boltz_results_full_blind_msa/predictions/full_blind_msa/full_blind_msa_model_0.pdb,120,120,120,,ILE,H,101,101,,THR,110,,CDR3,3.2733898331851647,1,1
Full181,formal_msa,12,results/full181_supplement/raw/formal_msa/seed12/boltz_results_full_blind_msa/predictions/full_blind_msa/full_blind_msa_model_0.pdb,120,120,120,,ILE,H,102,102,,ASP,111,,CDR3,4.6095718890152915,0,1
Full181,formal_msa,12,results/full181_supplement/raw/formal_msa/seed12/boltz_results_full_blind_msa/predictions/full_blind_msa/full_blind_msa_model_0.pdb,120,120,120,,ILE,H,104,104,,TRP,113,,CDR3,4.237098417549444,1,1
Full181,formal_msa,12,results/full181_supplement/raw/formal_msa/seed12/boltz_results_full_blind_msa/predictions/full_blind_msa/full_blind_msa_model_0.pdb,120,120,120,,ILE,L,49,49,,TYR,55,,FR2,4.284709208336081,1,1
Full181,formal_msa,12,results/full181_supplement/raw/formal_msa/seed12/boltz_results_full_blind_msa/predictions/full_blind_msa/full_blind_msa_model_0.pdb,120,120,120,,ILE,L,50,50,,TRP,56,,CDR2,2.848981221419334,1,1
Full181,formal_msa,12,results/full181_supplement/raw/formal_msa/seed12/boltz_results_full_blind_msa/predictions/full_blind_msa/full_blind_msa_model_0.pdb,120,120,120,,ILE,L,53,53,,ARG,66,,FR3,2.2549554319320815,1,1
Full181,formal_msa,12,results/full181_supplement/raw/formal_msa/seed12/boltz_results_full_blind_msa/predictions/full_blind_msa/full_blind_msa_model_0.pdb,121,121,121,,VAL,L,53,53,,ARG,66,,FR3,4.126591571745379,1,1
Full181,formal_msa,12,results/full181_supplement/raw/formal_msa/seed12/boltz_results_full_blind_msa/predictions/full_blind_msa/full_blind_msa_model_0.pdb,123,123,123,,MET,H,102,102,,ASP,111,,CDR3,4.17298562183001,1,1
Full181,formal_msa,12,results/full181_supplement/raw/formal_msa/seed12/boltz_results_full_blind_msa/predictions/full_blind_msa/full_blind_msa_model_0.pdb,124,124,124,,SER,L,53,53,,ARG,66,,FR3,3.9272413982336256,1,1
Full181,formal_msa,12,results/full181_supplement/raw/formal_msa/seed12/boltz_results_full_blind_msa/predictions/full_blind_msa/full_blind_msa_model_0.pdb,157,157,157,,THR,H,53,53,,TYR,59,,CDR2,3.268956102488989,1,1
Full181,formal_msa,12,results/full181_supplement/raw/formal_msa/seed12/boltz_results_full_blind_msa/predictions/full_blind_msa/full_blind_msa_model_0.pdb,158,158,158,,GLU,H,54,54,,ASN,62,,CDR2,4.098423355389241,1,1
Full181,formal_msa,12,results/full181_supplement/raw/formal_msa/seed12/boltz_results_full_blind_msa/predictions/full_blind_msa/full_blind_msa_model_0.pdb,161,161,161,,LEU,H,53,53,,TYR,59,,CDR2,3.2149740278888728,1,1
Full181,formal_msa,13,results/full181_supplement/raw/formal_msa/seed13/boltz_results_full_blind_msa/predictions/full_blind_msa/full_blind_msa_model_0.pdb,1,1,1,,MET,H,54,54,,ASN,62,,CDR2,3.3687439795864575,1,1
Full181,formal_msa,13,results/full181_supplement/raw/formal_msa/seed13/boltz_results_full_blind_msa/predictions/full_blind_msa/full_blind_msa_model_0.pdb,1,1,1,,MET,H,55,55,,ASP,63,,CDR2,4.438913493187269,1,1
Full181,formal_msa,13,results/full181_supplement/raw/formal_msa/seed13/boltz_results_full_blind_msa/predictions/full_blind_msa/full_blind_msa_model_0.pdb,73,73,73,,ARG,H,102,102,,ASP,111,,CDR3,4.301622600833317,1,1
Full181,formal_msa,13,results/full181_supplement/raw/formal_msa/seed13/boltz_results_full_blind_msa/predictions/full_blind_msa/full_blind_msa_model_0.pdb,79,79,79,,GLU,H,104,104,,TRP,113,,CDR3,4.840663384289389,0,1
Full181,formal_msa,13,results/full181_supplement/raw/formal_msa/seed13/boltz_results_full_blind_msa/predictions/full_blind_msa/full_blind_msa_model_0.pdb,132,132,132,,ASN,H,58,58,,SER,66,,FR3,4.341731797336173,1,1
Full181,formal_msa,13,results/full181_supplement/raw/formal_msa/seed13/boltz_results_full_blind_msa/predictions/full_blind_msa/full_blind_msa_model_0.pdb,132,132,132,,ASN,H,59,59,,TYR,67,,FR3,4.737064386305088,0,1
Full181,formal_msa,13,results/full181_supplement/raw/formal_msa/seed13/boltz_results_full_blind_msa/predictions/full_blind_msa/full_blind_msa_model_0.pdb,132,132,132,,ASN,H,61,61,,GLN,69,,FR3,3.923006627575335,1,1
Full181,formal_msa,13,results/full181_supplement/raw/formal_msa/seed13/boltz_results_full_blind_msa/predictions/full_blind_msa/full_blind_msa_model_0.pdb,132,132,132,,ASN,H,64,64,,LYS,72,,FR3,4.121633050139229,1,1
Full181,formal_msa,13,results/full181_supplement/raw/formal_msa/seed13/boltz_results_full_blind_msa/predictions/full_blind_msa/full_blind_msa_model_0.pdb,132,132,132,,ASN,L,93,93,,TYR,114,,CDR3,3.7063592648311907,1,1
Full181,formal_msa,13,results/full181_supplement/raw/formal_msa/seed13/boltz_results_full_blind_msa/predictions/full_blind_msa/full_blind_msa_model_0.pdb,133,133,133,,SER,L,92,92,,SER,109,,CDR3,4.2969669535615465,1,1
Full181,formal_msa,13,results/full181_supplement/raw/formal_msa/seed13/boltz_results_full_blind_msa/predictions/full_blind_msa/full_blind_msa_model_0.pdb,133,133,133,,SER,L,93,93,,TYR,114,,CDR3,4.874151926232911,0,1
Full181,formal_msa,13,results/full181_supplement/raw/formal_msa/seed13/boltz_results_full_blind_msa/predictions/full_blind_msa/full_blind_msa_model_0.pdb,135,135,135,,LEU,H,47,47,,TRP,52,,FR2,4.122038573327522,1,1
Full181,formal_msa,13,results/full181_supplement/raw/formal_msa/seed13/boltz_results_full_blind_msa/predictions/full_blind_msa/full_blind_msa_model_0.pdb,135,135,135,,LEU,H,50,50,,ILE,56,,CDR2,4.361262546556904,1,1
Full181,formal_msa,13,results/full181_supplement/raw/formal_msa/seed13/boltz_results_full_blind_msa/predictions/full_blind_msa/full_blind_msa_model_0.pdb,135,135,135,,LEU,H,58,58,,SER,66,,FR3,3.249488267404577,1,1
Full181,formal_msa,13,results/full181_supplement/raw/formal_msa/seed13/boltz_results_full_blind_msa/predictions/full_blind_msa/full_blind_msa_model_0.pdb,135,135,135,,LEU,L,93,93,,TYR,114,,CDR3,2.3967148349355205,1,1
Full181,formal_msa,13,results/full181_supplement/raw/formal_msa/seed13/boltz_results_full_blind_msa/predictions/full_blind_msa/full_blind_msa_model_0.pdb,135,135,135,,LEU,L,95,95,,TYR,116,,CDR3,4.784005330264589,0,1
Full181,formal_msa,13,results/full181_supplement/raw/formal_msa/seed13/boltz_results_full_blind_msa/predictions/full_blind_msa/full_blind_msa_model_0.pdb,136,136,136,,PRO,L,90,90,,TYR,107,,CDR3,3.6274237414451598,1,1
Full181,formal_msa,13,results/full181_supplement/raw/formal_msa/seed13/boltz_results_full_blind_msa/predictions/full_blind_msa/full_blind_msa_model_0.pdb,136,136,136,,PRO,L,91,91,,SER,108,,CDR3,3.243442307179211,1,1
Full181,formal_msa,13,results/full181_supplement/raw/formal_msa/seed13/boltz_results_full_blind_msa/predictions/full_blind_msa/full_blind_msa_model_0.pdb,136,136,136,,PRO,L,92,92,,SER,109,,CDR3,2.6510605424999265,1,1
Full181,formal_msa,13,results/full181_supplement/raw/formal_msa/seed13/boltz_results_full_blind_msa/predictions/full_blind_msa/full_blind_msa_model_0.pdb,136,136,136,,PRO,L,93,93,,TYR,114,,CDR3,2.7617738864722434,1,1
Full181,formal_msa,13,results/full181_supplement/raw/formal_msa/seed13/boltz_results_full_blind_msa/predictions/full_blind_msa/full_blind_msa_model_0.pdb,136,136,136,,PRO,L,95,95,,TYR,116,,CDR3,3.6794044355031152,1,1
Full181,formal_msa,13,results/full181_supplement/raw/formal_msa/seed13/boltz_results_full_blind_msa/predictions/full_blind_msa/full_blind_msa_model_0.pdb,139,139,139,,GLU,H,33,33,,ASN,38,,CDR1,1.707021089500654,1,1
Full181,formal_msa,13,results/full181_supplement/raw/formal_msa/seed13/boltz_results_full_blind_msa/predictions/full_blind_msa/full_blind_msa_model_0.pdb,139,139,139,,GLU,H,35,35,,TYR,40,,FR2,2.767881680997221,1,1
Full181,formal_msa,13,results/full181_supplement/raw/formal_msa/seed13/boltz_results_full_blind_msa/predictions/full_blind_msa/full_blind_msa_model_0.pdb,139,139,139,,GLU,H,50,50,,ILE,56,,CDR2,3.05329756165363,1,1
Full181,formal_msa,13,results/full181_supplement/raw/formal_msa/seed13/boltz_results_full_blind_msa/predictions/full_blind_msa/full_blind_msa_model_0.pdb,139,139,139,,GLU,H,52,52,,PRO,58,,CDR2,4.674856468384885,0,1
Full181,formal_msa,13,results/full181_supplement/raw/formal_msa/seed13/boltz_results_full_blind_msa/predictions/full_blind_msa/full_blind_msa_model_0.pdb,139,139,139,,GLU,H,98,98,,TRP,107,,CDR3,3.8180216081106715,1,1
Full181,formal_msa,13,results/full181_supplement/raw/formal_msa/seed13/boltz_results_full_blind_msa/predictions/full_blind_msa/full_blind_msa_model_0.pdb,139,139,139,,GLU,L,93,93,,TYR,114,,CDR3,3.315476888774826,1,1
Full181,formal_msa,13,results/full181_supplement/raw/formal_msa/seed13/boltz_results_full_blind_msa/predictions/full_blind_msa/full_blind_msa_model_0.pdb,139,139,139,,GLU,L,95,95,,TYR,116,,CDR3,4.278676197143224,1,1
Full181,formal_msa,13,results/full181_supplement/raw/formal_msa/seed13/boltz_results_full_blind_msa/predictions/full_blind_msa/full_blind_msa_model_0.pdb,140,140,140,,SER,H,104,104,,TRP,113,,CDR3,3.539829374419055,1,1
Full181,formal_msa,13,results/full181_supplement/raw/formal_msa/seed13/boltz_results_full_blind_msa/predictions/full_blind_msa/full_blind_msa_model_0.pdb,142,142,142,,HIS,H,33,33,,ASN,38,,CDR1,3.6175356252565085,1,1
Full181,formal_msa,13,results/full181_supplement/raw/formal_msa/seed13/boltz_results_full_blind_msa/predictions/full_blind_msa/full_blind_msa_model_0.pdb,142,142,142,,HIS,H,52,52,,PRO,58,,CDR2,4.271288096113396,1,1
Full181,formal_msa,13,results/full181_supplement/raw/formal_msa/seed13/boltz_results_full_blind_msa/predictions/full_blind_msa/full_blind_msa_model_0.pdb,142,142,142,,HIS,H,53,53,,TYR,59,,CDR2,3.1731533212248033,1,1
Full181,formal_msa,13,results/full181_supplement/raw/formal_msa/seed13/boltz_results_full_blind_msa/predictions/full_blind_msa/full_blind_msa_model_0.pdb,142,142,142,,HIS,H,54,54,,ASN,62,,CDR2,3.356537054763436,1,1
Full181,formal_msa,13,results/full181_supplement/raw/formal_msa/seed13/boltz_results_full_blind_msa/predictions/full_blind_msa/full_blind_msa_model_0.pdb,143,143,143,,GLN,H,33,33,,ASN,38,,CDR1,3.988875154727207,1,1
Full181,formal_msa,13,results/full181_supplement/raw/formal_msa/seed13/boltz_results_full_blind_msa/predictions/full_blind_msa/full_blind_msa_model_0.pdb,143,143,143,,GLN,H,35,35,,TYR,40,,FR2,4.308221326719416,1,1
Full181,formal_msa,13,results/full181_supplement/raw/formal_msa/seed13/boltz_results_full_blind_msa/predictions/full_blind_msa/full_blind_msa_model_0.pdb,143,143,143,,GLN,H,98,98,,TRP,107,,CDR3,1.1259817938137362,1,1
Full181,formal_msa,13,results/full181_supplement/raw/formal_msa/seed13/boltz_results_full_blind_msa/predictions/full_blind_msa/full_blind_msa_model_0.pdb,143,143,143,,GLN,H,99,99,,GLU,108,,CDR3,2.627471978918139,1,1
Full181,formal_msa,13,results/full181_supplement/raw/formal_msa/seed13/boltz_results_full_blind_msa/predictions/full_blind_msa/full_blind_msa_model_0.pdb,143,143,143,,GLN,H,100,100,,ILE,109,,CDR3,3.164144592144929,1,1
Full181,formal_msa,13,results/full181_supplement/raw/formal_msa/seed13/boltz_results_full_blind_msa/predictions/full_blind_msa/full_blind_msa_model_0.pdb,143,143,143,,GLN,H,101,101,,THR,110,,CDR3,4.9662563365174766,0,1
Full181,formal_msa,13,results/full181_supplement/raw/formal_msa/seed13/boltz_results_full_blind_msa/predictions/full_blind_msa/full_blind_msa_model_0.pdb,143,143,143,,GLN,H,104,104,,TRP,113,,CDR3,2.7147445552022016,1,1
Full181,formal_msa,13,results/full181_supplement/raw/formal_msa/seed13/boltz_results_full_blind_msa/predictions/full_blind_msa/full_blind_msa_model_0.pdb,144,144,144,,ARG,H,100,100,,ILE,109,,CDR3,4.200706369171737,1,1
Full181,formal_msa,13,results/full181_supplement/raw/formal_msa/seed13/boltz_results_full_blind_msa/predictions/full_blind_msa/full_blind_msa_model_0.pdb,144,144,144,,ARG,H,104,104,,TRP,113,,CDR3,3.3535713798874176,1,1
Full181,formal_msa,13,results/full181_supplement/raw/formal_msa/seed13/boltz_results_full_blind_msa/predictions/full_blind_msa/full_blind_msa_model_0.pdb,145,145,145,,PHE,H,53,53,,TYR,59,,CDR2,3.4328223082472538,1,1
Full181,formal_msa,13,results/full181_supplement/raw/formal_msa/seed13/boltz_results_full_blind_msa/predictions/full_blind_msa/full_blind_msa_model_0.pdb,146,146,146,,LEU,H,30,30,,THR,35,,CDR1,3.3300951938345547,1,1
Full181,formal_msa,13,results/full181_supplement/raw/formal_msa/seed13/boltz_results_full_blind_msa/predictions/full_blind_msa/full_blind_msa_model_0.pdb,146,146,146,,LEU,H,31,31,,ASP,36,,CDR1,3.167713844399459,1,1
Full181,formal_msa,13,results/full181_supplement/raw/formal_msa/seed13/boltz_results_full_blind_msa/predictions/full_blind_msa/full_blind_msa_model_0.pdb,146,146,146,,LEU,H,32,32,,TYR,37,,CDR1,4.0116282230535765,1,1
Full181,formal_msa,13,results/full181_supplement/raw/formal_msa/seed13/boltz_results_full_blind_msa/predictions/full_blind_msa/full_blind_msa_model_0.pdb,146,146,146,,LEU,H,33,33,,ASN,38,,CDR1,4.392182259424123,1,1
Full181,formal_msa,13,results/full181_supplement/raw/formal_msa/seed13/boltz_results_full_blind_msa/predictions/full_blind_msa/full_blind_msa_model_0.pdb,146,146,146,,LEU,H,53,53,,TYR,59,,CDR2,2.305107806589531,1,1
Full181,formal_msa,13,results/full181_supplement/raw/formal_msa/seed13/boltz_results_full_blind_msa/predictions/full_blind_msa/full_blind_msa_model_0.pdb,146,146,146,,LEU,H,100,100,,ILE,109,,CDR3,3.561468657730965,1,1
Full181,formal_msa,13,results/full181_supplement/raw/formal_msa/seed13/boltz_results_full_blind_msa/predictions/full_blind_msa/full_blind_msa_model_0.pdb,147,147,147,,LEU,H,100,100,,ILE,109,,CDR3,3.86350630904105,1,1
Full181,formal_msa,13,results/full181_supplement/raw/formal_msa/seed13/boltz_results_full_blind_msa/predictions/full_blind_msa/full_blind_msa_model_0.pdb,147,147,147,,LEU,H,101,101,,THR,110,,CDR3,4.081154248493924,1,1
Full181,formal_msa,13,results/full181_supplement/raw/formal_msa/seed13/boltz_results_full_blind_msa/predictions/full_blind_msa/full_blind_msa_model_0.pdb,149,149,149,,ARG,H,30,30,,THR,35,,CDR1,2.8960588737109605,1,1
Full181,formal_msa,13,results/full181_supplement/raw/formal_msa/seed13/boltz_results_full_blind_msa/predictions/full_blind_msa/full_blind_msa_model_0.pdb,149,149,149,,ARG,H,31,31,,ASP,36,,CDR1,4.65610889047926,0,1
Full181,formal_msa,13,results/full181_supplement/raw/formal_msa/seed13/boltz_results_full_blind_msa/predictions/full_blind_msa/full_blind_msa_model_0.pdb,149,149,149,,ARG,H,53,53,,TYR,59,,CDR2,1.9925142408524954,1,1
Full181,formal_msa,13,results/full181_supplement/raw/formal_msa/seed13/boltz_results_full_blind_msa/predictions/full_blind_msa/full_blind_msa_model_0.pdb,150,150,150,,ARG,H,31,31,,ASP,36,,CDR1,2.728201971995475,1,1
Full181,formal_msa,13,results/full181_supplement/raw/formal_msa/seed13/boltz_results_full_blind_msa/predictions/full_blind_msa/full_blind_msa_model_0.pdb,150,150,150,,ARG,H,32,32,,TYR,37,,CDR1,3.02573809177199,1,1
Full181,formal_msa,13,results/full181_supplement/raw/formal_msa/seed13/boltz_results_full_blind_msa/predictions/full_blind_msa/full_blind_msa_model_0.pdb,150,150,150,,ARG,H,100,100,,ILE,109,,CDR3,4.496097307665839,1,1
Full181,formal_msa,13,results/full181_supplement/raw/formal_msa/seed13/boltz_results_full_blind_msa/predictions/full_blind_msa/full_blind_msa_model_0.pdb,150,150,150,,ARG,H,101,101,,THR,110,,CDR3,4.150696688509051,1,1
Full181,formal_msa,14,results/full181_supplement/raw/formal_msa/seed14/boltz_results_full_blind_msa/predictions/full_blind_msa/full_blind_msa_model_0.pdb,25,25,25,,GLU,H,56,56,,ASP,64,,CDR2,4.918935250641138,0,1
Full181,formal_msa,14,results/full181_supplement/raw/formal_msa/seed14/boltz_results_full_blind_msa/predictions/full_blind_msa/full_blind_msa_model_0.pdb,86,86,86,,SER,H,54,54,,ASN,62,,CDR2,4.473898076621773,1,1
Full181,formal_msa,14,results/full181_supplement/raw/formal_msa/seed14/boltz_results_full_blind_msa/predictions/full_blind_msa/full_blind_msa_model_0.pdb,89,89,89,,LYS,H,54,54,,ASN,62,,CDR2,4.846558469677221,0,1
Full181,formal_msa,14,results/full181_supplement/raw/formal_msa/seed14/boltz_results_full_blind_msa/predictions/full_blind_msa/full_blind_msa_model_0.pdb,130,130,130,,LYS,H,55,55,,ASP,63,,CDR2,4.03227008024016,1,1
Full181,formal_msa,14,results/full181_supplement/raw/formal_msa/seed14/boltz_results_full_blind_msa/predictions/full_blind_msa/full_blind_msa_model_0.pdb,130,130,130,,LYS,H,56,56,,ASP,64,,CDR2,2.344961833378104,1,1
Full181,formal_msa,14,results/full181_supplement/raw/formal_msa/seed14/boltz_results_full_blind_msa/predictions/full_blind_msa/full_blind_msa_model_0.pdb,132,132,132,,ASN,H,58,58,,SER,66,,FR3,4.600299338086599,0,1
Full181,formal_msa,14,results/full181_supplement/raw/formal_msa/seed14/boltz_results_full_blind_msa/predictions/full_blind_msa/full_blind_msa_model_0.pdb,132,132,132,,ASN,H,59,59,,TYR,67,,FR3,3.7130952048122863,1,1
Full181,formal_msa,14,results/full181_supplement/raw/formal_msa/seed14/boltz_results_full_blind_msa/predictions/full_blind_msa/full_blind_msa_model_0.pdb,132,132,132,,ASN,H,61,61,,GLN,69,,FR3,1.8491690025522272,1,1
Full181,formal_msa,14,results/full181_supplement/raw/formal_msa/seed14/boltz_results_full_blind_msa/predictions/full_blind_msa/full_blind_msa_model_0.pdb,132,132,132,,ASN,H,64,64,,LYS,72,,FR3,3.45053111853813,1,1
Full181,formal_msa,14,results/full181_supplement/raw/formal_msa/seed14/boltz_results_full_blind_msa/predictions/full_blind_msa/full_blind_msa_model_0.pdb,132,132,132,,ASN,L,93,93,,TYR,114,,CDR3,4.33515870528404,1,1
Full181,formal_msa,14,results/full181_supplement/raw/formal_msa/seed14/boltz_results_full_blind_msa/predictions/full_blind_msa/full_blind_msa_model_0.pdb,135,135,135,,LEU,H,47,47,,TRP,52,,FR2,3.8101738805466607,1,1
Full181,formal_msa,14,results/full181_supplement/raw/formal_msa/seed14/boltz_results_full_blind_msa/predictions/full_blind_msa/full_blind_msa_model_0.pdb,135,135,135,,LEU,H,58,58,,SER,66,,FR3,2.3598035935221393,1,1
Full181,formal_msa,14,results/full181_supplement/raw/formal_msa/seed14/boltz_results_full_blind_msa/predictions/full_blind_msa/full_blind_msa_model_0.pdb,135,135,135,,LEU,H,59,59,,TYR,67,,FR3,3.7886158422305107,1,1
Full181,formal_msa,14,results/full181_supplement/raw/formal_msa/seed14/boltz_results_full_blind_msa/predictions/full_blind_msa/full_blind_msa_model_0.pdb,135,135,135,,LEU,L,93,93,,TYR,114,,CDR3,2.8546015483776355,1,1
Full181,formal_msa,14,results/full181_supplement/raw/formal_msa/seed14/boltz_results_full_blind_msa/predictions/full_blind_msa/full_blind_msa_model_0.pdb,136,136,136,,PRO,L,91,91,,SER,108,,CDR3,4.4394487270380765,1,1
Full181,formal_msa,14,results/full181_supplement/raw/formal_msa/seed14/boltz_results_full_blind_msa/predictions/full_blind_msa/full_blind_msa_model_0.pdb,136,136,136,,PRO,L,92,92,,SER,109,,CDR3,3.643833832654831,1,1
Full181,formal_msa,14,results/full181_supplement/raw/formal_msa/seed14/boltz_results_full_blind_msa/predictions/full_blind_msa/full_blind_msa_model_0.pdb,136,136,136,,PRO,L,93,93,,TYR,114,,CDR3,2.467089580862438,1,1
Full181,formal_msa,14,results/full181_supplement/raw/formal_msa/seed14/boltz_results_full_blind_msa/predictions/full_blind_msa/full_blind_msa_model_0.pdb,136,136,136,,PRO,L,95,95,,TYR,116,,CDR3,4.570930102287718,0,1
Full181,formal_msa,14,results/full181_supplement/raw/formal_msa/seed14/boltz_results_full_blind_msa/predictions/full_blind_msa/full_blind_msa_model_0.pdb,138,138,138,,SER,H,58,58,,SER,66,,FR3,4.7575617704870625,0,1
Full181,formal_msa,14,results/full181_supplement/raw/formal_msa/seed14/boltz_results_full_blind_msa/predictions/full_blind_msa/full_blind_msa_model_0.pdb,139,139,139,,GLU,H,33,33,,ASN,38,,CDR1,2.5889188863307404,1,1
Full181,formal_msa,14,results/full181_supplement/raw/formal_msa/seed14/boltz_results_full_blind_msa/predictions/full_blind_msa/full_blind_msa_model_0.pdb,139,139,139,,GLU,H,35,35,,TYR,40,,FR2,2.9884887485148743,1,1
Full181,formal_msa,14,results/full181_supplement/raw/formal_msa/seed14/boltz_results_full_blind_msa/predictions/full_blind_msa/full_blind_msa_model_0.pdb,139,139,139,,GLU,H,50,50,,ILE,56,,CDR2,2.7836379074872504,1,1
Full181,formal_msa,14,results/full181_supplement/raw/formal_msa/seed14/boltz_results_full_blind_msa/predictions/full_blind_msa/full_blind_msa_model_0.pdb,139,139,139,,GLU,H,98,98,,TRP,107,,CDR3,3.3331843633378573,1,1
Full181,formal_msa,14,results/full181_supplement/raw/formal_msa/seed14/boltz_results_full_blind_msa/predictions/full_blind_msa/full_blind_msa_model_0.pdb,139,139,139,,GLU,H,100,100,,ILE,109,,CDR3,4.236881636298092,1,1
Full181,formal_msa,14,results/full181_supplement/raw/formal_msa/seed14/boltz_results_full_blind_msa/predictions/full_blind_msa/full_blind_msa_model_0.pdb,139,139,139,,GLU,L,93,93,,TYR,114,,CDR3,3.1802381986260086,1,1
Full181,formal_msa,14,results/full181_supplement/raw/formal_msa/seed14/boltz_results_full_blind_msa/predictions/full_blind_msa/full_blind_msa_model_0.pdb,139,139,139,,GLU,L,95,95,,TYR,116,,CDR3,4.230635058711635,1,1
Full181,formal_msa,14,results/full181_supplement/raw/formal_msa/seed14/boltz_results_full_blind_msa/predictions/full_blind_msa/full_blind_msa_model_0.pdb,140,140,140,,SER,H,104,104,,TRP,113,,CDR3,3.2329062776393624,1,1
Full181,formal_msa,14,results/full181_supplement/raw/formal_msa/seed14/boltz_results_full_blind_msa/predictions/full_blind_msa/full_blind_msa_model_0.pdb,142,142,142,,HIS,H,33,33,,ASN,38,,CDR1,3.211832031722705,1,1
Full181,formal_msa,14,results/full181_supplement/raw/formal_msa/seed14/boltz_results_full_blind_msa/predictions/full_blind_msa/full_blind_msa_model_0.pdb,142,142,142,,HIS,H,52,52,,PRO,58,,CDR2,4.139728855855175,1,1
Full181,formal_msa,14,results/full181_supplement/raw/formal_msa/seed14/boltz_results_full_blind_msa/predictions/full_blind_msa/full_blind_msa_model_0.pdb,142,142,142,,HIS,H,53,53,,TYR,59,,CDR2,4.331948637737987,1,1
Full181,formal_msa,14,results/full181_supplement/raw/formal_msa/seed14/boltz_results_full_blind_msa/predictions/full_blind_msa/full_blind_msa_model_0.pdb,142,142,142,,HIS,H,54,54,,ASN,62,,CDR2,3.146669509179507,1,1
Full181,formal_msa,14,results/full181_supplement/raw/formal_msa/seed14/boltz_results_full_blind_msa/predictions/full_blind_msa/full_blind_msa_model_0.pdb,143,143,143,,GLN,H,98,98,,TRP,107,,CDR3,2.03442325979625,1,1
Full181,formal_msa,14,results/full181_supplement/raw/formal_msa/seed14/boltz_results_full_blind_msa/predictions/full_blind_msa/full_blind_msa_model_0.pdb,143,143,143,,GLN,H,99,99,,GLU,108,,CDR3,3.907005374964309,1,1
Full181,formal_msa,14,results/full181_supplement/raw/formal_msa/seed14/boltz_results_full_blind_msa/predictions/full_blind_msa/full_blind_msa_model_0.pdb,143,143,143,,GLN,H,100,100,,ILE,109,,CDR3,2.746105606126611,1,1
Full181,formal_msa,14,results/full181_supplement/raw/formal_msa/seed14/boltz_results_full_blind_msa/predictions/full_blind_msa/full_blind_msa_model_0.pdb,143,143,143,,GLN,H,101,101,,THR,110,,CDR3,4.301404073090553,1,1
Full181,formal_msa,14,results/full181_supplement/raw/formal_msa/seed14/boltz_results_full_blind_msa/predictions/full_blind_msa/full_blind_msa_model_0.pdb,143,143,143,,GLN,H,104,104,,TRP,113,,CDR3,2.596364766360844,1,1
Full181,formal_msa,14,results/full181_supplement/raw/formal_msa/seed14/boltz_results_full_blind_msa/predictions/full_blind_msa/full_blind_msa_model_0.pdb,144,144,144,,ARG,H,100,100,,ILE,109,,CDR3,4.872360618837649,0,1
Full181,formal_msa,14,results/full181_supplement/raw/formal_msa/seed14/boltz_results_full_blind_msa/predictions/full_blind_msa/full_blind_msa_model_0.pdb,146,146,146,,LEU,H,30,30,,THR,35,,CDR1,3.626657000599864,1,1
Full181,formal_msa,14,results/full181_supplement/raw/formal_msa/seed14/boltz_results_full_blind_msa/predictions/full_blind_msa/full_blind_msa_model_0.pdb,146,146,146,,LEU,H,31,31,,ASP,36,,CDR1,3.3028275764865476,1,1
Full181,formal_msa,14,results/full181_supplement/raw/formal_msa/seed14/boltz_results_full_blind_msa/predictions/full_blind_msa/full_blind_msa_model_0.pdb,146,146,146,,LEU,H,32,32,,TYR,37,,CDR1,4.3837110990575106,1,1
Full181,formal_msa,14,results/full181_supplement/raw/formal_msa/seed14/boltz_results_full_blind_msa/predictions/full_blind_msa/full_blind_msa_model_0.pdb,146,146,146,,LEU,H,33,33,,ASN,38,,CDR1,4.630780711715898,0,1
Full181,formal_msa,14,results/full181_supplement/raw/formal_msa/seed14/boltz_results_full_blind_msa/predictions/full_blind_msa/full_blind_msa_model_0.pdb,146,146,146,,LEU,H,100,100,,ILE,109,,CDR3,2.3909732328070925,1,1
Full181,formal_msa,14,results/full181_supplement/raw/formal_msa/seed14/boltz_results_full_blind_msa/predictions/full_blind_msa/full_blind_msa_model_0.pdb,147,147,147,,LEU,H,101,101,,THR,110,,CDR3,3.3793557078236085,1,1
Full181,formal_msa,14,results/full181_supplement/raw/formal_msa/seed14/boltz_results_full_blind_msa/predictions/full_blind_msa/full_blind_msa_model_0.pdb,149,149,149,,ARG,H,30,30,,THR,35,,CDR1,2.239254340176658,1,1
Full181,formal_msa,14,results/full181_supplement/raw/formal_msa/seed14/boltz_results_full_blind_msa/predictions/full_blind_msa/full_blind_msa_model_0.pdb,149,149,149,,ARG,H,31,31,,ASP,36,,CDR1,4.043171280072117,1,1
Full181,formal_msa,14,results/full181_supplement/raw/formal_msa/seed14/boltz_results_full_blind_msa/predictions/full_blind_msa/full_blind_msa_model_0.pdb,149,149,149,,ARG,H,53,53,,TYR,59,,CDR2,4.581994762109621,0,1
Full181,formal_msa,14,results/full181_supplement/raw/formal_msa/seed14/boltz_results_full_blind_msa/predictions/full_blind_msa/full_blind_msa_model_0.pdb,150,150,150,,ARG,H,31,31,,ASP,36,,CDR1,3.8128616549777936,1,1
Full181,formal_msa,14,results/full181_supplement/raw/formal_msa/seed14/boltz_results_full_blind_msa/predictions/full_blind_msa/full_blind_msa_model_0.pdb,150,150,150,,ARG,H,32,32,,TYR,37,,CDR1,3.886486459515844,1,1
Full181,formal_msa,14,results/full181_supplement/raw/formal_msa/seed14/boltz_results_full_blind_msa/predictions/full_blind_msa/full_blind_msa_model_0.pdb,150,150,150,,ARG,H,100,100,,ILE,109,,CDR3,4.069975552752129,1,1
Full181,formal_msa,14,results/full181_supplement/raw/formal_msa/seed14/boltz_results_full_blind_msa/predictions/full_blind_msa/full_blind_msa_model_0.pdb,150,150,150,,ARG,H,101,101,,THR,110,,CDR3,2.470928975102279,1,1
Full181,formal_msa,15,results/full181_supplement/raw/formal_msa/seed15/boltz_results_full_blind_msa/predictions/full_blind_msa/full_blind_msa_model_0.pdb,70,70,70,,GLN,H,101,101,,THR,110,,CDR3,3.598217753277309,1,1
Full181,formal_msa,15,results/full181_supplement/raw/formal_msa/seed15/boltz_results_full_blind_msa/predictions/full_blind_msa/full_blind_msa_model_0.pdb,70,70,70,,GLN,H,102,102,,ASP,111,,CDR3,4.445272770033354,1,1
Full181,formal_msa,15,results/full181_supplement/raw/formal_msa/seed15/boltz_results_full_blind_msa/predictions/full_blind_msa/full_blind_msa_model_0.pdb,70,70,70,,GLN,H,103,103,,PRO,112,,CDR3,4.368369718785258,1,1
Full181,formal_msa,15,results/full181_supplement/raw/formal_msa/seed15/boltz_results_full_blind_msa/predictions/full_blind_msa/full_blind_msa_model_0.pdb,73,73,73,,ARG,H,104,104,,TRP,113,,CDR3,4.916055125809718,0,1
Full181,formal_msa,15,results/full181_supplement/raw/formal_msa/seed15/boltz_results_full_blind_msa/predictions/full_blind_msa/full_blind_msa_model_0.pdb,73,73,73,,ARG,L,53,53,,ARG,66,,FR3,2.3428241504645633,1,1
Full181,formal_msa,15,results/full181_supplement/raw/formal_msa/seed15/boltz_results_full_blind_msa/predictions/full_blind_msa/full_blind_msa_model_0.pdb,74,74,74,,ASN,H,104,104,,TRP,113,,CDR3,3.966184438474842,1,1
Full181,formal_msa,15,results/full181_supplement/raw/formal_msa/seed15/boltz_results_full_blind_msa/predictions/full_blind_msa/full_blind_msa_model_0.pdb,74,74,74,,ASN,L,50,50,,TRP,56,,CDR2,4.412615777517911,1,1
Full181,formal_msa,15,results/full181_supplement/raw/formal_msa/seed15/boltz_results_full_blind_msa/predictions/full_blind_msa/full_blind_msa_model_0.pdb,74,74,74,,ASN,L,53,53,,ARG,66,,FR3,4.213505547640824,1,1
Full181,formal_msa,15,results/full181_supplement/raw/formal_msa/seed15/boltz_results_full_blind_msa/predictions/full_blind_msa/full_blind_msa_model_0.pdb,79,79,79,,GLU,H,104,104,,TRP,113,,CDR3,3.1021569915141307,1,1
Full181,formal_msa,15,results/full181_supplement/raw/formal_msa/seed15/boltz_results_full_blind_msa/predictions/full_blind_msa/full_blind_msa_model_0.pdb,132,132,132,,ASN,H,64,64,,LYS,72,,FR3,4.689884220319304,0,1
Full181,formal_msa,15,results/full181_supplement/raw/formal_msa/seed15/boltz_results_full_blind_msa/predictions/full_blind_msa/full_blind_msa_model_0.pdb,135,135,135,,LEU,H,57,57,,THR,65,,CDR2,4.276551180565947,1,1
Full181,formal_msa,15,results/full181_supplement/raw/formal_msa/seed15/boltz_results_full_blind_msa/predictions/full_blind_msa/full_blind_msa_model_0.pdb,135,135,135,,LEU,H,58,58,,SER,66,,FR3,3.3664332757385824,1,1
Full181,formal_msa,15,results/full181_supplement/raw/formal_msa/seed15/boltz_results_full_blind_msa/predictions/full_blind_msa/full_blind_msa_model_0.pdb,135,135,135,,LEU,L,93,93,,TYR,114,,CDR3,2.8110777292703952,1,1
Full181,formal_msa,15,results/full181_supplement/raw/formal_msa/seed15/boltz_results_full_blind_msa/predictions/full_blind_msa/full_blind_msa_model_0.pdb,136,136,136,,PRO,L,91,91,,SER,108,,CDR3,4.470270237916271,1,1
Full181,formal_msa,15,results/full181_supplement/raw/formal_msa/seed15/boltz_results_full_blind_msa/predictions/full_blind_msa/full_blind_msa_model_0.pdb,136,136,136,,PRO,L,92,92,,SER,109,,CDR3,3.525870105378246,1,1
Full181,formal_msa,15,results/full181_supplement/raw/formal_msa/seed15/boltz_results_full_blind_msa/predictions/full_blind_msa/full_blind_msa_model_0.pdb,136,136,136,,PRO,L,93,93,,TYR,114,,CDR3,2.5641657512727214,1,1
Full181,formal_msa,15,results/full181_supplement/raw/formal_msa/seed15/boltz_results_full_blind_msa/predictions/full_blind_msa/full_blind_msa_model_0.pdb,136,136,136,,PRO,L,95,95,,TYR,116,,CDR3,3.8552335856598887,1,1
Full181,formal_msa,15,results/full181_supplement/raw/formal_msa/seed15/boltz_results_full_blind_msa/predictions/full_blind_msa/full_blind_msa_model_0.pdb,137,137,137,,ILE,L,91,91,,SER,108,,CDR3,4.349340524723259,1,1
Full181,formal_msa,15,results/full181_supplement/raw/formal_msa/seed15/boltz_results_full_blind_msa/predictions/full_blind_msa/full_blind_msa_model_0.pdb,138,138,138,,SER,H,56,56,,ASP,64,,CDR2,4.487845139930743,1,1
Full181,formal_msa,15,results/full181_supplement/raw/formal_msa/seed15/boltz_results_full_blind_msa/predictions/full_blind_msa/full_blind_msa_model_0.pdb,139,139,139,,GLU,H,33,33,,ASN,38,,CDR1,1.7987220463429028,1,1
Full181,formal_msa,15,results/full181_supplement/raw/formal_msa/seed15/boltz_results_full_blind_msa/predictions/full_blind_msa/full_blind_msa_model_0.pdb,139,139,139,,GLU,H,35,35,,TYR,40,,FR2,2.8922757475731804,1,1
Full181,formal_msa,15,results/full181_supplement/raw/formal_msa/seed15/boltz_results_full_blind_msa/predictions/full_blind_msa/full_blind_msa_model_0.pdb,139,139,139,,GLU,H,50,50,,ILE,56,,CDR2,2.844621943246589,1,1
Full181,formal_msa,15,results/full181_supplement/raw/formal_msa/seed15/boltz_results_full_blind_msa/predictions/full_blind_msa/full_blind_msa_model_0.pdb,139,139,139,,GLU,H,52,52,,PRO,58,,CDR2,4.052618659582961,1,1
Full181,formal_msa,15,results/full181_supplement/raw/formal_msa/seed15/boltz_results_full_blind_msa/predictions/full_blind_msa/full_blind_msa_model_0.pdb,139,139,139,,GLU,H,56,56,,ASP,64,,CDR2,4.841961276177248,0,1
Full181,formal_msa,15,results/full181_supplement/raw/formal_msa/seed15/boltz_results_full_blind_msa/predictions/full_blind_msa/full_blind_msa_model_0.pdb,139,139,139,,GLU,H,98,98,,TRP,107,,CDR3,4.432790317621622,1,1
Full181,formal_msa,15,results/full181_supplement/raw/formal_msa/seed15/boltz_results_full_blind_msa/predictions/full_blind_msa/full_blind_msa_model_0.pdb,139,139,139,,GLU,L,93,93,,TYR,114,,CDR3,2.826641293125111,1,1
Full181,formal_msa,15,results/full181_supplement/raw/formal_msa/seed15/boltz_results_full_blind_msa/predictions/full_blind_msa/full_blind_msa_model_0.pdb,139,139,139,,GLU,L,95,95,,TYR,116,,CDR3,4.540556463694731,0,1
Full181,formal_msa,15,results/full181_supplement/raw/formal_msa/seed15/boltz_results_full_blind_msa/predictions/full_blind_msa/full_blind_msa_model_0.pdb,140,140,140,,SER,H,104,104,,TRP,113,,CDR3,2.1962388303643117,1,1
Full181,formal_msa,15,results/full181_supplement/raw/formal_msa/seed15/boltz_results_full_blind_msa/predictions/full_blind_msa/full_blind_msa_model_0.pdb,142,142,142,,HIS,H,33,33,,ASN,38,,CDR1,3.8990539878283297,1,1
Full181,formal_msa,15,results/full181_supplement/raw/formal_msa/seed15/boltz_results_full_blind_msa/predictions/full_blind_msa/full_blind_msa_model_0.pdb,142,142,142,,HIS,H,52,52,,PRO,58,,CDR2,4.618101882808563,0,1
Full181,formal_msa,15,results/full181_supplement/raw/formal_msa/seed15/boltz_results_full_blind_msa/predictions/full_blind_msa/full_blind_msa_model_0.pdb,142,142,142,,HIS,H,54,54,,ASN,62,,CDR2,2.9844203792361426,1,1
Full181,formal_msa,15,results/full181_supplement/raw/formal_msa/seed15/boltz_results_full_blind_msa/predictions/full_blind_msa/full_blind_msa_model_0.pdb,143,143,143,,GLN,H,31,31,,ASP,36,,CDR1,4.734132444281634,0,1
Full181,formal_msa,15,results/full181_supplement/raw/formal_msa/seed15/boltz_results_full_blind_msa/predictions/full_blind_msa/full_blind_msa_model_0.pdb,143,143,143,,GLN,H,32,32,,TYR,37,,CDR1,4.655452502174198,0,1
Full181,formal_msa,15,results/full181_supplement/raw/formal_msa/seed15/boltz_results_full_blind_msa/predictions/full_blind_msa/full_blind_msa_model_0.pdb,143,143,143,,GLN,H,33,33,,ASN,38,,CDR1,1.679465688842734,1,1
Full181,formal_msa,15,results/full181_supplement/raw/formal_msa/seed15/boltz_results_full_blind_msa/predictions/full_blind_msa/full_blind_msa_model_0.pdb,143,143,143,,GLN,H,35,35,,TYR,40,,FR2,4.708698864867024,0,1
Full181,formal_msa,15,results/full181_supplement/raw/formal_msa/seed15/boltz_results_full_blind_msa/predictions/full_blind_msa/full_blind_msa_model_0.pdb,143,143,143,,GLN,H,50,50,,ILE,56,,CDR2,4.474630152314266,1,1
Full181,formal_msa,15,results/full181_supplement/raw/formal_msa/seed15/boltz_results_full_blind_msa/predictions/full_blind_msa/full_blind_msa_model_0.pdb,143,143,143,,GLN,H,98,98,,TRP,107,,CDR3,2.562505999992976,1,1
Full181,formal_msa,15,results/full181_supplement/raw/formal_msa/seed15/boltz_results_full_blind_msa/predictions/full_blind_msa/full_blind_msa_model_0.pdb,143,143,143,,GLN,H,99,99,,GLU,108,,CDR3,4.650628667180384,0,1
Full181,formal_msa,15,results/full181_supplement/raw/formal_msa/seed15/boltz_results_full_blind_msa/predictions/full_blind_msa/full_blind_msa_model_0.pdb,143,143,143,,GLN,H,100,100,,ILE,109,,CDR3,2.006848773575129,1,1
Full181,formal_msa,15,results/full181_supplement/raw/formal_msa/seed15/boltz_results_full_blind_msa/predictions/full_blind_msa/full_blind_msa_model_0.pdb,144,144,144,,ARG,H,103,103,,PRO,112,,CDR3,4.58140524293584,0,1
Full181,formal_msa,15,results/full181_supplement/raw/formal_msa/seed15/boltz_results_full_blind_msa/predictions/full_blind_msa/full_blind_msa_model_0.pdb,144,144,144,,ARG,H,104,104,,TRP,113,,CDR3,1.5851924173424499,1,1
Full181,formal_msa,15,results/full181_supplement/raw/formal_msa/seed15/boltz_results_full_blind_msa/predictions/full_blind_msa/full_blind_msa_model_0.pdb,144,144,144,,ARG,L,50,50,,TRP,56,,CDR2,3.7630593936317296,1,1
Full181,formal_msa,15,results/full181_supplement/raw/formal_msa/seed15/boltz_results_full_blind_msa/predictions/full_blind_msa/full_blind_msa_model_0.pdb,146,146,146,,LEU,H,30,30,,THR,35,,CDR1,3.9508462384658807,1,1
Full181,formal_msa,15,results/full181_supplement/raw/formal_msa/seed15/boltz_results_full_blind_msa/predictions/full_blind_msa/full_blind_msa_model_0.pdb,146,146,146,,LEU,H,31,31,,ASP,36,,CDR1,3.518768392491896,1,1
Full181,formal_msa,15,results/full181_supplement/raw/formal_msa/seed15/boltz_results_full_blind_msa/predictions/full_blind_msa/full_blind_msa_model_0.pdb,146,146,146,,LEU,H,32,32,,TYR,37,,CDR1,4.3561926036391,1,1
Full181,formal_msa,15,results/full181_supplement/raw/formal_msa/seed15/boltz_results_full_blind_msa/predictions/full_blind_msa/full_blind_msa_model_0.pdb,146,146,146,,LEU,H,33,33,,ASN,38,,CDR1,4.392583294600115,1,1
Full181,formal_msa,15,results/full181_supplement/raw/formal_msa/seed15/boltz_results_full_blind_msa/predictions/full_blind_msa/full_blind_msa_model_0.pdb,146,146,146,,LEU,H,53,53,,TYR,59,,CDR2,4.813418016337248,0,1
Full181,formal_msa,15,results/full181_supplement/raw/formal_msa/seed15/boltz_results_full_blind_msa/predictions/full_blind_msa/full_blind_msa_model_0.pdb,146,146,146,,LEU,H,100,100,,ILE,109,,CDR3,3.4459531337497906,1,1
Full181,formal_msa,15,results/full181_supplement/raw/formal_msa/seed15/boltz_results_full_blind_msa/predictions/full_blind_msa/full_blind_msa_model_0.pdb,147,147,147,,LEU,H,100,100,,ILE,109,,CDR3,3.3601217239856056,1,1
Full181,formal_msa,15,results/full181_supplement/raw/formal_msa/seed15/boltz_results_full_blind_msa/predictions/full_blind_msa/full_blind_msa_model_0.pdb,147,147,147,,LEU,H,101,101,,THR,110,,CDR3,3.7343628639970166,1,1
Full181,formal_msa,15,results/full181_supplement/raw/formal_msa/seed15/boltz_results_full_blind_msa/predictions/full_blind_msa/full_blind_msa_model_0.pdb,149,149,149,,ARG,H,30,30,,THR,35,,CDR1,3.8074373271270012,1,1
Full181,formal_msa,15,results/full181_supplement/raw/formal_msa/seed15/boltz_results_full_blind_msa/predictions/full_blind_msa/full_blind_msa_model_0.pdb,149,149,149,,ARG,H,31,31,,ASP,36,,CDR1,4.694355972867844,0,1
Full181,formal_msa,15,results/full181_supplement/raw/formal_msa/seed15/boltz_results_full_blind_msa/predictions/full_blind_msa/full_blind_msa_model_0.pdb,150,150,150,,ARG,H,31,31,,ASP,36,,CDR1,3.088770952984375,1,1
Full181,formal_msa,15,results/full181_supplement/raw/formal_msa/seed15/boltz_results_full_blind_msa/predictions/full_blind_msa/full_blind_msa_model_0.pdb,150,150,150,,ARG,H,32,32,,TYR,37,,CDR1,2.8419454604196757,1,1
Full181,formal_msa,15,results/full181_supplement/raw/formal_msa/seed15/boltz_results_full_blind_msa/predictions/full_blind_msa/full_blind_msa_model_0.pdb,150,150,150,,ARG,H,100,100,,ILE,109,,CDR3,3.496888617042299,1,1
Full181,formal_msa,15,results/full181_supplement/raw/formal_msa/seed15/boltz_results_full_blind_msa/predictions/full_blind_msa/full_blind_msa_model_0.pdb,150,150,150,,ARG,H,101,101,,THR,110,,CDR3,2.75420424079261,1,1
