construct,condition,seed,source_path,comparison_type,construct_left,construct_right,seed_left,seed_right,source_path_right,region,epitope_left,epitope_right,jaccard_legacy,jaccard_nonempty_union,interface_state,both_empty,consensus_status_left,consensus_status_right
Full181;Native155,empty,1;1,results/full181_supplement/raw/empty/seed1/boltz_results_full_blind/predictions/full_blind/full_blind_model_0.pdb,all_cross_seed_pairs,Full181,Native155,1,1,results/13_interface_analysis/formal/complex_model_summary.csv,project27-160,54;56;57;58;59;60;62;63;64;65;69;91;94;97;98;99;100;101;104;107;108;110;111;112;114;115;117;118;121;125;130,59;101;102;103;104;106;107;110,0.14705882352941177,0.14705882352941177,both_nonempty,0,NA,NA
Full181;Native155,empty,1;2,results/full181_supplement/raw/empty/seed1/boltz_results_full_blind/predictions/full_blind/full_blind_model_0.pdb,all_cross_seed_pairs,Full181,Native155,1,2,results/13_interface_analysis/formal/complex_model_summary.csv,project27-160,54;56;57;58;59;60;62;63;64;65;69;91;94;97;98;99;100;101;104;107;108;110;111;112;114;115;117;118;121;125;130,56;57;58;59;60;62;63;65;99;101;103;104;106;107;108;110;111;113;114;117;118;121;124;156;159,0.5135135135135135,0.5135135135135135,both_nonempty,0,NA,NA
Full181;Native155,empty,1;3,results/full181_supplement/raw/empty/seed1/boltz_results_full_blind/predictions/full_blind/full_blind_model_0.pdb,all_cross_seed_pairs,Full181,Native155,1,3,results/13_interface_analysis/formal/complex_model_summary.csv,project27-160,54;56;57;58;59;60;62;63;64;65;69;91;94;97;98;99;100;101;104;107;108;110;111;112;114;115;117;118;121;125;130,58;59;61;62;63;64;65;67;68;69;107;108;109;110;111;113;114;117;118;121;122;125;128;131;134;149;153;156;159;160,0.35555555555555557,0.35555555555555557,both_nonempty,0,NA,NA
Full181;Native155,empty,1;4,results/full181_supplement/raw/empty/seed1/boltz_results_full_blind/predictions/full_blind/full_blind_model_0.pdb,all_cross_seed_pairs,Full181,Native155,1,4,results/13_interface_analysis/formal/complex_model_summary.csv,project27-160,54;56;57;58;59;60;62;63;64;65;69;91;94;97;98;99;100;101;104;107;108;110;111;112;114;115;117;118;121;125;130,57;58;59;60;62;63;64;65;98;99;100;101;103;104;107;108;110;111;114;115;118;122;125,0.6363636363636364,0.6363636363636364,both_nonempty,0,NA,NA
Full181;Native155,empty,1;5,results/full181_supplement/raw/empty/seed1/boltz_results_full_blind/predictions/full_blind/full_blind_model_0.pdb,all_cross_seed_pairs,Full181,Native155,1,5,results/13_interface_analysis/formal/complex_model_summary.csv,project27-160,54;56;57;58;59;60;62;63;64;65;69;91;94;97;98;99;100;101;104;107;108;110;111;112;114;115;117;118;121;125;130,57;58;59;60;61;62;63;64;65;98;99;101;103;104;106;107;108;110;111;114;118;121;125,0.5882352941176471,0.5882352941176471,both_nonempty,0,NA,NA
Full181;Native155,empty,1;6,results/full181_supplement/raw/empty/seed1/boltz_results_full_blind/predictions/full_blind/full_blind_model_0.pdb,all_cross_seed_pairs,Full181,Native155,1,6,results/13_interface_analysis/formal/complex_model_summary.csv,project27-160,54;56;57;58;59;60;62;63;64;65;69;91;94;97;98;99;100;101;104;107;108;110;111;112;114;115;117;118;121;125;130,57;58;59;62;63;65;99;101;103;104;106;107;108;110;111;112;113;114;117;118;121;124;156;159;160,0.47368421052631576,0.47368421052631576,both_nonempty,0,NA,NA
Full181;Native155,empty,1;7,results/full181_supplement/raw/empty/seed1/boltz_results_full_blind/predictions/full_blind/full_blind_model_0.pdb,all_cross_seed_pairs,Full181,Native155,1,7,results/13_interface_analysis/formal/complex_model_summary.csv,project27-160,54;56;57;58;59;60;62;63;64;65;69;91;94;97;98;99;100;101;104;107;108;110;111;112;114;115;117;118;121;125;130,54;56;57;58;59;60;62;63;97;98;99;100;101;102;103;104;107;108;111,0.5151515151515151,0.5151515151515151,both_nonempty,0,NA,NA
Full181;Native155,empty,1;8,results/full181_supplement/raw/empty/seed1/boltz_results_full_blind/predictions/full_blind/full_blind_model_0.pdb,all_cross_seed_pairs,Full181,Native155,1,8,results/13_interface_analysis/formal/complex_model_summary.csv,project27-160,54;56;57;58;59;60;62;63;64;65;69;91;94;97;98;99;100;101;104;107;108;110;111;112;114;115;117;118;121;125;130,53;54;56;57;58;60;94;97;98;99;100;101;102;103;104;107;108;111,0.4411764705882353,0.4411764705882353,both_nonempty,0,NA,NA
Full181;Native155,empty,1;9,results/full181_supplement/raw/empty/seed1/boltz_results_full_blind/predictions/full_blind/full_blind_model_0.pdb,all_cross_seed_pairs,Full181,Native155,1,9,results/13_interface_analysis/formal/complex_model_summary.csv,project27-160,54;56;57;58;59;60;62;63;64;65;69;91;94;97;98;99;100;101;104;107;108;110;111;112;114;115;117;118;121;125;130,57;58;59;60;61;62;63;64;65;98;99;100;101;103;104;106;107;108;110;111;112;114;115;117;118;125,0.6764705882352942,0.6764705882352942,both_nonempty,0,NA,NA
Full181;Native155,empty,1;10,results/full181_supplement/raw/empty/seed1/boltz_results_full_blind/predictions/full_blind/full_blind_model_0.pdb,all_cross_seed_pairs,Full181,Native155,1,10,results/13_interface_analysis/formal/complex_model_summary.csv,project27-160,54;56;57;58;59;60;62;63;64;65;69;91;94;97;98;99;100;101;104;107;108;110;111;112;114;115;117;118;121;125;130,57;58;59;61;62;63;64;65;66;99;103;104;106;107;108;110;111;114;115;117;118;121;122;125,0.5277777777777778,0.5277777777777778,both_nonempty,0,NA,NA
Full181;Native155,empty,1;11,results/full181_supplement/raw/empty/seed1/boltz_results_full_blind/predictions/full_blind/full_blind_model_0.pdb,all_cross_seed_pairs,Full181,Native155,1,11,results/13_interface_analysis/formal/complex_model_summary.csv,project27-160,54;56;57;58;59;60;62;63;64;65;69;91;94;97;98;99;100;101;104;107;108;110;111;112;114;115;117;118;121;125;130,58;59;62;65;98;99;100;101;103;104;106;107;110;113;114;117;118;120;121;156;159,0.40540540540540543,0.40540540540540543,both_nonempty,0,NA,NA
Full181;Native155,empty,1;12,results/full181_supplement/raw/empty/seed1/boltz_results_full_blind/predictions/full_blind/full_blind_model_0.pdb,all_cross_seed_pairs,Full181,Native155,1,12,results/13_interface_analysis/formal/complex_model_summary.csv,project27-160,54;56;57;58;59;60;62;63;64;65;69;91;94;97;98;99;100;101;104;107;108;110;111;112;114;115;117;118;121;125;130,58;59;62;63;65;99;101;103;104;107;108;110;111;113;114;117;118;121,0.48484848484848486,0.48484848484848486,both_nonempty,0,NA,NA
Full181;Native155,empty,1;13,results/full181_supplement/raw/empty/seed1/boltz_results_full_blind/predictions/full_blind/full_blind_model_0.pdb,all_cross_seed_pairs,Full181,Native155,1,13,results/13_interface_analysis/formal/complex_model_summary.csv,project27-160,54;56;57;58;59;60;62;63;64;65;69;91;94;97;98;99;100;101;104;107;108;110;111;112;114;115;117;118;121;125;130,58;59;62;65;99;100;101;103;104;106;107;108;109;110;111;160,0.34285714285714286,0.34285714285714286,both_nonempty,0,NA,NA
Full181;Native155,empty,1;14,results/full181_supplement/raw/empty/seed1/boltz_results_full_blind/predictions/full_blind/full_blind_model_0.pdb,all_cross_seed_pairs,Full181,Native155,1,14,results/13_interface_analysis/formal/complex_model_summary.csv,project27-160,54;56;57;58;59;60;62;63;64;65;69;91;94;97;98;99;100;101;104;107;108;110;111;112;114;115;117;118;121;125;130,57;58;59;62;98;99;100;101;103;104;106;107;110,0.3333333333333333,0.3333333333333333,both_nonempty,0,NA,NA
Full181;Native155,empty,1;15,results/full181_supplement/raw/empty/seed1/boltz_results_full_blind/predictions/full_blind/full_blind_model_0.pdb,all_cross_seed_pairs,Full181,Native155,1,15,results/13_interface_analysis/formal/complex_model_summary.csv,project27-160,54;56;57;58;59;60;62;63;64;65;69;91;94;97;98;99;100;101;104;107;108;110;111;112;114;115;117;118;121;125;130,57;58;59;62;63;64;65;98;99;101;103;104;106;107;108;110;111;114;115;117;118;121;122;125,0.6176470588235294,0.6176470588235294,both_nonempty,0,NA,NA
Full181;Native155,empty,2;1,results/full181_supplement/raw/empty/seed2/boltz_results_full_blind/predictions/full_blind/full_blind_model_0.pdb,all_cross_seed_pairs,Full181,Native155,2,1,results/13_interface_analysis/formal/complex_model_summary.csv,project27-160,49;52;53;56;57;58;60;90;91;94;96;97;98;99;100;101;102;104;105;107;108,59;101;102;103;104;106;107;110,0.16,0.16,both_nonempty,0,NA,NA
Full181;Native155,empty,2;2,results/full181_supplement/raw/empty/seed2/boltz_results_full_blind/predictions/full_blind/full_blind_model_0.pdb,all_cross_seed_pairs,Full181,Native155,2,2,results/13_interface_analysis/formal/complex_model_summary.csv,project27-160,49;52;53;56;57;58;60;90;91;94;96;97;98;99;100;101;102;104;105;107;108,56;57;58;59;60;62;63;65;99;101;103;104;106;107;108;110;111;113;114;117;118;121;124;156;159,0.24324324324324326,0.24324324324324326,both_nonempty,0,NA,NA
Full181;Native155,empty,2;3,results/full181_supplement/raw/empty/seed2/boltz_results_full_blind/predictions/full_blind/full_blind_model_0.pdb,all_cross_seed_pairs,Full181,Native155,2,3,results/13_interface_analysis/formal/complex_model_summary.csv,project27-160,49;52;53;56;57;58;60;90;91;94;96;97;98;99;100;101;102;104;105;107;108,58;59;61;62;63;64;65;67;68;69;107;108;109;110;111;113;114;117;118;121;122;125;128;131;134;149;153;156;159;160,0.0625,0.0625,both_nonempty,0,NA,NA
Full181;Native155,empty,2;4,results/full181_supplement/raw/empty/seed2/boltz_results_full_blind/predictions/full_blind/full_blind_model_0.pdb,all_cross_seed_pairs,Full181,Native155,2,4,results/13_interface_analysis/formal/complex_model_summary.csv,project27-160,49;52;53;56;57;58;60;90;91;94;96;97;98;99;100;101;102;104;105;107;108,57;58;59;60;62;63;64;65;98;99;100;101;103;104;107;108;110;111;114;115;118;122;125,0.29411764705882354,0.29411764705882354,both_nonempty,0,NA,NA
Full181;Native155,empty,2;5,results/full181_supplement/raw/empty/seed2/boltz_results_full_blind/predictions/full_blind/full_blind_model_0.pdb,all_cross_seed_pairs,Full181,Native155,2,5,results/13_interface_analysis/formal/complex_model_summary.csv,project27-160,49;52;53;56;57;58;60;90;91;94;96;97;98;99;100;101;102;104;105;107;108,57;58;59;60;61;62;63;64;65;98;99;101;103;104;106;107;108;110;111;114;118;121;125,0.2571428571428571,0.2571428571428571,both_nonempty,0,NA,NA
Full181;Native155,empty,2;6,results/full181_supplement/raw/empty/seed2/boltz_results_full_blind/predictions/full_blind/full_blind_model_0.pdb,all_cross_seed_pairs,Full181,Native155,2,6,results/13_interface_analysis/formal/complex_model_summary.csv,project27-160,49;52;53;56;57;58;60;90;91;94;96;97;98;99;100;101;102;104;105;107;108,57;58;59;62;63;65;99;101;103;104;106;107;108;110;111;112;113;114;117;118;121;124;156;159;160,0.1794871794871795,0.1794871794871795,both_nonempty,0,NA,NA
Full181;Native155,empty,2;7,results/full181_supplement/raw/empty/seed2/boltz_results_full_blind/predictions/full_blind/full_blind_model_0.pdb,all_cross_seed_pairs,Full181,Native155,2,7,results/13_interface_analysis/formal/complex_model_summary.csv,project27-160,49;52;53;56;57;58;60;90;91;94;96;97;98;99;100;101;102;104;105;107;108,54;56;57;58;59;60;62;63;97;98;99;100;101;102;103;104;107;108;111,0.48148148148148145,0.48148148148148145,both_nonempty,0,NA,NA
Full181;Native155,empty,2;8,results/full181_supplement/raw/empty/seed2/boltz_results_full_blind/predictions/full_blind/full_blind_model_0.pdb,all_cross_seed_pairs,Full181,Native155,2,8,results/13_interface_analysis/formal/complex_model_summary.csv,project27-160,49;52;53;56;57;58;60;90;91;94;96;97;98;99;100;101;102;104;105;107;108,53;54;56;57;58;60;94;97;98;99;100;101;102;103;104;107;108;111,0.625,0.625,both_nonempty,0,NA,NA
Full181;Native155,empty,2;9,results/full181_supplement/raw/empty/seed2/boltz_results_full_blind/predictions/full_blind/full_blind_model_0.pdb,all_cross_seed_pairs,Full181,Native155,2,9,results/13_interface_analysis/formal/complex_model_summary.csv,project27-160,49;52;53;56;57;58;60;90;91;94;96;97;98;99;100;101;102;104;105;107;108,57;58;59;60;61;62;63;64;65;98;99;100;101;103;104;106;107;108;110;111;112;114;115;117;118;125,0.2702702702702703,0.2702702702702703,both_nonempty,0,NA,NA
Full181;Native155,empty,2;10,results/full181_supplement/raw/empty/seed2/boltz_results_full_blind/predictions/full_blind/full_blind_model_0.pdb,all_cross_seed_pairs,Full181,Native155,2,10,results/13_interface_analysis/formal/complex_model_summary.csv,project27-160,49;52;53;56;57;58;60;90;91;94;96;97;98;99;100;101;102;104;105;107;108,57;58;59;61;62;63;64;65;66;99;103;104;106;107;108;110;111;114;115;117;118;121;122;125,0.15384615384615385,0.15384615384615385,both_nonempty,0,NA,NA
Full181;Native155,empty,2;11,results/full181_supplement/raw/empty/seed2/boltz_results_full_blind/predictions/full_blind/full_blind_model_0.pdb,all_cross_seed_pairs,Full181,Native155,2,11,results/13_interface_analysis/formal/complex_model_summary.csv,project27-160,49;52;53;56;57;58;60;90;91;94;96;97;98;99;100;101;102;104;105;107;108,58;59;62;65;98;99;100;101;103;104;106;107;110;113;114;117;118;120;121;156;159,0.2,0.2,both_nonempty,0,NA,NA
Full181;Native155,empty,2;12,results/full181_supplement/raw/empty/seed2/boltz_results_full_blind/predictions/full_blind/full_blind_model_0.pdb,all_cross_seed_pairs,Full181,Native155,2,12,results/13_interface_analysis/formal/complex_model_summary.csv,project27-160,49;52;53;56;57;58;60;90;91;94;96;97;98;99;100;101;102;104;105;107;108,58;59;62;63;65;99;101;103;104;107;108;110;111;113;114;117;118;121,0.18181818181818182,0.18181818181818182,both_nonempty,0,NA,NA
Full181;Native155,empty,2;13,results/full181_supplement/raw/empty/seed2/boltz_results_full_blind/predictions/full_blind/full_blind_model_0.pdb,all_cross_seed_pairs,Full181,Native155,2,13,results/13_interface_analysis/formal/complex_model_summary.csv,project27-160,49;52;53;56;57;58;60;90;91;94;96;97;98;99;100;101;102;104;105;107;108,58;59;62;65;99;100;101;103;104;106;107;108;109;110;111;160,0.23333333333333334,0.23333333333333334,both_nonempty,0,NA,NA
Full181;Native155,empty,2;14,results/full181_supplement/raw/empty/seed2/boltz_results_full_blind/predictions/full_blind/full_blind_model_0.pdb,all_cross_seed_pairs,Full181,Native155,2,14,results/13_interface_analysis/formal/complex_model_summary.csv,project27-160,49;52;53;56;57;58;60;90;91;94;96;97;98;99;100;101;102;104;105;107;108,57;58;59;62;98;99;100;101;103;104;106;107;110,0.3076923076923077,0.3076923076923077,both_nonempty,0,NA,NA
Full181;Native155,empty,2;15,results/full181_supplement/raw/empty/seed2/boltz_results_full_blind/predictions/full_blind/full_blind_model_0.pdb,all_cross_seed_pairs,Full181,Native155,2,15,results/13_interface_analysis/formal/complex_model_summary.csv,project27-160,49;52;53;56;57;58;60;90;91;94;96;97;98;99;100;101;102;104;105;107;108,57;58;59;62;63;64;65;98;99;101;103;104;106;107;108;110;111;114;115;117;118;121;122;125,0.21621621621621623,0.21621621621621623,both_nonempty,0,NA,NA
Full181;Native155,empty,3;1,results/full181_supplement/raw/empty/seed3/boltz_results_full_blind/predictions/full_blind/full_blind_model_0.pdb,all_cross_seed_pairs,Full181,Native155,3,1,results/13_interface_analysis/formal/complex_model_summary.csv,project27-160,57;58;59;60;61;62;63;64;65;69;70;98;99;100;101;103;104;107;108;110;111;114;115;118,59;101;102;103;104;106;107;110,0.23076923076923078,0.23076923076923078,both_nonempty,0,NA,NA
Full181;Native155,empty,3;2,results/full181_supplement/raw/empty/seed3/boltz_results_full_blind/predictions/full_blind/full_blind_model_0.pdb,all_cross_seed_pairs,Full181,Native155,3,2,results/13_interface_analysis/formal/complex_model_summary.csv,project27-160,57;58;59;60;61;62;63;64;65;69;70;98;99;100;101;103;104;107;108;110;111;114;115;118,56;57;58;59;60;62;63;65;99;101;103;104;106;107;108;110;111;113;114;117;118;121;124;156;159,0.53125,0.53125,both_nonempty,0,NA,NA
Full181;Native155,empty,3;3,results/full181_supplement/raw/empty/seed3/boltz_results_full_blind/predictions/full_blind/full_blind_model_0.pdb,all_cross_seed_pairs,Full181,Native155,3,3,results/13_interface_analysis/formal/complex_model_summary.csv,project27-160,57;58;59;60;61;62;63;64;65;69;70;98;99;100;101;103;104;107;108;110;111;114;115;118,58;59;61;62;63;64;65;67;68;69;107;108;109;110;111;113;114;117;118;121;122;125;128;131;134;149;153;156;159;160,0.35,0.35,both_nonempty,0,NA,NA
Full181;Native155,empty,3;4,results/full181_supplement/raw/empty/seed3/boltz_results_full_blind/predictions/full_blind/full_blind_model_0.pdb,all_cross_seed_pairs,Full181,Native155,3,4,results/13_interface_analysis/formal/complex_model_summary.csv,project27-160,57;58;59;60;61;62;63;64;65;69;70;98;99;100;101;103;104;107;108;110;111;114;115;118,57;58;59;60;62;63;64;65;98;99;100;101;103;104;107;108;110;111;114;115;118;122;125,0.8076923076923077,0.8076923076923077,both_nonempty,0,NA,NA
Full181;Native155,empty,3;5,results/full181_supplement/raw/empty/seed3/boltz_results_full_blind/predictions/full_blind/full_blind_model_0.pdb,all_cross_seed_pairs,Full181,Native155,3,5,results/13_interface_analysis/formal/complex_model_summary.csv,project27-160,57;58;59;60;61;62;63;64;65;69;70;98;99;100;101;103;104;107;108;110;111;114;115;118,57;58;59;60;61;62;63;64;65;98;99;101;103;104;106;107;108;110;111;114;118;121;125,0.7407407407407407,0.7407407407407407,both_nonempty,0,NA,NA
Full181;Native155,empty,3;6,results/full181_supplement/raw/empty/seed3/boltz_results_full_blind/predictions/full_blind/full_blind_model_0.pdb,all_cross_seed_pairs,Full181,Native155,3,6,results/13_interface_analysis/formal/complex_model_summary.csv,project27-160,57;58;59;60;61;62;63;64;65;69;70;98;99;100;101;103;104;107;108;110;111;114;115;118,57;58;59;62;63;65;99;101;103;104;106;107;108;110;111;112;113;114;117;118;121;124;156;159;160,0.48484848484848486,0.48484848484848486,both_nonempty,0,NA,NA
Full181;Native155,empty,3;7,results/full181_supplement/raw/empty/seed3/boltz_results_full_blind/predictions/full_blind/full_blind_model_0.pdb,all_cross_seed_pairs,Full181,Native155,3,7,results/13_interface_analysis/formal/complex_model_summary.csv,project27-160,57;58;59;60;61;62;63;64;65;69;70;98;99;100;101;103;104;107;108;110;111;114;115;118,54;56;57;58;59;60;62;63;97;98;99;100;101;102;103;104;107;108;111,0.5357142857142857,0.5357142857142857,both_nonempty,0,NA,NA
Full181;Native155,empty,3;8,results/full181_supplement/raw/empty/seed3/boltz_results_full_blind/predictions/full_blind/full_blind_model_0.pdb,all_cross_seed_pairs,Full181,Native155,3,8,results/13_interface_analysis/formal/complex_model_summary.csv,project27-160,57;58;59;60;61;62;63;64;65;69;70;98;99;100;101;103;104;107;108;110;111;114;115;118,53;54;56;57;58;60;94;97;98;99;100;101;102;103;104;107;108;111,0.4,0.4,both_nonempty,0,NA,NA
Full181;Native155,empty,3;9,results/full181_supplement/raw/empty/seed3/boltz_results_full_blind/predictions/full_blind/full_blind_model_0.pdb,all_cross_seed_pairs,Full181,Native155,3,9,results/13_interface_analysis/formal/complex_model_summary.csv,project27-160,57;58;59;60;61;62;63;64;65;69;70;98;99;100;101;103;104;107;108;110;111;114;115;118,57;58;59;60;61;62;63;64;65;98;99;100;101;103;104;106;107;108;110;111;112;114;115;117;118;125,0.7857142857142857,0.7857142857142857,both_nonempty,0,NA,NA
Full181;Native155,empty,3;10,results/full181_supplement/raw/empty/seed3/boltz_results_full_blind/predictions/full_blind/full_blind_model_0.pdb,all_cross_seed_pairs,Full181,Native155,3,10,results/13_interface_analysis/formal/complex_model_summary.csv,project27-160,57;58;59;60;61;62;63;64;65;69;70;98;99;100;101;103;104;107;108;110;111;114;115;118,57;58;59;61;62;63;64;65;66;99;103;104;106;107;108;110;111;114;115;117;118;121;122;125,0.6,0.6,both_nonempty,0,NA,NA
Full181;Native155,empty,3;11,results/full181_supplement/raw/empty/seed3/boltz_results_full_blind/predictions/full_blind/full_blind_model_0.pdb,all_cross_seed_pairs,Full181,Native155,3,11,results/13_interface_analysis/formal/complex_model_summary.csv,project27-160,57;58;59;60;61;62;63;64;65;69;70;98;99;100;101;103;104;107;108;110;111;114;115;118,58;59;62;65;98;99;100;101;103;104;106;107;110;113;114;117;118;120;121;156;159,0.45161290322580644,0.45161290322580644,both_nonempty,0,NA,NA
Full181;Native155,empty,3;12,results/full181_supplement/raw/empty/seed3/boltz_results_full_blind/predictions/full_blind/full_blind_model_0.pdb,all_cross_seed_pairs,Full181,Native155,3,12,results/13_interface_analysis/formal/complex_model_summary.csv,project27-160,57;58;59;60;61;62;63;64;65;69;70;98;99;100;101;103;104;107;108;110;111;114;115;118,58;59;62;63;65;99;101;103;104;107;108;110;111;113;114;117;118;121,0.5555555555555556,0.5555555555555556,both_nonempty,0,NA,NA
Full181;Native155,empty,3;13,results/full181_supplement/raw/empty/seed3/boltz_results_full_blind/predictions/full_blind/full_blind_model_0.pdb,all_cross_seed_pairs,Full181,Native155,3,13,results/13_interface_analysis/formal/complex_model_summary.csv,project27-160,57;58;59;60;61;62;63;64;65;69;70;98;99;100;101;103;104;107;108;110;111;114;115;118,58;59;62;65;99;100;101;103;104;106;107;108;109;110;111;160,0.48148148148148145,0.48148148148148145,both_nonempty,0,NA,NA
Full181;Native155,empty,3;14,results/full181_supplement/raw/empty/seed3/boltz_results_full_blind/predictions/full_blind/full_blind_model_0.pdb,all_cross_seed_pairs,Full181,Native155,3,14,results/13_interface_analysis/formal/complex_model_summary.csv,project27-160,57;58;59;60;61;62;63;64;65;69;70;98;99;100;101;103;104;107;108;110;111;114;115;118,57;58;59;62;98;99;100;101;103;104;106;107;110,0.48,0.48,both_nonempty,0,NA,NA
Full181;Native155,empty,3;15,results/full181_supplement/raw/empty/seed3/boltz_results_full_blind/predictions/full_blind/full_blind_model_0.pdb,all_cross_seed_pairs,Full181,Native155,3,15,results/13_interface_analysis/formal/complex_model_summary.csv,project27-160,57;58;59;60;61;62;63;64;65;69;70;98;99;100;101;103;104;107;108;110;111;114;115;118,57;58;59;62;63;64;65;98;99;101;103;104;106;107;108;110;111;114;115;117;118;121;122;125,0.6551724137931034,0.6551724137931034,both_nonempty,0,NA,NA
Full181;Native155,empty,4;1,results/full181_supplement/raw/empty/seed4/boltz_results_full_blind/predictions/full_blind/full_blind_model_0.pdb,all_cross_seed_pairs,Full181,Native155,4,1,results/13_interface_analysis/formal/complex_model_summary.csv,project27-160,54;56;57;58;59;60;62;63;65;99;104;105;106;107;108;109;110;111;113;114;117;118;121;149;153;156;160,59;101;102;103;104;106;107;110,0.16666666666666666,0.16666666666666666,both_nonempty,0,NA,NA
Full181;Native155,empty,4;2,results/full181_supplement/raw/empty/seed4/boltz_results_full_blind/predictions/full_blind/full_blind_model_0.pdb,all_cross_seed_pairs,Full181,Native155,4,2,results/13_interface_analysis/formal/complex_model_summary.csv,project27-160,54;56;57;58;59;60;62;63;65;99;104;105;106;107;108;109;110;111;113;114;117;118;121;149;153;156;160,56;57;58;59;60;62;63;65;99;101;103;104;106;107;108;110;111;113;114;117;118;121;124;156;159,0.6774193548387096,0.6774193548387096,both_nonempty,0,NA,NA
Full181;Native155,empty,4;3,results/full181_supplement/raw/empty/seed4/boltz_results_full_blind/predictions/full_blind/full_blind_model_0.pdb,all_cross_seed_pairs,Full181,Native155,4,3,results/13_interface_analysis/formal/complex_model_summary.csv,project27-160,54;56;57;58;59;60;62;63;65;99;104;105;106;107;108;109;110;111;113;114;117;118;121;149;153;156;160,58;59;61;62;63;64;65;67;68;69;107;108;109;110;111;113;114;117;118;121;122;125;128;131;134;149;153;156;159;160,0.5,0.5,both_nonempty,0,NA,NA
Full181;Native155,empty,4;4,results/full181_supplement/raw/empty/seed4/boltz_results_full_blind/predictions/full_blind/full_blind_model_0.pdb,all_cross_seed_pairs,Full181,Native155,4,4,results/13_interface_analysis/formal/complex_model_summary.csv,project27-160,54;56;57;58;59;60;62;63;65;99;104;105;106;107;108;109;110;111;113;114;117;118;121;149;153;156;160,57;58;59;60;62;63;64;65;98;99;100;101;103;104;107;108;110;111;114;115;118;122;125,0.42857142857142855,0.42857142857142855,both_nonempty,0,NA,NA
Full181;Native155,empty,4;5,results/full181_supplement/raw/empty/seed4/boltz_results_full_blind/predictions/full_blind/full_blind_model_0.pdb,all_cross_seed_pairs,Full181,Native155,4,5,results/13_interface_analysis/formal/complex_model_summary.csv,project27-160,54;56;57;58;59;60;62;63;65;99;104;105;106;107;108;109;110;111;113;114;117;118;121;149;153;156;160,57;58;59;60;61;62;63;64;65;98;99;101;103;104;106;107;108;110;111;114;118;121;125,0.5151515151515151,0.5151515151515151,both_nonempty,0,NA,NA
Full181;Native155,empty,4;6,results/full181_supplement/raw/empty/seed4/boltz_results_full_blind/predictions/full_blind/full_blind_model_0.pdb,all_cross_seed_pairs,Full181,Native155,4,6,results/13_interface_analysis/formal/complex_model_summary.csv,project27-160,54;56;57;58;59;60;62;63;65;99;104;105;106;107;108;109;110;111;113;114;117;118;121;149;153;156;160,57;58;59;62;63;65;99;101;103;104;106;107;108;110;111;112;113;114;117;118;121;124;156;159;160,0.625,0.625,both_nonempty,0,NA,NA
Full181;Native155,empty,4;7,results/full181_supplement/raw/empty/seed4/boltz_results_full_blind/predictions/full_blind/full_blind_model_0.pdb,all_cross_seed_pairs,Full181,Native155,4,7,results/13_interface_analysis/formal/complex_model_summary.csv,project27-160,54;56;57;58;59;60;62;63;65;99;104;105;106;107;108;109;110;111;113;114;117;118;121;149;153;156;160,54;56;57;58;59;60;62;63;97;98;99;100;101;102;103;104;107;108;111,0.3939393939393939,0.3939393939393939,both_nonempty,0,NA,NA
Full181;Native155,empty,4;8,results/full181_supplement/raw/empty/seed4/boltz_results_full_blind/predictions/full_blind/full_blind_model_0.pdb,all_cross_seed_pairs,Full181,Native155,4,8,results/13_interface_analysis/formal/complex_model_summary.csv,project27-160,54;56;57;58;59;60;62;63;65;99;104;105;106;107;108;109;110;111;113;114;117;118;121;149;153;156;160,53;54;56;57;58;60;94;97;98;99;100;101;102;103;104;107;108;111,0.2857142857142857,0.2857142857142857,both_nonempty,0,NA,NA
Full181;Native155,empty,4;9,results/full181_supplement/raw/empty/seed4/boltz_results_full_blind/predictions/full_blind/full_blind_model_0.pdb,all_cross_seed_pairs,Full181,Native155,4,9,results/13_interface_analysis/formal/complex_model_summary.csv,project27-160,54;56;57;58;59;60;62;63;65;99;104;105;106;107;108;109;110;111;113;114;117;118;121;149;153;156;160,57;58;59;60;61;62;63;64;65;98;99;100;101;103;104;106;107;108;110;111;112;114;115;117;118;125,0.4722222222222222,0.4722222222222222,both_nonempty,0,NA,NA
Full181;Native155,empty,4;10,results/full181_supplement/raw/empty/seed4/boltz_results_full_blind/predictions/full_blind/full_blind_model_0.pdb,all_cross_seed_pairs,Full181,Native155,4,10,results/13_interface_analysis/formal/complex_model_summary.csv,project27-160,54;56;57;58;59;60;62;63;65;99;104;105;106;107;108;109;110;111;113;114;117;118;121;149;153;156;160,57;58;59;61;62;63;64;65;66;99;103;104;106;107;108;110;111;114;115;117;118;121;122;125,0.5,0.5,both_nonempty,0,NA,NA
Full181;Native155,empty,4;11,results/full181_supplement/raw/empty/seed4/boltz_results_full_blind/predictions/full_blind/full_blind_model_0.pdb,all_cross_seed_pairs,Full181,Native155,4,11,results/13_interface_analysis/formal/complex_model_summary.csv,project27-160,54;56;57;58;59;60;62;63;65;99;104;105;106;107;108;109;110;111;113;114;117;118;121;149;153;156;160,58;59;62;65;98;99;100;101;103;104;106;107;110;113;114;117;118;120;121;156;159,0.45454545454545453,0.45454545454545453,both_nonempty,0,NA,NA
Full181;Native155,empty,4;12,results/full181_supplement/raw/empty/seed4/boltz_results_full_blind/predictions/full_blind/full_blind_model_0.pdb,all_cross_seed_pairs,Full181,Native155,4,12,results/13_interface_analysis/formal/complex_model_summary.csv,project27-160,54;56;57;58;59;60;62;63;65;99;104;105;106;107;108;109;110;111;113;114;117;118;121;149;153;156;160,58;59;62;63;65;99;101;103;104;107;108;110;111;113;114;117;118;121,0.5517241379310345,0.5517241379310345,both_nonempty,0,NA,NA
Full181;Native155,empty,4;13,results/full181_supplement/raw/empty/seed4/boltz_results_full_blind/predictions/full_blind/full_blind_model_0.pdb,all_cross_seed_pairs,Full181,Native155,4,13,results/13_interface_analysis/formal/complex_model_summary.csv,project27-160,54;56;57;58;59;60;62;63;65;99;104;105;106;107;108;109;110;111;113;114;117;118;121;149;153;156;160,58;59;62;65;99;100;101;103;104;106;107;108;109;110;111;160,0.43333333333333335,0.43333333333333335,both_nonempty,0,NA,NA
Full181;Native155,empty,4;14,results/full181_supplement/raw/empty/seed4/boltz_results_full_blind/predictions/full_blind/full_blind_model_0.pdb,all_cross_seed_pairs,Full181,Native155,4,14,results/13_interface_analysis/formal/complex_model_summary.csv,project27-160,54;56;57;58;59;60;62;63;65;99;104;105;106;107;108;109;110;111;113;114;117;118;121;149;153;156;160,57;58;59;62;98;99;100;101;103;104;106;107;110,0.2903225806451613,0.2903225806451613,both_nonempty,0,NA,NA
Full181;Native155,empty,4;15,results/full181_supplement/raw/empty/seed4/boltz_results_full_blind/predictions/full_blind/full_blind_model_0.pdb,all_cross_seed_pairs,Full181,Native155,4,15,results/13_interface_analysis/formal/complex_model_summary.csv,project27-160,54;56;57;58;59;60;62;63;65;99;104;105;106;107;108;109;110;111;113;114;117;118;121;149;153;156;160,57;58;59;62;63;64;65;98;99;101;103;104;106;107;108;110;111;114;115;117;118;121;122;125,0.5,0.5,both_nonempty,0,NA,NA
Full181;Native155,empty,5;1,results/full181_supplement/raw/empty/seed5/boltz_results_full_blind/predictions/full_blind/full_blind_model_0.pdb,all_cross_seed_pairs,Full181,Native155,5,1,results/13_interface_analysis/formal/complex_model_summary.csv,project27-160,56;57;58;59;60;62;63;64;65;98;99;100;101;103;104;106;107;108;110;111;114;117;118;121;125;153;156;157,59;101;102;103;104;106;107;110,0.2413793103448276,0.2413793103448276,both_nonempty,0,NA,NA
Full181;Native155,empty,5;2,results/full181_supplement/raw/empty/seed5/boltz_results_full_blind/predictions/full_blind/full_blind_model_0.pdb,all_cross_seed_pairs,Full181,Native155,5,2,results/13_interface_analysis/formal/complex_model_summary.csv,project27-160,56;57;58;59;60;62;63;64;65;98;99;100;101;103;104;106;107;108;110;111;114;117;118;121;125;153;156;157,56;57;58;59;60;62;63;65;99;101;103;104;106;107;108;110;111;113;114;117;118;121;124;156;159,0.7096774193548387,0.7096774193548387,both_nonempty,0,NA,NA
Full181;Native155,empty,5;3,results/full181_supplement/raw/empty/seed5/boltz_results_full_blind/predictions/full_blind/full_blind_model_0.pdb,all_cross_seed_pairs,Full181,Native155,5,3,results/13_interface_analysis/formal/complex_model_summary.csv,project27-160,56;57;58;59;60;62;63;64;65;98;99;100;101;103;104;106;107;108;110;111;114;117;118;121;125;153;156;157,58;59;61;62;63;64;65;67;68;69;107;108;109;110;111;113;114;117;118;121;122;125;128;131;134;149;153;156;159;160,0.4146341463414634,0.4146341463414634,both_nonempty,0,NA,NA
Full181;Native155,empty,5;4,results/full181_supplement/raw/empty/seed5/boltz_results_full_blind/predictions/full_blind/full_blind_model_0.pdb,all_cross_seed_pairs,Full181,Native155,5,4,results/13_interface_analysis/formal/complex_model_summary.csv,project27-160,56;57;58;59;60;62;63;64;65;98;99;100;101;103;104;106;107;108;110;111;114;117;118;121;125;153;156;157,57;58;59;60;62;63;64;65;98;99;100;101;103;104;107;108;110;111;114;115;118;122;125,0.7,0.7,both_nonempty,0,NA,NA
Full181;Native155,empty,5;5,results/full181_supplement/raw/empty/seed5/boltz_results_full_blind/predictions/full_blind/full_blind_model_0.pdb,all_cross_seed_pairs,Full181,Native155,5,5,results/13_interface_analysis/formal/complex_model_summary.csv,project27-160,56;57;58;59;60;62;63;64;65;98;99;100;101;103;104;106;107;108;110;111;114;117;118;121;125;153;156;157,57;58;59;60;61;62;63;64;65;98;99;101;103;104;106;107;108;110;111;114;118;121;125,0.7586206896551724,0.7586206896551724,both_nonempty,0,NA,NA
Full181;Native155,empty,5;6,results/full181_supplement/raw/empty/seed5/boltz_results_full_blind/predictions/full_blind/full_blind_model_0.pdb,all_cross_seed_pairs,Full181,Native155,5,6,results/13_interface_analysis/formal/complex_model_summary.csv,project27-160,56;57;58;59;60;62;63;64;65;98;99;100;101;103;104;106;107;108;110;111;114;117;118;121;125;153;156;157,57;58;59;62;63;65;99;101;103;104;106;107;108;110;111;112;113;114;117;118;121;124;156;159;160,0.6060606060606061,0.6060606060606061,both_nonempty,0,NA,NA
Full181;Native155,empty,5;7,results/full181_supplement/raw/empty/seed5/boltz_results_full_blind/predictions/full_blind/full_blind_model_0.pdb,all_cross_seed_pairs,Full181,Native155,5,7,results/13_interface_analysis/formal/complex_model_summary.csv,project27-160,56;57;58;59;60;62;63;64;65;98;99;100;101;103;104;106;107;108;110;111;114;117;118;121;125;153;156;157,54;56;57;58;59;60;62;63;97;98;99;100;101;102;103;104;107;108;111,0.5161290322580645,0.5161290322580645,both_nonempty,0,NA,NA
Full181;Native155,empty,5;8,results/full181_supplement/raw/empty/seed5/boltz_results_full_blind/predictions/full_blind/full_blind_model_0.pdb,all_cross_seed_pairs,Full181,Native155,5,8,results/13_interface_analysis/formal/complex_model_summary.csv,project27-160,56;57;58;59;60;62;63;64;65;98;99;100;101;103;104;106;107;108;110;111;114;117;118;121;125;153;156;157,53;54;56;57;58;60;94;97;98;99;100;101;102;103;104;107;108;111,0.3939393939393939,0.3939393939393939,both_nonempty,0,NA,NA
Full181;Native155,empty,5;9,results/full181_supplement/raw/empty/seed5/boltz_results_full_blind/predictions/full_blind/full_blind_model_0.pdb,all_cross_seed_pairs,Full181,Native155,5,9,results/13_interface_analysis/formal/complex_model_summary.csv,project27-160,56;57;58;59;60;62;63;64;65;98;99;100;101;103;104;106;107;108;110;111;114;117;118;121;125;153;156;157,57;58;59;60;61;62;63;64;65;98;99;100;101;103;104;106;107;108;110;111;112;114;115;117;118;125,0.7419354838709677,0.7419354838709677,both_nonempty,0,NA,NA
Full181;Native155,empty,5;10,results/full181_supplement/raw/empty/seed5/boltz_results_full_blind/predictions/full_blind/full_blind_model_0.pdb,all_cross_seed_pairs,Full181,Native155,5,10,results/13_interface_analysis/formal/complex_model_summary.csv,project27-160,56;57;58;59;60;62;63;64;65;98;99;100;101;103;104;106;107;108;110;111;114;117;118;121;125;153;156;157,57;58;59;61;62;63;64;65;66;99;103;104;106;107;108;110;111;114;115;117;118;121;122;125,0.625,0.625,both_nonempty,0,NA,NA
Full181;Native155,empty,5;11,results/full181_supplement/raw/empty/seed5/boltz_results_full_blind/predictions/full_blind/full_blind_model_0.pdb,all_cross_seed_pairs,Full181,Native155,5,11,results/13_interface_analysis/formal/complex_model_summary.csv,project27-160,56;57;58;59;60;62;63;64;65;98;99;100;101;103;104;106;107;108;110;111;114;117;118;121;125;153;156;157,58;59;62;65;98;99;100;101;103;104;106;107;110;113;114;117;118;120;121;156;159,0.5806451612903226,0.5806451612903226,both_nonempty,0,NA,NA
Full181;Native155,empty,5;12,results/full181_supplement/raw/empty/seed5/boltz_results_full_blind/predictions/full_blind/full_blind_model_0.pdb,all_cross_seed_pairs,Full181,Native155,5,12,results/13_interface_analysis/formal/complex_model_summary.csv,project27-160,56;57;58;59;60;62;63;64;65;98;99;100;101;103;104;106;107;108;110;111;114;117;118;121;125;153;156;157,58;59;62;63;65;99;101;103;104;107;108;110;111;113;114;117;118;121,0.5862068965517241,0.5862068965517241,both_nonempty,0,NA,NA
Full181;Native155,empty,5;13,results/full181_supplement/raw/empty/seed5/boltz_results_full_blind/predictions/full_blind/full_blind_model_0.pdb,all_cross_seed_pairs,Full181,Native155,5,13,results/13_interface_analysis/formal/complex_model_summary.csv,project27-160,56;57;58;59;60;62;63;64;65;98;99;100;101;103;104;106;107;108;110;111;114;117;118;121;125;153;156;157,58;59;62;65;99;100;101;103;104;106;107;108;109;110;111;160,0.4666666666666667,0.4666666666666667,both_nonempty,0,NA,NA
Full181;Native155,empty,5;14,results/full181_supplement/raw/empty/seed5/boltz_results_full_blind/predictions/full_blind/full_blind_model_0.pdb,all_cross_seed_pairs,Full181,Native155,5,14,results/13_interface_analysis/formal/complex_model_summary.csv,project27-160,56;57;58;59;60;62;63;64;65;98;99;100;101;103;104;106;107;108;110;111;114;117;118;121;125;153;156;157,57;58;59;62;98;99;100;101;103;104;106;107;110,0.4642857142857143,0.4642857142857143,both_nonempty,0,NA,NA
Full181;Native155,empty,5;15,results/full181_supplement/raw/empty/seed5/boltz_results_full_blind/predictions/full_blind/full_blind_model_0.pdb,all_cross_seed_pairs,Full181,Native155,5,15,results/13_interface_analysis/formal/complex_model_summary.csv,project27-160,56;57;58;59;60;62;63;64;65;98;99;100;101;103;104;106;107;108;110;111;114;117;118;121;125;153;156;157,57;58;59;62;63;64;65;98;99;101;103;104;106;107;108;110;111;114;115;117;118;121;122;125,0.7333333333333333,0.7333333333333333,both_nonempty,0,NA,NA
Full181;Native155,empty,6;1,results/full181_supplement/raw/empty/seed6/boltz_results_full_blind/predictions/full_blind/full_blind_model_0.pdb,all_cross_seed_pairs,Full181,Native155,6,1,results/13_interface_analysis/formal/complex_model_summary.csv,project27-160,54;57;58;59;60;61;62;63;64;65;68;98;99;100;101;103;104;107;108;110;111;114;115;118,59;101;102;103;104;106;107;110,0.23076923076923078,0.23076923076923078,both_nonempty,0,NA,NA
Full181;Native155,empty,6;2,results/full181_supplement/raw/empty/seed6/boltz_results_full_blind/predictions/full_blind/full_blind_model_0.pdb,all_cross_seed_pairs,Full181,Native155,6,2,results/13_interface_analysis/formal/complex_model_summary.csv,project27-160,54;57;58;59;60;61;62;63;64;65;68;98;99;100;101;103;104;107;108;110;111;114;115;118,56;57;58;59;60;62;63;65;99;101;103;104;106;107;108;110;111;113;114;117;118;121;124;156;159,0.53125,0.53125,both_nonempty,0,NA,NA
Full181;Native155,empty,6;3,results/full181_supplement/raw/empty/seed6/boltz_results_full_blind/predictions/full_blind/full_blind_model_0.pdb,all_cross_seed_pairs,Full181,Native155,6,3,results/13_interface_analysis/formal/complex_model_summary.csv,project27-160,54;57;58;59;60;61;62;63;64;65;68;98;99;100;101;103;104;107;108;110;111;114;115;118,58;59;61;62;63;64;65;67;68;69;107;108;109;110;111;113;114;117;118;121;122;125;128;131;134;149;153;156;159;160,0.35,0.35,both_nonempty,0,NA,NA
Full181;Native155,empty,6;4,results/full181_supplement/raw/empty/seed6/boltz_results_full_blind/predictions/full_blind/full_blind_model_0.pdb,all_cross_seed_pairs,Full181,Native155,6,4,results/13_interface_analysis/formal/complex_model_summary.csv,project27-160,54;57;58;59;60;61;62;63;64;65;68;98;99;100;101;103;104;107;108;110;111;114;115;118,57;58;59;60;62;63;64;65;98;99;100;101;103;104;107;108;110;111;114;115;118;122;125,0.8076923076923077,0.8076923076923077,both_nonempty,0,NA,NA
Full181;Native155,empty,6;5,results/full181_supplement/raw/empty/seed6/boltz_results_full_blind/predictions/full_blind/full_blind_model_0.pdb,all_cross_seed_pairs,Full181,Native155,6,5,results/13_interface_analysis/formal/complex_model_summary.csv,project27-160,54;57;58;59;60;61;62;63;64;65;68;98;99;100;101;103;104;107;108;110;111;114;115;118,57;58;59;60;61;62;63;64;65;98;99;101;103;104;106;107;108;110;111;114;118;121;125,0.7407407407407407,0.7407407407407407,both_nonempty,0,NA,NA
Full181;Native155,empty,6;6,results/full181_supplement/raw/empty/seed6/boltz_results_full_blind/predictions/full_blind/full_blind_model_0.pdb,all_cross_seed_pairs,Full181,Native155,6,6,results/13_interface_analysis/formal/complex_model_summary.csv,project27-160,54;57;58;59;60;61;62;63;64;65;68;98;99;100;101;103;104;107;108;110;111;114;115;118,57;58;59;62;63;65;99;101;103;104;106;107;108;110;111;112;113;114;117;118;121;124;156;159;160,0.48484848484848486,0.48484848484848486,both_nonempty,0,NA,NA
Full181;Native155,empty,6;7,results/full181_supplement/raw/empty/seed6/boltz_results_full_blind/predictions/full_blind/full_blind_model_0.pdb,all_cross_seed_pairs,Full181,Native155,6,7,results/13_interface_analysis/formal/complex_model_summary.csv,project27-160,54;57;58;59;60;61;62;63;64;65;68;98;99;100;101;103;104;107;108;110;111;114;115;118,54;56;57;58;59;60;62;63;97;98;99;100;101;102;103;104;107;108;111,0.5925925925925926,0.5925925925925926,both_nonempty,0,NA,NA
Full181;Native155,empty,6;8,results/full181_supplement/raw/empty/seed6/boltz_results_full_blind/predictions/full_blind/full_blind_model_0.pdb,all_cross_seed_pairs,Full181,Native155,6,8,results/13_interface_analysis/formal/complex_model_summary.csv,project27-160,54;57;58;59;60;61;62;63;64;65;68;98;99;100;101;103;104;107;108;110;111;114;115;118,53;54;56;57;58;60;94;97;98;99;100;101;102;103;104;107;108;111,0.4482758620689655,0.4482758620689655,both_nonempty,0,NA,NA
Full181;Native155,empty,6;9,results/full181_supplement/raw/empty/seed6/boltz_results_full_blind/predictions/full_blind/full_blind_model_0.pdb,all_cross_seed_pairs,Full181,Native155,6,9,results/13_interface_analysis/formal/complex_model_summary.csv,project27-160,54;57;58;59;60;61;62;63;64;65;68;98;99;100;101;103;104;107;108;110;111;114;115;118,57;58;59;60;61;62;63;64;65;98;99;100;101;103;104;106;107;108;110;111;112;114;115;117;118;125,0.7857142857142857,0.7857142857142857,both_nonempty,0,NA,NA
Full181;Native155,empty,6;10,results/full181_supplement/raw/empty/seed6/boltz_results_full_blind/predictions/full_blind/full_blind_model_0.pdb,all_cross_seed_pairs,Full181,Native155,6,10,results/13_interface_analysis/formal/complex_model_summary.csv,project27-160,54;57;58;59;60;61;62;63;64;65;68;98;99;100;101;103;104;107;108;110;111;114;115;118,57;58;59;61;62;63;64;65;66;99;103;104;106;107;108;110;111;114;115;117;118;121;122;125,0.6,0.6,both_nonempty,0,NA,NA
Full181;Native155,empty,6;11,results/full181_supplement/raw/empty/seed6/boltz_results_full_blind/predictions/full_blind/full_blind_model_0.pdb,all_cross_seed_pairs,Full181,Native155,6,11,results/13_interface_analysis/formal/complex_model_summary.csv,project27-160,54;57;58;59;60;61;62;63;64;65;68;98;99;100;101;103;104;107;108;110;111;114;115;118,58;59;62;65;98;99;100;101;103;104;106;107;110;113;114;117;118;120;121;156;159,0.45161290322580644,0.45161290322580644,both_nonempty,0,NA,NA
Full181;Native155,empty,6;12,results/full181_supplement/raw/empty/seed6/boltz_results_full_blind/predictions/full_blind/full_blind_model_0.pdb,all_cross_seed_pairs,Full181,Native155,6,12,results/13_interface_analysis/formal/complex_model_summary.csv,project27-160,54;57;58;59;60;61;62;63;64;65;68;98;99;100;101;103;104;107;108;110;111;114;115;118,58;59;62;63;65;99;101;103;104;107;108;110;111;113;114;117;118;121,0.5555555555555556,0.5555555555555556,both_nonempty,0,NA,NA
Full181;Native155,empty,6;13,results/full181_supplement/raw/empty/seed6/boltz_results_full_blind/predictions/full_blind/full_blind_model_0.pdb,all_cross_seed_pairs,Full181,Native155,6,13,results/13_interface_analysis/formal/complex_model_summary.csv,project27-160,54;57;58;59;60;61;62;63;64;65;68;98;99;100;101;103;104;107;108;110;111;114;115;118,58;59;62;65;99;100;101;103;104;106;107;108;109;110;111;160,0.48148148148148145,0.48148148148148145,both_nonempty,0,NA,NA
Full181;Native155,empty,6;14,results/full181_supplement/raw/empty/seed6/boltz_results_full_blind/predictions/full_blind/full_blind_model_0.pdb,all_cross_seed_pairs,Full181,Native155,6,14,results/13_interface_analysis/formal/complex_model_summary.csv,project27-160,54;57;58;59;60;61;62;63;64;65;68;98;99;100;101;103;104;107;108;110;111;114;115;118,57;58;59;62;98;99;100;101;103;104;106;107;110,0.48,0.48,both_nonempty,0,NA,NA
Full181;Native155,empty,6;15,results/full181_supplement/raw/empty/seed6/boltz_results_full_blind/predictions/full_blind/full_blind_model_0.pdb,all_cross_seed_pairs,Full181,Native155,6,15,results/13_interface_analysis/formal/complex_model_summary.csv,project27-160,54;57;58;59;60;61;62;63;64;65;68;98;99;100;101;103;104;107;108;110;111;114;115;118,57;58;59;62;63;64;65;98;99;101;103;104;106;107;108;110;111;114;115;117;118;121;122;125,0.6551724137931034,0.6551724137931034,both_nonempty,0,NA,NA
Full181;Native155,empty,7;1,results/full181_supplement/raw/empty/seed7/boltz_results_full_blind/predictions/full_blind/full_blind_model_0.pdb,all_cross_seed_pairs,Full181,Native155,7,1,results/13_interface_analysis/formal/complex_model_summary.csv,project27-160,30;31;32;45;49;52;57;58;59;60;61;62;63;64;65;66;67;68;71;94;97;98;99;100;101;103;104;107,59;101;102;103;104;106;107;110,0.16129032258064516,0.16129032258064516,both_nonempty,0,NA,NA
Full181;Native155,empty,7;2,results/full181_supplement/raw/empty/seed7/boltz_results_full_blind/predictions/full_blind/full_blind_model_0.pdb,all_cross_seed_pairs,Full181,Native155,7,2,results/13_interface_analysis/formal/complex_model_summary.csv,project27-160,30;31;32;45;49;52;57;58;59;60;61;62;63;64;65;66;67;68;71;94;97;98;99;100;101;103;104;107,56;57;58;59;60;62;63;65;99;101;103;104;106;107;108;110;111;113;114;117;118;121;124;156;159,0.2926829268292683,0.2926829268292683,both_nonempty,0,NA,NA
Full181;Native155,empty,7;3,results/full181_supplement/raw/empty/seed7/boltz_results_full_blind/predictions/full_blind/full_blind_model_0.pdb,all_cross_seed_pairs,Full181,Native155,7,3,results/13_interface_analysis/formal/complex_model_summary.csv,project27-160,30;31;32;45;49;52;57;58;59;60;61;62;63;64;65;66;67;68;71;94;97;98;99;100;101;103;104;107,58;59;61;62;63;64;65;67;68;69;107;108;109;110;111;113;114;117;118;121;122;125;128;131;134;149;153;156;159;160,0.20833333333333334,0.20833333333333334,both_nonempty,0,NA,NA
Full181;Native155,empty,7;4,results/full181_supplement/raw/empty/seed7/boltz_results_full_blind/predictions/full_blind/full_blind_model_0.pdb,all_cross_seed_pairs,Full181,Native155,7,4,results/13_interface_analysis/formal/complex_model_summary.csv,project27-160,30;31;32;45;49;52;57;58;59;60;61;62;63;64;65;66;67;68;71;94;97;98;99;100;101;103;104;107,57;58;59;60;62;63;64;65;98;99;100;101;103;104;107;108;110;111;114;115;118;122;125,0.4166666666666667,0.4166666666666667,both_nonempty,0,NA,NA
Full181;Native155,empty,7;5,results/full181_supplement/raw/empty/seed7/boltz_results_full_blind/predictions/full_blind/full_blind_model_0.pdb,all_cross_seed_pairs,Full181,Native155,7,5,results/13_interface_analysis/formal/complex_model_summary.csv,project27-160,30;31;32;45;49;52;57;58;59;60;61;62;63;64;65;66;67;68;71;94;97;98;99;100;101;103;104;107,57;58;59;60;61;62;63;64;65;98;99;101;103;104;106;107;108;110;111;114;118;121;125,0.4166666666666667,0.4166666666666667,both_nonempty,0,NA,NA
Full181;Native155,empty,7;6,results/full181_supplement/raw/empty/seed7/boltz_results_full_blind/predictions/full_blind/full_blind_model_0.pdb,all_cross_seed_pairs,Full181,Native155,7,6,results/13_interface_analysis/formal/complex_model_summary.csv,project27-160,30;31;32;45;49;52;57;58;59;60;61;62;63;64;65;66;67;68;71;94;97;98;99;100;101;103;104;107,57;58;59;62;63;65;99;101;103;104;106;107;108;110;111;112;113;114;117;118;121;124;156;159;160,0.2619047619047619,0.2619047619047619,both_nonempty,0,NA,NA
Full181;Native155,empty,7;7,results/full181_supplement/raw/empty/seed7/boltz_results_full_blind/predictions/full_blind/full_blind_model_0.pdb,all_cross_seed_pairs,Full181,Native155,7,7,results/13_interface_analysis/formal/complex_model_summary.csv,project27-160,30;31;32;45;49;52;57;58;59;60;61;62;63;64;65;66;67;68;71;94;97;98;99;100;101;103;104;107,54;56;57;58;59;60;62;63;97;98;99;100;101;102;103;104;107;108;111,0.42424242424242425,0.42424242424242425,both_nonempty,0,NA,NA
Full181;Native155,empty,7;8,results/full181_supplement/raw/empty/seed7/boltz_results_full_blind/predictions/full_blind/full_blind_model_0.pdb,all_cross_seed_pairs,Full181,Native155,7,8,results/13_interface_analysis/formal/complex_model_summary.csv,project27-160,30;31;32;45;49;52;57;58;59;60;61;62;63;64;65;66;67;68;71;94;97;98;99;100;101;103;104;107,53;54;56;57;58;60;94;97;98;99;100;101;102;103;104;107;108;111,0.35294117647058826,0.35294117647058826,both_nonempty,0,NA,NA
Full181;Native155,empty,7;9,results/full181_supplement/raw/empty/seed7/boltz_results_full_blind/predictions/full_blind/full_blind_model_0.pdb,all_cross_seed_pairs,Full181,Native155,7,9,results/13_interface_analysis/formal/complex_model_summary.csv,project27-160,30;31;32;45;49;52;57;58;59;60;61;62;63;64;65;66;67;68;71;94;97;98;99;100;101;103;104;107,57;58;59;60;61;62;63;64;65;98;99;100;101;103;104;106;107;108;110;111;112;114;115;117;118;125,0.42105263157894735,0.42105263157894735,both_nonempty,0,NA,NA
Full181;Native155,empty,7;10,results/full181_supplement/raw/empty/seed7/boltz_results_full_blind/predictions/full_blind/full_blind_model_0.pdb,all_cross_seed_pairs,Full181,Native155,7,10,results/13_interface_analysis/formal/complex_model_summary.csv,project27-160,30;31;32;45;49;52;57;58;59;60;61;62;63;64;65;66;67;68;71;94;97;98;99;100;101;103;104;107,57;58;59;61;62;63;64;65;66;99;103;104;106;107;108;110;111;114;115;117;118;121;122;125,0.3333333333333333,0.3333333333333333,both_nonempty,0,NA,NA
Full181;Native155,empty,7;11,results/full181_supplement/raw/empty/seed7/boltz_results_full_blind/predictions/full_blind/full_blind_model_0.pdb,all_cross_seed_pairs,Full181,Native155,7,11,results/13_interface_analysis/formal/complex_model_summary.csv,project27-160,30;31;32;45;49;52;57;58;59;60;61;62;63;64;65;66;67;68;71;94;97;98;99;100;101;103;104;107,58;59;62;65;98;99;100;101;103;104;106;107;110;113;114;117;118;120;121;156;159,0.2894736842105263,0.2894736842105263,both_nonempty,0,NA,NA
Full181;Native155,empty,7;12,results/full181_supplement/raw/empty/seed7/boltz_results_full_blind/predictions/full_blind/full_blind_model_0.pdb,all_cross_seed_pairs,Full181,Native155,7,12,results/13_interface_analysis/formal/complex_model_summary.csv,project27-160,30;31;32;45;49;52;57;58;59;60;61;62;63;64;65;66;67;68;71;94;97;98;99;100;101;103;104;107,58;59;62;63;65;99;101;103;104;107;108;110;111;113;114;117;118;121,0.2777777777777778,0.2777777777777778,both_nonempty,0,NA,NA
Full181;Native155,empty,7;13,results/full181_supplement/raw/empty/seed7/boltz_results_full_blind/predictions/full_blind/full_blind_model_0.pdb,all_cross_seed_pairs,Full181,Native155,7,13,results/13_interface_analysis/formal/complex_model_summary.csv,project27-160,30;31;32;45;49;52;57;58;59;60;61;62;63;64;65;66;67;68;71;94;97;98;99;100;101;103;104;107,58;59;62;65;99;100;101;103;104;106;107;108;109;110;111;160,0.29411764705882354,0.29411764705882354,both_nonempty,0,NA,NA
Full181;Native155,empty,7;14,results/full181_supplement/raw/empty/seed7/boltz_results_full_blind/predictions/full_blind/full_blind_model_0.pdb,all_cross_seed_pairs,Full181,Native155,7,14,results/13_interface_analysis/formal/complex_model_summary.csv,project27-160,30;31;32;45;49;52;57;58;59;60;61;62;63;64;65;66;67;68;71;94;97;98;99;100;101;103;104;107,57;58;59;62;98;99;100;101;103;104;106;107;110,0.36666666666666664,0.36666666666666664,both_nonempty,0,NA,NA
Full181;Native155,empty,7;15,results/full181_supplement/raw/empty/seed7/boltz_results_full_blind/predictions/full_blind/full_blind_model_0.pdb,all_cross_seed_pairs,Full181,Native155,7,15,results/13_interface_analysis/formal/complex_model_summary.csv,project27-160,30;31;32;45;49;52;57;58;59;60;61;62;63;64;65;66;67;68;71;94;97;98;99;100;101;103;104;107,57;58;59;62;63;64;65;98;99;101;103;104;106;107;108;110;111;114;115;117;118;121;122;125,0.3333333333333333,0.3333333333333333,both_nonempty,0,NA,NA
Full181;Native155,empty,8;1,results/full181_supplement/raw/empty/seed8/boltz_results_full_blind/predictions/full_blind/full_blind_model_0.pdb,all_cross_seed_pairs,Full181,Native155,8,1,results/13_interface_analysis/formal/complex_model_summary.csv,project27-160,49;52;53;54;55;56;57;97;98;99;100;101;102;103;104;107;108;111,59;101;102;103;104;106;107;110,0.23809523809523808,0.23809523809523808,both_nonempty,0,NA,NA
Full181;Native155,empty,8;2,results/full181_supplement/raw/empty/seed8/boltz_results_full_blind/predictions/full_blind/full_blind_model_0.pdb,all_cross_seed_pairs,Full181,Native155,8,2,results/13_interface_analysis/formal/complex_model_summary.csv,project27-160,49;52;53;54;55;56;57;97;98;99;100;101;102;103;104;107;108;111,56;57;58;59;60;62;63;65;99;101;103;104;106;107;108;110;111;113;114;117;118;121;124;156;159,0.2647058823529412,0.2647058823529412,both_nonempty,0,NA,NA
Full181;Native155,empty,8;3,results/full181_supplement/raw/empty/seed8/boltz_results_full_blind/predictions/full_blind/full_blind_model_0.pdb,all_cross_seed_pairs,Full181,Native155,8,3,results/13_interface_analysis/formal/complex_model_summary.csv,project27-160,49;52;53;54;55;56;57;97;98;99;100;101;102;103;104;107;108;111,58;59;61;62;63;64;65;67;68;69;107;108;109;110;111;113;114;117;118;121;122;125;128;131;134;149;153;156;159;160,0.06666666666666667,0.06666666666666667,both_nonempty,0,NA,NA
Full181;Native155,empty,8;4,results/full181_supplement/raw/empty/seed8/boltz_results_full_blind/predictions/full_blind/full_blind_model_0.pdb,all_cross_seed_pairs,Full181,Native155,8,4,results/13_interface_analysis/formal/complex_model_summary.csv,project27-160,49;52;53;54;55;56;57;97;98;99;100;101;102;103;104;107;108;111,57;58;59;60;62;63;64;65;98;99;100;101;103;104;107;108;110;111;114;115;118;122;125,0.3225806451612903,0.3225806451612903,both_nonempty,0,NA,NA
Full181;Native155,empty,8;5,results/full181_supplement/raw/empty/seed8/boltz_results_full_blind/predictions/full_blind/full_blind_model_0.pdb,all_cross_seed_pairs,Full181,Native155,8,5,results/13_interface_analysis/formal/complex_model_summary.csv,project27-160,49;52;53;54;55;56;57;97;98;99;100;101;102;103;104;107;108;111,57;58;59;60;61;62;63;64;65;98;99;101;103;104;106;107;108;110;111;114;118;121;125,0.28125,0.28125,both_nonempty,0,NA,NA
Full181;Native155,empty,8;6,results/full181_supplement/raw/empty/seed8/boltz_results_full_blind/predictions/full_blind/full_blind_model_0.pdb,all_cross_seed_pairs,Full181,Native155,8,6,results/13_interface_analysis/formal/complex_model_summary.csv,project27-160,49;52;53;54;55;56;57;97;98;99;100;101;102;103;104;107;108;111,57;58;59;62;63;65;99;101;103;104;106;107;108;110;111;112;113;114;117;118;121;124;156;159;160,0.22857142857142856,0.22857142857142856,both_nonempty,0,NA,NA
Full181;Native155,empty,8;7,results/full181_supplement/raw/empty/seed8/boltz_results_full_blind/predictions/full_blind/full_blind_model_0.pdb,all_cross_seed_pairs,Full181,Native155,8,7,results/13_interface_analysis/formal/complex_model_summary.csv,project27-160,49;52;53;54;55;56;57;97;98;99;100;101;102;103;104;107;108;111,54;56;57;58;59;60;62;63;97;98;99;100;101;102;103;104;107;108;111,0.6086956521739131,0.6086956521739131,both_nonempty,0,NA,NA
Full181;Native155,empty,8;8,results/full181_supplement/raw/empty/seed8/boltz_results_full_blind/predictions/full_blind/full_blind_model_0.pdb,all_cross_seed_pairs,Full181,Native155,8,8,results/13_interface_analysis/formal/complex_model_summary.csv,project27-160,49;52;53;54;55;56;57;97;98;99;100;101;102;103;104;107;108;111,53;54;56;57;58;60;94;97;98;99;100;101;102;103;104;107;108;111,0.7142857142857143,0.7142857142857143,both_nonempty,0,NA,NA
Full181;Native155,empty,8;9,results/full181_supplement/raw/empty/seed8/boltz_results_full_blind/predictions/full_blind/full_blind_model_0.pdb,all_cross_seed_pairs,Full181,Native155,8,9,results/13_interface_analysis/formal/complex_model_summary.csv,project27-160,49;52;53;54;55;56;57;97;98;99;100;101;102;103;104;107;108;111,57;58;59;60;61;62;63;64;65;98;99;100;101;103;104;106;107;108;110;111;112;114;115;117;118;125,0.29411764705882354,0.29411764705882354,both_nonempty,0,NA,NA
Full181;Native155,empty,8;10,results/full181_supplement/raw/empty/seed8/boltz_results_full_blind/predictions/full_blind/full_blind_model_0.pdb,all_cross_seed_pairs,Full181,Native155,8,10,results/13_interface_analysis/formal/complex_model_summary.csv,project27-160,49;52;53;54;55;56;57;97;98;99;100;101;102;103;104;107;108;111,57;58;59;61;62;63;64;65;66;99;103;104;106;107;108;110;111;114;115;117;118;121;122;125,0.2,0.2,both_nonempty,0,NA,NA
Full181;Native155,empty,8;11,results/full181_supplement/raw/empty/seed8/boltz_results_full_blind/predictions/full_blind/full_blind_model_0.pdb,all_cross_seed_pairs,Full181,Native155,8,11,results/13_interface_analysis/formal/complex_model_summary.csv,project27-160,49;52;53;54;55;56;57;97;98;99;100;101;102;103;104;107;108;111,58;59;62;65;98;99;100;101;103;104;106;107;110;113;114;117;118;120;121;156;159,0.21875,0.21875,both_nonempty,0,NA,NA
Full181;Native155,empty,8;12,results/full181_supplement/raw/empty/seed8/boltz_results_full_blind/predictions/full_blind/full_blind_model_0.pdb,all_cross_seed_pairs,Full181,Native155,8,12,results/13_interface_analysis/formal/complex_model_summary.csv,project27-160,49;52;53;54;55;56;57;97;98;99;100;101;102;103;104;107;108;111,58;59;62;63;65;99;101;103;104;107;108;110;111;113;114;117;118;121,0.2413793103448276,0.2413793103448276,both_nonempty,0,NA,NA
Full181;Native155,empty,8;13,results/full181_supplement/raw/empty/seed8/boltz_results_full_blind/predictions/full_blind/full_blind_model_0.pdb,all_cross_seed_pairs,Full181,Native155,8,13,results/13_interface_analysis/formal/complex_model_summary.csv,project27-160,49;52;53;54;55;56;57;97;98;99;100;101;102;103;104;107;108;111,58;59;62;65;99;100;101;103;104;106;107;108;109;110;111;160,0.3076923076923077,0.3076923076923077,both_nonempty,0,NA,NA
Full181;Native155,empty,8;14,results/full181_supplement/raw/empty/seed8/boltz_results_full_blind/predictions/full_blind/full_blind_model_0.pdb,all_cross_seed_pairs,Full181,Native155,8,14,results/13_interface_analysis/formal/complex_model_summary.csv,project27-160,49;52;53;54;55;56;57;97;98;99;100;101;102;103;104;107;108;111,57;58;59;62;98;99;100;101;103;104;106;107;110,0.34782608695652173,0.34782608695652173,both_nonempty,0,NA,NA
Full181;Native155,empty,8;15,results/full181_supplement/raw/empty/seed8/boltz_results_full_blind/predictions/full_blind/full_blind_model_0.pdb,all_cross_seed_pairs,Full181,Native155,8,15,results/13_interface_analysis/formal/complex_model_summary.csv,project27-160,49;52;53;54;55;56;57;97;98;99;100;101;102;103;104;107;108;111,57;58;59;62;63;64;65;98;99;101;103;104;106;107;108;110;111;114;115;117;118;121;122;125,0.2727272727272727,0.2727272727272727,both_nonempty,0,NA,NA
Full181;Native155,empty,9;1,results/full181_supplement/raw/empty/seed9/boltz_results_full_blind/predictions/full_blind/full_blind_model_0.pdb,all_cross_seed_pairs,Full181,Native155,9,1,results/13_interface_analysis/formal/complex_model_summary.csv,project27-160,57;58;59;60;61;62;63;65;66;91;98;99;100;101;104;107;108;110;111;114;115;117;118,59;101;102;103;104;106;107;110,0.19230769230769232,0.19230769230769232,both_nonempty,0,NA,NA
Full181;Native155,empty,9;2,results/full181_supplement/raw/empty/seed9/boltz_results_full_blind/predictions/full_blind/full_blind_model_0.pdb,all_cross_seed_pairs,Full181,Native155,9,2,results/13_interface_analysis/formal/complex_model_summary.csv,project27-160,57;58;59;60;61;62;63;65;66;91;98;99;100;101;104;107;108;110;111;114;115;117;118,56;57;58;59;60;62;63;65;99;101;103;104;106;107;108;110;111;113;114;117;118;121;124;156;159,0.5483870967741935,0.5483870967741935,both_nonempty,0,NA,NA
Full181;Native155,empty,9;3,results/full181_supplement/raw/empty/seed9/boltz_results_full_blind/predictions/full_blind/full_blind_model_0.pdb,all_cross_seed_pairs,Full181,Native155,9,3,results/13_interface_analysis/formal/complex_model_summary.csv,project27-160,57;58;59;60;61;62;63;65;66;91;98;99;100;101;104;107;108;110;111;114;115;117;118,58;59;61;62;63;64;65;67;68;69;107;108;109;110;111;113;114;117;118;121;122;125;128;131;134;149;153;156;159;160,0.325,0.325,both_nonempty,0,NA,NA
Full181;Native155,empty,9;4,results/full181_supplement/raw/empty/seed9/boltz_results_full_blind/predictions/full_blind/full_blind_model_0.pdb,all_cross_seed_pairs,Full181,Native155,9,4,results/13_interface_analysis/formal/complex_model_summary.csv,project27-160,57;58;59;60;61;62;63;65;66;91;98;99;100;101;104;107;108;110;111;114;115;117;118,57;58;59;60;62;63;64;65;98;99;100;101;103;104;107;108;110;111;114;115;118;122;125,0.7037037037037037,0.7037037037037037,both_nonempty,0,NA,NA
Full181;Native155,empty,9;5,results/full181_supplement/raw/empty/seed9/boltz_results_full_blind/predictions/full_blind/full_blind_model_0.pdb,all_cross_seed_pairs,Full181,Native155,9,5,results/13_interface_analysis/formal/complex_model_summary.csv,project27-160,57;58;59;60;61;62;63;65;66;91;98;99;100;101;104;107;108;110;111;114;115;117;118,57;58;59;60;61;62;63;64;65;98;99;101;103;104;106;107;108;110;111;114;118;121;125,0.6428571428571429,0.6428571428571429,both_nonempty,0,NA,NA
Full181;Native155,empty,9;6,results/full181_supplement/raw/empty/seed9/boltz_results_full_blind/predictions/full_blind/full_blind_model_0.pdb,all_cross_seed_pairs,Full181,Native155,9,6,results/13_interface_analysis/formal/complex_model_summary.csv,project27-160,57;58;59;60;61;62;63;65;66;91;98;99;100;101;104;107;108;110;111;114;115;117;118,57;58;59;62;63;65;99;101;103;104;106;107;108;110;111;112;113;114;117;118;121;124;156;159;160,0.5,0.5,both_nonempty,0,NA,NA
Full181;Native155,empty,9;7,results/full181_supplement/raw/empty/seed9/boltz_results_full_blind/predictions/full_blind/full_blind_model_0.pdb,all_cross_seed_pairs,Full181,Native155,9,7,results/13_interface_analysis/formal/complex_model_summary.csv,project27-160,57;58;59;60;61;62;63;65;66;91;98;99;100;101;104;107;108;110;111;114;115;117;118,54;56;57;58;59;60;62;63;97;98;99;100;101;102;103;104;107;108;111,0.5,0.5,both_nonempty,0,NA,NA
Full181;Native155,empty,9;8,results/full181_supplement/raw/empty/seed9/boltz_results_full_blind/predictions/full_blind/full_blind_model_0.pdb,all_cross_seed_pairs,Full181,Native155,9,8,results/13_interface_analysis/formal/complex_model_summary.csv,project27-160,57;58;59;60;61;62;63;65;66;91;98;99;100;101;104;107;108;110;111;114;115;117;118,53;54;56;57;58;60;94;97;98;99;100;101;102;103;104;107;108;111,0.36666666666666664,0.36666666666666664,both_nonempty,0,NA,NA
Full181;Native155,empty,9;9,results/full181_supplement/raw/empty/seed9/boltz_results_full_blind/predictions/full_blind/full_blind_model_0.pdb,all_cross_seed_pairs,Full181,Native155,9,9,results/13_interface_analysis/formal/complex_model_summary.csv,project27-160,57;58;59;60;61;62;63;65;66;91;98;99;100;101;104;107;108;110;111;114;115;117;118,57;58;59;60;61;62;63;64;65;98;99;100;101;103;104;106;107;108;110;111;112;114;115;117;118;125,0.75,0.75,both_nonempty,0,NA,NA
Full181;Native155,empty,9;10,results/full181_supplement/raw/empty/seed9/boltz_results_full_blind/predictions/full_blind/full_blind_model_0.pdb,all_cross_seed_pairs,Full181,Native155,9,10,results/13_interface_analysis/formal/complex_model_summary.csv,project27-160,57;58;59;60;61;62;63;65;66;91;98;99;100;101;104;107;108;110;111;114;115;117;118,57;58;59;61;62;63;64;65;66;99;103;104;106;107;108;110;111;114;115;117;118;121;122;125,0.6206896551724138,0.6206896551724138,both_nonempty,0,NA,NA
Full181;Native155,empty,9;11,results/full181_supplement/raw/empty/seed9/boltz_results_full_blind/predictions/full_blind/full_blind_model_0.pdb,all_cross_seed_pairs,Full181,Native155,9,11,results/13_interface_analysis/formal/complex_model_summary.csv,project27-160,57;58;59;60;61;62;63;65;66;91;98;99;100;101;104;107;108;110;111;114;115;117;118,58;59;62;65;98;99;100;101;103;104;106;107;110;113;114;117;118;120;121;156;159,0.4666666666666667,0.4666666666666667,both_nonempty,0,NA,NA
Full181;Native155,empty,9;12,results/full181_supplement/raw/empty/seed9/boltz_results_full_blind/predictions/full_blind/full_blind_model_0.pdb,all_cross_seed_pairs,Full181,Native155,9,12,results/13_interface_analysis/formal/complex_model_summary.csv,project27-160,57;58;59;60;61;62;63;65;66;91;98;99;100;101;104;107;108;110;111;114;115;117;118,58;59;62;63;65;99;101;103;104;107;108;110;111;113;114;117;118;121,0.5769230769230769,0.5769230769230769,both_nonempty,0,NA,NA
Full181;Native155,empty,9;13,results/full181_supplement/raw/empty/seed9/boltz_results_full_blind/predictions/full_blind/full_blind_model_0.pdb,all_cross_seed_pairs,Full181,Native155,9,13,results/13_interface_analysis/formal/complex_model_summary.csv,project27-160,57;58;59;60;61;62;63;65;66;91;98;99;100;101;104;107;108;110;111;114;115;117;118,58;59;62;65;99;100;101;103;104;106;107;108;109;110;111;160,0.4444444444444444,0.4444444444444444,both_nonempty,0,NA,NA
Full181;Native155,empty,9;14,results/full181_supplement/raw/empty/seed9/boltz_results_full_blind/predictions/full_blind/full_blind_model_0.pdb,all_cross_seed_pairs,Full181,Native155,9,14,results/13_interface_analysis/formal/complex_model_summary.csv,project27-160,57;58;59;60;61;62;63;65;66;91;98;99;100;101;104;107;108;110;111;114;115;117;118,57;58;59;62;98;99;100;101;103;104;106;107;110,0.44,0.44,both_nonempty,0,NA,NA
Full181;Native155,empty,9;15,results/full181_supplement/raw/empty/seed9/boltz_results_full_blind/predictions/full_blind/full_blind_model_0.pdb,all_cross_seed_pairs,Full181,Native155,9,15,results/13_interface_analysis/formal/complex_model_summary.csv,project27-160,57;58;59;60;61;62;63;65;66;91;98;99;100;101;104;107;108;110;111;114;115;117;118,57;58;59;62;63;64;65;98;99;101;103;104;106;107;108;110;111;114;115;117;118;121;122;125,0.6206896551724138,0.6206896551724138,both_nonempty,0,NA,NA
Full181;Native155,empty,10;1,results/full181_supplement/raw/empty/seed10/boltz_results_full_blind/predictions/full_blind/full_blind_model_0.pdb,all_cross_seed_pairs,Full181,Native155,10,1,results/13_interface_analysis/formal/complex_model_summary.csv,project27-160,58;59;60;61;62;63;64;65;68;101;103;104;106;107;110;111;114;115;118;122,59;101;102;103;104;106;107;110,0.3333333333333333,0.3333333333333333,both_nonempty,0,NA,NA
Full181;Native155,empty,10;2,results/full181_supplement/raw/empty/seed10/boltz_results_full_blind/predictions/full_blind/full_blind_model_0.pdb,all_cross_seed_pairs,Full181,Native155,10,2,results/13_interface_analysis/formal/complex_model_summary.csv,project27-160,58;59;60;61;62;63;64;65;68;101;103;104;106;107;110;111;114;115;118;122,56;57;58;59;60;62;63;65;99;101;103;104;106;107;108;110;111;113;114;117;118;121;124;156;159,0.5,0.5,both_nonempty,0,NA,NA
Full181;Native155,empty,10;3,results/full181_supplement/raw/empty/seed10/boltz_results_full_blind/predictions/full_blind/full_blind_model_0.pdb,all_cross_seed_pairs,Full181,Native155,10,3,results/13_interface_analysis/formal/complex_model_summary.csv,project27-160,58;59;60;61;62;63;64;65;68;101;103;104;106;107;110;111;114;115;118;122,58;59;61;62;63;64;65;67;68;69;107;108;109;110;111;113;114;117;118;121;122;125;128;131;134;149;153;156;159;160,0.3888888888888889,0.3888888888888889,both_nonempty,0,NA,NA
Full181;Native155,empty,10;4,results/full181_supplement/raw/empty/seed10/boltz_results_full_blind/predictions/full_blind/full_blind_model_0.pdb,all_cross_seed_pairs,Full181,Native155,10,4,results/13_interface_analysis/formal/complex_model_summary.csv,project27-160,58;59;60;61;62;63;64;65;68;101;103;104;106;107;110;111;114;115;118;122,57;58;59;60;62;63;64;65;98;99;100;101;103;104;107;108;110;111;114;115;118;122;125,0.6538461538461539,0.6538461538461539,both_nonempty,0,NA,NA
Full181;Native155,empty,10;5,results/full181_supplement/raw/empty/seed10/boltz_results_full_blind/predictions/full_blind/full_blind_model_0.pdb,all_cross_seed_pairs,Full181,Native155,10,5,results/13_interface_analysis/formal/complex_model_summary.csv,project27-160,58;59;60;61;62;63;64;65;68;101;103;104;106;107;110;111;114;115;118;122,57;58;59;60;61;62;63;64;65;98;99;101;103;104;106;107;108;110;111;114;118;121;125,0.6538461538461539,0.6538461538461539,both_nonempty,0,NA,NA
Full181;Native155,empty,10;6,results/full181_supplement/raw/empty/seed10/boltz_results_full_blind/predictions/full_blind/full_blind_model_0.pdb,all_cross_seed_pairs,Full181,Native155,10,6,results/13_interface_analysis/formal/complex_model_summary.csv,project27-160,58;59;60;61;62;63;64;65;68;101;103;104;106;107;110;111;114;115;118;122,57;58;59;62;63;65;99;101;103;104;106;107;108;110;111;112;113;114;117;118;121;124;156;159;160,0.45161290322580644,0.45161290322580644,both_nonempty,0,NA,NA
Full181;Native155,empty,10;7,results/full181_supplement/raw/empty/seed10/boltz_results_full_blind/predictions/full_blind/full_blind_model_0.pdb,all_cross_seed_pairs,Full181,Native155,10,7,results/13_interface_analysis/formal/complex_model_summary.csv,project27-160,58;59;60;61;62;63;64;65;68;101;103;104;106;107;110;111;114;115;118;122,54;56;57;58;59;60;62;63;97;98;99;100;101;102;103;104;107;108;111,0.3448275862068966,0.3448275862068966,both_nonempty,0,NA,NA
Full181;Native155,empty,10;8,results/full181_supplement/raw/empty/seed10/boltz_results_full_blind/predictions/full_blind/full_blind_model_0.pdb,all_cross_seed_pairs,Full181,Native155,10,8,results/13_interface_analysis/formal/complex_model_summary.csv,project27-160,58;59;60;61;62;63;64;65;68;101;103;104;106;107;110;111;114;115;118;122,53;54;56;57;58;60;94;97;98;99;100;101;102;103;104;107;108;111,0.22580645161290322,0.22580645161290322,both_nonempty,0,NA,NA
Full181;Native155,empty,10;9,results/full181_supplement/raw/empty/seed10/boltz_results_full_blind/predictions/full_blind/full_blind_model_0.pdb,all_cross_seed_pairs,Full181,Native155,10,9,results/13_interface_analysis/formal/complex_model_summary.csv,project27-160,58;59;60;61;62;63;64;65;68;101;103;104;106;107;110;111;114;115;118;122,57;58;59;60;61;62;63;64;65;98;99;100;101;103;104;106;107;108;110;111;112;114;115;117;118;125,0.6428571428571429,0.6428571428571429,both_nonempty,0,NA,NA
Full181;Native155,empty,10;10,results/full181_supplement/raw/empty/seed10/boltz_results_full_blind/predictions/full_blind/full_blind_model_0.pdb,all_cross_seed_pairs,Full181,Native155,10,10,results/13_interface_analysis/formal/complex_model_summary.csv,project27-160,58;59;60;61;62;63;64;65;68;101;103;104;106;107;110;111;114;115;118;122,57;58;59;61;62;63;64;65;66;99;103;104;106;107;108;110;111;114;115;117;118;121;122;125,0.6296296296296297,0.6296296296296297,both_nonempty,0,NA,NA
Full181;Native155,empty,10;11,results/full181_supplement/raw/empty/seed10/boltz_results_full_blind/predictions/full_blind/full_blind_model_0.pdb,all_cross_seed_pairs,Full181,Native155,10,11,results/13_interface_analysis/formal/complex_model_summary.csv,project27-160,58;59;60;61;62;63;64;65;68;101;103;104;106;107;110;111;114;115;118;122,58;59;62;65;98;99;100;101;103;104;106;107;110;113;114;117;118;120;121;156;159,0.41379310344827586,0.41379310344827586,both_nonempty,0,NA,NA
Full181;Native155,empty,10;12,results/full181_supplement/raw/empty/seed10/boltz_results_full_blind/predictions/full_blind/full_blind_model_0.pdb,all_cross_seed_pairs,Full181,Native155,10,12,results/13_interface_analysis/formal/complex_model_summary.csv,project27-160,58;59;60;61;62;63;64;65;68;101;103;104;106;107;110;111;114;115;118;122,58;59;62;63;65;99;101;103;104;107;108;110;111;113;114;117;118;121,0.52,0.52,both_nonempty,0,NA,NA
Full181;Native155,empty,10;13,results/full181_supplement/raw/empty/seed10/boltz_results_full_blind/predictions/full_blind/full_blind_model_0.pdb,all_cross_seed_pairs,Full181,Native155,10,13,results/13_interface_analysis/formal/complex_model_summary.csv,project27-160,58;59;60;61;62;63;64;65;68;101;103;104;106;107;110;111;114;115;118;122,58;59;62;65;99;100;101;103;104;106;107;108;109;110;111;160,0.44,0.44,both_nonempty,0,NA,NA
Full181;Native155,empty,10;14,results/full181_supplement/raw/empty/seed10/boltz_results_full_blind/predictions/full_blind/full_blind_model_0.pdb,all_cross_seed_pairs,Full181,Native155,10,14,results/13_interface_analysis/formal/complex_model_summary.csv,project27-160,58;59;60;61;62;63;64;65;68;101;103;104;106;107;110;111;114;115;118;122,57;58;59;62;98;99;100;101;103;104;106;107;110,0.375,0.375,both_nonempty,0,NA,NA
Full181;Native155,empty,10;15,results/full181_supplement/raw/empty/seed10/boltz_results_full_blind/predictions/full_blind/full_blind_model_0.pdb,all_cross_seed_pairs,Full181,Native155,10,15,results/13_interface_analysis/formal/complex_model_summary.csv,project27-160,58;59;60;61;62;63;64;65;68;101;103;104;106;107;110;111;114;115;118;122,57;58;59;62;63;64;65;98;99;101;103;104;106;107;108;110;111;114;115;117;118;121;122;125,0.6296296296296297,0.6296296296296297,both_nonempty,0,NA,NA
Full181;Native155,empty,11;1,results/full181_supplement/raw/empty/seed11/boltz_results_full_blind/predictions/full_blind/full_blind_model_0.pdb,all_cross_seed_pairs,Full181,Native155,11,1,results/13_interface_analysis/formal/complex_model_summary.csv,project27-160,57;58;59;60;62;63;64;65;66;103;106;107;108;110;111;113;114;117;118;121;125;149;153;156;160,59;101;102;103;104;106;107;110,0.17857142857142858,0.17857142857142858,both_nonempty,0,NA,NA
Full181;Native155,empty,11;2,results/full181_supplement/raw/empty/seed11/boltz_results_full_blind/predictions/full_blind/full_blind_model_0.pdb,all_cross_seed_pairs,Full181,Native155,11,2,results/13_interface_analysis/formal/complex_model_summary.csv,project27-160,57;58;59;60;62;63;64;65;66;103;106;107;108;110;111;113;114;117;118;121;125;149;153;156;160,56;57;58;59;60;62;63;65;99;101;103;104;106;107;108;110;111;113;114;117;118;121;124;156;159,0.6129032258064516,0.6129032258064516,both_nonempty,0,NA,NA
Full181;Native155,empty,11;3,results/full181_supplement/raw/empty/seed11/boltz_results_full_blind/predictions/full_blind/full_blind_model_0.pdb,all_cross_seed_pairs,Full181,Native155,11,3,results/13_interface_analysis/formal/complex_model_summary.csv,project27-160,57;58;59;60;62;63;64;65;66;103;106;107;108;110;111;113;114;117;118;121;125;149;153;156;160,58;59;61;62;63;64;65;67;68;69;107;108;109;110;111;113;114;117;118;121;122;125;128;131;134;149;153;156;159;160,0.5714285714285714,0.5714285714285714,both_nonempty,0,NA,NA
Full181;Native155,empty,11;4,results/full181_supplement/raw/empty/seed11/boltz_results_full_blind/predictions/full_blind/full_blind_model_0.pdb,all_cross_seed_pairs,Full181,Native155,11,4,results/13_interface_analysis/formal/complex_model_summary.csv,project27-160,57;58;59;60;62;63;64;65;66;103;106;107;108;110;111;113;114;117;118;121;125;149;153;156;160,57;58;59;60;62;63;64;65;98;99;100;101;103;104;107;108;110;111;114;115;118;122;125,0.5,0.5,both_nonempty,0,NA,NA
Full181;Native155,empty,11;5,results/full181_supplement/raw/empty/seed11/boltz_results_full_blind/predictions/full_blind/full_blind_model_0.pdb,all_cross_seed_pairs,Full181,Native155,11,5,results/13_interface_analysis/formal/complex_model_summary.csv,project27-160,57;58;59;60;62;63;64;65;66;103;106;107;108;110;111;113;114;117;118;121;125;149;153;156;160,57;58;59;60;61;62;63;64;65;98;99;101;103;104;106;107;108;110;111;114;118;121;125,0.6,0.6,both_nonempty,0,NA,NA
Full181;Native155,empty,11;6,results/full181_supplement/raw/empty/seed11/boltz_results_full_blind/predictions/full_blind/full_blind_model_0.pdb,all_cross_seed_pairs,Full181,Native155,11,6,results/13_interface_analysis/formal/complex_model_summary.csv,project27-160,57;58;59;60;62;63;64;65;66;103;106;107;108;110;111;113;114;117;118;121;125;149;153;156;160,57;58;59;62;63;65;99;101;103;104;106;107;108;110;111;112;113;114;117;118;121;124;156;159;160,0.6129032258064516,0.6129032258064516,both_nonempty,0,NA,NA
Full181;Native155,empty,11;7,results/full181_supplement/raw/empty/seed11/boltz_results_full_blind/predictions/full_blind/full_blind_model_0.pdb,all_cross_seed_pairs,Full181,Native155,11,7,results/13_interface_analysis/formal/complex_model_summary.csv,project27-160,57;58;59;60;62;63;64;65;66;103;106;107;108;110;111;113;114;117;118;121;125;149;153;156;160,54;56;57;58;59;60;62;63;97;98;99;100;101;102;103;104;107;108;111,0.29411764705882354,0.29411764705882354,both_nonempty,0,NA,NA
Full181;Native155,empty,11;8,results/full181_supplement/raw/empty/seed11/boltz_results_full_blind/predictions/full_blind/full_blind_model_0.pdb,all_cross_seed_pairs,Full181,Native155,11,8,results/13_interface_analysis/formal/complex_model_summary.csv,project27-160,57;58;59;60;62;63;64;65;66;103;106;107;108;110;111;113;114;117;118;121;125;149;153;156;160,53;54;56;57;58;60;94;97;98;99;100;101;102;103;104;107;108;111,0.19444444444444445,0.19444444444444445,both_nonempty,0,NA,NA
Full181;Native155,empty,11;9,results/full181_supplement/raw/empty/seed11/boltz_results_full_blind/predictions/full_blind/full_blind_model_0.pdb,all_cross_seed_pairs,Full181,Native155,11,9,results/13_interface_analysis/formal/complex_model_summary.csv,project27-160,57;58;59;60;62;63;64;65;66;103;106;107;108;110;111;113;114;117;118;121;125;149;153;156;160,57;58;59;60;61;62;63;64;65;98;99;100;101;103;104;106;107;108;110;111;112;114;115;117;118;125,0.5454545454545454,0.5454545454545454,both_nonempty,0,NA,NA
Full181;Native155,empty,11;10,results/full181_supplement/raw/empty/seed11/boltz_results_full_blind/predictions/full_blind/full_blind_model_0.pdb,all_cross_seed_pairs,Full181,Native155,11,10,results/13_interface_analysis/formal/complex_model_summary.csv,project27-160,57;58;59;60;62;63;64;65;66;103;106;107;108;110;111;113;114;117;118;121;125;149;153;156;160,57;58;59;61;62;63;64;65;66;99;103;104;106;107;108;110;111;114;115;117;118;121;122;125,0.6333333333333333,0.6333333333333333,both_nonempty,0,NA,NA
Full181;Native155,empty,11;11,results/full181_supplement/raw/empty/seed11/boltz_results_full_blind/predictions/full_blind/full_blind_model_0.pdb,all_cross_seed_pairs,Full181,Native155,11,11,results/13_interface_analysis/formal/complex_model_summary.csv,project27-160,57;58;59;60;62;63;64;65;66;103;106;107;108;110;111;113;114;117;118;121;125;149;153;156;160,58;59;62;65;98;99;100;101;103;104;106;107;110;113;114;117;118;120;121;156;159,0.4375,0.4375,both_nonempty,0,NA,NA
Full181;Native155,empty,11;12,results/full181_supplement/raw/empty/seed11/boltz_results_full_blind/predictions/full_blind/full_blind_model_0.pdb,all_cross_seed_pairs,Full181,Native155,11,12,results/13_interface_analysis/formal/complex_model_summary.csv,project27-160,57;58;59;60;62;63;64;65;66;103;106;107;108;110;111;113;114;117;118;121;125;149;153;156;160,58;59;62;63;65;99;101;103;104;107;108;110;111;113;114;117;118;121,0.5357142857142857,0.5357142857142857,both_nonempty,0,NA,NA
Full181;Native155,empty,11;13,results/full181_supplement/raw/empty/seed11/boltz_results_full_blind/predictions/full_blind/full_blind_model_0.pdb,all_cross_seed_pairs,Full181,Native155,11,13,results/13_interface_analysis/formal/complex_model_summary.csv,project27-160,57;58;59;60;62;63;64;65;66;103;106;107;108;110;111;113;114;117;118;121;125;149;153;156;160,58;59;62;65;99;100;101;103;104;106;107;108;109;110;111;160,0.36666666666666664,0.36666666666666664,both_nonempty,0,NA,NA
Full181;Native155,empty,11;14,results/full181_supplement/raw/empty/seed11/boltz_results_full_blind/predictions/full_blind/full_blind_model_0.pdb,all_cross_seed_pairs,Full181,Native155,11,14,results/13_interface_analysis/formal/complex_model_summary.csv,project27-160,57;58;59;60;62;63;64;65;66;103;106;107;108;110;111;113;114;117;118;121;125;149;153;156;160,57;58;59;62;98;99;100;101;103;104;106;107;110,0.26666666666666666,0.26666666666666666,both_nonempty,0,NA,NA
Full181;Native155,empty,11;15,results/full181_supplement/raw/empty/seed11/boltz_results_full_blind/predictions/full_blind/full_blind_model_0.pdb,all_cross_seed_pairs,Full181,Native155,11,15,results/13_interface_analysis/formal/complex_model_summary.csv,project27-160,57;58;59;60;62;63;64;65;66;103;106;107;108;110;111;113;114;117;118;121;125;149;153;156;160,57;58;59;62;63;64;65;98;99;101;103;104;106;107;108;110;111;114;115;117;118;121;122;125,0.5806451612903226,0.5806451612903226,both_nonempty,0,NA,NA
Full181;Native155,empty,12;1,results/full181_supplement/raw/empty/seed12/boltz_results_full_blind/predictions/full_blind/full_blind_model_0.pdb,all_cross_seed_pairs,Full181,Native155,12,1,results/13_interface_analysis/formal/complex_model_summary.csv,project27-160,56;57;58;59;62;63;98;99;100;101;102;103;104;106;107;108;110,59;101;102;103;104;106;107;110,0.47058823529411764,0.47058823529411764,both_nonempty,0,NA,NA
Full181;Native155,empty,12;2,results/full181_supplement/raw/empty/seed12/boltz_results_full_blind/predictions/full_blind/full_blind_model_0.pdb,all_cross_seed_pairs,Full181,Native155,12,2,results/13_interface_analysis/formal/complex_model_summary.csv,project27-160,56;57;58;59;62;63;98;99;100;101;102;103;104;106;107;108;110,56;57;58;59;60;62;63;65;99;101;103;104;106;107;108;110;111;113;114;117;118;121;124;156;159,0.5,0.5,both_nonempty,0,NA,NA
Full181;Native155,empty,12;3,results/full181_supplement/raw/empty/seed12/boltz_results_full_blind/predictions/full_blind/full_blind_model_0.pdb,all_cross_seed_pairs,Full181,Native155,12,3,results/13_interface_analysis/formal/complex_model_summary.csv,project27-160,56;57;58;59;62;63;98;99;100;101;102;103;104;106;107;108;110,58;59;61;62;63;64;65;67;68;69;107;108;109;110;111;113;114;117;118;121;122;125;128;131;134;149;153;156;159;160,0.175,0.175,both_nonempty,0,NA,NA
Full181;Native155,empty,12;4,results/full181_supplement/raw/empty/seed12/boltz_results_full_blind/predictions/full_blind/full_blind_model_0.pdb,all_cross_seed_pairs,Full181,Native155,12,4,results/13_interface_analysis/formal/complex_model_summary.csv,project27-160,56;57;58;59;62;63;98;99;100;101;102;103;104;106;107;108;110,57;58;59;60;62;63;64;65;98;99;100;101;103;104;107;108;110;111;114;115;118;122;125,0.5384615384615384,0.5384615384615384,both_nonempty,0,NA,NA
Full181;Native155,empty,12;5,results/full181_supplement/raw/empty/seed12/boltz_results_full_blind/predictions/full_blind/full_blind_model_0.pdb,all_cross_seed_pairs,Full181,Native155,12,5,results/13_interface_analysis/formal/complex_model_summary.csv,project27-160,56;57;58;59;62;63;98;99;100;101;102;103;104;106;107;108;110,57;58;59;60;61;62;63;64;65;98;99;101;103;104;106;107;108;110;111;114;118;121;125,0.5384615384615384,0.5384615384615384,both_nonempty,0,NA,NA
Full181;Native155,empty,12;6,results/full181_supplement/raw/empty/seed12/boltz_results_full_blind/predictions/full_blind/full_blind_model_0.pdb,all_cross_seed_pairs,Full181,Native155,12,6,results/13_interface_analysis/formal/complex_model_summary.csv,project27-160,56;57;58;59;62;63;98;99;100;101;102;103;104;106;107;108;110,57;58;59;62;63;65;99;101;103;104;106;107;108;110;111;112;113;114;117;118;121;124;156;159;160,0.4482758620689655,0.4482758620689655,both_nonempty,0,NA,NA
Full181;Native155,empty,12;7,results/full181_supplement/raw/empty/seed12/boltz_results_full_blind/predictions/full_blind/full_blind_model_0.pdb,all_cross_seed_pairs,Full181,Native155,12,7,results/13_interface_analysis/formal/complex_model_summary.csv,project27-160,56;57;58;59;62;63;98;99;100;101;102;103;104;106;107;108;110,54;56;57;58;59;60;62;63;97;98;99;100;101;102;103;104;107;108;111,0.7142857142857143,0.7142857142857143,both_nonempty,0,NA,NA
Full181;Native155,empty,12;8,results/full181_supplement/raw/empty/seed12/boltz_results_full_blind/predictions/full_blind/full_blind_model_0.pdb,all_cross_seed_pairs,Full181,Native155,12,8,results/13_interface_analysis/formal/complex_model_summary.csv,project27-160,56;57;58;59;62;63;98;99;100;101;102;103;104;106;107;108;110,53;54;56;57;58;60;94;97;98;99;100;101;102;103;104;107;108;111,0.5217391304347826,0.5217391304347826,both_nonempty,0,NA,NA
Full181;Native155,empty,12;9,results/full181_supplement/raw/empty/seed12/boltz_results_full_blind/predictions/full_blind/full_blind_model_0.pdb,all_cross_seed_pairs,Full181,Native155,12,9,results/13_interface_analysis/formal/complex_model_summary.csv,project27-160,56;57;58;59;62;63;98;99;100;101;102;103;104;106;107;108;110,57;58;59;60;61;62;63;64;65;98;99;100;101;103;104;106;107;108;110;111;112;114;115;117;118;125,0.5357142857142857,0.5357142857142857,both_nonempty,0,NA,NA
Full181;Native155,empty,12;10,results/full181_supplement/raw/empty/seed12/boltz_results_full_blind/predictions/full_blind/full_blind_model_0.pdb,all_cross_seed_pairs,Full181,Native155,12,10,results/13_interface_analysis/formal/complex_model_summary.csv,project27-160,56;57;58;59;62;63;98;99;100;101;102;103;104;106;107;108;110,57;58;59;61;62;63;64;65;66;99;103;104;106;107;108;110;111;114;115;117;118;121;122;125,0.41379310344827586,0.41379310344827586,both_nonempty,0,NA,NA
Full181;Native155,empty,12;11,results/full181_supplement/raw/empty/seed12/boltz_results_full_blind/predictions/full_blind/full_blind_model_0.pdb,all_cross_seed_pairs,Full181,Native155,12,11,results/13_interface_analysis/formal/complex_model_summary.csv,project27-160,56;57;58;59;62;63;98;99;100;101;102;103;104;106;107;108;110,58;59;62;65;98;99;100;101;103;104;106;107;110;113;114;117;118;120;121;156;159,0.46153846153846156,0.46153846153846156,both_nonempty,0,NA,NA
Full181;Native155,empty,12;12,results/full181_supplement/raw/empty/seed12/boltz_results_full_blind/predictions/full_blind/full_blind_model_0.pdb,all_cross_seed_pairs,Full181,Native155,12,12,results/13_interface_analysis/formal/complex_model_summary.csv,project27-160,56;57;58;59;62;63;98;99;100;101;102;103;104;106;107;108;110,58;59;62;63;65;99;101;103;104;107;108;110;111;113;114;117;118;121,0.4583333333333333,0.4583333333333333,both_nonempty,0,NA,NA
Full181;Native155,empty,12;13,results/full181_supplement/raw/empty/seed12/boltz_results_full_blind/predictions/full_blind/full_blind_model_0.pdb,all_cross_seed_pairs,Full181,Native155,12,13,results/13_interface_analysis/formal/complex_model_summary.csv,project27-160,56;57;58;59;62;63;98;99;100;101;102;103;104;106;107;108;110,58;59;62;65;99;100;101;103;104;106;107;108;109;110;111;160,0.5714285714285714,0.5714285714285714,both_nonempty,0,NA,NA
Full181;Native155,empty,12;14,results/full181_supplement/raw/empty/seed12/boltz_results_full_blind/predictions/full_blind/full_blind_model_0.pdb,all_cross_seed_pairs,Full181,Native155,12,14,results/13_interface_analysis/formal/complex_model_summary.csv,project27-160,56;57;58;59;62;63;98;99;100;101;102;103;104;106;107;108;110,57;58;59;62;98;99;100;101;103;104;106;107;110,0.7647058823529411,0.7647058823529411,both_nonempty,0,NA,NA
Full181;Native155,empty,12;15,results/full181_supplement/raw/empty/seed12/boltz_results_full_blind/predictions/full_blind/full_blind_model_0.pdb,all_cross_seed_pairs,Full181,Native155,12,15,results/13_interface_analysis/formal/complex_model_summary.csv,project27-160,56;57;58;59;62;63;98;99;100;101;102;103;104;106;107;108;110,57;58;59;62;63;64;65;98;99;101;103;104;106;107;108;110;111;114;115;117;118;121;122;125,0.5185185185185185,0.5185185185185185,both_nonempty,0,NA,NA
Full181;Native155,empty,13;1,results/full181_supplement/raw/empty/seed13/boltz_results_full_blind/predictions/full_blind/full_blind_model_0.pdb,all_cross_seed_pairs,Full181,Native155,13,1,results/13_interface_analysis/formal/complex_model_summary.csv,project27-160,57;58;59;60;61;62;63;64;65;66;68;91;98;99;100;101;103;104;106;107;108;110;111;114;115;117;118;153;156,59;101;102;103;104;106;107;110,0.23333333333333334,0.23333333333333334,both_nonempty,0,NA,NA
Full181;Native155,empty,13;2,results/full181_supplement/raw/empty/seed13/boltz_results_full_blind/predictions/full_blind/full_blind_model_0.pdb,all_cross_seed_pairs,Full181,Native155,13,2,results/13_interface_analysis/formal/complex_model_summary.csv,project27-160,57;58;59;60;61;62;63;64;65;66;68;91;98;99;100;101;103;104;106;107;108;110;111;114;115;117;118;153;156,56;57;58;59;60;62;63;65;99;101;103;104;106;107;108;110;111;113;114;117;118;121;124;156;159,0.5882352941176471,0.5882352941176471,both_nonempty,0,NA,NA
Full181;Native155,empty,13;3,results/full181_supplement/raw/empty/seed13/boltz_results_full_blind/predictions/full_blind/full_blind_model_0.pdb,all_cross_seed_pairs,Full181,Native155,13,3,results/13_interface_analysis/formal/complex_model_summary.csv,project27-160,57;58;59;60;61;62;63;64;65;66;68;91;98;99;100;101;103;104;106;107;108;110;111;114;115;117;118;153;156,58;59;61;62;63;64;65;67;68;69;107;108;109;110;111;113;114;117;118;121;122;125;128;131;134;149;153;156;159;160,0.40476190476190477,0.40476190476190477,both_nonempty,0,NA,NA
Full181;Native155,empty,13;4,results/full181_supplement/raw/empty/seed13/boltz_results_full_blind/predictions/full_blind/full_blind_model_0.pdb,all_cross_seed_pairs,Full181,Native155,13,4,results/13_interface_analysis/formal/complex_model_summary.csv,project27-160,57;58;59;60;61;62;63;64;65;66;68;91;98;99;100;101;103;104;106;107;108;110;111;114;115;117;118;153;156,57;58;59;60;62;63;64;65;98;99;100;101;103;104;107;108;110;111;114;115;118;122;125,0.6774193548387096,0.6774193548387096,both_nonempty,0,NA,NA
Full181;Native155,empty,13;5,results/full181_supplement/raw/empty/seed13/boltz_results_full_blind/predictions/full_blind/full_blind_model_0.pdb,all_cross_seed_pairs,Full181,Native155,13,5,results/13_interface_analysis/formal/complex_model_summary.csv,project27-160,57;58;59;60;61;62;63;64;65;66;68;91;98;99;100;101;103;104;106;107;108;110;111;114;115;117;118;153;156,57;58;59;60;61;62;63;64;65;98;99;101;103;104;106;107;108;110;111;114;118;121;125,0.6774193548387096,0.6774193548387096,both_nonempty,0,NA,NA
Full181;Native155,empty,13;6,results/full181_supplement/raw/empty/seed13/boltz_results_full_blind/predictions/full_blind/full_blind_model_0.pdb,all_cross_seed_pairs,Full181,Native155,13,6,results/13_interface_analysis/formal/complex_model_summary.csv,project27-160,57;58;59;60;61;62;63;64;65;66;68;91;98;99;100;101;103;104;106;107;108;110;111;114;115;117;118;153;156,57;58;59;62;63;65;99;101;103;104;106;107;108;110;111;112;113;114;117;118;121;124;156;159;160,0.5428571428571428,0.5428571428571428,both_nonempty,0,NA,NA
Full181;Native155,empty,13;7,results/full181_supplement/raw/empty/seed13/boltz_results_full_blind/predictions/full_blind/full_blind_model_0.pdb,all_cross_seed_pairs,Full181,Native155,13,7,results/13_interface_analysis/formal/complex_model_summary.csv,project27-160,57;58;59;60;61;62;63;64;65;66;68;91;98;99;100;101;103;104;106;107;108;110;111;114;115;117;118;153;156,54;56;57;58;59;60;62;63;97;98;99;100;101;102;103;104;107;108;111,0.45454545454545453,0.45454545454545453,both_nonempty,0,NA,NA
Full181;Native155,empty,13;8,results/full181_supplement/raw/empty/seed13/boltz_results_full_blind/predictions/full_blind/full_blind_model_0.pdb,all_cross_seed_pairs,Full181,Native155,13,8,results/13_interface_analysis/formal/complex_model_summary.csv,project27-160,57;58;59;60;61;62;63;64;65;66;68;91;98;99;100;101;103;104;106;107;108;110;111;114;115;117;118;153;156,53;54;56;57;58;60;94;97;98;99;100;101;102;103;104;107;108;111,0.34285714285714286,0.34285714285714286,both_nonempty,0,NA,NA
Full181;Native155,empty,13;9,results/full181_supplement/raw/empty/seed13/boltz_results_full_blind/predictions/full_blind/full_blind_model_0.pdb,all_cross_seed_pairs,Full181,Native155,13,9,results/13_interface_analysis/formal/complex_model_summary.csv,project27-160,57;58;59;60;61;62;63;64;65;66;68;91;98;99;100;101;103;104;106;107;108;110;111;114;115;117;118;153;156,57;58;59;60;61;62;63;64;65;98;99;100;101;103;104;106;107;108;110;111;112;114;115;117;118;125,0.7741935483870968,0.7741935483870968,both_nonempty,0,NA,NA
Full181;Native155,empty,13;10,results/full181_supplement/raw/empty/seed13/boltz_results_full_blind/predictions/full_blind/full_blind_model_0.pdb,all_cross_seed_pairs,Full181,Native155,13,10,results/13_interface_analysis/formal/complex_model_summary.csv,project27-160,57;58;59;60;61;62;63;64;65;66;68;91;98;99;100;101;103;104;106;107;108;110;111;114;115;117;118;153;156,57;58;59;61;62;63;64;65;66;99;103;104;106;107;108;110;111;114;115;117;118;121;122;125,0.65625,0.65625,both_nonempty,0,NA,NA
Full181;Native155,empty,13;11,results/full181_supplement/raw/empty/seed13/boltz_results_full_blind/predictions/full_blind/full_blind_model_0.pdb,all_cross_seed_pairs,Full181,Native155,13,11,results/13_interface_analysis/formal/complex_model_summary.csv,project27-160,57;58;59;60;61;62;63;64;65;66;68;91;98;99;100;101;103;104;106;107;108;110;111;114;115;117;118;153;156,58;59;62;65;98;99;100;101;103;104;106;107;110;113;114;117;118;120;121;156;159,0.5151515151515151,0.5151515151515151,both_nonempty,0,NA,NA
Full181;Native155,empty,13;12,results/full181_supplement/raw/empty/seed13/boltz_results_full_blind/predictions/full_blind/full_blind_model_0.pdb,all_cross_seed_pairs,Full181,Native155,13,12,results/13_interface_analysis/formal/complex_model_summary.csv,project27-160,57;58;59;60;61;62;63;64;65;66;68;91;98;99;100;101;103;104;106;107;108;110;111;114;115;117;118;153;156,58;59;62;63;65;99;101;103;104;107;108;110;111;113;114;117;118;121,0.5161290322580645,0.5161290322580645,both_nonempty,0,NA,NA
Full181;Native155,empty,13;13,results/full181_supplement/raw/empty/seed13/boltz_results_full_blind/predictions/full_blind/full_blind_model_0.pdb,all_cross_seed_pairs,Full181,Native155,13,13,results/13_interface_analysis/formal/complex_model_summary.csv,project27-160,57;58;59;60;61;62;63;64;65;66;68;91;98;99;100;101;103;104;106;107;108;110;111;114;115;117;118;153;156,58;59;62;65;99;100;101;103;104;106;107;108;109;110;111;160,0.45161290322580644,0.45161290322580644,both_nonempty,0,NA,NA
Full181;Native155,empty,13;14,results/full181_supplement/raw/empty/seed13/boltz_results_full_blind/predictions/full_blind/full_blind_model_0.pdb,all_cross_seed_pairs,Full181,Native155,13,14,results/13_interface_analysis/formal/complex_model_summary.csv,project27-160,57;58;59;60;61;62;63;64;65;66;68;91;98;99;100;101;103;104;106;107;108;110;111;114;115;117;118;153;156,57;58;59;62;98;99;100;101;103;104;106;107;110,0.4482758620689655,0.4482758620689655,both_nonempty,0,NA,NA
Full181;Native155,empty,13;15,results/full181_supplement/raw/empty/seed13/boltz_results_full_blind/predictions/full_blind/full_blind_model_0.pdb,all_cross_seed_pairs,Full181,Native155,13,15,results/13_interface_analysis/formal/complex_model_summary.csv,project27-160,57;58;59;60;61;62;63;64;65;66;68;91;98;99;100;101;103;104;106;107;108;110;111;114;115;117;118;153;156,57;58;59;62;63;64;65;98;99;101;103;104;106;107;108;110;111;114;115;117;118;121;122;125,0.65625,0.65625,both_nonempty,0,NA,NA
Full181;Native155,empty,14;1,results/full181_supplement/raw/empty/seed14/boltz_results_full_blind/predictions/full_blind/full_blind_model_0.pdb,all_cross_seed_pairs,Full181,Native155,14,1,results/13_interface_analysis/formal/complex_model_summary.csv,project27-160,31;32;45;49;52;53;54;56;94;96;97;98;99;100;101;102;105,59;101;102;103;104;106;107;110,0.08695652173913043,0.08695652173913043,both_nonempty,0,NA,NA
Full181;Native155,empty,14;2,results/full181_supplement/raw/empty/seed14/boltz_results_full_blind/predictions/full_blind/full_blind_model_0.pdb,all_cross_seed_pairs,Full181,Native155,14,2,results/13_interface_analysis/formal/complex_model_summary.csv,project27-160,31;32;45;49;52;53;54;56;94;96;97;98;99;100;101;102;105,56;57;58;59;60;62;63;65;99;101;103;104;106;107;108;110;111;113;114;117;118;121;124;156;159,0.07692307692307693,0.07692307692307693,both_nonempty,0,NA,NA
Full181;Native155,empty,14;3,results/full181_supplement/raw/empty/seed14/boltz_results_full_blind/predictions/full_blind/full_blind_model_0.pdb,all_cross_seed_pairs,Full181,Native155,14,3,results/13_interface_analysis/formal/complex_model_summary.csv,project27-160,31;32;45;49;52;53;54;56;94;96;97;98;99;100;101;102;105,58;59;61;62;63;64;65;67;68;69;107;108;109;110;111;113;114;117;118;121;122;125;128;131;134;149;153;156;159;160,0.0,0.0,both_nonempty,0,NA,NA
Full181;Native155,empty,14;4,results/full181_supplement/raw/empty/seed14/boltz_results_full_blind/predictions/full_blind/full_blind_model_0.pdb,all_cross_seed_pairs,Full181,Native155,14,4,results/13_interface_analysis/formal/complex_model_summary.csv,project27-160,31;32;45;49;52;53;54;56;94;96;97;98;99;100;101;102;105,57;58;59;60;62;63;64;65;98;99;100;101;103;104;107;108;110;111;114;115;118;122;125,0.1111111111111111,0.1111111111111111,both_nonempty,0,NA,NA
Full181;Native155,empty,14;5,results/full181_supplement/raw/empty/seed14/boltz_results_full_blind/predictions/full_blind/full_blind_model_0.pdb,all_cross_seed_pairs,Full181,Native155,14,5,results/13_interface_analysis/formal/complex_model_summary.csv,project27-160,31;32;45;49;52;53;54;56;94;96;97;98;99;100;101;102;105,57;58;59;60;61;62;63;64;65;98;99;101;103;104;106;107;108;110;111;114;118;121;125,0.08108108108108109,0.08108108108108109,both_nonempty,0,NA,NA
Full181;Native155,empty,14;6,results/full181_supplement/raw/empty/seed14/boltz_results_full_blind/predictions/full_blind/full_blind_model_0.pdb,all_cross_seed_pairs,Full181,Native155,14,6,results/13_interface_analysis/formal/complex_model_summary.csv,project27-160,31;32;45;49;52;53;54;56;94;96;97;98;99;100;101;102;105,57;58;59;62;63;65;99;101;103;104;106;107;108;110;111;112;113;114;117;118;121;124;156;159;160,0.05,0.05,both_nonempty,0,NA,NA
Full181;Native155,empty,14;7,results/full181_supplement/raw/empty/seed14/boltz_results_full_blind/predictions/full_blind/full_blind_model_0.pdb,all_cross_seed_pairs,Full181,Native155,14,7,results/13_interface_analysis/formal/complex_model_summary.csv,project27-160,31;32;45;49;52;53;54;56;94;96;97;98;99;100;101;102;105,54;56;57;58;59;60;62;63;97;98;99;100;101;102;103;104;107;108;111,0.2857142857142857,0.2857142857142857,both_nonempty,0,NA,NA
Full181;Native155,empty,14;8,results/full181_supplement/raw/empty/seed14/boltz_results_full_blind/predictions/full_blind/full_blind_model_0.pdb,all_cross_seed_pairs,Full181,Native155,14,8,results/13_interface_analysis/formal/complex_model_summary.csv,project27-160,31;32;45;49;52;53;54;56;94;96;97;98;99;100;101;102;105,53;54;56;57;58;60;94;97;98;99;100;101;102;103;104;107;108;111,0.4,0.4,both_nonempty,0,NA,NA
Full181;Native155,empty,14;9,results/full181_supplement/raw/empty/seed14/boltz_results_full_blind/predictions/full_blind/full_blind_model_0.pdb,all_cross_seed_pairs,Full181,Native155,14,9,results/13_interface_analysis/formal/complex_model_summary.csv,project27-160,31;32;45;49;52;53;54;56;94;96;97;98;99;100;101;102;105,57;58;59;60;61;62;63;64;65;98;99;100;101;103;104;106;107;108;110;111;112;114;115;117;118;125,0.10256410256410256,0.10256410256410256,both_nonempty,0,NA,NA
Full181;Native155,empty,14;10,results/full181_supplement/raw/empty/seed14/boltz_results_full_blind/predictions/full_blind/full_blind_model_0.pdb,all_cross_seed_pairs,Full181,Native155,14,10,results/13_interface_analysis/formal/complex_model_summary.csv,project27-160,31;32;45;49;52;53;54;56;94;96;97;98;99;100;101;102;105,57;58;59;61;62;63;64;65;66;99;103;104;106;107;108;110;111;114;115;117;118;121;122;125,0.025,0.025,both_nonempty,0,NA,NA
Full181;Native155,empty,14;11,results/full181_supplement/raw/empty/seed14/boltz_results_full_blind/predictions/full_blind/full_blind_model_0.pdb,all_cross_seed_pairs,Full181,Native155,14,11,results/13_interface_analysis/formal/complex_model_summary.csv,project27-160,31;32;45;49;52;53;54;56;94;96;97;98;99;100;101;102;105,58;59;62;65;98;99;100;101;103;104;106;107;110;113;114;117;118;120;121;156;159,0.11764705882352941,0.11764705882352941,both_nonempty,0,NA,NA
Full181;Native155,empty,14;12,results/full181_supplement/raw/empty/seed14/boltz_results_full_blind/predictions/full_blind/full_blind_model_0.pdb,all_cross_seed_pairs,Full181,Native155,14,12,results/13_interface_analysis/formal/complex_model_summary.csv,project27-160,31;32;45;49;52;53;54;56;94;96;97;98;99;100;101;102;105,58;59;62;63;65;99;101;103;104;107;108;110;111;113;114;117;118;121,0.06060606060606061,0.06060606060606061,both_nonempty,0,NA,NA
Full181;Native155,empty,14;13,results/full181_supplement/raw/empty/seed14/boltz_results_full_blind/predictions/full_blind/full_blind_model_0.pdb,all_cross_seed_pairs,Full181,Native155,14,13,results/13_interface_analysis/formal/complex_model_summary.csv,project27-160,31;32;45;49;52;53;54;56;94;96;97;98;99;100;101;102;105,58;59;62;65;99;100;101;103;104;106;107;108;109;110;111;160,0.1,0.1,both_nonempty,0,NA,NA
Full181;Native155,empty,14;14,results/full181_supplement/raw/empty/seed14/boltz_results_full_blind/predictions/full_blind/full_blind_model_0.pdb,all_cross_seed_pairs,Full181,Native155,14,14,results/13_interface_analysis/formal/complex_model_summary.csv,project27-160,31;32;45;49;52;53;54;56;94;96;97;98;99;100;101;102;105,57;58;59;62;98;99;100;101;103;104;106;107;110,0.15384615384615385,0.15384615384615385,both_nonempty,0,NA,NA
Full181;Native155,empty,14;15,results/full181_supplement/raw/empty/seed14/boltz_results_full_blind/predictions/full_blind/full_blind_model_0.pdb,all_cross_seed_pairs,Full181,Native155,14,15,results/13_interface_analysis/formal/complex_model_summary.csv,project27-160,31;32;45;49;52;53;54;56;94;96;97;98;99;100;101;102;105,57;58;59;62;63;64;65;98;99;101;103;104;106;107;108;110;111;114;115;117;118;121;122;125,0.07894736842105263,0.07894736842105263,both_nonempty,0,NA,NA
Full181;Native155,empty,15;1,results/full181_supplement/raw/empty/seed15/boltz_results_full_blind/predictions/full_blind/full_blind_model_0.pdb,all_cross_seed_pairs,Full181,Native155,15,1,results/13_interface_analysis/formal/complex_model_summary.csv,project27-160,56;57;58;59;60;61;62;98;99;100;101;103;104;107;108;110;111;114,59;101;102;103;104;106;107;110,0.3,0.3,both_nonempty,0,NA,NA
Full181;Native155,empty,15;2,results/full181_supplement/raw/empty/seed15/boltz_results_full_blind/predictions/full_blind/full_blind_model_0.pdb,all_cross_seed_pairs,Full181,Native155,15,2,results/13_interface_analysis/formal/complex_model_summary.csv,project27-160,56;57;58;59;60;61;62;98;99;100;101;103;104;107;108;110;111;114,56;57;58;59;60;62;63;65;99;101;103;104;106;107;108;110;111;113;114;117;118;121;124;156;159,0.5357142857142857,0.5357142857142857,both_nonempty,0,NA,NA
Full181;Native155,empty,15;3,results/full181_supplement/raw/empty/seed15/boltz_results_full_blind/predictions/full_blind/full_blind_model_0.pdb,all_cross_seed_pairs,Full181,Native155,15,3,results/13_interface_analysis/formal/complex_model_summary.csv,project27-160,56;57;58;59;60;61;62;98;99;100;101;103;104;107;108;110;111;114,58;59;61;62;63;64;65;67;68;69;107;108;109;110;111;113;114;117;118;121;122;125;128;131;134;149;153;156;159;160,0.23076923076923078,0.23076923076923078,both_nonempty,0,NA,NA
Full181;Native155,empty,15;4,results/full181_supplement/raw/empty/seed15/boltz_results_full_blind/predictions/full_blind/full_blind_model_0.pdb,all_cross_seed_pairs,Full181,Native155,15,4,results/13_interface_analysis/formal/complex_model_summary.csv,project27-160,56;57;58;59;60;61;62;98;99;100;101;103;104;107;108;110;111;114,57;58;59;60;62;63;64;65;98;99;100;101;103;104;107;108;110;111;114;115;118;122;125,0.64,0.64,both_nonempty,0,NA,NA
Full181;Native155,empty,15;5,results/full181_supplement/raw/empty/seed15/boltz_results_full_blind/predictions/full_blind/full_blind_model_0.pdb,all_cross_seed_pairs,Full181,Native155,15,5,results/13_interface_analysis/formal/complex_model_summary.csv,project27-160,56;57;58;59;60;61;62;98;99;100;101;103;104;107;108;110;111;114,57;58;59;60;61;62;63;64;65;98;99;101;103;104;106;107;108;110;111;114;118;121;125,0.64,0.64,both_nonempty,0,NA,NA
Full181;Native155,empty,15;6,results/full181_supplement/raw/empty/seed15/boltz_results_full_blind/predictions/full_blind/full_blind_model_0.pdb,all_cross_seed_pairs,Full181,Native155,15,6,results/13_interface_analysis/formal/complex_model_summary.csv,project27-160,56;57;58;59;60;61;62;98;99;100;101;103;104;107;108;110;111;114,57;58;59;62;63;65;99;101;103;104;106;107;108;110;111;112;113;114;117;118;121;124;156;159;160,0.43333333333333335,0.43333333333333335,both_nonempty,0,NA,NA
Full181;Native155,empty,15;7,results/full181_supplement/raw/empty/seed15/boltz_results_full_blind/predictions/full_blind/full_blind_model_0.pdb,all_cross_seed_pairs,Full181,Native155,15,7,results/13_interface_analysis/formal/complex_model_summary.csv,project27-160,56;57;58;59;60;61;62;98;99;100;101;103;104;107;108;110;111;114,54;56;57;58;59;60;62;63;97;98;99;100;101;102;103;104;107;108;111,0.6818181818181818,0.6818181818181818,both_nonempty,0,NA,NA
Full181;Native155,empty,15;8,results/full181_supplement/raw/empty/seed15/boltz_results_full_blind/predictions/full_blind/full_blind_model_0.pdb,all_cross_seed_pairs,Full181,Native155,15,8,results/13_interface_analysis/formal/complex_model_summary.csv,project27-160,56;57;58;59;60;61;62;98;99;100;101;103;104;107;108;110;111;114,53;54;56;57;58;60;94;97;98;99;100;101;102;103;104;107;108;111,0.5652173913043478,0.5652173913043478,both_nonempty,0,NA,NA
Full181;Native155,empty,15;9,results/full181_supplement/raw/empty/seed15/boltz_results_full_blind/predictions/full_blind/full_blind_model_0.pdb,all_cross_seed_pairs,Full181,Native155,15,9,results/13_interface_analysis/formal/complex_model_summary.csv,project27-160,56;57;58;59;60;61;62;98;99;100;101;103;104;107;108;110;111;114,57;58;59;60;61;62;63;64;65;98;99;100;101;103;104;106;107;108;110;111;112;114;115;117;118;125,0.6296296296296297,0.6296296296296297,both_nonempty,0,NA,NA
Full181;Native155,empty,15;10,results/full181_supplement/raw/empty/seed15/boltz_results_full_blind/predictions/full_blind/full_blind_model_0.pdb,all_cross_seed_pairs,Full181,Native155,15,10,results/13_interface_analysis/formal/complex_model_summary.csv,project27-160,56;57;58;59;60;61;62;98;99;100;101;103;104;107;108;110;111;114,57;58;59;61;62;63;64;65;66;99;103;104;106;107;108;110;111;114;115;117;118;121;122;125,0.4482758620689655,0.4482758620689655,both_nonempty,0,NA,NA
Full181;Native155,empty,15;11,results/full181_supplement/raw/empty/seed15/boltz_results_full_blind/predictions/full_blind/full_blind_model_0.pdb,all_cross_seed_pairs,Full181,Native155,15,11,results/13_interface_analysis/formal/complex_model_summary.csv,project27-160,56;57;58;59;60;61;62;98;99;100;101;103;104;107;108;110;111;114,58;59;62;65;98;99;100;101;103;104;106;107;110;113;114;117;118;120;121;156;159,0.4444444444444444,0.4444444444444444,both_nonempty,0,NA,NA
Full181;Native155,empty,15;12,results/full181_supplement/raw/empty/seed15/boltz_results_full_blind/predictions/full_blind/full_blind_model_0.pdb,all_cross_seed_pairs,Full181,Native155,15,12,results/13_interface_analysis/formal/complex_model_summary.csv,project27-160,56;57;58;59;60;61;62;98;99;100;101;103;104;107;108;110;111;114,58;59;62;63;65;99;101;103;104;107;108;110;111;113;114;117;118;121,0.5,0.5,both_nonempty,0,NA,NA
Full181;Native155,empty,15;13,results/full181_supplement/raw/empty/seed15/boltz_results_full_blind/predictions/full_blind/full_blind_model_0.pdb,all_cross_seed_pairs,Full181,Native155,15,13,results/13_interface_analysis/formal/complex_model_summary.csv,project27-160,56;57;58;59;60;61;62;98;99;100;101;103;104;107;108;110;111;114,58;59;62;65;99;100;101;103;104;106;107;108;109;110;111;160,0.5454545454545454,0.5454545454545454,both_nonempty,0,NA,NA
Full181;Native155,empty,15;14,results/full181_supplement/raw/empty/seed15/boltz_results_full_blind/predictions/full_blind/full_blind_model_0.pdb,all_cross_seed_pairs,Full181,Native155,15,14,results/13_interface_analysis/formal/complex_model_summary.csv,project27-160,56;57;58;59;60;61;62;98;99;100;101;103;104;107;108;110;111;114,57;58;59;62;98;99;100;101;103;104;106;107;110,0.631578947368421,0.631578947368421,both_nonempty,0,NA,NA
Full181;Native155,empty,15;15,results/full181_supplement/raw/empty/seed15/boltz_results_full_blind/predictions/full_blind/full_blind_model_0.pdb,all_cross_seed_pairs,Full181,Native155,15,15,results/13_interface_analysis/formal/complex_model_summary.csv,project27-160,56;57;58;59;60;61;62;98;99;100;101;103;104;107;108;110;111;114,57;58;59;62;63;64;65;98;99;101;103;104;106;107;108;110;111;114;115;117;118;121;122;125,0.5,0.5,both_nonempty,0,NA,NA
Full181;Native155,empty,ALL,results/full181_supplement/raw/empty/seed1/boltz_results_full_blind/predictions/full_blind/full_blind_model_0.pdb,consensus_ge50pct,Full181,Native155,ALL,ALL,results/13_interface_analysis/formal/complex_model_summary.csv,project27-160,56;57;58;59;60;62;63;64;65;98;99;100;101;103;104;107;108;110;111;114;118,57;58;59;62;63;65;98;99;101;103;104;106;107;108;110;111;114;117;118;121,0.7083333333333334,0.7083333333333334,both_nonempty,0,complete_15_seed_ensemble,complete_15_seed_ensemble
Full181;Immunogen134,empty,1;1,results/full181_supplement/raw/empty/seed1/boltz_results_full_blind/predictions/full_blind/full_blind_model_0.pdb,all_cross_seed_pairs,Full181,Immunogen134,1,1,results/13_interface_analysis/formal/complex_model_summary.csv,project27-160,54;56;57;58;59;60;62;63;64;65;69;91;94;97;98;99;100;101;104;107;108;110;111;112;114;115;117;118;121;125;130,55;56;57;58;59;61;62;63;65;66;68;106;107;109;110;111;113;114;117;118;120;150;151;154;158,0.3023255813953488,0.3023255813953488,both_nonempty,0,NA,NA
Full181;Immunogen134,empty,1;2,results/full181_supplement/raw/empty/seed1/boltz_results_full_blind/predictions/full_blind/full_blind_model_0.pdb,all_cross_seed_pairs,Full181,Immunogen134,1,2,results/13_interface_analysis/formal/complex_model_summary.csv,project27-160,54;56;57;58;59;60;62;63;64;65;69;91;94;97;98;99;100;101;104;107;108;110;111;112;114;115;117;118;121;125;130,38;39;40;42;43;45;46;49;50;52;53;68;69;70;73;131;133;134;135;136;137;139;142;143;145;146;149;153;156,0.01694915254237288,0.01694915254237288,both_nonempty,0,NA,NA
Full181;Immunogen134,empty,1;3,results/full181_supplement/raw/empty/seed1/boltz_results_full_blind/predictions/full_blind/full_blind_model_0.pdb,all_cross_seed_pairs,Full181,Immunogen134,1,3,results/13_interface_analysis/formal/complex_model_summary.csv,project27-160,54;56;57;58;59;60;62;63;64;65;69;91;94;97;98;99;100;101;104;107;108;110;111;112;114;115;117;118;121;125;130,59;60;62;63;64;65;66;67;68;114;116;117;118;120;121;123;124;125;127;128;132;140;143;144;147;150,0.2391304347826087,0.2391304347826087,both_nonempty,0,NA,NA
Full181;Immunogen134,empty,1;4,results/full181_supplement/raw/empty/seed1/boltz_results_full_blind/predictions/full_blind/full_blind_model_0.pdb,all_cross_seed_pairs,Full181,Immunogen134,1,4,results/13_interface_analysis/formal/complex_model_summary.csv,project27-160,54;56;57;58;59;60;62;63;64;65;69;91;94;97;98;99;100;101;104;107;108;110;111;112;114;115;117;118;121;125;130,58;62;65;69;70;73;109;110;111;112;113;114;117;118;120;121;124;125;127;133;134;135;136;137;142;145;146;149;150;152;153;156,0.23529411764705882,0.23529411764705882,both_nonempty,0,NA,NA
Full181;Immunogen134,empty,1;5,results/full181_supplement/raw/empty/seed1/boltz_results_full_blind/predictions/full_blind/full_blind_model_0.pdb,all_cross_seed_pairs,Full181,Immunogen134,1,5,results/13_interface_analysis/formal/complex_model_summary.csv,project27-160,54;56;57;58;59;60;62;63;64;65;69;91;94;97;98;99;100;101;104;107;108;110;111;112;114;115;117;118;121;125;130,27;28;29;58;59;62;63;106;107;109;110;113;114;117;118;121;142;146;149;150;152;153;154;156;157;160,0.2127659574468085,0.2127659574468085,both_nonempty,0,NA,NA
Full181;Immunogen134,empty,1;6,results/full181_supplement/raw/empty/seed1/boltz_results_full_blind/predictions/full_blind/full_blind_model_0.pdb,all_cross_seed_pairs,Full181,Immunogen134,1,6,results/13_interface_analysis/formal/complex_model_summary.csv,project27-160,54;56;57;58;59;60;62;63;64;65;69;91;94;97;98;99;100;101;104;107;108;110;111;112;114;115;117;118;121;125;130,56;57;58;59;60;61;62;63;64;65;66;79;82;83;86;87;90;91;94;97;98;133;134;135;136;137;142;145;149;153,0.2708333333333333,0.2708333333333333,both_nonempty,0,NA,NA
Full181;Immunogen134,empty,1;7,results/full181_supplement/raw/empty/seed1/boltz_results_full_blind/predictions/full_blind/full_blind_model_0.pdb,all_cross_seed_pairs,Full181,Immunogen134,1,7,results/13_interface_analysis/formal/complex_model_summary.csv,project27-160,54;56;57;58;59;60;62;63;64;65;69;91;94;97;98;99;100;101;104;107;108;110;111;112;114;115;117;118;121;125;130,27;28;29;30;31;32;33;78;79;82;83;85;86;89;90;92;93;94;97;130;133;134;135;136;137;139;142;145;146;149;153,0.05084745762711865,0.05084745762711865,both_nonempty,0,NA,NA
Full181;Immunogen134,empty,1;8,results/full181_supplement/raw/empty/seed1/boltz_results_full_blind/predictions/full_blind/full_blind_model_0.pdb,all_cross_seed_pairs,Full181,Immunogen134,1,8,results/13_interface_analysis/formal/complex_model_summary.csv,project27-160,54;56;57;58;59;60;62;63;64;65;69;91;94;97;98;99;100;101;104;107;108;110;111;112;114;115;117;118;121;125;130,57;58;59;60;62;63;64;65;70;126;129;130;131;133;134;135;136;137;138;139;142;145;146;149;150;152;153;156,0.18,0.18,both_nonempty,0,NA,NA
Full181;Immunogen134,empty,1;9,results/full181_supplement/raw/empty/seed1/boltz_results_full_blind/predictions/full_blind/full_blind_model_0.pdb,all_cross_seed_pairs,Full181,Immunogen134,1,9,results/13_interface_analysis/formal/complex_model_summary.csv,project27-160,54;56;57;58;59;60;62;63;64;65;69;91;94;97;98;99;100;101;104;107;108;110;111;112;114;115;117;118;121;125;130,71;72;73;75;77;78;79;80;81;82;83;85;86;87;89;90;93;130;131;133;134;135;136;137;139;142;143;145;146;149;153,0.01639344262295082,0.01639344262295082,both_nonempty,0,NA,NA
Full181;Immunogen134,empty,1;10,results/full181_supplement/raw/empty/seed1/boltz_results_full_blind/predictions/full_blind/full_blind_model_0.pdb,all_cross_seed_pairs,Full181,Immunogen134,1,10,results/13_interface_analysis/formal/complex_model_summary.csv,project27-160,54;56;57;58;59;60;62;63;64;65;69;91;94;97;98;99;100;101;104;107;108;110;111;112;114;115;117;118;121;125;130,58;61;65;69;70;73;109;110;111;112;113;114;117;118;119;120;121;122;123;124;125;126;127;128;129;130;131;133;136;139;142;146;149;153,0.22641509433962265,0.22641509433962265,both_nonempty,0,NA,NA
Full181;Immunogen134,empty,1;11,results/full181_supplement/raw/empty/seed1/boltz_results_full_blind/predictions/full_blind/full_blind_model_0.pdb,all_cross_seed_pairs,Full181,Immunogen134,1,11,results/13_interface_analysis/formal/complex_model_summary.csv,project27-160,54;56;57;58;59;60;62;63;64;65;69;91;94;97;98;99;100;101;104;107;108;110;111;112;114;115;117;118;121;125;130,27;28;29;31;72;78;79;82;83;85;86;89;90;93;94;133;134;135;136;137;139;142;145;146;149,0.01818181818181818,0.01818181818181818,both_nonempty,0,NA,NA
Full181;Immunogen134,empty,1;12,results/full181_supplement/raw/empty/seed1/boltz_results_full_blind/predictions/full_blind/full_blind_model_0.pdb,all_cross_seed_pairs,Full181,Immunogen134,1,12,results/13_interface_analysis/formal/complex_model_summary.csv,project27-160,54;56;57;58;59;60;62;63;64;65;69;91;94;97;98;99;100;101;104;107;108;110;111;112;114;115;117;118;121;125;130,27;28;29;30;31;77;78;79;82;83;85;86;89;90;93;133;134;135;136;137;139;142;145;146;149;153,0.0,0.0,both_nonempty,0,NA,NA
Full181;Immunogen134,empty,1;13,results/full181_supplement/raw/empty/seed1/boltz_results_full_blind/predictions/full_blind/full_blind_model_0.pdb,all_cross_seed_pairs,Full181,Immunogen134,1,13,results/13_interface_analysis/formal/complex_model_summary.csv,project27-160,54;56;57;58;59;60;62;63;64;65;69;91;94;97;98;99;100;101;104;107;108;110;111;112;114;115;117;118;121;125;130,28;29;30;31;32;78;79;80;82;83;85;86;89;90;131;133;134;135;136;137;138;139;142;145;146;149;153,0.0,0.0,both_nonempty,0,NA,NA
Full181;Immunogen134,empty,1;14,results/full181_supplement/raw/empty/seed1/boltz_results_full_blind/predictions/full_blind/full_blind_model_0.pdb,all_cross_seed_pairs,Full181,Immunogen134,1,14,results/13_interface_analysis/formal/complex_model_summary.csv,project27-160,54;56;57;58;59;60;62;63;64;65;69;91;94;97;98;99;100;101;104;107;108;110;111;112;114;115;117;118;121;125;130,46;49;50;53;54;57;60;62;63;64;65;105;106;107;108;109;110;111;113;114;116;117;118;120;121;124;125;127;140;141;144;147;150;151;154;158,0.3137254901960784,0.3137254901960784,both_nonempty,0,NA,NA
Full181;Immunogen134,empty,1;15,results/full181_supplement/raw/empty/seed1/boltz_results_full_blind/predictions/full_blind/full_blind_model_0.pdb,all_cross_seed_pairs,Full181,Immunogen134,1,15,results/13_interface_analysis/formal/complex_model_summary.csv,project27-160,54;56;57;58;59;60;62;63;64;65;69;91;94;97;98;99;100;101;104;107;108;110;111;112;114;115;117;118;121;125;130,58;59;62;63;66;106;110;113;114;117;118;120;121;124;125;127;138;139;140;141;143;144;147;150;154,0.21739130434782608,0.21739130434782608,both_nonempty,0,NA,NA
Full181;Immunogen134,empty,2;1,results/full181_supplement/raw/empty/seed2/boltz_results_full_blind/predictions/full_blind/full_blind_model_0.pdb,all_cross_seed_pairs,Full181,Immunogen134,2,1,results/13_interface_analysis/formal/complex_model_summary.csv,project27-160,49;52;53;56;57;58;60;90;91;94;96;97;98;99;100;101;102;104;105;107;108,55;56;57;58;59;61;62;63;65;66;68;106;107;109;110;111;113;114;117;118;120;150;151;154;158,0.09523809523809523,0.09523809523809523,both_nonempty,0,NA,NA
Full181;Immunogen134,empty,2;2,results/full181_supplement/raw/empty/seed2/boltz_results_full_blind/predictions/full_blind/full_blind_model_0.pdb,all_cross_seed_pairs,Full181,Immunogen134,2,2,results/13_interface_analysis/formal/complex_model_summary.csv,project27-160,49;52;53;56;57;58;60;90;91;94;96;97;98;99;100;101;102;104;105;107;108,38;39;40;42;43;45;46;49;50;52;53;68;69;70;73;131;133;134;135;136;137;139;142;143;145;146;149;153;156,0.06382978723404255,0.06382978723404255,both_nonempty,0,NA,NA
Full181;Immunogen134,empty,2;3,results/full181_supplement/raw/empty/seed2/boltz_results_full_blind/predictions/full_blind/full_blind_model_0.pdb,all_cross_seed_pairs,Full181,Immunogen134,2,3,results/13_interface_analysis/formal/complex_model_summary.csv,project27-160,49;52;53;56;57;58;60;90;91;94;96;97;98;99;100;101;102;104;105;107;108,59;60;62;63;64;65;66;67;68;114;116;117;118;120;121;123;124;125;127;128;132;140;143;144;147;150,0.021739130434782608,0.021739130434782608,both_nonempty,0,NA,NA
Full181;Immunogen134,empty,2;4,results/full181_supplement/raw/empty/seed2/boltz_results_full_blind/predictions/full_blind/full_blind_model_0.pdb,all_cross_seed_pairs,Full181,Immunogen134,2,4,results/13_interface_analysis/formal/complex_model_summary.csv,project27-160,49;52;53;56;57;58;60;90;91;94;96;97;98;99;100;101;102;104;105;107;108,58;62;65;69;70;73;109;110;111;112;113;114;117;118;120;121;124;125;127;133;134;135;136;137;142;145;146;149;150;152;153;156,0.019230769230769232,0.019230769230769232,both_nonempty,0,NA,NA
Full181;Immunogen134,empty,2;5,results/full181_supplement/raw/empty/seed2/boltz_results_full_blind/predictions/full_blind/full_blind_model_0.pdb,all_cross_seed_pairs,Full181,Immunogen134,2,5,results/13_interface_analysis/formal/complex_model_summary.csv,project27-160,49;52;53;56;57;58;60;90;91;94;96;97;98;99;100;101;102;104;105;107;108,27;28;29;58;59;62;63;106;107;109;110;113;114;117;118;121;142;146;149;150;152;153;154;156;157;160,0.044444444444444446,0.044444444444444446,both_nonempty,0,NA,NA
Full181;Immunogen134,empty,2;6,results/full181_supplement/raw/empty/seed2/boltz_results_full_blind/predictions/full_blind/full_blind_model_0.pdb,all_cross_seed_pairs,Full181,Immunogen134,2,6,results/13_interface_analysis/formal/complex_model_summary.csv,project27-160,49;52;53;56;57;58;60;90;91;94;96;97;98;99;100;101;102;104;105;107;108,56;57;58;59;60;61;62;63;64;65;66;79;82;83;86;87;90;91;94;97;98;133;134;135;136;137;142;145;149;153,0.21428571428571427,0.21428571428571427,both_nonempty,0,NA,NA
Full181;Immunogen134,empty,2;7,results/full181_supplement/raw/empty/seed2/boltz_results_full_blind/predictions/full_blind/full_blind_model_0.pdb,all_cross_seed_pairs,Full181,Immunogen134,2,7,results/13_interface_analysis/formal/complex_model_summary.csv,project27-160,49;52;53;56;57;58;60;90;91;94;96;97;98;99;100;101;102;104;105;107;108,27;28;29;30;31;32;33;78;79;82;83;85;86;89;90;92;93;94;97;130;133;134;135;136;137;139;142;145;146;149;153,0.061224489795918366,0.061224489795918366,both_nonempty,0,NA,NA
Full181;Immunogen134,empty,2;8,results/full181_supplement/raw/empty/seed2/boltz_results_full_blind/predictions/full_blind/full_blind_model_0.pdb,all_cross_seed_pairs,Full181,Immunogen134,2,8,results/13_interface_analysis/formal/complex_model_summary.csv,project27-160,49;52;53;56;57;58;60;90;91;94;96;97;98;99;100;101;102;104;105;107;108,57;58;59;60;62;63;64;65;70;126;129;130;131;133;134;135;136;137;138;139;142;145;146;149;150;152;153;156,0.06521739130434782,0.06521739130434782,both_nonempty,0,NA,NA
Full181;Immunogen134,empty,2;9,results/full181_supplement/raw/empty/seed2/boltz_results_full_blind/predictions/full_blind/full_blind_model_0.pdb,all_cross_seed_pairs,Full181,Immunogen134,2,9,results/13_interface_analysis/formal/complex_model_summary.csv,project27-160,49;52;53;56;57;58;60;90;91;94;96;97;98;99;100;101;102;104;105;107;108,71;72;73;75;77;78;79;80;81;82;83;85;86;87;89;90;93;130;131;133;134;135;136;137;139;142;143;145;146;149;153,0.0196078431372549,0.0196078431372549,both_nonempty,0,NA,NA
Full181;Immunogen134,empty,2;10,results/full181_supplement/raw/empty/seed2/boltz_results_full_blind/predictions/full_blind/full_blind_model_0.pdb,all_cross_seed_pairs,Full181,Immunogen134,2,10,results/13_interface_analysis/formal/complex_model_summary.csv,project27-160,49;52;53;56;57;58;60;90;91;94;96;97;98;99;100;101;102;104;105;107;108,58;61;65;69;70;73;109;110;111;112;113;114;117;118;119;120;121;122;123;124;125;126;127;128;129;130;131;133;136;139;142;146;149;153,0.018518518518518517,0.018518518518518517,both_nonempty,0,NA,NA
Full181;Immunogen134,empty,2;11,results/full181_supplement/raw/empty/seed2/boltz_results_full_blind/predictions/full_blind/full_blind_model_0.pdb,all_cross_seed_pairs,Full181,Immunogen134,2,11,results/13_interface_analysis/formal/complex_model_summary.csv,project27-160,49;52;53;56;57;58;60;90;91;94;96;97;98;99;100;101;102;104;105;107;108,27;28;29;31;72;78;79;82;83;85;86;89;90;93;94;133;134;135;136;137;139;142;145;146;149,0.045454545454545456,0.045454545454545456,both_nonempty,0,NA,NA
Full181;Immunogen134,empty,2;12,results/full181_supplement/raw/empty/seed2/boltz_results_full_blind/predictions/full_blind/full_blind_model_0.pdb,all_cross_seed_pairs,Full181,Immunogen134,2,12,results/13_interface_analysis/formal/complex_model_summary.csv,project27-160,49;52;53;56;57;58;60;90;91;94;96;97;98;99;100;101;102;104;105;107;108,27;28;29;30;31;77;78;79;82;83;85;86;89;90;93;133;134;135;136;137;139;142;145;146;149;153,0.021739130434782608,0.021739130434782608,both_nonempty,0,NA,NA
Full181;Immunogen134,empty,2;13,results/full181_supplement/raw/empty/seed2/boltz_results_full_blind/predictions/full_blind/full_blind_model_0.pdb,all_cross_seed_pairs,Full181,Immunogen134,2,13,results/13_interface_analysis/formal/complex_model_summary.csv,project27-160,49;52;53;56;57;58;60;90;91;94;96;97;98;99;100;101;102;104;105;107;108,28;29;30;31;32;78;79;80;82;83;85;86;89;90;131;133;134;135;136;137;138;139;142;145;146;149;153,0.02127659574468085,0.02127659574468085,both_nonempty,0,NA,NA
Full181;Immunogen134,empty,2;14,results/full181_supplement/raw/empty/seed2/boltz_results_full_blind/predictions/full_blind/full_blind_model_0.pdb,all_cross_seed_pairs,Full181,Immunogen134,2,14,results/13_interface_analysis/formal/complex_model_summary.csv,project27-160,49;52;53;56;57;58;60;90;91;94;96;97;98;99;100;101;102;104;105;107;108,46;49;50;53;54;57;60;62;63;64;65;105;106;107;108;109;110;111;113;114;116;117;118;120;121;124;125;127;140;141;144;147;150;151;154;158,0.14,0.14,both_nonempty,0,NA,NA
Full181;Immunogen134,empty,2;15,results/full181_supplement/raw/empty/seed2/boltz_results_full_blind/predictions/full_blind/full_blind_model_0.pdb,all_cross_seed_pairs,Full181,Immunogen134,2,15,results/13_interface_analysis/formal/complex_model_summary.csv,project27-160,49;52;53;56;57;58;60;90;91;94;96;97;98;99;100;101;102;104;105;107;108,58;59;62;63;66;106;110;113;114;117;118;120;121;124;125;127;138;139;140;141;143;144;147;150;154,0.022222222222222223,0.022222222222222223,both_nonempty,0,NA,NA
Full181;Immunogen134,empty,3;1,results/full181_supplement/raw/empty/seed3/boltz_results_full_blind/predictions/full_blind/full_blind_model_0.pdb,all_cross_seed_pairs,Full181,Immunogen134,3,1,results/13_interface_analysis/formal/complex_model_summary.csv,project27-160,57;58;59;60;61;62;63;64;65;69;70;98;99;100;101;103;104;107;108;110;111;114;115;118,55;56;57;58;59;61;62;63;65;66;68;106;107;109;110;111;113;114;117;118;120;150;151;154;158,0.32432432432432434,0.32432432432432434,both_nonempty,0,NA,NA
Full181;Immunogen134,empty,3;2,results/full181_supplement/raw/empty/seed3/boltz_results_full_blind/predictions/full_blind/full_blind_model_0.pdb,all_cross_seed_pairs,Full181,Immunogen134,3,2,results/13_interface_analysis/formal/complex_model_summary.csv,project27-160,57;58;59;60;61;62;63;64;65;69;70;98;99;100;101;103;104;107;108;110;111;114;115;118,38;39;40;42;43;45;46;49;50;52;53;68;69;70;73;131;133;134;135;136;137;139;142;143;145;146;149;153;156,0.0392156862745098,0.0392156862745098,both_nonempty,0,NA,NA
Full181;Immunogen134,empty,3;3,results/full181_supplement/raw/empty/seed3/boltz_results_full_blind/predictions/full_blind/full_blind_model_0.pdb,all_cross_seed_pairs,Full181,Immunogen134,3,3,results/13_interface_analysis/formal/complex_model_summary.csv,project27-160,57;58;59;60;61;62;63;64;65;69;70;98;99;100;101;103;104;107;108;110;111;114;115;118,59;60;62;63;64;65;66;67;68;114;116;117;118;120;121;123;124;125;127;128;132;140;143;144;147;150,0.19047619047619047,0.19047619047619047,both_nonempty,0,NA,NA
Full181;Immunogen134,empty,3;4,results/full181_supplement/raw/empty/seed3/boltz_results_full_blind/predictions/full_blind/full_blind_model_0.pdb,all_cross_seed_pairs,Full181,Immunogen134,3,4,results/13_interface_analysis/formal/complex_model_summary.csv,project27-160,57;58;59;60;61;62;63;64;65;69;70;98;99;100;101;103;104;107;108;110;111;114;115;118,58;62;65;69;70;73;109;110;111;112;113;114;117;118;120;121;124;125;127;133;134;135;136;137;142;145;146;149;150;152;153;156,0.19148936170212766,0.19148936170212766,both_nonempty,0,NA,NA
Full181;Immunogen134,empty,3;5,results/full181_supplement/raw/empty/seed3/boltz_results_full_blind/predictions/full_blind/full_blind_model_0.pdb,all_cross_seed_pairs,Full181,Immunogen134,3,5,results/13_interface_analysis/formal/complex_model_summary.csv,project27-160,57;58;59;60;61;62;63;64;65;69;70;98;99;100;101;103;104;107;108;110;111;114;115;118,27;28;29;58;59;62;63;106;107;109;110;113;114;117;118;121;142;146;149;150;152;153;154;156;157;160,0.19047619047619047,0.19047619047619047,both_nonempty,0,NA,NA
Full181;Immunogen134,empty,3;6,results/full181_supplement/raw/empty/seed3/boltz_results_full_blind/predictions/full_blind/full_blind_model_0.pdb,all_cross_seed_pairs,Full181,Immunogen134,3,6,results/13_interface_analysis/formal/complex_model_summary.csv,project27-160,57;58;59;60;61;62;63;64;65;69;70;98;99;100;101;103;104;107;108;110;111;114;115;118,56;57;58;59;60;61;62;63;64;65;66;79;82;83;86;87;90;91;94;97;98;133;134;135;136;137;142;145;149;153,0.22727272727272727,0.22727272727272727,both_nonempty,0,NA,NA
Full181;Immunogen134,empty,3;7,results/full181_supplement/raw/empty/seed3/boltz_results_full_blind/predictions/full_blind/full_blind_model_0.pdb,all_cross_seed_pairs,Full181,Immunogen134,3,7,results/13_interface_analysis/formal/complex_model_summary.csv,project27-160,57;58;59;60;61;62;63;64;65;69;70;98;99;100;101;103;104;107;108;110;111;114;115;118,27;28;29;30;31;32;33;78;79;82;83;85;86;89;90;92;93;94;97;130;133;134;135;136;137;139;142;145;146;149;153,0.0,0.0,both_nonempty,0,NA,NA
Full181;Immunogen134,empty,3;8,results/full181_supplement/raw/empty/seed3/boltz_results_full_blind/predictions/full_blind/full_blind_model_0.pdb,all_cross_seed_pairs,Full181,Immunogen134,3,8,results/13_interface_analysis/formal/complex_model_summary.csv,project27-160,57;58;59;60;61;62;63;64;65;69;70;98;99;100;101;103;104;107;108;110;111;114;115;118,57;58;59;60;62;63;64;65;70;126;129;130;131;133;134;135;136;137;138;139;142;145;146;149;150;152;153;156,0.20930232558139536,0.20930232558139536,both_nonempty,0,NA,NA
Full181;Immunogen134,empty,3;9,results/full181_supplement/raw/empty/seed3/boltz_results_full_blind/predictions/full_blind/full_blind_model_0.pdb,all_cross_seed_pairs,Full181,Immunogen134,3,9,results/13_interface_analysis/formal/complex_model_summary.csv,project27-160,57;58;59;60;61;62;63;64;65;69;70;98;99;100;101;103;104;107;108;110;111;114;115;118,71;72;73;75;77;78;79;80;81;82;83;85;86;87;89;90;93;130;131;133;134;135;136;137;139;142;143;145;146;149;153,0.0,0.0,both_nonempty,0,NA,NA
Full181;Immunogen134,empty,3;10,results/full181_supplement/raw/empty/seed3/boltz_results_full_blind/predictions/full_blind/full_blind_model_0.pdb,all_cross_seed_pairs,Full181,Immunogen134,3,10,results/13_interface_analysis/formal/complex_model_summary.csv,project27-160,57;58;59;60;61;62;63;64;65;69;70;98;99;100;101;103;104;107;108;110;111;114;115;118,58;61;65;69;70;73;109;110;111;112;113;114;117;118;119;120;121;122;123;124;125;126;127;128;129;130;131;133;136;139;142;146;149;153,0.1836734693877551,0.1836734693877551,both_nonempty,0,NA,NA
Full181;Immunogen134,empty,3;11,results/full181_supplement/raw/empty/seed3/boltz_results_full_blind/predictions/full_blind/full_blind_model_0.pdb,all_cross_seed_pairs,Full181,Immunogen134,3,11,results/13_interface_analysis/formal/complex_model_summary.csv,project27-160,57;58;59;60;61;62;63;64;65;69;70;98;99;100;101;103;104;107;108;110;111;114;115;118,27;28;29;31;72;78;79;82;83;85;86;89;90;93;94;133;134;135;136;137;139;142;145;146;149,0.0,0.0,both_nonempty,0,NA,NA
Full181;Immunogen134,empty,3;12,results/full181_supplement/raw/empty/seed3/boltz_results_full_blind/predictions/full_blind/full_blind_model_0.pdb,all_cross_seed_pairs,Full181,Immunogen134,3,12,results/13_interface_analysis/formal/complex_model_summary.csv,project27-160,57;58;59;60;61;62;63;64;65;69;70;98;99;100;101;103;104;107;108;110;111;114;115;118,27;28;29;30;31;77;78;79;82;83;85;86;89;90;93;133;134;135;136;137;139;142;145;146;149;153,0.0,0.0,both_nonempty,0,NA,NA
Full181;Immunogen134,empty,3;13,results/full181_supplement/raw/empty/seed3/boltz_results_full_blind/predictions/full_blind/full_blind_model_0.pdb,all_cross_seed_pairs,Full181,Immunogen134,3,13,results/13_interface_analysis/formal/complex_model_summary.csv,project27-160,57;58;59;60;61;62;63;64;65;69;70;98;99;100;101;103;104;107;108;110;111;114;115;118,28;29;30;31;32;78;79;80;82;83;85;86;89;90;131;133;134;135;136;137;138;139;142;145;146;149;153,0.0,0.0,both_nonempty,0,NA,NA
Full181;Immunogen134,empty,3;14,results/full181_supplement/raw/empty/seed3/boltz_results_full_blind/predictions/full_blind/full_blind_model_0.pdb,all_cross_seed_pairs,Full181,Immunogen134,3,14,results/13_interface_analysis/formal/complex_model_summary.csv,project27-160,57;58;59;60;61;62;63;64;65;69;70;98;99;100;101;103;104;107;108;110;111;114;115;118,46;49;50;53;54;57;60;62;63;64;65;105;106;107;108;109;110;111;113;114;116;117;118;120;121;124;125;127;140;141;144;147;150;151;154;158,0.25,0.25,both_nonempty,0,NA,NA
Full181;Immunogen134,empty,3;15,results/full181_supplement/raw/empty/seed3/boltz_results_full_blind/predictions/full_blind/full_blind_model_0.pdb,all_cross_seed_pairs,Full181,Immunogen134,3,15,results/13_interface_analysis/formal/complex_model_summary.csv,project27-160,57;58;59;60;61;62;63;64;65;69;70;98;99;100;101;103;104;107;108;110;111;114;115;118,58;59;62;63;66;106;110;113;114;117;118;120;121;124;125;127;138;139;140;141;143;144;147;150;154,0.16666666666666666,0.16666666666666666,both_nonempty,0,NA,NA
Full181;Immunogen134,empty,4;1,results/full181_supplement/raw/empty/seed4/boltz_results_full_blind/predictions/full_blind/full_blind_model_0.pdb,all_cross_seed_pairs,Full181,Immunogen134,4,1,results/13_interface_analysis/formal/complex_model_summary.csv,project27-160,54;56;57;58;59;60;62;63;65;99;104;105;106;107;108;109;110;111;113;114;117;118;121;149;153;156;160,55;56;57;58;59;61;62;63;65;66;68;106;107;109;110;111;113;114;117;118;120;150;151;154;158,0.4444444444444444,0.4444444444444444,both_nonempty,0,NA,NA
Full181;Immunogen134,empty,4;2,results/full181_supplement/raw/empty/seed4/boltz_results_full_blind/predictions/full_blind/full_blind_model_0.pdb,all_cross_seed_pairs,Full181,Immunogen134,4,2,results/13_interface_analysis/formal/complex_model_summary.csv,project27-160,54;56;57;58;59;60;62;63;65;99;104;105;106;107;108;109;110;111;113;114;117;118;121;149;153;156;160,38;39;40;42;43;45;46;49;50;52;53;68;69;70;73;131;133;134;135;136;137;139;142;143;145;146;149;153;156,0.05660377358490566,0.05660377358490566,both_nonempty,0,NA,NA
Full181;Immunogen134,empty,4;3,results/full181_supplement/raw/empty/seed4/boltz_results_full_blind/predictions/full_blind/full_blind_model_0.pdb,all_cross_seed_pairs,Full181,Immunogen134,4,3,results/13_interface_analysis/formal/complex_model_summary.csv,project27-160,54;56;57;58;59;60;62;63;65;99;104;105;106;107;108;109;110;111;113;114;117;118;121;149;153;156;160,59;60;62;63;64;65;66;67;68;114;116;117;118;120;121;123;124;125;127;128;132;140;143;144;147;150,0.20454545454545456,0.20454545454545456,both_nonempty,0,NA,NA
Full181;Immunogen134,empty,4;4,results/full181_supplement/raw/empty/seed4/boltz_results_full_blind/predictions/full_blind/full_blind_model_0.pdb,all_cross_seed_pairs,Full181,Immunogen134,4,4,results/13_interface_analysis/formal/complex_model_summary.csv,project27-160,54;56;57;58;59;60;62;63;65;99;104;105;106;107;108;109;110;111;113;114;117;118;121;149;153;156;160,58;62;65;69;70;73;109;110;111;112;113;114;117;118;120;121;124;125;127;133;134;135;136;137;142;145;146;149;150;152;153;156,0.3111111111111111,0.3111111111111111,both_nonempty,0,NA,NA
Full181;Immunogen134,empty,4;5,results/full181_supplement/raw/empty/seed4/boltz_results_full_blind/predictions/full_blind/full_blind_model_0.pdb,all_cross_seed_pairs,Full181,Immunogen134,4,5,results/13_interface_analysis/formal/complex_model_summary.csv,project27-160,54;56;57;58;59;60;62;63;65;99;104;105;106;107;108;109;110;111;113;114;117;118;121;149;153;156;160,27;28;29;58;59;62;63;106;107;109;110;113;114;117;118;121;142;146;149;150;152;153;154;156;157;160,0.4722222222222222,0.4722222222222222,both_nonempty,0,NA,NA
Full181;Immunogen134,empty,4;6,results/full181_supplement/raw/empty/seed4/boltz_results_full_blind/predictions/full_blind/full_blind_model_0.pdb,all_cross_seed_pairs,Full181,Immunogen134,4,6,results/13_interface_analysis/formal/complex_model_summary.csv,project27-160,54;56;57;58;59;60;62;63;65;99;104;105;106;107;108;109;110;111;113;114;117;118;121;149;153;156;160,56;57;58;59;60;61;62;63;64;65;66;79;82;83;86;87;90;91;94;97;98;133;134;135;136;137;142;145;149;153,0.2127659574468085,0.2127659574468085,both_nonempty,0,NA,NA
Full181;Immunogen134,empty,4;7,results/full181_supplement/raw/empty/seed4/boltz_results_full_blind/predictions/full_blind/full_blind_model_0.pdb,all_cross_seed_pairs,Full181,Immunogen134,4,7,results/13_interface_analysis/formal/complex_model_summary.csv,project27-160,54;56;57;58;59;60;62;63;65;99;104;105;106;107;108;109;110;111;113;114;117;118;121;149;153;156;160,27;28;29;30;31;32;33;78;79;82;83;85;86;89;90;92;93;94;97;130;133;134;135;136;137;139;142;145;146;149;153,0.03571428571428571,0.03571428571428571,both_nonempty,0,NA,NA
Full181;Immunogen134,empty,4;8,results/full181_supplement/raw/empty/seed4/boltz_results_full_blind/predictions/full_blind/full_blind_model_0.pdb,all_cross_seed_pairs,Full181,Immunogen134,4,8,results/13_interface_analysis/formal/complex_model_summary.csv,project27-160,54;56;57;58;59;60;62;63;65;99;104;105;106;107;108;109;110;111;113;114;117;118;121;149;153;156;160,57;58;59;60;62;63;64;65;70;126;129;130;131;133;134;135;136;137;138;139;142;145;146;149;150;152;153;156,0.2222222222222222,0.2222222222222222,both_nonempty,0,NA,NA
Full181;Immunogen134,empty,4;9,results/full181_supplement/raw/empty/seed4/boltz_results_full_blind/predictions/full_blind/full_blind_model_0.pdb,all_cross_seed_pairs,Full181,Immunogen134,4,9,results/13_interface_analysis/formal/complex_model_summary.csv,project27-160,54;56;57;58;59;60;62;63;65;99;104;105;106;107;108;109;110;111;113;114;117;118;121;149;153;156;160,71;72;73;75;77;78;79;80;81;82;83;85;86;87;89;90;93;130;131;133;134;135;136;137;139;142;143;145;146;149;153,0.03571428571428571,0.03571428571428571,both_nonempty,0,NA,NA
Full181;Immunogen134,empty,4;10,results/full181_supplement/raw/empty/seed4/boltz_results_full_blind/predictions/full_blind/full_blind_model_0.pdb,all_cross_seed_pairs,Full181,Immunogen134,4,10,results/13_interface_analysis/formal/complex_model_summary.csv,project27-160,54;56;57;58;59;60;62;63;65;99;104;105;106;107;108;109;110;111;113;114;117;118;121;149;153;156;160,58;61;65;69;70;73;109;110;111;112;113;114;117;118;119;120;121;122;123;124;125;126;127;128;129;130;131;133;136;139;142;146;149;153,0.24489795918367346,0.24489795918367346,both_nonempty,0,NA,NA
Full181;Immunogen134,empty,4;11,results/full181_supplement/raw/empty/seed4/boltz_results_full_blind/predictions/full_blind/full_blind_model_0.pdb,all_cross_seed_pairs,Full181,Immunogen134,4,11,results/13_interface_analysis/formal/complex_model_summary.csv,project27-160,54;56;57;58;59;60;62;63;65;99;104;105;106;107;108;109;110;111;113;114;117;118;121;149;153;156;160,27;28;29;31;72;78;79;82;83;85;86;89;90;93;94;133;134;135;136;137;139;142;145;146;149,0.0196078431372549,0.0196078431372549,both_nonempty,0,NA,NA
Full181;Immunogen134,empty,4;12,results/full181_supplement/raw/empty/seed4/boltz_results_full_blind/predictions/full_blind/full_blind_model_0.pdb,all_cross_seed_pairs,Full181,Immunogen134,4,12,results/13_interface_analysis/formal/complex_model_summary.csv,project27-160,54;56;57;58;59;60;62;63;65;99;104;105;106;107;108;109;110;111;113;114;117;118;121;149;153;156;160,27;28;29;30;31;77;78;79;82;83;85;86;89;90;93;133;134;135;136;137;139;142;145;146;149;153,0.0392156862745098,0.0392156862745098,both_nonempty,0,NA,NA
Full181;Immunogen134,empty,4;13,results/full181_supplement/raw/empty/seed4/boltz_results_full_blind/predictions/full_blind/full_blind_model_0.pdb,all_cross_seed_pairs,Full181,Immunogen134,4,13,results/13_interface_analysis/formal/complex_model_summary.csv,project27-160,54;56;57;58;59;60;62;63;65;99;104;105;106;107;108;109;110;111;113;114;117;118;121;149;153;156;160,28;29;30;31;32;78;79;80;82;83;85;86;89;90;131;133;134;135;136;137;138;139;142;145;146;149;153,0.038461538461538464,0.038461538461538464,both_nonempty,0,NA,NA
Full181;Immunogen134,empty,4;14,results/full181_supplement/raw/empty/seed4/boltz_results_full_blind/predictions/full_blind/full_blind_model_0.pdb,all_cross_seed_pairs,Full181,Immunogen134,4,14,results/13_interface_analysis/formal/complex_model_summary.csv,project27-160,54;56;57;58;59;60;62;63;65;99;104;105;106;107;108;109;110;111;113;114;117;118;121;149;153;156;160,46;49;50;53;54;57;60;62;63;64;65;105;106;107;108;109;110;111;113;114;116;117;118;120;121;124;125;127;140;141;144;147;150;151;154;158,0.4,0.4,both_nonempty,0,NA,NA
Full181;Immunogen134,empty,4;15,results/full181_supplement/raw/empty/seed4/boltz_results_full_blind/predictions/full_blind/full_blind_model_0.pdb,all_cross_seed_pairs,Full181,Immunogen134,4,15,results/13_interface_analysis/formal/complex_model_summary.csv,project27-160,54;56;57;58;59;60;62;63;65;99;104;105;106;107;108;109;110;111;113;114;117;118;121;149;153;156;160,58;59;62;63;66;106;110;113;114;117;118;120;121;124;125;127;138;139;140;141;143;144;147;150;154,0.2682926829268293,0.2682926829268293,both_nonempty,0,NA,NA
Full181;Immunogen134,empty,5;1,results/full181_supplement/raw/empty/seed5/boltz_results_full_blind/predictions/full_blind/full_blind_model_0.pdb,all_cross_seed_pairs,Full181,Immunogen134,5,1,results/13_interface_analysis/formal/complex_model_summary.csv,project27-160,56;57;58;59;60;62;63;64;65;98;99;100;101;103;104;106;107;108;110;111;114;117;118;121;125;153;156;157,55;56;57;58;59;61;62;63;65;66;68;106;107;109;110;111;113;114;117;118;120;150;151;154;158,0.358974358974359,0.358974358974359,both_nonempty,0,NA,NA
Full181;Immunogen134,empty,5;2,results/full181_supplement/raw/empty/seed5/boltz_results_full_blind/predictions/full_blind/full_blind_model_0.pdb,all_cross_seed_pairs,Full181,Immunogen134,5,2,results/13_interface_analysis/formal/complex_model_summary.csv,project27-160,56;57;58;59;60;62;63;64;65;98;99;100;101;103;104;106;107;108;110;111;114;117;118;121;125;153;156;157,38;39;40;42;43;45;46;49;50;52;53;68;69;70;73;131;133;134;135;136;137;139;142;143;145;146;149;153;156,0.03636363636363636,0.03636363636363636,both_nonempty,0,NA,NA
Full181;Immunogen134,empty,5;3,results/full181_supplement/raw/empty/seed5/boltz_results_full_blind/predictions/full_blind/full_blind_model_0.pdb,all_cross_seed_pairs,Full181,Immunogen134,5,3,results/13_interface_analysis/formal/complex_model_summary.csv,project27-160,56;57;58;59;60;62;63;64;65;98;99;100;101;103;104;106;107;108;110;111;114;117;118;121;125;153;156;157,59;60;62;63;64;65;66;67;68;114;116;117;118;120;121;123;124;125;127;128;132;140;143;144;147;150,0.2558139534883721,0.2558139534883721,both_nonempty,0,NA,NA
Full181;Immunogen134,empty,5;4,results/full181_supplement/raw/empty/seed5/boltz_results_full_blind/predictions/full_blind/full_blind_model_0.pdb,all_cross_seed_pairs,Full181,Immunogen134,5,4,results/13_interface_analysis/formal/complex_model_summary.csv,project27-160,56;57;58;59;60;62;63;64;65;98;99;100;101;103;104;106;107;108;110;111;114;117;118;121;125;153;156;157,58;62;65;69;70;73;109;110;111;112;113;114;117;118;120;121;124;125;127;133;134;135;136;137;142;145;146;149;150;152;153;156,0.25,0.25,both_nonempty,0,NA,NA
Full181;Immunogen134,empty,5;5,results/full181_supplement/raw/empty/seed5/boltz_results_full_blind/predictions/full_blind/full_blind_model_0.pdb,all_cross_seed_pairs,Full181,Immunogen134,5,5,results/13_interface_analysis/formal/complex_model_summary.csv,project27-160,56;57;58;59;60;62;63;64;65;98;99;100;101;103;104;106;107;108;110;111;114;117;118;121;125;153;156;157,27;28;29;58;59;62;63;106;107;109;110;113;114;117;118;121;142;146;149;150;152;153;154;156;157;160,0.35,0.35,both_nonempty,0,NA,NA
Full181;Immunogen134,empty,5;6,results/full181_supplement/raw/empty/seed5/boltz_results_full_blind/predictions/full_blind/full_blind_model_0.pdb,all_cross_seed_pairs,Full181,Immunogen134,5,6,results/13_interface_analysis/formal/complex_model_summary.csv,project27-160,56;57;58;59;60;62;63;64;65;98;99;100;101;103;104;106;107;108;110;111;114;117;118;121;125;153;156;157,56;57;58;59;60;61;62;63;64;65;66;79;82;83;86;87;90;91;94;97;98;133;134;135;136;137;142;145;149;153,0.23404255319148937,0.23404255319148937,both_nonempty,0,NA,NA
Full181;Immunogen134,empty,5;7,results/full181_supplement/raw/empty/seed5/boltz_results_full_blind/predictions/full_blind/full_blind_model_0.pdb,all_cross_seed_pairs,Full181,Immunogen134,5,7,results/13_interface_analysis/formal/complex_model_summary.csv,project27-160,56;57;58;59;60;62;63;64;65;98;99;100;101;103;104;106;107;108;110;111;114;117;118;121;125;153;156;157,27;28;29;30;31;32;33;78;79;82;83;85;86;89;90;92;93;94;97;130;133;134;135;136;137;139;142;145;146;149;153,0.017241379310344827,0.017241379310344827,both_nonempty,0,NA,NA
Full181;Immunogen134,empty,5;8,results/full181_supplement/raw/empty/seed5/boltz_results_full_blind/predictions/full_blind/full_blind_model_0.pdb,all_cross_seed_pairs,Full181,Immunogen134,5,8,results/13_interface_analysis/formal/complex_model_summary.csv,project27-160,56;57;58;59;60;62;63;64;65;98;99;100;101;103;104;106;107;108;110;111;114;117;118;121;125;153;156;157,57;58;59;60;62;63;64;65;70;126;129;130;131;133;134;135;136;137;138;139;142;145;146;149;150;152;153;156,0.21739130434782608,0.21739130434782608,both_nonempty,0,NA,NA
Full181;Immunogen134,empty,5;9,results/full181_supplement/raw/empty/seed5/boltz_results_full_blind/predictions/full_blind/full_blind_model_0.pdb,all_cross_seed_pairs,Full181,Immunogen134,5,9,results/13_interface_analysis/formal/complex_model_summary.csv,project27-160,56;57;58;59;60;62;63;64;65;98;99;100;101;103;104;106;107;108;110;111;114;117;118;121;125;153;156;157,71;72;73;75;77;78;79;80;81;82;83;85;86;87;89;90;93;130;131;133;134;135;136;137;139;142;143;145;146;149;153,0.017241379310344827,0.017241379310344827,both_nonempty,0,NA,NA
Full181;Immunogen134,empty,5;10,results/full181_supplement/raw/empty/seed5/boltz_results_full_blind/predictions/full_blind/full_blind_model_0.pdb,all_cross_seed_pairs,Full181,Immunogen134,5,10,results/13_interface_analysis/formal/complex_model_summary.csv,project27-160,56;57;58;59;60;62;63;64;65;98;99;100;101;103;104;106;107;108;110;111;114;117;118;121;125;153;156;157,58;61;65;69;70;73;109;110;111;112;113;114;117;118;119;120;121;122;123;124;125;126;127;128;129;130;131;133;136;139;142;146;149;153,0.19230769230769232,0.19230769230769232,both_nonempty,0,NA,NA
Full181;Immunogen134,empty,5;11,results/full181_supplement/raw/empty/seed5/boltz_results_full_blind/predictions/full_blind/full_blind_model_0.pdb,all_cross_seed_pairs,Full181,Immunogen134,5,11,results/13_interface_analysis/formal/complex_model_summary.csv,project27-160,56;57;58;59;60;62;63;64;65;98;99;100;101;103;104;106;107;108;110;111;114;117;118;121;125;153;156;157,27;28;29;31;72;78;79;82;83;85;86;89;90;93;94;133;134;135;136;137;139;142;145;146;149,0.0,0.0,both_nonempty,0,NA,NA
Full181;Immunogen134,empty,5;12,results/full181_supplement/raw/empty/seed5/boltz_results_full_blind/predictions/full_blind/full_blind_model_0.pdb,all_cross_seed_pairs,Full181,Immunogen134,5,12,results/13_interface_analysis/formal/complex_model_summary.csv,project27-160,56;57;58;59;60;62;63;64;65;98;99;100;101;103;104;106;107;108;110;111;114;117;118;121;125;153;156;157,27;28;29;30;31;77;78;79;82;83;85;86;89;90;93;133;134;135;136;137;139;142;145;146;149;153,0.018867924528301886,0.018867924528301886,both_nonempty,0,NA,NA
Full181;Immunogen134,empty,5;13,results/full181_supplement/raw/empty/seed5/boltz_results_full_blind/predictions/full_blind/full_blind_model_0.pdb,all_cross_seed_pairs,Full181,Immunogen134,5,13,results/13_interface_analysis/formal/complex_model_summary.csv,project27-160,56;57;58;59;60;62;63;64;65;98;99;100;101;103;104;106;107;108;110;111;114;117;118;121;125;153;156;157,28;29;30;31;32;78;79;80;82;83;85;86;89;90;131;133;134;135;136;137;138;139;142;145;146;149;153,0.018518518518518517,0.018518518518518517,both_nonempty,0,NA,NA
Full181;Immunogen134,empty,5;14,results/full181_supplement/raw/empty/seed5/boltz_results_full_blind/predictions/full_blind/full_blind_model_0.pdb,all_cross_seed_pairs,Full181,Immunogen134,5,14,results/13_interface_analysis/formal/complex_model_summary.csv,project27-160,56;57;58;59;60;62;63;64;65;98;99;100;101;103;104;106;107;108;110;111;114;117;118;121;125;153;156;157,46;49;50;53;54;57;60;62;63;64;65;105;106;107;108;109;110;111;113;114;116;117;118;120;121;124;125;127;140;141;144;147;150;151;154;158,0.3333333333333333,0.3333333333333333,both_nonempty,0,NA,NA
Full181;Immunogen134,empty,5;15,results/full181_supplement/raw/empty/seed5/boltz_results_full_blind/predictions/full_blind/full_blind_model_0.pdb,all_cross_seed_pairs,Full181,Immunogen134,5,15,results/13_interface_analysis/formal/complex_model_summary.csv,project27-160,56;57;58;59;60;62;63;64;65;98;99;100;101;103;104;106;107;108;110;111;114;117;118;121;125;153;156;157,58;59;62;63;66;106;110;113;114;117;118;120;121;124;125;127;138;139;140;141;143;144;147;150;154,0.2619047619047619,0.2619047619047619,both_nonempty,0,NA,NA
Full181;Immunogen134,empty,6;1,results/full181_supplement/raw/empty/seed6/boltz_results_full_blind/predictions/full_blind/full_blind_model_0.pdb,all_cross_seed_pairs,Full181,Immunogen134,6,1,results/13_interface_analysis/formal/complex_model_summary.csv,project27-160,54;57;58;59;60;61;62;63;64;65;68;98;99;100;101;103;104;107;108;110;111;114;115;118,55;56;57;58;59;61;62;63;65;66;68;106;107;109;110;111;113;114;117;118;120;150;151;154;158,0.3611111111111111,0.3611111111111111,both_nonempty,0,NA,NA
Full181;Immunogen134,empty,6;2,results/full181_supplement/raw/empty/seed6/boltz_results_full_blind/predictions/full_blind/full_blind_model_0.pdb,all_cross_seed_pairs,Full181,Immunogen134,6,2,results/13_interface_analysis/formal/complex_model_summary.csv,project27-160,54;57;58;59;60;61;62;63;64;65;68;98;99;100;101;103;104;107;108;110;111;114;115;118,38;39;40;42;43;45;46;49;50;52;53;68;69;70;73;131;133;134;135;136;137;139;142;143;145;146;149;153;156,0.019230769230769232,0.019230769230769232,both_nonempty,0,NA,NA
Full181;Immunogen134,empty,6;3,results/full181_supplement/raw/empty/seed6/boltz_results_full_blind/predictions/full_blind/full_blind_model_0.pdb,all_cross_seed_pairs,Full181,Immunogen134,6,3,results/13_interface_analysis/formal/complex_model_summary.csv,project27-160,54;57;58;59;60;61;62;63;64;65;68;98;99;100;101;103;104;107;108;110;111;114;115;118,59;60;62;63;64;65;66;67;68;114;116;117;118;120;121;123;124;125;127;128;132;140;143;144;147;150,0.21951219512195122,0.21951219512195122,both_nonempty,0,NA,NA
Full181;Immunogen134,empty,6;4,results/full181_supplement/raw/empty/seed6/boltz_results_full_blind/predictions/full_blind/full_blind_model_0.pdb,all_cross_seed_pairs,Full181,Immunogen134,6,4,results/13_interface_analysis/formal/complex_model_summary.csv,project27-160,54;57;58;59;60;61;62;63;64;65;68;98;99;100;101;103;104;107;108;110;111;114;115;118,58;62;65;69;70;73;109;110;111;112;113;114;117;118;120;121;124;125;127;133;134;135;136;137;142;145;146;149;150;152;153;156,0.14285714285714285,0.14285714285714285,both_nonempty,0,NA,NA
Full181;Immunogen134,empty,6;5,results/full181_supplement/raw/empty/seed6/boltz_results_full_blind/predictions/full_blind/full_blind_model_0.pdb,all_cross_seed_pairs,Full181,Immunogen134,6,5,results/13_interface_analysis/formal/complex_model_summary.csv,project27-160,54;57;58;59;60;61;62;63;64;65;68;98;99;100;101;103;104;107;108;110;111;114;115;118,27;28;29;58;59;62;63;106;107;109;110;113;114;117;118;121;142;146;149;150;152;153;154;156;157;160,0.19047619047619047,0.19047619047619047,both_nonempty,0,NA,NA
Full181;Immunogen134,empty,6;6,results/full181_supplement/raw/empty/seed6/boltz_results_full_blind/predictions/full_blind/full_blind_model_0.pdb,all_cross_seed_pairs,Full181,Immunogen134,6,6,results/13_interface_analysis/formal/complex_model_summary.csv,project27-160,54;57;58;59;60;61;62;63;64;65;68;98;99;100;101;103;104;107;108;110;111;114;115;118,56;57;58;59;60;61;62;63;64;65;66;79;82;83;86;87;90;91;94;97;98;133;134;135;136;137;142;145;149;153,0.22727272727272727,0.22727272727272727,both_nonempty,0,NA,NA
Full181;Immunogen134,empty,6;7,results/full181_supplement/raw/empty/seed6/boltz_results_full_blind/predictions/full_blind/full_blind_model_0.pdb,all_cross_seed_pairs,Full181,Immunogen134,6,7,results/13_interface_analysis/formal/complex_model_summary.csv,project27-160,54;57;58;59;60;61;62;63;64;65;68;98;99;100;101;103;104;107;108;110;111;114;115;118,27;28;29;30;31;32;33;78;79;82;83;85;86;89;90;92;93;94;97;130;133;134;135;136;137;139;142;145;146;149;153,0.0,0.0,both_nonempty,0,NA,NA
Full181;Immunogen134,empty,6;8,results/full181_supplement/raw/empty/seed6/boltz_results_full_blind/predictions/full_blind/full_blind_model_0.pdb,all_cross_seed_pairs,Full181,Immunogen134,6,8,results/13_interface_analysis/formal/complex_model_summary.csv,project27-160,54;57;58;59;60;61;62;63;64;65;68;98;99;100;101;103;104;107;108;110;111;114;115;118,57;58;59;60;62;63;64;65;70;126;129;130;131;133;134;135;136;137;138;139;142;145;146;149;150;152;153;156,0.18181818181818182,0.18181818181818182,both_nonempty,0,NA,NA
Full181;Immunogen134,empty,6;9,results/full181_supplement/raw/empty/seed6/boltz_results_full_blind/predictions/full_blind/full_blind_model_0.pdb,all_cross_seed_pairs,Full181,Immunogen134,6,9,results/13_interface_analysis/formal/complex_model_summary.csv,project27-160,54;57;58;59;60;61;62;63;64;65;68;98;99;100;101;103;104;107;108;110;111;114;115;118,71;72;73;75;77;78;79;80;81;82;83;85;86;87;89;90;93;130;131;133;134;135;136;137;139;142;143;145;146;149;153,0.0,0.0,both_nonempty,0,NA,NA
Full181;Immunogen134,empty,6;10,results/full181_supplement/raw/empty/seed6/boltz_results_full_blind/predictions/full_blind/full_blind_model_0.pdb,all_cross_seed_pairs,Full181,Immunogen134,6,10,results/13_interface_analysis/formal/complex_model_summary.csv,project27-160,54;57;58;59;60;61;62;63;64;65;68;98;99;100;101;103;104;107;108;110;111;114;115;118,58;61;65;69;70;73;109;110;111;112;113;114;117;118;119;120;121;122;123;124;125;126;127;128;129;130;131;133;136;139;142;146;149;153,0.13725490196078433,0.13725490196078433,both_nonempty,0,NA,NA
Full181;Immunogen134,empty,6;11,results/full181_supplement/raw/empty/seed6/boltz_results_full_blind/predictions/full_blind/full_blind_model_0.pdb,all_cross_seed_pairs,Full181,Immunogen134,6,11,results/13_interface_analysis/formal/complex_model_summary.csv,project27-160,54;57;58;59;60;61;62;63;64;65;68;98;99;100;101;103;104;107;108;110;111;114;115;118,27;28;29;31;72;78;79;82;83;85;86;89;90;93;94;133;134;135;136;137;139;142;145;146;149,0.0,0.0,both_nonempty,0,NA,NA
Full181;Immunogen134,empty,6;12,results/full181_supplement/raw/empty/seed6/boltz_results_full_blind/predictions/full_blind/full_blind_model_0.pdb,all_cross_seed_pairs,Full181,Immunogen134,6,12,results/13_interface_analysis/formal/complex_model_summary.csv,project27-160,54;57;58;59;60;61;62;63;64;65;68;98;99;100;101;103;104;107;108;110;111;114;115;118,27;28;29;30;31;77;78;79;82;83;85;86;89;90;93;133;134;135;136;137;139;142;145;146;149;153,0.0,0.0,both_nonempty,0,NA,NA
Full181;Immunogen134,empty,6;13,results/full181_supplement/raw/empty/seed6/boltz_results_full_blind/predictions/full_blind/full_blind_model_0.pdb,all_cross_seed_pairs,Full181,Immunogen134,6,13,results/13_interface_analysis/formal/complex_model_summary.csv,project27-160,54;57;58;59;60;61;62;63;64;65;68;98;99;100;101;103;104;107;108;110;111;114;115;118,28;29;30;31;32;78;79;80;82;83;85;86;89;90;131;133;134;135;136;137;138;139;142;145;146;149;153,0.0,0.0,both_nonempty,0,NA,NA
Full181;Immunogen134,empty,6;14,results/full181_supplement/raw/empty/seed6/boltz_results_full_blind/predictions/full_blind/full_blind_model_0.pdb,all_cross_seed_pairs,Full181,Immunogen134,6,14,results/13_interface_analysis/formal/complex_model_summary.csv,project27-160,54;57;58;59;60;61;62;63;64;65;68;98;99;100;101;103;104;107;108;110;111;114;115;118,46;49;50;53;54;57;60;62;63;64;65;105;106;107;108;109;110;111;113;114;116;117;118;120;121;124;125;127;140;141;144;147;150;151;154;158,0.2765957446808511,0.2765957446808511,both_nonempty,0,NA,NA
Full181;Immunogen134,empty,6;15,results/full181_supplement/raw/empty/seed6/boltz_results_full_blind/predictions/full_blind/full_blind_model_0.pdb,all_cross_seed_pairs,Full181,Immunogen134,6,15,results/13_interface_analysis/formal/complex_model_summary.csv,project27-160,54;57;58;59;60;61;62;63;64;65;68;98;99;100;101;103;104;107;108;110;111;114;115;118,58;59;62;63;66;106;110;113;114;117;118;120;121;124;125;127;138;139;140;141;143;144;147;150;154,0.16666666666666666,0.16666666666666666,both_nonempty,0,NA,NA
Full181;Immunogen134,empty,7;1,results/full181_supplement/raw/empty/seed7/boltz_results_full_blind/predictions/full_blind/full_blind_model_0.pdb,all_cross_seed_pairs,Full181,Immunogen134,7,1,results/13_interface_analysis/formal/complex_model_summary.csv,project27-160,30;31;32;45;49;52;57;58;59;60;61;62;63;64;65;66;67;68;71;94;97;98;99;100;101;103;104;107,55;56;57;58;59;61;62;63;65;66;68;106;107;109;110;111;113;114;117;118;120;150;151;154;158,0.23255813953488372,0.23255813953488372,both_nonempty,0,NA,NA
Full181;Immunogen134,empty,7;2,results/full181_supplement/raw/empty/seed7/boltz_results_full_blind/predictions/full_blind/full_blind_model_0.pdb,all_cross_seed_pairs,Full181,Immunogen134,7,2,results/13_interface_analysis/formal/complex_model_summary.csv,project27-160,30;31;32;45;49;52;57;58;59;60;61;62;63;64;65;66;67;68;71;94;97;98;99;100;101;103;104;107,38;39;40;42;43;45;46;49;50;52;53;68;69;70;73;131;133;134;135;136;137;139;142;143;145;146;149;153;156,0.07547169811320754,0.07547169811320754,both_nonempty,0,NA,NA
Full181;Immunogen134,empty,7;3,results/full181_supplement/raw/empty/seed7/boltz_results_full_blind/predictions/full_blind/full_blind_model_0.pdb,all_cross_seed_pairs,Full181,Immunogen134,7,3,results/13_interface_analysis/formal/complex_model_summary.csv,project27-160,30;31;32;45;49;52;57;58;59;60;61;62;63;64;65;66;67;68;71;94;97;98;99;100;101;103;104;107,59;60;62;63;64;65;66;67;68;114;116;117;118;120;121;123;124;125;127;128;132;140;143;144;147;150,0.2,0.2,both_nonempty,0,NA,NA
Full181;Immunogen134,empty,7;4,results/full181_supplement/raw/empty/seed7/boltz_results_full_blind/predictions/full_blind/full_blind_model_0.pdb,all_cross_seed_pairs,Full181,Immunogen134,7,4,results/13_interface_analysis/formal/complex_model_summary.csv,project27-160,30;31;32;45;49;52;57;58;59;60;61;62;63;64;65;66;67;68;71;94;97;98;99;100;101;103;104;107,58;62;65;69;70;73;109;110;111;112;113;114;117;118;120;121;124;125;127;133;134;135;136;137;142;145;146;149;150;152;153;156,0.05263157894736842,0.05263157894736842,both_nonempty,0,NA,NA
Full181;Immunogen134,empty,7;5,results/full181_supplement/raw/empty/seed7/boltz_results_full_blind/predictions/full_blind/full_blind_model_0.pdb,all_cross_seed_pairs,Full181,Immunogen134,7,5,results/13_interface_analysis/formal/complex_model_summary.csv,project27-160,30;31;32;45;49;52;57;58;59;60;61;62;63;64;65;66;67;68;71;94;97;98;99;100;101;103;104;107,27;28;29;58;59;62;63;106;107;109;110;113;114;117;118;121;142;146;149;150;152;153;154;156;157;160,0.10204081632653061,0.10204081632653061,both_nonempty,0,NA,NA
Full181;Immunogen134,empty,7;6,results/full181_supplement/raw/empty/seed7/boltz_results_full_blind/predictions/full_blind/full_blind_model_0.pdb,all_cross_seed_pairs,Full181,Immunogen134,7,6,results/13_interface_analysis/formal/complex_model_summary.csv,project27-160,30;31;32;45;49;52;57;58;59;60;61;62;63;64;65;66;67;68;71;94;97;98;99;100;101;103;104;107,56;57;58;59;60;61;62;63;64;65;66;79;82;83;86;87;90;91;94;97;98;133;134;135;136;137;142;145;149;153,0.28888888888888886,0.28888888888888886,both_nonempty,0,NA,NA
Full181;Immunogen134,empty,7;7,results/full181_supplement/raw/empty/seed7/boltz_results_full_blind/predictions/full_blind/full_blind_model_0.pdb,all_cross_seed_pairs,Full181,Immunogen134,7,7,results/13_interface_analysis/formal/complex_model_summary.csv,project27-160,30;31;32;45;49;52;57;58;59;60;61;62;63;64;65;66;67;68;71;94;97;98;99;100;101;103;104;107,27;28;29;30;31;32;33;78;79;82;83;85;86;89;90;92;93;94;97;130;133;134;135;136;137;139;142;145;146;149;153,0.09259259259259259,0.09259259259259259,both_nonempty,0,NA,NA
Full181;Immunogen134,empty,7;8,results/full181_supplement/raw/empty/seed7/boltz_results_full_blind/predictions/full_blind/full_blind_model_0.pdb,all_cross_seed_pairs,Full181,Immunogen134,7,8,results/13_interface_analysis/formal/complex_model_summary.csv,project27-160,30;31;32;45;49;52;57;58;59;60;61;62;63;64;65;66;67;68;71;94;97;98;99;100;101;103;104;107,57;58;59;60;62;63;64;65;70;126;129;130;131;133;134;135;136;137;138;139;142;145;146;149;150;152;153;156,0.16666666666666666,0.16666666666666666,both_nonempty,0,NA,NA
Full181;Immunogen134,empty,7;9,results/full181_supplement/raw/empty/seed7/boltz_results_full_blind/predictions/full_blind/full_blind_model_0.pdb,all_cross_seed_pairs,Full181,Immunogen134,7,9,results/13_interface_analysis/formal/complex_model_summary.csv,project27-160,30;31;32;45;49;52;57;58;59;60;61;62;63;64;65;66;67;68;71;94;97;98;99;100;101;103;104;107,71;72;73;75;77;78;79;80;81;82;83;85;86;87;89;90;93;130;131;133;134;135;136;137;139;142;143;145;146;149;153,0.017241379310344827,0.017241379310344827,both_nonempty,0,NA,NA
Full181;Immunogen134,empty,7;10,results/full181_supplement/raw/empty/seed7/boltz_results_full_blind/predictions/full_blind/full_blind_model_0.pdb,all_cross_seed_pairs,Full181,Immunogen134,7,10,results/13_interface_analysis/formal/complex_model_summary.csv,project27-160,30;31;32;45;49;52;57;58;59;60;61;62;63;64;65;66;67;68;71;94;97;98;99;100;101;103;104;107,58;61;65;69;70;73;109;110;111;112;113;114;117;118;119;120;121;122;123;124;125;126;127;128;129;130;131;133;136;139;142;146;149;153,0.05084745762711865,0.05084745762711865,both_nonempty,0,NA,NA
Full181;Immunogen134,empty,7;11,results/full181_supplement/raw/empty/seed7/boltz_results_full_blind/predictions/full_blind/full_blind_model_0.pdb,all_cross_seed_pairs,Full181,Immunogen134,7,11,results/13_interface_analysis/formal/complex_model_summary.csv,project27-160,30;31;32;45;49;52;57;58;59;60;61;62;63;64;65;66;67;68;71;94;97;98;99;100;101;103;104;107,27;28;29;31;72;78;79;82;83;85;86;89;90;93;94;133;134;135;136;137;139;142;145;146;149,0.0392156862745098,0.0392156862745098,both_nonempty,0,NA,NA
Full181;Immunogen134,empty,7;12,results/full181_supplement/raw/empty/seed7/boltz_results_full_blind/predictions/full_blind/full_blind_model_0.pdb,all_cross_seed_pairs,Full181,Immunogen134,7,12,results/13_interface_analysis/formal/complex_model_summary.csv,project27-160,30;31;32;45;49;52;57;58;59;60;61;62;63;64;65;66;67;68;71;94;97;98;99;100;101;103;104;107,27;28;29;30;31;77;78;79;82;83;85;86;89;90;93;133;134;135;136;137;139;142;145;146;149;153,0.038461538461538464,0.038461538461538464,both_nonempty,0,NA,NA
Full181;Immunogen134,empty,7;13,results/full181_supplement/raw/empty/seed7/boltz_results_full_blind/predictions/full_blind/full_blind_model_0.pdb,all_cross_seed_pairs,Full181,Immunogen134,7,13,results/13_interface_analysis/formal/complex_model_summary.csv,project27-160,30;31;32;45;49;52;57;58;59;60;61;62;63;64;65;66;67;68;71;94;97;98;99;100;101;103;104;107,28;29;30;31;32;78;79;80;82;83;85;86;89;90;131;133;134;135;136;137;138;139;142;145;146;149;153,0.057692307692307696,0.057692307692307696,both_nonempty,0,NA,NA
Full181;Immunogen134,empty,7;14,results/full181_supplement/raw/empty/seed7/boltz_results_full_blind/predictions/full_blind/full_blind_model_0.pdb,all_cross_seed_pairs,Full181,Immunogen134,7,14,results/13_interface_analysis/formal/complex_model_summary.csv,project27-160,30;31;32;45;49;52;57;58;59;60;61;62;63;64;65;66;67;68;71;94;97;98;99;100;101;103;104;107,46;49;50;53;54;57;60;62;63;64;65;105;106;107;108;109;110;111;113;114;116;117;118;120;121;124;125;127;140;141;144;147;150;151;154;158,0.14285714285714285,0.14285714285714285,both_nonempty,0,NA,NA
Full181;Immunogen134,empty,7;15,results/full181_supplement/raw/empty/seed7/boltz_results_full_blind/predictions/full_blind/full_blind_model_0.pdb,all_cross_seed_pairs,Full181,Immunogen134,7,15,results/13_interface_analysis/formal/complex_model_summary.csv,project27-160,30;31;32;45;49;52;57;58;59;60;61;62;63;64;65;66;67;68;71;94;97;98;99;100;101;103;104;107,58;59;62;63;66;106;110;113;114;117;118;120;121;124;125;127;138;139;140;141;143;144;147;150;154,0.10416666666666667,0.10416666666666667,both_nonempty,0,NA,NA
Full181;Immunogen134,empty,8;1,results/full181_supplement/raw/empty/seed8/boltz_results_full_blind/predictions/full_blind/full_blind_model_0.pdb,all_cross_seed_pairs,Full181,Immunogen134,8,1,results/13_interface_analysis/formal/complex_model_summary.csv,project27-160,49;52;53;54;55;56;57;97;98;99;100;101;102;103;104;107;108;111,55;56;57;58;59;61;62;63;65;66;68;106;107;109;110;111;113;114;117;118;120;150;151;154;158,0.13157894736842105,0.13157894736842105,both_nonempty,0,NA,NA
Full181;Immunogen134,empty,8;2,results/full181_supplement/raw/empty/seed8/boltz_results_full_blind/predictions/full_blind/full_blind_model_0.pdb,all_cross_seed_pairs,Full181,Immunogen134,8,2,results/13_interface_analysis/formal/complex_model_summary.csv,project27-160,49;52;53;54;55;56;57;97;98;99;100;101;102;103;104;107;108;111,38;39;40;42;43;45;46;49;50;52;53;68;69;70;73;131;133;134;135;136;137;139;142;143;145;146;149;153;156,0.06818181818181818,0.06818181818181818,both_nonempty,0,NA,NA
Full181;Immunogen134,empty,8;3,results/full181_supplement/raw/empty/seed8/boltz_results_full_blind/predictions/full_blind/full_blind_model_0.pdb,all_cross_seed_pairs,Full181,Immunogen134,8,3,results/13_interface_analysis/formal/complex_model_summary.csv,project27-160,49;52;53;54;55;56;57;97;98;99;100;101;102;103;104;107;108;111,59;60;62;63;64;65;66;67;68;114;116;117;118;120;121;123;124;125;127;128;132;140;143;144;147;150,0.0,0.0,both_nonempty,0,NA,NA
Full181;Immunogen134,empty,8;4,results/full181_supplement/raw/empty/seed8/boltz_results_full_blind/predictions/full_blind/full_blind_model_0.pdb,all_cross_seed_pairs,Full181,Immunogen134,8,4,results/13_interface_analysis/formal/complex_model_summary.csv,project27-160,49;52;53;54;55;56;57;97;98;99;100;101;102;103;104;107;108;111,58;62;65;69;70;73;109;110;111;112;113;114;117;118;120;121;124;125;127;133;134;135;136;137;142;145;146;149;150;152;153;156,0.02040816326530612,0.02040816326530612,both_nonempty,0,NA,NA
Full181;Immunogen134,empty,8;5,results/full181_supplement/raw/empty/seed8/boltz_results_full_blind/predictions/full_blind/full_blind_model_0.pdb,all_cross_seed_pairs,Full181,Immunogen134,8,5,results/13_interface_analysis/formal/complex_model_summary.csv,project27-160,49;52;53;54;55;56;57;97;98;99;100;101;102;103;104;107;108;111,27;28;29;58;59;62;63;106;107;109;110;113;114;117;118;121;142;146;149;150;152;153;154;156;157;160,0.023255813953488372,0.023255813953488372,both_nonempty,0,NA,NA
Full181;Immunogen134,empty,8;6,results/full181_supplement/raw/empty/seed8/boltz_results_full_blind/predictions/full_blind/full_blind_model_0.pdb,all_cross_seed_pairs,Full181,Immunogen134,8,6,results/13_interface_analysis/formal/complex_model_summary.csv,project27-160,49;52;53;54;55;56;57;97;98;99;100;101;102;103;104;107;108;111,56;57;58;59;60;61;62;63;64;65;66;79;82;83;86;87;90;91;94;97;98;133;134;135;136;137;142;145;149;153,0.09090909090909091,0.09090909090909091,both_nonempty,0,NA,NA
Full181;Immunogen134,empty,8;7,results/full181_supplement/raw/empty/seed8/boltz_results_full_blind/predictions/full_blind/full_blind_model_0.pdb,all_cross_seed_pairs,Full181,Immunogen134,8,7,results/13_interface_analysis/formal/complex_model_summary.csv,project27-160,49;52;53;54;55;56;57;97;98;99;100;101;102;103;104;107;108;111,27;28;29;30;31;32;33;78;79;82;83;85;86;89;90;92;93;94;97;130;133;134;135;136;137;139;142;145;146;149;153,0.020833333333333332,0.020833333333333332,both_nonempty,0,NA,NA
Full181;Immunogen134,empty,8;8,results/full181_supplement/raw/empty/seed8/boltz_results_full_blind/predictions/full_blind/full_blind_model_0.pdb,all_cross_seed_pairs,Full181,Immunogen134,8,8,results/13_interface_analysis/formal/complex_model_summary.csv,project27-160,49;52;53;54;55;56;57;97;98;99;100;101;102;103;104;107;108;111,57;58;59;60;62;63;64;65;70;126;129;130;131;133;134;135;136;137;138;139;142;145;146;149;150;152;153;156,0.022222222222222223,0.022222222222222223,both_nonempty,0,NA,NA
Full181;Immunogen134,empty,8;9,results/full181_supplement/raw/empty/seed8/boltz_results_full_blind/predictions/full_blind/full_blind_model_0.pdb,all_cross_seed_pairs,Full181,Immunogen134,8,9,results/13_interface_analysis/formal/complex_model_summary.csv,project27-160,49;52;53;54;55;56;57;97;98;99;100;101;102;103;104;107;108;111,71;72;73;75;77;78;79;80;81;82;83;85;86;87;89;90;93;130;131;133;134;135;136;137;139;142;143;145;146;149;153,0.0,0.0,both_nonempty,0,NA,NA
Full181;Immunogen134,empty,8;10,results/full181_supplement/raw/empty/seed8/boltz_results_full_blind/predictions/full_blind/full_blind_model_0.pdb,all_cross_seed_pairs,Full181,Immunogen134,8,10,results/13_interface_analysis/formal/complex_model_summary.csv,project27-160,49;52;53;54;55;56;57;97;98;99;100;101;102;103;104;107;108;111,58;61;65;69;70;73;109;110;111;112;113;114;117;118;119;120;121;122;123;124;125;126;127;128;129;130;131;133;136;139;142;146;149;153,0.0196078431372549,0.0196078431372549,both_nonempty,0,NA,NA
Full181;Immunogen134,empty,8;11,results/full181_supplement/raw/empty/seed8/boltz_results_full_blind/predictions/full_blind/full_blind_model_0.pdb,all_cross_seed_pairs,Full181,Immunogen134,8,11,results/13_interface_analysis/formal/complex_model_summary.csv,project27-160,49;52;53;54;55;56;57;97;98;99;100;101;102;103;104;107;108;111,27;28;29;31;72;78;79;82;83;85;86;89;90;93;94;133;134;135;136;137;139;142;145;146;149,0.0,0.0,both_nonempty,0,NA,NA
Full181;Immunogen134,empty,8;12,results/full181_supplement/raw/empty/seed8/boltz_results_full_blind/predictions/full_blind/full_blind_model_0.pdb,all_cross_seed_pairs,Full181,Immunogen134,8,12,results/13_interface_analysis/formal/complex_model_summary.csv,project27-160,49;52;53;54;55;56;57;97;98;99;100;101;102;103;104;107;108;111,27;28;29;30;31;77;78;79;82;83;85;86;89;90;93;133;134;135;136;137;139;142;145;146;149;153,0.0,0.0,both_nonempty,0,NA,NA
Full181;Immunogen134,empty,8;13,results/full181_supplement/raw/empty/seed8/boltz_results_full_blind/predictions/full_blind/full_blind_model_0.pdb,all_cross_seed_pairs,Full181,Immunogen134,8,13,results/13_interface_analysis/formal/complex_model_summary.csv,project27-160,49;52;53;54;55;56;57;97;98;99;100;101;102;103;104;107;108;111,28;29;30;31;32;78;79;80;82;83;85;86;89;90;131;133;134;135;136;137;138;139;142;145;146;149;153,0.0,0.0,both_nonempty,0,NA,NA
Full181;Immunogen134,empty,8;14,results/full181_supplement/raw/empty/seed8/boltz_results_full_blind/predictions/full_blind/full_blind_model_0.pdb,all_cross_seed_pairs,Full181,Immunogen134,8,14,results/13_interface_analysis/formal/complex_model_summary.csv,project27-160,49;52;53;54;55;56;57;97;98;99;100;101;102;103;104;107;108;111,46;49;50;53;54;57;60;62;63;64;65;105;106;107;108;109;110;111;113;114;116;117;118;120;121;124;125;127;140;141;144;147;150;151;154;158,0.14893617021276595,0.14893617021276595,both_nonempty,0,NA,NA
Full181;Immunogen134,empty,8;15,results/full181_supplement/raw/empty/seed8/boltz_results_full_blind/predictions/full_blind/full_blind_model_0.pdb,all_cross_seed_pairs,Full181,Immunogen134,8,15,results/13_interface_analysis/formal/complex_model_summary.csv,project27-160,49;52;53;54;55;56;57;97;98;99;100;101;102;103;104;107;108;111,58;59;62;63;66;106;110;113;114;117;118;120;121;124;125;127;138;139;140;141;143;144;147;150;154,0.0,0.0,both_nonempty,0,NA,NA
Full181;Immunogen134,empty,9;1,results/full181_supplement/raw/empty/seed9/boltz_results_full_blind/predictions/full_blind/full_blind_model_0.pdb,all_cross_seed_pairs,Full181,Immunogen134,9,1,results/13_interface_analysis/formal/complex_model_summary.csv,project27-160,57;58;59;60;61;62;63;65;66;91;98;99;100;101;104;107;108;110;111;114;115;117;118,55;56;57;58;59;61;62;63;65;66;68;106;107;109;110;111;113;114;117;118;120;150;151;154;158,0.4117647058823529,0.4117647058823529,both_nonempty,0,NA,NA
Full181;Immunogen134,empty,9;2,results/full181_supplement/raw/empty/seed9/boltz_results_full_blind/predictions/full_blind/full_blind_model_0.pdb,all_cross_seed_pairs,Full181,Immunogen134,9,2,results/13_interface_analysis/formal/complex_model_summary.csv,project27-160,57;58;59;60;61;62;63;65;66;91;98;99;100;101;104;107;108;110;111;114;115;117;118,38;39;40;42;43;45;46;49;50;52;53;68;69;70;73;131;133;134;135;136;137;139;142;143;145;146;149;153;156,0.0,0.0,both_nonempty,0,NA,NA
Full181;Immunogen134,empty,9;3,results/full181_supplement/raw/empty/seed9/boltz_results_full_blind/predictions/full_blind/full_blind_model_0.pdb,all_cross_seed_pairs,Full181,Immunogen134,9,3,results/13_interface_analysis/formal/complex_model_summary.csv,project27-160,57;58;59;60;61;62;63;65;66;91;98;99;100;101;104;107;108;110;111;114;115;117;118,59;60;62;63;64;65;66;67;68;114;116;117;118;120;121;123;124;125;127;128;132;140;143;144;147;150,0.225,0.225,both_nonempty,0,NA,NA
Full181;Immunogen134,empty,9;4,results/full181_supplement/raw/empty/seed9/boltz_results_full_blind/predictions/full_blind/full_blind_model_0.pdb,all_cross_seed_pairs,Full181,Immunogen134,9,4,results/13_interface_analysis/formal/complex_model_summary.csv,project27-160,57;58;59;60;61;62;63;65;66;91;98;99;100;101;104;107;108;110;111;114;115;117;118,58;62;65;69;70;73;109;110;111;112;113;114;117;118;120;121;124;125;127;133;134;135;136;137;142;145;146;149;150;152;153;156,0.1702127659574468,0.1702127659574468,both_nonempty,0,NA,NA
Full181;Immunogen134,empty,9;5,results/full181_supplement/raw/empty/seed9/boltz_results_full_blind/predictions/full_blind/full_blind_model_0.pdb,all_cross_seed_pairs,Full181,Immunogen134,9,5,results/13_interface_analysis/formal/complex_model_summary.csv,project27-160,57;58;59;60;61;62;63;65;66;91;98;99;100;101;104;107;108;110;111;114;115;117;118,27;28;29;58;59;62;63;106;107;109;110;113;114;117;118;121;142;146;149;150;152;153;154;156;157;160,0.225,0.225,both_nonempty,0,NA,NA
Full181;Immunogen134,empty,9;6,results/full181_supplement/raw/empty/seed9/boltz_results_full_blind/predictions/full_blind/full_blind_model_0.pdb,all_cross_seed_pairs,Full181,Immunogen134,9,6,results/13_interface_analysis/formal/complex_model_summary.csv,project27-160,57;58;59;60;61;62;63;65;66;91;98;99;100;101;104;107;108;110;111;114;115;117;118,56;57;58;59;60;61;62;63;64;65;66;79;82;83;86;87;90;91;94;97;98;133;134;135;136;137;142;145;149;153,0.2619047619047619,0.2619047619047619,both_nonempty,0,NA,NA
Full181;Immunogen134,empty,9;7,results/full181_supplement/raw/empty/seed9/boltz_results_full_blind/predictions/full_blind/full_blind_model_0.pdb,all_cross_seed_pairs,Full181,Immunogen134,9,7,results/13_interface_analysis/formal/complex_model_summary.csv,project27-160,57;58;59;60;61;62;63;65;66;91;98;99;100;101;104;107;108;110;111;114;115;117;118,27;28;29;30;31;32;33;78;79;82;83;85;86;89;90;92;93;94;97;130;133;134;135;136;137;139;142;145;146;149;153,0.0,0.0,both_nonempty,0,NA,NA
Full181;Immunogen134,empty,9;8,results/full181_supplement/raw/empty/seed9/boltz_results_full_blind/predictions/full_blind/full_blind_model_0.pdb,all_cross_seed_pairs,Full181,Immunogen134,9,8,results/13_interface_analysis/formal/complex_model_summary.csv,project27-160,57;58;59;60;61;62;63;65;66;91;98;99;100;101;104;107;108;110;111;114;115;117;118,57;58;59;60;62;63;64;65;70;126;129;130;131;133;134;135;136;137;138;139;142;145;146;149;150;152;153;156,0.1590909090909091,0.1590909090909091,both_nonempty,0,NA,NA
Full181;Immunogen134,empty,9;9,results/full181_supplement/raw/empty/seed9/boltz_results_full_blind/predictions/full_blind/full_blind_model_0.pdb,all_cross_seed_pairs,Full181,Immunogen134,9,9,results/13_interface_analysis/formal/complex_model_summary.csv,project27-160,57;58;59;60;61;62;63;65;66;91;98;99;100;101;104;107;108;110;111;114;115;117;118,71;72;73;75;77;78;79;80;81;82;83;85;86;87;89;90;93;130;131;133;134;135;136;137;139;142;143;145;146;149;153,0.0,0.0,both_nonempty,0,NA,NA
Full181;Immunogen134,empty,9;10,results/full181_supplement/raw/empty/seed9/boltz_results_full_blind/predictions/full_blind/full_blind_model_0.pdb,all_cross_seed_pairs,Full181,Immunogen134,9,10,results/13_interface_analysis/formal/complex_model_summary.csv,project27-160,57;58;59;60;61;62;63;65;66;91;98;99;100;101;104;107;108;110;111;114;115;117;118,58;61;65;69;70;73;109;110;111;112;113;114;117;118;119;120;121;122;123;124;125;126;127;128;129;130;131;133;136;139;142;146;149;153,0.16326530612244897,0.16326530612244897,both_nonempty,0,NA,NA
Full181;Immunogen134,empty,9;11,results/full181_supplement/raw/empty/seed9/boltz_results_full_blind/predictions/full_blind/full_blind_model_0.pdb,all_cross_seed_pairs,Full181,Immunogen134,9,11,results/13_interface_analysis/formal/complex_model_summary.csv,project27-160,57;58;59;60;61;62;63;65;66;91;98;99;100;101;104;107;108;110;111;114;115;117;118,27;28;29;31;72;78;79;82;83;85;86;89;90;93;94;133;134;135;136;137;139;142;145;146;149,0.0,0.0,both_nonempty,0,NA,NA
Full181;Immunogen134,empty,9;12,results/full181_supplement/raw/empty/seed9/boltz_results_full_blind/predictions/full_blind/full_blind_model_0.pdb,all_cross_seed_pairs,Full181,Immunogen134,9,12,results/13_interface_analysis/formal/complex_model_summary.csv,project27-160,57;58;59;60;61;62;63;65;66;91;98;99;100;101;104;107;108;110;111;114;115;117;118,27;28;29;30;31;77;78;79;82;83;85;86;89;90;93;133;134;135;136;137;139;142;145;146;149;153,0.0,0.0,both_nonempty,0,NA,NA
Full181;Immunogen134,empty,9;13,results/full181_supplement/raw/empty/seed9/boltz_results_full_blind/predictions/full_blind/full_blind_model_0.pdb,all_cross_seed_pairs,Full181,Immunogen134,9,13,results/13_interface_analysis/formal/complex_model_summary.csv,project27-160,57;58;59;60;61;62;63;65;66;91;98;99;100;101;104;107;108;110;111;114;115;117;118,28;29;30;31;32;78;79;80;82;83;85;86;89;90;131;133;134;135;136;137;138;139;142;145;146;149;153,0.0,0.0,both_nonempty,0,NA,NA
Full181;Immunogen134,empty,9;14,results/full181_supplement/raw/empty/seed9/boltz_results_full_blind/predictions/full_blind/full_blind_model_0.pdb,all_cross_seed_pairs,Full181,Immunogen134,9,14,results/13_interface_analysis/formal/complex_model_summary.csv,project27-160,57;58;59;60;61;62;63;65;66;91;98;99;100;101;104;107;108;110;111;114;115;117;118,46;49;50;53;54;57;60;62;63;64;65;105;106;107;108;109;110;111;113;114;116;117;118;120;121;124;125;127;140;141;144;147;150;151;154;158,0.2553191489361702,0.2553191489361702,both_nonempty,0,NA,NA
Full181;Immunogen134,empty,9;15,results/full181_supplement/raw/empty/seed9/boltz_results_full_blind/predictions/full_blind/full_blind_model_0.pdb,all_cross_seed_pairs,Full181,Immunogen134,9,15,results/13_interface_analysis/formal/complex_model_summary.csv,project27-160,57;58;59;60;61;62;63;65;66;91;98;99;100;101;104;107;108;110;111;114;115;117;118,58;59;62;63;66;106;110;113;114;117;118;120;121;124;125;127;138;139;140;141;143;144;147;150;154,0.23076923076923078,0.23076923076923078,both_nonempty,0,NA,NA
Full181;Immunogen134,empty,10;1,results/full181_supplement/raw/empty/seed10/boltz_results_full_blind/predictions/full_blind/full_blind_model_0.pdb,all_cross_seed_pairs,Full181,Immunogen134,10,1,results/13_interface_analysis/formal/complex_model_summary.csv,project27-160,58;59;60;61;62;63;64;65;68;101;103;104;106;107;110;111;114;115;118;122,55;56;57;58;59;61;62;63;65;66;68;106;107;109;110;111;113;114;117;118;120;150;151;154;158,0.40625,0.40625,both_nonempty,0,NA,NA
Full181;Immunogen134,empty,10;2,results/full181_supplement/raw/empty/seed10/boltz_results_full_blind/predictions/full_blind/full_blind_model_0.pdb,all_cross_seed_pairs,Full181,Immunogen134,10,2,results/13_interface_analysis/formal/complex_model_summary.csv,project27-160,58;59;60;61;62;63;64;65;68;101;103;104;106;107;110;111;114;115;118;122,38;39;40;42;43;45;46;49;50;52;53;68;69;70;73;131;133;134;135;136;137;139;142;143;145;146;149;153;156,0.020833333333333332,0.020833333333333332,both_nonempty,0,NA,NA
Full181;Immunogen134,empty,10;3,results/full181_supplement/raw/empty/seed10/boltz_results_full_blind/predictions/full_blind/full_blind_model_0.pdb,all_cross_seed_pairs,Full181,Immunogen134,10,3,results/13_interface_analysis/formal/complex_model_summary.csv,project27-160,58;59;60;61;62;63;64;65;68;101;103;104;106;107;110;111;114;115;118;122,59;60;62;63;64;65;66;67;68;114;116;117;118;120;121;123;124;125;127;128;132;140;143;144;147;150,0.24324324324324326,0.24324324324324326,both_nonempty,0,NA,NA
Full181;Immunogen134,empty,10;4,results/full181_supplement/raw/empty/seed10/boltz_results_full_blind/predictions/full_blind/full_blind_model_0.pdb,all_cross_seed_pairs,Full181,Immunogen134,10,4,results/13_interface_analysis/formal/complex_model_summary.csv,project27-160,58;59;60;61;62;63;64;65;68;101;103;104;106;107;110;111;114;115;118;122,58;62;65;69;70;73;109;110;111;112;113;114;117;118;120;121;124;125;127;133;134;135;136;137;142;145;146;149;150;152;153;156,0.15555555555555556,0.15555555555555556,both_nonempty,0,NA,NA
Full181;Immunogen134,empty,10;5,results/full181_supplement/raw/empty/seed10/boltz_results_full_blind/predictions/full_blind/full_blind_model_0.pdb,all_cross_seed_pairs,Full181,Immunogen134,10,5,results/13_interface_analysis/formal/complex_model_summary.csv,project27-160,58;59;60;61;62;63;64;65;68;101;103;104;106;107;110;111;114;115;118;122,27;28;29;58;59;62;63;106;107;109;110;113;114;117;118;121;142;146;149;150;152;153;154;156;157;160,0.24324324324324326,0.24324324324324326,both_nonempty,0,NA,NA
Full181;Immunogen134,empty,10;6,results/full181_supplement/raw/empty/seed10/boltz_results_full_blind/predictions/full_blind/full_blind_model_0.pdb,all_cross_seed_pairs,Full181,Immunogen134,10,6,results/13_interface_analysis/formal/complex_model_summary.csv,project27-160,58;59;60;61;62;63;64;65;68;101;103;104;106;107;110;111;114;115;118;122,56;57;58;59;60;61;62;63;64;65;66;79;82;83;86;87;90;91;94;97;98;133;134;135;136;137;142;145;149;153,0.19047619047619047,0.19047619047619047,both_nonempty,0,NA,NA
Full181;Immunogen134,empty,10;7,results/full181_supplement/raw/empty/seed10/boltz_results_full_blind/predictions/full_blind/full_blind_model_0.pdb,all_cross_seed_pairs,Full181,Immunogen134,10,7,results/13_interface_analysis/formal/complex_model_summary.csv,project27-160,58;59;60;61;62;63;64;65;68;101;103;104;106;107;110;111;114;115;118;122,27;28;29;30;31;32;33;78;79;82;83;85;86;89;90;92;93;94;97;130;133;134;135;136;137;139;142;145;146;149;153,0.0,0.0,both_nonempty,0,NA,NA
Full181;Immunogen134,empty,10;8,results/full181_supplement/raw/empty/seed10/boltz_results_full_blind/predictions/full_blind/full_blind_model_0.pdb,all_cross_seed_pairs,Full181,Immunogen134,10,8,results/13_interface_analysis/formal/complex_model_summary.csv,project27-160,58;59;60;61;62;63;64;65;68;101;103;104;106;107;110;111;114;115;118;122,57;58;59;60;62;63;64;65;70;126;129;130;131;133;134;135;136;137;138;139;142;145;146;149;150;152;153;156,0.17073170731707318,0.17073170731707318,both_nonempty,0,NA,NA
Full181;Immunogen134,empty,10;9,results/full181_supplement/raw/empty/seed10/boltz_results_full_blind/predictions/full_blind/full_blind_model_0.pdb,all_cross_seed_pairs,Full181,Immunogen134,10,9,results/13_interface_analysis/formal/complex_model_summary.csv,project27-160,58;59;60;61;62;63;64;65;68;101;103;104;106;107;110;111;114;115;118;122,71;72;73;75;77;78;79;80;81;82;83;85;86;87;89;90;93;130;131;133;134;135;136;137;139;142;143;145;146;149;153,0.0,0.0,both_nonempty,0,NA,NA
Full181;Immunogen134,empty,10;10,results/full181_supplement/raw/empty/seed10/boltz_results_full_blind/predictions/full_blind/full_blind_model_0.pdb,all_cross_seed_pairs,Full181,Immunogen134,10,10,results/13_interface_analysis/formal/complex_model_summary.csv,project27-160,58;59;60;61;62;63;64;65;68;101;103;104;106;107;110;111;114;115;118;122,58;61;65;69;70;73;109;110;111;112;113;114;117;118;119;120;121;122;123;124;125;126;127;128;129;130;131;133;136;139;142;146;149;153,0.17391304347826086,0.17391304347826086,both_nonempty,0,NA,NA
Full181;Immunogen134,empty,10;11,results/full181_supplement/raw/empty/seed10/boltz_results_full_blind/predictions/full_blind/full_blind_model_0.pdb,all_cross_seed_pairs,Full181,Immunogen134,10,11,results/13_interface_analysis/formal/complex_model_summary.csv,project27-160,58;59;60;61;62;63;64;65;68;101;103;104;106;107;110;111;114;115;118;122,27;28;29;31;72;78;79;82;83;85;86;89;90;93;94;133;134;135;136;137;139;142;145;146;149,0.0,0.0,both_nonempty,0,NA,NA
Full181;Immunogen134,empty,10;12,results/full181_supplement/raw/empty/seed10/boltz_results_full_blind/predictions/full_blind/full_blind_model_0.pdb,all_cross_seed_pairs,Full181,Immunogen134,10,12,results/13_interface_analysis/formal/complex_model_summary.csv,project27-160,58;59;60;61;62;63;64;65;68;101;103;104;106;107;110;111;114;115;118;122,27;28;29;30;31;77;78;79;82;83;85;86;89;90;93;133;134;135;136;137;139;142;145;146;149;153,0.0,0.0,both_nonempty,0,NA,NA
Full181;Immunogen134,empty,10;13,results/full181_supplement/raw/empty/seed10/boltz_results_full_blind/predictions/full_blind/full_blind_model_0.pdb,all_cross_seed_pairs,Full181,Immunogen134,10,13,results/13_interface_analysis/formal/complex_model_summary.csv,project27-160,58;59;60;61;62;63;64;65;68;101;103;104;106;107;110;111;114;115;118;122,28;29;30;31;32;78;79;80;82;83;85;86;89;90;131;133;134;135;136;137;138;139;142;145;146;149;153,0.0,0.0,both_nonempty,0,NA,NA
Full181;Immunogen134,empty,10;14,results/full181_supplement/raw/empty/seed10/boltz_results_full_blind/predictions/full_blind/full_blind_model_0.pdb,all_cross_seed_pairs,Full181,Immunogen134,10,14,results/13_interface_analysis/formal/complex_model_summary.csv,project27-160,58;59;60;61;62;63;64;65;68;101;103;104;106;107;110;111;114;115;118;122,46;49;50;53;54;57;60;62;63;64;65;105;106;107;108;109;110;111;113;114;116;117;118;120;121;124;125;127;140;141;144;147;150;151;154;158,0.24444444444444444,0.24444444444444444,both_nonempty,0,NA,NA
Full181;Immunogen134,empty,10;15,results/full181_supplement/raw/empty/seed10/boltz_results_full_blind/predictions/full_blind/full_blind_model_0.pdb,all_cross_seed_pairs,Full181,Immunogen134,10,15,results/13_interface_analysis/formal/complex_model_summary.csv,project27-160,58;59;60;61;62;63;64;65;68;101;103;104;106;107;110;111;114;115;118;122,58;59;62;63;66;106;110;113;114;117;118;120;121;124;125;127;138;139;140;141;143;144;147;150;154,0.21621621621621623,0.21621621621621623,both_nonempty,0,NA,NA
Full181;Immunogen134,empty,11;1,results/full181_supplement/raw/empty/seed11/boltz_results_full_blind/predictions/full_blind/full_blind_model_0.pdb,all_cross_seed_pairs,Full181,Immunogen134,11,1,results/13_interface_analysis/formal/complex_model_summary.csv,project27-160,57;58;59;60;62;63;64;65;66;103;106;107;108;110;111;113;114;117;118;121;125;149;153;156;160,55;56;57;58;59;61;62;63;65;66;68;106;107;109;110;111;113;114;117;118;120;150;151;154;158,0.42857142857142855,0.42857142857142855,both_nonempty,0,NA,NA
Full181;Immunogen134,empty,11;2,results/full181_supplement/raw/empty/seed11/boltz_results_full_blind/predictions/full_blind/full_blind_model_0.pdb,all_cross_seed_pairs,Full181,Immunogen134,11,2,results/13_interface_analysis/formal/complex_model_summary.csv,project27-160,57;58;59;60;62;63;64;65;66;103;106;107;108;110;111;113;114;117;118;121;125;149;153;156;160,38;39;40;42;43;45;46;49;50;52;53;68;69;70;73;131;133;134;135;136;137;139;142;143;145;146;149;153;156,0.058823529411764705,0.058823529411764705,both_nonempty,0,NA,NA
Full181;Immunogen134,empty,11;3,results/full181_supplement/raw/empty/seed11/boltz_results_full_blind/predictions/full_blind/full_blind_model_0.pdb,all_cross_seed_pairs,Full181,Immunogen134,11,3,results/13_interface_analysis/formal/complex_model_summary.csv,project27-160,57;58;59;60;62;63;64;65;66;103;106;107;108;110;111;113;114;117;118;121;125;149;153;156;160,59;60;62;63;64;65;66;67;68;114;116;117;118;120;121;123;124;125;127;128;132;140;143;144;147;150,0.3076923076923077,0.3076923076923077,both_nonempty,0,NA,NA
Full181;Immunogen134,empty,11;4,results/full181_supplement/raw/empty/seed11/boltz_results_full_blind/predictions/full_blind/full_blind_model_0.pdb,all_cross_seed_pairs,Full181,Immunogen134,11,4,results/13_interface_analysis/formal/complex_model_summary.csv,project27-160,57;58;59;60;62;63;64;65;66;103;106;107;108;110;111;113;114;117;118;121;125;149;153;156;160,58;62;65;69;70;73;109;110;111;112;113;114;117;118;120;121;124;125;127;133;134;135;136;137;142;145;146;149;150;152;153;156,0.32558139534883723,0.32558139534883723,both_nonempty,0,NA,NA
Full181;Immunogen134,empty,11;5,results/full181_supplement/raw/empty/seed11/boltz_results_full_blind/predictions/full_blind/full_blind_model_0.pdb,all_cross_seed_pairs,Full181,Immunogen134,11,5,results/13_interface_analysis/formal/complex_model_summary.csv,project27-160,57;58;59;60;62;63;64;65;66;103;106;107;108;110;111;113;114;117;118;121;125;149;153;156;160,27;28;29;58;59;62;63;106;107;109;110;113;114;117;118;121;142;146;149;150;152;153;154;156;157;160,0.45714285714285713,0.45714285714285713,both_nonempty,0,NA,NA
Full181;Immunogen134,empty,11;6,results/full181_supplement/raw/empty/seed11/boltz_results_full_blind/predictions/full_blind/full_blind_model_0.pdb,all_cross_seed_pairs,Full181,Immunogen134,11,6,results/13_interface_analysis/formal/complex_model_summary.csv,project27-160,57;58;59;60;62;63;64;65;66;103;106;107;108;110;111;113;114;117;118;121;125;149;153;156;160,56;57;58;59;60;61;62;63;64;65;66;79;82;83;86;87;90;91;94;97;98;133;134;135;136;137;142;145;149;153,0.25,0.25,both_nonempty,0,NA,NA
Full181;Immunogen134,empty,11;7,results/full181_supplement/raw/empty/seed11/boltz_results_full_blind/predictions/full_blind/full_blind_model_0.pdb,all_cross_seed_pairs,Full181,Immunogen134,11,7,results/13_interface_analysis/formal/complex_model_summary.csv,project27-160,57;58;59;60;62;63;64;65;66;103;106;107;108;110;111;113;114;117;118;121;125;149;153;156;160,27;28;29;30;31;32;33;78;79;82;83;85;86;89;90;92;93;94;97;130;133;134;135;136;137;139;142;145;146;149;153,0.037037037037037035,0.037037037037037035,both_nonempty,0,NA,NA
Full181;Immunogen134,empty,11;8,results/full181_supplement/raw/empty/seed11/boltz_results_full_blind/predictions/full_blind/full_blind_model_0.pdb,all_cross_seed_pairs,Full181,Immunogen134,11,8,results/13_interface_analysis/formal/complex_model_summary.csv,project27-160,57;58;59;60;62;63;64;65;66;103;106;107;108;110;111;113;114;117;118;121;125;149;153;156;160,57;58;59;60;62;63;64;65;70;126;129;130;131;133;134;135;136;137;138;139;142;145;146;149;150;152;153;156,0.2619047619047619,0.2619047619047619,both_nonempty,0,NA,NA
Full181;Immunogen134,empty,11;9,results/full181_supplement/raw/empty/seed11/boltz_results_full_blind/predictions/full_blind/full_blind_model_0.pdb,all_cross_seed_pairs,Full181,Immunogen134,11,9,results/13_interface_analysis/formal/complex_model_summary.csv,project27-160,57;58;59;60;62;63;64;65;66;103;106;107;108;110;111;113;114;117;118;121;125;149;153;156;160,71;72;73;75;77;78;79;80;81;82;83;85;86;87;89;90;93;130;131;133;134;135;136;137;139;142;143;145;146;149;153,0.037037037037037035,0.037037037037037035,both_nonempty,0,NA,NA
Full181;Immunogen134,empty,11;10,results/full181_supplement/raw/empty/seed11/boltz_results_full_blind/predictions/full_blind/full_blind_model_0.pdb,all_cross_seed_pairs,Full181,Immunogen134,11,10,results/13_interface_analysis/formal/complex_model_summary.csv,project27-160,57;58;59;60;62;63;64;65;66;103;106;107;108;110;111;113;114;117;118;121;125;149;153;156;160,58;61;65;69;70;73;109;110;111;112;113;114;117;118;119;120;121;122;123;124;125;126;127;128;129;130;131;133;136;139;142;146;149;153,0.2553191489361702,0.2553191489361702,both_nonempty,0,NA,NA
Full181;Immunogen134,empty,11;11,results/full181_supplement/raw/empty/seed11/boltz_results_full_blind/predictions/full_blind/full_blind_model_0.pdb,all_cross_seed_pairs,Full181,Immunogen134,11,11,results/13_interface_analysis/formal/complex_model_summary.csv,project27-160,57;58;59;60;62;63;64;65;66;103;106;107;108;110;111;113;114;117;118;121;125;149;153;156;160,27;28;29;31;72;78;79;82;83;85;86;89;90;93;94;133;134;135;136;137;139;142;145;146;149,0.02040816326530612,0.02040816326530612,both_nonempty,0,NA,NA
Full181;Immunogen134,empty,11;12,results/full181_supplement/raw/empty/seed11/boltz_results_full_blind/predictions/full_blind/full_blind_model_0.pdb,all_cross_seed_pairs,Full181,Immunogen134,11,12,results/13_interface_analysis/formal/complex_model_summary.csv,project27-160,57;58;59;60;62;63;64;65;66;103;106;107;108;110;111;113;114;117;118;121;125;149;153;156;160,27;28;29;30;31;77;78;79;82;83;85;86;89;90;93;133;134;135;136;137;139;142;145;146;149;153,0.04081632653061224,0.04081632653061224,both_nonempty,0,NA,NA
Full181;Immunogen134,empty,11;13,results/full181_supplement/raw/empty/seed11/boltz_results_full_blind/predictions/full_blind/full_blind_model_0.pdb,all_cross_seed_pairs,Full181,Immunogen134,11,13,results/13_interface_analysis/formal/complex_model_summary.csv,project27-160,57;58;59;60;62;63;64;65;66;103;106;107;108;110;111;113;114;117;118;121;125;149;153;156;160,28;29;30;31;32;78;79;80;82;83;85;86;89;90;131;133;134;135;136;137;138;139;142;145;146;149;153,0.04,0.04,both_nonempty,0,NA,NA
Full181;Immunogen134,empty,11;14,results/full181_supplement/raw/empty/seed11/boltz_results_full_blind/predictions/full_blind/full_blind_model_0.pdb,all_cross_seed_pairs,Full181,Immunogen134,11,14,results/13_interface_analysis/formal/complex_model_summary.csv,project27-160,57;58;59;60;62;63;64;65;66;103;106;107;108;110;111;113;114;117;118;121;125;149;153;156;160,46;49;50;53;54;57;60;62;63;64;65;105;106;107;108;109;110;111;113;114;116;117;118;120;121;124;125;127;140;141;144;147;150;151;154;158,0.38636363636363635,0.38636363636363635,both_nonempty,0,NA,NA
Full181;Immunogen134,empty,11;15,results/full181_supplement/raw/empty/seed11/boltz_results_full_blind/predictions/full_blind/full_blind_model_0.pdb,all_cross_seed_pairs,Full181,Immunogen134,11,15,results/13_interface_analysis/formal/complex_model_summary.csv,project27-160,57;58;59;60;62;63;64;65;66;103;106;107;108;110;111;113;114;117;118;121;125;149;153;156;160,58;59;62;63;66;106;110;113;114;117;118;120;121;124;125;127;138;139;140;141;143;144;147;150;154,0.35135135135135137,0.35135135135135137,both_nonempty,0,NA,NA
Full181;Immunogen134,empty,12;1,results/full181_supplement/raw/empty/seed12/boltz_results_full_blind/predictions/full_blind/full_blind_model_0.pdb,all_cross_seed_pairs,Full181,Immunogen134,12,1,results/13_interface_analysis/formal/complex_model_summary.csv,project27-160,56;57;58;59;62;63;98;99;100;101;102;103;104;106;107;108;110,55;56;57;58;59;61;62;63;65;66;68;106;107;109;110;111;113;114;117;118;120;150;151;154;158,0.2727272727272727,0.2727272727272727,both_nonempty,0,NA,NA
Full181;Immunogen134,empty,12;2,results/full181_supplement/raw/empty/seed12/boltz_results_full_blind/predictions/full_blind/full_blind_model_0.pdb,all_cross_seed_pairs,Full181,Immunogen134,12,2,results/13_interface_analysis/formal/complex_model_summary.csv,project27-160,56;57;58;59;62;63;98;99;100;101;102;103;104;106;107;108;110,38;39;40;42;43;45;46;49;50;52;53;68;69;70;73;131;133;134;135;136;137;139;142;143;145;146;149;153;156,0.0,0.0,both_nonempty,0,NA,NA
Full181;Immunogen134,empty,12;3,results/full181_supplement/raw/empty/seed12/boltz_results_full_blind/predictions/full_blind/full_blind_model_0.pdb,all_cross_seed_pairs,Full181,Immunogen134,12,3,results/13_interface_analysis/formal/complex_model_summary.csv,project27-160,56;57;58;59;62;63;98;99;100;101;102;103;104;106;107;108;110,59;60;62;63;64;65;66;67;68;114;116;117;118;120;121;123;124;125;127;128;132;140;143;144;147;150,0.075,0.075,both_nonempty,0,NA,NA
Full181;Immunogen134,empty,12;4,results/full181_supplement/raw/empty/seed12/boltz_results_full_blind/predictions/full_blind/full_blind_model_0.pdb,all_cross_seed_pairs,Full181,Immunogen134,12,4,results/13_interface_analysis/formal/complex_model_summary.csv,project27-160,56;57;58;59;62;63;98;99;100;101;102;103;104;106;107;108;110,58;62;65;69;70;73;109;110;111;112;113;114;117;118;120;121;124;125;127;133;134;135;136;137;142;145;146;149;150;152;153;156,0.06521739130434782,0.06521739130434782,both_nonempty,0,NA,NA
Full181;Immunogen134,empty,12;5,results/full181_supplement/raw/empty/seed12/boltz_results_full_blind/predictions/full_blind/full_blind_model_0.pdb,all_cross_seed_pairs,Full181,Immunogen134,12,5,results/13_interface_analysis/formal/complex_model_summary.csv,project27-160,56;57;58;59;62;63;98;99;100;101;102;103;104;106;107;108;110,27;28;29;58;59;62;63;106;107;109;110;113;114;117;118;121;142;146;149;150;152;153;154;156;157;160,0.19444444444444445,0.19444444444444445,both_nonempty,0,NA,NA
Full181;Immunogen134,empty,12;6,results/full181_supplement/raw/empty/seed12/boltz_results_full_blind/predictions/full_blind/full_blind_model_0.pdb,all_cross_seed_pairs,Full181,Immunogen134,12,6,results/13_interface_analysis/formal/complex_model_summary.csv,project27-160,56;57;58;59;62;63;98;99;100;101;102;103;104;106;107;108;110,56;57;58;59;60;61;62;63;64;65;66;79;82;83;86;87;90;91;94;97;98;133;134;135;136;137;142;145;149;153,0.175,0.175,both_nonempty,0,NA,NA
Full181;Immunogen134,empty,12;7,results/full181_supplement/raw/empty/seed12/boltz_results_full_blind/predictions/full_blind/full_blind_model_0.pdb,all_cross_seed_pairs,Full181,Immunogen134,12,7,results/13_interface_analysis/formal/complex_model_summary.csv,project27-160,56;57;58;59;62;63;98;99;100;101;102;103;104;106;107;108;110,27;28;29;30;31;32;33;78;79;82;83;85;86;89;90;92;93;94;97;130;133;134;135;136;137;139;142;145;146;149;153,0.0,0.0,both_nonempty,0,NA,NA
Full181;Immunogen134,empty,12;8,results/full181_supplement/raw/empty/seed12/boltz_results_full_blind/predictions/full_blind/full_blind_model_0.pdb,all_cross_seed_pairs,Full181,Immunogen134,12,8,results/13_interface_analysis/formal/complex_model_summary.csv,project27-160,56;57;58;59;62;63;98;99;100;101;102;103;104;106;107;108;110,57;58;59;60;62;63;64;65;70;126;129;130;131;133;134;135;136;137;138;139;142;145;146;149;150;152;153;156,0.125,0.125,both_nonempty,0,NA,NA
Full181;Immunogen134,empty,12;9,results/full181_supplement/raw/empty/seed12/boltz_results_full_blind/predictions/full_blind/full_blind_model_0.pdb,all_cross_seed_pairs,Full181,Immunogen134,12,9,results/13_interface_analysis/formal/complex_model_summary.csv,project27-160,56;57;58;59;62;63;98;99;100;101;102;103;104;106;107;108;110,71;72;73;75;77;78;79;80;81;82;83;85;86;87;89;90;93;130;131;133;134;135;136;137;139;142;143;145;146;149;153,0.0,0.0,both_nonempty,0,NA,NA
Full181;Immunogen134,empty,12;10,results/full181_supplement/raw/empty/seed12/boltz_results_full_blind/predictions/full_blind/full_blind_model_0.pdb,all_cross_seed_pairs,Full181,Immunogen134,12,10,results/13_interface_analysis/formal/complex_model_summary.csv,project27-160,56;57;58;59;62;63;98;99;100;101;102;103;104;106;107;108;110,58;61;65;69;70;73;109;110;111;112;113;114;117;118;119;120;121;122;123;124;125;126;127;128;129;130;131;133;136;139;142;146;149;153,0.04081632653061224,0.04081632653061224,both_nonempty,0,NA,NA
Full181;Immunogen134,empty,12;11,results/full181_supplement/raw/empty/seed12/boltz_results_full_blind/predictions/full_blind/full_blind_model_0.pdb,all_cross_seed_pairs,Full181,Immunogen134,12,11,results/13_interface_analysis/formal/complex_model_summary.csv,project27-160,56;57;58;59;62;63;98;99;100;101;102;103;104;106;107;108;110,27;28;29;31;72;78;79;82;83;85;86;89;90;93;94;133;134;135;136;137;139;142;145;146;149,0.0,0.0,both_nonempty,0,NA,NA
Full181;Immunogen134,empty,12;12,results/full181_supplement/raw/empty/seed12/boltz_results_full_blind/predictions/full_blind/full_blind_model_0.pdb,all_cross_seed_pairs,Full181,Immunogen134,12,12,results/13_interface_analysis/formal/complex_model_summary.csv,project27-160,56;57;58;59;62;63;98;99;100;101;102;103;104;106;107;108;110,27;28;29;30;31;77;78;79;82;83;85;86;89;90;93;133;134;135;136;137;139;142;145;146;149;153,0.0,0.0,both_nonempty,0,NA,NA
Full181;Immunogen134,empty,12;13,results/full181_supplement/raw/empty/seed12/boltz_results_full_blind/predictions/full_blind/full_blind_model_0.pdb,all_cross_seed_pairs,Full181,Immunogen134,12,13,results/13_interface_analysis/formal/complex_model_summary.csv,project27-160,56;57;58;59;62;63;98;99;100;101;102;103;104;106;107;108;110,28;29;30;31;32;78;79;80;82;83;85;86;89;90;131;133;134;135;136;137;138;139;142;145;146;149;153,0.0,0.0,both_nonempty,0,NA,NA
Full181;Immunogen134,empty,12;14,results/full181_supplement/raw/empty/seed12/boltz_results_full_blind/predictions/full_blind/full_blind_model_0.pdb,all_cross_seed_pairs,Full181,Immunogen134,12,14,results/13_interface_analysis/formal/complex_model_summary.csv,project27-160,56;57;58;59;62;63;98;99;100;101;102;103;104;106;107;108;110,46;49;50;53;54;57;60;62;63;64;65;105;106;107;108;109;110;111;113;114;116;117;118;120;121;124;125;127;140;141;144;147;150;151;154;158,0.15217391304347827,0.15217391304347827,both_nonempty,0,NA,NA
Full181;Immunogen134,empty,12;15,results/full181_supplement/raw/empty/seed12/boltz_results_full_blind/predictions/full_blind/full_blind_model_0.pdb,all_cross_seed_pairs,Full181,Immunogen134,12,15,results/13_interface_analysis/formal/complex_model_summary.csv,project27-160,56;57;58;59;62;63;98;99;100;101;102;103;104;106;107;108;110,58;59;62;63;66;106;110;113;114;117;118;120;121;124;125;127;138;139;140;141;143;144;147;150;154,0.16666666666666666,0.16666666666666666,both_nonempty,0,NA,NA
Full181;Immunogen134,empty,13;1,results/full181_supplement/raw/empty/seed13/boltz_results_full_blind/predictions/full_blind/full_blind_model_0.pdb,all_cross_seed_pairs,Full181,Immunogen134,13,1,results/13_interface_analysis/formal/complex_model_summary.csv,project27-160,57;58;59;60;61;62;63;64;65;66;68;91;98;99;100;101;103;104;106;107;108;110;111;114;115;117;118;153;156,55;56;57;58;59;61;62;63;65;66;68;106;107;109;110;111;113;114;117;118;120;150;151;154;158,0.42105263157894735,0.42105263157894735,both_nonempty,0,NA,NA
Full181;Immunogen134,empty,13;2,results/full181_supplement/raw/empty/seed13/boltz_results_full_blind/predictions/full_blind/full_blind_model_0.pdb,all_cross_seed_pairs,Full181,Immunogen134,13,2,results/13_interface_analysis/formal/complex_model_summary.csv,project27-160,57;58;59;60;61;62;63;64;65;66;68;91;98;99;100;101;103;104;106;107;108;110;111;114;115;117;118;153;156,38;39;40;42;43;45;46;49;50;52;53;68;69;70;73;131;133;134;135;136;137;139;142;143;145;146;149;153;156,0.05454545454545454,0.05454545454545454,both_nonempty,0,NA,NA
Full181;Immunogen134,empty,13;3,results/full181_supplement/raw/empty/seed13/boltz_results_full_blind/predictions/full_blind/full_blind_model_0.pdb,all_cross_seed_pairs,Full181,Immunogen134,13,3,results/13_interface_analysis/formal/complex_model_summary.csv,project27-160,57;58;59;60;61;62;63;64;65;66;68;91;98;99;100;101;103;104;106;107;108;110;111;114;115;117;118;153;156,59;60;62;63;64;65;66;67;68;114;116;117;118;120;121;123;124;125;127;128;132;140;143;144;147;150,0.25,0.25,both_nonempty,0,NA,NA
Full181;Immunogen134,empty,13;4,results/full181_supplement/raw/empty/seed13/boltz_results_full_blind/predictions/full_blind/full_blind_model_0.pdb,all_cross_seed_pairs,Full181,Immunogen134,13,4,results/13_interface_analysis/formal/complex_model_summary.csv,project27-160,57;58;59;60;61;62;63;64;65;66;68;91;98;99;100;101;103;104;106;107;108;110;111;114;115;117;118;153;156,58;62;65;69;70;73;109;110;111;112;113;114;117;118;120;121;124;125;127;133;134;135;136;137;142;145;146;149;150;152;153;156,0.19607843137254902,0.19607843137254902,both_nonempty,0,NA,NA
Full181;Immunogen134,empty,13;5,results/full181_supplement/raw/empty/seed13/boltz_results_full_blind/predictions/full_blind/full_blind_model_0.pdb,all_cross_seed_pairs,Full181,Immunogen134,13,5,results/13_interface_analysis/formal/complex_model_summary.csv,project27-160,57;58;59;60;61;62;63;64;65;66;68;91;98;99;100;101;103;104;106;107;108;110;111;114;115;117;118;153;156,27;28;29;58;59;62;63;106;107;109;110;113;114;117;118;121;142;146;149;150;152;153;154;156;157;160,0.27906976744186046,0.27906976744186046,both_nonempty,0,NA,NA
Full181;Immunogen134,empty,13;6,results/full181_supplement/raw/empty/seed13/boltz_results_full_blind/predictions/full_blind/full_blind_model_0.pdb,all_cross_seed_pairs,Full181,Immunogen134,13,6,results/13_interface_analysis/formal/complex_model_summary.csv,project27-160,57;58;59;60;61;62;63;64;65;66;68;91;98;99;100;101;103;104;106;107;108;110;111;114;115;117;118;153;156,56;57;58;59;60;61;62;63;64;65;66;79;82;83;86;87;90;91;94;97;98;133;134;135;136;137;142;145;149;153,0.2826086956521739,0.2826086956521739,both_nonempty,0,NA,NA
Full181;Immunogen134,empty,13;7,results/full181_supplement/raw/empty/seed13/boltz_results_full_blind/predictions/full_blind/full_blind_model_0.pdb,all_cross_seed_pairs,Full181,Immunogen134,13,7,results/13_interface_analysis/formal/complex_model_summary.csv,project27-160,57;58;59;60;61;62;63;64;65;66;68;91;98;99;100;101;103;104;106;107;108;110;111;114;115;117;118;153;156,27;28;29;30;31;32;33;78;79;82;83;85;86;89;90;92;93;94;97;130;133;134;135;136;137;139;142;145;146;149;153,0.01694915254237288,0.01694915254237288,both_nonempty,0,NA,NA
Full181;Immunogen134,empty,13;8,results/full181_supplement/raw/empty/seed13/boltz_results_full_blind/predictions/full_blind/full_blind_model_0.pdb,all_cross_seed_pairs,Full181,Immunogen134,13,8,results/13_interface_analysis/formal/complex_model_summary.csv,project27-160,57;58;59;60;61;62;63;64;65;66;68;91;98;99;100;101;103;104;106;107;108;110;111;114;115;117;118;153;156,57;58;59;60;62;63;64;65;70;126;129;130;131;133;134;135;136;137;138;139;142;145;146;149;150;152;153;156,0.2127659574468085,0.2127659574468085,both_nonempty,0,NA,NA
Full181;Immunogen134,empty,13;9,results/full181_supplement/raw/empty/seed13/boltz_results_full_blind/predictions/full_blind/full_blind_model_0.pdb,all_cross_seed_pairs,Full181,Immunogen134,13,9,results/13_interface_analysis/formal/complex_model_summary.csv,project27-160,57;58;59;60;61;62;63;64;65;66;68;91;98;99;100;101;103;104;106;107;108;110;111;114;115;117;118;153;156,71;72;73;75;77;78;79;80;81;82;83;85;86;87;89;90;93;130;131;133;134;135;136;137;139;142;143;145;146;149;153,0.01694915254237288,0.01694915254237288,both_nonempty,0,NA,NA
Full181;Immunogen134,empty,13;10,results/full181_supplement/raw/empty/seed13/boltz_results_full_blind/predictions/full_blind/full_blind_model_0.pdb,all_cross_seed_pairs,Full181,Immunogen134,13,10,results/13_interface_analysis/formal/complex_model_summary.csv,project27-160,57;58;59;60;61;62;63;64;65;66;68;91;98;99;100;101;103;104;106;107;108;110;111;114;115;117;118;153;156,58;61;65;69;70;73;109;110;111;112;113;114;117;118;119;120;121;122;123;124;125;126;127;128;129;130;131;133;136;139;142;146;149;153,0.16666666666666666,0.16666666666666666,both_nonempty,0,NA,NA
Full181;Immunogen134,empty,13;11,results/full181_supplement/raw/empty/seed13/boltz_results_full_blind/predictions/full_blind/full_blind_model_0.pdb,all_cross_seed_pairs,Full181,Immunogen134,13,11,results/13_interface_analysis/formal/complex_model_summary.csv,project27-160,57;58;59;60;61;62;63;64;65;66;68;91;98;99;100;101;103;104;106;107;108;110;111;114;115;117;118;153;156,27;28;29;31;72;78;79;82;83;85;86;89;90;93;94;133;134;135;136;137;139;142;145;146;149,0.0,0.0,both_nonempty,0,NA,NA
Full181;Immunogen134,empty,13;12,results/full181_supplement/raw/empty/seed13/boltz_results_full_blind/predictions/full_blind/full_blind_model_0.pdb,all_cross_seed_pairs,Full181,Immunogen134,13,12,results/13_interface_analysis/formal/complex_model_summary.csv,project27-160,57;58;59;60;61;62;63;64;65;66;68;91;98;99;100;101;103;104;106;107;108;110;111;114;115;117;118;153;156,27;28;29;30;31;77;78;79;82;83;85;86;89;90;93;133;134;135;136;137;139;142;145;146;149;153,0.018518518518518517,0.018518518518518517,both_nonempty,0,NA,NA
Full181;Immunogen134,empty,13;13,results/full181_supplement/raw/empty/seed13/boltz_results_full_blind/predictions/full_blind/full_blind_model_0.pdb,all_cross_seed_pairs,Full181,Immunogen134,13,13,results/13_interface_analysis/formal/complex_model_summary.csv,project27-160,57;58;59;60;61;62;63;64;65;66;68;91;98;99;100;101;103;104;106;107;108;110;111;114;115;117;118;153;156,28;29;30;31;32;78;79;80;82;83;85;86;89;90;131;133;134;135;136;137;138;139;142;145;146;149;153,0.01818181818181818,0.01818181818181818,both_nonempty,0,NA,NA
Full181;Immunogen134,empty,13;14,results/full181_supplement/raw/empty/seed13/boltz_results_full_blind/predictions/full_blind/full_blind_model_0.pdb,all_cross_seed_pairs,Full181,Immunogen134,13,14,results/13_interface_analysis/formal/complex_model_summary.csv,project27-160,57;58;59;60;61;62;63;64;65;66;68;91;98;99;100;101;103;104;106;107;108;110;111;114;115;117;118;153;156,46;49;50;53;54;57;60;62;63;64;65;105;106;107;108;109;110;111;113;114;116;117;118;120;121;124;125;127;140;141;144;147;150;151;154;158,0.27450980392156865,0.27450980392156865,both_nonempty,0,NA,NA
Full181;Immunogen134,empty,13;15,results/full181_supplement/raw/empty/seed13/boltz_results_full_blind/predictions/full_blind/full_blind_model_0.pdb,all_cross_seed_pairs,Full181,Immunogen134,13,15,results/13_interface_analysis/formal/complex_model_summary.csv,project27-160,57;58;59;60;61;62;63;64;65;66;68;91;98;99;100;101;103;104;106;107;108;110;111;114;115;117;118;153;156,58;59;62;63;66;106;110;113;114;117;118;120;121;124;125;127;138;139;140;141;143;144;147;150;154,0.22727272727272727,0.22727272727272727,both_nonempty,0,NA,NA
Full181;Immunogen134,empty,14;1,results/full181_supplement/raw/empty/seed14/boltz_results_full_blind/predictions/full_blind/full_blind_model_0.pdb,all_cross_seed_pairs,Full181,Immunogen134,14,1,results/13_interface_analysis/formal/complex_model_summary.csv,project27-160,31;32;45;49;52;53;54;56;94;96;97;98;99;100;101;102;105,55;56;57;58;59;61;62;63;65;66;68;106;107;109;110;111;113;114;117;118;120;150;151;154;158,0.024390243902439025,0.024390243902439025,both_nonempty,0,NA,NA
Full181;Immunogen134,empty,14;2,results/full181_supplement/raw/empty/seed14/boltz_results_full_blind/predictions/full_blind/full_blind_model_0.pdb,all_cross_seed_pairs,Full181,Immunogen134,14,2,results/13_interface_analysis/formal/complex_model_summary.csv,project27-160,31;32;45;49;52;53;54;56;94;96;97;98;99;100;101;102;105,38;39;40;42;43;45;46;49;50;52;53;68;69;70;73;131;133;134;135;136;137;139;142;143;145;146;149;153;156,0.09523809523809523,0.09523809523809523,both_nonempty,0,NA,NA
Full181;Immunogen134,empty,14;3,results/full181_supplement/raw/empty/seed14/boltz_results_full_blind/predictions/full_blind/full_blind_model_0.pdb,all_cross_seed_pairs,Full181,Immunogen134,14,3,results/13_interface_analysis/formal/complex_model_summary.csv,project27-160,31;32;45;49;52;53;54;56;94;96;97;98;99;100;101;102;105,59;60;62;63;64;65;66;67;68;114;116;117;118;120;121;123;124;125;127;128;132;140;143;144;147;150,0.0,0.0,both_nonempty,0,NA,NA
Full181;Immunogen134,empty,14;4,results/full181_supplement/raw/empty/seed14/boltz_results_full_blind/predictions/full_blind/full_blind_model_0.pdb,all_cross_seed_pairs,Full181,Immunogen134,14,4,results/13_interface_analysis/formal/complex_model_summary.csv,project27-160,31;32;45;49;52;53;54;56;94;96;97;98;99;100;101;102;105,58;62;65;69;70;73;109;110;111;112;113;114;117;118;120;121;124;125;127;133;134;135;136;137;142;145;146;149;150;152;153;156,0.0,0.0,both_nonempty,0,NA,NA
Full181;Immunogen134,empty,14;5,results/full181_supplement/raw/empty/seed14/boltz_results_full_blind/predictions/full_blind/full_blind_model_0.pdb,all_cross_seed_pairs,Full181,Immunogen134,14,5,results/13_interface_analysis/formal/complex_model_summary.csv,project27-160,31;32;45;49;52;53;54;56;94;96;97;98;99;100;101;102;105,27;28;29;58;59;62;63;106;107;109;110;113;114;117;118;121;142;146;149;150;152;153;154;156;157;160,0.0,0.0,both_nonempty,0,NA,NA
Full181;Immunogen134,empty,14;6,results/full181_supplement/raw/empty/seed14/boltz_results_full_blind/predictions/full_blind/full_blind_model_0.pdb,all_cross_seed_pairs,Full181,Immunogen134,14,6,results/13_interface_analysis/formal/complex_model_summary.csv,project27-160,31;32;45;49;52;53;54;56;94;96;97;98;99;100;101;102;105,56;57;58;59;60;61;62;63;64;65;66;79;82;83;86;87;90;91;94;97;98;133;134;135;136;137;142;145;149;153,0.09302325581395349,0.09302325581395349,both_nonempty,0,NA,NA
Full181;Immunogen134,empty,14;7,results/full181_supplement/raw/empty/seed14/boltz_results_full_blind/predictions/full_blind/full_blind_model_0.pdb,all_cross_seed_pairs,Full181,Immunogen134,14,7,results/13_interface_analysis/formal/complex_model_summary.csv,project27-160,31;32;45;49;52;53;54;56;94;96;97;98;99;100;101;102;105,27;28;29;30;31;32;33;78;79;82;83;85;86;89;90;92;93;94;97;130;133;134;135;136;137;139;142;145;146;149;153,0.09090909090909091,0.09090909090909091,both_nonempty,0,NA,NA
Full181;Immunogen134,empty,14;8,results/full181_supplement/raw/empty/seed14/boltz_results_full_blind/predictions/full_blind/full_blind_model_0.pdb,all_cross_seed_pairs,Full181,Immunogen134,14,8,results/13_interface_analysis/formal/complex_model_summary.csv,project27-160,31;32;45;49;52;53;54;56;94;96;97;98;99;100;101;102;105,57;58;59;60;62;63;64;65;70;126;129;130;131;133;134;135;136;137;138;139;142;145;146;149;150;152;153;156,0.0,0.0,both_nonempty,0,NA,NA
Full181;Immunogen134,empty,14;9,results/full181_supplement/raw/empty/seed14/boltz_results_full_blind/predictions/full_blind/full_blind_model_0.pdb,all_cross_seed_pairs,Full181,Immunogen134,14,9,results/13_interface_analysis/formal/complex_model_summary.csv,project27-160,31;32;45;49;52;53;54;56;94;96;97;98;99;100;101;102;105,71;72;73;75;77;78;79;80;81;82;83;85;86;87;89;90;93;130;131;133;134;135;136;137;139;142;143;145;146;149;153,0.0,0.0,both_nonempty,0,NA,NA
Full181;Immunogen134,empty,14;10,results/full181_supplement/raw/empty/seed14/boltz_results_full_blind/predictions/full_blind/full_blind_model_0.pdb,all_cross_seed_pairs,Full181,Immunogen134,14,10,results/13_interface_analysis/formal/complex_model_summary.csv,project27-160,31;32;45;49;52;53;54;56;94;96;97;98;99;100;101;102;105,58;61;65;69;70;73;109;110;111;112;113;114;117;118;119;120;121;122;123;124;125;126;127;128;129;130;131;133;136;139;142;146;149;153,0.0,0.0,both_nonempty,0,NA,NA
Full181;Immunogen134,empty,14;11,results/full181_supplement/raw/empty/seed14/boltz_results_full_blind/predictions/full_blind/full_blind_model_0.pdb,all_cross_seed_pairs,Full181,Immunogen134,14,11,results/13_interface_analysis/formal/complex_model_summary.csv,project27-160,31;32;45;49;52;53;54;56;94;96;97;98;99;100;101;102;105,27;28;29;31;72;78;79;82;83;85;86;89;90;93;94;133;134;135;136;137;139;142;145;146;149,0.05,0.05,both_nonempty,0,NA,NA
Full181;Immunogen134,empty,14;12,results/full181_supplement/raw/empty/seed14/boltz_results_full_blind/predictions/full_blind/full_blind_model_0.pdb,all_cross_seed_pairs,Full181,Immunogen134,14,12,results/13_interface_analysis/formal/complex_model_summary.csv,project27-160,31;32;45;49;52;53;54;56;94;96;97;98;99;100;101;102;105,27;28;29;30;31;77;78;79;82;83;85;86;89;90;93;133;134;135;136;137;139;142;145;146;149;153,0.023809523809523808,0.023809523809523808,both_nonempty,0,NA,NA
Full181;Immunogen134,empty,14;13,results/full181_supplement/raw/empty/seed14/boltz_results_full_blind/predictions/full_blind/full_blind_model_0.pdb,all_cross_seed_pairs,Full181,Immunogen134,14,13,results/13_interface_analysis/formal/complex_model_summary.csv,project27-160,31;32;45;49;52;53;54;56;94;96;97;98;99;100;101;102;105,28;29;30;31;32;78;79;80;82;83;85;86;89;90;131;133;134;135;136;137;138;139;142;145;146;149;153,0.047619047619047616,0.047619047619047616,both_nonempty,0,NA,NA
Full181;Immunogen134,empty,14;14,results/full181_supplement/raw/empty/seed14/boltz_results_full_blind/predictions/full_blind/full_blind_model_0.pdb,all_cross_seed_pairs,Full181,Immunogen134,14,14,results/13_interface_analysis/formal/complex_model_summary.csv,project27-160,31;32;45;49;52;53;54;56;94;96;97;98;99;100;101;102;105,46;49;50;53;54;57;60;62;63;64;65;105;106;107;108;109;110;111;113;114;116;117;118;120;121;124;125;127;140;141;144;147;150;151;154;158,0.08163265306122448,0.08163265306122448,both_nonempty,0,NA,NA
Full181;Immunogen134,empty,14;15,results/full181_supplement/raw/empty/seed14/boltz_results_full_blind/predictions/full_blind/full_blind_model_0.pdb,all_cross_seed_pairs,Full181,Immunogen134,14,15,results/13_interface_analysis/formal/complex_model_summary.csv,project27-160,31;32;45;49;52;53;54;56;94;96;97;98;99;100;101;102;105,58;59;62;63;66;106;110;113;114;117;118;120;121;124;125;127;138;139;140;141;143;144;147;150;154,0.0,0.0,both_nonempty,0,NA,NA
Full181;Immunogen134,empty,15;1,results/full181_supplement/raw/empty/seed15/boltz_results_full_blind/predictions/full_blind/full_blind_model_0.pdb,all_cross_seed_pairs,Full181,Immunogen134,15,1,results/13_interface_analysis/formal/complex_model_summary.csv,project27-160,56;57;58;59;60;61;62;98;99;100;101;103;104;107;108;110;111;114,55;56;57;58;59;61;62;63;65;66;68;106;107;109;110;111;113;114;117;118;120;150;151;154;158,0.30303030303030304,0.30303030303030304,both_nonempty,0,NA,NA
Full181;Immunogen134,empty,15;2,results/full181_supplement/raw/empty/seed15/boltz_results_full_blind/predictions/full_blind/full_blind_model_0.pdb,all_cross_seed_pairs,Full181,Immunogen134,15,2,results/13_interface_analysis/formal/complex_model_summary.csv,project27-160,56;57;58;59;60;61;62;98;99;100;101;103;104;107;108;110;111;114,38;39;40;42;43;45;46;49;50;52;53;68;69;70;73;131;133;134;135;136;137;139;142;143;145;146;149;153;156,0.0,0.0,both_nonempty,0,NA,NA
Full181;Immunogen134,empty,15;3,results/full181_supplement/raw/empty/seed15/boltz_results_full_blind/predictions/full_blind/full_blind_model_0.pdb,all_cross_seed_pairs,Full181,Immunogen134,15,3,results/13_interface_analysis/formal/complex_model_summary.csv,project27-160,56;57;58;59;60;61;62;98;99;100;101;103;104;107;108;110;111;114,59;60;62;63;64;65;66;67;68;114;116;117;118;120;121;123;124;125;127;128;132;140;143;144;147;150,0.1,0.1,both_nonempty,0,NA,NA
Full181;Immunogen134,empty,15;4,results/full181_supplement/raw/empty/seed15/boltz_results_full_blind/predictions/full_blind/full_blind_model_0.pdb,all_cross_seed_pairs,Full181,Immunogen134,15,4,results/13_interface_analysis/formal/complex_model_summary.csv,project27-160,56;57;58;59;60;61;62;98;99;100;101;103;104;107;108;110;111;114,58;62;65;69;70;73;109;110;111;112;113;114;117;118;120;121;124;125;127;133;134;135;136;137;142;145;146;149;150;152;153;156,0.1111111111111111,0.1111111111111111,both_nonempty,0,NA,NA
Full181;Immunogen134,empty,15;5,results/full181_supplement/raw/empty/seed15/boltz_results_full_blind/predictions/full_blind/full_blind_model_0.pdb,all_cross_seed_pairs,Full181,Immunogen134,15,5,results/13_interface_analysis/formal/complex_model_summary.csv,project27-160,56;57;58;59;60;61;62;98;99;100;101;103;104;107;108;110;111;114,27;28;29;58;59;62;63;106;107;109;110;113;114;117;118;121;142;146;149;150;152;153;154;156;157;160,0.15789473684210525,0.15789473684210525,both_nonempty,0,NA,NA
Full181;Immunogen134,empty,15;6,results/full181_supplement/raw/empty/seed15/boltz_results_full_blind/predictions/full_blind/full_blind_model_0.pdb,all_cross_seed_pairs,Full181,Immunogen134,15,6,results/13_interface_analysis/formal/complex_model_summary.csv,project27-160,56;57;58;59;60;61;62;98;99;100;101;103;104;107;108;110;111;114,56;57;58;59;60;61;62;63;64;65;66;79;82;83;86;87;90;91;94;97;98;133;134;135;136;137;142;145;149;153,0.2,0.2,both_nonempty,0,NA,NA
Full181;Immunogen134,empty,15;7,results/full181_supplement/raw/empty/seed15/boltz_results_full_blind/predictions/full_blind/full_blind_model_0.pdb,all_cross_seed_pairs,Full181,Immunogen134,15,7,results/13_interface_analysis/formal/complex_model_summary.csv,project27-160,56;57;58;59;60;61;62;98;99;100;101;103;104;107;108;110;111;114,27;28;29;30;31;32;33;78;79;82;83;85;86;89;90;92;93;94;97;130;133;134;135;136;137;139;142;145;146;149;153,0.0,0.0,both_nonempty,0,NA,NA
Full181;Immunogen134,empty,15;8,results/full181_supplement/raw/empty/seed15/boltz_results_full_blind/predictions/full_blind/full_blind_model_0.pdb,all_cross_seed_pairs,Full181,Immunogen134,15,8,results/13_interface_analysis/formal/complex_model_summary.csv,project27-160,56;57;58;59;60;61;62;98;99;100;101;103;104;107;108;110;111;114,57;58;59;60;62;63;64;65;70;126;129;130;131;133;134;135;136;137;138;139;142;145;146;149;150;152;153;156,0.12195121951219512,0.12195121951219512,both_nonempty,0,NA,NA
Full181;Immunogen134,empty,15;9,results/full181_supplement/raw/empty/seed15/boltz_results_full_blind/predictions/full_blind/full_blind_model_0.pdb,all_cross_seed_pairs,Full181,Immunogen134,15,9,results/13_interface_analysis/formal/complex_model_summary.csv,project27-160,56;57;58;59;60;61;62;98;99;100;101;103;104;107;108;110;111;114,71;72;73;75;77;78;79;80;81;82;83;85;86;87;89;90;93;130;131;133;134;135;136;137;139;142;143;145;146;149;153,0.0,0.0,both_nonempty,0,NA,NA
Full181;Immunogen134,empty,15;10,results/full181_supplement/raw/empty/seed15/boltz_results_full_blind/predictions/full_blind/full_blind_model_0.pdb,all_cross_seed_pairs,Full181,Immunogen134,15,10,results/13_interface_analysis/formal/complex_model_summary.csv,project27-160,56;57;58;59;60;61;62;98;99;100;101;103;104;107;108;110;111;114,58;61;65;69;70;73;109;110;111;112;113;114;117;118;119;120;121;122;123;124;125;126;127;128;129;130;131;133;136;139;142;146;149;153,0.10638297872340426,0.10638297872340426,both_nonempty,0,NA,NA
Full181;Immunogen134,empty,15;11,results/full181_supplement/raw/empty/seed15/boltz_results_full_blind/predictions/full_blind/full_blind_model_0.pdb,all_cross_seed_pairs,Full181,Immunogen134,15,11,results/13_interface_analysis/formal/complex_model_summary.csv,project27-160,56;57;58;59;60;61;62;98;99;100;101;103;104;107;108;110;111;114,27;28;29;31;72;78;79;82;83;85;86;89;90;93;94;133;134;135;136;137;139;142;145;146;149,0.0,0.0,both_nonempty,0,NA,NA
Full181;Immunogen134,empty,15;12,results/full181_supplement/raw/empty/seed15/boltz_results_full_blind/predictions/full_blind/full_blind_model_0.pdb,all_cross_seed_pairs,Full181,Immunogen134,15,12,results/13_interface_analysis/formal/complex_model_summary.csv,project27-160,56;57;58;59;60;61;62;98;99;100;101;103;104;107;108;110;111;114,27;28;29;30;31;77;78;79;82;83;85;86;89;90;93;133;134;135;136;137;139;142;145;146;149;153,0.0,0.0,both_nonempty,0,NA,NA
Full181;Immunogen134,empty,15;13,results/full181_supplement/raw/empty/seed15/boltz_results_full_blind/predictions/full_blind/full_blind_model_0.pdb,all_cross_seed_pairs,Full181,Immunogen134,15,13,results/13_interface_analysis/formal/complex_model_summary.csv,project27-160,56;57;58;59;60;61;62;98;99;100;101;103;104;107;108;110;111;114,28;29;30;31;32;78;79;80;82;83;85;86;89;90;131;133;134;135;136;137;138;139;142;145;146;149;153,0.0,0.0,both_nonempty,0,NA,NA
Full181;Immunogen134,empty,15;14,results/full181_supplement/raw/empty/seed15/boltz_results_full_blind/predictions/full_blind/full_blind_model_0.pdb,all_cross_seed_pairs,Full181,Immunogen134,15,14,results/13_interface_analysis/formal/complex_model_summary.csv,project27-160,56;57;58;59;60;61;62;98;99;100;101;103;104;107;108;110;111;114,46;49;50;53;54;57;60;62;63;64;65;105;106;107;108;109;110;111;113;114;116;117;118;120;121;124;125;127;140;141;144;147;150;151;154;158,0.17391304347826086,0.17391304347826086,both_nonempty,0,NA,NA
Full181;Immunogen134,empty,15;15,results/full181_supplement/raw/empty/seed15/boltz_results_full_blind/predictions/full_blind/full_blind_model_0.pdb,all_cross_seed_pairs,Full181,Immunogen134,15,15,results/13_interface_analysis/formal/complex_model_summary.csv,project27-160,56;57;58;59;60;61;62;98;99;100;101;103;104;107;108;110;111;114,58;59;62;63;66;106;110;113;114;117;118;120;121;124;125;127;138;139;140;141;143;144;147;150;154,0.13157894736842105,0.13157894736842105,both_nonempty,0,NA,NA
Full181;Immunogen134,empty,ALL,results/full181_supplement/raw/empty/seed1/boltz_results_full_blind/predictions/full_blind/full_blind_model_0.pdb,consensus_ge50pct,Full181,Immunogen134,ALL,ALL,results/13_interface_analysis/formal/complex_model_summary.csv,project27-160,56;57;58;59;60;62;63;64;65;98;99;100;101;103;104;107;108;110;111;114;118,62;133;134;135;136;137;139;142;145;146;149;153,0.03125,0.03125,both_nonempty,0,complete_15_seed_ensemble,complete_15_seed_ensemble
Native155;Immunogen134,empty,1;1,results/13_interface_analysis/formal/complex_model_summary.csv,all_cross_seed_pairs,Native155,Immunogen134,1,1,results/13_interface_analysis/formal/complex_model_summary.csv,project27-160,59;101;102;103;104;106;107;110,55;56;57;58;59;61;62;63;65;66;68;106;107;109;110;111;113;114;117;118;120;150;151;154;158,0.13793103448275862,0.13793103448275862,both_nonempty,0,NA,NA
Native155;Immunogen134,empty,1;2,results/13_interface_analysis/formal/complex_model_summary.csv,all_cross_seed_pairs,Native155,Immunogen134,1,2,results/13_interface_analysis/formal/complex_model_summary.csv,project27-160,59;101;102;103;104;106;107;110,38;39;40;42;43;45;46;49;50;52;53;68;69;70;73;131;133;134;135;136;137;139;142;143;145;146;149;153;156,0.0,0.0,both_nonempty,0,NA,NA
Native155;Immunogen134,empty,1;3,results/13_interface_analysis/formal/complex_model_summary.csv,all_cross_seed_pairs,Native155,Immunogen134,1,3,results/13_interface_analysis/formal/complex_model_summary.csv,project27-160,59;101;102;103;104;106;107;110,59;60;62;63;64;65;66;67;68;114;116;117;118;120;121;123;124;125;127;128;132;140;143;144;147;150,0.030303030303030304,0.030303030303030304,both_nonempty,0,NA,NA
Native155;Immunogen134,empty,1;4,results/13_interface_analysis/formal/complex_model_summary.csv,all_cross_seed_pairs,Native155,Immunogen134,1,4,results/13_interface_analysis/formal/complex_model_summary.csv,project27-160,59;101;102;103;104;106;107;110,58;62;65;69;70;73;109;110;111;112;113;114;117;118;120;121;124;125;127;133;134;135;136;137;142;145;146;149;150;152;153;156,0.02564102564102564,0.02564102564102564,both_nonempty,0,NA,NA
Native155;Immunogen134,empty,1;5,results/13_interface_analysis/formal/complex_model_summary.csv,all_cross_seed_pairs,Native155,Immunogen134,1,5,results/13_interface_analysis/formal/complex_model_summary.csv,project27-160,59;101;102;103;104;106;107;110,27;28;29;58;59;62;63;106;107;109;110;113;114;117;118;121;142;146;149;150;152;153;154;156;157;160,0.13333333333333333,0.13333333333333333,both_nonempty,0,NA,NA
Native155;Immunogen134,empty,1;6,results/13_interface_analysis/formal/complex_model_summary.csv,all_cross_seed_pairs,Native155,Immunogen134,1,6,results/13_interface_analysis/formal/complex_model_summary.csv,project27-160,59;101;102;103;104;106;107;110,56;57;58;59;60;61;62;63;64;65;66;79;82;83;86;87;90;91;94;97;98;133;134;135;136;137;142;145;149;153,0.02702702702702703,0.02702702702702703,both_nonempty,0,NA,NA
Native155;Immunogen134,empty,1;7,results/13_interface_analysis/formal/complex_model_summary.csv,all_cross_seed_pairs,Native155,Immunogen134,1,7,results/13_interface_analysis/formal/complex_model_summary.csv,project27-160,59;101;102;103;104;106;107;110,27;28;29;30;31;32;33;78;79;82;83;85;86;89;90;92;93;94;97;130;133;134;135;136;137;139;142;145;146;149;153,0.0,0.0,both_nonempty,0,NA,NA
Native155;Immunogen134,empty,1;8,results/13_interface_analysis/formal/complex_model_summary.csv,all_cross_seed_pairs,Native155,Immunogen134,1,8,results/13_interface_analysis/formal/complex_model_summary.csv,project27-160,59;101;102;103;104;106;107;110,57;58;59;60;62;63;64;65;70;126;129;130;131;133;134;135;136;137;138;139;142;145;146;149;150;152;153;156,0.02857142857142857,0.02857142857142857,both_nonempty,0,NA,NA
Native155;Immunogen134,empty,1;9,results/13_interface_analysis/formal/complex_model_summary.csv,all_cross_seed_pairs,Native155,Immunogen134,1,9,results/13_interface_analysis/formal/complex_model_summary.csv,project27-160,59;101;102;103;104;106;107;110,71;72;73;75;77;78;79;80;81;82;83;85;86;87;89;90;93;130;131;133;134;135;136;137;139;142;143;145;146;149;153,0.0,0.0,both_nonempty,0,NA,NA
Native155;Immunogen134,empty,1;10,results/13_interface_analysis/formal/complex_model_summary.csv,all_cross_seed_pairs,Native155,Immunogen134,1,10,results/13_interface_analysis/formal/complex_model_summary.csv,project27-160,59;101;102;103;104;106;107;110,58;61;65;69;70;73;109;110;111;112;113;114;117;118;119;120;121;122;123;124;125;126;127;128;129;130;131;133;136;139;142;146;149;153,0.024390243902439025,0.024390243902439025,both_nonempty,0,NA,NA
Native155;Immunogen134,empty,1;11,results/13_interface_analysis/formal/complex_model_summary.csv,all_cross_seed_pairs,Native155,Immunogen134,1,11,results/13_interface_analysis/formal/complex_model_summary.csv,project27-160,59;101;102;103;104;106;107;110,27;28;29;31;72;78;79;82;83;85;86;89;90;93;94;133;134;135;136;137;139;142;145;146;149,0.0,0.0,both_nonempty,0,NA,NA
Native155;Immunogen134,empty,1;12,results/13_interface_analysis/formal/complex_model_summary.csv,all_cross_seed_pairs,Native155,Immunogen134,1,12,results/13_interface_analysis/formal/complex_model_summary.csv,project27-160,59;101;102;103;104;106;107;110,27;28;29;30;31;77;78;79;82;83;85;86;89;90;93;133;134;135;136;137;139;142;145;146;149;153,0.0,0.0,both_nonempty,0,NA,NA
Native155;Immunogen134,empty,1;13,results/13_interface_analysis/formal/complex_model_summary.csv,all_cross_seed_pairs,Native155,Immunogen134,1,13,results/13_interface_analysis/formal/complex_model_summary.csv,project27-160,59;101;102;103;104;106;107;110,28;29;30;31;32;78;79;80;82;83;85;86;89;90;131;133;134;135;136;137;138;139;142;145;146;149;153,0.0,0.0,both_nonempty,0,NA,NA
Native155;Immunogen134,empty,1;14,results/13_interface_analysis/formal/complex_model_summary.csv,all_cross_seed_pairs,Native155,Immunogen134,1,14,results/13_interface_analysis/formal/complex_model_summary.csv,project27-160,59;101;102;103;104;106;107;110,46;49;50;53;54;57;60;62;63;64;65;105;106;107;108;109;110;111;113;114;116;117;118;120;121;124;125;127;140;141;144;147;150;151;154;158,0.07317073170731707,0.07317073170731707,both_nonempty,0,NA,NA
Native155;Immunogen134,empty,1;15,results/13_interface_analysis/formal/complex_model_summary.csv,all_cross_seed_pairs,Native155,Immunogen134,1,15,results/13_interface_analysis/formal/complex_model_summary.csv,project27-160,59;101;102;103;104;106;107;110,58;59;62;63;66;106;110;113;114;117;118;120;121;124;125;127;138;139;140;141;143;144;147;150;154,0.1,0.1,both_nonempty,0,NA,NA
Native155;Immunogen134,empty,2;1,results/13_interface_analysis/formal/complex_model_summary.csv,all_cross_seed_pairs,Native155,Immunogen134,2,1,results/13_interface_analysis/formal/complex_model_summary.csv,project27-160,56;57;58;59;60;62;63;65;99;101;103;104;106;107;108;110;111;113;114;117;118;121;124;156;159,55;56;57;58;59;61;62;63;65;66;68;106;107;109;110;111;113;114;117;118;120;150;151;154;158,0.42857142857142855,0.42857142857142855,both_nonempty,0,NA,NA
Native155;Immunogen134,empty,2;2,results/13_interface_analysis/formal/complex_model_summary.csv,all_cross_seed_pairs,Native155,Immunogen134,2,2,results/13_interface_analysis/formal/complex_model_summary.csv,project27-160,56;57;58;59;60;62;63;65;99;101;103;104;106;107;108;110;111;113;114;117;118;121;124;156;159,38;39;40;42;43;45;46;49;50;52;53;68;69;70;73;131;133;134;135;136;137;139;142;143;145;146;149;153;156,0.018867924528301886,0.018867924528301886,both_nonempty,0,NA,NA
Native155;Immunogen134,empty,2;3,results/13_interface_analysis/formal/complex_model_summary.csv,all_cross_seed_pairs,Native155,Immunogen134,2,3,results/13_interface_analysis/formal/complex_model_summary.csv,project27-160,56;57;58;59;60;62;63;65;99;101;103;104;106;107;108;110;111;113;114;117;118;121;124;156;159,59;60;62;63;64;65;66;67;68;114;116;117;118;120;121;123;124;125;127;128;132;140;143;144;147;150,0.24390243902439024,0.24390243902439024,both_nonempty,0,NA,NA
Native155;Immunogen134,empty,2;4,results/13_interface_analysis/formal/complex_model_summary.csv,all_cross_seed_pairs,Native155,Immunogen134,2,4,results/13_interface_analysis/formal/complex_model_summary.csv,project27-160,56;57;58;59;60;62;63;65;99;101;103;104;106;107;108;110;111;113;114;117;118;121;124;156;159,58;62;65;69;70;73;109;110;111;112;113;114;117;118;120;121;124;125;127;133;134;135;136;137;142;145;146;149;150;152;153;156,0.26666666666666666,0.26666666666666666,both_nonempty,0,NA,NA
Native155;Immunogen134,empty,2;5,results/13_interface_analysis/formal/complex_model_summary.csv,all_cross_seed_pairs,Native155,Immunogen134,2,5,results/13_interface_analysis/formal/complex_model_summary.csv,project27-160,56;57;58;59;60;62;63;65;99;101;103;104;106;107;108;110;111;113;114;117;118;121;124;156;159,27;28;29;58;59;62;63;106;107;109;110;113;114;117;118;121;142;146;149;150;152;153;154;156;157;160,0.34210526315789475,0.34210526315789475,both_nonempty,0,NA,NA
Native155;Immunogen134,empty,2;6,results/13_interface_analysis/formal/complex_model_summary.csv,all_cross_seed_pairs,Native155,Immunogen134,2,6,results/13_interface_analysis/formal/complex_model_summary.csv,project27-160,56;57;58;59;60;62;63;65;99;101;103;104;106;107;108;110;111;113;114;117;118;121;124;156;159,56;57;58;59;60;61;62;63;64;65;66;79;82;83;86;87;90;91;94;97;98;133;134;135;136;137;142;145;149;153,0.1702127659574468,0.1702127659574468,both_nonempty,0,NA,NA
Native155;Immunogen134,empty,2;7,results/13_interface_analysis/formal/complex_model_summary.csv,all_cross_seed_pairs,Native155,Immunogen134,2,7,results/13_interface_analysis/formal/complex_model_summary.csv,project27-160,56;57;58;59;60;62;63;65;99;101;103;104;106;107;108;110;111;113;114;117;118;121;124;156;159,27;28;29;30;31;32;33;78;79;82;83;85;86;89;90;92;93;94;97;130;133;134;135;136;137;139;142;145;146;149;153,0.0,0.0,both_nonempty,0,NA,NA
Native155;Immunogen134,empty,2;8,results/13_interface_analysis/formal/complex_model_summary.csv,all_cross_seed_pairs,Native155,Immunogen134,2,8,results/13_interface_analysis/formal/complex_model_summary.csv,project27-160,56;57;58;59;60;62;63;65;99;101;103;104;106;107;108;110;111;113;114;117;118;121;124;156;159,57;58;59;60;62;63;64;65;70;126;129;130;131;133;134;135;136;137;138;139;142;145;146;149;150;152;153;156,0.17777777777777778,0.17777777777777778,both_nonempty,0,NA,NA
Native155;Immunogen134,empty,2;9,results/13_interface_analysis/formal/complex_model_summary.csv,all_cross_seed_pairs,Native155,Immunogen134,2,9,results/13_interface_analysis/formal/complex_model_summary.csv,project27-160,56;57;58;59;60;62;63;65;99;101;103;104;106;107;108;110;111;113;114;117;118;121;124;156;159,71;72;73;75;77;78;79;80;81;82;83;85;86;87;89;90;93;130;131;133;134;135;136;137;139;142;143;145;146;149;153,0.0,0.0,both_nonempty,0,NA,NA
Native155;Immunogen134,empty,2;10,results/13_interface_analysis/formal/complex_model_summary.csv,all_cross_seed_pairs,Native155,Immunogen134,2,10,results/13_interface_analysis/formal/complex_model_summary.csv,project27-160,56;57;58;59;60;62;63;65;99;101;103;104;106;107;108;110;111;113;114;117;118;121;124;156;159,58;61;65;69;70;73;109;110;111;112;113;114;117;118;119;120;121;122;123;124;125;126;127;128;129;130;131;133;136;139;142;146;149;153,0.20408163265306123,0.20408163265306123,both_nonempty,0,NA,NA
Native155;Immunogen134,empty,2;11,results/13_interface_analysis/formal/complex_model_summary.csv,all_cross_seed_pairs,Native155,Immunogen134,2,11,results/13_interface_analysis/formal/complex_model_summary.csv,project27-160,56;57;58;59;60;62;63;65;99;101;103;104;106;107;108;110;111;113;114;117;118;121;124;156;159,27;28;29;31;72;78;79;82;83;85;86;89;90;93;94;133;134;135;136;137;139;142;145;146;149,0.0,0.0,both_nonempty,0,NA,NA
Native155;Immunogen134,empty,2;12,results/13_interface_analysis/formal/complex_model_summary.csv,all_cross_seed_pairs,Native155,Immunogen134,2,12,results/13_interface_analysis/formal/complex_model_summary.csv,project27-160,56;57;58;59;60;62;63;65;99;101;103;104;106;107;108;110;111;113;114;117;118;121;124;156;159,27;28;29;30;31;77;78;79;82;83;85;86;89;90;93;133;134;135;136;137;139;142;145;146;149;153,0.0,0.0,both_nonempty,0,NA,NA
Native155;Immunogen134,empty,2;13,results/13_interface_analysis/formal/complex_model_summary.csv,all_cross_seed_pairs,Native155,Immunogen134,2,13,results/13_interface_analysis/formal/complex_model_summary.csv,project27-160,56;57;58;59;60;62;63;65;99;101;103;104;106;107;108;110;111;113;114;117;118;121;124;156;159,28;29;30;31;32;78;79;80;82;83;85;86;89;90;131;133;134;135;136;137;138;139;142;145;146;149;153,0.0,0.0,both_nonempty,0,NA,NA
Native155;Immunogen134,empty,2;14,results/13_interface_analysis/formal/complex_model_summary.csv,all_cross_seed_pairs,Native155,Immunogen134,2,14,results/13_interface_analysis/formal/complex_model_summary.csv,project27-160,56;57;58;59;60;62;63;65;99;101;103;104;106;107;108;110;111;113;114;117;118;121;124;156;159,46;49;50;53;54;57;60;62;63;64;65;105;106;107;108;109;110;111;113;114;116;117;118;120;121;124;125;127;140;141;144;147;150;151;154;158,0.35555555555555557,0.35555555555555557,both_nonempty,0,NA,NA
Native155;Immunogen134,empty,2;15,results/13_interface_analysis/formal/complex_model_summary.csv,all_cross_seed_pairs,Native155,Immunogen134,2,15,results/13_interface_analysis/formal/complex_model_summary.csv,project27-160,56;57;58;59;60;62;63;65;99;101;103;104;106;107;108;110;111;113;114;117;118;121;124;156;159,58;59;62;63;66;106;110;113;114;117;118;120;121;124;125;127;138;139;140;141;143;144;147;150;154,0.3157894736842105,0.3157894736842105,both_nonempty,0,NA,NA
Native155;Immunogen134,empty,3;1,results/13_interface_analysis/formal/complex_model_summary.csv,all_cross_seed_pairs,Native155,Immunogen134,3,1,results/13_interface_analysis/formal/complex_model_summary.csv,project27-160,58;59;61;62;63;64;65;67;68;69;107;108;109;110;111;113;114;117;118;121;122;125;128;131;134;149;153;156;159;160,55;56;57;58;59;61;62;63;65;66;68;106;107;109;110;111;113;114;117;118;120;150;151;154;158,0.375,0.375,both_nonempty,0,NA,NA
Native155;Immunogen134,empty,3;2,results/13_interface_analysis/formal/complex_model_summary.csv,all_cross_seed_pairs,Native155,Immunogen134,3,2,results/13_interface_analysis/formal/complex_model_summary.csv,project27-160,58;59;61;62;63;64;65;67;68;69;107;108;109;110;111;113;114;117;118;121;122;125;128;131;134;149;153;156;159;160,38;39;40;42;43;45;46;49;50;52;53;68;69;70;73;131;133;134;135;136;137;139;142;143;145;146;149;153;156,0.1346153846153846,0.1346153846153846,both_nonempty,0,NA,NA
Native155;Immunogen134,empty,3;3,results/13_interface_analysis/formal/complex_model_summary.csv,all_cross_seed_pairs,Native155,Immunogen134,3,3,results/13_interface_analysis/formal/complex_model_summary.csv,project27-160,58;59;61;62;63;64;65;67;68;69;107;108;109;110;111;113;114;117;118;121;122;125;128;131;134;149;153;156;159;160,59;60;62;63;64;65;66;67;68;114;116;117;118;120;121;123;124;125;127;128;132;140;143;144;147;150,0.3023255813953488,0.3023255813953488,both_nonempty,0,NA,NA
Native155;Immunogen134,empty,3;4,results/13_interface_analysis/formal/complex_model_summary.csv,all_cross_seed_pairs,Native155,Immunogen134,3,4,results/13_interface_analysis/formal/complex_model_summary.csv,project27-160,58;59;61;62;63;64;65;67;68;69;107;108;109;110;111;113;114;117;118;121;122;125;128;131;134;149;153;156;159;160,58;62;65;69;70;73;109;110;111;112;113;114;117;118;120;121;124;125;127;133;134;135;136;137;142;145;146;149;150;152;153;156,0.37777777777777777,0.37777777777777777,both_nonempty,0,NA,NA
Native155;Immunogen134,empty,3;5,results/13_interface_analysis/formal/complex_model_summary.csv,all_cross_seed_pairs,Native155,Immunogen134,3,5,results/13_interface_analysis/formal/complex_model_summary.csv,project27-160,58;59;61;62;63;64;65;67;68;69;107;108;109;110;111;113;114;117;118;121;122;125;128;131;134;149;153;156;159;160,27;28;29;58;59;62;63;106;107;109;110;113;114;117;118;121;142;146;149;150;152;153;154;156;157;160,0.4,0.4,both_nonempty,0,NA,NA
Native155;Immunogen134,empty,3;6,results/13_interface_analysis/formal/complex_model_summary.csv,all_cross_seed_pairs,Native155,Immunogen134,3,6,results/13_interface_analysis/formal/complex_model_summary.csv,project27-160,58;59;61;62;63;64;65;67;68;69;107;108;109;110;111;113;114;117;118;121;122;125;128;131;134;149;153;156;159;160,56;57;58;59;60;61;62;63;64;65;66;79;82;83;86;87;90;91;94;97;98;133;134;135;136;137;142;145;149;153,0.2,0.2,both_nonempty,0,NA,NA
Native155;Immunogen134,empty,3;7,results/13_interface_analysis/formal/complex_model_summary.csv,all_cross_seed_pairs,Native155,Immunogen134,3,7,results/13_interface_analysis/formal/complex_model_summary.csv,project27-160,58;59;61;62;63;64;65;67;68;69;107;108;109;110;111;113;114;117;118;121;122;125;128;131;134;149;153;156;159;160,27;28;29;30;31;32;33;78;79;82;83;85;86;89;90;92;93;94;97;130;133;134;135;136;137;139;142;145;146;149;153,0.05172413793103448,0.05172413793103448,both_nonempty,0,NA,NA
Native155;Immunogen134,empty,3;8,results/13_interface_analysis/formal/complex_model_summary.csv,all_cross_seed_pairs,Native155,Immunogen134,3,8,results/13_interface_analysis/formal/complex_model_summary.csv,project27-160,58;59;61;62;63;64;65;67;68;69;107;108;109;110;111;113;114;117;118;121;122;125;128;131;134;149;153;156;159;160,57;58;59;60;62;63;64;65;70;126;129;130;131;133;134;135;136;137;138;139;142;145;146;149;150;152;153;156,0.23404255319148937,0.23404255319148937,both_nonempty,0,NA,NA
Native155;Immunogen134,empty,3;9,results/13_interface_analysis/formal/complex_model_summary.csv,all_cross_seed_pairs,Native155,Immunogen134,3,9,results/13_interface_analysis/formal/complex_model_summary.csv,project27-160,58;59;61;62;63;64;65;67;68;69;107;108;109;110;111;113;114;117;118;121;122;125;128;131;134;149;153;156;159;160,71;72;73;75;77;78;79;80;81;82;83;85;86;87;89;90;93;130;131;133;134;135;136;137;139;142;143;145;146;149;153,0.07017543859649122,0.07017543859649122,both_nonempty,0,NA,NA
Native155;Immunogen134,empty,3;10,results/13_interface_analysis/formal/complex_model_summary.csv,all_cross_seed_pairs,Native155,Immunogen134,3,10,results/13_interface_analysis/formal/complex_model_summary.csv,project27-160,58;59;61;62;63;64;65;67;68;69;107;108;109;110;111;113;114;117;118;121;122;125;128;131;134;149;153;156;159;160,58;61;65;69;70;73;109;110;111;112;113;114;117;118;119;120;121;122;123;124;125;126;127;128;129;130;131;133;136;139;142;146;149;153,0.391304347826087,0.391304347826087,both_nonempty,0,NA,NA
Native155;Immunogen134,empty,3;11,results/13_interface_analysis/formal/complex_model_summary.csv,all_cross_seed_pairs,Native155,Immunogen134,3,11,results/13_interface_analysis/formal/complex_model_summary.csv,project27-160,58;59;61;62;63;64;65;67;68;69;107;108;109;110;111;113;114;117;118;121;122;125;128;131;134;149;153;156;159;160,27;28;29;31;72;78;79;82;83;85;86;89;90;93;94;133;134;135;136;137;139;142;145;146;149,0.03773584905660377,0.03773584905660377,both_nonempty,0,NA,NA
Native155;Immunogen134,empty,3;12,results/13_interface_analysis/formal/complex_model_summary.csv,all_cross_seed_pairs,Native155,Immunogen134,3,12,results/13_interface_analysis/formal/complex_model_summary.csv,project27-160,58;59;61;62;63;64;65;67;68;69;107;108;109;110;111;113;114;117;118;121;122;125;128;131;134;149;153;156;159;160,27;28;29;30;31;77;78;79;82;83;85;86;89;90;93;133;134;135;136;137;139;142;145;146;149;153,0.05660377358490566,0.05660377358490566,both_nonempty,0,NA,NA
Native155;Immunogen134,empty,3;13,results/13_interface_analysis/formal/complex_model_summary.csv,all_cross_seed_pairs,Native155,Immunogen134,3,13,results/13_interface_analysis/formal/complex_model_summary.csv,project27-160,58;59;61;62;63;64;65;67;68;69;107;108;109;110;111;113;114;117;118;121;122;125;128;131;134;149;153;156;159;160,28;29;30;31;32;78;79;80;82;83;85;86;89;90;131;133;134;135;136;137;138;139;142;145;146;149;153,0.07547169811320754,0.07547169811320754,both_nonempty,0,NA,NA
Native155;Immunogen134,empty,3;14,results/13_interface_analysis/formal/complex_model_summary.csv,all_cross_seed_pairs,Native155,Immunogen134,3,14,results/13_interface_analysis/formal/complex_model_summary.csv,project27-160,58;59;61;62;63;64;65;67;68;69;107;108;109;110;111;113;114;117;118;121;122;125;128;131;134;149;153;156;159;160,46;49;50;53;54;57;60;62;63;64;65;105;106;107;108;109;110;111;113;114;116;117;118;120;121;124;125;127;140;141;144;147;150;151;154;158,0.29411764705882354,0.29411764705882354,both_nonempty,0,NA,NA
Native155;Immunogen134,empty,3;15,results/13_interface_analysis/formal/complex_model_summary.csv,all_cross_seed_pairs,Native155,Immunogen134,3,15,results/13_interface_analysis/formal/complex_model_summary.csv,project27-160,58;59;61;62;63;64;65;67;68;69;107;108;109;110;111;113;114;117;118;121;122;125;128;131;134;149;153;156;159;160,58;59;62;63;66;106;110;113;114;117;118;120;121;124;125;127;138;139;140;141;143;144;147;150;154,0.25,0.25,both_nonempty,0,NA,NA
Native155;Immunogen134,empty,4;1,results/13_interface_analysis/formal/complex_model_summary.csv,all_cross_seed_pairs,Native155,Immunogen134,4,1,results/13_interface_analysis/formal/complex_model_summary.csv,project27-160,57;58;59;60;62;63;64;65;98;99;100;101;103;104;107;108;110;111;114;115;118;122;125,55;56;57;58;59;61;62;63;65;66;68;106;107;109;110;111;113;114;117;118;120;150;151;154;158,0.2972972972972973,0.2972972972972973,both_nonempty,0,NA,NA
Native155;Immunogen134,empty,4;2,results/13_interface_analysis/formal/complex_model_summary.csv,all_cross_seed_pairs,Native155,Immunogen134,4,2,results/13_interface_analysis/formal/complex_model_summary.csv,project27-160,57;58;59;60;62;63;64;65;98;99;100;101;103;104;107;108;110;111;114;115;118;122;125,38;39;40;42;43;45;46;49;50;52;53;68;69;70;73;131;133;134;135;136;137;139;142;143;145;146;149;153;156,0.0,0.0,both_nonempty,0,NA,NA
Native155;Immunogen134,empty,4;3,results/13_interface_analysis/formal/complex_model_summary.csv,all_cross_seed_pairs,Native155,Immunogen134,4,3,results/13_interface_analysis/formal/complex_model_summary.csv,project27-160,57;58;59;60;62;63;64;65;98;99;100;101;103;104;107;108;110;111;114;115;118;122;125,59;60;62;63;64;65;66;67;68;114;116;117;118;120;121;123;124;125;127;128;132;140;143;144;147;150,0.225,0.225,both_nonempty,0,NA,NA
Native155;Immunogen134,empty,4;4,results/13_interface_analysis/formal/complex_model_summary.csv,all_cross_seed_pairs,Native155,Immunogen134,4,4,results/13_interface_analysis/formal/complex_model_summary.csv,project27-160,57;58;59;60;62;63;64;65;98;99;100;101;103;104;107;108;110;111;114;115;118;122;125,58;62;65;69;70;73;109;110;111;112;113;114;117;118;120;121;124;125;127;133;134;135;136;137;142;145;146;149;150;152;153;156,0.1702127659574468,0.1702127659574468,both_nonempty,0,NA,NA
Native155;Immunogen134,empty,4;5,results/13_interface_analysis/formal/complex_model_summary.csv,all_cross_seed_pairs,Native155,Immunogen134,4,5,results/13_interface_analysis/formal/complex_model_summary.csv,project27-160,57;58;59;60;62;63;64;65;98;99;100;101;103;104;107;108;110;111;114;115;118;122;125,27;28;29;58;59;62;63;106;107;109;110;113;114;117;118;121;142;146;149;150;152;153;154;156;157;160,0.1951219512195122,0.1951219512195122,both_nonempty,0,NA,NA
Native155;Immunogen134,empty,4;6,results/13_interface_analysis/formal/complex_model_summary.csv,all_cross_seed_pairs,Native155,Immunogen134,4,6,results/13_interface_analysis/formal/complex_model_summary.csv,project27-160,57;58;59;60;62;63;64;65;98;99;100;101;103;104;107;108;110;111;114;115;118;122;125,56;57;58;59;60;61;62;63;64;65;66;79;82;83;86;87;90;91;94;97;98;133;134;135;136;137;142;145;149;153,0.20454545454545456,0.20454545454545456,both_nonempty,0,NA,NA
Native155;Immunogen134,empty,4;7,results/13_interface_analysis/formal/complex_model_summary.csv,all_cross_seed_pairs,Native155,Immunogen134,4,7,results/13_interface_analysis/formal/complex_model_summary.csv,project27-160,57;58;59;60;62;63;64;65;98;99;100;101;103;104;107;108;110;111;114;115;118;122;125,27;28;29;30;31;32;33;78;79;82;83;85;86;89;90;92;93;94;97;130;133;134;135;136;137;139;142;145;146;149;153,0.0,0.0,both_nonempty,0,NA,NA
Native155;Immunogen134,empty,4;8,results/13_interface_analysis/formal/complex_model_summary.csv,all_cross_seed_pairs,Native155,Immunogen134,4,8,results/13_interface_analysis/formal/complex_model_summary.csv,project27-160,57;58;59;60;62;63;64;65;98;99;100;101;103;104;107;108;110;111;114;115;118;122;125,57;58;59;60;62;63;64;65;70;126;129;130;131;133;134;135;136;137;138;139;142;145;146;149;150;152;153;156,0.18604651162790697,0.18604651162790697,both_nonempty,0,NA,NA
Native155;Immunogen134,empty,4;9,results/13_interface_analysis/formal/complex_model_summary.csv,all_cross_seed_pairs,Native155,Immunogen134,4,9,results/13_interface_analysis/formal/complex_model_summary.csv,project27-160,57;58;59;60;62;63;64;65;98;99;100;101;103;104;107;108;110;111;114;115;118;122;125,71;72;73;75;77;78;79;80;81;82;83;85;86;87;89;90;93;130;131;133;134;135;136;137;139;142;143;145;146;149;153,0.0,0.0,both_nonempty,0,NA,NA
Native155;Immunogen134,empty,4;10,results/13_interface_analysis/formal/complex_model_summary.csv,all_cross_seed_pairs,Native155,Immunogen134,4,10,results/13_interface_analysis/formal/complex_model_summary.csv,project27-160,57;58;59;60;62;63;64;65;98;99;100;101;103;104;107;108;110;111;114;115;118;122;125,58;61;65;69;70;73;109;110;111;112;113;114;117;118;119;120;121;122;123;124;125;126;127;128;129;130;131;133;136;139;142;146;149;153,0.16326530612244897,0.16326530612244897,both_nonempty,0,NA,NA
Native155;Immunogen134,empty,4;11,results/13_interface_analysis/formal/complex_model_summary.csv,all_cross_seed_pairs,Native155,Immunogen134,4,11,results/13_interface_analysis/formal/complex_model_summary.csv,project27-160,57;58;59;60;62;63;64;65;98;99;100;101;103;104;107;108;110;111;114;115;118;122;125,27;28;29;31;72;78;79;82;83;85;86;89;90;93;94;133;134;135;136;137;139;142;145;146;149,0.0,0.0,both_nonempty,0,NA,NA
Native155;Immunogen134,empty,4;12,results/13_interface_analysis/formal/complex_model_summary.csv,all_cross_seed_pairs,Native155,Immunogen134,4,12,results/13_interface_analysis/formal/complex_model_summary.csv,project27-160,57;58;59;60;62;63;64;65;98;99;100;101;103;104;107;108;110;111;114;115;118;122;125,27;28;29;30;31;77;78;79;82;83;85;86;89;90;93;133;134;135;136;137;139;142;145;146;149;153,0.0,0.0,both_nonempty,0,NA,NA
Native155;Immunogen134,empty,4;13,results/13_interface_analysis/formal/complex_model_summary.csv,all_cross_seed_pairs,Native155,Immunogen134,4,13,results/13_interface_analysis/formal/complex_model_summary.csv,project27-160,57;58;59;60;62;63;64;65;98;99;100;101;103;104;107;108;110;111;114;115;118;122;125,28;29;30;31;32;78;79;80;82;83;85;86;89;90;131;133;134;135;136;137;138;139;142;145;146;149;153,0.0,0.0,both_nonempty,0,NA,NA
Native155;Immunogen134,empty,4;14,results/13_interface_analysis/formal/complex_model_summary.csv,all_cross_seed_pairs,Native155,Immunogen134,4,14,results/13_interface_analysis/formal/complex_model_summary.csv,project27-160,57;58;59;60;62;63;64;65;98;99;100;101;103;104;107;108;110;111;114;115;118;122;125,46;49;50;53;54;57;60;62;63;64;65;105;106;107;108;109;110;111;113;114;116;117;118;120;121;124;125;127;140;141;144;147;150;151;154;158,0.2826086956521739,0.2826086956521739,both_nonempty,0,NA,NA
Native155;Immunogen134,empty,4;15,results/13_interface_analysis/formal/complex_model_summary.csv,all_cross_seed_pairs,Native155,Immunogen134,4,15,results/13_interface_analysis/formal/complex_model_summary.csv,project27-160,57;58;59;60;62;63;64;65;98;99;100;101;103;104;107;108;110;111;114;115;118;122;125,58;59;62;63;66;106;110;113;114;117;118;120;121;124;125;127;138;139;140;141;143;144;147;150;154,0.2,0.2,both_nonempty,0,NA,NA
Native155;Immunogen134,empty,5;1,results/13_interface_analysis/formal/complex_model_summary.csv,all_cross_seed_pairs,Native155,Immunogen134,5,1,results/13_interface_analysis/formal/complex_model_summary.csv,project27-160,57;58;59;60;61;62;63;64;65;98;99;101;103;104;106;107;108;110;111;114;118;121;125,55;56;57;58;59;61;62;63;65;66;68;106;107;109;110;111;113;114;117;118;120;150;151;154;158,0.37142857142857144,0.37142857142857144,both_nonempty,0,NA,NA
Native155;Immunogen134,empty,5;2,results/13_interface_analysis/formal/complex_model_summary.csv,all_cross_seed_pairs,Native155,Immunogen134,5,2,results/13_interface_analysis/formal/complex_model_summary.csv,project27-160,57;58;59;60;61;62;63;64;65;98;99;101;103;104;106;107;108;110;111;114;118;121;125,38;39;40;42;43;45;46;49;50;52;53;68;69;70;73;131;133;134;135;136;137;139;142;143;145;146;149;153;156,0.0,0.0,both_nonempty,0,NA,NA
Native155;Immunogen134,empty,5;3,results/13_interface_analysis/formal/complex_model_summary.csv,all_cross_seed_pairs,Native155,Immunogen134,5,3,results/13_interface_analysis/formal/complex_model_summary.csv,project27-160,57;58;59;60;61;62;63;64;65;98;99;101;103;104;106;107;108;110;111;114;118;121;125,59;60;62;63;64;65;66;67;68;114;116;117;118;120;121;123;124;125;127;128;132;140;143;144;147;150,0.2564102564102564,0.2564102564102564,both_nonempty,0,NA,NA
Native155;Immunogen134,empty,5;4,results/13_interface_analysis/formal/complex_model_summary.csv,all_cross_seed_pairs,Native155,Immunogen134,5,4,results/13_interface_analysis/formal/complex_model_summary.csv,project27-160,57;58;59;60;61;62;63;64;65;98;99;101;103;104;106;107;108;110;111;114;118;121;125,58;62;65;69;70;73;109;110;111;112;113;114;117;118;120;121;124;125;127;133;134;135;136;137;142;145;146;149;150;152;153;156,0.1956521739130435,0.1956521739130435,both_nonempty,0,NA,NA
Native155;Immunogen134,empty,5;5,results/13_interface_analysis/formal/complex_model_summary.csv,all_cross_seed_pairs,Native155,Immunogen134,5,5,results/13_interface_analysis/formal/complex_model_summary.csv,project27-160,57;58;59;60;61;62;63;64;65;98;99;101;103;104;106;107;108;110;111;114;118;121;125,27;28;29;58;59;62;63;106;107;109;110;113;114;117;118;121;142;146;149;150;152;153;154;156;157;160,0.2564102564102564,0.2564102564102564,both_nonempty,0,NA,NA
Native155;Immunogen134,empty,5;6,results/13_interface_analysis/formal/complex_model_summary.csv,all_cross_seed_pairs,Native155,Immunogen134,5,6,results/13_interface_analysis/formal/complex_model_summary.csv,project27-160,57;58;59;60;61;62;63;64;65;98;99;101;103;104;106;107;108;110;111;114;118;121;125,56;57;58;59;60;61;62;63;64;65;66;79;82;83;86;87;90;91;94;97;98;133;134;135;136;137;142;145;149;153,0.23255813953488372,0.23255813953488372,both_nonempty,0,NA,NA
Native155;Immunogen134,empty,5;7,results/13_interface_analysis/formal/complex_model_summary.csv,all_cross_seed_pairs,Native155,Immunogen134,5,7,results/13_interface_analysis/formal/complex_model_summary.csv,project27-160,57;58;59;60;61;62;63;64;65;98;99;101;103;104;106;107;108;110;111;114;118;121;125,27;28;29;30;31;32;33;78;79;82;83;85;86;89;90;92;93;94;97;130;133;134;135;136;137;139;142;145;146;149;153,0.0,0.0,both_nonempty,0,NA,NA
Native155;Immunogen134,empty,5;8,results/13_interface_analysis/formal/complex_model_summary.csv,all_cross_seed_pairs,Native155,Immunogen134,5,8,results/13_interface_analysis/formal/complex_model_summary.csv,project27-160,57;58;59;60;61;62;63;64;65;98;99;101;103;104;106;107;108;110;111;114;118;121;125,57;58;59;60;62;63;64;65;70;126;129;130;131;133;134;135;136;137;138;139;142;145;146;149;150;152;153;156,0.18604651162790697,0.18604651162790697,both_nonempty,0,NA,NA
Native155;Immunogen134,empty,5;9,results/13_interface_analysis/formal/complex_model_summary.csv,all_cross_seed_pairs,Native155,Immunogen134,5,9,results/13_interface_analysis/formal/complex_model_summary.csv,project27-160,57;58;59;60;61;62;63;64;65;98;99;101;103;104;106;107;108;110;111;114;118;121;125,71;72;73;75;77;78;79;80;81;82;83;85;86;87;89;90;93;130;131;133;134;135;136;137;139;142;143;145;146;149;153,0.0,0.0,both_nonempty,0,NA,NA
Native155;Immunogen134,empty,5;10,results/13_interface_analysis/formal/complex_model_summary.csv,all_cross_seed_pairs,Native155,Immunogen134,5,10,results/13_interface_analysis/formal/complex_model_summary.csv,project27-160,57;58;59;60;61;62;63;64;65;98;99;101;103;104;106;107;108;110;111;114;118;121;125,58;61;65;69;70;73;109;110;111;112;113;114;117;118;119;120;121;122;123;124;125;126;127;128;129;130;131;133;136;139;142;146;149;153,0.1875,0.1875,both_nonempty,0,NA,NA
Native155;Immunogen134,empty,5;11,results/13_interface_analysis/formal/complex_model_summary.csv,all_cross_seed_pairs,Native155,Immunogen134,5,11,results/13_interface_analysis/formal/complex_model_summary.csv,project27-160,57;58;59;60;61;62;63;64;65;98;99;101;103;104;106;107;108;110;111;114;118;121;125,27;28;29;31;72;78;79;82;83;85;86;89;90;93;94;133;134;135;136;137;139;142;145;146;149,0.0,0.0,both_nonempty,0,NA,NA
Native155;Immunogen134,empty,5;12,results/13_interface_analysis/formal/complex_model_summary.csv,all_cross_seed_pairs,Native155,Immunogen134,5,12,results/13_interface_analysis/formal/complex_model_summary.csv,project27-160,57;58;59;60;61;62;63;64;65;98;99;101;103;104;106;107;108;110;111;114;118;121;125,27;28;29;30;31;77;78;79;82;83;85;86;89;90;93;133;134;135;136;137;139;142;145;146;149;153,0.0,0.0,both_nonempty,0,NA,NA
Native155;Immunogen134,empty,5;13,results/13_interface_analysis/formal/complex_model_summary.csv,all_cross_seed_pairs,Native155,Immunogen134,5,13,results/13_interface_analysis/formal/complex_model_summary.csv,project27-160,57;58;59;60;61;62;63;64;65;98;99;101;103;104;106;107;108;110;111;114;118;121;125,28;29;30;31;32;78;79;80;82;83;85;86;89;90;131;133;134;135;136;137;138;139;142;145;146;149;153,0.0,0.0,both_nonempty,0,NA,NA
Native155;Immunogen134,empty,5;14,results/13_interface_analysis/formal/complex_model_summary.csv,all_cross_seed_pairs,Native155,Immunogen134,5,14,results/13_interface_analysis/formal/complex_model_summary.csv,project27-160,57;58;59;60;61;62;63;64;65;98;99;101;103;104;106;107;108;110;111;114;118;121;125,46;49;50;53;54;57;60;62;63;64;65;105;106;107;108;109;110;111;113;114;116;117;118;120;121;124;125;127;140;141;144;147;150;151;154;158,0.3409090909090909,0.3409090909090909,both_nonempty,0,NA,NA
Native155;Immunogen134,empty,5;15,results/13_interface_analysis/formal/complex_model_summary.csv,all_cross_seed_pairs,Native155,Immunogen134,5,15,results/13_interface_analysis/formal/complex_model_summary.csv,project27-160,57;58;59;60;61;62;63;64;65;98;99;101;103;104;106;107;108;110;111;114;118;121;125,58;59;62;63;66;106;110;113;114;117;118;120;121;124;125;127;138;139;140;141;143;144;147;150;154,0.2631578947368421,0.2631578947368421,both_nonempty,0,NA,NA
Native155;Immunogen134,empty,6;1,results/13_interface_analysis/formal/complex_model_summary.csv,all_cross_seed_pairs,Native155,Immunogen134,6,1,results/13_interface_analysis/formal/complex_model_summary.csv,project27-160,57;58;59;62;63;65;99;101;103;104;106;107;108;110;111;112;113;114;117;118;121;124;156;159;160,55;56;57;58;59;61;62;63;65;66;68;106;107;109;110;111;113;114;117;118;120;150;151;154;158,0.3888888888888889,0.3888888888888889,both_nonempty,0,NA,NA
Native155;Immunogen134,empty,6;2,results/13_interface_analysis/formal/complex_model_summary.csv,all_cross_seed_pairs,Native155,Immunogen134,6,2,results/13_interface_analysis/formal/complex_model_summary.csv,project27-160,57;58;59;62;63;65;99;101;103;104;106;107;108;110;111;112;113;114;117;118;121;124;156;159;160,38;39;40;42;43;45;46;49;50;52;53;68;69;70;73;131;133;134;135;136;137;139;142;143;145;146;149;153;156,0.018867924528301886,0.018867924528301886,both_nonempty,0,NA,NA
Native155;Immunogen134,empty,6;3,results/13_interface_analysis/formal/complex_model_summary.csv,all_cross_seed_pairs,Native155,Immunogen134,6,3,results/13_interface_analysis/formal/complex_model_summary.csv,project27-160,57;58;59;62;63;65;99;101;103;104;106;107;108;110;111;112;113;114;117;118;121;124;156;159;160,59;60;62;63;64;65;66;67;68;114;116;117;118;120;121;123;124;125;127;128;132;140;143;144;147;150,0.21428571428571427,0.21428571428571427,both_nonempty,0,NA,NA
Native155;Immunogen134,empty,6;4,results/13_interface_analysis/formal/complex_model_summary.csv,all_cross_seed_pairs,Native155,Immunogen134,6,4,results/13_interface_analysis/formal/complex_model_summary.csv,project27-160,57;58;59;62;63;65;99;101;103;104;106;107;108;110;111;112;113;114;117;118;121;124;156;159;160,58;62;65;69;70;73;109;110;111;112;113;114;117;118;120;121;124;125;127;133;134;135;136;137;142;145;146;149;150;152;153;156,0.29545454545454547,0.29545454545454547,both_nonempty,0,NA,NA
Native155;Immunogen134,empty,6;5,results/13_interface_analysis/formal/complex_model_summary.csv,all_cross_seed_pairs,Native155,Immunogen134,6,5,results/13_interface_analysis/formal/complex_model_summary.csv,project27-160,57;58;59;62;63;65;99;101;103;104;106;107;108;110;111;112;113;114;117;118;121;124;156;159;160,27;28;29;58;59;62;63;106;107;109;110;113;114;117;118;121;142;146;149;150;152;153;154;156;157;160,0.3783783783783784,0.3783783783783784,both_nonempty,0,NA,NA
Native155;Immunogen134,empty,6;6,results/13_interface_analysis/formal/complex_model_summary.csv,all_cross_seed_pairs,Native155,Immunogen134,6,6,results/13_interface_analysis/formal/complex_model_summary.csv,project27-160,57;58;59;62;63;65;99;101;103;104;106;107;108;110;111;112;113;114;117;118;121;124;156;159;160,56;57;58;59;60;61;62;63;64;65;66;79;82;83;86;87;90;91;94;97;98;133;134;135;136;137;142;145;149;153,0.12244897959183673,0.12244897959183673,both_nonempty,0,NA,NA
Native155;Immunogen134,empty,6;7,results/13_interface_analysis/formal/complex_model_summary.csv,all_cross_seed_pairs,Native155,Immunogen134,6,7,results/13_interface_analysis/formal/complex_model_summary.csv,project27-160,57;58;59;62;63;65;99;101;103;104;106;107;108;110;111;112;113;114;117;118;121;124;156;159;160,27;28;29;30;31;32;33;78;79;82;83;85;86;89;90;92;93;94;97;130;133;134;135;136;137;139;142;145;146;149;153,0.0,0.0,both_nonempty,0,NA,NA
Native155;Immunogen134,empty,6;8,results/13_interface_analysis/formal/complex_model_summary.csv,all_cross_seed_pairs,Native155,Immunogen134,6,8,results/13_interface_analysis/formal/complex_model_summary.csv,project27-160,57;58;59;62;63;65;99;101;103;104;106;107;108;110;111;112;113;114;117;118;121;124;156;159;160,57;58;59;60;62;63;64;65;70;126;129;130;131;133;134;135;136;137;138;139;142;145;146;149;150;152;153;156,0.15217391304347827,0.15217391304347827,both_nonempty,0,NA,NA
Native155;Immunogen134,empty,6;9,results/13_interface_analysis/formal/complex_model_summary.csv,all_cross_seed_pairs,Native155,Immunogen134,6,9,results/13_interface_analysis/formal/complex_model_summary.csv,project27-160,57;58;59;62;63;65;99;101;103;104;106;107;108;110;111;112;113;114;117;118;121;124;156;159;160,71;72;73;75;77;78;79;80;81;82;83;85;86;87;89;90;93;130;131;133;134;135;136;137;139;142;143;145;146;149;153,0.0,0.0,both_nonempty,0,NA,NA
Native155;Immunogen134,empty,6;10,results/13_interface_analysis/formal/complex_model_summary.csv,all_cross_seed_pairs,Native155,Immunogen134,6,10,results/13_interface_analysis/formal/complex_model_summary.csv,project27-160,57;58;59;62;63;65;99;101;103;104;106;107;108;110;111;112;113;114;117;118;121;124;156;159;160,58;61;65;69;70;73;109;110;111;112;113;114;117;118;119;120;121;122;123;124;125;126;127;128;129;130;131;133;136;139;142;146;149;153,0.22916666666666666,0.22916666666666666,both_nonempty,0,NA,NA
Native155;Immunogen134,empty,6;11,results/13_interface_analysis/formal/complex_model_summary.csv,all_cross_seed_pairs,Native155,Immunogen134,6,11,results/13_interface_analysis/formal/complex_model_summary.csv,project27-160,57;58;59;62;63;65;99;101;103;104;106;107;108;110;111;112;113;114;117;118;121;124;156;159;160,27;28;29;31;72;78;79;82;83;85;86;89;90;93;94;133;134;135;136;137;139;142;145;146;149,0.0,0.0,both_nonempty,0,NA,NA
Native155;Immunogen134,empty,6;12,results/13_interface_analysis/formal/complex_model_summary.csv,all_cross_seed_pairs,Native155,Immunogen134,6,12,results/13_interface_analysis/formal/complex_model_summary.csv,project27-160,57;58;59;62;63;65;99;101;103;104;106;107;108;110;111;112;113;114;117;118;121;124;156;159;160,27;28;29;30;31;77;78;79;82;83;85;86;89;90;93;133;134;135;136;137;139;142;145;146;149;153,0.0,0.0,both_nonempty,0,NA,NA
Native155;Immunogen134,empty,6;13,results/13_interface_analysis/formal/complex_model_summary.csv,all_cross_seed_pairs,Native155,Immunogen134,6,13,results/13_interface_analysis/formal/complex_model_summary.csv,project27-160,57;58;59;62;63;65;99;101;103;104;106;107;108;110;111;112;113;114;117;118;121;124;156;159;160,28;29;30;31;32;78;79;80;82;83;85;86;89;90;131;133;134;135;136;137;138;139;142;145;146;149;153,0.0,0.0,both_nonempty,0,NA,NA
Native155;Immunogen134,empty,6;14,results/13_interface_analysis/formal/complex_model_summary.csv,all_cross_seed_pairs,Native155,Immunogen134,6,14,results/13_interface_analysis/formal/complex_model_summary.csv,project27-160,57;58;59;62;63;65;99;101;103;104;106;107;108;110;111;112;113;114;117;118;121;124;156;159;160,46;49;50;53;54;57;60;62;63;64;65;105;106;107;108;109;110;111;113;114;116;117;118;120;121;124;125;127;140;141;144;147;150;151;154;158,0.32608695652173914,0.32608695652173914,both_nonempty,0,NA,NA
Native155;Immunogen134,empty,6;15,results/13_interface_analysis/formal/complex_model_summary.csv,all_cross_seed_pairs,Native155,Immunogen134,6,15,results/13_interface_analysis/formal/complex_model_summary.csv,project27-160,57;58;59;62;63;65;99;101;103;104;106;107;108;110;111;112;113;114;117;118;121;124;156;159;160,58;59;62;63;66;106;110;113;114;117;118;120;121;124;125;127;138;139;140;141;143;144;147;150;154,0.3157894736842105,0.3157894736842105,both_nonempty,0,NA,NA
Native155;Immunogen134,empty,7;1,results/13_interface_analysis/formal/complex_model_summary.csv,all_cross_seed_pairs,Native155,Immunogen134,7,1,results/13_interface_analysis/formal/complex_model_summary.csv,project27-160,54;56;57;58;59;60;62;63;97;98;99;100;101;102;103;104;107;108;111,55;56;57;58;59;61;62;63;65;66;68;106;107;109;110;111;113;114;117;118;120;150;151;154;158,0.2222222222222222,0.2222222222222222,both_nonempty,0,NA,NA
Native155;Immunogen134,empty,7;2,results/13_interface_analysis/formal/complex_model_summary.csv,all_cross_seed_pairs,Native155,Immunogen134,7,2,results/13_interface_analysis/formal/complex_model_summary.csv,project27-160,54;56;57;58;59;60;62;63;97;98;99;100;101;102;103;104;107;108;111,38;39;40;42;43;45;46;49;50;52;53;68;69;70;73;131;133;134;135;136;137;139;142;143;145;146;149;153;156,0.0,0.0,both_nonempty,0,NA,NA
Native155;Immunogen134,empty,7;3,results/13_interface_analysis/formal/complex_model_summary.csv,all_cross_seed_pairs,Native155,Immunogen134,7,3,results/13_interface_analysis/formal/complex_model_summary.csv,project27-160,54;56;57;58;59;60;62;63;97;98;99;100;101;102;103;104;107;108;111,59;60;62;63;64;65;66;67;68;114;116;117;118;120;121;123;124;125;127;128;132;140;143;144;147;150,0.0975609756097561,0.0975609756097561,both_nonempty,0,NA,NA
Native155;Immunogen134,empty,7;4,results/13_interface_analysis/formal/complex_model_summary.csv,all_cross_seed_pairs,Native155,Immunogen134,7,4,results/13_interface_analysis/formal/complex_model_summary.csv,project27-160,54;56;57;58;59;60;62;63;97;98;99;100;101;102;103;104;107;108;111,58;62;65;69;70;73;109;110;111;112;113;114;117;118;120;121;124;125;127;133;134;135;136;137;142;145;146;149;150;152;153;156,0.0625,0.0625,both_nonempty,0,NA,NA
Native155;Immunogen134,empty,7;5,results/13_interface_analysis/formal/complex_model_summary.csv,all_cross_seed_pairs,Native155,Immunogen134,7,5,results/13_interface_analysis/formal/complex_model_summary.csv,project27-160,54;56;57;58;59;60;62;63;97;98;99;100;101;102;103;104;107;108;111,27;28;29;58;59;62;63;106;107;109;110;113;114;117;118;121;142;146;149;150;152;153;154;156;157;160,0.125,0.125,both_nonempty,0,NA,NA
Native155;Immunogen134,empty,7;6,results/13_interface_analysis/formal/complex_model_summary.csv,all_cross_seed_pairs,Native155,Immunogen134,7,6,results/13_interface_analysis/formal/complex_model_summary.csv,project27-160,54;56;57;58;59;60;62;63;97;98;99;100;101;102;103;104;107;108;111,56;57;58;59;60;61;62;63;64;65;66;79;82;83;86;87;90;91;94;97;98;133;134;135;136;137;142;145;149;153,0.225,0.225,both_nonempty,0,NA,NA
Native155;Immunogen134,empty,7;7,results/13_interface_analysis/formal/complex_model_summary.csv,all_cross_seed_pairs,Native155,Immunogen134,7,7,results/13_interface_analysis/formal/complex_model_summary.csv,project27-160,54;56;57;58;59;60;62;63;97;98;99;100;101;102;103;104;107;108;111,27;28;29;30;31;32;33;78;79;82;83;85;86;89;90;92;93;94;97;130;133;134;135;136;137;139;142;145;146;149;153,0.02040816326530612,0.02040816326530612,both_nonempty,0,NA,NA
Native155;Immunogen134,empty,7;8,results/13_interface_analysis/formal/complex_model_summary.csv,all_cross_seed_pairs,Native155,Immunogen134,7,8,results/13_interface_analysis/formal/complex_model_summary.csv,project27-160,54;56;57;58;59;60;62;63;97;98;99;100;101;102;103;104;107;108;111,57;58;59;60;62;63;64;65;70;126;129;130;131;133;134;135;136;137;138;139;142;145;146;149;150;152;153;156,0.14634146341463414,0.14634146341463414,both_nonempty,0,NA,NA
Native155;Immunogen134,empty,7;9,results/13_interface_analysis/formal/complex_model_summary.csv,all_cross_seed_pairs,Native155,Immunogen134,7,9,results/13_interface_analysis/formal/complex_model_summary.csv,project27-160,54;56;57;58;59;60;62;63;97;98;99;100;101;102;103;104;107;108;111,71;72;73;75;77;78;79;80;81;82;83;85;86;87;89;90;93;130;131;133;134;135;136;137;139;142;143;145;146;149;153,0.0,0.0,both_nonempty,0,NA,NA
Native155;Immunogen134,empty,7;10,results/13_interface_analysis/formal/complex_model_summary.csv,all_cross_seed_pairs,Native155,Immunogen134,7,10,results/13_interface_analysis/formal/complex_model_summary.csv,project27-160,54;56;57;58;59;60;62;63;97;98;99;100;101;102;103;104;107;108;111,58;61;65;69;70;73;109;110;111;112;113;114;117;118;119;120;121;122;123;124;125;126;127;128;129;130;131;133;136;139;142;146;149;153,0.0392156862745098,0.0392156862745098,both_nonempty,0,NA,NA
Native155;Immunogen134,empty,7;11,results/13_interface_analysis/formal/complex_model_summary.csv,all_cross_seed_pairs,Native155,Immunogen134,7,11,results/13_interface_analysis/formal/complex_model_summary.csv,project27-160,54;56;57;58;59;60;62;63;97;98;99;100;101;102;103;104;107;108;111,27;28;29;31;72;78;79;82;83;85;86;89;90;93;94;133;134;135;136;137;139;142;145;146;149,0.0,0.0,both_nonempty,0,NA,NA
Native155;Immunogen134,empty,7;12,results/13_interface_analysis/formal/complex_model_summary.csv,all_cross_seed_pairs,Native155,Immunogen134,7,12,results/13_interface_analysis/formal/complex_model_summary.csv,project27-160,54;56;57;58;59;60;62;63;97;98;99;100;101;102;103;104;107;108;111,27;28;29;30;31;77;78;79;82;83;85;86;89;90;93;133;134;135;136;137;139;142;145;146;149;153,0.0,0.0,both_nonempty,0,NA,NA
Native155;Immunogen134,empty,7;13,results/13_interface_analysis/formal/complex_model_summary.csv,all_cross_seed_pairs,Native155,Immunogen134,7,13,results/13_interface_analysis/formal/complex_model_summary.csv,project27-160,54;56;57;58;59;60;62;63;97;98;99;100;101;102;103;104;107;108;111,28;29;30;31;32;78;79;80;82;83;85;86;89;90;131;133;134;135;136;137;138;139;142;145;146;149;153,0.0,0.0,both_nonempty,0,NA,NA
Native155;Immunogen134,empty,7;14,results/13_interface_analysis/formal/complex_model_summary.csv,all_cross_seed_pairs,Native155,Immunogen134,7,14,results/13_interface_analysis/formal/complex_model_summary.csv,project27-160,54;56;57;58;59;60;62;63;97;98;99;100;101;102;103;104;107;108;111,46;49;50;53;54;57;60;62;63;64;65;105;106;107;108;109;110;111;113;114;116;117;118;120;121;124;125;127;140;141;144;147;150;151;154;158,0.1702127659574468,0.1702127659574468,both_nonempty,0,NA,NA
Native155;Immunogen134,empty,7;15,results/13_interface_analysis/formal/complex_model_summary.csv,all_cross_seed_pairs,Native155,Immunogen134,7,15,results/13_interface_analysis/formal/complex_model_summary.csv,project27-160,54;56;57;58;59;60;62;63;97;98;99;100;101;102;103;104;107;108;111,58;59;62;63;66;106;110;113;114;117;118;120;121;124;125;127;138;139;140;141;143;144;147;150;154,0.1,0.1,both_nonempty,0,NA,NA
Native155;Immunogen134,empty,8;1,results/13_interface_analysis/formal/complex_model_summary.csv,all_cross_seed_pairs,Native155,Immunogen134,8,1,results/13_interface_analysis/formal/complex_model_summary.csv,project27-160,53;54;56;57;58;60;94;97;98;99;100;101;102;103;104;107;108;111,55;56;57;58;59;61;62;63;65;66;68;106;107;109;110;111;113;114;117;118;120;150;151;154;158,0.13157894736842105,0.13157894736842105,both_nonempty,0,NA,NA
Native155;Immunogen134,empty,8;2,results/13_interface_analysis/formal/complex_model_summary.csv,all_cross_seed_pairs,Native155,Immunogen134,8,2,results/13_interface_analysis/formal/complex_model_summary.csv,project27-160,53;54;56;57;58;60;94;97;98;99;100;101;102;103;104;107;108;111,38;39;40;42;43;45;46;49;50;52;53;68;69;70;73;131;133;134;135;136;137;139;142;143;145;146;149;153;156,0.021739130434782608,0.021739130434782608,both_nonempty,0,NA,NA
Native155;Immunogen134,empty,8;3,results/13_interface_analysis/formal/complex_model_summary.csv,all_cross_seed_pairs,Native155,Immunogen134,8,3,results/13_interface_analysis/formal/complex_model_summary.csv,project27-160,53;54;56;57;58;60;94;97;98;99;100;101;102;103;104;107;108;111,59;60;62;63;64;65;66;67;68;114;116;117;118;120;121;123;124;125;127;128;132;140;143;144;147;150,0.023255813953488372,0.023255813953488372,both_nonempty,0,NA,NA
Native155;Immunogen134,empty,8;4,results/13_interface_analysis/formal/complex_model_summary.csv,all_cross_seed_pairs,Native155,Immunogen134,8,4,results/13_interface_analysis/formal/complex_model_summary.csv,project27-160,53;54;56;57;58;60;94;97;98;99;100;101;102;103;104;107;108;111,58;62;65;69;70;73;109;110;111;112;113;114;117;118;120;121;124;125;127;133;134;135;136;137;142;145;146;149;150;152;153;156,0.041666666666666664,0.041666666666666664,both_nonempty,0,NA,NA
Native155;Immunogen134,empty,8;5,results/13_interface_analysis/formal/complex_model_summary.csv,all_cross_seed_pairs,Native155,Immunogen134,8,5,results/13_interface_analysis/formal/complex_model_summary.csv,project27-160,53;54;56;57;58;60;94;97;98;99;100;101;102;103;104;107;108;111,27;28;29;58;59;62;63;106;107;109;110;113;114;117;118;121;142;146;149;150;152;153;154;156;157;160,0.047619047619047616,0.047619047619047616,both_nonempty,0,NA,NA
Native155;Immunogen134,empty,8;6,results/13_interface_analysis/formal/complex_model_summary.csv,all_cross_seed_pairs,Native155,Immunogen134,8,6,results/13_interface_analysis/formal/complex_model_summary.csv,project27-160,53;54;56;57;58;60;94;97;98;99;100;101;102;103;104;107;108;111,56;57;58;59;60;61;62;63;64;65;66;79;82;83;86;87;90;91;94;97;98;133;134;135;136;137;142;145;149;153,0.17073170731707318,0.17073170731707318,both_nonempty,0,NA,NA
Native155;Immunogen134,empty,8;7,results/13_interface_analysis/formal/complex_model_summary.csv,all_cross_seed_pairs,Native155,Immunogen134,8,7,results/13_interface_analysis/formal/complex_model_summary.csv,project27-160,53;54;56;57;58;60;94;97;98;99;100;101;102;103;104;107;108;111,27;28;29;30;31;32;33;78;79;82;83;85;86;89;90;92;93;94;97;130;133;134;135;136;137;139;142;145;146;149;153,0.0425531914893617,0.0425531914893617,both_nonempty,0,NA,NA
Native155;Immunogen134,empty,8;8,results/13_interface_analysis/formal/complex_model_summary.csv,all_cross_seed_pairs,Native155,Immunogen134,8,8,results/13_interface_analysis/formal/complex_model_summary.csv,project27-160,53;54;56;57;58;60;94;97;98;99;100;101;102;103;104;107;108;111,57;58;59;60;62;63;64;65;70;126;129;130;131;133;134;135;136;137;138;139;142;145;146;149;150;152;153;156,0.06976744186046512,0.06976744186046512,both_nonempty,0,NA,NA
Native155;Immunogen134,empty,8;9,results/13_interface_analysis/formal/complex_model_summary.csv,all_cross_seed_pairs,Native155,Immunogen134,8,9,results/13_interface_analysis/formal/complex_model_summary.csv,project27-160,53;54;56;57;58;60;94;97;98;99;100;101;102;103;104;107;108;111,71;72;73;75;77;78;79;80;81;82;83;85;86;87;89;90;93;130;131;133;134;135;136;137;139;142;143;145;146;149;153,0.0,0.0,both_nonempty,0,NA,NA
Native155;Immunogen134,empty,8;10,results/13_interface_analysis/formal/complex_model_summary.csv,all_cross_seed_pairs,Native155,Immunogen134,8,10,results/13_interface_analysis/formal/complex_model_summary.csv,project27-160,53;54;56;57;58;60;94;97;98;99;100;101;102;103;104;107;108;111,58;61;65;69;70;73;109;110;111;112;113;114;117;118;119;120;121;122;123;124;125;126;127;128;129;130;131;133;136;139;142;146;149;153,0.04,0.04,both_nonempty,0,NA,NA
Native155;Immunogen134,empty,8;11,results/13_interface_analysis/formal/complex_model_summary.csv,all_cross_seed_pairs,Native155,Immunogen134,8,11,results/13_interface_analysis/formal/complex_model_summary.csv,project27-160,53;54;56;57;58;60;94;97;98;99;100;101;102;103;104;107;108;111,27;28;29;31;72;78;79;82;83;85;86;89;90;93;94;133;134;135;136;137;139;142;145;146;149,0.023809523809523808,0.023809523809523808,both_nonempty,0,NA,NA
Native155;Immunogen134,empty,8;12,results/13_interface_analysis/formal/complex_model_summary.csv,all_cross_seed_pairs,Native155,Immunogen134,8,12,results/13_interface_analysis/formal/complex_model_summary.csv,project27-160,53;54;56;57;58;60;94;97;98;99;100;101;102;103;104;107;108;111,27;28;29;30;31;77;78;79;82;83;85;86;89;90;93;133;134;135;136;137;139;142;145;146;149;153,0.0,0.0,both_nonempty,0,NA,NA
Native155;Immunogen134,empty,8;13,results/13_interface_analysis/formal/complex_model_summary.csv,all_cross_seed_pairs,Native155,Immunogen134,8,13,results/13_interface_analysis/formal/complex_model_summary.csv,project27-160,53;54;56;57;58;60;94;97;98;99;100;101;102;103;104;107;108;111,28;29;30;31;32;78;79;80;82;83;85;86;89;90;131;133;134;135;136;137;138;139;142;145;146;149;153,0.0,0.0,both_nonempty,0,NA,NA
Native155;Immunogen134,empty,8;14,results/13_interface_analysis/formal/complex_model_summary.csv,all_cross_seed_pairs,Native155,Immunogen134,8,14,results/13_interface_analysis/formal/complex_model_summary.csv,project27-160,53;54;56;57;58;60;94;97;98;99;100;101;102;103;104;107;108;111,46;49;50;53;54;57;60;62;63;64;65;105;106;107;108;109;110;111;113;114;116;117;118;120;121;124;125;127;140;141;144;147;150;151;154;158,0.14893617021276595,0.14893617021276595,both_nonempty,0,NA,NA
Native155;Immunogen134,empty,8;15,results/13_interface_analysis/formal/complex_model_summary.csv,all_cross_seed_pairs,Native155,Immunogen134,8,15,results/13_interface_analysis/formal/complex_model_summary.csv,project27-160,53;54;56;57;58;60;94;97;98;99;100;101;102;103;104;107;108;111,58;59;62;63;66;106;110;113;114;117;118;120;121;124;125;127;138;139;140;141;143;144;147;150;154,0.023809523809523808,0.023809523809523808,both_nonempty,0,NA,NA
Native155;Immunogen134,empty,9;1,results/13_interface_analysis/formal/complex_model_summary.csv,all_cross_seed_pairs,Native155,Immunogen134,9,1,results/13_interface_analysis/formal/complex_model_summary.csv,project27-160,57;58;59;60;61;62;63;64;65;98;99;100;101;103;104;106;107;108;110;111;112;114;115;117;118;125,55;56;57;58;59;61;62;63;65;66;68;106;107;109;110;111;113;114;117;118;120;150;151;154;158,0.3783783783783784,0.3783783783783784,both_nonempty,0,NA,NA
Native155;Immunogen134,empty,9;2,results/13_interface_analysis/formal/complex_model_summary.csv,all_cross_seed_pairs,Native155,Immunogen134,9,2,results/13_interface_analysis/formal/complex_model_summary.csv,project27-160,57;58;59;60;61;62;63;64;65;98;99;100;101;103;104;106;107;108;110;111;112;114;115;117;118;125,38;39;40;42;43;45;46;49;50;52;53;68;69;70;73;131;133;134;135;136;137;139;142;143;145;146;149;153;156,0.0,0.0,both_nonempty,0,NA,NA
Native155;Immunogen134,empty,9;3,results/13_interface_analysis/formal/complex_model_summary.csv,all_cross_seed_pairs,Native155,Immunogen134,9,3,results/13_interface_analysis/formal/complex_model_summary.csv,project27-160,57;58;59;60;61;62;63;64;65;98;99;100;101;103;104;106;107;108;110;111;112;114;115;117;118;125,59;60;62;63;64;65;66;67;68;114;116;117;118;120;121;123;124;125;127;128;132;140;143;144;147;150,0.23809523809523808,0.23809523809523808,both_nonempty,0,NA,NA
Native155;Immunogen134,empty,9;4,results/13_interface_analysis/formal/complex_model_summary.csv,all_cross_seed_pairs,Native155,Immunogen134,9,4,results/13_interface_analysis/formal/complex_model_summary.csv,project27-160,57;58;59;60;61;62;63;64;65;98;99;100;101;103;104;106;107;108;110;111;112;114;115;117;118;125,58;62;65;69;70;73;109;110;111;112;113;114;117;118;120;121;124;125;127;133;134;135;136;137;142;145;146;149;150;152;153;156,0.20833333333333334,0.20833333333333334,both_nonempty,0,NA,NA
Native155;Immunogen134,empty,9;5,results/13_interface_analysis/formal/complex_model_summary.csv,all_cross_seed_pairs,Native155,Immunogen134,9,5,results/13_interface_analysis/formal/complex_model_summary.csv,project27-160,57;58;59;60;61;62;63;64;65;98;99;100;101;103;104;106;107;108;110;111;112;114;115;117;118;125,27;28;29;58;59;62;63;106;107;109;110;113;114;117;118;121;142;146;149;150;152;153;154;156;157;160,0.23809523809523808,0.23809523809523808,both_nonempty,0,NA,NA
Native155;Immunogen134,empty,9;6,results/13_interface_analysis/formal/complex_model_summary.csv,all_cross_seed_pairs,Native155,Immunogen134,9,6,results/13_interface_analysis/formal/complex_model_summary.csv,project27-160,57;58;59;60;61;62;63;64;65;98;99;100;101;103;104;106;107;108;110;111;112;114;115;117;118;125,56;57;58;59;60;61;62;63;64;65;66;79;82;83;86;87;90;91;94;97;98;133;134;135;136;137;142;145;149;153,0.21739130434782608,0.21739130434782608,both_nonempty,0,NA,NA
Native155;Immunogen134,empty,9;7,results/13_interface_analysis/formal/complex_model_summary.csv,all_cross_seed_pairs,Native155,Immunogen134,9,7,results/13_interface_analysis/formal/complex_model_summary.csv,project27-160,57;58;59;60;61;62;63;64;65;98;99;100;101;103;104;106;107;108;110;111;112;114;115;117;118;125,27;28;29;30;31;32;33;78;79;82;83;85;86;89;90;92;93;94;97;130;133;134;135;136;137;139;142;145;146;149;153,0.0,0.0,both_nonempty,0,NA,NA
Native155;Immunogen134,empty,9;8,results/13_interface_analysis/formal/complex_model_summary.csv,all_cross_seed_pairs,Native155,Immunogen134,9,8,results/13_interface_analysis/formal/complex_model_summary.csv,project27-160,57;58;59;60;61;62;63;64;65;98;99;100;101;103;104;106;107;108;110;111;112;114;115;117;118;125,57;58;59;60;62;63;64;65;70;126;129;130;131;133;134;135;136;137;138;139;142;145;146;149;150;152;153;156,0.17391304347826086,0.17391304347826086,both_nonempty,0,NA,NA
Native155;Immunogen134,empty,9;9,results/13_interface_analysis/formal/complex_model_summary.csv,all_cross_seed_pairs,Native155,Immunogen134,9,9,results/13_interface_analysis/formal/complex_model_summary.csv,project27-160,57;58;59;60;61;62;63;64;65;98;99;100;101;103;104;106;107;108;110;111;112;114;115;117;118;125,71;72;73;75;77;78;79;80;81;82;83;85;86;87;89;90;93;130;131;133;134;135;136;137;139;142;143;145;146;149;153,0.0,0.0,both_nonempty,0,NA,NA
Native155;Immunogen134,empty,9;10,results/13_interface_analysis/formal/complex_model_summary.csv,all_cross_seed_pairs,Native155,Immunogen134,9,10,results/13_interface_analysis/formal/complex_model_summary.csv,project27-160,57;58;59;60;61;62;63;64;65;98;99;100;101;103;104;106;107;108;110;111;112;114;115;117;118;125,58;61;65;69;70;73;109;110;111;112;113;114;117;118;119;120;121;122;123;124;125;126;127;128;129;130;131;133;136;139;142;146;149;153,0.2,0.2,both_nonempty,0,NA,NA
Native155;Immunogen134,empty,9;11,results/13_interface_analysis/formal/complex_model_summary.csv,all_cross_seed_pairs,Native155,Immunogen134,9,11,results/13_interface_analysis/formal/complex_model_summary.csv,project27-160,57;58;59;60;61;62;63;64;65;98;99;100;101;103;104;106;107;108;110;111;112;114;115;117;118;125,27;28;29;31;72;78;79;82;83;85;86;89;90;93;94;133;134;135;136;137;139;142;145;146;149,0.0,0.0,both_nonempty,0,NA,NA
Native155;Immunogen134,empty,9;12,results/13_interface_analysis/formal/complex_model_summary.csv,all_cross_seed_pairs,Native155,Immunogen134,9,12,results/13_interface_analysis/formal/complex_model_summary.csv,project27-160,57;58;59;60;61;62;63;64;65;98;99;100;101;103;104;106;107;108;110;111;112;114;115;117;118;125,27;28;29;30;31;77;78;79;82;83;85;86;89;90;93;133;134;135;136;137;139;142;145;146;149;153,0.0,0.0,both_nonempty,0,NA,NA
Native155;Immunogen134,empty,9;13,results/13_interface_analysis/formal/complex_model_summary.csv,all_cross_seed_pairs,Native155,Immunogen134,9,13,results/13_interface_analysis/formal/complex_model_summary.csv,project27-160,57;58;59;60;61;62;63;64;65;98;99;100;101;103;104;106;107;108;110;111;112;114;115;117;118;125,28;29;30;31;32;78;79;80;82;83;85;86;89;90;131;133;134;135;136;137;138;139;142;145;146;149;153,0.0,0.0,both_nonempty,0,NA,NA
Native155;Immunogen134,empty,9;14,results/13_interface_analysis/formal/complex_model_summary.csv,all_cross_seed_pairs,Native155,Immunogen134,9,14,results/13_interface_analysis/formal/complex_model_summary.csv,project27-160,57;58;59;60;61;62;63;64;65;98;99;100;101;103;104;106;107;108;110;111;112;114;115;117;118;125,46;49;50;53;54;57;60;62;63;64;65;105;106;107;108;109;110;111;113;114;116;117;118;120;121;124;125;127;140;141;144;147;150;151;154;158,0.3191489361702128,0.3191489361702128,both_nonempty,0,NA,NA
Native155;Immunogen134,empty,9;15,results/13_interface_analysis/formal/complex_model_summary.csv,all_cross_seed_pairs,Native155,Immunogen134,9,15,results/13_interface_analysis/formal/complex_model_summary.csv,project27-160,57;58;59;60;61;62;63;64;65;98;99;100;101;103;104;106;107;108;110;111;112;114;115;117;118;125,58;59;62;63;66;106;110;113;114;117;118;120;121;124;125;127;138;139;140;141;143;144;147;150;154,0.24390243902439024,0.24390243902439024,both_nonempty,0,NA,NA
Native155;Immunogen134,empty,10;1,results/13_interface_analysis/formal/complex_model_summary.csv,all_cross_seed_pairs,Native155,Immunogen134,10,1,results/13_interface_analysis/formal/complex_model_summary.csv,project27-160,57;58;59;61;62;63;64;65;66;99;103;104;106;107;108;110;111;114;115;117;118;121;122;125,55;56;57;58;59;61;62;63;65;66;68;106;107;109;110;111;113;114;117;118;120;150;151;154;158,0.4411764705882353,0.4411764705882353,both_nonempty,0,NA,NA
Native155;Immunogen134,empty,10;2,results/13_interface_analysis/formal/complex_model_summary.csv,all_cross_seed_pairs,Native155,Immunogen134,10,2,results/13_interface_analysis/formal/complex_model_summary.csv,project27-160,57;58;59;61;62;63;64;65;66;99;103;104;106;107;108;110;111;114;115;117;118;121;122;125,38;39;40;42;43;45;46;49;50;52;53;68;69;70;73;131;133;134;135;136;137;139;142;143;145;146;149;153;156,0.0,0.0,both_nonempty,0,NA,NA
Native155;Immunogen134,empty,10;3,results/13_interface_analysis/formal/complex_model_summary.csv,all_cross_seed_pairs,Native155,Immunogen134,10,3,results/13_interface_analysis/formal/complex_model_summary.csv,project27-160,57;58;59;61;62;63;64;65;66;99;103;104;106;107;108;110;111;114;115;117;118;121;122;125,59;60;62;63;64;65;66;67;68;114;116;117;118;120;121;123;124;125;127;128;132;140;143;144;147;150,0.28205128205128205,0.28205128205128205,both_nonempty,0,NA,NA
Native155;Immunogen134,empty,10;4,results/13_interface_analysis/formal/complex_model_summary.csv,all_cross_seed_pairs,Native155,Immunogen134,10,4,results/13_interface_analysis/formal/complex_model_summary.csv,project27-160,57;58;59;61;62;63;64;65;66;99;103;104;106;107;108;110;111;114;115;117;118;121;122;125,58;62;65;69;70;73;109;110;111;112;113;114;117;118;120;121;124;125;127;133;134;135;136;137;142;145;146;149;150;152;153;156,0.21739130434782608,0.21739130434782608,both_nonempty,0,NA,NA
Native155;Immunogen134,empty,10;5,results/13_interface_analysis/formal/complex_model_summary.csv,all_cross_seed_pairs,Native155,Immunogen134,10,5,results/13_interface_analysis/formal/complex_model_summary.csv,project27-160,57;58;59;61;62;63;64;65;66;99;103;104;106;107;108;110;111;114;115;117;118;121;122;125,27;28;29;58;59;62;63;106;107;109;110;113;114;117;118;121;142;146;149;150;152;153;154;156;157;160,0.28205128205128205,0.28205128205128205,both_nonempty,0,NA,NA
Native155;Immunogen134,empty,10;6,results/13_interface_analysis/formal/complex_model_summary.csv,all_cross_seed_pairs,Native155,Immunogen134,10,6,results/13_interface_analysis/formal/complex_model_summary.csv,project27-160,57;58;59;61;62;63;64;65;66;99;103;104;106;107;108;110;111;114;115;117;118;121;122;125,56;57;58;59;60;61;62;63;64;65;66;79;82;83;86;87;90;91;94;97;98;133;134;135;136;137;142;145;149;153,0.2,0.2,both_nonempty,0,NA,NA
Native155;Immunogen134,empty,10;7,results/13_interface_analysis/formal/complex_model_summary.csv,all_cross_seed_pairs,Native155,Immunogen134,10,7,results/13_interface_analysis/formal/complex_model_summary.csv,project27-160,57;58;59;61;62;63;64;65;66;99;103;104;106;107;108;110;111;114;115;117;118;121;122;125,27;28;29;30;31;32;33;78;79;82;83;85;86;89;90;92;93;94;97;130;133;134;135;136;137;139;142;145;146;149;153,0.0,0.0,both_nonempty,0,NA,NA
Native155;Immunogen134,empty,10;8,results/13_interface_analysis/formal/complex_model_summary.csv,all_cross_seed_pairs,Native155,Immunogen134,10,8,results/13_interface_analysis/formal/complex_model_summary.csv,project27-160,57;58;59;61;62;63;64;65;66;99;103;104;106;107;108;110;111;114;115;117;118;121;122;125,57;58;59;60;62;63;64;65;70;126;129;130;131;133;134;135;136;137;138;139;142;145;146;149;150;152;153;156,0.15555555555555556,0.15555555555555556,both_nonempty,0,NA,NA
Native155;Immunogen134,empty,10;9,results/13_interface_analysis/formal/complex_model_summary.csv,all_cross_seed_pairs,Native155,Immunogen134,10,9,results/13_interface_analysis/formal/complex_model_summary.csv,project27-160,57;58;59;61;62;63;64;65;66;99;103;104;106;107;108;110;111;114;115;117;118;121;122;125,71;72;73;75;77;78;79;80;81;82;83;85;86;87;89;90;93;130;131;133;134;135;136;137;139;142;143;145;146;149;153,0.0,0.0,both_nonempty,0,NA,NA
Native155;Immunogen134,empty,10;10,results/13_interface_analysis/formal/complex_model_summary.csv,all_cross_seed_pairs,Native155,Immunogen134,10,10,results/13_interface_analysis/formal/complex_model_summary.csv,project27-160,57;58;59;61;62;63;64;65;66;99;103;104;106;107;108;110;111;114;115;117;118;121;122;125,58;61;65;69;70;73;109;110;111;112;113;114;117;118;119;120;121;122;123;124;125;126;127;128;129;130;131;133;136;139;142;146;149;153,0.23404255319148937,0.23404255319148937,both_nonempty,0,NA,NA
Native155;Immunogen134,empty,10;11,results/13_interface_analysis/formal/complex_model_summary.csv,all_cross_seed_pairs,Native155,Immunogen134,10,11,results/13_interface_analysis/formal/complex_model_summary.csv,project27-160,57;58;59;61;62;63;64;65;66;99;103;104;106;107;108;110;111;114;115;117;118;121;122;125,27;28;29;31;72;78;79;82;83;85;86;89;90;93;94;133;134;135;136;137;139;142;145;146;149,0.0,0.0,both_nonempty,0,NA,NA
Native155;Immunogen134,empty,10;12,results/13_interface_analysis/formal/complex_model_summary.csv,all_cross_seed_pairs,Native155,Immunogen134,10,12,results/13_interface_analysis/formal/complex_model_summary.csv,project27-160,57;58;59;61;62;63;64;65;66;99;103;104;106;107;108;110;111;114;115;117;118;121;122;125,27;28;29;30;31;77;78;79;82;83;85;86;89;90;93;133;134;135;136;137;139;142;145;146;149;153,0.0,0.0,both_nonempty,0,NA,NA
Native155;Immunogen134,empty,10;13,results/13_interface_analysis/formal/complex_model_summary.csv,all_cross_seed_pairs,Native155,Immunogen134,10,13,results/13_interface_analysis/formal/complex_model_summary.csv,project27-160,57;58;59;61;62;63;64;65;66;99;103;104;106;107;108;110;111;114;115;117;118;121;122;125,28;29;30;31;32;78;79;80;82;83;85;86;89;90;131;133;134;135;136;137;138;139;142;145;146;149;153,0.0,0.0,both_nonempty,0,NA,NA
Native155;Immunogen134,empty,10;14,results/13_interface_analysis/formal/complex_model_summary.csv,all_cross_seed_pairs,Native155,Immunogen134,10,14,results/13_interface_analysis/formal/complex_model_summary.csv,project27-160,57;58;59;61;62;63;64;65;66;99;103;104;106;107;108;110;111;114;115;117;118;121;122;125,46;49;50;53;54;57;60;62;63;64;65;105;106;107;108;109;110;111;113;114;116;117;118;120;121;124;125;127;140;141;144;147;150;151;154;158,0.3333333333333333,0.3333333333333333,both_nonempty,0,NA,NA
Native155;Immunogen134,empty,10;15,results/13_interface_analysis/formal/complex_model_summary.csv,all_cross_seed_pairs,Native155,Immunogen134,10,15,results/13_interface_analysis/formal/complex_model_summary.csv,project27-160,57;58;59;61;62;63;64;65;66;99;103;104;106;107;108;110;111;114;115;117;118;121;122;125,58;59;62;63;66;106;110;113;114;117;118;120;121;124;125;127;138;139;140;141;143;144;147;150;154,0.32432432432432434,0.32432432432432434,both_nonempty,0,NA,NA
Native155;Immunogen134,empty,11;1,results/13_interface_analysis/formal/complex_model_summary.csv,all_cross_seed_pairs,Native155,Immunogen134,11,1,results/13_interface_analysis/formal/complex_model_summary.csv,project27-160,58;59;62;65;98;99;100;101;103;104;106;107;110;113;114;117;118;120;121;156;159,55;56;57;58;59;61;62;63;65;66;68;106;107;109;110;111;113;114;117;118;120;150;151;154;158,0.35294117647058826,0.35294117647058826,both_nonempty,0,NA,NA
Native155;Immunogen134,empty,11;2,results/13_interface_analysis/formal/complex_model_summary.csv,all_cross_seed_pairs,Native155,Immunogen134,11,2,results/13_interface_analysis/formal/complex_model_summary.csv,project27-160,58;59;62;65;98;99;100;101;103;104;106;107;110;113;114;117;118;120;121;156;159,38;39;40;42;43;45;46;49;50;52;53;68;69;70;73;131;133;134;135;136;137;139;142;143;145;146;149;153;156,0.02040816326530612,0.02040816326530612,both_nonempty,0,NA,NA
Native155;Immunogen134,empty,11;3,results/13_interface_analysis/formal/complex_model_summary.csv,all_cross_seed_pairs,Native155,Immunogen134,11,3,results/13_interface_analysis/formal/complex_model_summary.csv,project27-160,58;59;62;65;98;99;100;101;103;104;106;107;110;113;114;117;118;120;121;156;159,59;60;62;63;64;65;66;67;68;114;116;117;118;120;121;123;124;125;127;128;132;140;143;144;147;150,0.20512820512820512,0.20512820512820512,both_nonempty,0,NA,NA
Native155;Immunogen134,empty,11;4,results/13_interface_analysis/formal/complex_model_summary.csv,all_cross_seed_pairs,Native155,Immunogen134,11,4,results/13_interface_analysis/formal/complex_model_summary.csv,project27-160,58;59;62;65;98;99;100;101;103;104;106;107;110;113;114;117;118;120;121;156;159,58;62;65;69;70;73;109;110;111;112;113;114;117;118;120;121;124;125;127;133;134;135;136;137;142;145;146;149;150;152;153;156,0.2619047619047619,0.2619047619047619,both_nonempty,0,NA,NA
Native155;Immunogen134,empty,11;5,results/13_interface_analysis/formal/complex_model_summary.csv,all_cross_seed_pairs,Native155,Immunogen134,11,5,results/13_interface_analysis/formal/complex_model_summary.csv,project27-160,58;59;62;65;98;99;100;101;103;104;106;107;110;113;114;117;118;120;121;156;159,27;28;29;58;59;62;63;106;107;109;110;113;114;117;118;121;142;146;149;150;152;153;154;156;157;160,0.34285714285714286,0.34285714285714286,both_nonempty,0,NA,NA
Native155;Immunogen134,empty,11;6,results/13_interface_analysis/formal/complex_model_summary.csv,all_cross_seed_pairs,Native155,Immunogen134,11,6,results/13_interface_analysis/formal/complex_model_summary.csv,project27-160,58;59;62;65;98;99;100;101;103;104;106;107;110;113;114;117;118;120;121;156;159,56;57;58;59;60;61;62;63;64;65;66;79;82;83;86;87;90;91;94;97;98;133;134;135;136;137;142;145;149;153,0.10869565217391304,0.10869565217391304,both_nonempty,0,NA,NA
Native155;Immunogen134,empty,11;7,results/13_interface_analysis/formal/complex_model_summary.csv,all_cross_seed_pairs,Native155,Immunogen134,11,7,results/13_interface_analysis/formal/complex_model_summary.csv,project27-160,58;59;62;65;98;99;100;101;103;104;106;107;110;113;114;117;118;120;121;156;159,27;28;29;30;31;32;33;78;79;82;83;85;86;89;90;92;93;94;97;130;133;134;135;136;137;139;142;145;146;149;153,0.0,0.0,both_nonempty,0,NA,NA
Native155;Immunogen134,empty,11;8,results/13_interface_analysis/formal/complex_model_summary.csv,all_cross_seed_pairs,Native155,Immunogen134,11,8,results/13_interface_analysis/formal/complex_model_summary.csv,project27-160,58;59;62;65;98;99;100;101;103;104;106;107;110;113;114;117;118;120;121;156;159,57;58;59;60;62;63;64;65;70;126;129;130;131;133;134;135;136;137;138;139;142;145;146;149;150;152;153;156,0.11363636363636363,0.11363636363636363,both_nonempty,0,NA,NA
Native155;Immunogen134,empty,11;9,results/13_interface_analysis/formal/complex_model_summary.csv,all_cross_seed_pairs,Native155,Immunogen134,11,9,results/13_interface_analysis/formal/complex_model_summary.csv,project27-160,58;59;62;65;98;99;100;101;103;104;106;107;110;113;114;117;118;120;121;156;159,71;72;73;75;77;78;79;80;81;82;83;85;86;87;89;90;93;130;131;133;134;135;136;137;139;142;143;145;146;149;153,0.0,0.0,both_nonempty,0,NA,NA
Native155;Immunogen134,empty,11;10,results/13_interface_analysis/formal/complex_model_summary.csv,all_cross_seed_pairs,Native155,Immunogen134,11,10,results/13_interface_analysis/formal/complex_model_summary.csv,project27-160,58;59;62;65;98;99;100;101;103;104;106;107;110;113;114;117;118;120;121;156;159,58;61;65;69;70;73;109;110;111;112;113;114;117;118;119;120;121;122;123;124;125;126;127;128;129;130;131;133;136;139;142;146;149;153,0.1956521739130435,0.1956521739130435,both_nonempty,0,NA,NA
Native155;Immunogen134,empty,11;11,results/13_interface_analysis/formal/complex_model_summary.csv,all_cross_seed_pairs,Native155,Immunogen134,11,11,results/13_interface_analysis/formal/complex_model_summary.csv,project27-160,58;59;62;65;98;99;100;101;103;104;106;107;110;113;114;117;118;120;121;156;159,27;28;29;31;72;78;79;82;83;85;86;89;90;93;94;133;134;135;136;137;139;142;145;146;149,0.0,0.0,both_nonempty,0,NA,NA
Native155;Immunogen134,empty,11;12,results/13_interface_analysis/formal/complex_model_summary.csv,all_cross_seed_pairs,Native155,Immunogen134,11,12,results/13_interface_analysis/formal/complex_model_summary.csv,project27-160,58;59;62;65;98;99;100;101;103;104;106;107;110;113;114;117;118;120;121;156;159,27;28;29;30;31;77;78;79;82;83;85;86;89;90;93;133;134;135;136;137;139;142;145;146;149;153,0.0,0.0,both_nonempty,0,NA,NA
Native155;Immunogen134,empty,11;13,results/13_interface_analysis/formal/complex_model_summary.csv,all_cross_seed_pairs,Native155,Immunogen134,11,13,results/13_interface_analysis/formal/complex_model_summary.csv,project27-160,58;59;62;65;98;99;100;101;103;104;106;107;110;113;114;117;118;120;121;156;159,28;29;30;31;32;78;79;80;82;83;85;86;89;90;131;133;134;135;136;137;138;139;142;145;146;149;153,0.0,0.0,both_nonempty,0,NA,NA
Native155;Immunogen134,empty,11;14,results/13_interface_analysis/formal/complex_model_summary.csv,all_cross_seed_pairs,Native155,Immunogen134,11,14,results/13_interface_analysis/formal/complex_model_summary.csv,project27-160,58;59;62;65;98;99;100;101;103;104;106;107;110;113;114;117;118;120;121;156;159,46;49;50;53;54;57;60;62;63;64;65;105;106;107;108;109;110;111;113;114;116;117;118;120;121;124;125;127;140;141;144;147;150;151;154;158,0.2391304347826087,0.2391304347826087,both_nonempty,0,NA,NA
Native155;Immunogen134,empty,11;15,results/13_interface_analysis/formal/complex_model_summary.csv,all_cross_seed_pairs,Native155,Immunogen134,11,15,results/13_interface_analysis/formal/complex_model_summary.csv,project27-160,58;59;62;65;98;99;100;101;103;104;106;107;110;113;114;117;118;120;121;156;159,58;59;62;63;66;106;110;113;114;117;118;120;121;124;125;127;138;139;140;141;143;144;147;150;154,0.3142857142857143,0.3142857142857143,both_nonempty,0,NA,NA
Native155;Immunogen134,empty,12;1,results/13_interface_analysis/formal/complex_model_summary.csv,all_cross_seed_pairs,Native155,Immunogen134,12,1,results/13_interface_analysis/formal/complex_model_summary.csv,project27-160,58;59;62;63;65;99;101;103;104;107;108;110;111;113;114;117;118;121,55;56;57;58;59;61;62;63;65;66;68;106;107;109;110;111;113;114;117;118;120;150;151;154;158,0.3870967741935484,0.3870967741935484,both_nonempty,0,NA,NA
Native155;Immunogen134,empty,12;2,results/13_interface_analysis/formal/complex_model_summary.csv,all_cross_seed_pairs,Native155,Immunogen134,12,2,results/13_interface_analysis/formal/complex_model_summary.csv,project27-160,58;59;62;63;65;99;101;103;104;107;108;110;111;113;114;117;118;121,38;39;40;42;43;45;46;49;50;52;53;68;69;70;73;131;133;134;135;136;137;139;142;143;145;146;149;153;156,0.0,0.0,both_nonempty,0,NA,NA
Native155;Immunogen134,empty,12;3,results/13_interface_analysis/formal/complex_model_summary.csv,all_cross_seed_pairs,Native155,Immunogen134,12,3,results/13_interface_analysis/formal/complex_model_summary.csv,project27-160,58;59;62;63;65;99;101;103;104;107;108;110;111;113;114;117;118;121,59;60;62;63;64;65;66;67;68;114;116;117;118;120;121;123;124;125;127;128;132;140;143;144;147;150,0.2222222222222222,0.2222222222222222,both_nonempty,0,NA,NA
Native155;Immunogen134,empty,12;4,results/13_interface_analysis/formal/complex_model_summary.csv,all_cross_seed_pairs,Native155,Immunogen134,12,4,results/13_interface_analysis/formal/complex_model_summary.csv,project27-160,58;59;62;63;65;99;101;103;104;107;108;110;111;113;114;117;118;121,58;62;65;69;70;73;109;110;111;112;113;114;117;118;120;121;124;125;127;133;134;135;136;137;142;145;146;149;150;152;153;156,0.25,0.25,both_nonempty,0,NA,NA
Native155;Immunogen134,empty,12;5,results/13_interface_analysis/formal/complex_model_summary.csv,all_cross_seed_pairs,Native155,Immunogen134,12,5,results/13_interface_analysis/formal/complex_model_summary.csv,project27-160,58;59;62;63;65;99;101;103;104;107;108;110;111;113;114;117;118;121,27;28;29;58;59;62;63;106;107;109;110;113;114;117;118;121;142;146;149;150;152;153;154;156;157;160,0.3333333333333333,0.3333333333333333,both_nonempty,0,NA,NA
Native155;Immunogen134,empty,12;6,results/13_interface_analysis/formal/complex_model_summary.csv,all_cross_seed_pairs,Native155,Immunogen134,12,6,results/13_interface_analysis/formal/complex_model_summary.csv,project27-160,58;59;62;63;65;99;101;103;104;107;108;110;111;113;114;117;118;121,56;57;58;59;60;61;62;63;64;65;66;79;82;83;86;87;90;91;94;97;98;133;134;135;136;137;142;145;149;153,0.11627906976744186,0.11627906976744186,both_nonempty,0,NA,NA
Native155;Immunogen134,empty,12;7,results/13_interface_analysis/formal/complex_model_summary.csv,all_cross_seed_pairs,Native155,Immunogen134,12,7,results/13_interface_analysis/formal/complex_model_summary.csv,project27-160,58;59;62;63;65;99;101;103;104;107;108;110;111;113;114;117;118;121,27;28;29;30;31;32;33;78;79;82;83;85;86;89;90;92;93;94;97;130;133;134;135;136;137;139;142;145;146;149;153,0.0,0.0,both_nonempty,0,NA,NA
Native155;Immunogen134,empty,12;8,results/13_interface_analysis/formal/complex_model_summary.csv,all_cross_seed_pairs,Native155,Immunogen134,12,8,results/13_interface_analysis/formal/complex_model_summary.csv,project27-160,58;59;62;63;65;99;101;103;104;107;108;110;111;113;114;117;118;121,57;58;59;60;62;63;64;65;70;126;129;130;131;133;134;135;136;137;138;139;142;145;146;149;150;152;153;156,0.12195121951219512,0.12195121951219512,both_nonempty,0,NA,NA
Native155;Immunogen134,empty,12;9,results/13_interface_analysis/formal/complex_model_summary.csv,all_cross_seed_pairs,Native155,Immunogen134,12,9,results/13_interface_analysis/formal/complex_model_summary.csv,project27-160,58;59;62;63;65;99;101;103;104;107;108;110;111;113;114;117;118;121,71;72;73;75;77;78;79;80;81;82;83;85;86;87;89;90;93;130;131;133;134;135;136;137;139;142;143;145;146;149;153,0.0,0.0,both_nonempty,0,NA,NA
Native155;Immunogen134,empty,12;10,results/13_interface_analysis/formal/complex_model_summary.csv,all_cross_seed_pairs,Native155,Immunogen134,12,10,results/13_interface_analysis/formal/complex_model_summary.csv,project27-160,58;59;62;63;65;99;101;103;104;107;108;110;111;113;114;117;118;121,58;61;65;69;70;73;109;110;111;112;113;114;117;118;119;120;121;122;123;124;125;126;127;128;129;130;131;133;136;139;142;146;149;153,0.20930232558139536,0.20930232558139536,both_nonempty,0,NA,NA
Native155;Immunogen134,empty,12;11,results/13_interface_analysis/formal/complex_model_summary.csv,all_cross_seed_pairs,Native155,Immunogen134,12,11,results/13_interface_analysis/formal/complex_model_summary.csv,project27-160,58;59;62;63;65;99;101;103;104;107;108;110;111;113;114;117;118;121,27;28;29;31;72;78;79;82;83;85;86;89;90;93;94;133;134;135;136;137;139;142;145;146;149,0.0,0.0,both_nonempty,0,NA,NA
Native155;Immunogen134,empty,12;12,results/13_interface_analysis/formal/complex_model_summary.csv,all_cross_seed_pairs,Native155,Immunogen134,12,12,results/13_interface_analysis/formal/complex_model_summary.csv,project27-160,58;59;62;63;65;99;101;103;104;107;108;110;111;113;114;117;118;121,27;28;29;30;31;77;78;79;82;83;85;86;89;90;93;133;134;135;136;137;139;142;145;146;149;153,0.0,0.0,both_nonempty,0,NA,NA
Native155;Immunogen134,empty,12;13,results/13_interface_analysis/formal/complex_model_summary.csv,all_cross_seed_pairs,Native155,Immunogen134,12,13,results/13_interface_analysis/formal/complex_model_summary.csv,project27-160,58;59;62;63;65;99;101;103;104;107;108;110;111;113;114;117;118;121,28;29;30;31;32;78;79;80;82;83;85;86;89;90;131;133;134;135;136;137;138;139;142;145;146;149;153,0.0,0.0,both_nonempty,0,NA,NA
Native155;Immunogen134,empty,12;14,results/13_interface_analysis/formal/complex_model_summary.csv,all_cross_seed_pairs,Native155,Immunogen134,12,14,results/13_interface_analysis/formal/complex_model_summary.csv,project27-160,58;59;62;63;65;99;101;103;104;107;108;110;111;113;114;117;118;121,46;49;50;53;54;57;60;62;63;64;65;105;106;107;108;109;110;111;113;114;116;117;118;120;121;124;125;127;140;141;144;147;150;151;154;158,0.2857142857142857,0.2857142857142857,both_nonempty,0,NA,NA
Native155;Immunogen134,empty,12;15,results/13_interface_analysis/formal/complex_model_summary.csv,all_cross_seed_pairs,Native155,Immunogen134,12,15,results/13_interface_analysis/formal/complex_model_summary.csv,project27-160,58;59;62;63;65;99;101;103;104;107;108;110;111;113;114;117;118;121,58;59;62;63;66;106;110;113;114;117;118;120;121;124;125;127;138;139;140;141;143;144;147;150;154,0.30303030303030304,0.30303030303030304,both_nonempty,0,NA,NA
Native155;Immunogen134,empty,13;1,results/13_interface_analysis/formal/complex_model_summary.csv,all_cross_seed_pairs,Native155,Immunogen134,13,1,results/13_interface_analysis/formal/complex_model_summary.csv,project27-160,58;59;62;65;99;100;101;103;104;106;107;108;109;110;111;160,55;56;57;58;59;61;62;63;65;66;68;106;107;109;110;111;113;114;117;118;120;150;151;154;158,0.28125,0.28125,both_nonempty,0,NA,NA
Native155;Immunogen134,empty,13;2,results/13_interface_analysis/formal/complex_model_summary.csv,all_cross_seed_pairs,Native155,Immunogen134,13,2,results/13_interface_analysis/formal/complex_model_summary.csv,project27-160,58;59;62;65;99;100;101;103;104;106;107;108;109;110;111;160,38;39;40;42;43;45;46;49;50;52;53;68;69;70;73;131;133;134;135;136;137;139;142;143;145;146;149;153;156,0.0,0.0,both_nonempty,0,NA,NA
Native155;Immunogen134,empty,13;3,results/13_interface_analysis/formal/complex_model_summary.csv,all_cross_seed_pairs,Native155,Immunogen134,13,3,results/13_interface_analysis/formal/complex_model_summary.csv,project27-160,58;59;62;65;99;100;101;103;104;106;107;108;109;110;111;160,59;60;62;63;64;65;66;67;68;114;116;117;118;120;121;123;124;125;127;128;132;140;143;144;147;150,0.07692307692307693,0.07692307692307693,both_nonempty,0,NA,NA
Native155;Immunogen134,empty,13;4,results/13_interface_analysis/formal/complex_model_summary.csv,all_cross_seed_pairs,Native155,Immunogen134,13,4,results/13_interface_analysis/formal/complex_model_summary.csv,project27-160,58;59;62;65;99;100;101;103;104;106;107;108;109;110;111;160,58;62;65;69;70;73;109;110;111;112;113;114;117;118;120;121;124;125;127;133;134;135;136;137;142;145;146;149;150;152;153;156,0.14285714285714285,0.14285714285714285,both_nonempty,0,NA,NA
Native155;Immunogen134,empty,13;5,results/13_interface_analysis/formal/complex_model_summary.csv,all_cross_seed_pairs,Native155,Immunogen134,13,5,results/13_interface_analysis/formal/complex_model_summary.csv,project27-160,58;59;62;65;99;100;101;103;104;106;107;108;109;110;111;160,27;28;29;58;59;62;63;106;107;109;110;113;114;117;118;121;142;146;149;150;152;153;154;156;157;160,0.23529411764705882,0.23529411764705882,both_nonempty,0,NA,NA
Native155;Immunogen134,empty,13;6,results/13_interface_analysis/formal/complex_model_summary.csv,all_cross_seed_pairs,Native155,Immunogen134,13,6,results/13_interface_analysis/formal/complex_model_summary.csv,project27-160,58;59;62;65;99;100;101;103;104;106;107;108;109;110;111;160,56;57;58;59;60;61;62;63;64;65;66;79;82;83;86;87;90;91;94;97;98;133;134;135;136;137;142;145;149;153,0.09523809523809523,0.09523809523809523,both_nonempty,0,NA,NA
Native155;Immunogen134,empty,13;7,results/13_interface_analysis/formal/complex_model_summary.csv,all_cross_seed_pairs,Native155,Immunogen134,13,7,results/13_interface_analysis/formal/complex_model_summary.csv,project27-160,58;59;62;65;99;100;101;103;104;106;107;108;109;110;111;160,27;28;29;30;31;32;33;78;79;82;83;85;86;89;90;92;93;94;97;130;133;134;135;136;137;139;142;145;146;149;153,0.0,0.0,both_nonempty,0,NA,NA
Native155;Immunogen134,empty,13;8,results/13_interface_analysis/formal/complex_model_summary.csv,all_cross_seed_pairs,Native155,Immunogen134,13,8,results/13_interface_analysis/formal/complex_model_summary.csv,project27-160,58;59;62;65;99;100;101;103;104;106;107;108;109;110;111;160,57;58;59;60;62;63;64;65;70;126;129;130;131;133;134;135;136;137;138;139;142;145;146;149;150;152;153;156,0.1,0.1,both_nonempty,0,NA,NA
Native155;Immunogen134,empty,13;9,results/13_interface_analysis/formal/complex_model_summary.csv,all_cross_seed_pairs,Native155,Immunogen134,13,9,results/13_interface_analysis/formal/complex_model_summary.csv,project27-160,58;59;62;65;99;100;101;103;104;106;107;108;109;110;111;160,71;72;73;75;77;78;79;80;81;82;83;85;86;87;89;90;93;130;131;133;134;135;136;137;139;142;143;145;146;149;153,0.0,0.0,both_nonempty,0,NA,NA
Native155;Immunogen134,empty,13;10,results/13_interface_analysis/formal/complex_model_summary.csv,all_cross_seed_pairs,Native155,Immunogen134,13,10,results/13_interface_analysis/formal/complex_model_summary.csv,project27-160,58;59;62;65;99;100;101;103;104;106;107;108;109;110;111;160,58;61;65;69;70;73;109;110;111;112;113;114;117;118;119;120;121;122;123;124;125;126;127;128;129;130;131;133;136;139;142;146;149;153,0.1111111111111111,0.1111111111111111,both_nonempty,0,NA,NA
Native155;Immunogen134,empty,13;11,results/13_interface_analysis/formal/complex_model_summary.csv,all_cross_seed_pairs,Native155,Immunogen134,13,11,results/13_interface_analysis/formal/complex_model_summary.csv,project27-160,58;59;62;65;99;100;101;103;104;106;107;108;109;110;111;160,27;28;29;31;72;78;79;82;83;85;86;89;90;93;94;133;134;135;136;137;139;142;145;146;149,0.0,0.0,both_nonempty,0,NA,NA
Native155;Immunogen134,empty,13;12,results/13_interface_analysis/formal/complex_model_summary.csv,all_cross_seed_pairs,Native155,Immunogen134,13,12,results/13_interface_analysis/formal/complex_model_summary.csv,project27-160,58;59;62;65;99;100;101;103;104;106;107;108;109;110;111;160,27;28;29;30;31;77;78;79;82;83;85;86;89;90;93;133;134;135;136;137;139;142;145;146;149;153,0.0,0.0,both_nonempty,0,NA,NA
Native155;Immunogen134,empty,13;13,results/13_interface_analysis/formal/complex_model_summary.csv,all_cross_seed_pairs,Native155,Immunogen134,13,13,results/13_interface_analysis/formal/complex_model_summary.csv,project27-160,58;59;62;65;99;100;101;103;104;106;107;108;109;110;111;160,28;29;30;31;32;78;79;80;82;83;85;86;89;90;131;133;134;135;136;137;138;139;142;145;146;149;153,0.0,0.0,both_nonempty,0,NA,NA
Native155;Immunogen134,empty,13;14,results/13_interface_analysis/formal/complex_model_summary.csv,all_cross_seed_pairs,Native155,Immunogen134,13,14,results/13_interface_analysis/formal/complex_model_summary.csv,project27-160,58;59;62;65;99;100;101;103;104;106;107;108;109;110;111;160,46;49;50;53;54;57;60;62;63;64;65;105;106;107;108;109;110;111;113;114;116;117;118;120;121;124;125;127;140;141;144;147;150;151;154;158,0.18181818181818182,0.18181818181818182,both_nonempty,0,NA,NA
Native155;Immunogen134,empty,13;15,results/13_interface_analysis/formal/complex_model_summary.csv,all_cross_seed_pairs,Native155,Immunogen134,13,15,results/13_interface_analysis/formal/complex_model_summary.csv,project27-160,58;59;62;65;99;100;101;103;104;106;107;108;109;110;111;160,58;59;62;63;66;106;110;113;114;117;118;120;121;124;125;127;138;139;140;141;143;144;147;150;154,0.1388888888888889,0.1388888888888889,both_nonempty,0,NA,NA
Native155;Immunogen134,empty,14;1,results/13_interface_analysis/formal/complex_model_summary.csv,all_cross_seed_pairs,Native155,Immunogen134,14,1,results/13_interface_analysis/formal/complex_model_summary.csv,project27-160,57;58;59;62;98;99;100;101;103;104;106;107;110,55;56;57;58;59;61;62;63;65;66;68;106;107;109;110;111;113;114;117;118;120;150;151;154;158,0.22580645161290322,0.22580645161290322,both_nonempty,0,NA,NA
Native155;Immunogen134,empty,14;2,results/13_interface_analysis/formal/complex_model_summary.csv,all_cross_seed_pairs,Native155,Immunogen134,14,2,results/13_interface_analysis/formal/complex_model_summary.csv,project27-160,57;58;59;62;98;99;100;101;103;104;106;107;110,38;39;40;42;43;45;46;49;50;52;53;68;69;70;73;131;133;134;135;136;137;139;142;143;145;146;149;153;156,0.0,0.0,both_nonempty,0,NA,NA
Native155;Immunogen134,empty,14;3,results/13_interface_analysis/formal/complex_model_summary.csv,all_cross_seed_pairs,Native155,Immunogen134,14,3,results/13_interface_analysis/formal/complex_model_summary.csv,project27-160,57;58;59;62;98;99;100;101;103;104;106;107;110,59;60;62;63;64;65;66;67;68;114;116;117;118;120;121;123;124;125;127;128;132;140;143;144;147;150,0.05405405405405406,0.05405405405405406,both_nonempty,0,NA,NA
Native155;Immunogen134,empty,14;4,results/13_interface_analysis/formal/complex_model_summary.csv,all_cross_seed_pairs,Native155,Immunogen134,14,4,results/13_interface_analysis/formal/complex_model_summary.csv,project27-160,57;58;59;62;98;99;100;101;103;104;106;107;110,58;62;65;69;70;73;109;110;111;112;113;114;117;118;120;121;124;125;127;133;134;135;136;137;142;145;146;149;150;152;153;156,0.07142857142857142,0.07142857142857142,both_nonempty,0,NA,NA
Native155;Immunogen134,empty,14;5,results/13_interface_analysis/formal/complex_model_summary.csv,all_cross_seed_pairs,Native155,Immunogen134,14,5,results/13_interface_analysis/formal/complex_model_summary.csv,project27-160,57;58;59;62;98;99;100;101;103;104;106;107;110,27;28;29;58;59;62;63;106;107;109;110;113;114;117;118;121;142;146;149;150;152;153;154;156;157;160,0.18181818181818182,0.18181818181818182,both_nonempty,0,NA,NA
Native155;Immunogen134,empty,14;6,results/13_interface_analysis/formal/complex_model_summary.csv,all_cross_seed_pairs,Native155,Immunogen134,14,6,results/13_interface_analysis/formal/complex_model_summary.csv,project27-160,57;58;59;62;98;99;100;101;103;104;106;107;110,56;57;58;59;60;61;62;63;64;65;66;79;82;83;86;87;90;91;94;97;98;133;134;135;136;137;142;145;149;153,0.13157894736842105,0.13157894736842105,both_nonempty,0,NA,NA
Native155;Immunogen134,empty,14;7,results/13_interface_analysis/formal/complex_model_summary.csv,all_cross_seed_pairs,Native155,Immunogen134,14,7,results/13_interface_analysis/formal/complex_model_summary.csv,project27-160,57;58;59;62;98;99;100;101;103;104;106;107;110,27;28;29;30;31;32;33;78;79;82;83;85;86;89;90;92;93;94;97;130;133;134;135;136;137;139;142;145;146;149;153,0.0,0.0,both_nonempty,0,NA,NA
Native155;Immunogen134,empty,14;8,results/13_interface_analysis/formal/complex_model_summary.csv,all_cross_seed_pairs,Native155,Immunogen134,14,8,results/13_interface_analysis/formal/complex_model_summary.csv,project27-160,57;58;59;62;98;99;100;101;103;104;106;107;110,57;58;59;60;62;63;64;65;70;126;129;130;131;133;134;135;136;137;138;139;142;145;146;149;150;152;153;156,0.10810810810810811,0.10810810810810811,both_nonempty,0,NA,NA
Native155;Immunogen134,empty,14;9,results/13_interface_analysis/formal/complex_model_summary.csv,all_cross_seed_pairs,Native155,Immunogen134,14,9,results/13_interface_analysis/formal/complex_model_summary.csv,project27-160,57;58;59;62;98;99;100;101;103;104;106;107;110,71;72;73;75;77;78;79;80;81;82;83;85;86;87;89;90;93;130;131;133;134;135;136;137;139;142;143;145;146;149;153,0.0,0.0,both_nonempty,0,NA,NA
Native155;Immunogen134,empty,14;10,results/13_interface_analysis/formal/complex_model_summary.csv,all_cross_seed_pairs,Native155,Immunogen134,14,10,results/13_interface_analysis/formal/complex_model_summary.csv,project27-160,57;58;59;62;98;99;100;101;103;104;106;107;110,58;61;65;69;70;73;109;110;111;112;113;114;117;118;119;120;121;122;123;124;125;126;127;128;129;130;131;133;136;139;142;146;149;153,0.044444444444444446,0.044444444444444446,both_nonempty,0,NA,NA
Native155;Immunogen134,empty,14;11,results/13_interface_analysis/formal/complex_model_summary.csv,all_cross_seed_pairs,Native155,Immunogen134,14,11,results/13_interface_analysis/formal/complex_model_summary.csv,project27-160,57;58;59;62;98;99;100;101;103;104;106;107;110,27;28;29;31;72;78;79;82;83;85;86;89;90;93;94;133;134;135;136;137;139;142;145;146;149,0.0,0.0,both_nonempty,0,NA,NA
Native155;Immunogen134,empty,14;12,results/13_interface_analysis/formal/complex_model_summary.csv,all_cross_seed_pairs,Native155,Immunogen134,14,12,results/13_interface_analysis/formal/complex_model_summary.csv,project27-160,57;58;59;62;98;99;100;101;103;104;106;107;110,27;28;29;30;31;77;78;79;82;83;85;86;89;90;93;133;134;135;136;137;139;142;145;146;149;153,0.0,0.0,both_nonempty,0,NA,NA
Native155;Immunogen134,empty,14;13,results/13_interface_analysis/formal/complex_model_summary.csv,all_cross_seed_pairs,Native155,Immunogen134,14,13,results/13_interface_analysis/formal/complex_model_summary.csv,project27-160,57;58;59;62;98;99;100;101;103;104;106;107;110,28;29;30;31;32;78;79;80;82;83;85;86;89;90;131;133;134;135;136;137;138;139;142;145;146;149;153,0.0,0.0,both_nonempty,0,NA,NA
Native155;Immunogen134,empty,14;14,results/13_interface_analysis/formal/complex_model_summary.csv,all_cross_seed_pairs,Native155,Immunogen134,14,14,results/13_interface_analysis/formal/complex_model_summary.csv,project27-160,57;58;59;62;98;99;100;101;103;104;106;107;110,46;49;50;53;54;57;60;62;63;64;65;105;106;107;108;109;110;111;113;114;116;117;118;120;121;124;125;127;140;141;144;147;150;151;154;158,0.11363636363636363,0.11363636363636363,both_nonempty,0,NA,NA
Native155;Immunogen134,empty,14;15,results/13_interface_analysis/formal/complex_model_summary.csv,all_cross_seed_pairs,Native155,Immunogen134,14,15,results/13_interface_analysis/formal/complex_model_summary.csv,project27-160,57;58;59;62;98;99;100;101;103;104;106;107;110,58;59;62;63;66;106;110;113;114;117;118;120;121;124;125;127;138;139;140;141;143;144;147;150;154,0.15151515151515152,0.15151515151515152,both_nonempty,0,NA,NA
Native155;Immunogen134,empty,15;1,results/13_interface_analysis/formal/complex_model_summary.csv,all_cross_seed_pairs,Native155,Immunogen134,15,1,results/13_interface_analysis/formal/complex_model_summary.csv,project27-160,57;58;59;62;63;64;65;98;99;101;103;104;106;107;108;110;111;114;115;117;118;121;122;125,55;56;57;58;59;61;62;63;65;66;68;106;107;109;110;111;113;114;117;118;120;150;151;154;158,0.3611111111111111,0.3611111111111111,both_nonempty,0,NA,NA
Native155;Immunogen134,empty,15;2,results/13_interface_analysis/formal/complex_model_summary.csv,all_cross_seed_pairs,Native155,Immunogen134,15,2,results/13_interface_analysis/formal/complex_model_summary.csv,project27-160,57;58;59;62;63;64;65;98;99;101;103;104;106;107;108;110;111;114;115;117;118;121;122;125,38;39;40;42;43;45;46;49;50;52;53;68;69;70;73;131;133;134;135;136;137;139;142;143;145;146;149;153;156,0.0,0.0,both_nonempty,0,NA,NA
Native155;Immunogen134,empty,15;3,results/13_interface_analysis/formal/complex_model_summary.csv,all_cross_seed_pairs,Native155,Immunogen134,15,3,results/13_interface_analysis/formal/complex_model_summary.csv,project27-160,57;58;59;62;63;64;65;98;99;101;103;104;106;107;108;110;111;114;115;117;118;121;122;125,59;60;62;63;64;65;66;67;68;114;116;117;118;120;121;123;124;125;127;128;132;140;143;144;147;150,0.25,0.25,both_nonempty,0,NA,NA
Native155;Immunogen134,empty,15;4,results/13_interface_analysis/formal/complex_model_summary.csv,all_cross_seed_pairs,Native155,Immunogen134,15,4,results/13_interface_analysis/formal/complex_model_summary.csv,project27-160,57;58;59;62;63;64;65;98;99;101;103;104;106;107;108;110;111;114;115;117;118;121;122;125,58;62;65;69;70;73;109;110;111;112;113;114;117;118;120;121;124;125;127;133;134;135;136;137;142;145;146;149;150;152;153;156,0.21739130434782608,0.21739130434782608,both_nonempty,0,NA,NA
Native155;Immunogen134,empty,15;5,results/13_interface_analysis/formal/complex_model_summary.csv,all_cross_seed_pairs,Native155,Immunogen134,15,5,results/13_interface_analysis/formal/complex_model_summary.csv,project27-160,57;58;59;62;63;64;65;98;99;101;103;104;106;107;108;110;111;114;115;117;118;121;122;125,27;28;29;58;59;62;63;106;107;109;110;113;114;117;118;121;142;146;149;150;152;153;154;156;157;160,0.28205128205128205,0.28205128205128205,both_nonempty,0,NA,NA
Native155;Immunogen134,empty,15;6,results/13_interface_analysis/formal/complex_model_summary.csv,all_cross_seed_pairs,Native155,Immunogen134,15,6,results/13_interface_analysis/formal/complex_model_summary.csv,project27-160,57;58;59;62;63;64;65;98;99;101;103;104;106;107;108;110;111;114;115;117;118;121;122;125,56;57;58;59;60;61;62;63;64;65;66;79;82;83;86;87;90;91;94;97;98;133;134;135;136;137;142;145;149;153,0.17391304347826086,0.17391304347826086,both_nonempty,0,NA,NA
Native155;Immunogen134,empty,15;7,results/13_interface_analysis/formal/complex_model_summary.csv,all_cross_seed_pairs,Native155,Immunogen134,15,7,results/13_interface_analysis/formal/complex_model_summary.csv,project27-160,57;58;59;62;63;64;65;98;99;101;103;104;106;107;108;110;111;114;115;117;118;121;122;125,27;28;29;30;31;32;33;78;79;82;83;85;86;89;90;92;93;94;97;130;133;134;135;136;137;139;142;145;146;149;153,0.0,0.0,both_nonempty,0,NA,NA
Native155;Immunogen134,empty,15;8,results/13_interface_analysis/formal/complex_model_summary.csv,all_cross_seed_pairs,Native155,Immunogen134,15,8,results/13_interface_analysis/formal/complex_model_summary.csv,project27-160,57;58;59;62;63;64;65;98;99;101;103;104;106;107;108;110;111;114;115;117;118;121;122;125,57;58;59;60;62;63;64;65;70;126;129;130;131;133;134;135;136;137;138;139;142;145;146;149;150;152;153;156,0.15555555555555556,0.15555555555555556,both_nonempty,0,NA,NA
Native155;Immunogen134,empty,15;9,results/13_interface_analysis/formal/complex_model_summary.csv,all_cross_seed_pairs,Native155,Immunogen134,15,9,results/13_interface_analysis/formal/complex_model_summary.csv,project27-160,57;58;59;62;63;64;65;98;99;101;103;104;106;107;108;110;111;114;115;117;118;121;122;125,71;72;73;75;77;78;79;80;81;82;83;85;86;87;89;90;93;130;131;133;134;135;136;137;139;142;143;145;146;149;153,0.0,0.0,both_nonempty,0,NA,NA
Native155;Immunogen134,empty,15;10,results/13_interface_analysis/formal/complex_model_summary.csv,all_cross_seed_pairs,Native155,Immunogen134,15,10,results/13_interface_analysis/formal/complex_model_summary.csv,project27-160,57;58;59;62;63;64;65;98;99;101;103;104;106;107;108;110;111;114;115;117;118;121;122;125,58;61;65;69;70;73;109;110;111;112;113;114;117;118;119;120;121;122;123;124;125;126;127;128;129;130;131;133;136;139;142;146;149;153,0.20833333333333334,0.20833333333333334,both_nonempty,0,NA,NA
Native155;Immunogen134,empty,15;11,results/13_interface_analysis/formal/complex_model_summary.csv,all_cross_seed_pairs,Native155,Immunogen134,15,11,results/13_interface_analysis/formal/complex_model_summary.csv,project27-160,57;58;59;62;63;64;65;98;99;101;103;104;106;107;108;110;111;114;115;117;118;121;122;125,27;28;29;31;72;78;79;82;83;85;86;89;90;93;94;133;134;135;136;137;139;142;145;146;149,0.0,0.0,both_nonempty,0,NA,NA
Native155;Immunogen134,empty,15;12,results/13_interface_analysis/formal/complex_model_summary.csv,all_cross_seed_pairs,Native155,Immunogen134,15,12,results/13_interface_analysis/formal/complex_model_summary.csv,project27-160,57;58;59;62;63;64;65;98;99;101;103;104;106;107;108;110;111;114;115;117;118;121;122;125,27;28;29;30;31;77;78;79;82;83;85;86;89;90;93;133;134;135;136;137;139;142;145;146;149;153,0.0,0.0,both_nonempty,0,NA,NA
Native155;Immunogen134,empty,15;13,results/13_interface_analysis/formal/complex_model_summary.csv,all_cross_seed_pairs,Native155,Immunogen134,15,13,results/13_interface_analysis/formal/complex_model_summary.csv,project27-160,57;58;59;62;63;64;65;98;99;101;103;104;106;107;108;110;111;114;115;117;118;121;122;125,28;29;30;31;32;78;79;80;82;83;85;86;89;90;131;133;134;135;136;137;138;139;142;145;146;149;153,0.0,0.0,both_nonempty,0,NA,NA
Native155;Immunogen134,empty,15;14,results/13_interface_analysis/formal/complex_model_summary.csv,all_cross_seed_pairs,Native155,Immunogen134,15,14,results/13_interface_analysis/formal/complex_model_summary.csv,project27-160,57;58;59;62;63;64;65;98;99;101;103;104;106;107;108;110;111;114;115;117;118;121;122;125,46;49;50;53;54;57;60;62;63;64;65;105;106;107;108;109;110;111;113;114;116;117;118;120;121;124;125;127;140;141;144;147;150;151;154;158,0.3333333333333333,0.3333333333333333,both_nonempty,0,NA,NA
Native155;Immunogen134,empty,15;15,results/13_interface_analysis/formal/complex_model_summary.csv,all_cross_seed_pairs,Native155,Immunogen134,15,15,results/13_interface_analysis/formal/complex_model_summary.csv,project27-160,57;58;59;62;63;64;65;98;99;101;103;104;106;107;108;110;111;114;115;117;118;121;122;125,58;59;62;63;66;106;110;113;114;117;118;120;121;124;125;127;138;139;140;141;143;144;147;150;154,0.2894736842105263,0.2894736842105263,both_nonempty,0,NA,NA
Native155;Immunogen134,empty,ALL,results/13_interface_analysis/formal/complex_model_summary.csv,consensus_ge50pct,Native155,Immunogen134,ALL,ALL,results/13_interface_analysis/formal/complex_model_summary.csv,project27-160,57;58;59;62;63;65;98;99;101;103;104;106;107;108;110;111;114;117;118;121,62;133;134;135;136;137;139;142;145;146;149;153,0.03225806451612903,0.03225806451612903,both_nonempty,0,complete_15_seed_ensemble,complete_15_seed_ensemble
Full181;Native155,empty,1;1,results/full181_supplement/raw/empty/seed1/boltz_results_full_blind/predictions/full_blind/full_blind_model_0.pdb,all_cross_seed_pairs,Full181,Native155,1,1,results/13_interface_analysis/formal/complex_model_summary.csv,project27-181,54;56;57;58;59;60;62;63;64;65;69;91;94;97;98;99;100;101;104;107;108;110;111;112;114;115;117;118;121;125;130,59;101;102;103;104;106;107;110;161;162;163;164;165;166;167;168;169;170,0.11363636363636363,0.11363636363636363,both_nonempty,0,NA,NA
Full181;Native155,empty,1;2,results/full181_supplement/raw/empty/seed1/boltz_results_full_blind/predictions/full_blind/full_blind_model_0.pdb,all_cross_seed_pairs,Full181,Native155,1,2,results/13_interface_analysis/formal/complex_model_summary.csv,project27-181,54;56;57;58;59;60;62;63;64;65;69;91;94;97;98;99;100;101;104;107;108;110;111;112;114;115;117;118;121;125;130,56;57;58;59;60;62;63;65;99;101;103;104;106;107;108;110;111;113;114;117;118;121;124;156;159;163,0.5,0.5,both_nonempty,0,NA,NA
Full181;Native155,empty,1;3,results/full181_supplement/raw/empty/seed1/boltz_results_full_blind/predictions/full_blind/full_blind_model_0.pdb,all_cross_seed_pairs,Full181,Native155,1,3,results/13_interface_analysis/formal/complex_model_summary.csv,project27-181,54;56;57;58;59;60;62;63;64;65;69;91;94;97;98;99;100;101;104;107;108;110;111;112;114;115;117;118;121;125;130,58;59;61;62;63;64;65;67;68;69;107;108;109;110;111;113;114;117;118;121;122;125;128;131;134;149;153;156;159;160;161;163;164;165;166,0.32,0.32,both_nonempty,0,NA,NA
Full181;Native155,empty,1;4,results/full181_supplement/raw/empty/seed1/boltz_results_full_blind/predictions/full_blind/full_blind_model_0.pdb,all_cross_seed_pairs,Full181,Native155,1,4,results/13_interface_analysis/formal/complex_model_summary.csv,project27-181,54;56;57;58;59;60;62;63;64;65;69;91;94;97;98;99;100;101;104;107;108;110;111;112;114;115;117;118;121;125;130,57;58;59;60;62;63;64;65;98;99;100;101;103;104;107;108;110;111;114;115;118;122;125,0.6363636363636364,0.6363636363636364,both_nonempty,0,NA,NA
Full181;Native155,empty,1;5,results/full181_supplement/raw/empty/seed1/boltz_results_full_blind/predictions/full_blind/full_blind_model_0.pdb,all_cross_seed_pairs,Full181,Native155,1,5,results/13_interface_analysis/formal/complex_model_summary.csv,project27-181,54;56;57;58;59;60;62;63;64;65;69;91;94;97;98;99;100;101;104;107;108;110;111;112;114;115;117;118;121;125;130,57;58;59;60;61;62;63;64;65;98;99;101;103;104;106;107;108;110;111;114;118;121;125,0.5882352941176471,0.5882352941176471,both_nonempty,0,NA,NA
Full181;Native155,empty,1;6,results/full181_supplement/raw/empty/seed1/boltz_results_full_blind/predictions/full_blind/full_blind_model_0.pdb,all_cross_seed_pairs,Full181,Native155,1,6,results/13_interface_analysis/formal/complex_model_summary.csv,project27-181,54;56;57;58;59;60;62;63;64;65;69;91;94;97;98;99;100;101;104;107;108;110;111;112;114;115;117;118;121;125;130,57;58;59;62;63;65;99;101;103;104;106;107;108;110;111;112;113;114;117;118;121;124;156;159;160;163,0.46153846153846156,0.46153846153846156,both_nonempty,0,NA,NA
Full181;Native155,empty,1;7,results/full181_supplement/raw/empty/seed1/boltz_results_full_blind/predictions/full_blind/full_blind_model_0.pdb,all_cross_seed_pairs,Full181,Native155,1,7,results/13_interface_analysis/formal/complex_model_summary.csv,project27-181,54;56;57;58;59;60;62;63;64;65;69;91;94;97;98;99;100;101;104;107;108;110;111;112;114;115;117;118;121;125;130,54;56;57;58;59;60;62;63;97;98;99;100;101;102;103;104;107;108;111,0.5151515151515151,0.5151515151515151,both_nonempty,0,NA,NA
Full181;Native155,empty,1;8,results/full181_supplement/raw/empty/seed1/boltz_results_full_blind/predictions/full_blind/full_blind_model_0.pdb,all_cross_seed_pairs,Full181,Native155,1,8,results/13_interface_analysis/formal/complex_model_summary.csv,project27-181,54;56;57;58;59;60;62;63;64;65;69;91;94;97;98;99;100;101;104;107;108;110;111;112;114;115;117;118;121;125;130,53;54;56;57;58;60;94;97;98;99;100;101;102;103;104;107;108;111,0.4411764705882353,0.4411764705882353,both_nonempty,0,NA,NA
Full181;Native155,empty,1;9,results/full181_supplement/raw/empty/seed1/boltz_results_full_blind/predictions/full_blind/full_blind_model_0.pdb,all_cross_seed_pairs,Full181,Native155,1,9,results/13_interface_analysis/formal/complex_model_summary.csv,project27-181,54;56;57;58;59;60;62;63;64;65;69;91;94;97;98;99;100;101;104;107;108;110;111;112;114;115;117;118;121;125;130,57;58;59;60;61;62;63;64;65;98;99;100;101;103;104;106;107;108;110;111;112;114;115;117;118;125,0.6764705882352942,0.6764705882352942,both_nonempty,0,NA,NA
Full181;Native155,empty,1;10,results/full181_supplement/raw/empty/seed1/boltz_results_full_blind/predictions/full_blind/full_blind_model_0.pdb,all_cross_seed_pairs,Full181,Native155,1,10,results/13_interface_analysis/formal/complex_model_summary.csv,project27-181,54;56;57;58;59;60;62;63;64;65;69;91;94;97;98;99;100;101;104;107;108;110;111;112;114;115;117;118;121;125;130,57;58;59;61;62;63;64;65;66;99;103;104;106;107;108;110;111;114;115;117;118;121;122;125,0.5277777777777778,0.5277777777777778,both_nonempty,0,NA,NA
Full181;Native155,empty,1;11,results/full181_supplement/raw/empty/seed1/boltz_results_full_blind/predictions/full_blind/full_blind_model_0.pdb,all_cross_seed_pairs,Full181,Native155,1,11,results/13_interface_analysis/formal/complex_model_summary.csv,project27-181,54;56;57;58;59;60;62;63;64;65;69;91;94;97;98;99;100;101;104;107;108;110;111;112;114;115;117;118;121;125;130,58;59;62;65;98;99;100;101;103;104;106;107;110;113;114;117;118;120;121;156;159;163;164;166;168,0.36585365853658536,0.36585365853658536,both_nonempty,0,NA,NA
Full181;Native155,empty,1;12,results/full181_supplement/raw/empty/seed1/boltz_results_full_blind/predictions/full_blind/full_blind_model_0.pdb,all_cross_seed_pairs,Full181,Native155,1,12,results/13_interface_analysis/formal/complex_model_summary.csv,project27-181,54;56;57;58;59;60;62;63;64;65;69;91;94;97;98;99;100;101;104;107;108;110;111;112;114;115;117;118;121;125;130,58;59;62;63;65;99;101;103;104;107;108;110;111;113;114;117;118;121;163,0.47058823529411764,0.47058823529411764,both_nonempty,0,NA,NA
Full181;Native155,empty,1;13,results/full181_supplement/raw/empty/seed1/boltz_results_full_blind/predictions/full_blind/full_blind_model_0.pdb,all_cross_seed_pairs,Full181,Native155,1,13,results/13_interface_analysis/formal/complex_model_summary.csv,project27-181,54;56;57;58;59;60;62;63;64;65;69;91;94;97;98;99;100;101;104;107;108;110;111;112;114;115;117;118;121;125;130,58;59;62;65;99;100;101;103;104;106;107;108;109;110;111;160;162;163;164;165;166;167;168,0.2857142857142857,0.2857142857142857,both_nonempty,0,NA,NA
Full181;Native155,empty,1;14,results/full181_supplement/raw/empty/seed1/boltz_results_full_blind/predictions/full_blind/full_blind_model_0.pdb,all_cross_seed_pairs,Full181,Native155,1,14,results/13_interface_analysis/formal/complex_model_summary.csv,project27-181,54;56;57;58;59;60;62;63;64;65;69;91;94;97;98;99;100;101;104;107;108;110;111;112;114;115;117;118;121;125;130,57;58;59;62;98;99;100;101;103;104;106;107;110;163;164;166;168,0.2972972972972973,0.2972972972972973,both_nonempty,0,NA,NA
Full181;Native155,empty,1;15,results/full181_supplement/raw/empty/seed1/boltz_results_full_blind/predictions/full_blind/full_blind_model_0.pdb,all_cross_seed_pairs,Full181,Native155,1,15,results/13_interface_analysis/formal/complex_model_summary.csv,project27-181,54;56;57;58;59;60;62;63;64;65;69;91;94;97;98;99;100;101;104;107;108;110;111;112;114;115;117;118;121;125;130,57;58;59;62;63;64;65;98;99;101;103;104;106;107;108;110;111;114;115;117;118;121;122;125,0.6176470588235294,0.6176470588235294,both_nonempty,0,NA,NA
Full181;Native155,empty,2;1,results/full181_supplement/raw/empty/seed2/boltz_results_full_blind/predictions/full_blind/full_blind_model_0.pdb,all_cross_seed_pairs,Full181,Native155,2,1,results/13_interface_analysis/formal/complex_model_summary.csv,project27-181,49;52;53;56;57;58;60;90;91;94;96;97;98;99;100;101;102;104;105;107;108,59;101;102;103;104;106;107;110;161;162;163;164;165;166;167;168;169;170,0.11428571428571428,0.11428571428571428,both_nonempty,0,NA,NA
Full181;Native155,empty,2;2,results/full181_supplement/raw/empty/seed2/boltz_results_full_blind/predictions/full_blind/full_blind_model_0.pdb,all_cross_seed_pairs,Full181,Native155,2,2,results/13_interface_analysis/formal/complex_model_summary.csv,project27-181,49;52;53;56;57;58;60;90;91;94;96;97;98;99;100;101;102;104;105;107;108,56;57;58;59;60;62;63;65;99;101;103;104;106;107;108;110;111;113;114;117;118;121;124;156;159;163,0.23684210526315788,0.23684210526315788,both_nonempty,0,NA,NA
Full181;Native155,empty,2;3,results/full181_supplement/raw/empty/seed2/boltz_results_full_blind/predictions/full_blind/full_blind_model_0.pdb,all_cross_seed_pairs,Full181,Native155,2,3,results/13_interface_analysis/formal/complex_model_summary.csv,project27-181,49;52;53;56;57;58;60;90;91;94;96;97;98;99;100;101;102;104;105;107;108,58;59;61;62;63;64;65;67;68;69;107;108;109;110;111;113;114;117;118;121;122;125;128;131;134;149;153;156;159;160;161;163;164;165;166,0.05660377358490566,0.05660377358490566,both_nonempty,0,NA,NA
Full181;Native155,empty,2;4,results/full181_supplement/raw/empty/seed2/boltz_results_full_blind/predictions/full_blind/full_blind_model_0.pdb,all_cross_seed_pairs,Full181,Native155,2,4,results/13_interface_analysis/formal/complex_model_summary.csv,project27-181,49;52;53;56;57;58;60;90;91;94;96;97;98;99;100;101;102;104;105;107;108,57;58;59;60;62;63;64;65;98;99;100;101;103;104;107;108;110;111;114;115;118;122;125,0.29411764705882354,0.29411764705882354,both_nonempty,0,NA,NA
Full181;Native155,empty,2;5,results/full181_supplement/raw/empty/seed2/boltz_results_full_blind/predictions/full_blind/full_blind_model_0.pdb,all_cross_seed_pairs,Full181,Native155,2,5,results/13_interface_analysis/formal/complex_model_summary.csv,project27-181,49;52;53;56;57;58;60;90;91;94;96;97;98;99;100;101;102;104;105;107;108,57;58;59;60;61;62;63;64;65;98;99;101;103;104;106;107;108;110;111;114;118;121;125,0.2571428571428571,0.2571428571428571,both_nonempty,0,NA,NA
Full181;Native155,empty,2;6,results/full181_supplement/raw/empty/seed2/boltz_results_full_blind/predictions/full_blind/full_blind_model_0.pdb,all_cross_seed_pairs,Full181,Native155,2,6,results/13_interface_analysis/formal/complex_model_summary.csv,project27-181,49;52;53;56;57;58;60;90;91;94;96;97;98;99;100;101;102;104;105;107;108,57;58;59;62;63;65;99;101;103;104;106;107;108;110;111;112;113;114;117;118;121;124;156;159;160;163,0.175,0.175,both_nonempty,0,NA,NA
Full181;Native155,empty,2;7,results/full181_supplement/raw/empty/seed2/boltz_results_full_blind/predictions/full_blind/full_blind_model_0.pdb,all_cross_seed_pairs,Full181,Native155,2,7,results/13_interface_analysis/formal/complex_model_summary.csv,project27-181,49;52;53;56;57;58;60;90;91;94;96;97;98;99;100;101;102;104;105;107;108,54;56;57;58;59;60;62;63;97;98;99;100;101;102;103;104;107;108;111,0.48148148148148145,0.48148148148148145,both_nonempty,0,NA,NA
Full181;Native155,empty,2;8,results/full181_supplement/raw/empty/seed2/boltz_results_full_blind/predictions/full_blind/full_blind_model_0.pdb,all_cross_seed_pairs,Full181,Native155,2,8,results/13_interface_analysis/formal/complex_model_summary.csv,project27-181,49;52;53;56;57;58;60;90;91;94;96;97;98;99;100;101;102;104;105;107;108,53;54;56;57;58;60;94;97;98;99;100;101;102;103;104;107;108;111,0.625,0.625,both_nonempty,0,NA,NA
Full181;Native155,empty,2;9,results/full181_supplement/raw/empty/seed2/boltz_results_full_blind/predictions/full_blind/full_blind_model_0.pdb,all_cross_seed_pairs,Full181,Native155,2,9,results/13_interface_analysis/formal/complex_model_summary.csv,project27-181,49;52;53;56;57;58;60;90;91;94;96;97;98;99;100;101;102;104;105;107;108,57;58;59;60;61;62;63;64;65;98;99;100;101;103;104;106;107;108;110;111;112;114;115;117;118;125,0.2702702702702703,0.2702702702702703,both_nonempty,0,NA,NA
Full181;Native155,empty,2;10,results/full181_supplement/raw/empty/seed2/boltz_results_full_blind/predictions/full_blind/full_blind_model_0.pdb,all_cross_seed_pairs,Full181,Native155,2,10,results/13_interface_analysis/formal/complex_model_summary.csv,project27-181,49;52;53;56;57;58;60;90;91;94;96;97;98;99;100;101;102;104;105;107;108,57;58;59;61;62;63;64;65;66;99;103;104;106;107;108;110;111;114;115;117;118;121;122;125,0.15384615384615385,0.15384615384615385,both_nonempty,0,NA,NA
Full181;Native155,empty,2;11,results/full181_supplement/raw/empty/seed2/boltz_results_full_blind/predictions/full_blind/full_blind_model_0.pdb,all_cross_seed_pairs,Full181,Native155,2,11,results/13_interface_analysis/formal/complex_model_summary.csv,project27-181,49;52;53;56;57;58;60;90;91;94;96;97;98;99;100;101;102;104;105;107;108,58;59;62;65;98;99;100;101;103;104;106;107;110;113;114;117;118;120;121;156;159;163;164;166;168,0.1794871794871795,0.1794871794871795,both_nonempty,0,NA,NA
Full181;Native155,empty,2;12,results/full181_supplement/raw/empty/seed2/boltz_results_full_blind/predictions/full_blind/full_blind_model_0.pdb,all_cross_seed_pairs,Full181,Native155,2,12,results/13_interface_analysis/formal/complex_model_summary.csv,project27-181,49;52;53;56;57;58;60;90;91;94;96;97;98;99;100;101;102;104;105;107;108,58;59;62;63;65;99;101;103;104;107;108;110;111;113;114;117;118;121;163,0.17647058823529413,0.17647058823529413,both_nonempty,0,NA,NA
Full181;Native155,empty,2;13,results/full181_supplement/raw/empty/seed2/boltz_results_full_blind/predictions/full_blind/full_blind_model_0.pdb,all_cross_seed_pairs,Full181,Native155,2,13,results/13_interface_analysis/formal/complex_model_summary.csv,project27-181,49;52;53;56;57;58;60;90;91;94;96;97;98;99;100;101;102;104;105;107;108,58;59;62;65;99;100;101;103;104;106;107;108;109;110;111;160;162;163;164;165;166;167;168,0.1891891891891892,0.1891891891891892,both_nonempty,0,NA,NA
Full181;Native155,empty,2;14,results/full181_supplement/raw/empty/seed2/boltz_results_full_blind/predictions/full_blind/full_blind_model_0.pdb,all_cross_seed_pairs,Full181,Native155,2,14,results/13_interface_analysis/formal/complex_model_summary.csv,project27-181,49;52;53;56;57;58;60;90;91;94;96;97;98;99;100;101;102;104;105;107;108,57;58;59;62;98;99;100;101;103;104;106;107;110;163;164;166;168,0.26666666666666666,0.26666666666666666,both_nonempty,0,NA,NA
Full181;Native155,empty,2;15,results/full181_supplement/raw/empty/seed2/boltz_results_full_blind/predictions/full_blind/full_blind_model_0.pdb,all_cross_seed_pairs,Full181,Native155,2,15,results/13_interface_analysis/formal/complex_model_summary.csv,project27-181,49;52;53;56;57;58;60;90;91;94;96;97;98;99;100;101;102;104;105;107;108,57;58;59;62;63;64;65;98;99;101;103;104;106;107;108;110;111;114;115;117;118;121;122;125,0.21621621621621623,0.21621621621621623,both_nonempty,0,NA,NA
Full181;Native155,empty,3;1,results/full181_supplement/raw/empty/seed3/boltz_results_full_blind/predictions/full_blind/full_blind_model_0.pdb,all_cross_seed_pairs,Full181,Native155,3,1,results/13_interface_analysis/formal/complex_model_summary.csv,project27-181,57;58;59;60;61;62;63;64;65;69;70;98;99;100;101;103;104;107;108;110;111;114;115;118,59;101;102;103;104;106;107;110;161;162;163;164;165;166;167;168;169;170,0.16666666666666666,0.16666666666666666,both_nonempty,0,NA,NA
Full181;Native155,empty,3;2,results/full181_supplement/raw/empty/seed3/boltz_results_full_blind/predictions/full_blind/full_blind_model_0.pdb,all_cross_seed_pairs,Full181,Native155,3,2,results/13_interface_analysis/formal/complex_model_summary.csv,project27-181,57;58;59;60;61;62;63;64;65;69;70;98;99;100;101;103;104;107;108;110;111;114;115;118,56;57;58;59;60;62;63;65;99;101;103;104;106;107;108;110;111;113;114;117;118;121;124;156;159;163,0.5151515151515151,0.5151515151515151,both_nonempty,0,NA,NA
Full181;Native155,empty,3;3,results/full181_supplement/raw/empty/seed3/boltz_results_full_blind/predictions/full_blind/full_blind_model_0.pdb,all_cross_seed_pairs,Full181,Native155,3,3,results/13_interface_analysis/formal/complex_model_summary.csv,project27-181,57;58;59;60;61;62;63;64;65;69;70;98;99;100;101;103;104;107;108;110;111;114;115;118,58;59;61;62;63;64;65;67;68;69;107;108;109;110;111;113;114;117;118;121;122;125;128;131;134;149;153;156;159;160;161;163;164;165;166,0.3111111111111111,0.3111111111111111,both_nonempty,0,NA,NA
Full181;Native155,empty,3;4,results/full181_supplement/raw/empty/seed3/boltz_results_full_blind/predictions/full_blind/full_blind_model_0.pdb,all_cross_seed_pairs,Full181,Native155,3,4,results/13_interface_analysis/formal/complex_model_summary.csv,project27-181,57;58;59;60;61;62;63;64;65;69;70;98;99;100;101;103;104;107;108;110;111;114;115;118,57;58;59;60;62;63;64;65;98;99;100;101;103;104;107;108;110;111;114;115;118;122;125,0.8076923076923077,0.8076923076923077,both_nonempty,0,NA,NA
Full181;Native155,empty,3;5,results/full181_supplement/raw/empty/seed3/boltz_results_full_blind/predictions/full_blind/full_blind_model_0.pdb,all_cross_seed_pairs,Full181,Native155,3,5,results/13_interface_analysis/formal/complex_model_summary.csv,project27-181,57;58;59;60;61;62;63;64;65;69;70;98;99;100;101;103;104;107;108;110;111;114;115;118,57;58;59;60;61;62;63;64;65;98;99;101;103;104;106;107;108;110;111;114;118;121;125,0.7407407407407407,0.7407407407407407,both_nonempty,0,NA,NA
Full181;Native155,empty,3;6,results/full181_supplement/raw/empty/seed3/boltz_results_full_blind/predictions/full_blind/full_blind_model_0.pdb,all_cross_seed_pairs,Full181,Native155,3,6,results/13_interface_analysis/formal/complex_model_summary.csv,project27-181,57;58;59;60;61;62;63;64;65;69;70;98;99;100;101;103;104;107;108;110;111;114;115;118,57;58;59;62;63;65;99;101;103;104;106;107;108;110;111;112;113;114;117;118;121;124;156;159;160;163,0.47058823529411764,0.47058823529411764,both_nonempty,0,NA,NA
Full181;Native155,empty,3;7,results/full181_supplement/raw/empty/seed3/boltz_results_full_blind/predictions/full_blind/full_blind_model_0.pdb,all_cross_seed_pairs,Full181,Native155,3,7,results/13_interface_analysis/formal/complex_model_summary.csv,project27-181,57;58;59;60;61;62;63;64;65;69;70;98;99;100;101;103;104;107;108;110;111;114;115;118,54;56;57;58;59;60;62;63;97;98;99;100;101;102;103;104;107;108;111,0.5357142857142857,0.5357142857142857,both_nonempty,0,NA,NA
Full181;Native155,empty,3;8,results/full181_supplement/raw/empty/seed3/boltz_results_full_blind/predictions/full_blind/full_blind_model_0.pdb,all_cross_seed_pairs,Full181,Native155,3,8,results/13_interface_analysis/formal/complex_model_summary.csv,project27-181,57;58;59;60;61;62;63;64;65;69;70;98;99;100;101;103;104;107;108;110;111;114;115;118,53;54;56;57;58;60;94;97;98;99;100;101;102;103;104;107;108;111,0.4,0.4,both_nonempty,0,NA,NA
Full181;Native155,empty,3;9,results/full181_supplement/raw/empty/seed3/boltz_results_full_blind/predictions/full_blind/full_blind_model_0.pdb,all_cross_seed_pairs,Full181,Native155,3,9,results/13_interface_analysis/formal/complex_model_summary.csv,project27-181,57;58;59;60;61;62;63;64;65;69;70;98;99;100;101;103;104;107;108;110;111;114;115;118,57;58;59;60;61;62;63;64;65;98;99;100;101;103;104;106;107;108;110;111;112;114;115;117;118;125,0.7857142857142857,0.7857142857142857,both_nonempty,0,NA,NA
Full181;Native155,empty,3;10,results/full181_supplement/raw/empty/seed3/boltz_results_full_blind/predictions/full_blind/full_blind_model_0.pdb,all_cross_seed_pairs,Full181,Native155,3,10,results/13_interface_analysis/formal/complex_model_summary.csv,project27-181,57;58;59;60;61;62;63;64;65;69;70;98;99;100;101;103;104;107;108;110;111;114;115;118,57;58;59;61;62;63;64;65;66;99;103;104;106;107;108;110;111;114;115;117;118;121;122;125,0.6,0.6,both_nonempty,0,NA,NA
Full181;Native155,empty,3;11,results/full181_supplement/raw/empty/seed3/boltz_results_full_blind/predictions/full_blind/full_blind_model_0.pdb,all_cross_seed_pairs,Full181,Native155,3,11,results/13_interface_analysis/formal/complex_model_summary.csv,project27-181,57;58;59;60;61;62;63;64;65;69;70;98;99;100;101;103;104;107;108;110;111;114;115;118,58;59;62;65;98;99;100;101;103;104;106;107;110;113;114;117;118;120;121;156;159;163;164;166;168,0.4,0.4,both_nonempty,0,NA,NA
Full181;Native155,empty,3;12,results/full181_supplement/raw/empty/seed3/boltz_results_full_blind/predictions/full_blind/full_blind_model_0.pdb,all_cross_seed_pairs,Full181,Native155,3,12,results/13_interface_analysis/formal/complex_model_summary.csv,project27-181,57;58;59;60;61;62;63;64;65;69;70;98;99;100;101;103;104;107;108;110;111;114;115;118,58;59;62;63;65;99;101;103;104;107;108;110;111;113;114;117;118;121;163,0.5357142857142857,0.5357142857142857,both_nonempty,0,NA,NA
Full181;Native155,empty,3;13,results/full181_supplement/raw/empty/seed3/boltz_results_full_blind/predictions/full_blind/full_blind_model_0.pdb,all_cross_seed_pairs,Full181,Native155,3,13,results/13_interface_analysis/formal/complex_model_summary.csv,project27-181,57;58;59;60;61;62;63;64;65;69;70;98;99;100;101;103;104;107;108;110;111;114;115;118,58;59;62;65;99;100;101;103;104;106;107;108;109;110;111;160;162;163;164;165;166;167;168,0.38235294117647056,0.38235294117647056,both_nonempty,0,NA,NA
Full181;Native155,empty,3;14,results/full181_supplement/raw/empty/seed3/boltz_results_full_blind/predictions/full_blind/full_blind_model_0.pdb,all_cross_seed_pairs,Full181,Native155,3,14,results/13_interface_analysis/formal/complex_model_summary.csv,project27-181,57;58;59;60;61;62;63;64;65;69;70;98;99;100;101;103;104;107;108;110;111;114;115;118,57;58;59;62;98;99;100;101;103;104;106;107;110;163;164;166;168,0.41379310344827586,0.41379310344827586,both_nonempty,0,NA,NA
Full181;Native155,empty,3;15,results/full181_supplement/raw/empty/seed3/boltz_results_full_blind/predictions/full_blind/full_blind_model_0.pdb,all_cross_seed_pairs,Full181,Native155,3,15,results/13_interface_analysis/formal/complex_model_summary.csv,project27-181,57;58;59;60;61;62;63;64;65;69;70;98;99;100;101;103;104;107;108;110;111;114;115;118,57;58;59;62;63;64;65;98;99;101;103;104;106;107;108;110;111;114;115;117;118;121;122;125,0.6551724137931034,0.6551724137931034,both_nonempty,0,NA,NA
Full181;Native155,empty,4;1,results/full181_supplement/raw/empty/seed4/boltz_results_full_blind/predictions/full_blind/full_blind_model_0.pdb,all_cross_seed_pairs,Full181,Native155,4,1,results/13_interface_analysis/formal/complex_model_summary.csv,project27-181,54;56;57;58;59;60;62;63;65;99;104;105;106;107;108;109;110;111;113;114;117;118;121;149;153;156;160;163,59;101;102;103;104;106;107;110;161;162;163;164;165;166;167;168;169;170,0.15,0.15,both_nonempty,0,NA,NA
Full181;Native155,empty,4;2,results/full181_supplement/raw/empty/seed4/boltz_results_full_blind/predictions/full_blind/full_blind_model_0.pdb,all_cross_seed_pairs,Full181,Native155,4,2,results/13_interface_analysis/formal/complex_model_summary.csv,project27-181,54;56;57;58;59;60;62;63;65;99;104;105;106;107;108;109;110;111;113;114;117;118;121;149;153;156;160;163,56;57;58;59;60;62;63;65;99;101;103;104;106;107;108;110;111;113;114;117;118;121;124;156;159;163,0.6875,0.6875,both_nonempty,0,NA,NA
Full181;Native155,empty,4;3,results/full181_supplement/raw/empty/seed4/boltz_results_full_blind/predictions/full_blind/full_blind_model_0.pdb,all_cross_seed_pairs,Full181,Native155,4,3,results/13_interface_analysis/formal/complex_model_summary.csv,project27-181,54;56;57;58;59;60;62;63;65;99;104;105;106;107;108;109;110;111;113;114;117;118;121;149;153;156;160;163,58;59;61;62;63;64;65;67;68;69;107;108;109;110;111;113;114;117;118;121;122;125;128;131;134;149;153;156;159;160;161;163;164;165;166,0.46511627906976744,0.46511627906976744,both_nonempty,0,NA,NA
Full181;Native155,empty,4;4,results/full181_supplement/raw/empty/seed4/boltz_results_full_blind/predictions/full_blind/full_blind_model_0.pdb,all_cross_seed_pairs,Full181,Native155,4,4,results/13_interface_analysis/formal/complex_model_summary.csv,project27-181,54;56;57;58;59;60;62;63;65;99;104;105;106;107;108;109;110;111;113;114;117;118;121;149;153;156;160;163,57;58;59;60;62;63;64;65;98;99;100;101;103;104;107;108;110;111;114;115;118;122;125,0.4166666666666667,0.4166666666666667,both_nonempty,0,NA,NA
Full181;Native155,empty,4;5,results/full181_supplement/raw/empty/seed4/boltz_results_full_blind/predictions/full_blind/full_blind_model_0.pdb,all_cross_seed_pairs,Full181,Native155,4,5,results/13_interface_analysis/formal/complex_model_summary.csv,project27-181,54;56;57;58;59;60;62;63;65;99;104;105;106;107;108;109;110;111;113;114;117;118;121;149;153;156;160;163,57;58;59;60;61;62;63;64;65;98;99;101;103;104;106;107;108;110;111;114;118;121;125,0.5,0.5,both_nonempty,0,NA,NA
Full181;Native155,empty,4;6,results/full181_supplement/raw/empty/seed4/boltz_results_full_blind/predictions/full_blind/full_blind_model_0.pdb,all_cross_seed_pairs,Full181,Native155,4,6,results/13_interface_analysis/formal/complex_model_summary.csv,project27-181,54;56;57;58;59;60;62;63;65;99;104;105;106;107;108;109;110;111;113;114;117;118;121;149;153;156;160;163,57;58;59;62;63;65;99;101;103;104;106;107;108;110;111;112;113;114;117;118;121;124;156;159;160;163,0.6363636363636364,0.6363636363636364,both_nonempty,0,NA,NA
Full181;Native155,empty,4;7,results/full181_supplement/raw/empty/seed4/boltz_results_full_blind/predictions/full_blind/full_blind_model_0.pdb,all_cross_seed_pairs,Full181,Native155,4,7,results/13_interface_analysis/formal/complex_model_summary.csv,project27-181,54;56;57;58;59;60;62;63;65;99;104;105;106;107;108;109;110;111;113;114;117;118;121;149;153;156;160;163,54;56;57;58;59;60;62;63;97;98;99;100;101;102;103;104;107;108;111,0.38235294117647056,0.38235294117647056,both_nonempty,0,NA,NA
Full181;Native155,empty,4;8,results/full181_supplement/raw/empty/seed4/boltz_results_full_blind/predictions/full_blind/full_blind_model_0.pdb,all_cross_seed_pairs,Full181,Native155,4,8,results/13_interface_analysis/formal/complex_model_summary.csv,project27-181,54;56;57;58;59;60;62;63;65;99;104;105;106;107;108;109;110;111;113;114;117;118;121;149;153;156;160;163,53;54;56;57;58;60;94;97;98;99;100;101;102;103;104;107;108;111,0.2777777777777778,0.2777777777777778,both_nonempty,0,NA,NA
Full181;Native155,empty,4;9,results/full181_supplement/raw/empty/seed4/boltz_results_full_blind/predictions/full_blind/full_blind_model_0.pdb,all_cross_seed_pairs,Full181,Native155,4,9,results/13_interface_analysis/formal/complex_model_summary.csv,project27-181,54;56;57;58;59;60;62;63;65;99;104;105;106;107;108;109;110;111;113;114;117;118;121;149;153;156;160;163,57;58;59;60;61;62;63;64;65;98;99;100;101;103;104;106;107;108;110;111;112;114;115;117;118;125,0.4594594594594595,0.4594594594594595,both_nonempty,0,NA,NA
Full181;Native155,empty,4;10,results/full181_supplement/raw/empty/seed4/boltz_results_full_blind/predictions/full_blind/full_blind_model_0.pdb,all_cross_seed_pairs,Full181,Native155,4,10,results/13_interface_analysis/formal/complex_model_summary.csv,project27-181,54;56;57;58;59;60;62;63;65;99;104;105;106;107;108;109;110;111;113;114;117;118;121;149;153;156;160;163,57;58;59;61;62;63;64;65;66;99;103;104;106;107;108;110;111;114;115;117;118;121;122;125,0.4857142857142857,0.4857142857142857,both_nonempty,0,NA,NA
Full181;Native155,empty,4;11,results/full181_supplement/raw/empty/seed4/boltz_results_full_blind/predictions/full_blind/full_blind_model_0.pdb,all_cross_seed_pairs,Full181,Native155,4,11,results/13_interface_analysis/formal/complex_model_summary.csv,project27-181,54;56;57;58;59;60;62;63;65;99;104;105;106;107;108;109;110;111;113;114;117;118;121;149;153;156;160;163,58;59;62;65;98;99;100;101;103;104;106;107;110;113;114;117;118;120;121;156;159;163;164;166;168,0.43243243243243246,0.43243243243243246,both_nonempty,0,NA,NA
Full181;Native155,empty,4;12,results/full181_supplement/raw/empty/seed4/boltz_results_full_blind/predictions/full_blind/full_blind_model_0.pdb,all_cross_seed_pairs,Full181,Native155,4,12,results/13_interface_analysis/formal/complex_model_summary.csv,project27-181,54;56;57;58;59;60;62;63;65;99;104;105;106;107;108;109;110;111;113;114;117;118;121;149;153;156;160;163,58;59;62;63;65;99;101;103;104;107;108;110;111;113;114;117;118;121;163,0.5666666666666667,0.5666666666666667,both_nonempty,0,NA,NA
Full181;Native155,empty,4;13,results/full181_supplement/raw/empty/seed4/boltz_results_full_blind/predictions/full_blind/full_blind_model_0.pdb,all_cross_seed_pairs,Full181,Native155,4,13,results/13_interface_analysis/formal/complex_model_summary.csv,project27-181,54;56;57;58;59;60;62;63;65;99;104;105;106;107;108;109;110;111;113;114;117;118;121;149;153;156;160;163,58;59;62;65;99;100;101;103;104;106;107;108;109;110;111;160;162;163;164;165;166;167;168,0.3783783783783784,0.3783783783783784,both_nonempty,0,NA,NA
Full181;Native155,empty,4;14,results/full181_supplement/raw/empty/seed4/boltz_results_full_blind/predictions/full_blind/full_blind_model_0.pdb,all_cross_seed_pairs,Full181,Native155,4,14,results/13_interface_analysis/formal/complex_model_summary.csv,project27-181,54;56;57;58;59;60;62;63;65;99;104;105;106;107;108;109;110;111;113;114;117;118;121;149;153;156;160;163,57;58;59;62;98;99;100;101;103;104;106;107;110;163;164;166;168,0.2857142857142857,0.2857142857142857,both_nonempty,0,NA,NA
Full181;Native155,empty,4;15,results/full181_supplement/raw/empty/seed4/boltz_results_full_blind/predictions/full_blind/full_blind_model_0.pdb,all_cross_seed_pairs,Full181,Native155,4,15,results/13_interface_analysis/formal/complex_model_summary.csv,project27-181,54;56;57;58;59;60;62;63;65;99;104;105;106;107;108;109;110;111;113;114;117;118;121;149;153;156;160;163,57;58;59;62;63;64;65;98;99;101;103;104;106;107;108;110;111;114;115;117;118;121;122;125,0.4857142857142857,0.4857142857142857,both_nonempty,0,NA,NA
Full181;Native155,empty,5;1,results/full181_supplement/raw/empty/seed5/boltz_results_full_blind/predictions/full_blind/full_blind_model_0.pdb,all_cross_seed_pairs,Full181,Native155,5,1,results/13_interface_analysis/formal/complex_model_summary.csv,project27-181,56;57;58;59;60;62;63;64;65;98;99;100;101;103;104;106;107;108;110;111;114;117;118;121;125;153;156;157;163,59;101;102;103;104;106;107;110;161;162;163;164;165;166;167;168;169;170,0.20512820512820512,0.20512820512820512,both_nonempty,0,NA,NA
Full181;Native155,empty,5;2,results/full181_supplement/raw/empty/seed5/boltz_results_full_blind/predictions/full_blind/full_blind_model_0.pdb,all_cross_seed_pairs,Full181,Native155,5,2,results/13_interface_analysis/formal/complex_model_summary.csv,project27-181,56;57;58;59;60;62;63;64;65;98;99;100;101;103;104;106;107;108;110;111;114;117;118;121;125;153;156;157;163,56;57;58;59;60;62;63;65;99;101;103;104;106;107;108;110;111;113;114;117;118;121;124;156;159;163,0.71875,0.71875,both_nonempty,0,NA,NA
Full181;Native155,empty,5;3,results/full181_supplement/raw/empty/seed5/boltz_results_full_blind/predictions/full_blind/full_blind_model_0.pdb,all_cross_seed_pairs,Full181,Native155,5,3,results/13_interface_analysis/formal/complex_model_summary.csv,project27-181,56;57;58;59;60;62;63;64;65;98;99;100;101;103;104;106;107;108;110;111;114;117;118;121;125;153;156;157;163,58;59;61;62;63;64;65;67;68;69;107;108;109;110;111;113;114;117;118;121;122;125;128;131;134;149;153;156;159;160;161;163;164;165;166,0.391304347826087,0.391304347826087,both_nonempty,0,NA,NA
Full181;Native155,empty,5;4,results/full181_supplement/raw/empty/seed5/boltz_results_full_blind/predictions/full_blind/full_blind_model_0.pdb,all_cross_seed_pairs,Full181,Native155,5,4,results/13_interface_analysis/formal/complex_model_summary.csv,project27-181,56;57;58;59;60;62;63;64;65;98;99;100;101;103;104;106;107;108;110;111;114;117;118;121;125;153;156;157;163,57;58;59;60;62;63;64;65;98;99;100;101;103;104;107;108;110;111;114;115;118;122;125,0.6774193548387096,0.6774193548387096,both_nonempty,0,NA,NA
Full181;Native155,empty,5;5,results/full181_supplement/raw/empty/seed5/boltz_results_full_blind/predictions/full_blind/full_blind_model_0.pdb,all_cross_seed_pairs,Full181,Native155,5,5,results/13_interface_analysis/formal/complex_model_summary.csv,project27-181,56;57;58;59;60;62;63;64;65;98;99;100;101;103;104;106;107;108;110;111;114;117;118;121;125;153;156;157;163,57;58;59;60;61;62;63;64;65;98;99;101;103;104;106;107;108;110;111;114;118;121;125,0.7333333333333333,0.7333333333333333,both_nonempty,0,NA,NA
Full181;Native155,empty,5;6,results/full181_supplement/raw/empty/seed5/boltz_results_full_blind/predictions/full_blind/full_blind_model_0.pdb,all_cross_seed_pairs,Full181,Native155,5,6,results/13_interface_analysis/formal/complex_model_summary.csv,project27-181,56;57;58;59;60;62;63;64;65;98;99;100;101;103;104;106;107;108;110;111;114;117;118;121;125;153;156;157;163,57;58;59;62;63;65;99;101;103;104;106;107;108;110;111;112;113;114;117;118;121;124;156;159;160;163,0.6176470588235294,0.6176470588235294,both_nonempty,0,NA,NA
Full181;Native155,empty,5;7,results/full181_supplement/raw/empty/seed5/boltz_results_full_blind/predictions/full_blind/full_blind_model_0.pdb,all_cross_seed_pairs,Full181,Native155,5,7,results/13_interface_analysis/formal/complex_model_summary.csv,project27-181,56;57;58;59;60;62;63;64;65;98;99;100;101;103;104;106;107;108;110;111;114;117;118;121;125;153;156;157;163,54;56;57;58;59;60;62;63;97;98;99;100;101;102;103;104;107;108;111,0.5,0.5,both_nonempty,0,NA,NA
Full181;Native155,empty,5;8,results/full181_supplement/raw/empty/seed5/boltz_results_full_blind/predictions/full_blind/full_blind_model_0.pdb,all_cross_seed_pairs,Full181,Native155,5,8,results/13_interface_analysis/formal/complex_model_summary.csv,project27-181,56;57;58;59;60;62;63;64;65;98;99;100;101;103;104;106;107;108;110;111;114;117;118;121;125;153;156;157;163,53;54;56;57;58;60;94;97;98;99;100;101;102;103;104;107;108;111,0.38235294117647056,0.38235294117647056,both_nonempty,0,NA,NA
Full181;Native155,empty,5;9,results/full181_supplement/raw/empty/seed5/boltz_results_full_blind/predictions/full_blind/full_blind_model_0.pdb,all_cross_seed_pairs,Full181,Native155,5,9,results/13_interface_analysis/formal/complex_model_summary.csv,project27-181,56;57;58;59;60;62;63;64;65;98;99;100;101;103;104;106;107;108;110;111;114;117;118;121;125;153;156;157;163,57;58;59;60;61;62;63;64;65;98;99;100;101;103;104;106;107;108;110;111;112;114;115;117;118;125,0.71875,0.71875,both_nonempty,0,NA,NA
Full181;Native155,empty,5;10,results/full181_supplement/raw/empty/seed5/boltz_results_full_blind/predictions/full_blind/full_blind_model_0.pdb,all_cross_seed_pairs,Full181,Native155,5,10,results/13_interface_analysis/formal/complex_model_summary.csv,project27-181,56;57;58;59;60;62;63;64;65;98;99;100;101;103;104;106;107;108;110;111;114;117;118;121;125;153;156;157;163,57;58;59;61;62;63;64;65;66;99;103;104;106;107;108;110;111;114;115;117;118;121;122;125,0.6060606060606061,0.6060606060606061,both_nonempty,0,NA,NA
Full181;Native155,empty,5;11,results/full181_supplement/raw/empty/seed5/boltz_results_full_blind/predictions/full_blind/full_blind_model_0.pdb,all_cross_seed_pairs,Full181,Native155,5,11,results/13_interface_analysis/formal/complex_model_summary.csv,project27-181,56;57;58;59;60;62;63;64;65;98;99;100;101;103;104;106;107;108;110;111;114;117;118;121;125;153;156;157;163,58;59;62;65;98;99;100;101;103;104;106;107;110;113;114;117;118;120;121;156;159;163;164;166;168,0.5428571428571428,0.5428571428571428,both_nonempty,0,NA,NA
Full181;Native155,empty,5;12,results/full181_supplement/raw/empty/seed5/boltz_results_full_blind/predictions/full_blind/full_blind_model_0.pdb,all_cross_seed_pairs,Full181,Native155,5,12,results/13_interface_analysis/formal/complex_model_summary.csv,project27-181,56;57;58;59;60;62;63;64;65;98;99;100;101;103;104;106;107;108;110;111;114;117;118;121;125;153;156;157;163,58;59;62;63;65;99;101;103;104;107;108;110;111;113;114;117;118;121;163,0.6,0.6,both_nonempty,0,NA,NA
Full181;Native155,empty,5;13,results/full181_supplement/raw/empty/seed5/boltz_results_full_blind/predictions/full_blind/full_blind_model_0.pdb,all_cross_seed_pairs,Full181,Native155,5,13,results/13_interface_analysis/formal/complex_model_summary.csv,project27-181,56;57;58;59;60;62;63;64;65;98;99;100;101;103;104;106;107;108;110;111;114;117;118;121;125;153;156;157;163,58;59;62;65;99;100;101;103;104;106;107;108;109;110;111;160;162;163;164;165;166;167;168,0.40540540540540543,0.40540540540540543,both_nonempty,0,NA,NA
Full181;Native155,empty,5;14,results/full181_supplement/raw/empty/seed5/boltz_results_full_blind/predictions/full_blind/full_blind_model_0.pdb,all_cross_seed_pairs,Full181,Native155,5,14,results/13_interface_analysis/formal/complex_model_summary.csv,project27-181,56;57;58;59;60;62;63;64;65;98;99;100;101;103;104;106;107;108;110;111;114;117;118;121;125;153;156;157;163,57;58;59;62;98;99;100;101;103;104;106;107;110;163;164;166;168,0.4375,0.4375,both_nonempty,0,NA,NA
Full181;Native155,empty,5;15,results/full181_supplement/raw/empty/seed5/boltz_results_full_blind/predictions/full_blind/full_blind_model_0.pdb,all_cross_seed_pairs,Full181,Native155,5,15,results/13_interface_analysis/formal/complex_model_summary.csv,project27-181,56;57;58;59;60;62;63;64;65;98;99;100;101;103;104;106;107;108;110;111;114;117;118;121;125;153;156;157;163,57;58;59;62;63;64;65;98;99;101;103;104;106;107;108;110;111;114;115;117;118;121;122;125,0.7096774193548387,0.7096774193548387,both_nonempty,0,NA,NA
Full181;Native155,empty,6;1,results/full181_supplement/raw/empty/seed6/boltz_results_full_blind/predictions/full_blind/full_blind_model_0.pdb,all_cross_seed_pairs,Full181,Native155,6,1,results/13_interface_analysis/formal/complex_model_summary.csv,project27-181,54;57;58;59;60;61;62;63;64;65;68;98;99;100;101;103;104;107;108;110;111;114;115;118,59;101;102;103;104;106;107;110;161;162;163;164;165;166;167;168;169;170,0.16666666666666666,0.16666666666666666,both_nonempty,0,NA,NA
Full181;Native155,empty,6;2,results/full181_supplement/raw/empty/seed6/boltz_results_full_blind/predictions/full_blind/full_blind_model_0.pdb,all_cross_seed_pairs,Full181,Native155,6,2,results/13_interface_analysis/formal/complex_model_summary.csv,project27-181,54;57;58;59;60;61;62;63;64;65;68;98;99;100;101;103;104;107;108;110;111;114;115;118,56;57;58;59;60;62;63;65;99;101;103;104;106;107;108;110;111;113;114;117;118;121;124;156;159;163,0.5151515151515151,0.5151515151515151,both_nonempty,0,NA,NA
Full181;Native155,empty,6;3,results/full181_supplement/raw/empty/seed6/boltz_results_full_blind/predictions/full_blind/full_blind_model_0.pdb,all_cross_seed_pairs,Full181,Native155,6,3,results/13_interface_analysis/formal/complex_model_summary.csv,project27-181,54;57;58;59;60;61;62;63;64;65;68;98;99;100;101;103;104;107;108;110;111;114;115;118,58;59;61;62;63;64;65;67;68;69;107;108;109;110;111;113;114;117;118;121;122;125;128;131;134;149;153;156;159;160;161;163;164;165;166,0.3111111111111111,0.3111111111111111,both_nonempty,0,NA,NA
Full181;Native155,empty,6;4,results/full181_supplement/raw/empty/seed6/boltz_results_full_blind/predictions/full_blind/full_blind_model_0.pdb,all_cross_seed_pairs,Full181,Native155,6,4,results/13_interface_analysis/formal/complex_model_summary.csv,project27-181,54;57;58;59;60;61;62;63;64;65;68;98;99;100;101;103;104;107;108;110;111;114;115;118,57;58;59;60;62;63;64;65;98;99;100;101;103;104;107;108;110;111;114;115;118;122;125,0.8076923076923077,0.8076923076923077,both_nonempty,0,NA,NA
Full181;Native155,empty,6;5,results/full181_supplement/raw/empty/seed6/boltz_results_full_blind/predictions/full_blind/full_blind_model_0.pdb,all_cross_seed_pairs,Full181,Native155,6,5,results/13_interface_analysis/formal/complex_model_summary.csv,project27-181,54;57;58;59;60;61;62;63;64;65;68;98;99;100;101;103;104;107;108;110;111;114;115;118,57;58;59;60;61;62;63;64;65;98;99;101;103;104;106;107;108;110;111;114;118;121;125,0.7407407407407407,0.7407407407407407,both_nonempty,0,NA,NA
Full181;Native155,empty,6;6,results/full181_supplement/raw/empty/seed6/boltz_results_full_blind/predictions/full_blind/full_blind_model_0.pdb,all_cross_seed_pairs,Full181,Native155,6,6,results/13_interface_analysis/formal/complex_model_summary.csv,project27-181,54;57;58;59;60;61;62;63;64;65;68;98;99;100;101;103;104;107;108;110;111;114;115;118,57;58;59;62;63;65;99;101;103;104;106;107;108;110;111;112;113;114;117;118;121;124;156;159;160;163,0.47058823529411764,0.47058823529411764,both_nonempty,0,NA,NA
Full181;Native155,empty,6;7,results/full181_supplement/raw/empty/seed6/boltz_results_full_blind/predictions/full_blind/full_blind_model_0.pdb,all_cross_seed_pairs,Full181,Native155,6,7,results/13_interface_analysis/formal/complex_model_summary.csv,project27-181,54;57;58;59;60;61;62;63;64;65;68;98;99;100;101;103;104;107;108;110;111;114;115;118,54;56;57;58;59;60;62;63;97;98;99;100;101;102;103;104;107;108;111,0.5925925925925926,0.5925925925925926,both_nonempty,0,NA,NA
Full181;Native155,empty,6;8,results/full181_supplement/raw/empty/seed6/boltz_results_full_blind/predictions/full_blind/full_blind_model_0.pdb,all_cross_seed_pairs,Full181,Native155,6,8,results/13_interface_analysis/formal/complex_model_summary.csv,project27-181,54;57;58;59;60;61;62;63;64;65;68;98;99;100;101;103;104;107;108;110;111;114;115;118,53;54;56;57;58;60;94;97;98;99;100;101;102;103;104;107;108;111,0.4482758620689655,0.4482758620689655,both_nonempty,0,NA,NA
Full181;Native155,empty,6;9,results/full181_supplement/raw/empty/seed6/boltz_results_full_blind/predictions/full_blind/full_blind_model_0.pdb,all_cross_seed_pairs,Full181,Native155,6,9,results/13_interface_analysis/formal/complex_model_summary.csv,project27-181,54;57;58;59;60;61;62;63;64;65;68;98;99;100;101;103;104;107;108;110;111;114;115;118,57;58;59;60;61;62;63;64;65;98;99;100;101;103;104;106;107;108;110;111;112;114;115;117;118;125,0.7857142857142857,0.7857142857142857,both_nonempty,0,NA,NA
Full181;Native155,empty,6;10,results/full181_supplement/raw/empty/seed6/boltz_results_full_blind/predictions/full_blind/full_blind_model_0.pdb,all_cross_seed_pairs,Full181,Native155,6,10,results/13_interface_analysis/formal/complex_model_summary.csv,project27-181,54;57;58;59;60;61;62;63;64;65;68;98;99;100;101;103;104;107;108;110;111;114;115;118,57;58;59;61;62;63;64;65;66;99;103;104;106;107;108;110;111;114;115;117;118;121;122;125,0.6,0.6,both_nonempty,0,NA,NA
Full181;Native155,empty,6;11,results/full181_supplement/raw/empty/seed6/boltz_results_full_blind/predictions/full_blind/full_blind_model_0.pdb,all_cross_seed_pairs,Full181,Native155,6,11,results/13_interface_analysis/formal/complex_model_summary.csv,project27-181,54;57;58;59;60;61;62;63;64;65;68;98;99;100;101;103;104;107;108;110;111;114;115;118,58;59;62;65;98;99;100;101;103;104;106;107;110;113;114;117;118;120;121;156;159;163;164;166;168,0.4,0.4,both_nonempty,0,NA,NA
Full181;Native155,empty,6;12,results/full181_supplement/raw/empty/seed6/boltz_results_full_blind/predictions/full_blind/full_blind_model_0.pdb,all_cross_seed_pairs,Full181,Native155,6,12,results/13_interface_analysis/formal/complex_model_summary.csv,project27-181,54;57;58;59;60;61;62;63;64;65;68;98;99;100;101;103;104;107;108;110;111;114;115;118,58;59;62;63;65;99;101;103;104;107;108;110;111;113;114;117;118;121;163,0.5357142857142857,0.5357142857142857,both_nonempty,0,NA,NA
Full181;Native155,empty,6;13,results/full181_supplement/raw/empty/seed6/boltz_results_full_blind/predictions/full_blind/full_blind_model_0.pdb,all_cross_seed_pairs,Full181,Native155,6,13,results/13_interface_analysis/formal/complex_model_summary.csv,project27-181,54;57;58;59;60;61;62;63;64;65;68;98;99;100;101;103;104;107;108;110;111;114;115;118,58;59;62;65;99;100;101;103;104;106;107;108;109;110;111;160;162;163;164;165;166;167;168,0.38235294117647056,0.38235294117647056,both_nonempty,0,NA,NA
Full181;Native155,empty,6;14,results/full181_supplement/raw/empty/seed6/boltz_results_full_blind/predictions/full_blind/full_blind_model_0.pdb,all_cross_seed_pairs,Full181,Native155,6,14,results/13_interface_analysis/formal/complex_model_summary.csv,project27-181,54;57;58;59;60;61;62;63;64;65;68;98;99;100;101;103;104;107;108;110;111;114;115;118,57;58;59;62;98;99;100;101;103;104;106;107;110;163;164;166;168,0.41379310344827586,0.41379310344827586,both_nonempty,0,NA,NA
Full181;Native155,empty,6;15,results/full181_supplement/raw/empty/seed6/boltz_results_full_blind/predictions/full_blind/full_blind_model_0.pdb,all_cross_seed_pairs,Full181,Native155,6,15,results/13_interface_analysis/formal/complex_model_summary.csv,project27-181,54;57;58;59;60;61;62;63;64;65;68;98;99;100;101;103;104;107;108;110;111;114;115;118,57;58;59;62;63;64;65;98;99;101;103;104;106;107;108;110;111;114;115;117;118;121;122;125,0.6551724137931034,0.6551724137931034,both_nonempty,0,NA,NA
Full181;Native155,empty,7;1,results/full181_supplement/raw/empty/seed7/boltz_results_full_blind/predictions/full_blind/full_blind_model_0.pdb,all_cross_seed_pairs,Full181,Native155,7,1,results/13_interface_analysis/formal/complex_model_summary.csv,project27-181,30;31;32;45;49;52;57;58;59;60;61;62;63;64;65;66;67;68;71;94;97;98;99;100;101;103;104;107,59;101;102;103;104;106;107;110;161;162;163;164;165;166;167;168;169;170,0.12195121951219512,0.12195121951219512,both_nonempty,0,NA,NA
Full181;Native155,empty,7;2,results/full181_supplement/raw/empty/seed7/boltz_results_full_blind/predictions/full_blind/full_blind_model_0.pdb,all_cross_seed_pairs,Full181,Native155,7,2,results/13_interface_analysis/formal/complex_model_summary.csv,project27-181,30;31;32;45;49;52;57;58;59;60;61;62;63;64;65;66;67;68;71;94;97;98;99;100;101;103;104;107,56;57;58;59;60;62;63;65;99;101;103;104;106;107;108;110;111;113;114;117;118;121;124;156;159;163,0.2857142857142857,0.2857142857142857,both_nonempty,0,NA,NA
Full181;Native155,empty,7;3,results/full181_supplement/raw/empty/seed7/boltz_results_full_blind/predictions/full_blind/full_blind_model_0.pdb,all_cross_seed_pairs,Full181,Native155,7,3,results/13_interface_analysis/formal/complex_model_summary.csv,project27-181,30;31;32;45;49;52;57;58;59;60;61;62;63;64;65;66;67;68;71;94;97;98;99;100;101;103;104;107,58;59;61;62;63;64;65;67;68;69;107;108;109;110;111;113;114;117;118;121;122;125;128;131;134;149;153;156;159;160;161;163;164;165;166,0.18867924528301888,0.18867924528301888,both_nonempty,0,NA,NA
Full181;Native155,empty,7;4,results/full181_supplement/raw/empty/seed7/boltz_results_full_blind/predictions/full_blind/full_blind_model_0.pdb,all_cross_seed_pairs,Full181,Native155,7,4,results/13_interface_analysis/formal/complex_model_summary.csv,project27-181,30;31;32;45;49;52;57;58;59;60;61;62;63;64;65;66;67;68;71;94;97;98;99;100;101;103;104;107,57;58;59;60;62;63;64;65;98;99;100;101;103;104;107;108;110;111;114;115;118;122;125,0.4166666666666667,0.4166666666666667,both_nonempty,0,NA,NA
Full181;Native155,empty,7;5,results/full181_supplement/raw/empty/seed7/boltz_results_full_blind/predictions/full_blind/full_blind_model_0.pdb,all_cross_seed_pairs,Full181,Native155,7,5,results/13_interface_analysis/formal/complex_model_summary.csv,project27-181,30;31;32;45;49;52;57;58;59;60;61;62;63;64;65;66;67;68;71;94;97;98;99;100;101;103;104;107,57;58;59;60;61;62;63;64;65;98;99;101;103;104;106;107;108;110;111;114;118;121;125,0.4166666666666667,0.4166666666666667,both_nonempty,0,NA,NA
Full181;Native155,empty,7;6,results/full181_supplement/raw/empty/seed7/boltz_results_full_blind/predictions/full_blind/full_blind_model_0.pdb,all_cross_seed_pairs,Full181,Native155,7,6,results/13_interface_analysis/formal/complex_model_summary.csv,project27-181,30;31;32;45;49;52;57;58;59;60;61;62;63;64;65;66;67;68;71;94;97;98;99;100;101;103;104;107,57;58;59;62;63;65;99;101;103;104;106;107;108;110;111;112;113;114;117;118;121;124;156;159;160;163,0.2558139534883721,0.2558139534883721,both_nonempty,0,NA,NA
Full181;Native155,empty,7;7,results/full181_supplement/raw/empty/seed7/boltz_results_full_blind/predictions/full_blind/full_blind_model_0.pdb,all_cross_seed_pairs,Full181,Native155,7,7,results/13_interface_analysis/formal/complex_model_summary.csv,project27-181,30;31;32;45;49;52;57;58;59;60;61;62;63;64;65;66;67;68;71;94;97;98;99;100;101;103;104;107,54;56;57;58;59;60;62;63;97;98;99;100;101;102;103;104;107;108;111,0.42424242424242425,0.42424242424242425,both_nonempty,0,NA,NA
Full181;Native155,empty,7;8,results/full181_supplement/raw/empty/seed7/boltz_results_full_blind/predictions/full_blind/full_blind_model_0.pdb,all_cross_seed_pairs,Full181,Native155,7,8,results/13_interface_analysis/formal/complex_model_summary.csv,project27-181,30;31;32;45;49;52;57;58;59;60;61;62;63;64;65;66;67;68;71;94;97;98;99;100;101;103;104;107,53;54;56;57;58;60;94;97;98;99;100;101;102;103;104;107;108;111,0.35294117647058826,0.35294117647058826,both_nonempty,0,NA,NA
Full181;Native155,empty,7;9,results/full181_supplement/raw/empty/seed7/boltz_results_full_blind/predictions/full_blind/full_blind_model_0.pdb,all_cross_seed_pairs,Full181,Native155,7,9,results/13_interface_analysis/formal/complex_model_summary.csv,project27-181,30;31;32;45;49;52;57;58;59;60;61;62;63;64;65;66;67;68;71;94;97;98;99;100;101;103;104;107,57;58;59;60;61;62;63;64;65;98;99;100;101;103;104;106;107;108;110;111;112;114;115;117;118;125,0.42105263157894735,0.42105263157894735,both_nonempty,0,NA,NA
Full181;Native155,empty,7;10,results/full181_supplement/raw/empty/seed7/boltz_results_full_blind/predictions/full_blind/full_blind_model_0.pdb,all_cross_seed_pairs,Full181,Native155,7,10,results/13_interface_analysis/formal/complex_model_summary.csv,project27-181,30;31;32;45;49;52;57;58;59;60;61;62;63;64;65;66;67;68;71;94;97;98;99;100;101;103;104;107,57;58;59;61;62;63;64;65;66;99;103;104;106;107;108;110;111;114;115;117;118;121;122;125,0.3333333333333333,0.3333333333333333,both_nonempty,0,NA,NA
Full181;Native155,empty,7;11,results/full181_supplement/raw/empty/seed7/boltz_results_full_blind/predictions/full_blind/full_blind_model_0.pdb,all_cross_seed_pairs,Full181,Native155,7,11,results/13_interface_analysis/formal/complex_model_summary.csv,project27-181,30;31;32;45;49;52;57;58;59;60;61;62;63;64;65;66;67;68;71;94;97;98;99;100;101;103;104;107,58;59;62;65;98;99;100;101;103;104;106;107;110;113;114;117;118;120;121;156;159;163;164;166;168,0.2619047619047619,0.2619047619047619,both_nonempty,0,NA,NA
Full181;Native155,empty,7;12,results/full181_supplement/raw/empty/seed7/boltz_results_full_blind/predictions/full_blind/full_blind_model_0.pdb,all_cross_seed_pairs,Full181,Native155,7,12,results/13_interface_analysis/formal/complex_model_summary.csv,project27-181,30;31;32;45;49;52;57;58;59;60;61;62;63;64;65;66;67;68;71;94;97;98;99;100;101;103;104;107,58;59;62;63;65;99;101;103;104;107;108;110;111;113;114;117;118;121;163,0.2702702702702703,0.2702702702702703,both_nonempty,0,NA,NA
Full181;Native155,empty,7;13,results/full181_supplement/raw/empty/seed7/boltz_results_full_blind/predictions/full_blind/full_blind_model_0.pdb,all_cross_seed_pairs,Full181,Native155,7,13,results/13_interface_analysis/formal/complex_model_summary.csv,project27-181,30;31;32;45;49;52;57;58;59;60;61;62;63;64;65;66;67;68;71;94;97;98;99;100;101;103;104;107,58;59;62;65;99;100;101;103;104;106;107;108;109;110;111;160;162;163;164;165;166;167;168,0.24390243902439024,0.24390243902439024,both_nonempty,0,NA,NA
Full181;Native155,empty,7;14,results/full181_supplement/raw/empty/seed7/boltz_results_full_blind/predictions/full_blind/full_blind_model_0.pdb,all_cross_seed_pairs,Full181,Native155,7,14,results/13_interface_analysis/formal/complex_model_summary.csv,project27-181,30;31;32;45;49;52;57;58;59;60;61;62;63;64;65;66;67;68;71;94;97;98;99;100;101;103;104;107,57;58;59;62;98;99;100;101;103;104;106;107;110;163;164;166;168,0.3235294117647059,0.3235294117647059,both_nonempty,0,NA,NA
Full181;Native155,empty,7;15,results/full181_supplement/raw/empty/seed7/boltz_results_full_blind/predictions/full_blind/full_blind_model_0.pdb,all_cross_seed_pairs,Full181,Native155,7,15,results/13_interface_analysis/formal/complex_model_summary.csv,project27-181,30;31;32;45;49;52;57;58;59;60;61;62;63;64;65;66;67;68;71;94;97;98;99;100;101;103;104;107,57;58;59;62;63;64;65;98;99;101;103;104;106;107;108;110;111;114;115;117;118;121;122;125,0.3333333333333333,0.3333333333333333,both_nonempty,0,NA,NA
Full181;Native155,empty,8;1,results/full181_supplement/raw/empty/seed8/boltz_results_full_blind/predictions/full_blind/full_blind_model_0.pdb,all_cross_seed_pairs,Full181,Native155,8,1,results/13_interface_analysis/formal/complex_model_summary.csv,project27-181,49;52;53;54;55;56;57;97;98;99;100;101;102;103;104;107;108;111,59;101;102;103;104;106;107;110;161;162;163;164;165;166;167;168;169;170,0.16129032258064516,0.16129032258064516,both_nonempty,0,NA,NA
Full181;Native155,empty,8;2,results/full181_supplement/raw/empty/seed8/boltz_results_full_blind/predictions/full_blind/full_blind_model_0.pdb,all_cross_seed_pairs,Full181,Native155,8,2,results/13_interface_analysis/formal/complex_model_summary.csv,project27-181,49;52;53;54;55;56;57;97;98;99;100;101;102;103;104;107;108;111,56;57;58;59;60;62;63;65;99;101;103;104;106;107;108;110;111;113;114;117;118;121;124;156;159;163,0.2571428571428571,0.2571428571428571,both_nonempty,0,NA,NA
Full181;Native155,empty,8;3,results/full181_supplement/raw/empty/seed8/boltz_results_full_blind/predictions/full_blind/full_blind_model_0.pdb,all_cross_seed_pairs,Full181,Native155,8,3,results/13_interface_analysis/formal/complex_model_summary.csv,project27-181,49;52;53;54;55;56;57;97;98;99;100;101;102;103;104;107;108;111,58;59;61;62;63;64;65;67;68;69;107;108;109;110;111;113;114;117;118;121;122;125;128;131;134;149;153;156;159;160;161;163;164;165;166,0.06,0.06,both_nonempty,0,NA,NA
Full181;Native155,empty,8;4,results/full181_supplement/raw/empty/seed8/boltz_results_full_blind/predictions/full_blind/full_blind_model_0.pdb,all_cross_seed_pairs,Full181,Native155,8,4,results/13_interface_analysis/formal/complex_model_summary.csv,project27-181,49;52;53;54;55;56;57;97;98;99;100;101;102;103;104;107;108;111,57;58;59;60;62;63;64;65;98;99;100;101;103;104;107;108;110;111;114;115;118;122;125,0.3225806451612903,0.3225806451612903,both_nonempty,0,NA,NA
Full181;Native155,empty,8;5,results/full181_supplement/raw/empty/seed8/boltz_results_full_blind/predictions/full_blind/full_blind_model_0.pdb,all_cross_seed_pairs,Full181,Native155,8,5,results/13_interface_analysis/formal/complex_model_summary.csv,project27-181,49;52;53;54;55;56;57;97;98;99;100;101;102;103;104;107;108;111,57;58;59;60;61;62;63;64;65;98;99;101;103;104;106;107;108;110;111;114;118;121;125,0.28125,0.28125,both_nonempty,0,NA,NA
Full181;Native155,empty,8;6,results/full181_supplement/raw/empty/seed8/boltz_results_full_blind/predictions/full_blind/full_blind_model_0.pdb,all_cross_seed_pairs,Full181,Native155,8,6,results/13_interface_analysis/formal/complex_model_summary.csv,project27-181,49;52;53;54;55;56;57;97;98;99;100;101;102;103;104;107;108;111,57;58;59;62;63;65;99;101;103;104;106;107;108;110;111;112;113;114;117;118;121;124;156;159;160;163,0.2222222222222222,0.2222222222222222,both_nonempty,0,NA,NA
Full181;Native155,empty,8;7,results/full181_supplement/raw/empty/seed8/boltz_results_full_blind/predictions/full_blind/full_blind_model_0.pdb,all_cross_seed_pairs,Full181,Native155,8,7,results/13_interface_analysis/formal/complex_model_summary.csv,project27-181,49;52;53;54;55;56;57;97;98;99;100;101;102;103;104;107;108;111,54;56;57;58;59;60;62;63;97;98;99;100;101;102;103;104;107;108;111,0.6086956521739131,0.6086956521739131,both_nonempty,0,NA,NA
Full181;Native155,empty,8;8,results/full181_supplement/raw/empty/seed8/boltz_results_full_blind/predictions/full_blind/full_blind_model_0.pdb,all_cross_seed_pairs,Full181,Native155,8,8,results/13_interface_analysis/formal/complex_model_summary.csv,project27-181,49;52;53;54;55;56;57;97;98;99;100;101;102;103;104;107;108;111,53;54;56;57;58;60;94;97;98;99;100;101;102;103;104;107;108;111,0.7142857142857143,0.7142857142857143,both_nonempty,0,NA,NA
Full181;Native155,empty,8;9,results/full181_supplement/raw/empty/seed8/boltz_results_full_blind/predictions/full_blind/full_blind_model_0.pdb,all_cross_seed_pairs,Full181,Native155,8,9,results/13_interface_analysis/formal/complex_model_summary.csv,project27-181,49;52;53;54;55;56;57;97;98;99;100;101;102;103;104;107;108;111,57;58;59;60;61;62;63;64;65;98;99;100;101;103;104;106;107;108;110;111;112;114;115;117;118;125,0.29411764705882354,0.29411764705882354,both_nonempty,0,NA,NA
Full181;Native155,empty,8;10,results/full181_supplement/raw/empty/seed8/boltz_results_full_blind/predictions/full_blind/full_blind_model_0.pdb,all_cross_seed_pairs,Full181,Native155,8,10,results/13_interface_analysis/formal/complex_model_summary.csv,project27-181,49;52;53;54;55;56;57;97;98;99;100;101;102;103;104;107;108;111,57;58;59;61;62;63;64;65;66;99;103;104;106;107;108;110;111;114;115;117;118;121;122;125,0.2,0.2,both_nonempty,0,NA,NA
Full181;Native155,empty,8;11,results/full181_supplement/raw/empty/seed8/boltz_results_full_blind/predictions/full_blind/full_blind_model_0.pdb,all_cross_seed_pairs,Full181,Native155,8,11,results/13_interface_analysis/formal/complex_model_summary.csv,project27-181,49;52;53;54;55;56;57;97;98;99;100;101;102;103;104;107;108;111,58;59;62;65;98;99;100;101;103;104;106;107;110;113;114;117;118;120;121;156;159;163;164;166;168,0.19444444444444445,0.19444444444444445,both_nonempty,0,NA,NA
Full181;Native155,empty,8;12,results/full181_supplement/raw/empty/seed8/boltz_results_full_blind/predictions/full_blind/full_blind_model_0.pdb,all_cross_seed_pairs,Full181,Native155,8,12,results/13_interface_analysis/formal/complex_model_summary.csv,project27-181,49;52;53;54;55;56;57;97;98;99;100;101;102;103;104;107;108;111,58;59;62;63;65;99;101;103;104;107;108;110;111;113;114;117;118;121;163,0.23333333333333334,0.23333333333333334,both_nonempty,0,NA,NA
Full181;Native155,empty,8;13,results/full181_supplement/raw/empty/seed8/boltz_results_full_blind/predictions/full_blind/full_blind_model_0.pdb,all_cross_seed_pairs,Full181,Native155,8,13,results/13_interface_analysis/formal/complex_model_summary.csv,project27-181,49;52;53;54;55;56;57;97;98;99;100;101;102;103;104;107;108;111,58;59;62;65;99;100;101;103;104;106;107;108;109;110;111;160;162;163;164;165;166;167;168,0.24242424242424243,0.24242424242424243,both_nonempty,0,NA,NA
Full181;Native155,empty,8;14,results/full181_supplement/raw/empty/seed8/boltz_results_full_blind/predictions/full_blind/full_blind_model_0.pdb,all_cross_seed_pairs,Full181,Native155,8,14,results/13_interface_analysis/formal/complex_model_summary.csv,project27-181,49;52;53;54;55;56;57;97;98;99;100;101;102;103;104;107;108;111,57;58;59;62;98;99;100;101;103;104;106;107;110;163;164;166;168,0.2962962962962963,0.2962962962962963,both_nonempty,0,NA,NA
Full181;Native155,empty,8;15,results/full181_supplement/raw/empty/seed8/boltz_results_full_blind/predictions/full_blind/full_blind_model_0.pdb,all_cross_seed_pairs,Full181,Native155,8,15,results/13_interface_analysis/formal/complex_model_summary.csv,project27-181,49;52;53;54;55;56;57;97;98;99;100;101;102;103;104;107;108;111,57;58;59;62;63;64;65;98;99;101;103;104;106;107;108;110;111;114;115;117;118;121;122;125,0.2727272727272727,0.2727272727272727,both_nonempty,0,NA,NA
Full181;Native155,empty,9;1,results/full181_supplement/raw/empty/seed9/boltz_results_full_blind/predictions/full_blind/full_blind_model_0.pdb,all_cross_seed_pairs,Full181,Native155,9,1,results/13_interface_analysis/formal/complex_model_summary.csv,project27-181,57;58;59;60;61;62;63;65;66;91;98;99;100;101;104;107;108;110;111;114;115;117;118,59;101;102;103;104;106;107;110;161;162;163;164;165;166;167;168;169;170,0.1388888888888889,0.1388888888888889,both_nonempty,0,NA,NA
Full181;Native155,empty,9;2,results/full181_supplement/raw/empty/seed9/boltz_results_full_blind/predictions/full_blind/full_blind_model_0.pdb,all_cross_seed_pairs,Full181,Native155,9,2,results/13_interface_analysis/formal/complex_model_summary.csv,project27-181,57;58;59;60;61;62;63;65;66;91;98;99;100;101;104;107;108;110;111;114;115;117;118,56;57;58;59;60;62;63;65;99;101;103;104;106;107;108;110;111;113;114;117;118;121;124;156;159;163,0.53125,0.53125,both_nonempty,0,NA,NA
Full181;Native155,empty,9;3,results/full181_supplement/raw/empty/seed9/boltz_results_full_blind/predictions/full_blind/full_blind_model_0.pdb,all_cross_seed_pairs,Full181,Native155,9,3,results/13_interface_analysis/formal/complex_model_summary.csv,project27-181,57;58;59;60;61;62;63;65;66;91;98;99;100;101;104;107;108;110;111;114;115;117;118,58;59;61;62;63;64;65;67;68;69;107;108;109;110;111;113;114;117;118;121;122;125;128;131;134;149;153;156;159;160;161;163;164;165;166,0.28888888888888886,0.28888888888888886,both_nonempty,0,NA,NA
Full181;Native155,empty,9;4,results/full181_supplement/raw/empty/seed9/boltz_results_full_blind/predictions/full_blind/full_blind_model_0.pdb,all_cross_seed_pairs,Full181,Native155,9,4,results/13_interface_analysis/formal/complex_model_summary.csv,project27-181,57;58;59;60;61;62;63;65;66;91;98;99;100;101;104;107;108;110;111;114;115;117;118,57;58;59;60;62;63;64;65;98;99;100;101;103;104;107;108;110;111;114;115;118;122;125,0.7037037037037037,0.7037037037037037,both_nonempty,0,NA,NA
Full181;Native155,empty,9;5,results/full181_supplement/raw/empty/seed9/boltz_results_full_blind/predictions/full_blind/full_blind_model_0.pdb,all_cross_seed_pairs,Full181,Native155,9,5,results/13_interface_analysis/formal/complex_model_summary.csv,project27-181,57;58;59;60;61;62;63;65;66;91;98;99;100;101;104;107;108;110;111;114;115;117;118,57;58;59;60;61;62;63;64;65;98;99;101;103;104;106;107;108;110;111;114;118;121;125,0.6428571428571429,0.6428571428571429,both_nonempty,0,NA,NA
Full181;Native155,empty,9;6,results/full181_supplement/raw/empty/seed9/boltz_results_full_blind/predictions/full_blind/full_blind_model_0.pdb,all_cross_seed_pairs,Full181,Native155,9,6,results/13_interface_analysis/formal/complex_model_summary.csv,project27-181,57;58;59;60;61;62;63;65;66;91;98;99;100;101;104;107;108;110;111;114;115;117;118,57;58;59;62;63;65;99;101;103;104;106;107;108;110;111;112;113;114;117;118;121;124;156;159;160;163,0.48484848484848486,0.48484848484848486,both_nonempty,0,NA,NA
Full181;Native155,empty,9;7,results/full181_supplement/raw/empty/seed9/boltz_results_full_blind/predictions/full_blind/full_blind_model_0.pdb,all_cross_seed_pairs,Full181,Native155,9,7,results/13_interface_analysis/formal/complex_model_summary.csv,project27-181,57;58;59;60;61;62;63;65;66;91;98;99;100;101;104;107;108;110;111;114;115;117;118,54;56;57;58;59;60;62;63;97;98;99;100;101;102;103;104;107;108;111,0.5,0.5,both_nonempty,0,NA,NA
Full181;Native155,empty,9;8,results/full181_supplement/raw/empty/seed9/boltz_results_full_blind/predictions/full_blind/full_blind_model_0.pdb,all_cross_seed_pairs,Full181,Native155,9,8,results/13_interface_analysis/formal/complex_model_summary.csv,project27-181,57;58;59;60;61;62;63;65;66;91;98;99;100;101;104;107;108;110;111;114;115;117;118,53;54;56;57;58;60;94;97;98;99;100;101;102;103;104;107;108;111,0.36666666666666664,0.36666666666666664,both_nonempty,0,NA,NA
Full181;Native155,empty,9;9,results/full181_supplement/raw/empty/seed9/boltz_results_full_blind/predictions/full_blind/full_blind_model_0.pdb,all_cross_seed_pairs,Full181,Native155,9,9,results/13_interface_analysis/formal/complex_model_summary.csv,project27-181,57;58;59;60;61;62;63;65;66;91;98;99;100;101;104;107;108;110;111;114;115;117;118,57;58;59;60;61;62;63;64;65;98;99;100;101;103;104;106;107;108;110;111;112;114;115;117;118;125,0.75,0.75,both_nonempty,0,NA,NA
Full181;Native155,empty,9;10,results/full181_supplement/raw/empty/seed9/boltz_results_full_blind/predictions/full_blind/full_blind_model_0.pdb,all_cross_seed_pairs,Full181,Native155,9,10,results/13_interface_analysis/formal/complex_model_summary.csv,project27-181,57;58;59;60;61;62;63;65;66;91;98;99;100;101;104;107;108;110;111;114;115;117;118,57;58;59;61;62;63;64;65;66;99;103;104;106;107;108;110;111;114;115;117;118;121;122;125,0.6206896551724138,0.6206896551724138,both_nonempty,0,NA,NA
Full181;Native155,empty,9;11,results/full181_supplement/raw/empty/seed9/boltz_results_full_blind/predictions/full_blind/full_blind_model_0.pdb,all_cross_seed_pairs,Full181,Native155,9,11,results/13_interface_analysis/formal/complex_model_summary.csv,project27-181,57;58;59;60;61;62;63;65;66;91;98;99;100;101;104;107;108;110;111;114;115;117;118,58;59;62;65;98;99;100;101;103;104;106;107;110;113;114;117;118;120;121;156;159;163;164;166;168,0.4117647058823529,0.4117647058823529,both_nonempty,0,NA,NA
Full181;Native155,empty,9;12,results/full181_supplement/raw/empty/seed9/boltz_results_full_blind/predictions/full_blind/full_blind_model_0.pdb,all_cross_seed_pairs,Full181,Native155,9,12,results/13_interface_analysis/formal/complex_model_summary.csv,project27-181,57;58;59;60;61;62;63;65;66;91;98;99;100;101;104;107;108;110;111;114;115;117;118,58;59;62;63;65;99;101;103;104;107;108;110;111;113;114;117;118;121;163,0.5555555555555556,0.5555555555555556,both_nonempty,0,NA,NA
Full181;Native155,empty,9;13,results/full181_supplement/raw/empty/seed9/boltz_results_full_blind/predictions/full_blind/full_blind_model_0.pdb,all_cross_seed_pairs,Full181,Native155,9,13,results/13_interface_analysis/formal/complex_model_summary.csv,project27-181,57;58;59;60;61;62;63;65;66;91;98;99;100;101;104;107;108;110;111;114;115;117;118,58;59;62;65;99;100;101;103;104;106;107;108;109;110;111;160;162;163;164;165;166;167;168,0.35294117647058826,0.35294117647058826,both_nonempty,0,NA,NA
Full181;Native155,empty,9;14,results/full181_supplement/raw/empty/seed9/boltz_results_full_blind/predictions/full_blind/full_blind_model_0.pdb,all_cross_seed_pairs,Full181,Native155,9,14,results/13_interface_analysis/formal/complex_model_summary.csv,project27-181,57;58;59;60;61;62;63;65;66;91;98;99;100;101;104;107;108;110;111;114;115;117;118,57;58;59;62;98;99;100;101;103;104;106;107;110;163;164;166;168,0.3793103448275862,0.3793103448275862,both_nonempty,0,NA,NA
Full181;Native155,empty,9;15,results/full181_supplement/raw/empty/seed9/boltz_results_full_blind/predictions/full_blind/full_blind_model_0.pdb,all_cross_seed_pairs,Full181,Native155,9,15,results/13_interface_analysis/formal/complex_model_summary.csv,project27-181,57;58;59;60;61;62;63;65;66;91;98;99;100;101;104;107;108;110;111;114;115;117;118,57;58;59;62;63;64;65;98;99;101;103;104;106;107;108;110;111;114;115;117;118;121;122;125,0.6206896551724138,0.6206896551724138,both_nonempty,0,NA,NA
Full181;Native155,empty,10;1,results/full181_supplement/raw/empty/seed10/boltz_results_full_blind/predictions/full_blind/full_blind_model_0.pdb,all_cross_seed_pairs,Full181,Native155,10,1,results/13_interface_analysis/formal/complex_model_summary.csv,project27-181,58;59;60;61;62;63;64;65;68;101;103;104;106;107;110;111;114;115;118;122;163,59;101;102;103;104;106;107;110;161;162;163;164;165;166;167;168;169;170,0.25806451612903225,0.25806451612903225,both_nonempty,0,NA,NA
Full181;Native155,empty,10;2,results/full181_supplement/raw/empty/seed10/boltz_results_full_blind/predictions/full_blind/full_blind_model_0.pdb,all_cross_seed_pairs,Full181,Native155,10,2,results/13_interface_analysis/formal/complex_model_summary.csv,project27-181,58;59;60;61;62;63;64;65;68;101;103;104;106;107;110;111;114;115;118;122;163,56;57;58;59;60;62;63;65;99;101;103;104;106;107;108;110;111;113;114;117;118;121;124;156;159;163,0.5161290322580645,0.5161290322580645,both_nonempty,0,NA,NA
Full181;Native155,empty,10;3,results/full181_supplement/raw/empty/seed10/boltz_results_full_blind/predictions/full_blind/full_blind_model_0.pdb,all_cross_seed_pairs,Full181,Native155,10,3,results/13_interface_analysis/formal/complex_model_summary.csv,project27-181,58;59;60;61;62;63;64;65;68;101;103;104;106;107;110;111;114;115;118;122;163,58;59;61;62;63;64;65;67;68;69;107;108;109;110;111;113;114;117;118;121;122;125;128;131;134;149;153;156;159;160;161;163;164;165;166,0.36585365853658536,0.36585365853658536,both_nonempty,0,NA,NA
Full181;Native155,empty,10;4,results/full181_supplement/raw/empty/seed10/boltz_results_full_blind/predictions/full_blind/full_blind_model_0.pdb,all_cross_seed_pairs,Full181,Native155,10,4,results/13_interface_analysis/formal/complex_model_summary.csv,project27-181,58;59;60;61;62;63;64;65;68;101;103;104;106;107;110;111;114;115;118;122;163,57;58;59;60;62;63;64;65;98;99;100;101;103;104;107;108;110;111;114;115;118;122;125,0.6296296296296297,0.6296296296296297,both_nonempty,0,NA,NA
Full181;Native155,empty,10;5,results/full181_supplement/raw/empty/seed10/boltz_results_full_blind/predictions/full_blind/full_blind_model_0.pdb,all_cross_seed_pairs,Full181,Native155,10,5,results/13_interface_analysis/formal/complex_model_summary.csv,project27-181,58;59;60;61;62;63;64;65;68;101;103;104;106;107;110;111;114;115;118;122;163,57;58;59;60;61;62;63;64;65;98;99;101;103;104;106;107;108;110;111;114;118;121;125,0.6296296296296297,0.6296296296296297,both_nonempty,0,NA,NA
Full181;Native155,empty,10;6,results/full181_supplement/raw/empty/seed10/boltz_results_full_blind/predictions/full_blind/full_blind_model_0.pdb,all_cross_seed_pairs,Full181,Native155,10,6,results/13_interface_analysis/formal/complex_model_summary.csv,project27-181,58;59;60;61;62;63;64;65;68;101;103;104;106;107;110;111;114;115;118;122;163,57;58;59;62;63;65;99;101;103;104;106;107;108;110;111;112;113;114;117;118;121;124;156;159;160;163,0.46875,0.46875,both_nonempty,0,NA,NA
Full181;Native155,empty,10;7,results/full181_supplement/raw/empty/seed10/boltz_results_full_blind/predictions/full_blind/full_blind_model_0.pdb,all_cross_seed_pairs,Full181,Native155,10,7,results/13_interface_analysis/formal/complex_model_summary.csv,project27-181,58;59;60;61;62;63;64;65;68;101;103;104;106;107;110;111;114;115;118;122;163,54;56;57;58;59;60;62;63;97;98;99;100;101;102;103;104;107;108;111,0.3333333333333333,0.3333333333333333,both_nonempty,0,NA,NA
Full181;Native155,empty,10;8,results/full181_supplement/raw/empty/seed10/boltz_results_full_blind/predictions/full_blind/full_blind_model_0.pdb,all_cross_seed_pairs,Full181,Native155,10,8,results/13_interface_analysis/formal/complex_model_summary.csv,project27-181,58;59;60;61;62;63;64;65;68;101;103;104;106;107;110;111;114;115;118;122;163,53;54;56;57;58;60;94;97;98;99;100;101;102;103;104;107;108;111,0.21875,0.21875,both_nonempty,0,NA,NA
Full181;Native155,empty,10;9,results/full181_supplement/raw/empty/seed10/boltz_results_full_blind/predictions/full_blind/full_blind_model_0.pdb,all_cross_seed_pairs,Full181,Native155,10,9,results/13_interface_analysis/formal/complex_model_summary.csv,project27-181,58;59;60;61;62;63;64;65;68;101;103;104;106;107;110;111;114;115;118;122;163,57;58;59;60;61;62;63;64;65;98;99;100;101;103;104;106;107;108;110;111;112;114;115;117;118;125,0.6206896551724138,0.6206896551724138,both_nonempty,0,NA,NA
Full181;Native155,empty,10;10,results/full181_supplement/raw/empty/seed10/boltz_results_full_blind/predictions/full_blind/full_blind_model_0.pdb,all_cross_seed_pairs,Full181,Native155,10,10,results/13_interface_analysis/formal/complex_model_summary.csv,project27-181,58;59;60;61;62;63;64;65;68;101;103;104;106;107;110;111;114;115;118;122;163,57;58;59;61;62;63;64;65;66;99;103;104;106;107;108;110;111;114;115;117;118;121;122;125,0.6071428571428571,0.6071428571428571,both_nonempty,0,NA,NA
Full181;Native155,empty,10;11,results/full181_supplement/raw/empty/seed10/boltz_results_full_blind/predictions/full_blind/full_blind_model_0.pdb,all_cross_seed_pairs,Full181,Native155,10,11,results/13_interface_analysis/formal/complex_model_summary.csv,project27-181,58;59;60;61;62;63;64;65;68;101;103;104;106;107;110;111;114;115;118;122;163,58;59;62;65;98;99;100;101;103;104;106;107;110;113;114;117;118;120;121;156;159;163;164;166;168,0.3939393939393939,0.3939393939393939,both_nonempty,0,NA,NA
Full181;Native155,empty,10;12,results/full181_supplement/raw/empty/seed10/boltz_results_full_blind/predictions/full_blind/full_blind_model_0.pdb,all_cross_seed_pairs,Full181,Native155,10,12,results/13_interface_analysis/formal/complex_model_summary.csv,project27-181,58;59;60;61;62;63;64;65;68;101;103;104;106;107;110;111;114;115;118;122;163,58;59;62;63;65;99;101;103;104;107;108;110;111;113;114;117;118;121;163,0.5384615384615384,0.5384615384615384,both_nonempty,0,NA,NA
Full181;Native155,empty,10;13,results/full181_supplement/raw/empty/seed10/boltz_results_full_blind/predictions/full_blind/full_blind_model_0.pdb,all_cross_seed_pairs,Full181,Native155,10,13,results/13_interface_analysis/formal/complex_model_summary.csv,project27-181,58;59;60;61;62;63;64;65;68;101;103;104;106;107;110;111;114;115;118;122;163,58;59;62;65;99;100;101;103;104;106;107;108;109;110;111;160;162;163;164;165;166;167;168,0.375,0.375,both_nonempty,0,NA,NA
Full181;Native155,empty,10;14,results/full181_supplement/raw/empty/seed10/boltz_results_full_blind/predictions/full_blind/full_blind_model_0.pdb,all_cross_seed_pairs,Full181,Native155,10,14,results/13_interface_analysis/formal/complex_model_summary.csv,project27-181,58;59;60;61;62;63;64;65;68;101;103;104;106;107;110;111;114;115;118;122;163,57;58;59;62;98;99;100;101;103;104;106;107;110;163;164;166;168,0.35714285714285715,0.35714285714285715,both_nonempty,0,NA,NA
Full181;Native155,empty,10;15,results/full181_supplement/raw/empty/seed10/boltz_results_full_blind/predictions/full_blind/full_blind_model_0.pdb,all_cross_seed_pairs,Full181,Native155,10,15,results/13_interface_analysis/formal/complex_model_summary.csv,project27-181,58;59;60;61;62;63;64;65;68;101;103;104;106;107;110;111;114;115;118;122;163,57;58;59;62;63;64;65;98;99;101;103;104;106;107;108;110;111;114;115;117;118;121;122;125,0.6071428571428571,0.6071428571428571,both_nonempty,0,NA,NA
Full181;Native155,empty,11;1,results/full181_supplement/raw/empty/seed11/boltz_results_full_blind/predictions/full_blind/full_blind_model_0.pdb,all_cross_seed_pairs,Full181,Native155,11,1,results/13_interface_analysis/formal/complex_model_summary.csv,project27-181,57;58;59;60;62;63;64;65;66;103;106;107;108;110;111;113;114;117;118;121;125;149;153;156;160;161;163,59;101;102;103;104;106;107;110;161;162;163;164;165;166;167;168;169;170,0.18421052631578946,0.18421052631578946,both_nonempty,0,NA,NA
Full181;Native155,empty,11;2,results/full181_supplement/raw/empty/seed11/boltz_results_full_blind/predictions/full_blind/full_blind_model_0.pdb,all_cross_seed_pairs,Full181,Native155,11,2,results/13_interface_analysis/formal/complex_model_summary.csv,project27-181,57;58;59;60;62;63;64;65;66;103;106;107;108;110;111;113;114;117;118;121;125;149;153;156;160;161;163,56;57;58;59;60;62;63;65;99;101;103;104;106;107;108;110;111;113;114;117;118;121;124;156;159;163,0.6060606060606061,0.6060606060606061,both_nonempty,0,NA,NA
Full181;Native155,empty,11;3,results/full181_supplement/raw/empty/seed11/boltz_results_full_blind/predictions/full_blind/full_blind_model_0.pdb,all_cross_seed_pairs,Full181,Native155,11,3,results/13_interface_analysis/formal/complex_model_summary.csv,project27-181,57;58;59;60;62;63;64;65;66;103;106;107;108;110;111;113;114;117;118;121;125;149;153;156;160;161;163,58;59;61;62;63;64;65;67;68;69;107;108;109;110;111;113;114;117;118;121;122;125;128;131;134;149;153;156;159;160;161;163;164;165;166,0.55,0.55,both_nonempty,0,NA,NA
Full181;Native155,empty,11;4,results/full181_supplement/raw/empty/seed11/boltz_results_full_blind/predictions/full_blind/full_blind_model_0.pdb,all_cross_seed_pairs,Full181,Native155,11,4,results/13_interface_analysis/formal/complex_model_summary.csv,project27-181,57;58;59;60;62;63;64;65;66;103;106;107;108;110;111;113;114;117;118;121;125;149;153;156;160;161;163,57;58;59;60;62;63;64;65;98;99;100;101;103;104;107;108;110;111;114;115;118;122;125,0.47058823529411764,0.47058823529411764,both_nonempty,0,NA,NA
Full181;Native155,empty,11;5,results/full181_supplement/raw/empty/seed11/boltz_results_full_blind/predictions/full_blind/full_blind_model_0.pdb,all_cross_seed_pairs,Full181,Native155,11,5,results/13_interface_analysis/formal/complex_model_summary.csv,project27-181,57;58;59;60;62;63;64;65;66;103;106;107;108;110;111;113;114;117;118;121;125;149;153;156;160;161;163,57;58;59;60;61;62;63;64;65;98;99;101;103;104;106;107;108;110;111;114;118;121;125,0.5625,0.5625,both_nonempty,0,NA,NA
Full181;Native155,empty,11;6,results/full181_supplement/raw/empty/seed11/boltz_results_full_blind/predictions/full_blind/full_blind_model_0.pdb,all_cross_seed_pairs,Full181,Native155,11,6,results/13_interface_analysis/formal/complex_model_summary.csv,project27-181,57;58;59;60;62;63;64;65;66;103;106;107;108;110;111;113;114;117;118;121;125;149;153;156;160;161;163,57;58;59;62;63;65;99;101;103;104;106;107;108;110;111;112;113;114;117;118;121;124;156;159;160;163,0.6060606060606061,0.6060606060606061,both_nonempty,0,NA,NA
Full181;Native155,empty,11;7,results/full181_supplement/raw/empty/seed11/boltz_results_full_blind/predictions/full_blind/full_blind_model_0.pdb,all_cross_seed_pairs,Full181,Native155,11,7,results/13_interface_analysis/formal/complex_model_summary.csv,project27-181,57;58;59;60;62;63;64;65;66;103;106;107;108;110;111;113;114;117;118;121;125;149;153;156;160;161;163,54;56;57;58;59;60;62;63;97;98;99;100;101;102;103;104;107;108;111,0.2777777777777778,0.2777777777777778,both_nonempty,0,NA,NA
Full181;Native155,empty,11;8,results/full181_supplement/raw/empty/seed11/boltz_results_full_blind/predictions/full_blind/full_blind_model_0.pdb,all_cross_seed_pairs,Full181,Native155,11,8,results/13_interface_analysis/formal/complex_model_summary.csv,project27-181,57;58;59;60;62;63;64;65;66;103;106;107;108;110;111;113;114;117;118;121;125;149;153;156;160;161;163,53;54;56;57;58;60;94;97;98;99;100;101;102;103;104;107;108;111,0.18421052631578946,0.18421052631578946,both_nonempty,0,NA,NA
Full181;Native155,empty,11;9,results/full181_supplement/raw/empty/seed11/boltz_results_full_blind/predictions/full_blind/full_blind_model_0.pdb,all_cross_seed_pairs,Full181,Native155,11,9,results/13_interface_analysis/formal/complex_model_summary.csv,project27-181,57;58;59;60;62;63;64;65;66;103;106;107;108;110;111;113;114;117;118;121;125;149;153;156;160;161;163,57;58;59;60;61;62;63;64;65;98;99;100;101;103;104;106;107;108;110;111;112;114;115;117;118;125,0.5142857142857142,0.5142857142857142,both_nonempty,0,NA,NA
Full181;Native155,empty,11;10,results/full181_supplement/raw/empty/seed11/boltz_results_full_blind/predictions/full_blind/full_blind_model_0.pdb,all_cross_seed_pairs,Full181,Native155,11,10,results/13_interface_analysis/formal/complex_model_summary.csv,project27-181,57;58;59;60;62;63;64;65;66;103;106;107;108;110;111;113;114;117;118;121;125;149;153;156;160;161;163,57;58;59;61;62;63;64;65;66;99;103;104;106;107;108;110;111;114;115;117;118;121;122;125,0.59375,0.59375,both_nonempty,0,NA,NA
Full181;Native155,empty,11;11,results/full181_supplement/raw/empty/seed11/boltz_results_full_blind/predictions/full_blind/full_blind_model_0.pdb,all_cross_seed_pairs,Full181,Native155,11,11,results/13_interface_analysis/formal/complex_model_summary.csv,project27-181,57;58;59;60;62;63;64;65;66;103;106;107;108;110;111;113;114;117;118;121;125;149;153;156;160;161;163,58;59;62;65;98;99;100;101;103;104;106;107;110;113;114;117;118;120;121;156;159;163;164;166;168,0.40540540540540543,0.40540540540540543,both_nonempty,0,NA,NA
Full181;Native155,empty,11;12,results/full181_supplement/raw/empty/seed11/boltz_results_full_blind/predictions/full_blind/full_blind_model_0.pdb,all_cross_seed_pairs,Full181,Native155,11,12,results/13_interface_analysis/formal/complex_model_summary.csv,project27-181,57;58;59;60;62;63;64;65;66;103;106;107;108;110;111;113;114;117;118;121;125;149;153;156;160;161;163,58;59;62;63;65;99;101;103;104;107;108;110;111;113;114;117;118;121;163,0.5333333333333333,0.5333333333333333,both_nonempty,0,NA,NA
Full181;Native155,empty,11;13,results/full181_supplement/raw/empty/seed11/boltz_results_full_blind/predictions/full_blind/full_blind_model_0.pdb,all_cross_seed_pairs,Full181,Native155,11,13,results/13_interface_analysis/formal/complex_model_summary.csv,project27-181,57;58;59;60;62;63;64;65;66;103;106;107;108;110;111;113;114;117;118;121;125;149;153;156;160;161;163,58;59;62;65;99;100;101;103;104;106;107;108;109;110;111;160;162;163;164;165;166;167;168,0.3157894736842105,0.3157894736842105,both_nonempty,0,NA,NA
Full181;Native155,empty,11;14,results/full181_supplement/raw/empty/seed11/boltz_results_full_blind/predictions/full_blind/full_blind_model_0.pdb,all_cross_seed_pairs,Full181,Native155,11,14,results/13_interface_analysis/formal/complex_model_summary.csv,project27-181,57;58;59;60;62;63;64;65;66;103;106;107;108;110;111;113;114;117;118;121;125;149;153;156;160;161;163,57;58;59;62;98;99;100;101;103;104;106;107;110;163;164;166;168,0.2571428571428571,0.2571428571428571,both_nonempty,0,NA,NA
Full181;Native155,empty,11;15,results/full181_supplement/raw/empty/seed11/boltz_results_full_blind/predictions/full_blind/full_blind_model_0.pdb,all_cross_seed_pairs,Full181,Native155,11,15,results/13_interface_analysis/formal/complex_model_summary.csv,project27-181,57;58;59;60;62;63;64;65;66;103;106;107;108;110;111;113;114;117;118;121;125;149;153;156;160;161;163,57;58;59;62;63;64;65;98;99;101;103;104;106;107;108;110;111;114;115;117;118;121;122;125,0.5454545454545454,0.5454545454545454,both_nonempty,0,NA,NA
Full181;Native155,empty,12;1,results/full181_supplement/raw/empty/seed12/boltz_results_full_blind/predictions/full_blind/full_blind_model_0.pdb,all_cross_seed_pairs,Full181,Native155,12,1,results/13_interface_analysis/formal/complex_model_summary.csv,project27-181,56;57;58;59;62;63;98;99;100;101;102;103;104;106;107;108;110;166,59;101;102;103;104;106;107;110;161;162;163;164;165;166;167;168;169;170,0.3333333333333333,0.3333333333333333,both_nonempty,0,NA,NA
Full181;Native155,empty,12;2,results/full181_supplement/raw/empty/seed12/boltz_results_full_blind/predictions/full_blind/full_blind_model_0.pdb,all_cross_seed_pairs,Full181,Native155,12,2,results/13_interface_analysis/formal/complex_model_summary.csv,project27-181,56;57;58;59;62;63;98;99;100;101;102;103;104;106;107;108;110;166,56;57;58;59;60;62;63;65;99;101;103;104;106;107;108;110;111;113;114;117;118;121;124;156;159;163,0.4666666666666667,0.4666666666666667,both_nonempty,0,NA,NA
Full181;Native155,empty,12;3,results/full181_supplement/raw/empty/seed12/boltz_results_full_blind/predictions/full_blind/full_blind_model_0.pdb,all_cross_seed_pairs,Full181,Native155,12,3,results/13_interface_analysis/formal/complex_model_summary.csv,project27-181,56;57;58;59;62;63;98;99;100;101;102;103;104;106;107;108;110;166,58;59;61;62;63;64;65;67;68;69;107;108;109;110;111;113;114;117;118;121;122;125;128;131;134;149;153;156;159;160;161;163;164;165;166,0.17777777777777778,0.17777777777777778,both_nonempty,0,NA,NA
Full181;Native155,empty,12;4,results/full181_supplement/raw/empty/seed12/boltz_results_full_blind/predictions/full_blind/full_blind_model_0.pdb,all_cross_seed_pairs,Full181,Native155,12,4,results/13_interface_analysis/formal/complex_model_summary.csv,project27-181,56;57;58;59;62;63;98;99;100;101;102;103;104;106;107;108;110;166,57;58;59;60;62;63;64;65;98;99;100;101;103;104;107;108;110;111;114;115;118;122;125,0.5185185185185185,0.5185185185185185,both_nonempty,0,NA,NA
Full181;Native155,empty,12;5,results/full181_supplement/raw/empty/seed12/boltz_results_full_blind/predictions/full_blind/full_blind_model_0.pdb,all_cross_seed_pairs,Full181,Native155,12,5,results/13_interface_analysis/formal/complex_model_summary.csv,project27-181,56;57;58;59;62;63;98;99;100;101;102;103;104;106;107;108;110;166,57;58;59;60;61;62;63;64;65;98;99;101;103;104;106;107;108;110;111;114;118;121;125,0.5185185185185185,0.5185185185185185,both_nonempty,0,NA,NA
Full181;Native155,empty,12;6,results/full181_supplement/raw/empty/seed12/boltz_results_full_blind/predictions/full_blind/full_blind_model_0.pdb,all_cross_seed_pairs,Full181,Native155,12,6,results/13_interface_analysis/formal/complex_model_summary.csv,project27-181,56;57;58;59;62;63;98;99;100;101;102;103;104;106;107;108;110;166,57;58;59;62;63;65;99;101;103;104;106;107;108;110;111;112;113;114;117;118;121;124;156;159;160;163,0.41935483870967744,0.41935483870967744,both_nonempty,0,NA,NA
Full181;Native155,empty,12;7,results/full181_supplement/raw/empty/seed12/boltz_results_full_blind/predictions/full_blind/full_blind_model_0.pdb,all_cross_seed_pairs,Full181,Native155,12,7,results/13_interface_analysis/formal/complex_model_summary.csv,project27-181,56;57;58;59;62;63;98;99;100;101;102;103;104;106;107;108;110;166,54;56;57;58;59;60;62;63;97;98;99;100;101;102;103;104;107;108;111,0.6818181818181818,0.6818181818181818,both_nonempty,0,NA,NA
Full181;Native155,empty,12;8,results/full181_supplement/raw/empty/seed12/boltz_results_full_blind/predictions/full_blind/full_blind_model_0.pdb,all_cross_seed_pairs,Full181,Native155,12,8,results/13_interface_analysis/formal/complex_model_summary.csv,project27-181,56;57;58;59;62;63;98;99;100;101;102;103;104;106;107;108;110;166,53;54;56;57;58;60;94;97;98;99;100;101;102;103;104;107;108;111,0.5,0.5,both_nonempty,0,NA,NA
Full181;Native155,empty,12;9,results/full181_supplement/raw/empty/seed12/boltz_results_full_blind/predictions/full_blind/full_blind_model_0.pdb,all_cross_seed_pairs,Full181,Native155,12,9,results/13_interface_analysis/formal/complex_model_summary.csv,project27-181,56;57;58;59;62;63;98;99;100;101;102;103;104;106;107;108;110;166,57;58;59;60;61;62;63;64;65;98;99;100;101;103;104;106;107;108;110;111;112;114;115;117;118;125,0.5172413793103449,0.5172413793103449,both_nonempty,0,NA,NA
Full181;Native155,empty,12;10,results/full181_supplement/raw/empty/seed12/boltz_results_full_blind/predictions/full_blind/full_blind_model_0.pdb,all_cross_seed_pairs,Full181,Native155,12,10,results/13_interface_analysis/formal/complex_model_summary.csv,project27-181,56;57;58;59;62;63;98;99;100;101;102;103;104;106;107;108;110;166,57;58;59;61;62;63;64;65;66;99;103;104;106;107;108;110;111;114;115;117;118;121;122;125,0.4,0.4,both_nonempty,0,NA,NA
Full181;Native155,empty,12;11,results/full181_supplement/raw/empty/seed12/boltz_results_full_blind/predictions/full_blind/full_blind_model_0.pdb,all_cross_seed_pairs,Full181,Native155,12,11,results/13_interface_analysis/formal/complex_model_summary.csv,project27-181,56;57;58;59;62;63;98;99;100;101;102;103;104;106;107;108;110;166,58;59;62;65;98;99;100;101;103;104;106;107;110;113;114;117;118;120;121;156;159;163;164;166;168,0.43333333333333335,0.43333333333333335,both_nonempty,0,NA,NA
Full181;Native155,empty,12;12,results/full181_supplement/raw/empty/seed12/boltz_results_full_blind/predictions/full_blind/full_blind_model_0.pdb,all_cross_seed_pairs,Full181,Native155,12,12,results/13_interface_analysis/formal/complex_model_summary.csv,project27-181,56;57;58;59;62;63;98;99;100;101;102;103;104;106;107;108;110;166,58;59;62;63;65;99;101;103;104;107;108;110;111;113;114;117;118;121;163,0.4230769230769231,0.4230769230769231,both_nonempty,0,NA,NA
Full181;Native155,empty,12;13,results/full181_supplement/raw/empty/seed12/boltz_results_full_blind/predictions/full_blind/full_blind_model_0.pdb,all_cross_seed_pairs,Full181,Native155,12,13,results/13_interface_analysis/formal/complex_model_summary.csv,project27-181,56;57;58;59;62;63;98;99;100;101;102;103;104;106;107;108;110;166,58;59;62;65;99;100;101;103;104;106;107;108;109;110;111;160;162;163;164;165;166;167;168,0.4642857142857143,0.4642857142857143,both_nonempty,0,NA,NA
Full181;Native155,empty,12;14,results/full181_supplement/raw/empty/seed12/boltz_results_full_blind/predictions/full_blind/full_blind_model_0.pdb,all_cross_seed_pairs,Full181,Native155,12,14,results/13_interface_analysis/formal/complex_model_summary.csv,project27-181,56;57;58;59;62;63;98;99;100;101;102;103;104;106;107;108;110;166,57;58;59;62;98;99;100;101;103;104;106;107;110;163;164;166;168,0.6666666666666666,0.6666666666666666,both_nonempty,0,NA,NA
Full181;Native155,empty,12;15,results/full181_supplement/raw/empty/seed12/boltz_results_full_blind/predictions/full_blind/full_blind_model_0.pdb,all_cross_seed_pairs,Full181,Native155,12,15,results/13_interface_analysis/formal/complex_model_summary.csv,project27-181,56;57;58;59;62;63;98;99;100;101;102;103;104;106;107;108;110;166,57;58;59;62;63;64;65;98;99;101;103;104;106;107;108;110;111;114;115;117;118;121;122;125,0.5,0.5,both_nonempty,0,NA,NA
Full181;Native155,empty,13;1,results/full181_supplement/raw/empty/seed13/boltz_results_full_blind/predictions/full_blind/full_blind_model_0.pdb,all_cross_seed_pairs,Full181,Native155,13,1,results/13_interface_analysis/formal/complex_model_summary.csv,project27-181,57;58;59;60;61;62;63;64;65;66;68;91;98;99;100;101;103;104;106;107;108;110;111;114;115;117;118;153;156;163,59;101;102;103;104;106;107;110;161;162;163;164;165;166;167;168;169;170,0.2,0.2,both_nonempty,0,NA,NA
Full181;Native155,empty,13;2,results/full181_supplement/raw/empty/seed13/boltz_results_full_blind/predictions/full_blind/full_blind_model_0.pdb,all_cross_seed_pairs,Full181,Native155,13,2,results/13_interface_analysis/formal/complex_model_summary.csv,project27-181,57;58;59;60;61;62;63;64;65;66;68;91;98;99;100;101;103;104;106;107;108;110;111;114;115;117;118;153;156;163,56;57;58;59;60;62;63;65;99;101;103;104;106;107;108;110;111;113;114;117;118;121;124;156;159;163,0.6,0.6,both_nonempty,0,NA,NA
Full181;Native155,empty,13;3,results/full181_supplement/raw/empty/seed13/boltz_results_full_blind/predictions/full_blind/full_blind_model_0.pdb,all_cross_seed_pairs,Full181,Native155,13,3,results/13_interface_analysis/formal/complex_model_summary.csv,project27-181,57;58;59;60;61;62;63;64;65;66;68;91;98;99;100;101;103;104;106;107;108;110;111;114;115;117;118;153;156;163,58;59;61;62;63;64;65;67;68;69;107;108;109;110;111;113;114;117;118;121;122;125;128;131;134;149;153;156;159;160;161;163;164;165;166,0.3829787234042553,0.3829787234042553,both_nonempty,0,NA,NA
Full181;Native155,empty,13;4,results/full181_supplement/raw/empty/seed13/boltz_results_full_blind/predictions/full_blind/full_blind_model_0.pdb,all_cross_seed_pairs,Full181,Native155,13,4,results/13_interface_analysis/formal/complex_model_summary.csv,project27-181,57;58;59;60;61;62;63;64;65;66;68;91;98;99;100;101;103;104;106;107;108;110;111;114;115;117;118;153;156;163,57;58;59;60;62;63;64;65;98;99;100;101;103;104;107;108;110;111;114;115;118;122;125,0.65625,0.65625,both_nonempty,0,NA,NA
Full181;Native155,empty,13;5,results/full181_supplement/raw/empty/seed13/boltz_results_full_blind/predictions/full_blind/full_blind_model_0.pdb,all_cross_seed_pairs,Full181,Native155,13,5,results/13_interface_analysis/formal/complex_model_summary.csv,project27-181,57;58;59;60;61;62;63;64;65;66;68;91;98;99;100;101;103;104;106;107;108;110;111;114;115;117;118;153;156;163,57;58;59;60;61;62;63;64;65;98;99;101;103;104;106;107;108;110;111;114;118;121;125,0.65625,0.65625,both_nonempty,0,NA,NA
Full181;Native155,empty,13;6,results/full181_supplement/raw/empty/seed13/boltz_results_full_blind/predictions/full_blind/full_blind_model_0.pdb,all_cross_seed_pairs,Full181,Native155,13,6,results/13_interface_analysis/formal/complex_model_summary.csv,project27-181,57;58;59;60;61;62;63;64;65;66;68;91;98;99;100;101;103;104;106;107;108;110;111;114;115;117;118;153;156;163,57;58;59;62;63;65;99;101;103;104;106;107;108;110;111;112;113;114;117;118;121;124;156;159;160;163,0.5555555555555556,0.5555555555555556,both_nonempty,0,NA,NA
Full181;Native155,empty,13;7,results/full181_supplement/raw/empty/seed13/boltz_results_full_blind/predictions/full_blind/full_blind_model_0.pdb,all_cross_seed_pairs,Full181,Native155,13,7,results/13_interface_analysis/formal/complex_model_summary.csv,project27-181,57;58;59;60;61;62;63;64;65;66;68;91;98;99;100;101;103;104;106;107;108;110;111;114;115;117;118;153;156;163,54;56;57;58;59;60;62;63;97;98;99;100;101;102;103;104;107;108;111,0.4411764705882353,0.4411764705882353,both_nonempty,0,NA,NA
Full181;Native155,empty,13;8,results/full181_supplement/raw/empty/seed13/boltz_results_full_blind/predictions/full_blind/full_blind_model_0.pdb,all_cross_seed_pairs,Full181,Native155,13,8,results/13_interface_analysis/formal/complex_model_summary.csv,project27-181,57;58;59;60;61;62;63;64;65;66;68;91;98;99;100;101;103;104;106;107;108;110;111;114;115;117;118;153;156;163,53;54;56;57;58;60;94;97;98;99;100;101;102;103;104;107;108;111,0.3333333333333333,0.3333333333333333,both_nonempty,0,NA,NA
Full181;Native155,empty,13;9,results/full181_supplement/raw/empty/seed13/boltz_results_full_blind/predictions/full_blind/full_blind_model_0.pdb,all_cross_seed_pairs,Full181,Native155,13,9,results/13_interface_analysis/formal/complex_model_summary.csv,project27-181,57;58;59;60;61;62;63;64;65;66;68;91;98;99;100;101;103;104;106;107;108;110;111;114;115;117;118;153;156;163,57;58;59;60;61;62;63;64;65;98;99;100;101;103;104;106;107;108;110;111;112;114;115;117;118;125,0.75,0.75,both_nonempty,0,NA,NA
Full181;Native155,empty,13;10,results/full181_supplement/raw/empty/seed13/boltz_results_full_blind/predictions/full_blind/full_blind_model_0.pdb,all_cross_seed_pairs,Full181,Native155,13,10,results/13_interface_analysis/formal/complex_model_summary.csv,project27-181,57;58;59;60;61;62;63;64;65;66;68;91;98;99;100;101;103;104;106;107;108;110;111;114;115;117;118;153;156;163,57;58;59;61;62;63;64;65;66;99;103;104;106;107;108;110;111;114;115;117;118;121;122;125,0.6363636363636364,0.6363636363636364,both_nonempty,0,NA,NA
Full181;Native155,empty,13;11,results/full181_supplement/raw/empty/seed13/boltz_results_full_blind/predictions/full_blind/full_blind_model_0.pdb,all_cross_seed_pairs,Full181,Native155,13,11,results/13_interface_analysis/formal/complex_model_summary.csv,project27-181,57;58;59;60;61;62;63;64;65;66;68;91;98;99;100;101;103;104;106;107;108;110;111;114;115;117;118;153;156;163,58;59;62;65;98;99;100;101;103;104;106;107;110;113;114;117;118;120;121;156;159;163;164;166;168,0.4864864864864865,0.4864864864864865,both_nonempty,0,NA,NA
Full181;Native155,empty,13;12,results/full181_supplement/raw/empty/seed13/boltz_results_full_blind/predictions/full_blind/full_blind_model_0.pdb,all_cross_seed_pairs,Full181,Native155,13,12,results/13_interface_analysis/formal/complex_model_summary.csv,project27-181,57;58;59;60;61;62;63;64;65;66;68;91;98;99;100;101;103;104;106;107;108;110;111;114;115;117;118;153;156;163,58;59;62;63;65;99;101;103;104;107;108;110;111;113;114;117;118;121;163,0.53125,0.53125,both_nonempty,0,NA,NA
Full181;Native155,empty,13;13,results/full181_supplement/raw/empty/seed13/boltz_results_full_blind/predictions/full_blind/full_blind_model_0.pdb,all_cross_seed_pairs,Full181,Native155,13,13,results/13_interface_analysis/formal/complex_model_summary.csv,project27-181,57;58;59;60;61;62;63;64;65;66;68;91;98;99;100;101;103;104;106;107;108;110;111;114;115;117;118;153;156;163,58;59;62;65;99;100;101;103;104;106;107;108;109;110;111;160;162;163;164;165;166;167;168,0.39473684210526316,0.39473684210526316,both_nonempty,0,NA,NA
Full181;Native155,empty,13;14,results/full181_supplement/raw/empty/seed13/boltz_results_full_blind/predictions/full_blind/full_blind_model_0.pdb,all_cross_seed_pairs,Full181,Native155,13,14,results/13_interface_analysis/formal/complex_model_summary.csv,project27-181,57;58;59;60;61;62;63;64;65;66;68;91;98;99;100;101;103;104;106;107;108;110;111;114;115;117;118;153;156;163,57;58;59;62;98;99;100;101;103;104;106;107;110;163;164;166;168,0.42424242424242425,0.42424242424242425,both_nonempty,0,NA,NA
Full181;Native155,empty,13;15,results/full181_supplement/raw/empty/seed13/boltz_results_full_blind/predictions/full_blind/full_blind_model_0.pdb,all_cross_seed_pairs,Full181,Native155,13,15,results/13_interface_analysis/formal/complex_model_summary.csv,project27-181,57;58;59;60;61;62;63;64;65;66;68;91;98;99;100;101;103;104;106;107;108;110;111;114;115;117;118;153;156;163,57;58;59;62;63;64;65;98;99;101;103;104;106;107;108;110;111;114;115;117;118;121;122;125,0.6363636363636364,0.6363636363636364,both_nonempty,0,NA,NA
Full181;Native155,empty,14;1,results/full181_supplement/raw/empty/seed14/boltz_results_full_blind/predictions/full_blind/full_blind_model_0.pdb,all_cross_seed_pairs,Full181,Native155,14,1,results/13_interface_analysis/formal/complex_model_summary.csv,project27-181,31;32;45;49;52;53;54;56;94;96;97;98;99;100;101;102;105;176,59;101;102;103;104;106;107;110;161;162;163;164;165;166;167;168;169;170,0.058823529411764705,0.058823529411764705,both_nonempty,0,NA,NA
Full181;Native155,empty,14;2,results/full181_supplement/raw/empty/seed14/boltz_results_full_blind/predictions/full_blind/full_blind_model_0.pdb,all_cross_seed_pairs,Full181,Native155,14,2,results/13_interface_analysis/formal/complex_model_summary.csv,project27-181,31;32;45;49;52;53;54;56;94;96;97;98;99;100;101;102;105;176,56;57;58;59;60;62;63;65;99;101;103;104;106;107;108;110;111;113;114;117;118;121;124;156;159;163,0.07317073170731707,0.07317073170731707,both_nonempty,0,NA,NA
Full181;Native155,empty,14;3,results/full181_supplement/raw/empty/seed14/boltz_results_full_blind/predictions/full_blind/full_blind_model_0.pdb,all_cross_seed_pairs,Full181,Native155,14,3,results/13_interface_analysis/formal/complex_model_summary.csv,project27-181,31;32;45;49;52;53;54;56;94;96;97;98;99;100;101;102;105;176,58;59;61;62;63;64;65;67;68;69;107;108;109;110;111;113;114;117;118;121;122;125;128;131;134;149;153;156;159;160;161;163;164;165;166,0.0,0.0,both_nonempty,0,NA,NA
Full181;Native155,empty,14;4,results/full181_supplement/raw/empty/seed14/boltz_results_full_blind/predictions/full_blind/full_blind_model_0.pdb,all_cross_seed_pairs,Full181,Native155,14,4,results/13_interface_analysis/formal/complex_model_summary.csv,project27-181,31;32;45;49;52;53;54;56;94;96;97;98;99;100;101;102;105;176,57;58;59;60;62;63;64;65;98;99;100;101;103;104;107;108;110;111;114;115;118;122;125,0.10810810810810811,0.10810810810810811,both_nonempty,0,NA,NA
Full181;Native155,empty,14;5,results/full181_supplement/raw/empty/seed14/boltz_results_full_blind/predictions/full_blind/full_blind_model_0.pdb,all_cross_seed_pairs,Full181,Native155,14,5,results/13_interface_analysis/formal/complex_model_summary.csv,project27-181,31;32;45;49;52;53;54;56;94;96;97;98;99;100;101;102;105;176,57;58;59;60;61;62;63;64;65;98;99;101;103;104;106;107;108;110;111;114;118;121;125,0.07894736842105263,0.07894736842105263,both_nonempty,0,NA,NA
Full181;Native155,empty,14;6,results/full181_supplement/raw/empty/seed14/boltz_results_full_blind/predictions/full_blind/full_blind_model_0.pdb,all_cross_seed_pairs,Full181,Native155,14,6,results/13_interface_analysis/formal/complex_model_summary.csv,project27-181,31;32;45;49;52;53;54;56;94;96;97;98;99;100;101;102;105;176,57;58;59;62;63;65;99;101;103;104;106;107;108;110;111;112;113;114;117;118;121;124;156;159;160;163,0.047619047619047616,0.047619047619047616,both_nonempty,0,NA,NA
Full181;Native155,empty,14;7,results/full181_supplement/raw/empty/seed14/boltz_results_full_blind/predictions/full_blind/full_blind_model_0.pdb,all_cross_seed_pairs,Full181,Native155,14,7,results/13_interface_analysis/formal/complex_model_summary.csv,project27-181,31;32;45;49;52;53;54;56;94;96;97;98;99;100;101;102;105;176,54;56;57;58;59;60;62;63;97;98;99;100;101;102;103;104;107;108;111,0.27586206896551724,0.27586206896551724,both_nonempty,0,NA,NA
Full181;Native155,empty,14;8,results/full181_supplement/raw/empty/seed14/boltz_results_full_blind/predictions/full_blind/full_blind_model_0.pdb,all_cross_seed_pairs,Full181,Native155,14,8,results/13_interface_analysis/formal/complex_model_summary.csv,project27-181,31;32;45;49;52;53;54;56;94;96;97;98;99;100;101;102;105;176,53;54;56;57;58;60;94;97;98;99;100;101;102;103;104;107;108;111,0.38461538461538464,0.38461538461538464,both_nonempty,0,NA,NA
Full181;Native155,empty,14;9,results/full181_supplement/raw/empty/seed14/boltz_results_full_blind/predictions/full_blind/full_blind_model_0.pdb,all_cross_seed_pairs,Full181,Native155,14,9,results/13_interface_analysis/formal/complex_model_summary.csv,project27-181,31;32;45;49;52;53;54;56;94;96;97;98;99;100;101;102;105;176,57;58;59;60;61;62;63;64;65;98;99;100;101;103;104;106;107;108;110;111;112;114;115;117;118;125,0.1,0.1,both_nonempty,0,NA,NA
Full181;Native155,empty,14;10,results/full181_supplement/raw/empty/seed14/boltz_results_full_blind/predictions/full_blind/full_blind_model_0.pdb,all_cross_seed_pairs,Full181,Native155,14,10,results/13_interface_analysis/formal/complex_model_summary.csv,project27-181,31;32;45;49;52;53;54;56;94;96;97;98;99;100;101;102;105;176,57;58;59;61;62;63;64;65;66;99;103;104;106;107;108;110;111;114;115;117;118;121;122;125,0.024390243902439025,0.024390243902439025,both_nonempty,0,NA,NA
Full181;Native155,empty,14;11,results/full181_supplement/raw/empty/seed14/boltz_results_full_blind/predictions/full_blind/full_blind_model_0.pdb,all_cross_seed_pairs,Full181,Native155,14,11,results/13_interface_analysis/formal/complex_model_summary.csv,project27-181,31;32;45;49;52;53;54;56;94;96;97;98;99;100;101;102;105;176,58;59;62;65;98;99;100;101;103;104;106;107;110;113;114;117;118;120;121;156;159;163;164;166;168,0.10256410256410256,0.10256410256410256,both_nonempty,0,NA,NA
Full181;Native155,empty,14;12,results/full181_supplement/raw/empty/seed14/boltz_results_full_blind/predictions/full_blind/full_blind_model_0.pdb,all_cross_seed_pairs,Full181,Native155,14,12,results/13_interface_analysis/formal/complex_model_summary.csv,project27-181,31;32;45;49;52;53;54;56;94;96;97;98;99;100;101;102;105;176,58;59;62;63;65;99;101;103;104;107;108;110;111;113;114;117;118;121;163,0.05714285714285714,0.05714285714285714,both_nonempty,0,NA,NA
Full181;Native155,empty,14;13,results/full181_supplement/raw/empty/seed14/boltz_results_full_blind/predictions/full_blind/full_blind_model_0.pdb,all_cross_seed_pairs,Full181,Native155,14,13,results/13_interface_analysis/formal/complex_model_summary.csv,project27-181,31;32;45;49;52;53;54;56;94;96;97;98;99;100;101;102;105;176,58;59;62;65;99;100;101;103;104;106;107;108;109;110;111;160;162;163;164;165;166;167;168,0.07894736842105263,0.07894736842105263,both_nonempty,0,NA,NA
Full181;Native155,empty,14;14,results/full181_supplement/raw/empty/seed14/boltz_results_full_blind/predictions/full_blind/full_blind_model_0.pdb,all_cross_seed_pairs,Full181,Native155,14,14,results/13_interface_analysis/formal/complex_model_summary.csv,project27-181,31;32;45;49;52;53;54;56;94;96;97;98;99;100;101;102;105;176,57;58;59;62;98;99;100;101;103;104;106;107;110;163;164;166;168,0.12903225806451613,0.12903225806451613,both_nonempty,0,NA,NA
Full181;Native155,empty,14;15,results/full181_supplement/raw/empty/seed14/boltz_results_full_blind/predictions/full_blind/full_blind_model_0.pdb,all_cross_seed_pairs,Full181,Native155,14,15,results/13_interface_analysis/formal/complex_model_summary.csv,project27-181,31;32;45;49;52;53;54;56;94;96;97;98;99;100;101;102;105;176,57;58;59;62;63;64;65;98;99;101;103;104;106;107;108;110;111;114;115;117;118;121;122;125,0.07692307692307693,0.07692307692307693,both_nonempty,0,NA,NA
Full181;Native155,empty,15;1,results/full181_supplement/raw/empty/seed15/boltz_results_full_blind/predictions/full_blind/full_blind_model_0.pdb,all_cross_seed_pairs,Full181,Native155,15,1,results/13_interface_analysis/formal/complex_model_summary.csv,project27-181,56;57;58;59;60;61;62;98;99;100;101;103;104;107;108;110;111;114;163,59;101;102;103;104;106;107;110;161;162;163;164;165;166;167;168;169;170,0.23333333333333334,0.23333333333333334,both_nonempty,0,NA,NA
Full181;Native155,empty,15;2,results/full181_supplement/raw/empty/seed15/boltz_results_full_blind/predictions/full_blind/full_blind_model_0.pdb,all_cross_seed_pairs,Full181,Native155,15,2,results/13_interface_analysis/formal/complex_model_summary.csv,project27-181,56;57;58;59;60;61;62;98;99;100;101;103;104;107;108;110;111;114;163,56;57;58;59;60;62;63;65;99;101;103;104;106;107;108;110;111;113;114;117;118;121;124;156;159;163,0.5517241379310345,0.5517241379310345,both_nonempty,0,NA,NA
Full181;Native155,empty,15;3,results/full181_supplement/raw/empty/seed15/boltz_results_full_blind/predictions/full_blind/full_blind_model_0.pdb,all_cross_seed_pairs,Full181,Native155,15,3,results/13_interface_analysis/formal/complex_model_summary.csv,project27-181,56;57;58;59;60;61;62;98;99;100;101;103;104;107;108;110;111;114;163,58;59;61;62;63;64;65;67;68;69;107;108;109;110;111;113;114;117;118;121;122;125;128;131;134;149;153;156;159;160;161;163;164;165;166,0.22727272727272727,0.22727272727272727,both_nonempty,0,NA,NA
Full181;Native155,empty,15;4,results/full181_supplement/raw/empty/seed15/boltz_results_full_blind/predictions/full_blind/full_blind_model_0.pdb,all_cross_seed_pairs,Full181,Native155,15,4,results/13_interface_analysis/formal/complex_model_summary.csv,project27-181,56;57;58;59;60;61;62;98;99;100;101;103;104;107;108;110;111;114;163,57;58;59;60;62;63;64;65;98;99;100;101;103;104;107;108;110;111;114;115;118;122;125,0.6153846153846154,0.6153846153846154,both_nonempty,0,NA,NA
Full181;Native155,empty,15;5,results/full181_supplement/raw/empty/seed15/boltz_results_full_blind/predictions/full_blind/full_blind_model_0.pdb,all_cross_seed_pairs,Full181,Native155,15,5,results/13_interface_analysis/formal/complex_model_summary.csv,project27-181,56;57;58;59;60;61;62;98;99;100;101;103;104;107;108;110;111;114;163,57;58;59;60;61;62;63;64;65;98;99;101;103;104;106;107;108;110;111;114;118;121;125,0.6153846153846154,0.6153846153846154,both_nonempty,0,NA,NA
Full181;Native155,empty,15;6,results/full181_supplement/raw/empty/seed15/boltz_results_full_blind/predictions/full_blind/full_blind_model_0.pdb,all_cross_seed_pairs,Full181,Native155,15,6,results/13_interface_analysis/formal/complex_model_summary.csv,project27-181,56;57;58;59;60;61;62;98;99;100;101;103;104;107;108;110;111;114;163,57;58;59;62;63;65;99;101;103;104;106;107;108;110;111;112;113;114;117;118;121;124;156;159;160;163,0.45161290322580644,0.45161290322580644,both_nonempty,0,NA,NA
Full181;Native155,empty,15;7,results/full181_supplement/raw/empty/seed15/boltz_results_full_blind/predictions/full_blind/full_blind_model_0.pdb,all_cross_seed_pairs,Full181,Native155,15,7,results/13_interface_analysis/formal/complex_model_summary.csv,project27-181,56;57;58;59;60;61;62;98;99;100;101;103;104;107;108;110;111;114;163,54;56;57;58;59;60;62;63;97;98;99;100;101;102;103;104;107;108;111,0.6521739130434783,0.6521739130434783,both_nonempty,0,NA,NA
Full181;Native155,empty,15;8,results/full181_supplement/raw/empty/seed15/boltz_results_full_blind/predictions/full_blind/full_blind_model_0.pdb,all_cross_seed_pairs,Full181,Native155,15,8,results/13_interface_analysis/formal/complex_model_summary.csv,project27-181,56;57;58;59;60;61;62;98;99;100;101;103;104;107;108;110;111;114;163,53;54;56;57;58;60;94;97;98;99;100;101;102;103;104;107;108;111,0.5416666666666666,0.5416666666666666,both_nonempty,0,NA,NA
Full181;Native155,empty,15;9,results/full181_supplement/raw/empty/seed15/boltz_results_full_blind/predictions/full_blind/full_blind_model_0.pdb,all_cross_seed_pairs,Full181,Native155,15,9,results/13_interface_analysis/formal/complex_model_summary.csv,project27-181,56;57;58;59;60;61;62;98;99;100;101;103;104;107;108;110;111;114;163,57;58;59;60;61;62;63;64;65;98;99;100;101;103;104;106;107;108;110;111;112;114;115;117;118;125,0.6071428571428571,0.6071428571428571,both_nonempty,0,NA,NA
Full181;Native155,empty,15;10,results/full181_supplement/raw/empty/seed15/boltz_results_full_blind/predictions/full_blind/full_blind_model_0.pdb,all_cross_seed_pairs,Full181,Native155,15,10,results/13_interface_analysis/formal/complex_model_summary.csv,project27-181,56;57;58;59;60;61;62;98;99;100;101;103;104;107;108;110;111;114;163,57;58;59;61;62;63;64;65;66;99;103;104;106;107;108;110;111;114;115;117;118;121;122;125,0.43333333333333335,0.43333333333333335,both_nonempty,0,NA,NA
Full181;Native155,empty,15;11,results/full181_supplement/raw/empty/seed15/boltz_results_full_blind/predictions/full_blind/full_blind_model_0.pdb,all_cross_seed_pairs,Full181,Native155,15,11,results/13_interface_analysis/formal/complex_model_summary.csv,project27-181,56;57;58;59;60;61;62;98;99;100;101;103;104;107;108;110;111;114;163,58;59;62;65;98;99;100;101;103;104;106;107;110;113;114;117;118;120;121;156;159;163;164;166;168,0.41935483870967744,0.41935483870967744,both_nonempty,0,NA,NA
Full181;Native155,empty,15;12,results/full181_supplement/raw/empty/seed15/boltz_results_full_blind/predictions/full_blind/full_blind_model_0.pdb,all_cross_seed_pairs,Full181,Native155,15,12,results/13_interface_analysis/formal/complex_model_summary.csv,project27-181,56;57;58;59;60;61;62;98;99;100;101;103;104;107;108;110;111;114;163,58;59;62;63;65;99;101;103;104;107;108;110;111;113;114;117;118;121;163,0.52,0.52,both_nonempty,0,NA,NA
Full181;Native155,empty,15;13,results/full181_supplement/raw/empty/seed15/boltz_results_full_blind/predictions/full_blind/full_blind_model_0.pdb,all_cross_seed_pairs,Full181,Native155,15,13,results/13_interface_analysis/formal/complex_model_summary.csv,project27-181,56;57;58;59;60;61;62;98;99;100;101;103;104;107;108;110;111;114;163,58;59;62;65;99;100;101;103;104;106;107;108;109;110;111;160;162;163;164;165;166;167;168,0.4482758620689655,0.4482758620689655,both_nonempty,0,NA,NA
Full181;Native155,empty,15;14,results/full181_supplement/raw/empty/seed15/boltz_results_full_blind/predictions/full_blind/full_blind_model_0.pdb,all_cross_seed_pairs,Full181,Native155,15,14,results/13_interface_analysis/formal/complex_model_summary.csv,project27-181,56;57;58;59;60;61;62;98;99;100;101;103;104;107;108;110;111;114;163,57;58;59;62;98;99;100;101;103;104;106;107;110;163;164;166;168,0.5652173913043478,0.5652173913043478,both_nonempty,0,NA,NA
Full181;Native155,empty,15;15,results/full181_supplement/raw/empty/seed15/boltz_results_full_blind/predictions/full_blind/full_blind_model_0.pdb,all_cross_seed_pairs,Full181,Native155,15,15,results/13_interface_analysis/formal/complex_model_summary.csv,project27-181,56;57;58;59;60;61;62;98;99;100;101;103;104;107;108;110;111;114;163,57;58;59;62;63;64;65;98;99;101;103;104;106;107;108;110;111;114;115;117;118;121;122;125,0.4827586206896552,0.4827586206896552,both_nonempty,0,NA,NA
Full181;Native155,empty,ALL,results/full181_supplement/raw/empty/seed1/boltz_results_full_blind/predictions/full_blind/full_blind_model_0.pdb,consensus_ge50pct,Full181,Native155,ALL,ALL,results/13_interface_analysis/formal/complex_model_summary.csv,project27-181,56;57;58;59;60;62;63;64;65;98;99;100;101;103;104;107;108;110;111;114;118,57;58;59;62;63;65;98;99;101;103;104;106;107;108;110;111;114;117;118;121;163,0.68,0.68,both_nonempty,0,complete_15_seed_ensemble,complete_15_seed_ensemble
Full181;Native155,formal_msa,1;1,results/full181_supplement/raw/formal_msa/seed1/boltz_results_full_blind_msa/predictions/full_blind_msa/full_blind_msa_model_0.pdb,all_cross_seed_pairs,Full181,Native155,1,1,results/13_interface_analysis/formal_msa/complex_model_summary.csv,project27-160,38;40;43;46;47;50;92;93;96;97;100;107;108;109;110;111;112;113;114;116;117;120;121;123;124;125;127;130,37;89;92;93;96;97;100;101;104;107;108;109;110;112;113;116;117;120;121;123;124;125;127,0.59375,0.59375,both_nonempty,0,NA,NA
Full181;Native155,formal_msa,1;2,results/full181_supplement/raw/formal_msa/seed1/boltz_results_full_blind_msa/predictions/full_blind_msa/full_blind_msa_model_0.pdb,all_cross_seed_pairs,Full181,Native155,1,2,results/13_interface_analysis/formal_msa/complex_model_summary.csv,project27-160,38;40;43;46;47;50;92;93;96;97;100;107;108;109;110;111;112;113;114;116;117;120;121;123;124;125;127;130,70;73;74;75;76;79;132;133;135;136;137;139;140;142;143;144;146;147;150,0.0,0.0,both_nonempty,0,NA,NA
Full181;Native155,formal_msa,1;3,results/full181_supplement/raw/formal_msa/seed1/boltz_results_full_blind_msa/predictions/full_blind_msa/full_blind_msa_model_0.pdb,all_cross_seed_pairs,Full181,Native155,1,3,results/13_interface_analysis/formal_msa/complex_model_summary.csv,project27-160,38;40;43;46;47;50;92;93;96;97;100;107;108;109;110;111;112;113;114;116;117;120;121;123;124;125;127;130,28;29;79;132;133;135;136;138;139;140;142;143;144;146;147;149;150,0.0,0.0,both_nonempty,0,NA,NA
Full181;Native155,formal_msa,1;4,results/full181_supplement/raw/formal_msa/seed1/boltz_results_full_blind_msa/predictions/full_blind_msa/full_blind_msa_model_0.pdb,all_cross_seed_pairs,Full181,Native155,1,4,results/13_interface_analysis/formal_msa/complex_model_summary.csv,project27-160,38;40;43;46;47;50;92;93;96;97;100;107;108;109;110;111;112;113;114;116;117;120;121;123;124;125;127;130,37;38;43;46;92;93;96;97;100;104;107;109;110;111;112;113;114;116;117;120;121;123;124;125;127,0.7666666666666667,0.7666666666666667,both_nonempty,0,NA,NA
Full181;Native155,formal_msa,1;5,results/full181_supplement/raw/formal_msa/seed1/boltz_results_full_blind_msa/predictions/full_blind_msa/full_blind_msa_model_0.pdb,all_cross_seed_pairs,Full181,Native155,1,5,results/13_interface_analysis/formal_msa/complex_model_summary.csv,project27-160,38;40;43;46;47;50;92;93;96;97;100;107;108;109;110;111;112;113;114;116;117;120;121;123;124;125;127;130,86;130;132;135;136;139;140;142;143;146;147;149;150;153,0.024390243902439025,0.024390243902439025,both_nonempty,0,NA,NA
Full181;Native155,formal_msa,1;6,results/full181_supplement/raw/formal_msa/seed1/boltz_results_full_blind_msa/predictions/full_blind_msa/full_blind_msa_model_0.pdb,all_cross_seed_pairs,Full181,Native155,1,6,results/13_interface_analysis/formal_msa/complex_model_summary.csv,project27-160,38;40;43;46;47;50;92;93;96;97;100;107;108;109;110;111;112;113;114;116;117;120;121;123;124;125;127;130,70;130;132;135;136;139;140;142;143;144;146;147;149;150;153,0.023809523809523808,0.023809523809523808,both_nonempty,0,NA,NA
Full181;Native155,formal_msa,1;7,results/full181_supplement/raw/formal_msa/seed1/boltz_results_full_blind_msa/predictions/full_blind_msa/full_blind_msa_model_0.pdb,all_cross_seed_pairs,Full181,Native155,1,7,results/13_interface_analysis/formal_msa/complex_model_summary.csv,project27-160,38;40;43;46;47;50;92;93;96;97;100;107;108;109;110;111;112;113;114;116;117;120;121;123;124;125;127;130,27;130;132;135;136;137;139;140;142;143;144;145;146;147;149;150;153,0.022727272727272728,0.022727272727272728,both_nonempty,0,NA,NA
Full181;Native155,formal_msa,1;8,results/full181_supplement/raw/formal_msa/seed1/boltz_results_full_blind_msa/predictions/full_blind_msa/full_blind_msa_model_0.pdb,all_cross_seed_pairs,Full181,Native155,1,8,results/13_interface_analysis/formal_msa/complex_model_summary.csv,project27-160,38;40;43;46;47;50;92;93;96;97;100;107;108;109;110;111;112;113;114;116;117;120;121;123;124;125;127;130,92;93;96;97;98;100;101;102;104;107;109;110;112;113;114;116;117;120;121,0.46875,0.46875,both_nonempty,0,NA,NA
Full181;Native155,formal_msa,1;9,results/full181_supplement/raw/formal_msa/seed1/boltz_results_full_blind_msa/predictions/full_blind_msa/full_blind_msa_model_0.pdb,all_cross_seed_pairs,Full181,Native155,1,9,results/13_interface_analysis/formal_msa/complex_model_summary.csv,project27-160,38;40;43;46;47;50;92;93;96;97;100;107;108;109;110;111;112;113;114;116;117;120;121;123;124;125;127;130,70;73;132;135;136;138;139;140;142;143;144;146;147;149;150,0.0,0.0,both_nonempty,0,NA,NA
Full181;Native155,formal_msa,1;10,results/full181_supplement/raw/formal_msa/seed1/boltz_results_full_blind_msa/predictions/full_blind_msa/full_blind_msa_model_0.pdb,all_cross_seed_pairs,Full181,Native155,1,10,results/13_interface_analysis/formal_msa/complex_model_summary.csv,project27-160,38;40;43;46;47;50;92;93;96;97;100;107;108;109;110;111;112;113;114;116;117;120;121;123;124;125;127;130,70;71;73;74;135;136;137;139;140;143;144;146;147;149;150,0.0,0.0,both_nonempty,0,NA,NA
Full181;Native155,formal_msa,1;11,results/full181_supplement/raw/formal_msa/seed1/boltz_results_full_blind_msa/predictions/full_blind_msa/full_blind_msa_model_0.pdb,all_cross_seed_pairs,Full181,Native155,1,11,results/13_interface_analysis/formal_msa/complex_model_summary.csv,project27-160,38;40;43;46;47;50;92;93;96;97;100;107;108;109;110;111;112;113;114;116;117;120;121;123;124;125;127;130,27;28;132;135;136;139;140;142;143;144;146;147;149;150,0.0,0.0,both_nonempty,0,NA,NA
Full181;Native155,formal_msa,1;12,results/full181_supplement/raw/formal_msa/seed1/boltz_results_full_blind_msa/predictions/full_blind_msa/full_blind_msa_model_0.pdb,all_cross_seed_pairs,Full181,Native155,1,12,results/13_interface_analysis/formal_msa/complex_model_summary.csv,project27-160,38;40;43;46;47;50;92;93;96;97;100;107;108;109;110;111;112;113;114;116;117;120;121;123;124;125;127;130,27;28;73;74;79;132;135;136;138;139;140;142;143;144;146;147;150,0.0,0.0,both_nonempty,0,NA,NA
Full181;Native155,formal_msa,1;13,results/full181_supplement/raw/formal_msa/seed1/boltz_results_full_blind_msa/predictions/full_blind_msa/full_blind_msa_model_0.pdb,all_cross_seed_pairs,Full181,Native155,1,13,results/13_interface_analysis/formal_msa/complex_model_summary.csv,project27-160,38;40;43;46;47;50;92;93;96;97;100;107;108;109;110;111;112;113;114;116;117;120;121;123;124;125;127;130,82;86;130;132;135;136;138;139;140;142;143;146;147;149;150;153,0.023255813953488372,0.023255813953488372,both_nonempty,0,NA,NA
Full181;Native155,formal_msa,1;14,results/full181_supplement/raw/formal_msa/seed1/boltz_results_full_blind_msa/predictions/full_blind_msa/full_blind_msa_model_0.pdb,all_cross_seed_pairs,Full181,Native155,1,14,results/13_interface_analysis/formal_msa/complex_model_summary.csv,project27-160,38;40;43;46;47;50;92;93;96;97;100;107;108;109;110;111;112;113;114;116;117;120;121;123;124;125;127;130,27;132;135;136;138;139;140;142;143;146;147;149,0.0,0.0,both_nonempty,0,NA,NA
Full181;Native155,formal_msa,1;15,results/full181_supplement/raw/formal_msa/seed1/boltz_results_full_blind_msa/predictions/full_blind_msa/full_blind_msa_model_0.pdb,all_cross_seed_pairs,Full181,Native155,1,15,results/13_interface_analysis/formal_msa/complex_model_summary.csv,project27-160,38;40;43;46;47;50;92;93;96;97;100;107;108;109;110;111;112;113;114;116;117;120;121;123;124;125;127;130,70;79;132;133;135;136;137;138;139;140;142;143;144;146;147;150,0.0,0.0,both_nonempty,0,NA,NA
Full181;Native155,formal_msa,2;1,results/full181_supplement/raw/formal_msa/seed2/boltz_results_full_blind_msa/predictions/full_blind_msa/full_blind_msa_model_0.pdb,all_cross_seed_pairs,Full181,Native155,2,1,results/13_interface_analysis/formal_msa/complex_model_summary.csv,project27-160,79;132;133;135;136;137;139;140;142;143;146;150,37;89;92;93;96;97;100;101;104;107;108;109;110;112;113;116;117;120;121;123;124;125;127,0.0,0.0,both_nonempty,0,NA,NA
Full181;Native155,formal_msa,2;2,results/full181_supplement/raw/formal_msa/seed2/boltz_results_full_blind_msa/predictions/full_blind_msa/full_blind_msa_model_0.pdb,all_cross_seed_pairs,Full181,Native155,2,2,results/13_interface_analysis/formal_msa/complex_model_summary.csv,project27-160,79;132;133;135;136;137;139;140;142;143;146;150,70;73;74;75;76;79;132;133;135;136;137;139;140;142;143;144;146;147;150,0.631578947368421,0.631578947368421,both_nonempty,0,NA,NA
Full181;Native155,formal_msa,2;3,results/full181_supplement/raw/formal_msa/seed2/boltz_results_full_blind_msa/predictions/full_blind_msa/full_blind_msa_model_0.pdb,all_cross_seed_pairs,Full181,Native155,2,3,results/13_interface_analysis/formal_msa/complex_model_summary.csv,project27-160,79;132;133;135;136;137;139;140;142;143;146;150,28;29;79;132;133;135;136;138;139;140;142;143;144;146;147;149;150,0.6111111111111112,0.6111111111111112,both_nonempty,0,NA,NA
Full181;Native155,formal_msa,2;4,results/full181_supplement/raw/formal_msa/seed2/boltz_results_full_blind_msa/predictions/full_blind_msa/full_blind_msa_model_0.pdb,all_cross_seed_pairs,Full181,Native155,2,4,results/13_interface_analysis/formal_msa/complex_model_summary.csv,project27-160,79;132;133;135;136;137;139;140;142;143;146;150,37;38;43;46;92;93;96;97;100;104;107;109;110;111;112;113;114;116;117;120;121;123;124;125;127,0.0,0.0,both_nonempty,0,NA,NA
Full181;Native155,formal_msa,2;5,results/full181_supplement/raw/formal_msa/seed2/boltz_results_full_blind_msa/predictions/full_blind_msa/full_blind_msa_model_0.pdb,all_cross_seed_pairs,Full181,Native155,2,5,results/13_interface_analysis/formal_msa/complex_model_summary.csv,project27-160,79;132;133;135;136;137;139;140;142;143;146;150,86;130;132;135;136;139;140;142;143;146;147;149;150;153,0.5294117647058824,0.5294117647058824,both_nonempty,0,NA,NA
Full181;Native155,formal_msa,2;6,results/full181_supplement/raw/formal_msa/seed2/boltz_results_full_blind_msa/predictions/full_blind_msa/full_blind_msa_model_0.pdb,all_cross_seed_pairs,Full181,Native155,2,6,results/13_interface_analysis/formal_msa/complex_model_summary.csv,project27-160,79;132;133;135;136;137;139;140;142;143;146;150,70;130;132;135;136;139;140;142;143;144;146;147;149;150;153,0.5,0.5,both_nonempty,0,NA,NA
Full181;Native155,formal_msa,2;7,results/full181_supplement/raw/formal_msa/seed2/boltz_results_full_blind_msa/predictions/full_blind_msa/full_blind_msa_model_0.pdb,all_cross_seed_pairs,Full181,Native155,2,7,results/13_interface_analysis/formal_msa/complex_model_summary.csv,project27-160,79;132;133;135;136;137;139;140;142;143;146;150,27;130;132;135;136;137;139;140;142;143;144;145;146;147;149;150;153,0.5263157894736842,0.5263157894736842,both_nonempty,0,NA,NA
Full181;Native155,formal_msa,2;8,results/full181_supplement/raw/formal_msa/seed2/boltz_results_full_blind_msa/predictions/full_blind_msa/full_blind_msa_model_0.pdb,all_cross_seed_pairs,Full181,Native155,2,8,results/13_interface_analysis/formal_msa/complex_model_summary.csv,project27-160,79;132;133;135;136;137;139;140;142;143;146;150,92;93;96;97;98;100;101;102;104;107;109;110;112;113;114;116;117;120;121,0.0,0.0,both_nonempty,0,NA,NA
Full181;Native155,formal_msa,2;9,results/full181_supplement/raw/formal_msa/seed2/boltz_results_full_blind_msa/predictions/full_blind_msa/full_blind_msa_model_0.pdb,all_cross_seed_pairs,Full181,Native155,2,9,results/13_interface_analysis/formal_msa/complex_model_summary.csv,project27-160,79;132;133;135;136;137;139;140;142;143;146;150,70;73;132;135;136;138;139;140;142;143;144;146;147;149;150,0.5,0.5,both_nonempty,0,NA,NA
Full181;Native155,formal_msa,2;10,results/full181_supplement/raw/formal_msa/seed2/boltz_results_full_blind_msa/predictions/full_blind_msa/full_blind_msa_model_0.pdb,all_cross_seed_pairs,Full181,Native155,2,10,results/13_interface_analysis/formal_msa/complex_model_summary.csv,project27-160,79;132;133;135;136;137;139;140;142;143;146;150,70;71;73;74;135;136;137;139;140;143;144;146;147;149;150,0.42105263157894735,0.42105263157894735,both_nonempty,0,NA,NA
Full181;Native155,formal_msa,2;11,results/full181_supplement/raw/formal_msa/seed2/boltz_results_full_blind_msa/predictions/full_blind_msa/full_blind_msa_model_0.pdb,all_cross_seed_pairs,Full181,Native155,2,11,results/13_interface_analysis/formal_msa/complex_model_summary.csv,project27-160,79;132;133;135;136;137;139;140;142;143;146;150,27;28;132;135;136;139;140;142;143;144;146;147;149;150,0.5294117647058824,0.5294117647058824,both_nonempty,0,NA,NA
Full181;Native155,formal_msa,2;12,results/full181_supplement/raw/formal_msa/seed2/boltz_results_full_blind_msa/predictions/full_blind_msa/full_blind_msa_model_0.pdb,all_cross_seed_pairs,Full181,Native155,2,12,results/13_interface_analysis/formal_msa/complex_model_summary.csv,project27-160,79;132;133;135;136;137;139;140;142;143;146;150,27;28;73;74;79;132;135;136;138;139;140;142;143;144;146;147;150,0.5263157894736842,0.5263157894736842,both_nonempty,0,NA,NA
Full181;Native155,formal_msa,2;13,results/full181_supplement/raw/formal_msa/seed2/boltz_results_full_blind_msa/predictions/full_blind_msa/full_blind_msa_model_0.pdb,all_cross_seed_pairs,Full181,Native155,2,13,results/13_interface_analysis/formal_msa/complex_model_summary.csv,project27-160,79;132;133;135;136;137;139;140;142;143;146;150,82;86;130;132;135;136;138;139;140;142;143;146;147;149;150;153,0.47368421052631576,0.47368421052631576,both_nonempty,0,NA,NA
Full181;Native155,formal_msa,2;14,results/full181_supplement/raw/formal_msa/seed2/boltz_results_full_blind_msa/predictions/full_blind_msa/full_blind_msa_model_0.pdb,all_cross_seed_pairs,Full181,Native155,2,14,results/13_interface_analysis/formal_msa/complex_model_summary.csv,project27-160,79;132;133;135;136;137;139;140;142;143;146;150,27;132;135;136;138;139;140;142;143;146;147;149,0.5,0.5,both_nonempty,0,NA,NA
Full181;Native155,formal_msa,2;15,results/full181_supplement/raw/formal_msa/seed2/boltz_results_full_blind_msa/predictions/full_blind_msa/full_blind_msa_model_0.pdb,all_cross_seed_pairs,Full181,Native155,2,15,results/13_interface_analysis/formal_msa/complex_model_summary.csv,project27-160,79;132;133;135;136;137;139;140;142;143;146;150,70;79;132;133;135;136;137;138;139;140;142;143;144;146;147;150,0.75,0.75,both_nonempty,0,NA,NA
Full181;Native155,formal_msa,3;1,results/full181_supplement/raw/formal_msa/seed3/boltz_results_full_blind_msa/predictions/full_blind_msa/full_blind_msa_model_0.pdb,all_cross_seed_pairs,Full181,Native155,3,1,results/13_interface_analysis/formal_msa/complex_model_summary.csv,project27-160,70;71;73;74;132;135;136;137;139;140;142;143;144;146;147;150,37;89;92;93;96;97;100;101;104;107;108;109;110;112;113;116;117;120;121;123;124;125;127,0.0,0.0,both_nonempty,0,NA,NA
Full181;Native155,formal_msa,3;2,results/full181_supplement/raw/formal_msa/seed3/boltz_results_full_blind_msa/predictions/full_blind_msa/full_blind_msa_model_0.pdb,all_cross_seed_pairs,Full181,Native155,3,2,results/13_interface_analysis/formal_msa/complex_model_summary.csv,project27-160,70;71;73;74;132;135;136;137;139;140;142;143;144;146;147;150,70;73;74;75;76;79;132;133;135;136;137;139;140;142;143;144;146;147;150,0.75,0.75,both_nonempty,0,NA,NA
Full181;Native155,formal_msa,3;3,results/full181_supplement/raw/formal_msa/seed3/boltz_results_full_blind_msa/predictions/full_blind_msa/full_blind_msa_model_0.pdb,all_cross_seed_pairs,Full181,Native155,3,3,results/13_interface_analysis/formal_msa/complex_model_summary.csv,project27-160,70;71;73;74;132;135;136;137;139;140;142;143;144;146;147;150,28;29;79;132;133;135;136;138;139;140;142;143;144;146;147;149;150,0.5,0.5,both_nonempty,0,NA,NA
Full181;Native155,formal_msa,3;4,results/full181_supplement/raw/formal_msa/seed3/boltz_results_full_blind_msa/predictions/full_blind_msa/full_blind_msa_model_0.pdb,all_cross_seed_pairs,Full181,Native155,3,4,results/13_interface_analysis/formal_msa/complex_model_summary.csv,project27-160,70;71;73;74;132;135;136;137;139;140;142;143;144;146;147;150,37;38;43;46;92;93;96;97;100;104;107;109;110;111;112;113;114;116;117;120;121;123;124;125;127,0.0,0.0,both_nonempty,0,NA,NA
Full181;Native155,formal_msa,3;5,results/full181_supplement/raw/formal_msa/seed3/boltz_results_full_blind_msa/predictions/full_blind_msa/full_blind_msa_model_0.pdb,all_cross_seed_pairs,Full181,Native155,3,5,results/13_interface_analysis/formal_msa/complex_model_summary.csv,project27-160,70;71;73;74;132;135;136;137;139;140;142;143;144;146;147;150,86;130;132;135;136;139;140;142;143;146;147;149;150;153,0.5,0.5,both_nonempty,0,NA,NA
Full181;Native155,formal_msa,3;6,results/full181_supplement/raw/formal_msa/seed3/boltz_results_full_blind_msa/predictions/full_blind_msa/full_blind_msa_model_0.pdb,all_cross_seed_pairs,Full181,Native155,3,6,results/13_interface_analysis/formal_msa/complex_model_summary.csv,project27-160,70;71;73;74;132;135;136;137;139;140;142;143;144;146;147;150,70;130;132;135;136;139;140;142;143;144;146;147;149;150;153,0.631578947368421,0.631578947368421,both_nonempty,0,NA,NA
Full181;Native155,formal_msa,3;7,results/full181_supplement/raw/formal_msa/seed3/boltz_results_full_blind_msa/predictions/full_blind_msa/full_blind_msa_model_0.pdb,all_cross_seed_pairs,Full181,Native155,3,7,results/13_interface_analysis/formal_msa/complex_model_summary.csv,project27-160,70;71;73;74;132;135;136;137;139;140;142;143;144;146;147;150,27;130;132;135;136;137;139;140;142;143;144;145;146;147;149;150;153,0.5714285714285714,0.5714285714285714,both_nonempty,0,NA,NA
Full181;Native155,formal_msa,3;8,results/full181_supplement/raw/formal_msa/seed3/boltz_results_full_blind_msa/predictions/full_blind_msa/full_blind_msa_model_0.pdb,all_cross_seed_pairs,Full181,Native155,3,8,results/13_interface_analysis/formal_msa/complex_model_summary.csv,project27-160,70;71;73;74;132;135;136;137;139;140;142;143;144;146;147;150,92;93;96;97;98;100;101;102;104;107;109;110;112;113;114;116;117;120;121,0.0,0.0,both_nonempty,0,NA,NA
Full181;Native155,formal_msa,3;9,results/full181_supplement/raw/formal_msa/seed3/boltz_results_full_blind_msa/predictions/full_blind_msa/full_blind_msa_model_0.pdb,all_cross_seed_pairs,Full181,Native155,3,9,results/13_interface_analysis/formal_msa/complex_model_summary.csv,project27-160,70;71;73;74;132;135;136;137;139;140;142;143;144;146;147;150,70;73;132;135;136;138;139;140;142;143;144;146;147;149;150,0.7222222222222222,0.7222222222222222,both_nonempty,0,NA,NA
Full181;Native155,formal_msa,3;10,results/full181_supplement/raw/formal_msa/seed3/boltz_results_full_blind_msa/predictions/full_blind_msa/full_blind_msa_model_0.pdb,all_cross_seed_pairs,Full181,Native155,3,10,results/13_interface_analysis/formal_msa/complex_model_summary.csv,project27-160,70;71;73;74;132;135;136;137;139;140;142;143;144;146;147;150,70;71;73;74;135;136;137;139;140;143;144;146;147;149;150,0.8235294117647058,0.8235294117647058,both_nonempty,0,NA,NA
Full181;Native155,formal_msa,3;11,results/full181_supplement/raw/formal_msa/seed3/boltz_results_full_blind_msa/predictions/full_blind_msa/full_blind_msa_model_0.pdb,all_cross_seed_pairs,Full181,Native155,3,11,results/13_interface_analysis/formal_msa/complex_model_summary.csv,project27-160,70;71;73;74;132;135;136;137;139;140;142;143;144;146;147;150,27;28;132;135;136;139;140;142;143;144;146;147;149;150,0.5789473684210527,0.5789473684210527,both_nonempty,0,NA,NA
Full181;Native155,formal_msa,3;12,results/full181_supplement/raw/formal_msa/seed3/boltz_results_full_blind_msa/predictions/full_blind_msa/full_blind_msa_model_0.pdb,all_cross_seed_pairs,Full181,Native155,3,12,results/13_interface_analysis/formal_msa/complex_model_summary.csv,project27-160,70;71;73;74;132;135;136;137;139;140;142;143;144;146;147;150,27;28;73;74;79;132;135;136;138;139;140;142;143;144;146;147;150,0.65,0.65,both_nonempty,0,NA,NA
Full181;Native155,formal_msa,3;13,results/full181_supplement/raw/formal_msa/seed3/boltz_results_full_blind_msa/predictions/full_blind_msa/full_blind_msa_model_0.pdb,all_cross_seed_pairs,Full181,Native155,3,13,results/13_interface_analysis/formal_msa/complex_model_summary.csv,project27-160,70;71;73;74;132;135;136;137;139;140;142;143;144;146;147;150,82;86;130;132;135;136;138;139;140;142;143;146;147;149;150;153,0.45454545454545453,0.45454545454545453,both_nonempty,0,NA,NA
Full181;Native155,formal_msa,3;14,results/full181_supplement/raw/formal_msa/seed3/boltz_results_full_blind_msa/predictions/full_blind_msa/full_blind_msa_model_0.pdb,all_cross_seed_pairs,Full181,Native155,3,14,results/13_interface_analysis/formal_msa/complex_model_summary.csv,project27-160,70;71;73;74;132;135;136;137;139;140;142;143;144;146;147;150,27;132;135;136;138;139;140;142;143;146;147;149,0.47368421052631576,0.47368421052631576,both_nonempty,0,NA,NA
Full181;Native155,formal_msa,3;15,results/full181_supplement/raw/formal_msa/seed3/boltz_results_full_blind_msa/predictions/full_blind_msa/full_blind_msa_model_0.pdb,all_cross_seed_pairs,Full181,Native155,3,15,results/13_interface_analysis/formal_msa/complex_model_summary.csv,project27-160,70;71;73;74;132;135;136;137;139;140;142;143;144;146;147;150,70;79;132;133;135;136;137;138;139;140;142;143;144;146;147;150,0.6842105263157895,0.6842105263157895,both_nonempty,0,NA,NA
Full181;Native155,formal_msa,4;1,results/full181_supplement/raw/formal_msa/seed4/boltz_results_full_blind_msa/predictions/full_blind_msa/full_blind_msa_model_0.pdb,all_cross_seed_pairs,Full181,Native155,4,1,results/13_interface_analysis/formal_msa/complex_model_summary.csv,project27-160,70;73;74;135;136;137;139;140;142;143;144;146;147;150,37;89;92;93;96;97;100;101;104;107;108;109;110;112;113;116;117;120;121;123;124;125;127,0.0,0.0,both_nonempty,0,NA,NA
Full181;Native155,formal_msa,4;2,results/full181_supplement/raw/formal_msa/seed4/boltz_results_full_blind_msa/predictions/full_blind_msa/full_blind_msa_model_0.pdb,all_cross_seed_pairs,Full181,Native155,4,2,results/13_interface_analysis/formal_msa/complex_model_summary.csv,project27-160,70;73;74;135;136;137;139;140;142;143;144;146;147;150,70;73;74;75;76;79;132;133;135;136;137;139;140;142;143;144;146;147;150,0.7368421052631579,0.7368421052631579,both_nonempty,0,NA,NA
Full181;Native155,formal_msa,4;3,results/full181_supplement/raw/formal_msa/seed4/boltz_results_full_blind_msa/predictions/full_blind_msa/full_blind_msa_model_0.pdb,all_cross_seed_pairs,Full181,Native155,4,3,results/13_interface_analysis/formal_msa/complex_model_summary.csv,project27-160,70;73;74;135;136;137;139;140;142;143;144;146;147;150,28;29;79;132;133;135;136;138;139;140;142;143;144;146;147;149;150,0.47619047619047616,0.47619047619047616,both_nonempty,0,NA,NA
Full181;Native155,formal_msa,4;4,results/full181_supplement/raw/formal_msa/seed4/boltz_results_full_blind_msa/predictions/full_blind_msa/full_blind_msa_model_0.pdb,all_cross_seed_pairs,Full181,Native155,4,4,results/13_interface_analysis/formal_msa/complex_model_summary.csv,project27-160,70;73;74;135;136;137;139;140;142;143;144;146;147;150,37;38;43;46;92;93;96;97;100;104;107;109;110;111;112;113;114;116;117;120;121;123;124;125;127,0.0,0.0,both_nonempty,0,NA,NA
Full181;Native155,formal_msa,4;5,results/full181_supplement/raw/formal_msa/seed4/boltz_results_full_blind_msa/predictions/full_blind_msa/full_blind_msa_model_0.pdb,all_cross_seed_pairs,Full181,Native155,4,5,results/13_interface_analysis/formal_msa/complex_model_summary.csv,project27-160,70;73;74;135;136;137;139;140;142;143;144;146;147;150,86;130;132;135;136;139;140;142;143;146;147;149;150;153,0.47368421052631576,0.47368421052631576,both_nonempty,0,NA,NA
Full181;Native155,formal_msa,4;6,results/full181_supplement/raw/formal_msa/seed4/boltz_results_full_blind_msa/predictions/full_blind_msa/full_blind_msa_model_0.pdb,all_cross_seed_pairs,Full181,Native155,4,6,results/13_interface_analysis/formal_msa/complex_model_summary.csv,project27-160,70;73;74;135;136;137;139;140;142;143;144;146;147;150,70;130;132;135;136;139;140;142;143;144;146;147;149;150;153,0.6111111111111112,0.6111111111111112,both_nonempty,0,NA,NA
Full181;Native155,formal_msa,4;7,results/full181_supplement/raw/formal_msa/seed4/boltz_results_full_blind_msa/predictions/full_blind_msa/full_blind_msa_model_0.pdb,all_cross_seed_pairs,Full181,Native155,4,7,results/13_interface_analysis/formal_msa/complex_model_summary.csv,project27-160,70;73;74;135;136;137;139;140;142;143;144;146;147;150,27;130;132;135;136;137;139;140;142;143;144;145;146;147;149;150;153,0.55,0.55,both_nonempty,0,NA,NA
Full181;Native155,formal_msa,4;8,results/full181_supplement/raw/formal_msa/seed4/boltz_results_full_blind_msa/predictions/full_blind_msa/full_blind_msa_model_0.pdb,all_cross_seed_pairs,Full181,Native155,4,8,results/13_interface_analysis/formal_msa/complex_model_summary.csv,project27-160,70;73;74;135;136;137;139;140;142;143;144;146;147;150,92;93;96;97;98;100;101;102;104;107;109;110;112;113;114;116;117;120;121,0.0,0.0,both_nonempty,0,NA,NA
Full181;Native155,formal_msa,4;9,results/full181_supplement/raw/formal_msa/seed4/boltz_results_full_blind_msa/predictions/full_blind_msa/full_blind_msa_model_0.pdb,all_cross_seed_pairs,Full181,Native155,4,9,results/13_interface_analysis/formal_msa/complex_model_summary.csv,project27-160,70;73;74;135;136;137;139;140;142;143;144;146;147;150,70;73;132;135;136;138;139;140;142;143;144;146;147;149;150,0.7058823529411765,0.7058823529411765,both_nonempty,0,NA,NA
Full181;Native155,formal_msa,4;10,results/full181_supplement/raw/formal_msa/seed4/boltz_results_full_blind_msa/predictions/full_blind_msa/full_blind_msa_model_0.pdb,all_cross_seed_pairs,Full181,Native155,4,10,results/13_interface_analysis/formal_msa/complex_model_summary.csv,project27-160,70;73;74;135;136;137;139;140;142;143;144;146;147;150,70;71;73;74;135;136;137;139;140;143;144;146;147;149;150,0.8125,0.8125,both_nonempty,0,NA,NA
Full181;Native155,formal_msa,4;11,results/full181_supplement/raw/formal_msa/seed4/boltz_results_full_blind_msa/predictions/full_blind_msa/full_blind_msa_model_0.pdb,all_cross_seed_pairs,Full181,Native155,4,11,results/13_interface_analysis/formal_msa/complex_model_summary.csv,project27-160,70;73;74;135;136;137;139;140;142;143;144;146;147;150,27;28;132;135;136;139;140;142;143;144;146;147;149;150,0.5555555555555556,0.5555555555555556,both_nonempty,0,NA,NA
Full181;Native155,formal_msa,4;12,results/full181_supplement/raw/formal_msa/seed4/boltz_results_full_blind_msa/predictions/full_blind_msa/full_blind_msa_model_0.pdb,all_cross_seed_pairs,Full181,Native155,4,12,results/13_interface_analysis/formal_msa/complex_model_summary.csv,project27-160,70;73;74;135;136;137;139;140;142;143;144;146;147;150,27;28;73;74;79;132;135;136;138;139;140;142;143;144;146;147;150,0.631578947368421,0.631578947368421,both_nonempty,0,NA,NA
Full181;Native155,formal_msa,4;13,results/full181_supplement/raw/formal_msa/seed4/boltz_results_full_blind_msa/predictions/full_blind_msa/full_blind_msa_model_0.pdb,all_cross_seed_pairs,Full181,Native155,4,13,results/13_interface_analysis/formal_msa/complex_model_summary.csv,project27-160,70;73;74;135;136;137;139;140;142;143;144;146;147;150,82;86;130;132;135;136;138;139;140;142;143;146;147;149;150;153,0.42857142857142855,0.42857142857142855,both_nonempty,0,NA,NA
Full181;Native155,formal_msa,4;14,results/full181_supplement/raw/formal_msa/seed4/boltz_results_full_blind_msa/predictions/full_blind_msa/full_blind_msa_model_0.pdb,all_cross_seed_pairs,Full181,Native155,4,14,results/13_interface_analysis/formal_msa/complex_model_summary.csv,project27-160,70;73;74;135;136;137;139;140;142;143;144;146;147;150,27;132;135;136;138;139;140;142;143;146;147;149,0.4444444444444444,0.4444444444444444,both_nonempty,0,NA,NA
Full181;Native155,formal_msa,4;15,results/full181_supplement/raw/formal_msa/seed4/boltz_results_full_blind_msa/predictions/full_blind_msa/full_blind_msa_model_0.pdb,all_cross_seed_pairs,Full181,Native155,4,15,results/13_interface_analysis/formal_msa/complex_model_summary.csv,project27-160,70;73;74;135;136;137;139;140;142;143;144;146;147;150,70;79;132;133;135;136;137;138;139;140;142;143;144;146;147;150,0.6666666666666666,0.6666666666666666,both_nonempty,0,NA,NA
Full181;Native155,formal_msa,5;1,results/full181_supplement/raw/formal_msa/seed5/boltz_results_full_blind_msa/predictions/full_blind_msa/full_blind_msa_model_0.pdb,all_cross_seed_pairs,Full181,Native155,5,1,results/13_interface_analysis/formal_msa/complex_model_summary.csv,project27-160,70;73;132;133;135;136;139;140;142;143;144;146;147;149;150,37;89;92;93;96;97;100;101;104;107;108;109;110;112;113;116;117;120;121;123;124;125;127,0.0,0.0,both_nonempty,0,NA,NA
Full181;Native155,formal_msa,5;2,results/full181_supplement/raw/formal_msa/seed5/boltz_results_full_blind_msa/predictions/full_blind_msa/full_blind_msa_model_0.pdb,all_cross_seed_pairs,Full181,Native155,5,2,results/13_interface_analysis/formal_msa/complex_model_summary.csv,project27-160,70;73;132;133;135;136;139;140;142;143;144;146;147;149;150,70;73;74;75;76;79;132;133;135;136;137;139;140;142;143;144;146;147;150,0.7,0.7,both_nonempty,0,NA,NA
Full181;Native155,formal_msa,5;3,results/full181_supplement/raw/formal_msa/seed5/boltz_results_full_blind_msa/predictions/full_blind_msa/full_blind_msa_model_0.pdb,all_cross_seed_pairs,Full181,Native155,5,3,results/13_interface_analysis/formal_msa/complex_model_summary.csv,project27-160,70;73;132;133;135;136;139;140;142;143;144;146;147;149;150,28;29;79;132;133;135;136;138;139;140;142;143;144;146;147;149;150,0.6842105263157895,0.6842105263157895,both_nonempty,0,NA,NA
Full181;Native155,formal_msa,5;4,results/full181_supplement/raw/formal_msa/seed5/boltz_results_full_blind_msa/predictions/full_blind_msa/full_blind_msa_model_0.pdb,all_cross_seed_pairs,Full181,Native155,5,4,results/13_interface_analysis/formal_msa/complex_model_summary.csv,project27-160,70;73;132;133;135;136;139;140;142;143;144;146;147;149;150,37;38;43;46;92;93;96;97;100;104;107;109;110;111;112;113;114;116;117;120;121;123;124;125;127,0.0,0.0,both_nonempty,0,NA,NA
Full181;Native155,formal_msa,5;5,results/full181_supplement/raw/formal_msa/seed5/boltz_results_full_blind_msa/predictions/full_blind_msa/full_blind_msa_model_0.pdb,all_cross_seed_pairs,Full181,Native155,5,5,results/13_interface_analysis/formal_msa/complex_model_summary.csv,project27-160,70;73;132;133;135;136;139;140;142;143;144;146;147;149;150,86;130;132;135;136;139;140;142;143;146;147;149;150;153,0.6111111111111112,0.6111111111111112,both_nonempty,0,NA,NA
Full181;Native155,formal_msa,5;6,results/full181_supplement/raw/formal_msa/seed5/boltz_results_full_blind_msa/predictions/full_blind_msa/full_blind_msa_model_0.pdb,all_cross_seed_pairs,Full181,Native155,5,6,results/13_interface_analysis/formal_msa/complex_model_summary.csv,project27-160,70;73;132;133;135;136;139;140;142;143;144;146;147;149;150,70;130;132;135;136;139;140;142;143;144;146;147;149;150;153,0.7647058823529411,0.7647058823529411,both_nonempty,0,NA,NA
Full181;Native155,formal_msa,5;7,results/full181_supplement/raw/formal_msa/seed5/boltz_results_full_blind_msa/predictions/full_blind_msa/full_blind_msa_model_0.pdb,all_cross_seed_pairs,Full181,Native155,5,7,results/13_interface_analysis/formal_msa/complex_model_summary.csv,project27-160,70;73;132;133;135;136;139;140;142;143;144;146;147;149;150,27;130;132;135;136;137;139;140;142;143;144;145;146;147;149;150;153,0.6,0.6,both_nonempty,0,NA,NA
Full181;Native155,formal_msa,5;8,results/full181_supplement/raw/formal_msa/seed5/boltz_results_full_blind_msa/predictions/full_blind_msa/full_blind_msa_model_0.pdb,all_cross_seed_pairs,Full181,Native155,5,8,results/13_interface_analysis/formal_msa/complex_model_summary.csv,project27-160,70;73;132;133;135;136;139;140;142;143;144;146;147;149;150,92;93;96;97;98;100;101;102;104;107;109;110;112;113;114;116;117;120;121,0.0,0.0,both_nonempty,0,NA,NA
Full181;Native155,formal_msa,5;9,results/full181_supplement/raw/formal_msa/seed5/boltz_results_full_blind_msa/predictions/full_blind_msa/full_blind_msa_model_0.pdb,all_cross_seed_pairs,Full181,Native155,5,9,results/13_interface_analysis/formal_msa/complex_model_summary.csv,project27-160,70;73;132;133;135;136;139;140;142;143;144;146;147;149;150,70;73;132;135;136;138;139;140;142;143;144;146;147;149;150,0.875,0.875,both_nonempty,0,NA,NA
Full181;Native155,formal_msa,5;10,results/full181_supplement/raw/formal_msa/seed5/boltz_results_full_blind_msa/predictions/full_blind_msa/full_blind_msa_model_0.pdb,all_cross_seed_pairs,Full181,Native155,5,10,results/13_interface_analysis/formal_msa/complex_model_summary.csv,project27-160,70;73;132;133;135;136;139;140;142;143;144;146;147;149;150,70;71;73;74;135;136;137;139;140;143;144;146;147;149;150,0.6666666666666666,0.6666666666666666,both_nonempty,0,NA,NA
Full181;Native155,formal_msa,5;11,results/full181_supplement/raw/formal_msa/seed5/boltz_results_full_blind_msa/predictions/full_blind_msa/full_blind_msa_model_0.pdb,all_cross_seed_pairs,Full181,Native155,5,11,results/13_interface_analysis/formal_msa/complex_model_summary.csv,project27-160,70;73;132;133;135;136;139;140;142;143;144;146;147;149;150,27;28;132;135;136;139;140;142;143;144;146;147;149;150,0.7058823529411765,0.7058823529411765,both_nonempty,0,NA,NA
Full181;Native155,formal_msa,5;12,results/full181_supplement/raw/formal_msa/seed5/boltz_results_full_blind_msa/predictions/full_blind_msa/full_blind_msa_model_0.pdb,all_cross_seed_pairs,Full181,Native155,5,12,results/13_interface_analysis/formal_msa/complex_model_summary.csv,project27-160,70;73;132;133;135;136;139;140;142;143;144;146;147;149;150,27;28;73;74;79;132;135;136;138;139;140;142;143;144;146;147;150,0.6,0.6,both_nonempty,0,NA,NA
Full181;Native155,formal_msa,5;13,results/full181_supplement/raw/formal_msa/seed5/boltz_results_full_blind_msa/predictions/full_blind_msa/full_blind_msa_model_0.pdb,all_cross_seed_pairs,Full181,Native155,5,13,results/13_interface_analysis/formal_msa/complex_model_summary.csv,project27-160,70;73;132;133;135;136;139;140;142;143;144;146;147;149;150,82;86;130;132;135;136;138;139;140;142;143;146;147;149;150;153,0.55,0.55,both_nonempty,0,NA,NA
Full181;Native155,formal_msa,5;14,results/full181_supplement/raw/formal_msa/seed5/boltz_results_full_blind_msa/predictions/full_blind_msa/full_blind_msa_model_0.pdb,all_cross_seed_pairs,Full181,Native155,5,14,results/13_interface_analysis/formal_msa/complex_model_summary.csv,project27-160,70;73;132;133;135;136;139;140;142;143;144;146;147;149;150,27;132;135;136;138;139;140;142;143;146;147;149,0.5882352941176471,0.5882352941176471,both_nonempty,0,NA,NA
Full181;Native155,formal_msa,5;15,results/full181_supplement/raw/formal_msa/seed5/boltz_results_full_blind_msa/predictions/full_blind_msa/full_blind_msa_model_0.pdb,all_cross_seed_pairs,Full181,Native155,5,15,results/13_interface_analysis/formal_msa/complex_model_summary.csv,project27-160,70;73;132;133;135;136;139;140;142;143;144;146;147;149;150,70;79;132;133;135;136;137;138;139;140;142;143;144;146;147;150,0.7222222222222222,0.7222222222222222,both_nonempty,0,NA,NA
Full181;Native155,formal_msa,6;1,results/full181_supplement/raw/formal_msa/seed6/boltz_results_full_blind_msa/predictions/full_blind_msa/full_blind_msa_model_0.pdb,all_cross_seed_pairs,Full181,Native155,6,1,results/13_interface_analysis/formal_msa/complex_model_summary.csv,project27-160,73;74;132;133;135;136;138;139;140;142;143;144;146;147;149;150,37;89;92;93;96;97;100;101;104;107;108;109;110;112;113;116;117;120;121;123;124;125;127,0.0,0.0,both_nonempty,0,NA,NA
Full181;Native155,formal_msa,6;2,results/full181_supplement/raw/formal_msa/seed6/boltz_results_full_blind_msa/predictions/full_blind_msa/full_blind_msa_model_0.pdb,all_cross_seed_pairs,Full181,Native155,6,2,results/13_interface_analysis/formal_msa/complex_model_summary.csv,project27-160,73;74;132;133;135;136;138;139;140;142;143;144;146;147;149;150,70;73;74;75;76;79;132;133;135;136;137;139;140;142;143;144;146;147;150,0.6666666666666666,0.6666666666666666,both_nonempty,0,NA,NA
Full181;Native155,formal_msa,6;3,results/full181_supplement/raw/formal_msa/seed6/boltz_results_full_blind_msa/predictions/full_blind_msa/full_blind_msa_model_0.pdb,all_cross_seed_pairs,Full181,Native155,6,3,results/13_interface_analysis/formal_msa/complex_model_summary.csv,project27-160,73;74;132;133;135;136;138;139;140;142;143;144;146;147;149;150,28;29;79;132;133;135;136;138;139;140;142;143;144;146;147;149;150,0.7368421052631579,0.7368421052631579,both_nonempty,0,NA,NA
Full181;Native155,formal_msa,6;4,results/full181_supplement/raw/formal_msa/seed6/boltz_results_full_blind_msa/predictions/full_blind_msa/full_blind_msa_model_0.pdb,all_cross_seed_pairs,Full181,Native155,6,4,results/13_interface_analysis/formal_msa/complex_model_summary.csv,project27-160,73;74;132;133;135;136;138;139;140;142;143;144;146;147;149;150,37;38;43;46;92;93;96;97;100;104;107;109;110;111;112;113;114;116;117;120;121;123;124;125;127,0.0,0.0,both_nonempty,0,NA,NA
Full181;Native155,formal_msa,6;5,results/full181_supplement/raw/formal_msa/seed6/boltz_results_full_blind_msa/predictions/full_blind_msa/full_blind_msa_model_0.pdb,all_cross_seed_pairs,Full181,Native155,6,5,results/13_interface_analysis/formal_msa/complex_model_summary.csv,project27-160,73;74;132;133;135;136;138;139;140;142;143;144;146;147;149;150,86;130;132;135;136;139;140;142;143;146;147;149;150;153,0.5789473684210527,0.5789473684210527,both_nonempty,0,NA,NA
Full181;Native155,formal_msa,6;6,results/full181_supplement/raw/formal_msa/seed6/boltz_results_full_blind_msa/predictions/full_blind_msa/full_blind_msa_model_0.pdb,all_cross_seed_pairs,Full181,Native155,6,6,results/13_interface_analysis/formal_msa/complex_model_summary.csv,project27-160,73;74;132;133;135;136;138;139;140;142;143;144;146;147;149;150,70;130;132;135;136;139;140;142;143;144;146;147;149;150;153,0.631578947368421,0.631578947368421,both_nonempty,0,NA,NA
Full181;Native155,formal_msa,6;7,results/full181_supplement/raw/formal_msa/seed6/boltz_results_full_blind_msa/predictions/full_blind_msa/full_blind_msa_model_0.pdb,all_cross_seed_pairs,Full181,Native155,6,7,results/13_interface_analysis/formal_msa/complex_model_summary.csv,project27-160,73;74;132;133;135;136;138;139;140;142;143;144;146;147;149;150,27;130;132;135;136;137;139;140;142;143;144;145;146;147;149;150;153,0.5714285714285714,0.5714285714285714,both_nonempty,0,NA,NA
Full181;Native155,formal_msa,6;8,results/full181_supplement/raw/formal_msa/seed6/boltz_results_full_blind_msa/predictions/full_blind_msa/full_blind_msa_model_0.pdb,all_cross_seed_pairs,Full181,Native155,6,8,results/13_interface_analysis/formal_msa/complex_model_summary.csv,project27-160,73;74;132;133;135;136;138;139;140;142;143;144;146;147;149;150,92;93;96;97;98;100;101;102;104;107;109;110;112;113;114;116;117;120;121,0.0,0.0,both_nonempty,0,NA,NA
Full181;Native155,formal_msa,6;9,results/full181_supplement/raw/formal_msa/seed6/boltz_results_full_blind_msa/predictions/full_blind_msa/full_blind_msa_model_0.pdb,all_cross_seed_pairs,Full181,Native155,6,9,results/13_interface_analysis/formal_msa/complex_model_summary.csv,project27-160,73;74;132;133;135;136;138;139;140;142;143;144;146;147;149;150,70;73;132;135;136;138;139;140;142;143;144;146;147;149;150,0.8235294117647058,0.8235294117647058,both_nonempty,0,NA,NA
Full181;Native155,formal_msa,6;10,results/full181_supplement/raw/formal_msa/seed6/boltz_results_full_blind_msa/predictions/full_blind_msa/full_blind_msa_model_0.pdb,all_cross_seed_pairs,Full181,Native155,6,10,results/13_interface_analysis/formal_msa/complex_model_summary.csv,project27-160,73;74;132;133;135;136;138;139;140;142;143;144;146;147;149;150,70;71;73;74;135;136;137;139;140;143;144;146;147;149;150,0.631578947368421,0.631578947368421,both_nonempty,0,NA,NA
Full181;Native155,formal_msa,6;11,results/full181_supplement/raw/formal_msa/seed6/boltz_results_full_blind_msa/predictions/full_blind_msa/full_blind_msa_model_0.pdb,all_cross_seed_pairs,Full181,Native155,6,11,results/13_interface_analysis/formal_msa/complex_model_summary.csv,project27-160,73;74;132;133;135;136;138;139;140;142;143;144;146;147;149;150,27;28;132;135;136;139;140;142;143;144;146;147;149;150,0.6666666666666666,0.6666666666666666,both_nonempty,0,NA,NA
Full181;Native155,formal_msa,6;12,results/full181_supplement/raw/formal_msa/seed6/boltz_results_full_blind_msa/predictions/full_blind_msa/full_blind_msa_model_0.pdb,all_cross_seed_pairs,Full181,Native155,6,12,results/13_interface_analysis/formal_msa/complex_model_summary.csv,project27-160,73;74;132;133;135;136;138;139;140;142;143;144;146;147;149;150,27;28;73;74;79;132;135;136;138;139;140;142;143;144;146;147;150,0.7368421052631579,0.7368421052631579,both_nonempty,0,NA,NA
Full181;Native155,formal_msa,6;13,results/full181_supplement/raw/formal_msa/seed6/boltz_results_full_blind_msa/predictions/full_blind_msa/full_blind_msa_model_0.pdb,all_cross_seed_pairs,Full181,Native155,6,13,results/13_interface_analysis/formal_msa/complex_model_summary.csv,project27-160,73;74;132;133;135;136;138;139;140;142;143;144;146;147;149;150,82;86;130;132;135;136;138;139;140;142;143;146;147;149;150;153,0.6,0.6,both_nonempty,0,NA,NA
Full181;Native155,formal_msa,6;14,results/full181_supplement/raw/formal_msa/seed6/boltz_results_full_blind_msa/predictions/full_blind_msa/full_blind_msa_model_0.pdb,all_cross_seed_pairs,Full181,Native155,6,14,results/13_interface_analysis/formal_msa/complex_model_summary.csv,project27-160,73;74;132;133;135;136;138;139;140;142;143;144;146;147;149;150,27;132;135;136;138;139;140;142;143;146;147;149,0.6470588235294118,0.6470588235294118,both_nonempty,0,NA,NA
Full181;Native155,formal_msa,6;15,results/full181_supplement/raw/formal_msa/seed6/boltz_results_full_blind_msa/predictions/full_blind_msa/full_blind_msa_model_0.pdb,all_cross_seed_pairs,Full181,Native155,6,15,results/13_interface_analysis/formal_msa/complex_model_summary.csv,project27-160,73;74;132;133;135;136;138;139;140;142;143;144;146;147;149;150,70;79;132;133;135;136;137;138;139;140;142;143;144;146;147;150,0.6842105263157895,0.6842105263157895,both_nonempty,0,NA,NA
Full181;Native155,formal_msa,7;1,results/full181_supplement/raw/formal_msa/seed7/boltz_results_full_blind_msa/predictions/full_blind_msa/full_blind_msa_model_0.pdb,all_cross_seed_pairs,Full181,Native155,7,1,results/13_interface_analysis/formal_msa/complex_model_summary.csv,project27-160,132;133;135;136;137;139;140;142;143;146;149;150,37;89;92;93;96;97;100;101;104;107;108;109;110;112;113;116;117;120;121;123;124;125;127,0.0,0.0,both_nonempty,0,NA,NA
Full181;Native155,formal_msa,7;2,results/full181_supplement/raw/formal_msa/seed7/boltz_results_full_blind_msa/predictions/full_blind_msa/full_blind_msa_model_0.pdb,all_cross_seed_pairs,Full181,Native155,7,2,results/13_interface_analysis/formal_msa/complex_model_summary.csv,project27-160,132;133;135;136;137;139;140;142;143;146;149;150,70;73;74;75;76;79;132;133;135;136;137;139;140;142;143;144;146;147;150,0.55,0.55,both_nonempty,0,NA,NA
Full181;Native155,formal_msa,7;3,results/full181_supplement/raw/formal_msa/seed7/boltz_results_full_blind_msa/predictions/full_blind_msa/full_blind_msa_model_0.pdb,all_cross_seed_pairs,Full181,Native155,7,3,results/13_interface_analysis/formal_msa/complex_model_summary.csv,project27-160,132;133;135;136;137;139;140;142;143;146;149;150,28;29;79;132;133;135;136;138;139;140;142;143;144;146;147;149;150,0.6111111111111112,0.6111111111111112,both_nonempty,0,NA,NA
Full181;Native155,formal_msa,7;4,results/full181_supplement/raw/formal_msa/seed7/boltz_results_full_blind_msa/predictions/full_blind_msa/full_blind_msa_model_0.pdb,all_cross_seed_pairs,Full181,Native155,7,4,results/13_interface_analysis/formal_msa/complex_model_summary.csv,project27-160,132;133;135;136;137;139;140;142;143;146;149;150,37;38;43;46;92;93;96;97;100;104;107;109;110;111;112;113;114;116;117;120;121;123;124;125;127,0.0,0.0,both_nonempty,0,NA,NA
Full181;Native155,formal_msa,7;5,results/full181_supplement/raw/formal_msa/seed7/boltz_results_full_blind_msa/predictions/full_blind_msa/full_blind_msa_model_0.pdb,all_cross_seed_pairs,Full181,Native155,7,5,results/13_interface_analysis/formal_msa/complex_model_summary.csv,project27-160,132;133;135;136;137;139;140;142;143;146;149;150,86;130;132;135;136;139;140;142;143;146;147;149;150;153,0.625,0.625,both_nonempty,0,NA,NA
Full181;Native155,formal_msa,7;6,results/full181_supplement/raw/formal_msa/seed7/boltz_results_full_blind_msa/predictions/full_blind_msa/full_blind_msa_model_0.pdb,all_cross_seed_pairs,Full181,Native155,7,6,results/13_interface_analysis/formal_msa/complex_model_summary.csv,project27-160,132;133;135;136;137;139;140;142;143;146;149;150,70;130;132;135;136;139;140;142;143;144;146;147;149;150;153,0.5882352941176471,0.5882352941176471,both_nonempty,0,NA,NA
Full181;Native155,formal_msa,7;7,results/full181_supplement/raw/formal_msa/seed7/boltz_results_full_blind_msa/predictions/full_blind_msa/full_blind_msa_model_0.pdb,all_cross_seed_pairs,Full181,Native155,7,7,results/13_interface_analysis/formal_msa/complex_model_summary.csv,project27-160,132;133;135;136;137;139;140;142;143;146;149;150,27;130;132;135;136;137;139;140;142;143;144;145;146;147;149;150;153,0.6111111111111112,0.6111111111111112,both_nonempty,0,NA,NA
Full181;Native155,formal_msa,7;8,results/full181_supplement/raw/formal_msa/seed7/boltz_results_full_blind_msa/predictions/full_blind_msa/full_blind_msa_model_0.pdb,all_cross_seed_pairs,Full181,Native155,7,8,results/13_interface_analysis/formal_msa/complex_model_summary.csv,project27-160,132;133;135;136;137;139;140;142;143;146;149;150,92;93;96;97;98;100;101;102;104;107;109;110;112;113;114;116;117;120;121,0.0,0.0,both_nonempty,0,NA,NA
Full181;Native155,formal_msa,7;9,results/full181_supplement/raw/formal_msa/seed7/boltz_results_full_blind_msa/predictions/full_blind_msa/full_blind_msa_model_0.pdb,all_cross_seed_pairs,Full181,Native155,7,9,results/13_interface_analysis/formal_msa/complex_model_summary.csv,project27-160,132;133;135;136;137;139;140;142;143;146;149;150,70;73;132;135;136;138;139;140;142;143;144;146;147;149;150,0.5882352941176471,0.5882352941176471,both_nonempty,0,NA,NA
Full181;Native155,formal_msa,7;10,results/full181_supplement/raw/formal_msa/seed7/boltz_results_full_blind_msa/predictions/full_blind_msa/full_blind_msa_model_0.pdb,all_cross_seed_pairs,Full181,Native155,7,10,results/13_interface_analysis/formal_msa/complex_model_summary.csv,project27-160,132;133;135;136;137;139;140;142;143;146;149;150,70;71;73;74;135;136;137;139;140;143;144;146;147;149;150,0.5,0.5,both_nonempty,0,NA,NA
Full181;Native155,formal_msa,7;11,results/full181_supplement/raw/formal_msa/seed7/boltz_results_full_blind_msa/predictions/full_blind_msa/full_blind_msa_model_0.pdb,all_cross_seed_pairs,Full181,Native155,7,11,results/13_interface_analysis/formal_msa/complex_model_summary.csv,project27-160,132;133;135;136;137;139;140;142;143;146;149;150,27;28;132;135;136;139;140;142;143;144;146;147;149;150,0.625,0.625,both_nonempty,0,NA,NA
Full181;Native155,formal_msa,7;12,results/full181_supplement/raw/formal_msa/seed7/boltz_results_full_blind_msa/predictions/full_blind_msa/full_blind_msa_model_0.pdb,all_cross_seed_pairs,Full181,Native155,7,12,results/13_interface_analysis/formal_msa/complex_model_summary.csv,project27-160,132;133;135;136;137;139;140;142;143;146;149;150,27;28;73;74;79;132;135;136;138;139;140;142;143;144;146;147;150,0.45,0.45,both_nonempty,0,NA,NA
Full181;Native155,formal_msa,7;13,results/full181_supplement/raw/formal_msa/seed7/boltz_results_full_blind_msa/predictions/full_blind_msa/full_blind_msa_model_0.pdb,all_cross_seed_pairs,Full181,Native155,7,13,results/13_interface_analysis/formal_msa/complex_model_summary.csv,project27-160,132;133;135;136;137;139;140;142;143;146;149;150,82;86;130;132;135;136;138;139;140;142;143;146;147;149;150;153,0.5555555555555556,0.5555555555555556,both_nonempty,0,NA,NA
Full181;Native155,formal_msa,7;14,results/full181_supplement/raw/formal_msa/seed7/boltz_results_full_blind_msa/predictions/full_blind_msa/full_blind_msa_model_0.pdb,all_cross_seed_pairs,Full181,Native155,7,14,results/13_interface_analysis/formal_msa/complex_model_summary.csv,project27-160,132;133;135;136;137;139;140;142;143;146;149;150,27;132;135;136;138;139;140;142;143;146;147;149,0.6,0.6,both_nonempty,0,NA,NA
Full181;Native155,formal_msa,7;15,results/full181_supplement/raw/formal_msa/seed7/boltz_results_full_blind_msa/predictions/full_blind_msa/full_blind_msa_model_0.pdb,all_cross_seed_pairs,Full181,Native155,7,15,results/13_interface_analysis/formal_msa/complex_model_summary.csv,project27-160,132;133;135;136;137;139;140;142;143;146;149;150,70;79;132;133;135;136;137;138;139;140;142;143;144;146;147;150,0.6470588235294118,0.6470588235294118,both_nonempty,0,NA,NA
Full181;Native155,formal_msa,8;1,results/full181_supplement/raw/formal_msa/seed8/boltz_results_full_blind_msa/predictions/full_blind_msa/full_blind_msa_model_0.pdb,all_cross_seed_pairs,Full181,Native155,8,1,results/13_interface_analysis/formal_msa/complex_model_summary.csv,project27-160,37;38;40;43;46;92;93;100;107;109;110;111;112;113;114;116;117;120;121;123;124;125;127,37;89;92;93;96;97;100;101;104;107;108;109;110;112;113;116;117;120;121;123;124;125;127,0.5862068965517241,0.5862068965517241,both_nonempty,0,NA,NA
Full181;Native155,formal_msa,8;2,results/full181_supplement/raw/formal_msa/seed8/boltz_results_full_blind_msa/predictions/full_blind_msa/full_blind_msa_model_0.pdb,all_cross_seed_pairs,Full181,Native155,8,2,results/13_interface_analysis/formal_msa/complex_model_summary.csv,project27-160,37;38;40;43;46;92;93;100;107;109;110;111;112;113;114;116;117;120;121;123;124;125;127,70;73;74;75;76;79;132;133;135;136;137;139;140;142;143;144;146;147;150,0.0,0.0,both_nonempty,0,NA,NA
Full181;Native155,formal_msa,8;3,results/full181_supplement/raw/formal_msa/seed8/boltz_results_full_blind_msa/predictions/full_blind_msa/full_blind_msa_model_0.pdb,all_cross_seed_pairs,Full181,Native155,8,3,results/13_interface_analysis/formal_msa/complex_model_summary.csv,project27-160,37;38;40;43;46;92;93;100;107;109;110;111;112;113;114;116;117;120;121;123;124;125;127,28;29;79;132;133;135;136;138;139;140;142;143;144;146;147;149;150,0.0,0.0,both_nonempty,0,NA,NA
Full181;Native155,formal_msa,8;4,results/full181_supplement/raw/formal_msa/seed8/boltz_results_full_blind_msa/predictions/full_blind_msa/full_blind_msa_model_0.pdb,all_cross_seed_pairs,Full181,Native155,8,4,results/13_interface_analysis/formal_msa/complex_model_summary.csv,project27-160,37;38;40;43;46;92;93;100;107;109;110;111;112;113;114;116;117;120;121;123;124;125;127,37;38;43;46;92;93;96;97;100;104;107;109;110;111;112;113;114;116;117;120;121;123;124;125;127,0.8461538461538461,0.8461538461538461,both_nonempty,0,NA,NA
Full181;Native155,formal_msa,8;5,results/full181_supplement/raw/formal_msa/seed8/boltz_results_full_blind_msa/predictions/full_blind_msa/full_blind_msa_model_0.pdb,all_cross_seed_pairs,Full181,Native155,8,5,results/13_interface_analysis/formal_msa/complex_model_summary.csv,project27-160,37;38;40;43;46;92;93;100;107;109;110;111;112;113;114;116;117;120;121;123;124;125;127,86;130;132;135;136;139;140;142;143;146;147;149;150;153,0.0,0.0,both_nonempty,0,NA,NA
Full181;Native155,formal_msa,8;6,results/full181_supplement/raw/formal_msa/seed8/boltz_results_full_blind_msa/predictions/full_blind_msa/full_blind_msa_model_0.pdb,all_cross_seed_pairs,Full181,Native155,8,6,results/13_interface_analysis/formal_msa/complex_model_summary.csv,project27-160,37;38;40;43;46;92;93;100;107;109;110;111;112;113;114;116;117;120;121;123;124;125;127,70;130;132;135;136;139;140;142;143;144;146;147;149;150;153,0.0,0.0,both_nonempty,0,NA,NA
Full181;Native155,formal_msa,8;7,results/full181_supplement/raw/formal_msa/seed8/boltz_results_full_blind_msa/predictions/full_blind_msa/full_blind_msa_model_0.pdb,all_cross_seed_pairs,Full181,Native155,8,7,results/13_interface_analysis/formal_msa/complex_model_summary.csv,project27-160,37;38;40;43;46;92;93;100;107;109;110;111;112;113;114;116;117;120;121;123;124;125;127,27;130;132;135;136;137;139;140;142;143;144;145;146;147;149;150;153,0.0,0.0,both_nonempty,0,NA,NA
Full181;Native155,formal_msa,8;8,results/full181_supplement/raw/formal_msa/seed8/boltz_results_full_blind_msa/predictions/full_blind_msa/full_blind_msa_model_0.pdb,all_cross_seed_pairs,Full181,Native155,8,8,results/13_interface_analysis/formal_msa/complex_model_summary.csv,project27-160,37;38;40;43;46;92;93;100;107;109;110;111;112;113;114;116;117;120;121;123;124;125;127,92;93;96;97;98;100;101;102;104;107;109;110;112;113;114;116;117;120;121,0.4482758620689655,0.4482758620689655,both_nonempty,0,NA,NA
Full181;Native155,formal_msa,8;9,results/full181_supplement/raw/formal_msa/seed8/boltz_results_full_blind_msa/predictions/full_blind_msa/full_blind_msa_model_0.pdb,all_cross_seed_pairs,Full181,Native155,8,9,results/13_interface_analysis/formal_msa/complex_model_summary.csv,project27-160,37;38;40;43;46;92;93;100;107;109;110;111;112;113;114;116;117;120;121;123;124;125;127,70;73;132;135;136;138;139;140;142;143;144;146;147;149;150,0.0,0.0,both_nonempty,0,NA,NA
Full181;Native155,formal_msa,8;10,results/full181_supplement/raw/formal_msa/seed8/boltz_results_full_blind_msa/predictions/full_blind_msa/full_blind_msa_model_0.pdb,all_cross_seed_pairs,Full181,Native155,8,10,results/13_interface_analysis/formal_msa/complex_model_summary.csv,project27-160,37;38;40;43;46;92;93;100;107;109;110;111;112;113;114;116;117;120;121;123;124;125;127,70;71;73;74;135;136;137;139;140;143;144;146;147;149;150,0.0,0.0,both_nonempty,0,NA,NA
Full181;Native155,formal_msa,8;11,results/full181_supplement/raw/formal_msa/seed8/boltz_results_full_blind_msa/predictions/full_blind_msa/full_blind_msa_model_0.pdb,all_cross_seed_pairs,Full181,Native155,8,11,results/13_interface_analysis/formal_msa/complex_model_summary.csv,project27-160,37;38;40;43;46;92;93;100;107;109;110;111;112;113;114;116;117;120;121;123;124;125;127,27;28;132;135;136;139;140;142;143;144;146;147;149;150,0.0,0.0,both_nonempty,0,NA,NA
Full181;Native155,formal_msa,8;12,results/full181_supplement/raw/formal_msa/seed8/boltz_results_full_blind_msa/predictions/full_blind_msa/full_blind_msa_model_0.pdb,all_cross_seed_pairs,Full181,Native155,8,12,results/13_interface_analysis/formal_msa/complex_model_summary.csv,project27-160,37;38;40;43;46;92;93;100;107;109;110;111;112;113;114;116;117;120;121;123;124;125;127,27;28;73;74;79;132;135;136;138;139;140;142;143;144;146;147;150,0.0,0.0,both_nonempty,0,NA,NA
Full181;Native155,formal_msa,8;13,results/full181_supplement/raw/formal_msa/seed8/boltz_results_full_blind_msa/predictions/full_blind_msa/full_blind_msa_model_0.pdb,all_cross_seed_pairs,Full181,Native155,8,13,results/13_interface_analysis/formal_msa/complex_model_summary.csv,project27-160,37;38;40;43;46;92;93;100;107;109;110;111;112;113;114;116;117;120;121;123;124;125;127,82;86;130;132;135;136;138;139;140;142;143;146;147;149;150;153,0.0,0.0,both_nonempty,0,NA,NA
Full181;Native155,formal_msa,8;14,results/full181_supplement/raw/formal_msa/seed8/boltz_results_full_blind_msa/predictions/full_blind_msa/full_blind_msa_model_0.pdb,all_cross_seed_pairs,Full181,Native155,8,14,results/13_interface_analysis/formal_msa/complex_model_summary.csv,project27-160,37;38;40;43;46;92;93;100;107;109;110;111;112;113;114;116;117;120;121;123;124;125;127,27;132;135;136;138;139;140;142;143;146;147;149,0.0,0.0,both_nonempty,0,NA,NA
Full181;Native155,formal_msa,8;15,results/full181_supplement/raw/formal_msa/seed8/boltz_results_full_blind_msa/predictions/full_blind_msa/full_blind_msa_model_0.pdb,all_cross_seed_pairs,Full181,Native155,8,15,results/13_interface_analysis/formal_msa/complex_model_summary.csv,project27-160,37;38;40;43;46;92;93;100;107;109;110;111;112;113;114;116;117;120;121;123;124;125;127,70;79;132;133;135;136;137;138;139;140;142;143;144;146;147;150,0.0,0.0,both_nonempty,0,NA,NA
Full181;Native155,formal_msa,9;1,results/full181_supplement/raw/formal_msa/seed9/boltz_results_full_blind_msa/predictions/full_blind_msa/full_blind_msa_model_0.pdb,all_cross_seed_pairs,Full181,Native155,9,1,results/13_interface_analysis/formal_msa/complex_model_summary.csv,project27-160,70;73;74;79;132;133;135;136;137;139;140;142;143;144;146;147;149;150,37;89;92;93;96;97;100;101;104;107;108;109;110;112;113;116;117;120;121;123;124;125;127,0.0,0.0,both_nonempty,0,NA,NA
Full181;Native155,formal_msa,9;2,results/full181_supplement/raw/formal_msa/seed9/boltz_results_full_blind_msa/predictions/full_blind_msa/full_blind_msa_model_0.pdb,all_cross_seed_pairs,Full181,Native155,9,2,results/13_interface_analysis/formal_msa/complex_model_summary.csv,project27-160,70;73;74;79;132;133;135;136;137;139;140;142;143;144;146;147;149;150,70;73;74;75;76;79;132;133;135;136;137;139;140;142;143;144;146;147;150,0.85,0.85,both_nonempty,0,NA,NA
Full181;Native155,formal_msa,9;3,results/full181_supplement/raw/formal_msa/seed9/boltz_results_full_blind_msa/predictions/full_blind_msa/full_blind_msa_model_0.pdb,all_cross_seed_pairs,Full181,Native155,9,3,results/13_interface_analysis/formal_msa/complex_model_summary.csv,project27-160,70;73;74;79;132;133;135;136;137;139;140;142;143;144;146;147;149;150,28;29;79;132;133;135;136;138;139;140;142;143;144;146;147;149;150,0.6666666666666666,0.6666666666666666,both_nonempty,0,NA,NA
Full181;Native155,formal_msa,9;4,results/full181_supplement/raw/formal_msa/seed9/boltz_results_full_blind_msa/predictions/full_blind_msa/full_blind_msa_model_0.pdb,all_cross_seed_pairs,Full181,Native155,9,4,results/13_interface_analysis/formal_msa/complex_model_summary.csv,project27-160,70;73;74;79;132;133;135;136;137;139;140;142;143;144;146;147;149;150,37;38;43;46;92;93;96;97;100;104;107;109;110;111;112;113;114;116;117;120;121;123;124;125;127,0.0,0.0,both_nonempty,0,NA,NA
Full181;Native155,formal_msa,9;5,results/full181_supplement/raw/formal_msa/seed9/boltz_results_full_blind_msa/predictions/full_blind_msa/full_blind_msa_model_0.pdb,all_cross_seed_pairs,Full181,Native155,9,5,results/13_interface_analysis/formal_msa/complex_model_summary.csv,project27-160,70;73;74;79;132;133;135;136;137;139;140;142;143;144;146;147;149;150,86;130;132;135;136;139;140;142;143;146;147;149;150;153,0.5238095238095238,0.5238095238095238,both_nonempty,0,NA,NA
Full181;Native155,formal_msa,9;6,results/full181_supplement/raw/formal_msa/seed9/boltz_results_full_blind_msa/predictions/full_blind_msa/full_blind_msa_model_0.pdb,all_cross_seed_pairs,Full181,Native155,9,6,results/13_interface_analysis/formal_msa/complex_model_summary.csv,project27-160,70;73;74;79;132;133;135;136;137;139;140;142;143;144;146;147;149;150,70;130;132;135;136;139;140;142;143;144;146;147;149;150;153,0.65,0.65,both_nonempty,0,NA,NA
Full181;Native155,formal_msa,9;7,results/full181_supplement/raw/formal_msa/seed9/boltz_results_full_blind_msa/predictions/full_blind_msa/full_blind_msa_model_0.pdb,all_cross_seed_pairs,Full181,Native155,9,7,results/13_interface_analysis/formal_msa/complex_model_summary.csv,project27-160,70;73;74;79;132;133;135;136;137;139;140;142;143;144;146;147;149;150,27;130;132;135;136;137;139;140;142;143;144;145;146;147;149;150;153,0.5909090909090909,0.5909090909090909,both_nonempty,0,NA,NA
Full181;Native155,formal_msa,9;8,results/full181_supplement/raw/formal_msa/seed9/boltz_results_full_blind_msa/predictions/full_blind_msa/full_blind_msa_model_0.pdb,all_cross_seed_pairs,Full181,Native155,9,8,results/13_interface_analysis/formal_msa/complex_model_summary.csv,project27-160,70;73;74;79;132;133;135;136;137;139;140;142;143;144;146;147;149;150,92;93;96;97;98;100;101;102;104;107;109;110;112;113;114;116;117;120;121,0.0,0.0,both_nonempty,0,NA,NA
Full181;Native155,formal_msa,9;9,results/full181_supplement/raw/formal_msa/seed9/boltz_results_full_blind_msa/predictions/full_blind_msa/full_blind_msa_model_0.pdb,all_cross_seed_pairs,Full181,Native155,9,9,results/13_interface_analysis/formal_msa/complex_model_summary.csv,project27-160,70;73;74;79;132;133;135;136;137;139;140;142;143;144;146;147;149;150,70;73;132;135;136;138;139;140;142;143;144;146;147;149;150,0.7368421052631579,0.7368421052631579,both_nonempty,0,NA,NA
Full181;Native155,formal_msa,9;10,results/full181_supplement/raw/formal_msa/seed9/boltz_results_full_blind_msa/predictions/full_blind_msa/full_blind_msa_model_0.pdb,all_cross_seed_pairs,Full181,Native155,9,10,results/13_interface_analysis/formal_msa/complex_model_summary.csv,project27-160,70;73;74;79;132;133;135;136;137;139;140;142;143;144;146;147;149;150,70;71;73;74;135;136;137;139;140;143;144;146;147;149;150,0.7368421052631579,0.7368421052631579,both_nonempty,0,NA,NA
Full181;Native155,formal_msa,9;11,results/full181_supplement/raw/formal_msa/seed9/boltz_results_full_blind_msa/predictions/full_blind_msa/full_blind_msa_model_0.pdb,all_cross_seed_pairs,Full181,Native155,9,11,results/13_interface_analysis/formal_msa/complex_model_summary.csv,project27-160,70;73;74;79;132;133;135;136;137;139;140;142;143;144;146;147;149;150,27;28;132;135;136;139;140;142;143;144;146;147;149;150,0.6,0.6,both_nonempty,0,NA,NA
Full181;Native155,formal_msa,9;12,results/full181_supplement/raw/formal_msa/seed9/boltz_results_full_blind_msa/predictions/full_blind_msa/full_blind_msa_model_0.pdb,all_cross_seed_pairs,Full181,Native155,9,12,results/13_interface_analysis/formal_msa/complex_model_summary.csv,project27-160,70;73;74;79;132;133;135;136;137;139;140;142;143;144;146;147;149;150,27;28;73;74;79;132;135;136;138;139;140;142;143;144;146;147;150,0.6666666666666666,0.6666666666666666,both_nonempty,0,NA,NA
Full181;Native155,formal_msa,9;13,results/full181_supplement/raw/formal_msa/seed9/boltz_results_full_blind_msa/predictions/full_blind_msa/full_blind_msa_model_0.pdb,all_cross_seed_pairs,Full181,Native155,9,13,results/13_interface_analysis/formal_msa/complex_model_summary.csv,project27-160,70;73;74;79;132;133;135;136;137;139;140;142;143;144;146;147;149;150,82;86;130;132;135;136;138;139;140;142;143;146;147;149;150;153,0.4782608695652174,0.4782608695652174,both_nonempty,0,NA,NA
Full181;Native155,formal_msa,9;14,results/full181_supplement/raw/formal_msa/seed9/boltz_results_full_blind_msa/predictions/full_blind_msa/full_blind_msa_model_0.pdb,all_cross_seed_pairs,Full181,Native155,9,14,results/13_interface_analysis/formal_msa/complex_model_summary.csv,project27-160,70;73;74;79;132;133;135;136;137;139;140;142;143;144;146;147;149;150,27;132;135;136;138;139;140;142;143;146;147;149,0.5,0.5,both_nonempty,0,NA,NA
Full181;Native155,formal_msa,9;15,results/full181_supplement/raw/formal_msa/seed9/boltz_results_full_blind_msa/predictions/full_blind_msa/full_blind_msa_model_0.pdb,all_cross_seed_pairs,Full181,Native155,9,15,results/13_interface_analysis/formal_msa/complex_model_summary.csv,project27-160,70;73;74;79;132;133;135;136;137;139;140;142;143;144;146;147;149;150,70;79;132;133;135;136;137;138;139;140;142;143;144;146;147;150,0.7894736842105263,0.7894736842105263,both_nonempty,0,NA,NA
Full181;Native155,formal_msa,10;1,results/full181_supplement/raw/formal_msa/seed10/boltz_results_full_blind_msa/predictions/full_blind_msa/full_blind_msa_model_0.pdb,all_cross_seed_pairs,Full181,Native155,10,1,results/13_interface_analysis/formal_msa/complex_model_summary.csv,project27-160,30;70;73;74;79;132;133;135;136;139;140;142;143;144;146,37;89;92;93;96;97;100;101;104;107;108;109;110;112;113;116;117;120;121;123;124;125;127,0.0,0.0,both_nonempty,0,NA,NA
Full181;Native155,formal_msa,10;2,results/full181_supplement/raw/formal_msa/seed10/boltz_results_full_blind_msa/predictions/full_blind_msa/full_blind_msa_model_0.pdb,all_cross_seed_pairs,Full181,Native155,10,2,results/13_interface_analysis/formal_msa/complex_model_summary.csv,project27-160,30;70;73;74;79;132;133;135;136;139;140;142;143;144;146,70;73;74;75;76;79;132;133;135;136;137;139;140;142;143;144;146;147;150,0.7,0.7,both_nonempty,0,NA,NA
Full181;Native155,formal_msa,10;3,results/full181_supplement/raw/formal_msa/seed10/boltz_results_full_blind_msa/predictions/full_blind_msa/full_blind_msa_model_0.pdb,all_cross_seed_pairs,Full181,Native155,10,3,results/13_interface_analysis/formal_msa/complex_model_summary.csv,project27-160,30;70;73;74;79;132;133;135;136;139;140;142;143;144;146,28;29;79;132;133;135;136;138;139;140;142;143;144;146;147;149;150,0.5238095238095238,0.5238095238095238,both_nonempty,0,NA,NA
Full181;Native155,formal_msa,10;4,results/full181_supplement/raw/formal_msa/seed10/boltz_results_full_blind_msa/predictions/full_blind_msa/full_blind_msa_model_0.pdb,all_cross_seed_pairs,Full181,Native155,10,4,results/13_interface_analysis/formal_msa/complex_model_summary.csv,project27-160,30;70;73;74;79;132;133;135;136;139;140;142;143;144;146,37;38;43;46;92;93;96;97;100;104;107;109;110;111;112;113;114;116;117;120;121;123;124;125;127,0.0,0.0,both_nonempty,0,NA,NA
Full181;Native155,formal_msa,10;5,results/full181_supplement/raw/formal_msa/seed10/boltz_results_full_blind_msa/predictions/full_blind_msa/full_blind_msa_model_0.pdb,all_cross_seed_pairs,Full181,Native155,10,5,results/13_interface_analysis/formal_msa/complex_model_summary.csv,project27-160,30;70;73;74;79;132;133;135;136;139;140;142;143;144;146,86;130;132;135;136;139;140;142;143;146;147;149;150;153,0.38095238095238093,0.38095238095238093,both_nonempty,0,NA,NA
Full181;Native155,formal_msa,10;6,results/full181_supplement/raw/formal_msa/seed10/boltz_results_full_blind_msa/predictions/full_blind_msa/full_blind_msa_model_0.pdb,all_cross_seed_pairs,Full181,Native155,10,6,results/13_interface_analysis/formal_msa/complex_model_summary.csv,project27-160,30;70;73;74;79;132;133;135;136;139;140;142;143;144;146,70;130;132;135;136;139;140;142;143;144;146;147;149;150;153,0.5,0.5,both_nonempty,0,NA,NA
Full181;Native155,formal_msa,10;7,results/full181_supplement/raw/formal_msa/seed10/boltz_results_full_blind_msa/predictions/full_blind_msa/full_blind_msa_model_0.pdb,all_cross_seed_pairs,Full181,Native155,10,7,results/13_interface_analysis/formal_msa/complex_model_summary.csv,project27-160,30;70;73;74;79;132;133;135;136;139;140;142;143;144;146,27;130;132;135;136;137;139;140;142;143;144;145;146;147;149;150;153,0.391304347826087,0.391304347826087,both_nonempty,0,NA,NA
Full181;Native155,formal_msa,10;8,results/full181_supplement/raw/formal_msa/seed10/boltz_results_full_blind_msa/predictions/full_blind_msa/full_blind_msa_model_0.pdb,all_cross_seed_pairs,Full181,Native155,10,8,results/13_interface_analysis/formal_msa/complex_model_summary.csv,project27-160,30;70;73;74;79;132;133;135;136;139;140;142;143;144;146,92;93;96;97;98;100;101;102;104;107;109;110;112;113;114;116;117;120;121,0.0,0.0,both_nonempty,0,NA,NA
Full181;Native155,formal_msa,10;9,results/full181_supplement/raw/formal_msa/seed10/boltz_results_full_blind_msa/predictions/full_blind_msa/full_blind_msa_model_0.pdb,all_cross_seed_pairs,Full181,Native155,10,9,results/13_interface_analysis/formal_msa/complex_model_summary.csv,project27-160,30;70;73;74;79;132;133;135;136;139;140;142;143;144;146,70;73;132;135;136;138;139;140;142;143;144;146;147;149;150,0.5789473684210527,0.5789473684210527,both_nonempty,0,NA,NA
Full181;Native155,formal_msa,10;10,results/full181_supplement/raw/formal_msa/seed10/boltz_results_full_blind_msa/predictions/full_blind_msa/full_blind_msa_model_0.pdb,all_cross_seed_pairs,Full181,Native155,10,10,results/13_interface_analysis/formal_msa/complex_model_summary.csv,project27-160,30;70;73;74;79;132;133;135;136;139;140;142;143;144;146,70;71;73;74;135;136;137;139;140;143;144;146;147;149;150,0.5,0.5,both_nonempty,0,NA,NA
Full181;Native155,formal_msa,10;11,results/full181_supplement/raw/formal_msa/seed10/boltz_results_full_blind_msa/predictions/full_blind_msa/full_blind_msa_model_0.pdb,all_cross_seed_pairs,Full181,Native155,10,11,results/13_interface_analysis/formal_msa/complex_model_summary.csv,project27-160,30;70;73;74;79;132;133;135;136;139;140;142;143;144;146,27;28;132;135;136;139;140;142;143;144;146;147;149;150,0.45,0.45,both_nonempty,0,NA,NA
Full181;Native155,formal_msa,10;12,results/full181_supplement/raw/formal_msa/seed10/boltz_results_full_blind_msa/predictions/full_blind_msa/full_blind_msa_model_0.pdb,all_cross_seed_pairs,Full181,Native155,10,12,results/13_interface_analysis/formal_msa/complex_model_summary.csv,project27-160,30;70;73;74;79;132;133;135;136;139;140;142;143;144;146,27;28;73;74;79;132;135;136;138;139;140;142;143;144;146;147;150,0.6,0.6,both_nonempty,0,NA,NA
Full181;Native155,formal_msa,10;13,results/full181_supplement/raw/formal_msa/seed10/boltz_results_full_blind_msa/predictions/full_blind_msa/full_blind_msa_model_0.pdb,all_cross_seed_pairs,Full181,Native155,10,13,results/13_interface_analysis/formal_msa/complex_model_summary.csv,project27-160,30;70;73;74;79;132;133;135;136;139;140;142;143;144;146,82;86;130;132;135;136;138;139;140;142;143;146;147;149;150;153,0.34782608695652173,0.34782608695652173,both_nonempty,0,NA,NA
Full181;Native155,formal_msa,10;14,results/full181_supplement/raw/formal_msa/seed10/boltz_results_full_blind_msa/predictions/full_blind_msa/full_blind_msa_model_0.pdb,all_cross_seed_pairs,Full181,Native155,10,14,results/13_interface_analysis/formal_msa/complex_model_summary.csv,project27-160,30;70;73;74;79;132;133;135;136;139;140;142;143;144;146,27;132;135;136;138;139;140;142;143;146;147;149,0.42105263157894735,0.42105263157894735,both_nonempty,0,NA,NA
Full181;Native155,formal_msa,10;15,results/full181_supplement/raw/formal_msa/seed10/boltz_results_full_blind_msa/predictions/full_blind_msa/full_blind_msa_model_0.pdb,all_cross_seed_pairs,Full181,Native155,10,15,results/13_interface_analysis/formal_msa/complex_model_summary.csv,project27-160,30;70;73;74;79;132;133;135;136;139;140;142;143;144;146,70;79;132;133;135;136;137;138;139;140;142;143;144;146;147;150,0.631578947368421,0.631578947368421,both_nonempty,0,NA,NA
Full181;Native155,formal_msa,11;1,results/full181_supplement/raw/formal_msa/seed11/boltz_results_full_blind_msa/predictions/full_blind_msa/full_blind_msa_model_0.pdb,all_cross_seed_pairs,Full181,Native155,11,1,results/13_interface_analysis/formal_msa/complex_model_summary.csv,project27-160,79;132;133;135;136;139;140;142;143;144;146;147;149;150,37;89;92;93;96;97;100;101;104;107;108;109;110;112;113;116;117;120;121;123;124;125;127,0.0,0.0,both_nonempty,0,NA,NA
Full181;Native155,formal_msa,11;2,results/full181_supplement/raw/formal_msa/seed11/boltz_results_full_blind_msa/predictions/full_blind_msa/full_blind_msa_model_0.pdb,all_cross_seed_pairs,Full181,Native155,11,2,results/13_interface_analysis/formal_msa/complex_model_summary.csv,project27-160,79;132;133;135;136;139;140;142;143;144;146;147;149;150,70;73;74;75;76;79;132;133;135;136;137;139;140;142;143;144;146;147;150,0.65,0.65,both_nonempty,0,NA,NA
Full181;Native155,formal_msa,11;3,results/full181_supplement/raw/formal_msa/seed11/boltz_results_full_blind_msa/predictions/full_blind_msa/full_blind_msa_model_0.pdb,all_cross_seed_pairs,Full181,Native155,11,3,results/13_interface_analysis/formal_msa/complex_model_summary.csv,project27-160,79;132;133;135;136;139;140;142;143;144;146;147;149;150,28;29;79;132;133;135;136;138;139;140;142;143;144;146;147;149;150,0.8235294117647058,0.8235294117647058,both_nonempty,0,NA,NA
Full181;Native155,formal_msa,11;4,results/full181_supplement/raw/formal_msa/seed11/boltz_results_full_blind_msa/predictions/full_blind_msa/full_blind_msa_model_0.pdb,all_cross_seed_pairs,Full181,Native155,11,4,results/13_interface_analysis/formal_msa/complex_model_summary.csv,project27-160,79;132;133;135;136;139;140;142;143;144;146;147;149;150,37;38;43;46;92;93;96;97;100;104;107;109;110;111;112;113;114;116;117;120;121;123;124;125;127,0.0,0.0,both_nonempty,0,NA,NA
Full181;Native155,formal_msa,11;5,results/full181_supplement/raw/formal_msa/seed11/boltz_results_full_blind_msa/predictions/full_blind_msa/full_blind_msa_model_0.pdb,all_cross_seed_pairs,Full181,Native155,11,5,results/13_interface_analysis/formal_msa/complex_model_summary.csv,project27-160,79;132;133;135;136;139;140;142;143;144;146;147;149;150,86;130;132;135;136;139;140;142;143;146;147;149;150;153,0.6470588235294118,0.6470588235294118,both_nonempty,0,NA,NA
Full181;Native155,formal_msa,11;6,results/full181_supplement/raw/formal_msa/seed11/boltz_results_full_blind_msa/predictions/full_blind_msa/full_blind_msa_model_0.pdb,all_cross_seed_pairs,Full181,Native155,11,6,results/13_interface_analysis/formal_msa/complex_model_summary.csv,project27-160,79;132;133;135;136;139;140;142;143;144;146;147;149;150,70;130;132;135;136;139;140;142;143;144;146;147;149;150;153,0.7058823529411765,0.7058823529411765,both_nonempty,0,NA,NA
Full181;Native155,formal_msa,11;7,results/full181_supplement/raw/formal_msa/seed11/boltz_results_full_blind_msa/predictions/full_blind_msa/full_blind_msa_model_0.pdb,all_cross_seed_pairs,Full181,Native155,11,7,results/13_interface_analysis/formal_msa/complex_model_summary.csv,project27-160,79;132;133;135;136;139;140;142;143;144;146;147;149;150,27;130;132;135;136;137;139;140;142;143;144;145;146;147;149;150;153,0.631578947368421,0.631578947368421,both_nonempty,0,NA,NA
Full181;Native155,formal_msa,11;8,results/full181_supplement/raw/formal_msa/seed11/boltz_results_full_blind_msa/predictions/full_blind_msa/full_blind_msa_model_0.pdb,all_cross_seed_pairs,Full181,Native155,11,8,results/13_interface_analysis/formal_msa/complex_model_summary.csv,project27-160,79;132;133;135;136;139;140;142;143;144;146;147;149;150,92;93;96;97;98;100;101;102;104;107;109;110;112;113;114;116;117;120;121,0.0,0.0,both_nonempty,0,NA,NA
Full181;Native155,formal_msa,11;9,results/full181_supplement/raw/formal_msa/seed11/boltz_results_full_blind_msa/predictions/full_blind_msa/full_blind_msa_model_0.pdb,all_cross_seed_pairs,Full181,Native155,11,9,results/13_interface_analysis/formal_msa/complex_model_summary.csv,project27-160,79;132;133;135;136;139;140;142;143;144;146;147;149;150,70;73;132;135;136;138;139;140;142;143;144;146;147;149;150,0.7058823529411765,0.7058823529411765,both_nonempty,0,NA,NA
Full181;Native155,formal_msa,11;10,results/full181_supplement/raw/formal_msa/seed11/boltz_results_full_blind_msa/predictions/full_blind_msa/full_blind_msa_model_0.pdb,all_cross_seed_pairs,Full181,Native155,11,10,results/13_interface_analysis/formal_msa/complex_model_summary.csv,project27-160,79;132;133;135;136;139;140;142;143;144;146;147;149;150,70;71;73;74;135;136;137;139;140;143;144;146;147;149;150,0.5263157894736842,0.5263157894736842,both_nonempty,0,NA,NA
Full181;Native155,formal_msa,11;11,results/full181_supplement/raw/formal_msa/seed11/boltz_results_full_blind_msa/predictions/full_blind_msa/full_blind_msa_model_0.pdb,all_cross_seed_pairs,Full181,Native155,11,11,results/13_interface_analysis/formal_msa/complex_model_summary.csv,project27-160,79;132;133;135;136;139;140;142;143;144;146;147;149;150,27;28;132;135;136;139;140;142;143;144;146;147;149;150,0.75,0.75,both_nonempty,0,NA,NA
Full181;Native155,formal_msa,11;12,results/full181_supplement/raw/formal_msa/seed11/boltz_results_full_blind_msa/predictions/full_blind_msa/full_blind_msa_model_0.pdb,all_cross_seed_pairs,Full181,Native155,11,12,results/13_interface_analysis/formal_msa/complex_model_summary.csv,project27-160,79;132;133;135;136;139;140;142;143;144;146;147;149;150,27;28;73;74;79;132;135;136;138;139;140;142;143;144;146;147;150,0.631578947368421,0.631578947368421,both_nonempty,0,NA,NA
Full181;Native155,formal_msa,11;13,results/full181_supplement/raw/formal_msa/seed11/boltz_results_full_blind_msa/predictions/full_blind_msa/full_blind_msa_model_0.pdb,all_cross_seed_pairs,Full181,Native155,11,13,results/13_interface_analysis/formal_msa/complex_model_summary.csv,project27-160,79;132;133;135;136;139;140;142;143;144;146;147;149;150,82;86;130;132;135;136;138;139;140;142;143;146;147;149;150;153,0.5789473684210527,0.5789473684210527,both_nonempty,0,NA,NA
Full181;Native155,formal_msa,11;14,results/full181_supplement/raw/formal_msa/seed11/boltz_results_full_blind_msa/predictions/full_blind_msa/full_blind_msa_model_0.pdb,all_cross_seed_pairs,Full181,Native155,11,14,results/13_interface_analysis/formal_msa/complex_model_summary.csv,project27-160,79;132;133;135;136;139;140;142;143;144;146;147;149;150,27;132;135;136;138;139;140;142;143;146;147;149,0.625,0.625,both_nonempty,0,NA,NA
Full181;Native155,formal_msa,11;15,results/full181_supplement/raw/formal_msa/seed11/boltz_results_full_blind_msa/predictions/full_blind_msa/full_blind_msa_model_0.pdb,all_cross_seed_pairs,Full181,Native155,11,15,results/13_interface_analysis/formal_msa/complex_model_summary.csv,project27-160,79;132;133;135;136;139;140;142;143;144;146;147;149;150,70;79;132;133;135;136;137;138;139;140;142;143;144;146;147;150,0.7647058823529411,0.7647058823529411,both_nonempty,0,NA,NA
Full181;Native155,formal_msa,12;1,results/full181_supplement/raw/formal_msa/seed12/boltz_results_full_blind_msa/predictions/full_blind_msa/full_blind_msa_model_0.pdb,all_cross_seed_pairs,Full181,Native155,12,1,results/13_interface_analysis/formal_msa/complex_model_summary.csv,project27-160,91;92;93;94;96;97;98;100;101;102;104;105;109;110;112;113;116;117;120;121;123;124;157;158,37;89;92;93;96;97;100;101;104;107;108;109;110;112;113;116;117;120;121;123;124;125;127,0.5666666666666667,0.5666666666666667,both_nonempty,0,NA,NA
Full181;Native155,formal_msa,12;2,results/full181_supplement/raw/formal_msa/seed12/boltz_results_full_blind_msa/predictions/full_blind_msa/full_blind_msa_model_0.pdb,all_cross_seed_pairs,Full181,Native155,12,2,results/13_interface_analysis/formal_msa/complex_model_summary.csv,project27-160,91;92;93;94;96;97;98;100;101;102;104;105;109;110;112;113;116;117;120;121;123;124;157;158,70;73;74;75;76;79;132;133;135;136;137;139;140;142;143;144;146;147;150,0.0,0.0,both_nonempty,0,NA,NA
Full181;Native155,formal_msa,12;3,results/full181_supplement/raw/formal_msa/seed12/boltz_results_full_blind_msa/predictions/full_blind_msa/full_blind_msa_model_0.pdb,all_cross_seed_pairs,Full181,Native155,12,3,results/13_interface_analysis/formal_msa/complex_model_summary.csv,project27-160,91;92;93;94;96;97;98;100;101;102;104;105;109;110;112;113;116;117;120;121;123;124;157;158,28;29;79;132;133;135;136;138;139;140;142;143;144;146;147;149;150,0.0,0.0,both_nonempty,0,NA,NA
Full181;Native155,formal_msa,12;4,results/full181_supplement/raw/formal_msa/seed12/boltz_results_full_blind_msa/predictions/full_blind_msa/full_blind_msa_model_0.pdb,all_cross_seed_pairs,Full181,Native155,12,4,results/13_interface_analysis/formal_msa/complex_model_summary.csv,project27-160,91;92;93;94;96;97;98;100;101;102;104;105;109;110;112;113;116;117;120;121;123;124;157;158,37;38;43;46;92;93;96;97;100;104;107;109;110;111;112;113;114;116;117;120;121;123;124;125;127,0.48484848484848486,0.48484848484848486,both_nonempty,0,NA,NA
Full181;Native155,formal_msa,12;5,results/full181_supplement/raw/formal_msa/seed12/boltz_results_full_blind_msa/predictions/full_blind_msa/full_blind_msa_model_0.pdb,all_cross_seed_pairs,Full181,Native155,12,5,results/13_interface_analysis/formal_msa/complex_model_summary.csv,project27-160,91;92;93;94;96;97;98;100;101;102;104;105;109;110;112;113;116;117;120;121;123;124;157;158,86;130;132;135;136;139;140;142;143;146;147;149;150;153,0.0,0.0,both_nonempty,0,NA,NA
Full181;Native155,formal_msa,12;6,results/full181_supplement/raw/formal_msa/seed12/boltz_results_full_blind_msa/predictions/full_blind_msa/full_blind_msa_model_0.pdb,all_cross_seed_pairs,Full181,Native155,12,6,results/13_interface_analysis/formal_msa/complex_model_summary.csv,project27-160,91;92;93;94;96;97;98;100;101;102;104;105;109;110;112;113;116;117;120;121;123;124;157;158,70;130;132;135;136;139;140;142;143;144;146;147;149;150;153,0.0,0.0,both_nonempty,0,NA,NA
Full181;Native155,formal_msa,12;7,results/full181_supplement/raw/formal_msa/seed12/boltz_results_full_blind_msa/predictions/full_blind_msa/full_blind_msa_model_0.pdb,all_cross_seed_pairs,Full181,Native155,12,7,results/13_interface_analysis/formal_msa/complex_model_summary.csv,project27-160,91;92;93;94;96;97;98;100;101;102;104;105;109;110;112;113;116;117;120;121;123;124;157;158,27;130;132;135;136;137;139;140;142;143;144;145;146;147;149;150;153,0.0,0.0,both_nonempty,0,NA,NA
Full181;Native155,formal_msa,12;8,results/full181_supplement/raw/formal_msa/seed12/boltz_results_full_blind_msa/predictions/full_blind_msa/full_blind_msa_model_0.pdb,all_cross_seed_pairs,Full181,Native155,12,8,results/13_interface_analysis/formal_msa/complex_model_summary.csv,project27-160,91;92;93;94;96;97;98;100;101;102;104;105;109;110;112;113;116;117;120;121;123;124;157;158,92;93;96;97;98;100;101;102;104;107;109;110;112;113;114;116;117;120;121,0.6538461538461539,0.6538461538461539,both_nonempty,0,NA,NA
Full181;Native155,formal_msa,12;9,results/full181_supplement/raw/formal_msa/seed12/boltz_results_full_blind_msa/predictions/full_blind_msa/full_blind_msa_model_0.pdb,all_cross_seed_pairs,Full181,Native155,12,9,results/13_interface_analysis/formal_msa/complex_model_summary.csv,project27-160,91;92;93;94;96;97;98;100;101;102;104;105;109;110;112;113;116;117;120;121;123;124;157;158,70;73;132;135;136;138;139;140;142;143;144;146;147;149;150,0.0,0.0,both_nonempty,0,NA,NA
Full181;Native155,formal_msa,12;10,results/full181_supplement/raw/formal_msa/seed12/boltz_results_full_blind_msa/predictions/full_blind_msa/full_blind_msa_model_0.pdb,all_cross_seed_pairs,Full181,Native155,12,10,results/13_interface_analysis/formal_msa/complex_model_summary.csv,project27-160,91;92;93;94;96;97;98;100;101;102;104;105;109;110;112;113;116;117;120;121;123;124;157;158,70;71;73;74;135;136;137;139;140;143;144;146;147;149;150,0.0,0.0,both_nonempty,0,NA,NA
Full181;Native155,formal_msa,12;11,results/full181_supplement/raw/formal_msa/seed12/boltz_results_full_blind_msa/predictions/full_blind_msa/full_blind_msa_model_0.pdb,all_cross_seed_pairs,Full181,Native155,12,11,results/13_interface_analysis/formal_msa/complex_model_summary.csv,project27-160,91;92;93;94;96;97;98;100;101;102;104;105;109;110;112;113;116;117;120;121;123;124;157;158,27;28;132;135;136;139;140;142;143;144;146;147;149;150,0.0,0.0,both_nonempty,0,NA,NA
Full181;Native155,formal_msa,12;12,results/full181_supplement/raw/formal_msa/seed12/boltz_results_full_blind_msa/predictions/full_blind_msa/full_blind_msa_model_0.pdb,all_cross_seed_pairs,Full181,Native155,12,12,results/13_interface_analysis/formal_msa/complex_model_summary.csv,project27-160,91;92;93;94;96;97;98;100;101;102;104;105;109;110;112;113;116;117;120;121;123;124;157;158,27;28;73;74;79;132;135;136;138;139;140;142;143;144;146;147;150,0.0,0.0,both_nonempty,0,NA,NA
Full181;Native155,formal_msa,12;13,results/full181_supplement/raw/formal_msa/seed12/boltz_results_full_blind_msa/predictions/full_blind_msa/full_blind_msa_model_0.pdb,all_cross_seed_pairs,Full181,Native155,12,13,results/13_interface_analysis/formal_msa/complex_model_summary.csv,project27-160,91;92;93;94;96;97;98;100;101;102;104;105;109;110;112;113;116;117;120;121;123;124;157;158,82;86;130;132;135;136;138;139;140;142;143;146;147;149;150;153,0.0,0.0,both_nonempty,0,NA,NA
Full181;Native155,formal_msa,12;14,results/full181_supplement/raw/formal_msa/seed12/boltz_results_full_blind_msa/predictions/full_blind_msa/full_blind_msa_model_0.pdb,all_cross_seed_pairs,Full181,Native155,12,14,results/13_interface_analysis/formal_msa/complex_model_summary.csv,project27-160,91;92;93;94;96;97;98;100;101;102;104;105;109;110;112;113;116;117;120;121;123;124;157;158,27;132;135;136;138;139;140;142;143;146;147;149,0.0,0.0,both_nonempty,0,NA,NA
Full181;Native155,formal_msa,12;15,results/full181_supplement/raw/formal_msa/seed12/boltz_results_full_blind_msa/predictions/full_blind_msa/full_blind_msa_model_0.pdb,all_cross_seed_pairs,Full181,Native155,12,15,results/13_interface_analysis/formal_msa/complex_model_summary.csv,project27-160,91;92;93;94;96;97;98;100;101;102;104;105;109;110;112;113;116;117;120;121;123;124;157;158,70;79;132;133;135;136;137;138;139;140;142;143;144;146;147;150,0.0,0.0,both_nonempty,0,NA,NA
Full181;Native155,formal_msa,13;1,results/full181_supplement/raw/formal_msa/seed13/boltz_results_full_blind_msa/predictions/full_blind_msa/full_blind_msa_model_0.pdb,all_cross_seed_pairs,Full181,Native155,13,1,results/13_interface_analysis/formal_msa/complex_model_summary.csv,project27-160,73;132;133;135;136;139;140;142;143;144;145;146;147;149;150,37;89;92;93;96;97;100;101;104;107;108;109;110;112;113;116;117;120;121;123;124;125;127,0.0,0.0,both_nonempty,0,NA,NA
Full181;Native155,formal_msa,13;2,results/full181_supplement/raw/formal_msa/seed13/boltz_results_full_blind_msa/predictions/full_blind_msa/full_blind_msa_model_0.pdb,all_cross_seed_pairs,Full181,Native155,13,2,results/13_interface_analysis/formal_msa/complex_model_summary.csv,project27-160,73;132;133;135;136;139;140;142;143;144;145;146;147;149;150,70;73;74;75;76;79;132;133;135;136;137;139;140;142;143;144;146;147;150,0.6190476190476191,0.6190476190476191,both_nonempty,0,NA,NA
Full181;Native155,formal_msa,13;3,results/full181_supplement/raw/formal_msa/seed13/boltz_results_full_blind_msa/predictions/full_blind_msa/full_blind_msa_model_0.pdb,all_cross_seed_pairs,Full181,Native155,13,3,results/13_interface_analysis/formal_msa/complex_model_summary.csv,project27-160,73;132;133;135;136;139;140;142;143;144;145;146;147;149;150,28;29;79;132;133;135;136;138;139;140;142;143;144;146;147;149;150,0.6842105263157895,0.6842105263157895,both_nonempty,0,NA,NA
Full181;Native155,formal_msa,13;4,results/full181_supplement/raw/formal_msa/seed13/boltz_results_full_blind_msa/predictions/full_blind_msa/full_blind_msa_model_0.pdb,all_cross_seed_pairs,Full181,Native155,13,4,results/13_interface_analysis/formal_msa/complex_model_summary.csv,project27-160,73;132;133;135;136;139;140;142;143;144;145;146;147;149;150,37;38;43;46;92;93;96;97;100;104;107;109;110;111;112;113;114;116;117;120;121;123;124;125;127,0.0,0.0,both_nonempty,0,NA,NA
Full181;Native155,formal_msa,13;5,results/full181_supplement/raw/formal_msa/seed13/boltz_results_full_blind_msa/predictions/full_blind_msa/full_blind_msa_model_0.pdb,all_cross_seed_pairs,Full181,Native155,13,5,results/13_interface_analysis/formal_msa/complex_model_summary.csv,project27-160,73;132;133;135;136;139;140;142;143;144;145;146;147;149;150,86;130;132;135;136;139;140;142;143;146;147;149;150;153,0.6111111111111112,0.6111111111111112,both_nonempty,0,NA,NA
Full181;Native155,formal_msa,13;6,results/full181_supplement/raw/formal_msa/seed13/boltz_results_full_blind_msa/predictions/full_blind_msa/full_blind_msa_model_0.pdb,all_cross_seed_pairs,Full181,Native155,13,6,results/13_interface_analysis/formal_msa/complex_model_summary.csv,project27-160,73;132;133;135;136;139;140;142;143;144;145;146;147;149;150,70;130;132;135;136;139;140;142;143;144;146;147;149;150;153,0.6666666666666666,0.6666666666666666,both_nonempty,0,NA,NA
Full181;Native155,formal_msa,13;7,results/full181_supplement/raw/formal_msa/seed13/boltz_results_full_blind_msa/predictions/full_blind_msa/full_blind_msa_model_0.pdb,all_cross_seed_pairs,Full181,Native155,13,7,results/13_interface_analysis/formal_msa/complex_model_summary.csv,project27-160,73;132;133;135;136;139;140;142;143;144;145;146;147;149;150,27;130;132;135;136;137;139;140;142;143;144;145;146;147;149;150;153,0.6842105263157895,0.6842105263157895,both_nonempty,0,NA,NA
Full181;Native155,formal_msa,13;8,results/full181_supplement/raw/formal_msa/seed13/boltz_results_full_blind_msa/predictions/full_blind_msa/full_blind_msa_model_0.pdb,all_cross_seed_pairs,Full181,Native155,13,8,results/13_interface_analysis/formal_msa/complex_model_summary.csv,project27-160,73;132;133;135;136;139;140;142;143;144;145;146;147;149;150,92;93;96;97;98;100;101;102;104;107;109;110;112;113;114;116;117;120;121,0.0,0.0,both_nonempty,0,NA,NA
Full181;Native155,formal_msa,13;9,results/full181_supplement/raw/formal_msa/seed13/boltz_results_full_blind_msa/predictions/full_blind_msa/full_blind_msa_model_0.pdb,all_cross_seed_pairs,Full181,Native155,13,9,results/13_interface_analysis/formal_msa/complex_model_summary.csv,project27-160,73;132;133;135;136;139;140;142;143;144;145;146;147;149;150,70;73;132;135;136;138;139;140;142;143;144;146;147;149;150,0.7647058823529411,0.7647058823529411,both_nonempty,0,NA,NA
Full181;Native155,formal_msa,13;10,results/full181_supplement/raw/formal_msa/seed13/boltz_results_full_blind_msa/predictions/full_blind_msa/full_blind_msa_model_0.pdb,all_cross_seed_pairs,Full181,Native155,13,10,results/13_interface_analysis/formal_msa/complex_model_summary.csv,project27-160,73;132;133;135;136;139;140;142;143;144;145;146;147;149;150,70;71;73;74;135;136;137;139;140;143;144;146;147;149;150,0.5789473684210527,0.5789473684210527,both_nonempty,0,NA,NA
Full181;Native155,formal_msa,13;11,results/full181_supplement/raw/formal_msa/seed13/boltz_results_full_blind_msa/predictions/full_blind_msa/full_blind_msa_model_0.pdb,all_cross_seed_pairs,Full181,Native155,13,11,results/13_interface_analysis/formal_msa/complex_model_summary.csv,project27-160,73;132;133;135;136;139;140;142;143;144;145;146;147;149;150,27;28;132;135;136;139;140;142;143;144;146;147;149;150,0.7058823529411765,0.7058823529411765,both_nonempty,0,NA,NA
Full181;Native155,formal_msa,13;12,results/full181_supplement/raw/formal_msa/seed13/boltz_results_full_blind_msa/predictions/full_blind_msa/full_blind_msa_model_0.pdb,all_cross_seed_pairs,Full181,Native155,13,12,results/13_interface_analysis/formal_msa/complex_model_summary.csv,project27-160,73;132;133;135;136;139;140;142;143;144;145;146;147;149;150,27;28;73;74;79;132;135;136;138;139;140;142;143;144;146;147;150,0.6,0.6,both_nonempty,0,NA,NA
Full181;Native155,formal_msa,13;13,results/full181_supplement/raw/formal_msa/seed13/boltz_results_full_blind_msa/predictions/full_blind_msa/full_blind_msa_model_0.pdb,all_cross_seed_pairs,Full181,Native155,13,13,results/13_interface_analysis/formal_msa/complex_model_summary.csv,project27-160,73;132;133;135;136;139;140;142;143;144;145;146;147;149;150,82;86;130;132;135;136;138;139;140;142;143;146;147;149;150;153,0.55,0.55,both_nonempty,0,NA,NA
Full181;Native155,formal_msa,13;14,results/full181_supplement/raw/formal_msa/seed13/boltz_results_full_blind_msa/predictions/full_blind_msa/full_blind_msa_model_0.pdb,all_cross_seed_pairs,Full181,Native155,13,14,results/13_interface_analysis/formal_msa/complex_model_summary.csv,project27-160,73;132;133;135;136;139;140;142;143;144;145;146;147;149;150,27;132;135;136;138;139;140;142;143;146;147;149,0.5882352941176471,0.5882352941176471,both_nonempty,0,NA,NA
Full181;Native155,formal_msa,13;15,results/full181_supplement/raw/formal_msa/seed13/boltz_results_full_blind_msa/predictions/full_blind_msa/full_blind_msa_model_0.pdb,all_cross_seed_pairs,Full181,Native155,13,15,results/13_interface_analysis/formal_msa/complex_model_summary.csv,project27-160,73;132;133;135;136;139;140;142;143;144;145;146;147;149;150,70;79;132;133;135;136;137;138;139;140;142;143;144;146;147;150,0.631578947368421,0.631578947368421,both_nonempty,0,NA,NA
Full181;Native155,formal_msa,14;1,results/full181_supplement/raw/formal_msa/seed14/boltz_results_full_blind_msa/predictions/full_blind_msa/full_blind_msa_model_0.pdb,all_cross_seed_pairs,Full181,Native155,14,1,results/13_interface_analysis/formal_msa/complex_model_summary.csv,project27-160,86;130;132;135;136;139;140;142;143;146;147;149;150,37;89;92;93;96;97;100;101;104;107;108;109;110;112;113;116;117;120;121;123;124;125;127,0.0,0.0,both_nonempty,0,NA,NA
Full181;Native155,formal_msa,14;2,results/full181_supplement/raw/formal_msa/seed14/boltz_results_full_blind_msa/predictions/full_blind_msa/full_blind_msa_model_0.pdb,all_cross_seed_pairs,Full181,Native155,14,2,results/13_interface_analysis/formal_msa/complex_model_summary.csv,project27-160,86;130;132;135;136;139;140;142;143;146;147;149;150,70;73;74;75;76;79;132;133;135;136;137;139;140;142;143;144;146;147;150,0.45454545454545453,0.45454545454545453,both_nonempty,0,NA,NA
Full181;Native155,formal_msa,14;3,results/full181_supplement/raw/formal_msa/seed14/boltz_results_full_blind_msa/predictions/full_blind_msa/full_blind_msa_model_0.pdb,all_cross_seed_pairs,Full181,Native155,14,3,results/13_interface_analysis/formal_msa/complex_model_summary.csv,project27-160,86;130;132;135;136;139;140;142;143;146;147;149;150,28;29;79;132;133;135;136;138;139;140;142;143;144;146;147;149;150,0.5789473684210527,0.5789473684210527,both_nonempty,0,NA,NA
Full181;Native155,formal_msa,14;4,results/full181_supplement/raw/formal_msa/seed14/boltz_results_full_blind_msa/predictions/full_blind_msa/full_blind_msa_model_0.pdb,all_cross_seed_pairs,Full181,Native155,14,4,results/13_interface_analysis/formal_msa/complex_model_summary.csv,project27-160,86;130;132;135;136;139;140;142;143;146;147;149;150,37;38;43;46;92;93;96;97;100;104;107;109;110;111;112;113;114;116;117;120;121;123;124;125;127,0.0,0.0,both_nonempty,0,NA,NA
Full181;Native155,formal_msa,14;5,results/full181_supplement/raw/formal_msa/seed14/boltz_results_full_blind_msa/predictions/full_blind_msa/full_blind_msa_model_0.pdb,all_cross_seed_pairs,Full181,Native155,14,5,results/13_interface_analysis/formal_msa/complex_model_summary.csv,project27-160,86;130;132;135;136;139;140;142;143;146;147;149;150,86;130;132;135;136;139;140;142;143;146;147;149;150;153,0.9285714285714286,0.9285714285714286,both_nonempty,0,NA,NA
Full181;Native155,formal_msa,14;6,results/full181_supplement/raw/formal_msa/seed14/boltz_results_full_blind_msa/predictions/full_blind_msa/full_blind_msa_model_0.pdb,all_cross_seed_pairs,Full181,Native155,14,6,results/13_interface_analysis/formal_msa/complex_model_summary.csv,project27-160,86;130;132;135;136;139;140;142;143;146;147;149;150,70;130;132;135;136;139;140;142;143;144;146;147;149;150;153,0.75,0.75,both_nonempty,0,NA,NA
Full181;Native155,formal_msa,14;7,results/full181_supplement/raw/formal_msa/seed14/boltz_results_full_blind_msa/predictions/full_blind_msa/full_blind_msa_model_0.pdb,all_cross_seed_pairs,Full181,Native155,14,7,results/13_interface_analysis/formal_msa/complex_model_summary.csv,project27-160,86;130;132;135;136;139;140;142;143;146;147;149;150,27;130;132;135;136;137;139;140;142;143;144;145;146;147;149;150;153,0.6666666666666666,0.6666666666666666,both_nonempty,0,NA,NA
Full181;Native155,formal_msa,14;8,results/full181_supplement/raw/formal_msa/seed14/boltz_results_full_blind_msa/predictions/full_blind_msa/full_blind_msa_model_0.pdb,all_cross_seed_pairs,Full181,Native155,14,8,results/13_interface_analysis/formal_msa/complex_model_summary.csv,project27-160,86;130;132;135;136;139;140;142;143;146;147;149;150,92;93;96;97;98;100;101;102;104;107;109;110;112;113;114;116;117;120;121,0.0,0.0,both_nonempty,0,NA,NA
Full181;Native155,formal_msa,14;9,results/full181_supplement/raw/formal_msa/seed14/boltz_results_full_blind_msa/predictions/full_blind_msa/full_blind_msa_model_0.pdb,all_cross_seed_pairs,Full181,Native155,14,9,results/13_interface_analysis/formal_msa/complex_model_summary.csv,project27-160,86;130;132;135;136;139;140;142;143;146;147;149;150,70;73;132;135;136;138;139;140;142;143;144;146;147;149;150,0.6470588235294118,0.6470588235294118,both_nonempty,0,NA,NA
Full181;Native155,formal_msa,14;10,results/full181_supplement/raw/formal_msa/seed14/boltz_results_full_blind_msa/predictions/full_blind_msa/full_blind_msa_model_0.pdb,all_cross_seed_pairs,Full181,Native155,14,10,results/13_interface_analysis/formal_msa/complex_model_summary.csv,project27-160,86;130;132;135;136;139;140;142;143;146;147;149;150,70;71;73;74;135;136;137;139;140;143;144;146;147;149;150,0.47368421052631576,0.47368421052631576,both_nonempty,0,NA,NA
Full181;Native155,formal_msa,14;11,results/full181_supplement/raw/formal_msa/seed14/boltz_results_full_blind_msa/predictions/full_blind_msa/full_blind_msa_model_0.pdb,all_cross_seed_pairs,Full181,Native155,14,11,results/13_interface_analysis/formal_msa/complex_model_summary.csv,project27-160,86;130;132;135;136;139;140;142;143;146;147;149;150,27;28;132;135;136;139;140;142;143;144;146;147;149;150,0.6875,0.6875,both_nonempty,0,NA,NA
Full181;Native155,formal_msa,14;12,results/full181_supplement/raw/formal_msa/seed14/boltz_results_full_blind_msa/predictions/full_blind_msa/full_blind_msa_model_0.pdb,all_cross_seed_pairs,Full181,Native155,14,12,results/13_interface_analysis/formal_msa/complex_model_summary.csv,project27-160,86;130;132;135;136;139;140;142;143;146;147;149;150,27;28;73;74;79;132;135;136;138;139;140;142;143;144;146;147;150,0.5,0.5,both_nonempty,0,NA,NA
Full181;Native155,formal_msa,14;13,results/full181_supplement/raw/formal_msa/seed14/boltz_results_full_blind_msa/predictions/full_blind_msa/full_blind_msa_model_0.pdb,all_cross_seed_pairs,Full181,Native155,14,13,results/13_interface_analysis/formal_msa/complex_model_summary.csv,project27-160,86;130;132;135;136;139;140;142;143;146;147;149;150,82;86;130;132;135;136;138;139;140;142;143;146;147;149;150;153,0.8125,0.8125,both_nonempty,0,NA,NA
Full181;Native155,formal_msa,14;14,results/full181_supplement/raw/formal_msa/seed14/boltz_results_full_blind_msa/predictions/full_blind_msa/full_blind_msa_model_0.pdb,all_cross_seed_pairs,Full181,Native155,14,14,results/13_interface_analysis/formal_msa/complex_model_summary.csv,project27-160,86;130;132;135;136;139;140;142;143;146;147;149;150,27;132;135;136;138;139;140;142;143;146;147;149,0.6666666666666666,0.6666666666666666,both_nonempty,0,NA,NA
Full181;Native155,formal_msa,14;15,results/full181_supplement/raw/formal_msa/seed14/boltz_results_full_blind_msa/predictions/full_blind_msa/full_blind_msa_model_0.pdb,all_cross_seed_pairs,Full181,Native155,14,15,results/13_interface_analysis/formal_msa/complex_model_summary.csv,project27-160,86;130;132;135;136;139;140;142;143;146;147;149;150,70;79;132;133;135;136;137;138;139;140;142;143;144;146;147;150,0.5263157894736842,0.5263157894736842,both_nonempty,0,NA,NA
Full181;Native155,formal_msa,15;1,results/full181_supplement/raw/formal_msa/seed15/boltz_results_full_blind_msa/predictions/full_blind_msa/full_blind_msa_model_0.pdb,all_cross_seed_pairs,Full181,Native155,15,1,results/13_interface_analysis/formal_msa/complex_model_summary.csv,project27-160,70;73;74;79;135;136;137;138;139;140;142;143;144;146;147;149;150,37;89;92;93;96;97;100;101;104;107;108;109;110;112;113;116;117;120;121;123;124;125;127,0.0,0.0,both_nonempty,0,NA,NA
Full181;Native155,formal_msa,15;2,results/full181_supplement/raw/formal_msa/seed15/boltz_results_full_blind_msa/predictions/full_blind_msa/full_blind_msa_model_0.pdb,all_cross_seed_pairs,Full181,Native155,15,2,results/13_interface_analysis/formal_msa/complex_model_summary.csv,project27-160,70;73;74;79;135;136;137;138;139;140;142;143;144;146;147;149;150,70;73;74;75;76;79;132;133;135;136;137;139;140;142;143;144;146;147;150,0.7142857142857143,0.7142857142857143,both_nonempty,0,NA,NA
Full181;Native155,formal_msa,15;3,results/full181_supplement/raw/formal_msa/seed15/boltz_results_full_blind_msa/predictions/full_blind_msa/full_blind_msa_model_0.pdb,all_cross_seed_pairs,Full181,Native155,15,3,results/13_interface_analysis/formal_msa/complex_model_summary.csv,project27-160,70;73;74;79;135;136;137;138;139;140;142;143;144;146;147;149;150,28;29;79;132;133;135;136;138;139;140;142;143;144;146;147;149;150,0.6190476190476191,0.6190476190476191,both_nonempty,0,NA,NA
Full181;Native155,formal_msa,15;4,results/full181_supplement/raw/formal_msa/seed15/boltz_results_full_blind_msa/predictions/full_blind_msa/full_blind_msa_model_0.pdb,all_cross_seed_pairs,Full181,Native155,15,4,results/13_interface_analysis/formal_msa/complex_model_summary.csv,project27-160,70;73;74;79;135;136;137;138;139;140;142;143;144;146;147;149;150,37;38;43;46;92;93;96;97;100;104;107;109;110;111;112;113;114;116;117;120;121;123;124;125;127,0.0,0.0,both_nonempty,0,NA,NA
Full181;Native155,formal_msa,15;5,results/full181_supplement/raw/formal_msa/seed15/boltz_results_full_blind_msa/predictions/full_blind_msa/full_blind_msa_model_0.pdb,all_cross_seed_pairs,Full181,Native155,15,5,results/13_interface_analysis/formal_msa/complex_model_summary.csv,project27-160,70;73;74;79;135;136;137;138;139;140;142;143;144;146;147;149;150,86;130;132;135;136;139;140;142;143;146;147;149;150;153,0.47619047619047616,0.47619047619047616,both_nonempty,0,NA,NA
Full181;Native155,formal_msa,15;6,results/full181_supplement/raw/formal_msa/seed15/boltz_results_full_blind_msa/predictions/full_blind_msa/full_blind_msa_model_0.pdb,all_cross_seed_pairs,Full181,Native155,15,6,results/13_interface_analysis/formal_msa/complex_model_summary.csv,project27-160,70;73;74;79;135;136;137;138;139;140;142;143;144;146;147;149;150,70;130;132;135;136;139;140;142;143;144;146;147;149;150;153,0.6,0.6,both_nonempty,0,NA,NA
Full181;Native155,formal_msa,15;7,results/full181_supplement/raw/formal_msa/seed15/boltz_results_full_blind_msa/predictions/full_blind_msa/full_blind_msa_model_0.pdb,all_cross_seed_pairs,Full181,Native155,15,7,results/13_interface_analysis/formal_msa/complex_model_summary.csv,project27-160,70;73;74;79;135;136;137;138;139;140;142;143;144;146;147;149;150,27;130;132;135;136;137;139;140;142;143;144;145;146;147;149;150;153,0.5454545454545454,0.5454545454545454,both_nonempty,0,NA,NA
Full181;Native155,formal_msa,15;8,results/full181_supplement/raw/formal_msa/seed15/boltz_results_full_blind_msa/predictions/full_blind_msa/full_blind_msa_model_0.pdb,all_cross_seed_pairs,Full181,Native155,15,8,results/13_interface_analysis/formal_msa/complex_model_summary.csv,project27-160,70;73;74;79;135;136;137;138;139;140;142;143;144;146;147;149;150,92;93;96;97;98;100;101;102;104;107;109;110;112;113;114;116;117;120;121,0.0,0.0,both_nonempty,0,NA,NA
Full181;Native155,formal_msa,15;9,results/full181_supplement/raw/formal_msa/seed15/boltz_results_full_blind_msa/predictions/full_blind_msa/full_blind_msa_model_0.pdb,all_cross_seed_pairs,Full181,Native155,15,9,results/13_interface_analysis/formal_msa/complex_model_summary.csv,project27-160,70;73;74;79;135;136;137;138;139;140;142;143;144;146;147;149;150,70;73;132;135;136;138;139;140;142;143;144;146;147;149;150,0.7777777777777778,0.7777777777777778,both_nonempty,0,NA,NA
Full181;Native155,formal_msa,15;10,results/full181_supplement/raw/formal_msa/seed15/boltz_results_full_blind_msa/predictions/full_blind_msa/full_blind_msa_model_0.pdb,all_cross_seed_pairs,Full181,Native155,15,10,results/13_interface_analysis/formal_msa/complex_model_summary.csv,project27-160,70;73;74;79;135;136;137;138;139;140;142;143;144;146;147;149;150,70;71;73;74;135;136;137;139;140;143;144;146;147;149;150,0.7777777777777778,0.7777777777777778,both_nonempty,0,NA,NA
Full181;Native155,formal_msa,15;11,results/full181_supplement/raw/formal_msa/seed15/boltz_results_full_blind_msa/predictions/full_blind_msa/full_blind_msa_model_0.pdb,all_cross_seed_pairs,Full181,Native155,15,11,results/13_interface_analysis/formal_msa/complex_model_summary.csv,project27-160,70;73;74;79;135;136;137;138;139;140;142;143;144;146;147;149;150,27;28;132;135;136;139;140;142;143;144;146;147;149;150,0.55,0.55,both_nonempty,0,NA,NA
Full181;Native155,formal_msa,15;12,results/full181_supplement/raw/formal_msa/seed15/boltz_results_full_blind_msa/predictions/full_blind_msa/full_blind_msa_model_0.pdb,all_cross_seed_pairs,Full181,Native155,15,12,results/13_interface_analysis/formal_msa/complex_model_summary.csv,project27-160,70;73;74;79;135;136;137;138;139;140;142;143;144;146;147;149;150,27;28;73;74;79;132;135;136;138;139;140;142;143;144;146;147;150,0.7,0.7,both_nonempty,0,NA,NA
Full181;Native155,formal_msa,15;13,results/full181_supplement/raw/formal_msa/seed15/boltz_results_full_blind_msa/predictions/full_blind_msa/full_blind_msa_model_0.pdb,all_cross_seed_pairs,Full181,Native155,15,13,results/13_interface_analysis/formal_msa/complex_model_summary.csv,project27-160,70;73;74;79;135;136;137;138;139;140;142;143;144;146;147;149;150,82;86;130;132;135;136;138;139;140;142;143;146;147;149;150;153,0.5,0.5,both_nonempty,0,NA,NA
Full181;Native155,formal_msa,15;14,results/full181_supplement/raw/formal_msa/seed15/boltz_results_full_blind_msa/predictions/full_blind_msa/full_blind_msa_model_0.pdb,all_cross_seed_pairs,Full181,Native155,15,14,results/13_interface_analysis/formal_msa/complex_model_summary.csv,project27-160,70;73;74;79;135;136;137;138;139;140;142;143;144;146;147;149;150,27;132;135;136;138;139;140;142;143;146;147;149,0.5263157894736842,0.5263157894736842,both_nonempty,0,NA,NA
Full181;Native155,formal_msa,15;15,results/full181_supplement/raw/formal_msa/seed15/boltz_results_full_blind_msa/predictions/full_blind_msa/full_blind_msa_model_0.pdb,all_cross_seed_pairs,Full181,Native155,15,15,results/13_interface_analysis/formal_msa/complex_model_summary.csv,project27-160,70;73;74;79;135;136;137;138;139;140;142;143;144;146;147;149;150,70;79;132;133;135;136;137;138;139;140;142;143;144;146;147;150,0.7368421052631579,0.7368421052631579,both_nonempty,0,NA,NA
Full181;Native155,formal_msa,ALL,results/full181_supplement/raw/formal_msa/seed1/boltz_results_full_blind_msa/predictions/full_blind_msa/full_blind_msa_model_0.pdb,consensus_ge50pct,Full181,Native155,ALL,ALL,results/13_interface_analysis/formal_msa/complex_model_summary.csv,project27-160,73;132;133;135;136;139;140;142;143;144;146;147;149;150,132;135;136;139;140;142;143;144;146;147;149;150,0.8571428571428571,0.8571428571428571,both_nonempty,0,complete_15_seed_ensemble,complete_15_seed_ensemble
Full181;Immunogen134,formal_msa,1;1,results/full181_supplement/raw/formal_msa/seed1/boltz_results_full_blind_msa/predictions/full_blind_msa/full_blind_msa_model_0.pdb,all_cross_seed_pairs,Full181,Immunogen134,1,1,results/13_interface_analysis/formal_msa/complex_model_summary.csv,project27-160,38;40;43;46;47;50;92;93;96;97;100;107;108;109;110;111;112;113;114;116;117;120;121;123;124;125;127;130,70;73;132;133;135;136;139;140;142;143;144;146;147;149;150,0.0,0.0,both_nonempty,0,NA,NA
Full181;Immunogen134,formal_msa,1;2,results/full181_supplement/raw/formal_msa/seed1/boltz_results_full_blind_msa/predictions/full_blind_msa/full_blind_msa_model_0.pdb,all_cross_seed_pairs,Full181,Immunogen134,1,2,results/13_interface_analysis/formal_msa/complex_model_summary.csv,project27-160,38;40;43;46;47;50;92;93;96;97;100;107;108;109;110;111;112;113;114;116;117;120;121;123;124;125;127;130,27;37;38;93;96;97;100;101;103;104;105;106;107;108;109;110;112;113;116;117;120;121;123;124;125,0.5142857142857142,0.5142857142857142,both_nonempty,0,NA,NA
Full181;Immunogen134,formal_msa,1;3,results/full181_supplement/raw/formal_msa/seed1/boltz_results_full_blind_msa/predictions/full_blind_msa/full_blind_msa_model_0.pdb,all_cross_seed_pairs,Full181,Immunogen134,1,3,results/13_interface_analysis/formal_msa/complex_model_summary.csv,project27-160,38;40;43;46;47;50;92;93;96;97;100;107;108;109;110;111;112;113;114;116;117;120;121;123;124;125;127;130,40;43;92;93;96;97;100;107;109;110;112;113;114;116;117;120;121;124;127;130,0.7142857142857143,0.7142857142857143,both_nonempty,0,NA,NA
Full181;Immunogen134,formal_msa,1;4,results/full181_supplement/raw/formal_msa/seed1/boltz_results_full_blind_msa/predictions/full_blind_msa/full_blind_msa_model_0.pdb,all_cross_seed_pairs,Full181,Immunogen134,1,4,results/13_interface_analysis/formal_msa/complex_model_summary.csv,project27-160,38;40;43;46;47;50;92;93;96;97;100;107;108;109;110;111;112;113;114;116;117;120;121;123;124;125;127;130,79;89;132;133;135;136;137;139;140;142;143;145;146;149;150;153,0.0,0.0,both_nonempty,0,NA,NA
Full181;Immunogen134,formal_msa,1;5,results/full181_supplement/raw/formal_msa/seed1/boltz_results_full_blind_msa/predictions/full_blind_msa/full_blind_msa_model_0.pdb,all_cross_seed_pairs,Full181,Immunogen134,1,5,results/13_interface_analysis/formal_msa/complex_model_summary.csv,project27-160,38;40;43;46;47;50;92;93;96;97;100;107;108;109;110;111;112;113;114;116;117;120;121;123;124;125;127;130,73;79;132;135;136;139;140;142;143;144;146;147;149;150;153,0.0,0.0,both_nonempty,0,NA,NA
Full181;Immunogen134,formal_msa,1;6,results/full181_supplement/raw/formal_msa/seed1/boltz_results_full_blind_msa/predictions/full_blind_msa/full_blind_msa_model_0.pdb,all_cross_seed_pairs,Full181,Immunogen134,1,6,results/13_interface_analysis/formal_msa/complex_model_summary.csv,project27-160,38;40;43;46;47;50;92;93;96;97;100;107;108;109;110;111;112;113;114;116;117;120;121;123;124;125;127;130,73;79;132;135;136;139;140;142;143;144;146;147;149;150;153,0.0,0.0,both_nonempty,0,NA,NA
Full181;Immunogen134,formal_msa,1;7,results/full181_supplement/raw/formal_msa/seed1/boltz_results_full_blind_msa/predictions/full_blind_msa/full_blind_msa_model_0.pdb,all_cross_seed_pairs,Full181,Immunogen134,1,7,results/13_interface_analysis/formal_msa/complex_model_summary.csv,project27-160,38;40;43;46;47;50;92;93;96;97;100;107;108;109;110;111;112;113;114;116;117;120;121;123;124;125;127;130,70;73;74;79;133;135;136;139;140;142;143;144;146;147;149;150;153,0.0,0.0,both_nonempty,0,NA,NA
Full181;Immunogen134,formal_msa,1;8,results/full181_supplement/raw/formal_msa/seed1/boltz_results_full_blind_msa/predictions/full_blind_msa/full_blind_msa_model_0.pdb,all_cross_seed_pairs,Full181,Immunogen134,1,8,results/13_interface_analysis/formal_msa/complex_model_summary.csv,project27-160,38;40;43;46;47;50;92;93;96;97;100;107;108;109;110;111;112;113;114;116;117;120;121;123;124;125;127;130,27;37;38;40;43;92;93;96;97;100;103;104;105;106;107;108;109;110;112;113;114;116;117;120;121;123;124;125;127,0.6764705882352942,0.6764705882352942,both_nonempty,0,NA,NA
Full181;Immunogen134,formal_msa,1;9,results/full181_supplement/raw/formal_msa/seed1/boltz_results_full_blind_msa/predictions/full_blind_msa/full_blind_msa_model_0.pdb,all_cross_seed_pairs,Full181,Immunogen134,1,9,results/13_interface_analysis/formal_msa/complex_model_summary.csv,project27-160,38;40;43;46;47;50;92;93;96;97;100;107;108;109;110;111;112;113;114;116;117;120;121;123;124;125;127;130,27;37;38;39;40;42;43;46;92;96;97;100;107;108;109;110;111;112;113;114;116;117;118;120;121;124;125;127,0.696969696969697,0.696969696969697,both_nonempty,0,NA,NA
Full181;Immunogen134,formal_msa,1;10,results/full181_supplement/raw/formal_msa/seed1/boltz_results_full_blind_msa/predictions/full_blind_msa/full_blind_msa_model_0.pdb,all_cross_seed_pairs,Full181,Immunogen134,1,10,results/13_interface_analysis/formal_msa/complex_model_summary.csv,project27-160,38;40;43;46;47;50;92;93;96;97;100;107;108;109;110;111;112;113;114;116;117;120;121;123;124;125;127;130,40;43;92;93;96;97;100;109;110;112;113;114;116;117;120;121;123;124;127;130,0.7142857142857143,0.7142857142857143,both_nonempty,0,NA,NA
Full181;Immunogen134,formal_msa,1;11,results/full181_supplement/raw/formal_msa/seed1/boltz_results_full_blind_msa/predictions/full_blind_msa/full_blind_msa_model_0.pdb,all_cross_seed_pairs,Full181,Immunogen134,1,11,results/13_interface_analysis/formal_msa/complex_model_summary.csv,project27-160,38;40;43;46;47;50;92;93;96;97;100;107;108;109;110;111;112;113;114;116;117;120;121;123;124;125;127;130,70;71;73;74;79;133;135;136;137;139;140;142;143;144;146;147;150,0.0,0.0,both_nonempty,0,NA,NA
Full181;Immunogen134,formal_msa,1;12,results/full181_supplement/raw/formal_msa/seed1/boltz_results_full_blind_msa/predictions/full_blind_msa/full_blind_msa_model_0.pdb,all_cross_seed_pairs,Full181,Immunogen134,1,12,results/13_interface_analysis/formal_msa/complex_model_summary.csv,project27-160,38;40;43;46;47;50;92;93;96;97;100;107;108;109;110;111;112;113;114;116;117;120;121;123;124;125;127;130,27;38;40;43;92;93;96;97;100;109;110;112;113;116;117;120;121;123;124;127;130,0.6896551724137931,0.6896551724137931,both_nonempty,0,NA,NA
Full181;Immunogen134,formal_msa,1;13,results/full181_supplement/raw/formal_msa/seed1/boltz_results_full_blind_msa/predictions/full_blind_msa/full_blind_msa_model_0.pdb,all_cross_seed_pairs,Full181,Immunogen134,1,13,results/13_interface_analysis/formal_msa/complex_model_summary.csv,project27-160,38;40;43;46;47;50;92;93;96;97;100;107;108;109;110;111;112;113;114;116;117;120;121;123;124;125;127;130,70;74;79;135;136;139;140;142;143;144;145;146;147;149;150;153,0.0,0.0,both_nonempty,0,NA,NA
Full181;Immunogen134,formal_msa,1;14,results/full181_supplement/raw/formal_msa/seed1/boltz_results_full_blind_msa/predictions/full_blind_msa/full_blind_msa_model_0.pdb,all_cross_seed_pairs,Full181,Immunogen134,1,14,results/13_interface_analysis/formal_msa/complex_model_summary.csv,project27-160,38;40;43;46;47;50;92;93;96;97;100;107;108;109;110;111;112;113;114;116;117;120;121;123;124;125;127;130,27;40;43;92;93;96;97;98;100;109;110;112;113;116;117;120;121;123;124,0.5666666666666667,0.5666666666666667,both_nonempty,0,NA,NA
Full181;Immunogen134,formal_msa,1;15,results/full181_supplement/raw/formal_msa/seed1/boltz_results_full_blind_msa/predictions/full_blind_msa/full_blind_msa_model_0.pdb,all_cross_seed_pairs,Full181,Immunogen134,1,15,results/13_interface_analysis/formal_msa/complex_model_summary.csv,project27-160,38;40;43;46;47;50;92;93;96;97;100;107;108;109;110;111;112;113;114;116;117;120;121;123;124;125;127;130,70;74;79;132;133;134;135;136;137;139;140;142;143;144;146;147;149;150,0.0,0.0,both_nonempty,0,NA,NA
Full181;Immunogen134,formal_msa,2;1,results/full181_supplement/raw/formal_msa/seed2/boltz_results_full_blind_msa/predictions/full_blind_msa/full_blind_msa_model_0.pdb,all_cross_seed_pairs,Full181,Immunogen134,2,1,results/13_interface_analysis/formal_msa/complex_model_summary.csv,project27-160,79;132;133;135;136;137;139;140;142;143;146;150,70;73;132;133;135;136;139;140;142;143;144;146;147;149;150,0.5882352941176471,0.5882352941176471,both_nonempty,0,NA,NA
Full181;Immunogen134,formal_msa,2;2,results/full181_supplement/raw/formal_msa/seed2/boltz_results_full_blind_msa/predictions/full_blind_msa/full_blind_msa_model_0.pdb,all_cross_seed_pairs,Full181,Immunogen134,2,2,results/13_interface_analysis/formal_msa/complex_model_summary.csv,project27-160,79;132;133;135;136;137;139;140;142;143;146;150,27;37;38;93;96;97;100;101;103;104;105;106;107;108;109;110;112;113;116;117;120;121;123;124;125,0.0,0.0,both_nonempty,0,NA,NA
Full181;Immunogen134,formal_msa,2;3,results/full181_supplement/raw/formal_msa/seed2/boltz_results_full_blind_msa/predictions/full_blind_msa/full_blind_msa_model_0.pdb,all_cross_seed_pairs,Full181,Immunogen134,2,3,results/13_interface_analysis/formal_msa/complex_model_summary.csv,project27-160,79;132;133;135;136;137;139;140;142;143;146;150,40;43;92;93;96;97;100;107;109;110;112;113;114;116;117;120;121;124;127;130,0.0,0.0,both_nonempty,0,NA,NA
Full181;Immunogen134,formal_msa,2;4,results/full181_supplement/raw/formal_msa/seed2/boltz_results_full_blind_msa/predictions/full_blind_msa/full_blind_msa_model_0.pdb,all_cross_seed_pairs,Full181,Immunogen134,2,4,results/13_interface_analysis/formal_msa/complex_model_summary.csv,project27-160,79;132;133;135;136;137;139;140;142;143;146;150,79;89;132;133;135;136;137;139;140;142;143;145;146;149;150;153,0.75,0.75,both_nonempty,0,NA,NA
Full181;Immunogen134,formal_msa,2;5,results/full181_supplement/raw/formal_msa/seed2/boltz_results_full_blind_msa/predictions/full_blind_msa/full_blind_msa_model_0.pdb,all_cross_seed_pairs,Full181,Immunogen134,2,5,results/13_interface_analysis/formal_msa/complex_model_summary.csv,project27-160,79;132;133;135;136;137;139;140;142;143;146;150,73;79;132;135;136;139;140;142;143;144;146;147;149;150;153,0.5882352941176471,0.5882352941176471,both_nonempty,0,NA,NA
Full181;Immunogen134,formal_msa,2;6,results/full181_supplement/raw/formal_msa/seed2/boltz_results_full_blind_msa/predictions/full_blind_msa/full_blind_msa_model_0.pdb,all_cross_seed_pairs,Full181,Immunogen134,2,6,results/13_interface_analysis/formal_msa/complex_model_summary.csv,project27-160,79;132;133;135;136;137;139;140;142;143;146;150,73;79;132;135;136;139;140;142;143;144;146;147;149;150;153,0.5882352941176471,0.5882352941176471,both_nonempty,0,NA,NA
Full181;Immunogen134,formal_msa,2;7,results/full181_supplement/raw/formal_msa/seed2/boltz_results_full_blind_msa/predictions/full_blind_msa/full_blind_msa_model_0.pdb,all_cross_seed_pairs,Full181,Immunogen134,2,7,results/13_interface_analysis/formal_msa/complex_model_summary.csv,project27-160,79;132;133;135;136;137;139;140;142;143;146;150,70;73;74;79;133;135;136;139;140;142;143;144;146;147;149;150;153,0.5263157894736842,0.5263157894736842,both_nonempty,0,NA,NA
Full181;Immunogen134,formal_msa,2;8,results/full181_supplement/raw/formal_msa/seed2/boltz_results_full_blind_msa/predictions/full_blind_msa/full_blind_msa_model_0.pdb,all_cross_seed_pairs,Full181,Immunogen134,2,8,results/13_interface_analysis/formal_msa/complex_model_summary.csv,project27-160,79;132;133;135;136;137;139;140;142;143;146;150,27;37;38;40;43;92;93;96;97;100;103;104;105;106;107;108;109;110;112;113;114;116;117;120;121;123;124;125;127,0.0,0.0,both_nonempty,0,NA,NA
Full181;Immunogen134,formal_msa,2;9,results/full181_supplement/raw/formal_msa/seed2/boltz_results_full_blind_msa/predictions/full_blind_msa/full_blind_msa_model_0.pdb,all_cross_seed_pairs,Full181,Immunogen134,2,9,results/13_interface_analysis/formal_msa/complex_model_summary.csv,project27-160,79;132;133;135;136;137;139;140;142;143;146;150,27;37;38;39;40;42;43;46;92;96;97;100;107;108;109;110;111;112;113;114;116;117;118;120;121;124;125;127,0.0,0.0,both_nonempty,0,NA,NA
Full181;Immunogen134,formal_msa,2;10,results/full181_supplement/raw/formal_msa/seed2/boltz_results_full_blind_msa/predictions/full_blind_msa/full_blind_msa_model_0.pdb,all_cross_seed_pairs,Full181,Immunogen134,2,10,results/13_interface_analysis/formal_msa/complex_model_summary.csv,project27-160,79;132;133;135;136;137;139;140;142;143;146;150,40;43;92;93;96;97;100;109;110;112;113;114;116;117;120;121;123;124;127;130,0.0,0.0,both_nonempty,0,NA,NA
Full181;Immunogen134,formal_msa,2;11,results/full181_supplement/raw/formal_msa/seed2/boltz_results_full_blind_msa/predictions/full_blind_msa/full_blind_msa_model_0.pdb,all_cross_seed_pairs,Full181,Immunogen134,2,11,results/13_interface_analysis/formal_msa/complex_model_summary.csv,project27-160,79;132;133;135;136;137;139;140;142;143;146;150,70;71;73;74;79;133;135;136;137;139;140;142;143;144;146;147;150,0.6111111111111112,0.6111111111111112,both_nonempty,0,NA,NA
Full181;Immunogen134,formal_msa,2;12,results/full181_supplement/raw/formal_msa/seed2/boltz_results_full_blind_msa/predictions/full_blind_msa/full_blind_msa_model_0.pdb,all_cross_seed_pairs,Full181,Immunogen134,2,12,results/13_interface_analysis/formal_msa/complex_model_summary.csv,project27-160,79;132;133;135;136;137;139;140;142;143;146;150,27;38;40;43;92;93;96;97;100;109;110;112;113;116;117;120;121;123;124;127;130,0.0,0.0,both_nonempty,0,NA,NA
Full181;Immunogen134,formal_msa,2;13,results/full181_supplement/raw/formal_msa/seed2/boltz_results_full_blind_msa/predictions/full_blind_msa/full_blind_msa_model_0.pdb,all_cross_seed_pairs,Full181,Immunogen134,2,13,results/13_interface_analysis/formal_msa/complex_model_summary.csv,project27-160,79;132;133;135;136;137;139;140;142;143;146;150,70;74;79;135;136;139;140;142;143;144;145;146;147;149;150;153,0.47368421052631576,0.47368421052631576,both_nonempty,0,NA,NA
Full181;Immunogen134,formal_msa,2;14,results/full181_supplement/raw/formal_msa/seed2/boltz_results_full_blind_msa/predictions/full_blind_msa/full_blind_msa_model_0.pdb,all_cross_seed_pairs,Full181,Immunogen134,2,14,results/13_interface_analysis/formal_msa/complex_model_summary.csv,project27-160,79;132;133;135;136;137;139;140;142;143;146;150,27;40;43;92;93;96;97;98;100;109;110;112;113;116;117;120;121;123;124,0.0,0.0,both_nonempty,0,NA,NA
Full181;Immunogen134,formal_msa,2;15,results/full181_supplement/raw/formal_msa/seed2/boltz_results_full_blind_msa/predictions/full_blind_msa/full_blind_msa_model_0.pdb,all_cross_seed_pairs,Full181,Immunogen134,2,15,results/13_interface_analysis/formal_msa/complex_model_summary.csv,project27-160,79;132;133;135;136;137;139;140;142;143;146;150,70;74;79;132;133;134;135;136;137;139;140;142;143;144;146;147;149;150,0.6666666666666666,0.6666666666666666,both_nonempty,0,NA,NA
Full181;Immunogen134,formal_msa,3;1,results/full181_supplement/raw/formal_msa/seed3/boltz_results_full_blind_msa/predictions/full_blind_msa/full_blind_msa_model_0.pdb,all_cross_seed_pairs,Full181,Immunogen134,3,1,results/13_interface_analysis/formal_msa/complex_model_summary.csv,project27-160,70;71;73;74;132;135;136;137;139;140;142;143;144;146;147;150,70;73;132;133;135;136;139;140;142;143;144;146;147;149;150,0.7222222222222222,0.7222222222222222,both_nonempty,0,NA,NA
Full181;Immunogen134,formal_msa,3;2,results/full181_supplement/raw/formal_msa/seed3/boltz_results_full_blind_msa/predictions/full_blind_msa/full_blind_msa_model_0.pdb,all_cross_seed_pairs,Full181,Immunogen134,3,2,results/13_interface_analysis/formal_msa/complex_model_summary.csv,project27-160,70;71;73;74;132;135;136;137;139;140;142;143;144;146;147;150,27;37;38;93;96;97;100;101;103;104;105;106;107;108;109;110;112;113;116;117;120;121;123;124;125,0.0,0.0,both_nonempty,0,NA,NA
Full181;Immunogen134,formal_msa,3;3,results/full181_supplement/raw/formal_msa/seed3/boltz_results_full_blind_msa/predictions/full_blind_msa/full_blind_msa_model_0.pdb,all_cross_seed_pairs,Full181,Immunogen134,3,3,results/13_interface_analysis/formal_msa/complex_model_summary.csv,project27-160,70;71;73;74;132;135;136;137;139;140;142;143;144;146;147;150,40;43;92;93;96;97;100;107;109;110;112;113;114;116;117;120;121;124;127;130,0.0,0.0,both_nonempty,0,NA,NA
Full181;Immunogen134,formal_msa,3;4,results/full181_supplement/raw/formal_msa/seed3/boltz_results_full_blind_msa/predictions/full_blind_msa/full_blind_msa_model_0.pdb,all_cross_seed_pairs,Full181,Immunogen134,3,4,results/13_interface_analysis/formal_msa/complex_model_summary.csv,project27-160,70;71;73;74;132;135;136;137;139;140;142;143;144;146;147;150,79;89;132;133;135;136;137;139;140;142;143;145;146;149;150;153,0.45454545454545453,0.45454545454545453,both_nonempty,0,NA,NA
Full181;Immunogen134,formal_msa,3;5,results/full181_supplement/raw/formal_msa/seed3/boltz_results_full_blind_msa/predictions/full_blind_msa/full_blind_msa_model_0.pdb,all_cross_seed_pairs,Full181,Immunogen134,3,5,results/13_interface_analysis/formal_msa/complex_model_summary.csv,project27-160,70;71;73;74;132;135;136;137;139;140;142;143;144;146;147;150,73;79;132;135;136;139;140;142;143;144;146;147;149;150;153,0.631578947368421,0.631578947368421,both_nonempty,0,NA,NA
Full181;Immunogen134,formal_msa,3;6,results/full181_supplement/raw/formal_msa/seed3/boltz_results_full_blind_msa/predictions/full_blind_msa/full_blind_msa_model_0.pdb,all_cross_seed_pairs,Full181,Immunogen134,3,6,results/13_interface_analysis/formal_msa/complex_model_summary.csv,project27-160,70;71;73;74;132;135;136;137;139;140;142;143;144;146;147;150,73;79;132;135;136;139;140;142;143;144;146;147;149;150;153,0.631578947368421,0.631578947368421,both_nonempty,0,NA,NA
Full181;Immunogen134,formal_msa,3;7,results/full181_supplement/raw/formal_msa/seed3/boltz_results_full_blind_msa/predictions/full_blind_msa/full_blind_msa_model_0.pdb,all_cross_seed_pairs,Full181,Immunogen134,3,7,results/13_interface_analysis/formal_msa/complex_model_summary.csv,project27-160,70;71;73;74;132;135;136;137;139;140;142;143;144;146;147;150,70;73;74;79;133;135;136;139;140;142;143;144;146;147;149;150;153,0.65,0.65,both_nonempty,0,NA,NA
Full181;Immunogen134,formal_msa,3;8,results/full181_supplement/raw/formal_msa/seed3/boltz_results_full_blind_msa/predictions/full_blind_msa/full_blind_msa_model_0.pdb,all_cross_seed_pairs,Full181,Immunogen134,3,8,results/13_interface_analysis/formal_msa/complex_model_summary.csv,project27-160,70;71;73;74;132;135;136;137;139;140;142;143;144;146;147;150,27;37;38;40;43;92;93;96;97;100;103;104;105;106;107;108;109;110;112;113;114;116;117;120;121;123;124;125;127,0.0,0.0,both_nonempty,0,NA,NA
Full181;Immunogen134,formal_msa,3;9,results/full181_supplement/raw/formal_msa/seed3/boltz_results_full_blind_msa/predictions/full_blind_msa/full_blind_msa_model_0.pdb,all_cross_seed_pairs,Full181,Immunogen134,3,9,results/13_interface_analysis/formal_msa/complex_model_summary.csv,project27-160,70;71;73;74;132;135;136;137;139;140;142;143;144;146;147;150,27;37;38;39;40;42;43;46;92;96;97;100;107;108;109;110;111;112;113;114;116;117;118;120;121;124;125;127,0.0,0.0,both_nonempty,0,NA,NA
Full181;Immunogen134,formal_msa,3;10,results/full181_supplement/raw/formal_msa/seed3/boltz_results_full_blind_msa/predictions/full_blind_msa/full_blind_msa_model_0.pdb,all_cross_seed_pairs,Full181,Immunogen134,3,10,results/13_interface_analysis/formal_msa/complex_model_summary.csv,project27-160,70;71;73;74;132;135;136;137;139;140;142;143;144;146;147;150,40;43;92;93;96;97;100;109;110;112;113;114;116;117;120;121;123;124;127;130,0.0,0.0,both_nonempty,0,NA,NA
Full181;Immunogen134,formal_msa,3;11,results/full181_supplement/raw/formal_msa/seed3/boltz_results_full_blind_msa/predictions/full_blind_msa/full_blind_msa_model_0.pdb,all_cross_seed_pairs,Full181,Immunogen134,3,11,results/13_interface_analysis/formal_msa/complex_model_summary.csv,project27-160,70;71;73;74;132;135;136;137;139;140;142;143;144;146;147;150,70;71;73;74;79;133;135;136;137;139;140;142;143;144;146;147;150,0.8333333333333334,0.8333333333333334,both_nonempty,0,NA,NA
Full181;Immunogen134,formal_msa,3;12,results/full181_supplement/raw/formal_msa/seed3/boltz_results_full_blind_msa/predictions/full_blind_msa/full_blind_msa_model_0.pdb,all_cross_seed_pairs,Full181,Immunogen134,3,12,results/13_interface_analysis/formal_msa/complex_model_summary.csv,project27-160,70;71;73;74;132;135;136;137;139;140;142;143;144;146;147;150,27;38;40;43;92;93;96;97;100;109;110;112;113;116;117;120;121;123;124;127;130,0.0,0.0,both_nonempty,0,NA,NA
Full181;Immunogen134,formal_msa,3;13,results/full181_supplement/raw/formal_msa/seed3/boltz_results_full_blind_msa/predictions/full_blind_msa/full_blind_msa_model_0.pdb,all_cross_seed_pairs,Full181,Immunogen134,3,13,results/13_interface_analysis/formal_msa/complex_model_summary.csv,project27-160,70;71;73;74;132;135;136;137;139;140;142;143;144;146;147;150,70;74;79;135;136;139;140;142;143;144;145;146;147;149;150;153,0.6,0.6,both_nonempty,0,NA,NA
Full181;Immunogen134,formal_msa,3;14,results/full181_supplement/raw/formal_msa/seed3/boltz_results_full_blind_msa/predictions/full_blind_msa/full_blind_msa_model_0.pdb,all_cross_seed_pairs,Full181,Immunogen134,3,14,results/13_interface_analysis/formal_msa/complex_model_summary.csv,project27-160,70;71;73;74;132;135;136;137;139;140;142;143;144;146;147;150,27;40;43;92;93;96;97;98;100;109;110;112;113;116;117;120;121;123;124,0.0,0.0,both_nonempty,0,NA,NA
Full181;Immunogen134,formal_msa,3;15,results/full181_supplement/raw/formal_msa/seed3/boltz_results_full_blind_msa/predictions/full_blind_msa/full_blind_msa_model_0.pdb,all_cross_seed_pairs,Full181,Immunogen134,3,15,results/13_interface_analysis/formal_msa/complex_model_summary.csv,project27-160,70;71;73;74;132;135;136;137;139;140;142;143;144;146;147;150,70;74;79;132;133;134;135;136;137;139;140;142;143;144;146;147;149;150,0.7,0.7,both_nonempty,0,NA,NA
Full181;Immunogen134,formal_msa,4;1,results/full181_supplement/raw/formal_msa/seed4/boltz_results_full_blind_msa/predictions/full_blind_msa/full_blind_msa_model_0.pdb,all_cross_seed_pairs,Full181,Immunogen134,4,1,results/13_interface_analysis/formal_msa/complex_model_summary.csv,project27-160,70;73;74;135;136;137;139;140;142;143;144;146;147;150,70;73;132;133;135;136;139;140;142;143;144;146;147;149;150,0.7058823529411765,0.7058823529411765,both_nonempty,0,NA,NA
Full181;Immunogen134,formal_msa,4;2,results/full181_supplement/raw/formal_msa/seed4/boltz_results_full_blind_msa/predictions/full_blind_msa/full_blind_msa_model_0.pdb,all_cross_seed_pairs,Full181,Immunogen134,4,2,results/13_interface_analysis/formal_msa/complex_model_summary.csv,project27-160,70;73;74;135;136;137;139;140;142;143;144;146;147;150,27;37;38;93;96;97;100;101;103;104;105;106;107;108;109;110;112;113;116;117;120;121;123;124;125,0.0,0.0,both_nonempty,0,NA,NA
Full181;Immunogen134,formal_msa,4;3,results/full181_supplement/raw/formal_msa/seed4/boltz_results_full_blind_msa/predictions/full_blind_msa/full_blind_msa_model_0.pdb,all_cross_seed_pairs,Full181,Immunogen134,4,3,results/13_interface_analysis/formal_msa/complex_model_summary.csv,project27-160,70;73;74;135;136;137;139;140;142;143;144;146;147;150,40;43;92;93;96;97;100;107;109;110;112;113;114;116;117;120;121;124;127;130,0.0,0.0,both_nonempty,0,NA,NA
Full181;Immunogen134,formal_msa,4;4,results/full181_supplement/raw/formal_msa/seed4/boltz_results_full_blind_msa/predictions/full_blind_msa/full_blind_msa_model_0.pdb,all_cross_seed_pairs,Full181,Immunogen134,4,4,results/13_interface_analysis/formal_msa/complex_model_summary.csv,project27-160,70;73;74;135;136;137;139;140;142;143;144;146;147;150,79;89;132;133;135;136;137;139;140;142;143;145;146;149;150;153,0.42857142857142855,0.42857142857142855,both_nonempty,0,NA,NA
Full181;Immunogen134,formal_msa,4;5,results/full181_supplement/raw/formal_msa/seed4/boltz_results_full_blind_msa/predictions/full_blind_msa/full_blind_msa_model_0.pdb,all_cross_seed_pairs,Full181,Immunogen134,4,5,results/13_interface_analysis/formal_msa/complex_model_summary.csv,project27-160,70;73;74;135;136;137;139;140;142;143;144;146;147;150,73;79;132;135;136;139;140;142;143;144;146;147;149;150;153,0.6111111111111112,0.6111111111111112,both_nonempty,0,NA,NA
Full181;Immunogen134,formal_msa,4;6,results/full181_supplement/raw/formal_msa/seed4/boltz_results_full_blind_msa/predictions/full_blind_msa/full_blind_msa_model_0.pdb,all_cross_seed_pairs,Full181,Immunogen134,4,6,results/13_interface_analysis/formal_msa/complex_model_summary.csv,project27-160,70;73;74;135;136;137;139;140;142;143;144;146;147;150,73;79;132;135;136;139;140;142;143;144;146;147;149;150;153,0.6111111111111112,0.6111111111111112,both_nonempty,0,NA,NA
Full181;Immunogen134,formal_msa,4;7,results/full181_supplement/raw/formal_msa/seed4/boltz_results_full_blind_msa/predictions/full_blind_msa/full_blind_msa_model_0.pdb,all_cross_seed_pairs,Full181,Immunogen134,4,7,results/13_interface_analysis/formal_msa/complex_model_summary.csv,project27-160,70;73;74;135;136;137;139;140;142;143;144;146;147;150,70;73;74;79;133;135;136;139;140;142;143;144;146;147;149;150;153,0.7222222222222222,0.7222222222222222,both_nonempty,0,NA,NA
Full181;Immunogen134,formal_msa,4;8,results/full181_supplement/raw/formal_msa/seed4/boltz_results_full_blind_msa/predictions/full_blind_msa/full_blind_msa_model_0.pdb,all_cross_seed_pairs,Full181,Immunogen134,4,8,results/13_interface_analysis/formal_msa/complex_model_summary.csv,project27-160,70;73;74;135;136;137;139;140;142;143;144;146;147;150,27;37;38;40;43;92;93;96;97;100;103;104;105;106;107;108;109;110;112;113;114;116;117;120;121;123;124;125;127,0.0,0.0,both_nonempty,0,NA,NA
Full181;Immunogen134,formal_msa,4;9,results/full181_supplement/raw/formal_msa/seed4/boltz_results_full_blind_msa/predictions/full_blind_msa/full_blind_msa_model_0.pdb,all_cross_seed_pairs,Full181,Immunogen134,4,9,results/13_interface_analysis/formal_msa/complex_model_summary.csv,project27-160,70;73;74;135;136;137;139;140;142;143;144;146;147;150,27;37;38;39;40;42;43;46;92;96;97;100;107;108;109;110;111;112;113;114;116;117;118;120;121;124;125;127,0.0,0.0,both_nonempty,0,NA,NA
Full181;Immunogen134,formal_msa,4;10,results/full181_supplement/raw/formal_msa/seed4/boltz_results_full_blind_msa/predictions/full_blind_msa/full_blind_msa_model_0.pdb,all_cross_seed_pairs,Full181,Immunogen134,4,10,results/13_interface_analysis/formal_msa/complex_model_summary.csv,project27-160,70;73;74;135;136;137;139;140;142;143;144;146;147;150,40;43;92;93;96;97;100;109;110;112;113;114;116;117;120;121;123;124;127;130,0.0,0.0,both_nonempty,0,NA,NA
Full181;Immunogen134,formal_msa,4;11,results/full181_supplement/raw/formal_msa/seed4/boltz_results_full_blind_msa/predictions/full_blind_msa/full_blind_msa_model_0.pdb,all_cross_seed_pairs,Full181,Immunogen134,4,11,results/13_interface_analysis/formal_msa/complex_model_summary.csv,project27-160,70;73;74;135;136;137;139;140;142;143;144;146;147;150,70;71;73;74;79;133;135;136;137;139;140;142;143;144;146;147;150,0.8235294117647058,0.8235294117647058,both_nonempty,0,NA,NA
Full181;Immunogen134,formal_msa,4;12,results/full181_supplement/raw/formal_msa/seed4/boltz_results_full_blind_msa/predictions/full_blind_msa/full_blind_msa_model_0.pdb,all_cross_seed_pairs,Full181,Immunogen134,4,12,results/13_interface_analysis/formal_msa/complex_model_summary.csv,project27-160,70;73;74;135;136;137;139;140;142;143;144;146;147;150,27;38;40;43;92;93;96;97;100;109;110;112;113;116;117;120;121;123;124;127;130,0.0,0.0,both_nonempty,0,NA,NA
Full181;Immunogen134,formal_msa,4;13,results/full181_supplement/raw/formal_msa/seed4/boltz_results_full_blind_msa/predictions/full_blind_msa/full_blind_msa_model_0.pdb,all_cross_seed_pairs,Full181,Immunogen134,4,13,results/13_interface_analysis/formal_msa/complex_model_summary.csv,project27-160,70;73;74;135;136;137;139;140;142;143;144;146;147;150,70;74;79;135;136;139;140;142;143;144;145;146;147;149;150;153,0.6666666666666666,0.6666666666666666,both_nonempty,0,NA,NA
Full181;Immunogen134,formal_msa,4;14,results/full181_supplement/raw/formal_msa/seed4/boltz_results_full_blind_msa/predictions/full_blind_msa/full_blind_msa_model_0.pdb,all_cross_seed_pairs,Full181,Immunogen134,4,14,results/13_interface_analysis/formal_msa/complex_model_summary.csv,project27-160,70;73;74;135;136;137;139;140;142;143;144;146;147;150,27;40;43;92;93;96;97;98;100;109;110;112;113;116;117;120;121;123;124,0.0,0.0,both_nonempty,0,NA,NA
Full181;Immunogen134,formal_msa,4;15,results/full181_supplement/raw/formal_msa/seed4/boltz_results_full_blind_msa/predictions/full_blind_msa/full_blind_msa_model_0.pdb,all_cross_seed_pairs,Full181,Immunogen134,4,15,results/13_interface_analysis/formal_msa/complex_model_summary.csv,project27-160,70;73;74;135;136;137;139;140;142;143;144;146;147;150,70;74;79;132;133;134;135;136;137;139;140;142;143;144;146;147;149;150,0.6842105263157895,0.6842105263157895,both_nonempty,0,NA,NA
Full181;Immunogen134,formal_msa,5;1,results/full181_supplement/raw/formal_msa/seed5/boltz_results_full_blind_msa/predictions/full_blind_msa/full_blind_msa_model_0.pdb,all_cross_seed_pairs,Full181,Immunogen134,5,1,results/13_interface_analysis/formal_msa/complex_model_summary.csv,project27-160,70;73;132;133;135;136;139;140;142;143;144;146;147;149;150,70;73;132;133;135;136;139;140;142;143;144;146;147;149;150,1.0,1.0,both_nonempty,0,NA,NA
Full181;Immunogen134,formal_msa,5;2,results/full181_supplement/raw/formal_msa/seed5/boltz_results_full_blind_msa/predictions/full_blind_msa/full_blind_msa_model_0.pdb,all_cross_seed_pairs,Full181,Immunogen134,5,2,results/13_interface_analysis/formal_msa/complex_model_summary.csv,project27-160,70;73;132;133;135;136;139;140;142;143;144;146;147;149;150,27;37;38;93;96;97;100;101;103;104;105;106;107;108;109;110;112;113;116;117;120;121;123;124;125,0.0,0.0,both_nonempty,0,NA,NA
Full181;Immunogen134,formal_msa,5;3,results/full181_supplement/raw/formal_msa/seed5/boltz_results_full_blind_msa/predictions/full_blind_msa/full_blind_msa_model_0.pdb,all_cross_seed_pairs,Full181,Immunogen134,5,3,results/13_interface_analysis/formal_msa/complex_model_summary.csv,project27-160,70;73;132;133;135;136;139;140;142;143;144;146;147;149;150,40;43;92;93;96;97;100;107;109;110;112;113;114;116;117;120;121;124;127;130,0.0,0.0,both_nonempty,0,NA,NA
Full181;Immunogen134,formal_msa,5;4,results/full181_supplement/raw/formal_msa/seed5/boltz_results_full_blind_msa/predictions/full_blind_msa/full_blind_msa_model_0.pdb,all_cross_seed_pairs,Full181,Immunogen134,5,4,results/13_interface_analysis/formal_msa/complex_model_summary.csv,project27-160,70;73;132;133;135;136;139;140;142;143;144;146;147;149;150,79;89;132;133;135;136;137;139;140;142;143;145;146;149;150;153,0.55,0.55,both_nonempty,0,NA,NA
Full181;Immunogen134,formal_msa,5;5,results/full181_supplement/raw/formal_msa/seed5/boltz_results_full_blind_msa/predictions/full_blind_msa/full_blind_msa_model_0.pdb,all_cross_seed_pairs,Full181,Immunogen134,5,5,results/13_interface_analysis/formal_msa/complex_model_summary.csv,project27-160,70;73;132;133;135;136;139;140;142;143;144;146;147;149;150,73;79;132;135;136;139;140;142;143;144;146;147;149;150;153,0.7647058823529411,0.7647058823529411,both_nonempty,0,NA,NA
Full181;Immunogen134,formal_msa,5;6,results/full181_supplement/raw/formal_msa/seed5/boltz_results_full_blind_msa/predictions/full_blind_msa/full_blind_msa_model_0.pdb,all_cross_seed_pairs,Full181,Immunogen134,5,6,results/13_interface_analysis/formal_msa/complex_model_summary.csv,project27-160,70;73;132;133;135;136;139;140;142;143;144;146;147;149;150,73;79;132;135;136;139;140;142;143;144;146;147;149;150;153,0.7647058823529411,0.7647058823529411,both_nonempty,0,NA,NA
Full181;Immunogen134,formal_msa,5;7,results/full181_supplement/raw/formal_msa/seed5/boltz_results_full_blind_msa/predictions/full_blind_msa/full_blind_msa_model_0.pdb,all_cross_seed_pairs,Full181,Immunogen134,5,7,results/13_interface_analysis/formal_msa/complex_model_summary.csv,project27-160,70;73;132;133;135;136;139;140;142;143;144;146;147;149;150,70;73;74;79;133;135;136;139;140;142;143;144;146;147;149;150;153,0.7777777777777778,0.7777777777777778,both_nonempty,0,NA,NA
Full181;Immunogen134,formal_msa,5;8,results/full181_supplement/raw/formal_msa/seed5/boltz_results_full_blind_msa/predictions/full_blind_msa/full_blind_msa_model_0.pdb,all_cross_seed_pairs,Full181,Immunogen134,5,8,results/13_interface_analysis/formal_msa/complex_model_summary.csv,project27-160,70;73;132;133;135;136;139;140;142;143;144;146;147;149;150,27;37;38;40;43;92;93;96;97;100;103;104;105;106;107;108;109;110;112;113;114;116;117;120;121;123;124;125;127,0.0,0.0,both_nonempty,0,NA,NA
Full181;Immunogen134,formal_msa,5;9,results/full181_supplement/raw/formal_msa/seed5/boltz_results_full_blind_msa/predictions/full_blind_msa/full_blind_msa_model_0.pdb,all_cross_seed_pairs,Full181,Immunogen134,5,9,results/13_interface_analysis/formal_msa/complex_model_summary.csv,project27-160,70;73;132;133;135;136;139;140;142;143;144;146;147;149;150,27;37;38;39;40;42;43;46;92;96;97;100;107;108;109;110;111;112;113;114;116;117;118;120;121;124;125;127,0.0,0.0,both_nonempty,0,NA,NA
Full181;Immunogen134,formal_msa,5;10,results/full181_supplement/raw/formal_msa/seed5/boltz_results_full_blind_msa/predictions/full_blind_msa/full_blind_msa_model_0.pdb,all_cross_seed_pairs,Full181,Immunogen134,5,10,results/13_interface_analysis/formal_msa/complex_model_summary.csv,project27-160,70;73;132;133;135;136;139;140;142;143;144;146;147;149;150,40;43;92;93;96;97;100;109;110;112;113;114;116;117;120;121;123;124;127;130,0.0,0.0,both_nonempty,0,NA,NA
Full181;Immunogen134,formal_msa,5;11,results/full181_supplement/raw/formal_msa/seed5/boltz_results_full_blind_msa/predictions/full_blind_msa/full_blind_msa_model_0.pdb,all_cross_seed_pairs,Full181,Immunogen134,5,11,results/13_interface_analysis/formal_msa/complex_model_summary.csv,project27-160,70;73;132;133;135;136;139;140;142;143;144;146;147;149;150,70;71;73;74;79;133;135;136;137;139;140;142;143;144;146;147;150,0.6842105263157895,0.6842105263157895,both_nonempty,0,NA,NA
Full181;Immunogen134,formal_msa,5;12,results/full181_supplement/raw/formal_msa/seed5/boltz_results_full_blind_msa/predictions/full_blind_msa/full_blind_msa_model_0.pdb,all_cross_seed_pairs,Full181,Immunogen134,5,12,results/13_interface_analysis/formal_msa/complex_model_summary.csv,project27-160,70;73;132;133;135;136;139;140;142;143;144;146;147;149;150,27;38;40;43;92;93;96;97;100;109;110;112;113;116;117;120;121;123;124;127;130,0.0,0.0,both_nonempty,0,NA,NA
Full181;Immunogen134,formal_msa,5;13,results/full181_supplement/raw/formal_msa/seed5/boltz_results_full_blind_msa/predictions/full_blind_msa/full_blind_msa_model_0.pdb,all_cross_seed_pairs,Full181,Immunogen134,5,13,results/13_interface_analysis/formal_msa/complex_model_summary.csv,project27-160,70;73;132;133;135;136;139;140;142;143;144;146;147;149;150,70;74;79;135;136;139;140;142;143;144;145;146;147;149;150;153,0.631578947368421,0.631578947368421,both_nonempty,0,NA,NA
Full181;Immunogen134,formal_msa,5;14,results/full181_supplement/raw/formal_msa/seed5/boltz_results_full_blind_msa/predictions/full_blind_msa/full_blind_msa_model_0.pdb,all_cross_seed_pairs,Full181,Immunogen134,5,14,results/13_interface_analysis/formal_msa/complex_model_summary.csv,project27-160,70;73;132;133;135;136;139;140;142;143;144;146;147;149;150,27;40;43;92;93;96;97;98;100;109;110;112;113;116;117;120;121;123;124,0.0,0.0,both_nonempty,0,NA,NA
Full181;Immunogen134,formal_msa,5;15,results/full181_supplement/raw/formal_msa/seed5/boltz_results_full_blind_msa/predictions/full_blind_msa/full_blind_msa_model_0.pdb,all_cross_seed_pairs,Full181,Immunogen134,5,15,results/13_interface_analysis/formal_msa/complex_model_summary.csv,project27-160,70;73;132;133;135;136;139;140;142;143;144;146;147;149;150,70;74;79;132;133;134;135;136;137;139;140;142;143;144;146;147;149;150,0.7368421052631579,0.7368421052631579,both_nonempty,0,NA,NA
Full181;Immunogen134,formal_msa,6;1,results/full181_supplement/raw/formal_msa/seed6/boltz_results_full_blind_msa/predictions/full_blind_msa/full_blind_msa_model_0.pdb,all_cross_seed_pairs,Full181,Immunogen134,6,1,results/13_interface_analysis/formal_msa/complex_model_summary.csv,project27-160,73;74;132;133;135;136;138;139;140;142;143;144;146;147;149;150,70;73;132;133;135;136;139;140;142;143;144;146;147;149;150,0.8235294117647058,0.8235294117647058,both_nonempty,0,NA,NA
Full181;Immunogen134,formal_msa,6;2,results/full181_supplement/raw/formal_msa/seed6/boltz_results_full_blind_msa/predictions/full_blind_msa/full_blind_msa_model_0.pdb,all_cross_seed_pairs,Full181,Immunogen134,6,2,results/13_interface_analysis/formal_msa/complex_model_summary.csv,project27-160,73;74;132;133;135;136;138;139;140;142;143;144;146;147;149;150,27;37;38;93;96;97;100;101;103;104;105;106;107;108;109;110;112;113;116;117;120;121;123;124;125,0.0,0.0,both_nonempty,0,NA,NA
Full181;Immunogen134,formal_msa,6;3,results/full181_supplement/raw/formal_msa/seed6/boltz_results_full_blind_msa/predictions/full_blind_msa/full_blind_msa_model_0.pdb,all_cross_seed_pairs,Full181,Immunogen134,6,3,results/13_interface_analysis/formal_msa/complex_model_summary.csv,project27-160,73;74;132;133;135;136;138;139;140;142;143;144;146;147;149;150,40;43;92;93;96;97;100;107;109;110;112;113;114;116;117;120;121;124;127;130,0.0,0.0,both_nonempty,0,NA,NA
Full181;Immunogen134,formal_msa,6;4,results/full181_supplement/raw/formal_msa/seed6/boltz_results_full_blind_msa/predictions/full_blind_msa/full_blind_msa_model_0.pdb,all_cross_seed_pairs,Full181,Immunogen134,6,4,results/13_interface_analysis/formal_msa/complex_model_summary.csv,project27-160,73;74;132;133;135;136;138;139;140;142;143;144;146;147;149;150,79;89;132;133;135;136;137;139;140;142;143;145;146;149;150;153,0.5238095238095238,0.5238095238095238,both_nonempty,0,NA,NA
Full181;Immunogen134,formal_msa,6;5,results/full181_supplement/raw/formal_msa/seed6/boltz_results_full_blind_msa/predictions/full_blind_msa/full_blind_msa_model_0.pdb,all_cross_seed_pairs,Full181,Immunogen134,6,5,results/13_interface_analysis/formal_msa/complex_model_summary.csv,project27-160,73;74;132;133;135;136;138;139;140;142;143;144;146;147;149;150,73;79;132;135;136;139;140;142;143;144;146;147;149;150;153,0.7222222222222222,0.7222222222222222,both_nonempty,0,NA,NA
Full181;Immunogen134,formal_msa,6;6,results/full181_supplement/raw/formal_msa/seed6/boltz_results_full_blind_msa/predictions/full_blind_msa/full_blind_msa_model_0.pdb,all_cross_seed_pairs,Full181,Immunogen134,6,6,results/13_interface_analysis/formal_msa/complex_model_summary.csv,project27-160,73;74;132;133;135;136;138;139;140;142;143;144;146;147;149;150,73;79;132;135;136;139;140;142;143;144;146;147;149;150;153,0.7222222222222222,0.7222222222222222,both_nonempty,0,NA,NA
Full181;Immunogen134,formal_msa,6;7,results/full181_supplement/raw/formal_msa/seed6/boltz_results_full_blind_msa/predictions/full_blind_msa/full_blind_msa_model_0.pdb,all_cross_seed_pairs,Full181,Immunogen134,6,7,results/13_interface_analysis/formal_msa/complex_model_summary.csv,project27-160,73;74;132;133;135;136;138;139;140;142;143;144;146;147;149;150,70;73;74;79;133;135;136;139;140;142;143;144;146;147;149;150;153,0.7368421052631579,0.7368421052631579,both_nonempty,0,NA,NA
Full181;Immunogen134,formal_msa,6;8,results/full181_supplement/raw/formal_msa/seed6/boltz_results_full_blind_msa/predictions/full_blind_msa/full_blind_msa_model_0.pdb,all_cross_seed_pairs,Full181,Immunogen134,6,8,results/13_interface_analysis/formal_msa/complex_model_summary.csv,project27-160,73;74;132;133;135;136;138;139;140;142;143;144;146;147;149;150,27;37;38;40;43;92;93;96;97;100;103;104;105;106;107;108;109;110;112;113;114;116;117;120;121;123;124;125;127,0.0,0.0,both_nonempty,0,NA,NA
Full181;Immunogen134,formal_msa,6;9,results/full181_supplement/raw/formal_msa/seed6/boltz_results_full_blind_msa/predictions/full_blind_msa/full_blind_msa_model_0.pdb,all_cross_seed_pairs,Full181,Immunogen134,6,9,results/13_interface_analysis/formal_msa/complex_model_summary.csv,project27-160,73;74;132;133;135;136;138;139;140;142;143;144;146;147;149;150,27;37;38;39;40;42;43;46;92;96;97;100;107;108;109;110;111;112;113;114;116;117;118;120;121;124;125;127,0.0,0.0,both_nonempty,0,NA,NA
Full181;Immunogen134,formal_msa,6;10,results/full181_supplement/raw/formal_msa/seed6/boltz_results_full_blind_msa/predictions/full_blind_msa/full_blind_msa_model_0.pdb,all_cross_seed_pairs,Full181,Immunogen134,6,10,results/13_interface_analysis/formal_msa/complex_model_summary.csv,project27-160,73;74;132;133;135;136;138;139;140;142;143;144;146;147;149;150,40;43;92;93;96;97;100;109;110;112;113;114;116;117;120;121;123;124;127;130,0.0,0.0,both_nonempty,0,NA,NA
Full181;Immunogen134,formal_msa,6;11,results/full181_supplement/raw/formal_msa/seed6/boltz_results_full_blind_msa/predictions/full_blind_msa/full_blind_msa_model_0.pdb,all_cross_seed_pairs,Full181,Immunogen134,6,11,results/13_interface_analysis/formal_msa/complex_model_summary.csv,project27-160,73;74;132;133;135;136;138;139;140;142;143;144;146;147;149;150,70;71;73;74;79;133;135;136;137;139;140;142;143;144;146;147;150,0.65,0.65,both_nonempty,0,NA,NA
Full181;Immunogen134,formal_msa,6;12,results/full181_supplement/raw/formal_msa/seed6/boltz_results_full_blind_msa/predictions/full_blind_msa/full_blind_msa_model_0.pdb,all_cross_seed_pairs,Full181,Immunogen134,6,12,results/13_interface_analysis/formal_msa/complex_model_summary.csv,project27-160,73;74;132;133;135;136;138;139;140;142;143;144;146;147;149;150,27;38;40;43;92;93;96;97;100;109;110;112;113;116;117;120;121;123;124;127;130,0.0,0.0,both_nonempty,0,NA,NA
Full181;Immunogen134,formal_msa,6;13,results/full181_supplement/raw/formal_msa/seed6/boltz_results_full_blind_msa/predictions/full_blind_msa/full_blind_msa_model_0.pdb,all_cross_seed_pairs,Full181,Immunogen134,6,13,results/13_interface_analysis/formal_msa/complex_model_summary.csv,project27-160,73;74;132;133;135;136;138;139;140;142;143;144;146;147;149;150,70;74;79;135;136;139;140;142;143;144;145;146;147;149;150;153,0.6,0.6,both_nonempty,0,NA,NA
Full181;Immunogen134,formal_msa,6;14,results/full181_supplement/raw/formal_msa/seed6/boltz_results_full_blind_msa/predictions/full_blind_msa/full_blind_msa_model_0.pdb,all_cross_seed_pairs,Full181,Immunogen134,6,14,results/13_interface_analysis/formal_msa/complex_model_summary.csv,project27-160,73;74;132;133;135;136;138;139;140;142;143;144;146;147;149;150,27;40;43;92;93;96;97;98;100;109;110;112;113;116;117;120;121;123;124,0.0,0.0,both_nonempty,0,NA,NA
Full181;Immunogen134,formal_msa,6;15,results/full181_supplement/raw/formal_msa/seed6/boltz_results_full_blind_msa/predictions/full_blind_msa/full_blind_msa_model_0.pdb,all_cross_seed_pairs,Full181,Immunogen134,6,15,results/13_interface_analysis/formal_msa/complex_model_summary.csv,project27-160,73;74;132;133;135;136;138;139;140;142;143;144;146;147;149;150,70;74;79;132;133;134;135;136;137;139;140;142;143;144;146;147;149;150,0.7,0.7,both_nonempty,0,NA,NA
Full181;Immunogen134,formal_msa,7;1,results/full181_supplement/raw/formal_msa/seed7/boltz_results_full_blind_msa/predictions/full_blind_msa/full_blind_msa_model_0.pdb,all_cross_seed_pairs,Full181,Immunogen134,7,1,results/13_interface_analysis/formal_msa/complex_model_summary.csv,project27-160,132;133;135;136;137;139;140;142;143;146;149;150,70;73;132;133;135;136;139;140;142;143;144;146;147;149;150,0.6875,0.6875,both_nonempty,0,NA,NA
Full181;Immunogen134,formal_msa,7;2,results/full181_supplement/raw/formal_msa/seed7/boltz_results_full_blind_msa/predictions/full_blind_msa/full_blind_msa_model_0.pdb,all_cross_seed_pairs,Full181,Immunogen134,7,2,results/13_interface_analysis/formal_msa/complex_model_summary.csv,project27-160,132;133;135;136;137;139;140;142;143;146;149;150,27;37;38;93;96;97;100;101;103;104;105;106;107;108;109;110;112;113;116;117;120;121;123;124;125,0.0,0.0,both_nonempty,0,NA,NA
Full181;Immunogen134,formal_msa,7;3,results/full181_supplement/raw/formal_msa/seed7/boltz_results_full_blind_msa/predictions/full_blind_msa/full_blind_msa_model_0.pdb,all_cross_seed_pairs,Full181,Immunogen134,7,3,results/13_interface_analysis/formal_msa/complex_model_summary.csv,project27-160,132;133;135;136;137;139;140;142;143;146;149;150,40;43;92;93;96;97;100;107;109;110;112;113;114;116;117;120;121;124;127;130,0.0,0.0,both_nonempty,0,NA,NA
Full181;Immunogen134,formal_msa,7;4,results/full181_supplement/raw/formal_msa/seed7/boltz_results_full_blind_msa/predictions/full_blind_msa/full_blind_msa_model_0.pdb,all_cross_seed_pairs,Full181,Immunogen134,7,4,results/13_interface_analysis/formal_msa/complex_model_summary.csv,project27-160,132;133;135;136;137;139;140;142;143;146;149;150,79;89;132;133;135;136;137;139;140;142;143;145;146;149;150;153,0.75,0.75,both_nonempty,0,NA,NA
Full181;Immunogen134,formal_msa,7;5,results/full181_supplement/raw/formal_msa/seed7/boltz_results_full_blind_msa/predictions/full_blind_msa/full_blind_msa_model_0.pdb,all_cross_seed_pairs,Full181,Immunogen134,7,5,results/13_interface_analysis/formal_msa/complex_model_summary.csv,project27-160,132;133;135;136;137;139;140;142;143;146;149;150,73;79;132;135;136;139;140;142;143;144;146;147;149;150;153,0.5882352941176471,0.5882352941176471,both_nonempty,0,NA,NA
Full181;Immunogen134,formal_msa,7;6,results/full181_supplement/raw/formal_msa/seed7/boltz_results_full_blind_msa/predictions/full_blind_msa/full_blind_msa_model_0.pdb,all_cross_seed_pairs,Full181,Immunogen134,7,6,results/13_interface_analysis/formal_msa/complex_model_summary.csv,project27-160,132;133;135;136;137;139;140;142;143;146;149;150,73;79;132;135;136;139;140;142;143;144;146;147;149;150;153,0.5882352941176471,0.5882352941176471,both_nonempty,0,NA,NA
Full181;Immunogen134,formal_msa,7;7,results/full181_supplement/raw/formal_msa/seed7/boltz_results_full_blind_msa/predictions/full_blind_msa/full_blind_msa_model_0.pdb,all_cross_seed_pairs,Full181,Immunogen134,7,7,results/13_interface_analysis/formal_msa/complex_model_summary.csv,project27-160,132;133;135;136;137;139;140;142;143;146;149;150,70;73;74;79;133;135;136;139;140;142;143;144;146;147;149;150;153,0.5263157894736842,0.5263157894736842,both_nonempty,0,NA,NA
Full181;Immunogen134,formal_msa,7;8,results/full181_supplement/raw/formal_msa/seed7/boltz_results_full_blind_msa/predictions/full_blind_msa/full_blind_msa_model_0.pdb,all_cross_seed_pairs,Full181,Immunogen134,7,8,results/13_interface_analysis/formal_msa/complex_model_summary.csv,project27-160,132;133;135;136;137;139;140;142;143;146;149;150,27;37;38;40;43;92;93;96;97;100;103;104;105;106;107;108;109;110;112;113;114;116;117;120;121;123;124;125;127,0.0,0.0,both_nonempty,0,NA,NA
Full181;Immunogen134,formal_msa,7;9,results/full181_supplement/raw/formal_msa/seed7/boltz_results_full_blind_msa/predictions/full_blind_msa/full_blind_msa_model_0.pdb,all_cross_seed_pairs,Full181,Immunogen134,7,9,results/13_interface_analysis/formal_msa/complex_model_summary.csv,project27-160,132;133;135;136;137;139;140;142;143;146;149;150,27;37;38;39;40;42;43;46;92;96;97;100;107;108;109;110;111;112;113;114;116;117;118;120;121;124;125;127,0.0,0.0,both_nonempty,0,NA,NA
Full181;Immunogen134,formal_msa,7;10,results/full181_supplement/raw/formal_msa/seed7/boltz_results_full_blind_msa/predictions/full_blind_msa/full_blind_msa_model_0.pdb,all_cross_seed_pairs,Full181,Immunogen134,7,10,results/13_interface_analysis/formal_msa/complex_model_summary.csv,project27-160,132;133;135;136;137;139;140;142;143;146;149;150,40;43;92;93;96;97;100;109;110;112;113;114;116;117;120;121;123;124;127;130,0.0,0.0,both_nonempty,0,NA,NA
Full181;Immunogen134,formal_msa,7;11,results/full181_supplement/raw/formal_msa/seed7/boltz_results_full_blind_msa/predictions/full_blind_msa/full_blind_msa_model_0.pdb,all_cross_seed_pairs,Full181,Immunogen134,7,11,results/13_interface_analysis/formal_msa/complex_model_summary.csv,project27-160,132;133;135;136;137;139;140;142;143;146;149;150,70;71;73;74;79;133;135;136;137;139;140;142;143;144;146;147;150,0.5263157894736842,0.5263157894736842,both_nonempty,0,NA,NA
Full181;Immunogen134,formal_msa,7;12,results/full181_supplement/raw/formal_msa/seed7/boltz_results_full_blind_msa/predictions/full_blind_msa/full_blind_msa_model_0.pdb,all_cross_seed_pairs,Full181,Immunogen134,7,12,results/13_interface_analysis/formal_msa/complex_model_summary.csv,project27-160,132;133;135;136;137;139;140;142;143;146;149;150,27;38;40;43;92;93;96;97;100;109;110;112;113;116;117;120;121;123;124;127;130,0.0,0.0,both_nonempty,0,NA,NA
Full181;Immunogen134,formal_msa,7;13,results/full181_supplement/raw/formal_msa/seed7/boltz_results_full_blind_msa/predictions/full_blind_msa/full_blind_msa_model_0.pdb,all_cross_seed_pairs,Full181,Immunogen134,7,13,results/13_interface_analysis/formal_msa/complex_model_summary.csv,project27-160,132;133;135;136;137;139;140;142;143;146;149;150,70;74;79;135;136;139;140;142;143;144;145;146;147;149;150;153,0.47368421052631576,0.47368421052631576,both_nonempty,0,NA,NA
Full181;Immunogen134,formal_msa,7;14,results/full181_supplement/raw/formal_msa/seed7/boltz_results_full_blind_msa/predictions/full_blind_msa/full_blind_msa_model_0.pdb,all_cross_seed_pairs,Full181,Immunogen134,7,14,results/13_interface_analysis/formal_msa/complex_model_summary.csv,project27-160,132;133;135;136;137;139;140;142;143;146;149;150,27;40;43;92;93;96;97;98;100;109;110;112;113;116;117;120;121;123;124,0.0,0.0,both_nonempty,0,NA,NA
Full181;Immunogen134,formal_msa,7;15,results/full181_supplement/raw/formal_msa/seed7/boltz_results_full_blind_msa/predictions/full_blind_msa/full_blind_msa_model_0.pdb,all_cross_seed_pairs,Full181,Immunogen134,7,15,results/13_interface_analysis/formal_msa/complex_model_summary.csv,project27-160,132;133;135;136;137;139;140;142;143;146;149;150,70;74;79;132;133;134;135;136;137;139;140;142;143;144;146;147;149;150,0.6666666666666666,0.6666666666666666,both_nonempty,0,NA,NA
Full181;Immunogen134,formal_msa,8;1,results/full181_supplement/raw/formal_msa/seed8/boltz_results_full_blind_msa/predictions/full_blind_msa/full_blind_msa_model_0.pdb,all_cross_seed_pairs,Full181,Immunogen134,8,1,results/13_interface_analysis/formal_msa/complex_model_summary.csv,project27-160,37;38;40;43;46;92;93;100;107;109;110;111;112;113;114;116;117;120;121;123;124;125;127,70;73;132;133;135;136;139;140;142;143;144;146;147;149;150,0.0,0.0,both_nonempty,0,NA,NA
Full181;Immunogen134,formal_msa,8;2,results/full181_supplement/raw/formal_msa/seed8/boltz_results_full_blind_msa/predictions/full_blind_msa/full_blind_msa_model_0.pdb,all_cross_seed_pairs,Full181,Immunogen134,8,2,results/13_interface_analysis/formal_msa/complex_model_summary.csv,project27-160,37;38;40;43;46;92;93;100;107;109;110;111;112;113;114;116;117;120;121;123;124;125;127,27;37;38;93;96;97;100;101;103;104;105;106;107;108;109;110;112;113;116;117;120;121;123;124;125,0.5,0.5,both_nonempty,0,NA,NA
Full181;Immunogen134,formal_msa,8;3,results/full181_supplement/raw/formal_msa/seed8/boltz_results_full_blind_msa/predictions/full_blind_msa/full_blind_msa_model_0.pdb,all_cross_seed_pairs,Full181,Immunogen134,8,3,results/13_interface_analysis/formal_msa/complex_model_summary.csv,project27-160,37;38;40;43;46;92;93;100;107;109;110;111;112;113;114;116;117;120;121;123;124;125;127,40;43;92;93;96;97;100;107;109;110;112;113;114;116;117;120;121;124;127;130,0.6538461538461539,0.6538461538461539,both_nonempty,0,NA,NA
Full181;Immunogen134,formal_msa,8;4,results/full181_supplement/raw/formal_msa/seed8/boltz_results_full_blind_msa/predictions/full_blind_msa/full_blind_msa_model_0.pdb,all_cross_seed_pairs,Full181,Immunogen134,8,4,results/13_interface_analysis/formal_msa/complex_model_summary.csv,project27-160,37;38;40;43;46;92;93;100;107;109;110;111;112;113;114;116;117;120;121;123;124;125;127,79;89;132;133;135;136;137;139;140;142;143;145;146;149;150;153,0.0,0.0,both_nonempty,0,NA,NA
Full181;Immunogen134,formal_msa,8;5,results/full181_supplement/raw/formal_msa/seed8/boltz_results_full_blind_msa/predictions/full_blind_msa/full_blind_msa_model_0.pdb,all_cross_seed_pairs,Full181,Immunogen134,8,5,results/13_interface_analysis/formal_msa/complex_model_summary.csv,project27-160,37;38;40;43;46;92;93;100;107;109;110;111;112;113;114;116;117;120;121;123;124;125;127,73;79;132;135;136;139;140;142;143;144;146;147;149;150;153,0.0,0.0,both_nonempty,0,NA,NA
Full181;Immunogen134,formal_msa,8;6,results/full181_supplement/raw/formal_msa/seed8/boltz_results_full_blind_msa/predictions/full_blind_msa/full_blind_msa_model_0.pdb,all_cross_seed_pairs,Full181,Immunogen134,8,6,results/13_interface_analysis/formal_msa/complex_model_summary.csv,project27-160,37;38;40;43;46;92;93;100;107;109;110;111;112;113;114;116;117;120;121;123;124;125;127,73;79;132;135;136;139;140;142;143;144;146;147;149;150;153,0.0,0.0,both_nonempty,0,NA,NA
Full181;Immunogen134,formal_msa,8;7,results/full181_supplement/raw/formal_msa/seed8/boltz_results_full_blind_msa/predictions/full_blind_msa/full_blind_msa_model_0.pdb,all_cross_seed_pairs,Full181,Immunogen134,8,7,results/13_interface_analysis/formal_msa/complex_model_summary.csv,project27-160,37;38;40;43;46;92;93;100;107;109;110;111;112;113;114;116;117;120;121;123;124;125;127,70;73;74;79;133;135;136;139;140;142;143;144;146;147;149;150;153,0.0,0.0,both_nonempty,0,NA,NA
Full181;Immunogen134,formal_msa,8;8,results/full181_supplement/raw/formal_msa/seed8/boltz_results_full_blind_msa/predictions/full_blind_msa/full_blind_msa_model_0.pdb,all_cross_seed_pairs,Full181,Immunogen134,8,8,results/13_interface_analysis/formal_msa/complex_model_summary.csv,project27-160,37;38;40;43;46;92;93;100;107;109;110;111;112;113;114;116;117;120;121;123;124;125;127,27;37;38;40;43;92;93;96;97;100;103;104;105;106;107;108;109;110;112;113;114;116;117;120;121;123;124;125;127,0.6774193548387096,0.6774193548387096,both_nonempty,0,NA,NA
Full181;Immunogen134,formal_msa,8;9,results/full181_supplement/raw/formal_msa/seed8/boltz_results_full_blind_msa/predictions/full_blind_msa/full_blind_msa_model_0.pdb,all_cross_seed_pairs,Full181,Immunogen134,8,9,results/13_interface_analysis/formal_msa/complex_model_summary.csv,project27-160,37;38;40;43;46;92;93;100;107;109;110;111;112;113;114;116;117;120;121;123;124;125;127,27;37;38;39;40;42;43;46;92;96;97;100;107;108;109;110;111;112;113;114;116;117;118;120;121;124;125;127,0.7,0.7,both_nonempty,0,NA,NA
Full181;Immunogen134,formal_msa,8;10,results/full181_supplement/raw/formal_msa/seed8/boltz_results_full_blind_msa/predictions/full_blind_msa/full_blind_msa_model_0.pdb,all_cross_seed_pairs,Full181,Immunogen134,8,10,results/13_interface_analysis/formal_msa/complex_model_summary.csv,project27-160,37;38;40;43;46;92;93;100;107;109;110;111;112;113;114;116;117;120;121;123;124;125;127,40;43;92;93;96;97;100;109;110;112;113;114;116;117;120;121;123;124;127;130,0.6538461538461539,0.6538461538461539,both_nonempty,0,NA,NA
Full181;Immunogen134,formal_msa,8;11,results/full181_supplement/raw/formal_msa/seed8/boltz_results_full_blind_msa/predictions/full_blind_msa/full_blind_msa_model_0.pdb,all_cross_seed_pairs,Full181,Immunogen134,8,11,results/13_interface_analysis/formal_msa/complex_model_summary.csv,project27-160,37;38;40;43;46;92;93;100;107;109;110;111;112;113;114;116;117;120;121;123;124;125;127,70;71;73;74;79;133;135;136;137;139;140;142;143;144;146;147;150,0.0,0.0,both_nonempty,0,NA,NA
Full181;Immunogen134,formal_msa,8;12,results/full181_supplement/raw/formal_msa/seed8/boltz_results_full_blind_msa/predictions/full_blind_msa/full_blind_msa_model_0.pdb,all_cross_seed_pairs,Full181,Immunogen134,8,12,results/13_interface_analysis/formal_msa/complex_model_summary.csv,project27-160,37;38;40;43;46;92;93;100;107;109;110;111;112;113;114;116;117;120;121;123;124;125;127,27;38;40;43;92;93;96;97;100;109;110;112;113;116;117;120;121;123;124;127;130,0.6296296296296297,0.6296296296296297,both_nonempty,0,NA,NA
Full181;Immunogen134,formal_msa,8;13,results/full181_supplement/raw/formal_msa/seed8/boltz_results_full_blind_msa/predictions/full_blind_msa/full_blind_msa_model_0.pdb,all_cross_seed_pairs,Full181,Immunogen134,8,13,results/13_interface_analysis/formal_msa/complex_model_summary.csv,project27-160,37;38;40;43;46;92;93;100;107;109;110;111;112;113;114;116;117;120;121;123;124;125;127,70;74;79;135;136;139;140;142;143;144;145;146;147;149;150;153,0.0,0.0,both_nonempty,0,NA,NA
Full181;Immunogen134,formal_msa,8;14,results/full181_supplement/raw/formal_msa/seed8/boltz_results_full_blind_msa/predictions/full_blind_msa/full_blind_msa_model_0.pdb,all_cross_seed_pairs,Full181,Immunogen134,8,14,results/13_interface_analysis/formal_msa/complex_model_summary.csv,project27-160,37;38;40;43;46;92;93;100;107;109;110;111;112;113;114;116;117;120;121;123;124;125;127,27;40;43;92;93;96;97;98;100;109;110;112;113;116;117;120;121;123;124,0.5555555555555556,0.5555555555555556,both_nonempty,0,NA,NA
Full181;Immunogen134,formal_msa,8;15,results/full181_supplement/raw/formal_msa/seed8/boltz_results_full_blind_msa/predictions/full_blind_msa/full_blind_msa_model_0.pdb,all_cross_seed_pairs,Full181,Immunogen134,8,15,results/13_interface_analysis/formal_msa/complex_model_summary.csv,project27-160,37;38;40;43;46;92;93;100;107;109;110;111;112;113;114;116;117;120;121;123;124;125;127,70;74;79;132;133;134;135;136;137;139;140;142;143;144;146;147;149;150,0.0,0.0,both_nonempty,0,NA,NA
Full181;Immunogen134,formal_msa,9;1,results/full181_supplement/raw/formal_msa/seed9/boltz_results_full_blind_msa/predictions/full_blind_msa/full_blind_msa_model_0.pdb,all_cross_seed_pairs,Full181,Immunogen134,9,1,results/13_interface_analysis/formal_msa/complex_model_summary.csv,project27-160,70;73;74;79;132;133;135;136;137;139;140;142;143;144;146;147;149;150,70;73;132;133;135;136;139;140;142;143;144;146;147;149;150,0.8333333333333334,0.8333333333333334,both_nonempty,0,NA,NA
Full181;Immunogen134,formal_msa,9;2,results/full181_supplement/raw/formal_msa/seed9/boltz_results_full_blind_msa/predictions/full_blind_msa/full_blind_msa_model_0.pdb,all_cross_seed_pairs,Full181,Immunogen134,9,2,results/13_interface_analysis/formal_msa/complex_model_summary.csv,project27-160,70;73;74;79;132;133;135;136;137;139;140;142;143;144;146;147;149;150,27;37;38;93;96;97;100;101;103;104;105;106;107;108;109;110;112;113;116;117;120;121;123;124;125,0.0,0.0,both_nonempty,0,NA,NA
Full181;Immunogen134,formal_msa,9;3,results/full181_supplement/raw/formal_msa/seed9/boltz_results_full_blind_msa/predictions/full_blind_msa/full_blind_msa_model_0.pdb,all_cross_seed_pairs,Full181,Immunogen134,9,3,results/13_interface_analysis/formal_msa/complex_model_summary.csv,project27-160,70;73;74;79;132;133;135;136;137;139;140;142;143;144;146;147;149;150,40;43;92;93;96;97;100;107;109;110;112;113;114;116;117;120;121;124;127;130,0.0,0.0,both_nonempty,0,NA,NA
Full181;Immunogen134,formal_msa,9;4,results/full181_supplement/raw/formal_msa/seed9/boltz_results_full_blind_msa/predictions/full_blind_msa/full_blind_msa_model_0.pdb,all_cross_seed_pairs,Full181,Immunogen134,9,4,results/13_interface_analysis/formal_msa/complex_model_summary.csv,project27-160,70;73;74;79;132;133;135;136;137;139;140;142;143;144;146;147;149;150,79;89;132;133;135;136;137;139;140;142;143;145;146;149;150;153,0.6190476190476191,0.6190476190476191,both_nonempty,0,NA,NA
Full181;Immunogen134,formal_msa,9;5,results/full181_supplement/raw/formal_msa/seed9/boltz_results_full_blind_msa/predictions/full_blind_msa/full_blind_msa_model_0.pdb,all_cross_seed_pairs,Full181,Immunogen134,9,5,results/13_interface_analysis/formal_msa/complex_model_summary.csv,project27-160,70;73;74;79;132;133;135;136;137;139;140;142;143;144;146;147;149;150,73;79;132;135;136;139;140;142;143;144;146;147;149;150;153,0.7368421052631579,0.7368421052631579,both_nonempty,0,NA,NA
Full181;Immunogen134,formal_msa,9;6,results/full181_supplement/raw/formal_msa/seed9/boltz_results_full_blind_msa/predictions/full_blind_msa/full_blind_msa_model_0.pdb,all_cross_seed_pairs,Full181,Immunogen134,9,6,results/13_interface_analysis/formal_msa/complex_model_summary.csv,project27-160,70;73;74;79;132;133;135;136;137;139;140;142;143;144;146;147;149;150,73;79;132;135;136;139;140;142;143;144;146;147;149;150;153,0.7368421052631579,0.7368421052631579,both_nonempty,0,NA,NA
Full181;Immunogen134,formal_msa,9;7,results/full181_supplement/raw/formal_msa/seed9/boltz_results_full_blind_msa/predictions/full_blind_msa/full_blind_msa_model_0.pdb,all_cross_seed_pairs,Full181,Immunogen134,9,7,results/13_interface_analysis/formal_msa/complex_model_summary.csv,project27-160,70;73;74;79;132;133;135;136;137;139;140;142;143;144;146;147;149;150,70;73;74;79;133;135;136;139;140;142;143;144;146;147;149;150;153,0.8421052631578947,0.8421052631578947,both_nonempty,0,NA,NA
Full181;Immunogen134,formal_msa,9;8,results/full181_supplement/raw/formal_msa/seed9/boltz_results_full_blind_msa/predictions/full_blind_msa/full_blind_msa_model_0.pdb,all_cross_seed_pairs,Full181,Immunogen134,9,8,results/13_interface_analysis/formal_msa/complex_model_summary.csv,project27-160,70;73;74;79;132;133;135;136;137;139;140;142;143;144;146;147;149;150,27;37;38;40;43;92;93;96;97;100;103;104;105;106;107;108;109;110;112;113;114;116;117;120;121;123;124;125;127,0.0,0.0,both_nonempty,0,NA,NA
Full181;Immunogen134,formal_msa,9;9,results/full181_supplement/raw/formal_msa/seed9/boltz_results_full_blind_msa/predictions/full_blind_msa/full_blind_msa_model_0.pdb,all_cross_seed_pairs,Full181,Immunogen134,9,9,results/13_interface_analysis/formal_msa/complex_model_summary.csv,project27-160,70;73;74;79;132;133;135;136;137;139;140;142;143;144;146;147;149;150,27;37;38;39;40;42;43;46;92;96;97;100;107;108;109;110;111;112;113;114;116;117;118;120;121;124;125;127,0.0,0.0,both_nonempty,0,NA,NA
Full181;Immunogen134,formal_msa,9;10,results/full181_supplement/raw/formal_msa/seed9/boltz_results_full_blind_msa/predictions/full_blind_msa/full_blind_msa_model_0.pdb,all_cross_seed_pairs,Full181,Immunogen134,9,10,results/13_interface_analysis/formal_msa/complex_model_summary.csv,project27-160,70;73;74;79;132;133;135;136;137;139;140;142;143;144;146;147;149;150,40;43;92;93;96;97;100;109;110;112;113;114;116;117;120;121;123;124;127;130,0.0,0.0,both_nonempty,0,NA,NA
Full181;Immunogen134,formal_msa,9;11,results/full181_supplement/raw/formal_msa/seed9/boltz_results_full_blind_msa/predictions/full_blind_msa/full_blind_msa_model_0.pdb,all_cross_seed_pairs,Full181,Immunogen134,9,11,results/13_interface_analysis/formal_msa/complex_model_summary.csv,project27-160,70;73;74;79;132;133;135;136;137;139;140;142;143;144;146;147;149;150,70;71;73;74;79;133;135;136;137;139;140;142;143;144;146;147;150,0.8421052631578947,0.8421052631578947,both_nonempty,0,NA,NA
Full181;Immunogen134,formal_msa,9;12,results/full181_supplement/raw/formal_msa/seed9/boltz_results_full_blind_msa/predictions/full_blind_msa/full_blind_msa_model_0.pdb,all_cross_seed_pairs,Full181,Immunogen134,9,12,results/13_interface_analysis/formal_msa/complex_model_summary.csv,project27-160,70;73;74;79;132;133;135;136;137;139;140;142;143;144;146;147;149;150,27;38;40;43;92;93;96;97;100;109;110;112;113;116;117;120;121;123;124;127;130,0.0,0.0,both_nonempty,0,NA,NA
Full181;Immunogen134,formal_msa,9;13,results/full181_supplement/raw/formal_msa/seed9/boltz_results_full_blind_msa/predictions/full_blind_msa/full_blind_msa_model_0.pdb,all_cross_seed_pairs,Full181,Immunogen134,9,13,results/13_interface_analysis/formal_msa/complex_model_summary.csv,project27-160,70;73;74;79;132;133;135;136;137;139;140;142;143;144;146;147;149;150,70;74;79;135;136;139;140;142;143;144;145;146;147;149;150;153,0.7,0.7,both_nonempty,0,NA,NA
Full181;Immunogen134,formal_msa,9;14,results/full181_supplement/raw/formal_msa/seed9/boltz_results_full_blind_msa/predictions/full_blind_msa/full_blind_msa_model_0.pdb,all_cross_seed_pairs,Full181,Immunogen134,9,14,results/13_interface_analysis/formal_msa/complex_model_summary.csv,project27-160,70;73;74;79;132;133;135;136;137;139;140;142;143;144;146;147;149;150,27;40;43;92;93;96;97;98;100;109;110;112;113;116;117;120;121;123;124,0.0,0.0,both_nonempty,0,NA,NA
Full181;Immunogen134,formal_msa,9;15,results/full181_supplement/raw/formal_msa/seed9/boltz_results_full_blind_msa/predictions/full_blind_msa/full_blind_msa_model_0.pdb,all_cross_seed_pairs,Full181,Immunogen134,9,15,results/13_interface_analysis/formal_msa/complex_model_summary.csv,project27-160,70;73;74;79;132;133;135;136;137;139;140;142;143;144;146;147;149;150,70;74;79;132;133;134;135;136;137;139;140;142;143;144;146;147;149;150,0.8947368421052632,0.8947368421052632,both_nonempty,0,NA,NA
Full181;Immunogen134,formal_msa,10;1,results/full181_supplement/raw/formal_msa/seed10/boltz_results_full_blind_msa/predictions/full_blind_msa/full_blind_msa_model_0.pdb,all_cross_seed_pairs,Full181,Immunogen134,10,1,results/13_interface_analysis/formal_msa/complex_model_summary.csv,project27-160,30;70;73;74;79;132;133;135;136;139;140;142;143;144;146,70;73;132;133;135;136;139;140;142;143;144;146;147;149;150,0.6666666666666666,0.6666666666666666,both_nonempty,0,NA,NA
Full181;Immunogen134,formal_msa,10;2,results/full181_supplement/raw/formal_msa/seed10/boltz_results_full_blind_msa/predictions/full_blind_msa/full_blind_msa_model_0.pdb,all_cross_seed_pairs,Full181,Immunogen134,10,2,results/13_interface_analysis/formal_msa/complex_model_summary.csv,project27-160,30;70;73;74;79;132;133;135;136;139;140;142;143;144;146,27;37;38;93;96;97;100;101;103;104;105;106;107;108;109;110;112;113;116;117;120;121;123;124;125,0.0,0.0,both_nonempty,0,NA,NA
Full181;Immunogen134,formal_msa,10;3,results/full181_supplement/raw/formal_msa/seed10/boltz_results_full_blind_msa/predictions/full_blind_msa/full_blind_msa_model_0.pdb,all_cross_seed_pairs,Full181,Immunogen134,10,3,results/13_interface_analysis/formal_msa/complex_model_summary.csv,project27-160,30;70;73;74;79;132;133;135;136;139;140;142;143;144;146,40;43;92;93;96;97;100;107;109;110;112;113;114;116;117;120;121;124;127;130,0.0,0.0,both_nonempty,0,NA,NA
Full181;Immunogen134,formal_msa,10;4,results/full181_supplement/raw/formal_msa/seed10/boltz_results_full_blind_msa/predictions/full_blind_msa/full_blind_msa_model_0.pdb,all_cross_seed_pairs,Full181,Immunogen134,10,4,results/13_interface_analysis/formal_msa/complex_model_summary.csv,project27-160,30;70;73;74;79;132;133;135;136;139;140;142;143;144;146,79;89;132;133;135;136;137;139;140;142;143;145;146;149;150;153,0.47619047619047616,0.47619047619047616,both_nonempty,0,NA,NA
Full181;Immunogen134,formal_msa,10;5,results/full181_supplement/raw/formal_msa/seed10/boltz_results_full_blind_msa/predictions/full_blind_msa/full_blind_msa_model_0.pdb,all_cross_seed_pairs,Full181,Immunogen134,10,5,results/13_interface_analysis/formal_msa/complex_model_summary.csv,project27-160,30;70;73;74;79;132;133;135;136;139;140;142;143;144;146,73;79;132;135;136;139;140;142;143;144;146;147;149;150;153,0.5789473684210527,0.5789473684210527,both_nonempty,0,NA,NA
Full181;Immunogen134,formal_msa,10;6,results/full181_supplement/raw/formal_msa/seed10/boltz_results_full_blind_msa/predictions/full_blind_msa/full_blind_msa_model_0.pdb,all_cross_seed_pairs,Full181,Immunogen134,10,6,results/13_interface_analysis/formal_msa/complex_model_summary.csv,project27-160,30;70;73;74;79;132;133;135;136;139;140;142;143;144;146,73;79;132;135;136;139;140;142;143;144;146;147;149;150;153,0.5789473684210527,0.5789473684210527,both_nonempty,0,NA,NA
Full181;Immunogen134,formal_msa,10;7,results/full181_supplement/raw/formal_msa/seed10/boltz_results_full_blind_msa/predictions/full_blind_msa/full_blind_msa_model_0.pdb,all_cross_seed_pairs,Full181,Immunogen134,10,7,results/13_interface_analysis/formal_msa/complex_model_summary.csv,project27-160,30;70;73;74;79;132;133;135;136;139;140;142;143;144;146,70;73;74;79;133;135;136;139;140;142;143;144;146;147;149;150;153,0.6842105263157895,0.6842105263157895,both_nonempty,0,NA,NA
Full181;Immunogen134,formal_msa,10;8,results/full181_supplement/raw/formal_msa/seed10/boltz_results_full_blind_msa/predictions/full_blind_msa/full_blind_msa_model_0.pdb,all_cross_seed_pairs,Full181,Immunogen134,10,8,results/13_interface_analysis/formal_msa/complex_model_summary.csv,project27-160,30;70;73;74;79;132;133;135;136;139;140;142;143;144;146,27;37;38;40;43;92;93;96;97;100;103;104;105;106;107;108;109;110;112;113;114;116;117;120;121;123;124;125;127,0.0,0.0,both_nonempty,0,NA,NA
Full181;Immunogen134,formal_msa,10;9,results/full181_supplement/raw/formal_msa/seed10/boltz_results_full_blind_msa/predictions/full_blind_msa/full_blind_msa_model_0.pdb,all_cross_seed_pairs,Full181,Immunogen134,10,9,results/13_interface_analysis/formal_msa/complex_model_summary.csv,project27-160,30;70;73;74;79;132;133;135;136;139;140;142;143;144;146,27;37;38;39;40;42;43;46;92;96;97;100;107;108;109;110;111;112;113;114;116;117;118;120;121;124;125;127,0.0,0.0,both_nonempty,0,NA,NA
Full181;Immunogen134,formal_msa,10;10,results/full181_supplement/raw/formal_msa/seed10/boltz_results_full_blind_msa/predictions/full_blind_msa/full_blind_msa_model_0.pdb,all_cross_seed_pairs,Full181,Immunogen134,10,10,results/13_interface_analysis/formal_msa/complex_model_summary.csv,project27-160,30;70;73;74;79;132;133;135;136;139;140;142;143;144;146,40;43;92;93;96;97;100;109;110;112;113;114;116;117;120;121;123;124;127;130,0.0,0.0,both_nonempty,0,NA,NA
Full181;Immunogen134,formal_msa,10;11,results/full181_supplement/raw/formal_msa/seed10/boltz_results_full_blind_msa/predictions/full_blind_msa/full_blind_msa_model_0.pdb,all_cross_seed_pairs,Full181,Immunogen134,10,11,results/13_interface_analysis/formal_msa/complex_model_summary.csv,project27-160,30;70;73;74;79;132;133;135;136;139;140;142;143;144;146,70;71;73;74;79;133;135;136;137;139;140;142;143;144;146;147;150,0.6842105263157895,0.6842105263157895,both_nonempty,0,NA,NA
Full181;Immunogen134,formal_msa,10;12,results/full181_supplement/raw/formal_msa/seed10/boltz_results_full_blind_msa/predictions/full_blind_msa/full_blind_msa_model_0.pdb,all_cross_seed_pairs,Full181,Immunogen134,10,12,results/13_interface_analysis/formal_msa/complex_model_summary.csv,project27-160,30;70;73;74;79;132;133;135;136;139;140;142;143;144;146,27;38;40;43;92;93;96;97;100;109;110;112;113;116;117;120;121;123;124;127;130,0.0,0.0,both_nonempty,0,NA,NA
Full181;Immunogen134,formal_msa,10;13,results/full181_supplement/raw/formal_msa/seed10/boltz_results_full_blind_msa/predictions/full_blind_msa/full_blind_msa_model_0.pdb,all_cross_seed_pairs,Full181,Immunogen134,10,13,results/13_interface_analysis/formal_msa/complex_model_summary.csv,project27-160,30;70;73;74;79;132;133;135;136;139;140;142;143;144;146,70;74;79;135;136;139;140;142;143;144;145;146;147;149;150;153,0.55,0.55,both_nonempty,0,NA,NA
Full181;Immunogen134,formal_msa,10;14,results/full181_supplement/raw/formal_msa/seed10/boltz_results_full_blind_msa/predictions/full_blind_msa/full_blind_msa_model_0.pdb,all_cross_seed_pairs,Full181,Immunogen134,10,14,results/13_interface_analysis/formal_msa/complex_model_summary.csv,project27-160,30;70;73;74;79;132;133;135;136;139;140;142;143;144;146,27;40;43;92;93;96;97;98;100;109;110;112;113;116;117;120;121;123;124,0.0,0.0,both_nonempty,0,NA,NA
Full181;Immunogen134,formal_msa,10;15,results/full181_supplement/raw/formal_msa/seed10/boltz_results_full_blind_msa/predictions/full_blind_msa/full_blind_msa_model_0.pdb,all_cross_seed_pairs,Full181,Immunogen134,10,15,results/13_interface_analysis/formal_msa/complex_model_summary.csv,project27-160,30;70;73;74;79;132;133;135;136;139;140;142;143;144;146,70;74;79;132;133;134;135;136;137;139;140;142;143;144;146;147;149;150,0.65,0.65,both_nonempty,0,NA,NA
Full181;Immunogen134,formal_msa,11;1,results/full181_supplement/raw/formal_msa/seed11/boltz_results_full_blind_msa/predictions/full_blind_msa/full_blind_msa_model_0.pdb,all_cross_seed_pairs,Full181,Immunogen134,11,1,results/13_interface_analysis/formal_msa/complex_model_summary.csv,project27-160,79;132;133;135;136;139;140;142;143;144;146;147;149;150,70;73;132;133;135;136;139;140;142;143;144;146;147;149;150,0.8125,0.8125,both_nonempty,0,NA,NA
Full181;Immunogen134,formal_msa,11;2,results/full181_supplement/raw/formal_msa/seed11/boltz_results_full_blind_msa/predictions/full_blind_msa/full_blind_msa_model_0.pdb,all_cross_seed_pairs,Full181,Immunogen134,11,2,results/13_interface_analysis/formal_msa/complex_model_summary.csv,project27-160,79;132;133;135;136;139;140;142;143;144;146;147;149;150,27;37;38;93;96;97;100;101;103;104;105;106;107;108;109;110;112;113;116;117;120;121;123;124;125,0.0,0.0,both_nonempty,0,NA,NA
Full181;Immunogen134,formal_msa,11;3,results/full181_supplement/raw/formal_msa/seed11/boltz_results_full_blind_msa/predictions/full_blind_msa/full_blind_msa_model_0.pdb,all_cross_seed_pairs,Full181,Immunogen134,11,3,results/13_interface_analysis/formal_msa/complex_model_summary.csv,project27-160,79;132;133;135;136;139;140;142;143;144;146;147;149;150,40;43;92;93;96;97;100;107;109;110;112;113;114;116;117;120;121;124;127;130,0.0,0.0,both_nonempty,0,NA,NA
Full181;Immunogen134,formal_msa,11;4,results/full181_supplement/raw/formal_msa/seed11/boltz_results_full_blind_msa/predictions/full_blind_msa/full_blind_msa_model_0.pdb,all_cross_seed_pairs,Full181,Immunogen134,11,4,results/13_interface_analysis/formal_msa/complex_model_summary.csv,project27-160,79;132;133;135;136;139;140;142;143;144;146;147;149;150,79;89;132;133;135;136;137;139;140;142;143;145;146;149;150;153,0.6666666666666666,0.6666666666666666,both_nonempty,0,NA,NA
Full181;Immunogen134,formal_msa,11;5,results/full181_supplement/raw/formal_msa/seed11/boltz_results_full_blind_msa/predictions/full_blind_msa/full_blind_msa_model_0.pdb,all_cross_seed_pairs,Full181,Immunogen134,11,5,results/13_interface_analysis/formal_msa/complex_model_summary.csv,project27-160,79;132;133;135;136;139;140;142;143;144;146;147;149;150,73;79;132;135;136;139;140;142;143;144;146;147;149;150;153,0.8125,0.8125,both_nonempty,0,NA,NA
Full181;Immunogen134,formal_msa,11;6,results/full181_supplement/raw/formal_msa/seed11/boltz_results_full_blind_msa/predictions/full_blind_msa/full_blind_msa_model_0.pdb,all_cross_seed_pairs,Full181,Immunogen134,11,6,results/13_interface_analysis/formal_msa/complex_model_summary.csv,project27-160,79;132;133;135;136;139;140;142;143;144;146;147;149;150,73;79;132;135;136;139;140;142;143;144;146;147;149;150;153,0.8125,0.8125,both_nonempty,0,NA,NA
Full181;Immunogen134,formal_msa,11;7,results/full181_supplement/raw/formal_msa/seed11/boltz_results_full_blind_msa/predictions/full_blind_msa/full_blind_msa_model_0.pdb,all_cross_seed_pairs,Full181,Immunogen134,11,7,results/13_interface_analysis/formal_msa/complex_model_summary.csv,project27-160,79;132;133;135;136;139;140;142;143;144;146;147;149;150,70;73;74;79;133;135;136;139;140;142;143;144;146;147;149;150;153,0.7222222222222222,0.7222222222222222,both_nonempty,0,NA,NA
Full181;Immunogen134,formal_msa,11;8,results/full181_supplement/raw/formal_msa/seed11/boltz_results_full_blind_msa/predictions/full_blind_msa/full_blind_msa_model_0.pdb,all_cross_seed_pairs,Full181,Immunogen134,11,8,results/13_interface_analysis/formal_msa/complex_model_summary.csv,project27-160,79;132;133;135;136;139;140;142;143;144;146;147;149;150,27;37;38;40;43;92;93;96;97;100;103;104;105;106;107;108;109;110;112;113;114;116;117;120;121;123;124;125;127,0.0,0.0,both_nonempty,0,NA,NA
Full181;Immunogen134,formal_msa,11;9,results/full181_supplement/raw/formal_msa/seed11/boltz_results_full_blind_msa/predictions/full_blind_msa/full_blind_msa_model_0.pdb,all_cross_seed_pairs,Full181,Immunogen134,11,9,results/13_interface_analysis/formal_msa/complex_model_summary.csv,project27-160,79;132;133;135;136;139;140;142;143;144;146;147;149;150,27;37;38;39;40;42;43;46;92;96;97;100;107;108;109;110;111;112;113;114;116;117;118;120;121;124;125;127,0.0,0.0,both_nonempty,0,NA,NA
Full181;Immunogen134,formal_msa,11;10,results/full181_supplement/raw/formal_msa/seed11/boltz_results_full_blind_msa/predictions/full_blind_msa/full_blind_msa_model_0.pdb,all_cross_seed_pairs,Full181,Immunogen134,11,10,results/13_interface_analysis/formal_msa/complex_model_summary.csv,project27-160,79;132;133;135;136;139;140;142;143;144;146;147;149;150,40;43;92;93;96;97;100;109;110;112;113;114;116;117;120;121;123;124;127;130,0.0,0.0,both_nonempty,0,NA,NA
Full181;Immunogen134,formal_msa,11;11,results/full181_supplement/raw/formal_msa/seed11/boltz_results_full_blind_msa/predictions/full_blind_msa/full_blind_msa_model_0.pdb,all_cross_seed_pairs,Full181,Immunogen134,11,11,results/13_interface_analysis/formal_msa/complex_model_summary.csv,project27-160,79;132;133;135;136;139;140;142;143;144;146;147;149;150,70;71;73;74;79;133;135;136;137;139;140;142;143;144;146;147;150,0.631578947368421,0.631578947368421,both_nonempty,0,NA,NA
Full181;Immunogen134,formal_msa,11;12,results/full181_supplement/raw/formal_msa/seed11/boltz_results_full_blind_msa/predictions/full_blind_msa/full_blind_msa_model_0.pdb,all_cross_seed_pairs,Full181,Immunogen134,11,12,results/13_interface_analysis/formal_msa/complex_model_summary.csv,project27-160,79;132;133;135;136;139;140;142;143;144;146;147;149;150,27;38;40;43;92;93;96;97;100;109;110;112;113;116;117;120;121;123;124;127;130,0.0,0.0,both_nonempty,0,NA,NA
Full181;Immunogen134,formal_msa,11;13,results/full181_supplement/raw/formal_msa/seed11/boltz_results_full_blind_msa/predictions/full_blind_msa/full_blind_msa_model_0.pdb,all_cross_seed_pairs,Full181,Immunogen134,11,13,results/13_interface_analysis/formal_msa/complex_model_summary.csv,project27-160,79;132;133;135;136;139;140;142;143;144;146;147;149;150,70;74;79;135;136;139;140;142;143;144;145;146;147;149;150;153,0.6666666666666666,0.6666666666666666,both_nonempty,0,NA,NA
Full181;Immunogen134,formal_msa,11;14,results/full181_supplement/raw/formal_msa/seed11/boltz_results_full_blind_msa/predictions/full_blind_msa/full_blind_msa_model_0.pdb,all_cross_seed_pairs,Full181,Immunogen134,11,14,results/13_interface_analysis/formal_msa/complex_model_summary.csv,project27-160,79;132;133;135;136;139;140;142;143;144;146;147;149;150,27;40;43;92;93;96;97;98;100;109;110;112;113;116;117;120;121;123;124,0.0,0.0,both_nonempty,0,NA,NA
Full181;Immunogen134,formal_msa,11;15,results/full181_supplement/raw/formal_msa/seed11/boltz_results_full_blind_msa/predictions/full_blind_msa/full_blind_msa_model_0.pdb,all_cross_seed_pairs,Full181,Immunogen134,11,15,results/13_interface_analysis/formal_msa/complex_model_summary.csv,project27-160,79;132;133;135;136;139;140;142;143;144;146;147;149;150,70;74;79;132;133;134;135;136;137;139;140;142;143;144;146;147;149;150,0.7777777777777778,0.7777777777777778,both_nonempty,0,NA,NA
Full181;Immunogen134,formal_msa,12;1,results/full181_supplement/raw/formal_msa/seed12/boltz_results_full_blind_msa/predictions/full_blind_msa/full_blind_msa_model_0.pdb,all_cross_seed_pairs,Full181,Immunogen134,12,1,results/13_interface_analysis/formal_msa/complex_model_summary.csv,project27-160,91;92;93;94;96;97;98;100;101;102;104;105;109;110;112;113;116;117;120;121;123;124;157;158,70;73;132;133;135;136;139;140;142;143;144;146;147;149;150,0.0,0.0,both_nonempty,0,NA,NA
Full181;Immunogen134,formal_msa,12;2,results/full181_supplement/raw/formal_msa/seed12/boltz_results_full_blind_msa/predictions/full_blind_msa/full_blind_msa_model_0.pdb,all_cross_seed_pairs,Full181,Immunogen134,12,2,results/13_interface_analysis/formal_msa/complex_model_summary.csv,project27-160,91;92;93;94;96;97;98;100;101;102;104;105;109;110;112;113;116;117;120;121;123;124;157;158,27;37;38;93;96;97;100;101;103;104;105;106;107;108;109;110;112;113;116;117;120;121;123;124;125,0.53125,0.53125,both_nonempty,0,NA,NA
Full181;Immunogen134,formal_msa,12;3,results/full181_supplement/raw/formal_msa/seed12/boltz_results_full_blind_msa/predictions/full_blind_msa/full_blind_msa_model_0.pdb,all_cross_seed_pairs,Full181,Immunogen134,12,3,results/13_interface_analysis/formal_msa/complex_model_summary.csv,project27-160,91;92;93;94;96;97;98;100;101;102;104;105;109;110;112;113;116;117;120;121;123;124;157;158,40;43;92;93;96;97;100;107;109;110;112;113;114;116;117;120;121;124;127;130,0.4666666666666667,0.4666666666666667,both_nonempty,0,NA,NA
Full181;Immunogen134,formal_msa,12;4,results/full181_supplement/raw/formal_msa/seed12/boltz_results_full_blind_msa/predictions/full_blind_msa/full_blind_msa_model_0.pdb,all_cross_seed_pairs,Full181,Immunogen134,12,4,results/13_interface_analysis/formal_msa/complex_model_summary.csv,project27-160,91;92;93;94;96;97;98;100;101;102;104;105;109;110;112;113;116;117;120;121;123;124;157;158,79;89;132;133;135;136;137;139;140;142;143;145;146;149;150;153,0.0,0.0,both_nonempty,0,NA,NA
Full181;Immunogen134,formal_msa,12;5,results/full181_supplement/raw/formal_msa/seed12/boltz_results_full_blind_msa/predictions/full_blind_msa/full_blind_msa_model_0.pdb,all_cross_seed_pairs,Full181,Immunogen134,12,5,results/13_interface_analysis/formal_msa/complex_model_summary.csv,project27-160,91;92;93;94;96;97;98;100;101;102;104;105;109;110;112;113;116;117;120;121;123;124;157;158,73;79;132;135;136;139;140;142;143;144;146;147;149;150;153,0.0,0.0,both_nonempty,0,NA,NA
Full181;Immunogen134,formal_msa,12;6,results/full181_supplement/raw/formal_msa/seed12/boltz_results_full_blind_msa/predictions/full_blind_msa/full_blind_msa_model_0.pdb,all_cross_seed_pairs,Full181,Immunogen134,12,6,results/13_interface_analysis/formal_msa/complex_model_summary.csv,project27-160,91;92;93;94;96;97;98;100;101;102;104;105;109;110;112;113;116;117;120;121;123;124;157;158,73;79;132;135;136;139;140;142;143;144;146;147;149;150;153,0.0,0.0,both_nonempty,0,NA,NA
Full181;Immunogen134,formal_msa,12;7,results/full181_supplement/raw/formal_msa/seed12/boltz_results_full_blind_msa/predictions/full_blind_msa/full_blind_msa_model_0.pdb,all_cross_seed_pairs,Full181,Immunogen134,12,7,results/13_interface_analysis/formal_msa/complex_model_summary.csv,project27-160,91;92;93;94;96;97;98;100;101;102;104;105;109;110;112;113;116;117;120;121;123;124;157;158,70;73;74;79;133;135;136;139;140;142;143;144;146;147;149;150;153,0.0,0.0,both_nonempty,0,NA,NA
Full181;Immunogen134,formal_msa,12;8,results/full181_supplement/raw/formal_msa/seed12/boltz_results_full_blind_msa/predictions/full_blind_msa/full_blind_msa_model_0.pdb,all_cross_seed_pairs,Full181,Immunogen134,12,8,results/13_interface_analysis/formal_msa/complex_model_summary.csv,project27-160,91;92;93;94;96;97;98;100;101;102;104;105;109;110;112;113;116;117;120;121;123;124;157;158,27;37;38;40;43;92;93;96;97;100;103;104;105;106;107;108;109;110;112;113;114;116;117;120;121;123;124;125;127,0.4722222222222222,0.4722222222222222,both_nonempty,0,NA,NA
Full181;Immunogen134,formal_msa,12;9,results/full181_supplement/raw/formal_msa/seed12/boltz_results_full_blind_msa/predictions/full_blind_msa/full_blind_msa_model_0.pdb,all_cross_seed_pairs,Full181,Immunogen134,12,9,results/13_interface_analysis/formal_msa/complex_model_summary.csv,project27-160,91;92;93;94;96;97;98;100;101;102;104;105;109;110;112;113;116;117;120;121;123;124;157;158,27;37;38;39;40;42;43;46;92;96;97;100;107;108;109;110;111;112;113;114;116;117;118;120;121;124;125;127,0.3333333333333333,0.3333333333333333,both_nonempty,0,NA,NA
Full181;Immunogen134,formal_msa,12;10,results/full181_supplement/raw/formal_msa/seed12/boltz_results_full_blind_msa/predictions/full_blind_msa/full_blind_msa_model_0.pdb,all_cross_seed_pairs,Full181,Immunogen134,12,10,results/13_interface_analysis/formal_msa/complex_model_summary.csv,project27-160,91;92;93;94;96;97;98;100;101;102;104;105;109;110;112;113;116;117;120;121;123;124;157;158,40;43;92;93;96;97;100;109;110;112;113;114;116;117;120;121;123;124;127;130,0.5172413793103449,0.5172413793103449,both_nonempty,0,NA,NA
Full181;Immunogen134,formal_msa,12;11,results/full181_supplement/raw/formal_msa/seed12/boltz_results_full_blind_msa/predictions/full_blind_msa/full_blind_msa_model_0.pdb,all_cross_seed_pairs,Full181,Immunogen134,12,11,results/13_interface_analysis/formal_msa/complex_model_summary.csv,project27-160,91;92;93;94;96;97;98;100;101;102;104;105;109;110;112;113;116;117;120;121;123;124;157;158,70;71;73;74;79;133;135;136;137;139;140;142;143;144;146;147;150,0.0,0.0,both_nonempty,0,NA,NA
Full181;Immunogen134,formal_msa,12;12,results/full181_supplement/raw/formal_msa/seed12/boltz_results_full_blind_msa/predictions/full_blind_msa/full_blind_msa_model_0.pdb,all_cross_seed_pairs,Full181,Immunogen134,12,12,results/13_interface_analysis/formal_msa/complex_model_summary.csv,project27-160,91;92;93;94;96;97;98;100;101;102;104;105;109;110;112;113;116;117;120;121;123;124;157;158,27;38;40;43;92;93;96;97;100;109;110;112;113;116;117;120;121;123;124;127;130,0.5,0.5,both_nonempty,0,NA,NA
Full181;Immunogen134,formal_msa,12;13,results/full181_supplement/raw/formal_msa/seed12/boltz_results_full_blind_msa/predictions/full_blind_msa/full_blind_msa_model_0.pdb,all_cross_seed_pairs,Full181,Immunogen134,12,13,results/13_interface_analysis/formal_msa/complex_model_summary.csv,project27-160,91;92;93;94;96;97;98;100;101;102;104;105;109;110;112;113;116;117;120;121;123;124;157;158,70;74;79;135;136;139;140;142;143;144;145;146;147;149;150;153,0.0,0.0,both_nonempty,0,NA,NA
Full181;Immunogen134,formal_msa,12;14,results/full181_supplement/raw/formal_msa/seed12/boltz_results_full_blind_msa/predictions/full_blind_msa/full_blind_msa_model_0.pdb,all_cross_seed_pairs,Full181,Immunogen134,12,14,results/13_interface_analysis/formal_msa/complex_model_summary.csv,project27-160,91;92;93;94;96;97;98;100;101;102;104;105;109;110;112;113;116;117;120;121;123;124;157;158,27;40;43;92;93;96;97;98;100;109;110;112;113;116;117;120;121;123;124,0.5925925925925926,0.5925925925925926,both_nonempty,0,NA,NA
Full181;Immunogen134,formal_msa,12;15,results/full181_supplement/raw/formal_msa/seed12/boltz_results_full_blind_msa/predictions/full_blind_msa/full_blind_msa_model_0.pdb,all_cross_seed_pairs,Full181,Immunogen134,12,15,results/13_interface_analysis/formal_msa/complex_model_summary.csv,project27-160,91;92;93;94;96;97;98;100;101;102;104;105;109;110;112;113;116;117;120;121;123;124;157;158,70;74;79;132;133;134;135;136;137;139;140;142;143;144;146;147;149;150,0.0,0.0,both_nonempty,0,NA,NA
Full181;Immunogen134,formal_msa,13;1,results/full181_supplement/raw/formal_msa/seed13/boltz_results_full_blind_msa/predictions/full_blind_msa/full_blind_msa_model_0.pdb,all_cross_seed_pairs,Full181,Immunogen134,13,1,results/13_interface_analysis/formal_msa/complex_model_summary.csv,project27-160,73;132;133;135;136;139;140;142;143;144;145;146;147;149;150,70;73;132;133;135;136;139;140;142;143;144;146;147;149;150,0.875,0.875,both_nonempty,0,NA,NA
Full181;Immunogen134,formal_msa,13;2,results/full181_supplement/raw/formal_msa/seed13/boltz_results_full_blind_msa/predictions/full_blind_msa/full_blind_msa_model_0.pdb,all_cross_seed_pairs,Full181,Immunogen134,13,2,results/13_interface_analysis/formal_msa/complex_model_summary.csv,project27-160,73;132;133;135;136;139;140;142;143;144;145;146;147;149;150,27;37;38;93;96;97;100;101;103;104;105;106;107;108;109;110;112;113;116;117;120;121;123;124;125,0.0,0.0,both_nonempty,0,NA,NA
Full181;Immunogen134,formal_msa,13;3,results/full181_supplement/raw/formal_msa/seed13/boltz_results_full_blind_msa/predictions/full_blind_msa/full_blind_msa_model_0.pdb,all_cross_seed_pairs,Full181,Immunogen134,13,3,results/13_interface_analysis/formal_msa/complex_model_summary.csv,project27-160,73;132;133;135;136;139;140;142;143;144;145;146;147;149;150,40;43;92;93;96;97;100;107;109;110;112;113;114;116;117;120;121;124;127;130,0.0,0.0,both_nonempty,0,NA,NA
Full181;Immunogen134,formal_msa,13;4,results/full181_supplement/raw/formal_msa/seed13/boltz_results_full_blind_msa/predictions/full_blind_msa/full_blind_msa_model_0.pdb,all_cross_seed_pairs,Full181,Immunogen134,13,4,results/13_interface_analysis/formal_msa/complex_model_summary.csv,project27-160,73;132;133;135;136;139;140;142;143;144;145;146;147;149;150,79;89;132;133;135;136;137;139;140;142;143;145;146;149;150;153,0.631578947368421,0.631578947368421,both_nonempty,0,NA,NA
Full181;Immunogen134,formal_msa,13;5,results/full181_supplement/raw/formal_msa/seed13/boltz_results_full_blind_msa/predictions/full_blind_msa/full_blind_msa_model_0.pdb,all_cross_seed_pairs,Full181,Immunogen134,13,5,results/13_interface_analysis/formal_msa/complex_model_summary.csv,project27-160,73;132;133;135;136;139;140;142;143;144;145;146;147;149;150,73;79;132;135;136;139;140;142;143;144;146;147;149;150;153,0.7647058823529411,0.7647058823529411,both_nonempty,0,NA,NA
Full181;Immunogen134,formal_msa,13;6,results/full181_supplement/raw/formal_msa/seed13/boltz_results_full_blind_msa/predictions/full_blind_msa/full_blind_msa_model_0.pdb,all_cross_seed_pairs,Full181,Immunogen134,13,6,results/13_interface_analysis/formal_msa/complex_model_summary.csv,project27-160,73;132;133;135;136;139;140;142;143;144;145;146;147;149;150,73;79;132;135;136;139;140;142;143;144;146;147;149;150;153,0.7647058823529411,0.7647058823529411,both_nonempty,0,NA,NA
Full181;Immunogen134,formal_msa,13;7,results/full181_supplement/raw/formal_msa/seed13/boltz_results_full_blind_msa/predictions/full_blind_msa/full_blind_msa_model_0.pdb,all_cross_seed_pairs,Full181,Immunogen134,13,7,results/13_interface_analysis/formal_msa/complex_model_summary.csv,project27-160,73;132;133;135;136;139;140;142;143;144;145;146;147;149;150,70;73;74;79;133;135;136;139;140;142;143;144;146;147;149;150;153,0.6842105263157895,0.6842105263157895,both_nonempty,0,NA,NA
Full181;Immunogen134,formal_msa,13;8,results/full181_supplement/raw/formal_msa/seed13/boltz_results_full_blind_msa/predictions/full_blind_msa/full_blind_msa_model_0.pdb,all_cross_seed_pairs,Full181,Immunogen134,13,8,results/13_interface_analysis/formal_msa/complex_model_summary.csv,project27-160,73;132;133;135;136;139;140;142;143;144;145;146;147;149;150,27;37;38;40;43;92;93;96;97;100;103;104;105;106;107;108;109;110;112;113;114;116;117;120;121;123;124;125;127,0.0,0.0,both_nonempty,0,NA,NA
Full181;Immunogen134,formal_msa,13;9,results/full181_supplement/raw/formal_msa/seed13/boltz_results_full_blind_msa/predictions/full_blind_msa/full_blind_msa_model_0.pdb,all_cross_seed_pairs,Full181,Immunogen134,13,9,results/13_interface_analysis/formal_msa/complex_model_summary.csv,project27-160,73;132;133;135;136;139;140;142;143;144;145;146;147;149;150,27;37;38;39;40;42;43;46;92;96;97;100;107;108;109;110;111;112;113;114;116;117;118;120;121;124;125;127,0.0,0.0,both_nonempty,0,NA,NA
Full181;Immunogen134,formal_msa,13;10,results/full181_supplement/raw/formal_msa/seed13/boltz_results_full_blind_msa/predictions/full_blind_msa/full_blind_msa_model_0.pdb,all_cross_seed_pairs,Full181,Immunogen134,13,10,results/13_interface_analysis/formal_msa/complex_model_summary.csv,project27-160,73;132;133;135;136;139;140;142;143;144;145;146;147;149;150,40;43;92;93;96;97;100;109;110;112;113;114;116;117;120;121;123;124;127;130,0.0,0.0,both_nonempty,0,NA,NA
Full181;Immunogen134,formal_msa,13;11,results/full181_supplement/raw/formal_msa/seed13/boltz_results_full_blind_msa/predictions/full_blind_msa/full_blind_msa_model_0.pdb,all_cross_seed_pairs,Full181,Immunogen134,13,11,results/13_interface_analysis/formal_msa/complex_model_summary.csv,project27-160,73;132;133;135;136;139;140;142;143;144;145;146;147;149;150,70;71;73;74;79;133;135;136;137;139;140;142;143;144;146;147;150,0.6,0.6,both_nonempty,0,NA,NA
Full181;Immunogen134,formal_msa,13;12,results/full181_supplement/raw/formal_msa/seed13/boltz_results_full_blind_msa/predictions/full_blind_msa/full_blind_msa_model_0.pdb,all_cross_seed_pairs,Full181,Immunogen134,13,12,results/13_interface_analysis/formal_msa/complex_model_summary.csv,project27-160,73;132;133;135;136;139;140;142;143;144;145;146;147;149;150,27;38;40;43;92;93;96;97;100;109;110;112;113;116;117;120;121;123;124;127;130,0.0,0.0,both_nonempty,0,NA,NA
Full181;Immunogen134,formal_msa,13;13,results/full181_supplement/raw/formal_msa/seed13/boltz_results_full_blind_msa/predictions/full_blind_msa/full_blind_msa_model_0.pdb,all_cross_seed_pairs,Full181,Immunogen134,13,13,results/13_interface_analysis/formal_msa/complex_model_summary.csv,project27-160,73;132;133;135;136;139;140;142;143;144;145;146;147;149;150,70;74;79;135;136;139;140;142;143;144;145;146;147;149;150;153,0.631578947368421,0.631578947368421,both_nonempty,0,NA,NA
Full181;Immunogen134,formal_msa,13;14,results/full181_supplement/raw/formal_msa/seed13/boltz_results_full_blind_msa/predictions/full_blind_msa/full_blind_msa_model_0.pdb,all_cross_seed_pairs,Full181,Immunogen134,13,14,results/13_interface_analysis/formal_msa/complex_model_summary.csv,project27-160,73;132;133;135;136;139;140;142;143;144;145;146;147;149;150,27;40;43;92;93;96;97;98;100;109;110;112;113;116;117;120;121;123;124,0.0,0.0,both_nonempty,0,NA,NA
Full181;Immunogen134,formal_msa,13;15,results/full181_supplement/raw/formal_msa/seed13/boltz_results_full_blind_msa/predictions/full_blind_msa/full_blind_msa_model_0.pdb,all_cross_seed_pairs,Full181,Immunogen134,13,15,results/13_interface_analysis/formal_msa/complex_model_summary.csv,project27-160,73;132;133;135;136;139;140;142;143;144;145;146;147;149;150,70;74;79;132;133;134;135;136;137;139;140;142;143;144;146;147;149;150,0.65,0.65,both_nonempty,0,NA,NA
Full181;Immunogen134,formal_msa,14;1,results/full181_supplement/raw/formal_msa/seed14/boltz_results_full_blind_msa/predictions/full_blind_msa/full_blind_msa_model_0.pdb,all_cross_seed_pairs,Full181,Immunogen134,14,1,results/13_interface_analysis/formal_msa/complex_model_summary.csv,project27-160,86;130;132;135;136;139;140;142;143;146;147;149;150,70;73;132;133;135;136;139;140;142;143;144;146;147;149;150,0.6470588235294118,0.6470588235294118,both_nonempty,0,NA,NA
Full181;Immunogen134,formal_msa,14;2,results/full181_supplement/raw/formal_msa/seed14/boltz_results_full_blind_msa/predictions/full_blind_msa/full_blind_msa_model_0.pdb,all_cross_seed_pairs,Full181,Immunogen134,14,2,results/13_interface_analysis/formal_msa/complex_model_summary.csv,project27-160,86;130;132;135;136;139;140;142;143;146;147;149;150,27;37;38;93;96;97;100;101;103;104;105;106;107;108;109;110;112;113;116;117;120;121;123;124;125,0.0,0.0,both_nonempty,0,NA,NA
Full181;Immunogen134,formal_msa,14;3,results/full181_supplement/raw/formal_msa/seed14/boltz_results_full_blind_msa/predictions/full_blind_msa/full_blind_msa_model_0.pdb,all_cross_seed_pairs,Full181,Immunogen134,14,3,results/13_interface_analysis/formal_msa/complex_model_summary.csv,project27-160,86;130;132;135;136;139;140;142;143;146;147;149;150,40;43;92;93;96;97;100;107;109;110;112;113;114;116;117;120;121;124;127;130,0.03125,0.03125,both_nonempty,0,NA,NA
Full181;Immunogen134,formal_msa,14;4,results/full181_supplement/raw/formal_msa/seed14/boltz_results_full_blind_msa/predictions/full_blind_msa/full_blind_msa_model_0.pdb,all_cross_seed_pairs,Full181,Immunogen134,14,4,results/13_interface_analysis/formal_msa/complex_model_summary.csv,project27-160,86;130;132;135;136;139;140;142;143;146;147;149;150,79;89;132;133;135;136;137;139;140;142;143;145;146;149;150;153,0.5263157894736842,0.5263157894736842,both_nonempty,0,NA,NA
Full181;Immunogen134,formal_msa,14;5,results/full181_supplement/raw/formal_msa/seed14/boltz_results_full_blind_msa/predictions/full_blind_msa/full_blind_msa_model_0.pdb,all_cross_seed_pairs,Full181,Immunogen134,14,5,results/13_interface_analysis/formal_msa/complex_model_summary.csv,project27-160,86;130;132;135;136;139;140;142;143;146;147;149;150,73;79;132;135;136;139;140;142;143;144;146;147;149;150;153,0.6470588235294118,0.6470588235294118,both_nonempty,0,NA,NA
Full181;Immunogen134,formal_msa,14;6,results/full181_supplement/raw/formal_msa/seed14/boltz_results_full_blind_msa/predictions/full_blind_msa/full_blind_msa_model_0.pdb,all_cross_seed_pairs,Full181,Immunogen134,14,6,results/13_interface_analysis/formal_msa/complex_model_summary.csv,project27-160,86;130;132;135;136;139;140;142;143;146;147;149;150,73;79;132;135;136;139;140;142;143;144;146;147;149;150;153,0.6470588235294118,0.6470588235294118,both_nonempty,0,NA,NA
Full181;Immunogen134,formal_msa,14;7,results/full181_supplement/raw/formal_msa/seed14/boltz_results_full_blind_msa/predictions/full_blind_msa/full_blind_msa_model_0.pdb,all_cross_seed_pairs,Full181,Immunogen134,14,7,results/13_interface_analysis/formal_msa/complex_model_summary.csv,project27-160,86;130;132;135;136;139;140;142;143;146;147;149;150,70;73;74;79;133;135;136;139;140;142;143;144;146;147;149;150;153,0.5,0.5,both_nonempty,0,NA,NA
Full181;Immunogen134,formal_msa,14;8,results/full181_supplement/raw/formal_msa/seed14/boltz_results_full_blind_msa/predictions/full_blind_msa/full_blind_msa_model_0.pdb,all_cross_seed_pairs,Full181,Immunogen134,14,8,results/13_interface_analysis/formal_msa/complex_model_summary.csv,project27-160,86;130;132;135;136;139;140;142;143;146;147;149;150,27;37;38;40;43;92;93;96;97;100;103;104;105;106;107;108;109;110;112;113;114;116;117;120;121;123;124;125;127,0.0,0.0,both_nonempty,0,NA,NA
Full181;Immunogen134,formal_msa,14;9,results/full181_supplement/raw/formal_msa/seed14/boltz_results_full_blind_msa/predictions/full_blind_msa/full_blind_msa_model_0.pdb,all_cross_seed_pairs,Full181,Immunogen134,14,9,results/13_interface_analysis/formal_msa/complex_model_summary.csv,project27-160,86;130;132;135;136;139;140;142;143;146;147;149;150,27;37;38;39;40;42;43;46;92;96;97;100;107;108;109;110;111;112;113;114;116;117;118;120;121;124;125;127,0.0,0.0,both_nonempty,0,NA,NA
Full181;Immunogen134,formal_msa,14;10,results/full181_supplement/raw/formal_msa/seed14/boltz_results_full_blind_msa/predictions/full_blind_msa/full_blind_msa_model_0.pdb,all_cross_seed_pairs,Full181,Immunogen134,14,10,results/13_interface_analysis/formal_msa/complex_model_summary.csv,project27-160,86;130;132;135;136;139;140;142;143;146;147;149;150,40;43;92;93;96;97;100;109;110;112;113;114;116;117;120;121;123;124;127;130,0.03125,0.03125,both_nonempty,0,NA,NA
Full181;Immunogen134,formal_msa,14;11,results/full181_supplement/raw/formal_msa/seed14/boltz_results_full_blind_msa/predictions/full_blind_msa/full_blind_msa_model_0.pdb,all_cross_seed_pairs,Full181,Immunogen134,14,11,results/13_interface_analysis/formal_msa/complex_model_summary.csv,project27-160,86;130;132;135;136;139;140;142;143;146;147;149;150,70;71;73;74;79;133;135;136;137;139;140;142;143;144;146;147;150,0.42857142857142855,0.42857142857142855,both_nonempty,0,NA,NA
Full181;Immunogen134,formal_msa,14;12,results/full181_supplement/raw/formal_msa/seed14/boltz_results_full_blind_msa/predictions/full_blind_msa/full_blind_msa_model_0.pdb,all_cross_seed_pairs,Full181,Immunogen134,14,12,results/13_interface_analysis/formal_msa/complex_model_summary.csv,project27-160,86;130;132;135;136;139;140;142;143;146;147;149;150,27;38;40;43;92;93;96;97;100;109;110;112;113;116;117;120;121;123;124;127;130,0.030303030303030304,0.030303030303030304,both_nonempty,0,NA,NA
Full181;Immunogen134,formal_msa,14;13,results/full181_supplement/raw/formal_msa/seed14/boltz_results_full_blind_msa/predictions/full_blind_msa/full_blind_msa_model_0.pdb,all_cross_seed_pairs,Full181,Immunogen134,14,13,results/13_interface_analysis/formal_msa/complex_model_summary.csv,project27-160,86;130;132;135;136;139;140;142;143;146;147;149;150,70;74;79;135;136;139;140;142;143;144;145;146;147;149;150;153,0.5263157894736842,0.5263157894736842,both_nonempty,0,NA,NA
Full181;Immunogen134,formal_msa,14;14,results/full181_supplement/raw/formal_msa/seed14/boltz_results_full_blind_msa/predictions/full_blind_msa/full_blind_msa_model_0.pdb,all_cross_seed_pairs,Full181,Immunogen134,14,14,results/13_interface_analysis/formal_msa/complex_model_summary.csv,project27-160,86;130;132;135;136;139;140;142;143;146;147;149;150,27;40;43;92;93;96;97;98;100;109;110;112;113;116;117;120;121;123;124,0.0,0.0,both_nonempty,0,NA,NA
Full181;Immunogen134,formal_msa,14;15,results/full181_supplement/raw/formal_msa/seed14/boltz_results_full_blind_msa/predictions/full_blind_msa/full_blind_msa_model_0.pdb,all_cross_seed_pairs,Full181,Immunogen134,14,15,results/13_interface_analysis/formal_msa/complex_model_summary.csv,project27-160,86;130;132;135;136;139;140;142;143;146;147;149;150,70;74;79;132;133;134;135;136;137;139;140;142;143;144;146;147;149;150,0.55,0.55,both_nonempty,0,NA,NA
Full181;Immunogen134,formal_msa,15;1,results/full181_supplement/raw/formal_msa/seed15/boltz_results_full_blind_msa/predictions/full_blind_msa/full_blind_msa_model_0.pdb,all_cross_seed_pairs,Full181,Immunogen134,15,1,results/13_interface_analysis/formal_msa/complex_model_summary.csv,project27-160,70;73;74;79;135;136;137;138;139;140;142;143;144;146;147;149;150,70;73;132;133;135;136;139;140;142;143;144;146;147;149;150,0.6842105263157895,0.6842105263157895,both_nonempty,0,NA,NA
Full181;Immunogen134,formal_msa,15;2,results/full181_supplement/raw/formal_msa/seed15/boltz_results_full_blind_msa/predictions/full_blind_msa/full_blind_msa_model_0.pdb,all_cross_seed_pairs,Full181,Immunogen134,15,2,results/13_interface_analysis/formal_msa/complex_model_summary.csv,project27-160,70;73;74;79;135;136;137;138;139;140;142;143;144;146;147;149;150,27;37;38;93;96;97;100;101;103;104;105;106;107;108;109;110;112;113;116;117;120;121;123;124;125,0.0,0.0,both_nonempty,0,NA,NA
Full181;Immunogen134,formal_msa,15;3,results/full181_supplement/raw/formal_msa/seed15/boltz_results_full_blind_msa/predictions/full_blind_msa/full_blind_msa_model_0.pdb,all_cross_seed_pairs,Full181,Immunogen134,15,3,results/13_interface_analysis/formal_msa/complex_model_summary.csv,project27-160,70;73;74;79;135;136;137;138;139;140;142;143;144;146;147;149;150,40;43;92;93;96;97;100;107;109;110;112;113;114;116;117;120;121;124;127;130,0.0,0.0,both_nonempty,0,NA,NA
Full181;Immunogen134,formal_msa,15;4,results/full181_supplement/raw/formal_msa/seed15/boltz_results_full_blind_msa/predictions/full_blind_msa/full_blind_msa_model_0.pdb,all_cross_seed_pairs,Full181,Immunogen134,15,4,results/13_interface_analysis/formal_msa/complex_model_summary.csv,project27-160,70;73;74;79;135;136;137;138;139;140;142;143;144;146;147;149;150,79;89;132;133;135;136;137;139;140;142;143;145;146;149;150;153,0.5,0.5,both_nonempty,0,NA,NA
Full181;Immunogen134,formal_msa,15;5,results/full181_supplement/raw/formal_msa/seed15/boltz_results_full_blind_msa/predictions/full_blind_msa/full_blind_msa_model_0.pdb,all_cross_seed_pairs,Full181,Immunogen134,15,5,results/13_interface_analysis/formal_msa/complex_model_summary.csv,project27-160,70;73;74;79;135;136;137;138;139;140;142;143;144;146;147;149;150,73;79;132;135;136;139;140;142;143;144;146;147;149;150;153,0.6842105263157895,0.6842105263157895,both_nonempty,0,NA,NA
Full181;Immunogen134,formal_msa,15;6,results/full181_supplement/raw/formal_msa/seed15/boltz_results_full_blind_msa/predictions/full_blind_msa/full_blind_msa_model_0.pdb,all_cross_seed_pairs,Full181,Immunogen134,15,6,results/13_interface_analysis/formal_msa/complex_model_summary.csv,project27-160,70;73;74;79;135;136;137;138;139;140;142;143;144;146;147;149;150,73;79;132;135;136;139;140;142;143;144;146;147;149;150;153,0.6842105263157895,0.6842105263157895,both_nonempty,0,NA,NA
Full181;Immunogen134,formal_msa,15;7,results/full181_supplement/raw/formal_msa/seed15/boltz_results_full_blind_msa/predictions/full_blind_msa/full_blind_msa_model_0.pdb,all_cross_seed_pairs,Full181,Immunogen134,15,7,results/13_interface_analysis/formal_msa/complex_model_summary.csv,project27-160,70;73;74;79;135;136;137;138;139;140;142;143;144;146;147;149;150,70;73;74;79;133;135;136;139;140;142;143;144;146;147;149;150;153,0.7894736842105263,0.7894736842105263,both_nonempty,0,NA,NA
Full181;Immunogen134,formal_msa,15;8,results/full181_supplement/raw/formal_msa/seed15/boltz_results_full_blind_msa/predictions/full_blind_msa/full_blind_msa_model_0.pdb,all_cross_seed_pairs,Full181,Immunogen134,15,8,results/13_interface_analysis/formal_msa/complex_model_summary.csv,project27-160,70;73;74;79;135;136;137;138;139;140;142;143;144;146;147;149;150,27;37;38;40;43;92;93;96;97;100;103;104;105;106;107;108;109;110;112;113;114;116;117;120;121;123;124;125;127,0.0,0.0,both_nonempty,0,NA,NA
Full181;Immunogen134,formal_msa,15;9,results/full181_supplement/raw/formal_msa/seed15/boltz_results_full_blind_msa/predictions/full_blind_msa/full_blind_msa_model_0.pdb,all_cross_seed_pairs,Full181,Immunogen134,15,9,results/13_interface_analysis/formal_msa/complex_model_summary.csv,project27-160,70;73;74;79;135;136;137;138;139;140;142;143;144;146;147;149;150,27;37;38;39;40;42;43;46;92;96;97;100;107;108;109;110;111;112;113;114;116;117;118;120;121;124;125;127,0.0,0.0,both_nonempty,0,NA,NA
Full181;Immunogen134,formal_msa,15;10,results/full181_supplement/raw/formal_msa/seed15/boltz_results_full_blind_msa/predictions/full_blind_msa/full_blind_msa_model_0.pdb,all_cross_seed_pairs,Full181,Immunogen134,15,10,results/13_interface_analysis/formal_msa/complex_model_summary.csv,project27-160,70;73;74;79;135;136;137;138;139;140;142;143;144;146;147;149;150,40;43;92;93;96;97;100;109;110;112;113;114;116;117;120;121;123;124;127;130,0.0,0.0,both_nonempty,0,NA,NA
Full181;Immunogen134,formal_msa,15;11,results/full181_supplement/raw/formal_msa/seed15/boltz_results_full_blind_msa/predictions/full_blind_msa/full_blind_msa_model_0.pdb,all_cross_seed_pairs,Full181,Immunogen134,15,11,results/13_interface_analysis/formal_msa/complex_model_summary.csv,project27-160,70;73;74;79;135;136;137;138;139;140;142;143;144;146;147;149;150,70;71;73;74;79;133;135;136;137;139;140;142;143;144;146;147;150,0.7894736842105263,0.7894736842105263,both_nonempty,0,NA,NA
Full181;Immunogen134,formal_msa,15;12,results/full181_supplement/raw/formal_msa/seed15/boltz_results_full_blind_msa/predictions/full_blind_msa/full_blind_msa_model_0.pdb,all_cross_seed_pairs,Full181,Immunogen134,15,12,results/13_interface_analysis/formal_msa/complex_model_summary.csv,project27-160,70;73;74;79;135;136;137;138;139;140;142;143;144;146;147;149;150,27;38;40;43;92;93;96;97;100;109;110;112;113;116;117;120;121;123;124;127;130,0.0,0.0,both_nonempty,0,NA,NA
Full181;Immunogen134,formal_msa,15;13,results/full181_supplement/raw/formal_msa/seed15/boltz_results_full_blind_msa/predictions/full_blind_msa/full_blind_msa_model_0.pdb,all_cross_seed_pairs,Full181,Immunogen134,15,13,results/13_interface_analysis/formal_msa/complex_model_summary.csv,project27-160,70;73;74;79;135;136;137;138;139;140;142;143;144;146;147;149;150,70;74;79;135;136;139;140;142;143;144;145;146;147;149;150;153,0.7368421052631579,0.7368421052631579,both_nonempty,0,NA,NA
Full181;Immunogen134,formal_msa,15;14,results/full181_supplement/raw/formal_msa/seed15/boltz_results_full_blind_msa/predictions/full_blind_msa/full_blind_msa_model_0.pdb,all_cross_seed_pairs,Full181,Immunogen134,15,14,results/13_interface_analysis/formal_msa/complex_model_summary.csv,project27-160,70;73;74;79;135;136;137;138;139;140;142;143;144;146;147;149;150,27;40;43;92;93;96;97;98;100;109;110;112;113;116;117;120;121;123;124,0.0,0.0,both_nonempty,0,NA,NA
Full181;Immunogen134,formal_msa,15;15,results/full181_supplement/raw/formal_msa/seed15/boltz_results_full_blind_msa/predictions/full_blind_msa/full_blind_msa_model_0.pdb,all_cross_seed_pairs,Full181,Immunogen134,15,15,results/13_interface_analysis/formal_msa/complex_model_summary.csv,project27-160,70;73;74;79;135;136;137;138;139;140;142;143;144;146;147;149;150,70;74;79;132;133;134;135;136;137;139;140;142;143;144;146;147;149;150,0.75,0.75,both_nonempty,0,NA,NA
Full181;Immunogen134,formal_msa,ALL,results/full181_supplement/raw/formal_msa/seed1/boltz_results_full_blind_msa/predictions/full_blind_msa/full_blind_msa_model_0.pdb,consensus_ge50pct,Full181,Immunogen134,ALL,ALL,results/13_interface_analysis/formal_msa/complex_model_summary.csv,project27-160,73;132;133;135;136;139;140;142;143;144;146;147;149;150,135;136;139;140;142;143;146;150,0.5714285714285714,0.5714285714285714,both_nonempty,0,complete_15_seed_ensemble,complete_15_seed_ensemble
Native155;Immunogen134,formal_msa,1;1,results/13_interface_analysis/formal_msa/complex_model_summary.csv,all_cross_seed_pairs,Native155,Immunogen134,1,1,results/13_interface_analysis/formal_msa/complex_model_summary.csv,project27-160,37;89;92;93;96;97;100;101;104;107;108;109;110;112;113;116;117;120;121;123;124;125;127,70;73;132;133;135;136;139;140;142;143;144;146;147;149;150,0.0,0.0,both_nonempty,0,NA,NA
Native155;Immunogen134,formal_msa,1;2,results/13_interface_analysis/formal_msa/complex_model_summary.csv,all_cross_seed_pairs,Native155,Immunogen134,1,2,results/13_interface_analysis/formal_msa/complex_model_summary.csv,project27-160,37;89;92;93;96;97;100;101;104;107;108;109;110;112;113;116;117;120;121;123;124;125;127,27;37;38;93;96;97;100;101;103;104;105;106;107;108;109;110;112;113;116;117;120;121;123;124;125,0.7142857142857143,0.7142857142857143,both_nonempty,0,NA,NA
Native155;Immunogen134,formal_msa,1;3,results/13_interface_analysis/formal_msa/complex_model_summary.csv,all_cross_seed_pairs,Native155,Immunogen134,1,3,results/13_interface_analysis/formal_msa/complex_model_summary.csv,project27-160,37;89;92;93;96;97;100;101;104;107;108;109;110;112;113;116;117;120;121;123;124;125;127,40;43;92;93;96;97;100;107;109;110;112;113;114;116;117;120;121;124;127;130,0.5925925925925926,0.5925925925925926,both_nonempty,0,NA,NA
Native155;Immunogen134,formal_msa,1;4,results/13_interface_analysis/formal_msa/complex_model_summary.csv,all_cross_seed_pairs,Native155,Immunogen134,1,4,results/13_interface_analysis/formal_msa/complex_model_summary.csv,project27-160,37;89;92;93;96;97;100;101;104;107;108;109;110;112;113;116;117;120;121;123;124;125;127,79;89;132;133;135;136;137;139;140;142;143;145;146;149;150;153,0.02631578947368421,0.02631578947368421,both_nonempty,0,NA,NA
Native155;Immunogen134,formal_msa,1;5,results/13_interface_analysis/formal_msa/complex_model_summary.csv,all_cross_seed_pairs,Native155,Immunogen134,1,5,results/13_interface_analysis/formal_msa/complex_model_summary.csv,project27-160,37;89;92;93;96;97;100;101;104;107;108;109;110;112;113;116;117;120;121;123;124;125;127,73;79;132;135;136;139;140;142;143;144;146;147;149;150;153,0.0,0.0,both_nonempty,0,NA,NA
Native155;Immunogen134,formal_msa,1;6,results/13_interface_analysis/formal_msa/complex_model_summary.csv,all_cross_seed_pairs,Native155,Immunogen134,1,6,results/13_interface_analysis/formal_msa/complex_model_summary.csv,project27-160,37;89;92;93;96;97;100;101;104;107;108;109;110;112;113;116;117;120;121;123;124;125;127,73;79;132;135;136;139;140;142;143;144;146;147;149;150;153,0.0,0.0,both_nonempty,0,NA,NA
Native155;Immunogen134,formal_msa,1;7,results/13_interface_analysis/formal_msa/complex_model_summary.csv,all_cross_seed_pairs,Native155,Immunogen134,1,7,results/13_interface_analysis/formal_msa/complex_model_summary.csv,project27-160,37;89;92;93;96;97;100;101;104;107;108;109;110;112;113;116;117;120;121;123;124;125;127,70;73;74;79;133;135;136;139;140;142;143;144;146;147;149;150;153,0.0,0.0,both_nonempty,0,NA,NA
Native155;Immunogen134,formal_msa,1;8,results/13_interface_analysis/formal_msa/complex_model_summary.csv,all_cross_seed_pairs,Native155,Immunogen134,1,8,results/13_interface_analysis/formal_msa/complex_model_summary.csv,project27-160,37;89;92;93;96;97;100;101;104;107;108;109;110;112;113;116;117;120;121;123;124;125;127,27;37;38;40;43;92;93;96;97;100;103;104;105;106;107;108;109;110;112;113;114;116;117;120;121;123;124;125;127,0.6774193548387096,0.6774193548387096,both_nonempty,0,NA,NA
Native155;Immunogen134,formal_msa,1;9,results/13_interface_analysis/formal_msa/complex_model_summary.csv,all_cross_seed_pairs,Native155,Immunogen134,1,9,results/13_interface_analysis/formal_msa/complex_model_summary.csv,project27-160,37;89;92;93;96;97;100;101;104;107;108;109;110;112;113;116;117;120;121;123;124;125;127,27;37;38;39;40;42;43;46;92;96;97;100;107;108;109;110;111;112;113;114;116;117;118;120;121;124;125;127,0.5454545454545454,0.5454545454545454,both_nonempty,0,NA,NA
Native155;Immunogen134,formal_msa,1;10,results/13_interface_analysis/formal_msa/complex_model_summary.csv,all_cross_seed_pairs,Native155,Immunogen134,1,10,results/13_interface_analysis/formal_msa/complex_model_summary.csv,project27-160,37;89;92;93;96;97;100;101;104;107;108;109;110;112;113;116;117;120;121;123;124;125;127,40;43;92;93;96;97;100;109;110;112;113;114;116;117;120;121;123;124;127;130,0.5925925925925926,0.5925925925925926,both_nonempty,0,NA,NA
Native155;Immunogen134,formal_msa,1;11,results/13_interface_analysis/formal_msa/complex_model_summary.csv,all_cross_seed_pairs,Native155,Immunogen134,1,11,results/13_interface_analysis/formal_msa/complex_model_summary.csv,project27-160,37;89;92;93;96;97;100;101;104;107;108;109;110;112;113;116;117;120;121;123;124;125;127,70;71;73;74;79;133;135;136;137;139;140;142;143;144;146;147;150,0.0,0.0,both_nonempty,0,NA,NA
Native155;Immunogen134,formal_msa,1;12,results/13_interface_analysis/formal_msa/complex_model_summary.csv,all_cross_seed_pairs,Native155,Immunogen134,1,12,results/13_interface_analysis/formal_msa/complex_model_summary.csv,project27-160,37;89;92;93;96;97;100;101;104;107;108;109;110;112;113;116;117;120;121;123;124;125;127,27;38;40;43;92;93;96;97;100;109;110;112;113;116;117;120;121;123;124;127;130,0.5714285714285714,0.5714285714285714,both_nonempty,0,NA,NA
Native155;Immunogen134,formal_msa,1;13,results/13_interface_analysis/formal_msa/complex_model_summary.csv,all_cross_seed_pairs,Native155,Immunogen134,1,13,results/13_interface_analysis/formal_msa/complex_model_summary.csv,project27-160,37;89;92;93;96;97;100;101;104;107;108;109;110;112;113;116;117;120;121;123;124;125;127,70;74;79;135;136;139;140;142;143;144;145;146;147;149;150;153,0.0,0.0,both_nonempty,0,NA,NA
Native155;Immunogen134,formal_msa,1;14,results/13_interface_analysis/formal_msa/complex_model_summary.csv,all_cross_seed_pairs,Native155,Immunogen134,1,14,results/13_interface_analysis/formal_msa/complex_model_summary.csv,project27-160,37;89;92;93;96;97;100;101;104;107;108;109;110;112;113;116;117;120;121;123;124;125;127,27;40;43;92;93;96;97;98;100;109;110;112;113;116;117;120;121;123;124,0.5555555555555556,0.5555555555555556,both_nonempty,0,NA,NA
Native155;Immunogen134,formal_msa,1;15,results/13_interface_analysis/formal_msa/complex_model_summary.csv,all_cross_seed_pairs,Native155,Immunogen134,1,15,results/13_interface_analysis/formal_msa/complex_model_summary.csv,project27-160,37;89;92;93;96;97;100;101;104;107;108;109;110;112;113;116;117;120;121;123;124;125;127,70;74;79;132;133;134;135;136;137;139;140;142;143;144;146;147;149;150,0.0,0.0,both_nonempty,0,NA,NA
Native155;Immunogen134,formal_msa,2;1,results/13_interface_analysis/formal_msa/complex_model_summary.csv,all_cross_seed_pairs,Native155,Immunogen134,2,1,results/13_interface_analysis/formal_msa/complex_model_summary.csv,project27-160,70;73;74;75;76;79;132;133;135;136;137;139;140;142;143;144;146;147;150,70;73;132;133;135;136;139;140;142;143;144;146;147;149;150,0.7,0.7,both_nonempty,0,NA,NA
Native155;Immunogen134,formal_msa,2;2,results/13_interface_analysis/formal_msa/complex_model_summary.csv,all_cross_seed_pairs,Native155,Immunogen134,2,2,results/13_interface_analysis/formal_msa/complex_model_summary.csv,project27-160,70;73;74;75;76;79;132;133;135;136;137;139;140;142;143;144;146;147;150,27;37;38;93;96;97;100;101;103;104;105;106;107;108;109;110;112;113;116;117;120;121;123;124;125,0.0,0.0,both_nonempty,0,NA,NA
Native155;Immunogen134,formal_msa,2;3,results/13_interface_analysis/formal_msa/complex_model_summary.csv,all_cross_seed_pairs,Native155,Immunogen134,2,3,results/13_interface_analysis/formal_msa/complex_model_summary.csv,project27-160,70;73;74;75;76;79;132;133;135;136;137;139;140;142;143;144;146;147;150,40;43;92;93;96;97;100;107;109;110;112;113;114;116;117;120;121;124;127;130,0.0,0.0,both_nonempty,0,NA,NA
Native155;Immunogen134,formal_msa,2;4,results/13_interface_analysis/formal_msa/complex_model_summary.csv,all_cross_seed_pairs,Native155,Immunogen134,2,4,results/13_interface_analysis/formal_msa/complex_model_summary.csv,project27-160,70;73;74;75;76;79;132;133;135;136;137;139;140;142;143;144;146;147;150,79;89;132;133;135;136;137;139;140;142;143;145;146;149;150;153,0.5217391304347826,0.5217391304347826,both_nonempty,0,NA,NA
Native155;Immunogen134,formal_msa,2;5,results/13_interface_analysis/formal_msa/complex_model_summary.csv,all_cross_seed_pairs,Native155,Immunogen134,2,5,results/13_interface_analysis/formal_msa/complex_model_summary.csv,project27-160,70;73;74;75;76;79;132;133;135;136;137;139;140;142;143;144;146;147;150,73;79;132;135;136;139;140;142;143;144;146;147;149;150;153,0.6190476190476191,0.6190476190476191,both_nonempty,0,NA,NA
Native155;Immunogen134,formal_msa,2;6,results/13_interface_analysis/formal_msa/complex_model_summary.csv,all_cross_seed_pairs,Native155,Immunogen134,2,6,results/13_interface_analysis/formal_msa/complex_model_summary.csv,project27-160,70;73;74;75;76;79;132;133;135;136;137;139;140;142;143;144;146;147;150,73;79;132;135;136;139;140;142;143;144;146;147;149;150;153,0.6190476190476191,0.6190476190476191,both_nonempty,0,NA,NA
Native155;Immunogen134,formal_msa,2;7,results/13_interface_analysis/formal_msa/complex_model_summary.csv,all_cross_seed_pairs,Native155,Immunogen134,2,7,results/13_interface_analysis/formal_msa/complex_model_summary.csv,project27-160,70;73;74;75;76;79;132;133;135;136;137;139;140;142;143;144;146;147;150,70;73;74;79;133;135;136;139;140;142;143;144;146;147;149;150;153,0.7142857142857143,0.7142857142857143,both_nonempty,0,NA,NA
Native155;Immunogen134,formal_msa,2;8,results/13_interface_analysis/formal_msa/complex_model_summary.csv,all_cross_seed_pairs,Native155,Immunogen134,2,8,results/13_interface_analysis/formal_msa/complex_model_summary.csv,project27-160,70;73;74;75;76;79;132;133;135;136;137;139;140;142;143;144;146;147;150,27;37;38;40;43;92;93;96;97;100;103;104;105;106;107;108;109;110;112;113;114;116;117;120;121;123;124;125;127,0.0,0.0,both_nonempty,0,NA,NA
Native155;Immunogen134,formal_msa,2;9,results/13_interface_analysis/formal_msa/complex_model_summary.csv,all_cross_seed_pairs,Native155,Immunogen134,2,9,results/13_interface_analysis/formal_msa/complex_model_summary.csv,project27-160,70;73;74;75;76;79;132;133;135;136;137;139;140;142;143;144;146;147;150,27;37;38;39;40;42;43;46;92;96;97;100;107;108;109;110;111;112;113;114;116;117;118;120;121;124;125;127,0.0,0.0,both_nonempty,0,NA,NA
Native155;Immunogen134,formal_msa,2;10,results/13_interface_analysis/formal_msa/complex_model_summary.csv,all_cross_seed_pairs,Native155,Immunogen134,2,10,results/13_interface_analysis/formal_msa/complex_model_summary.csv,project27-160,70;73;74;75;76;79;132;133;135;136;137;139;140;142;143;144;146;147;150,40;43;92;93;96;97;100;109;110;112;113;114;116;117;120;121;123;124;127;130,0.0,0.0,both_nonempty,0,NA,NA
Native155;Immunogen134,formal_msa,2;11,results/13_interface_analysis/formal_msa/complex_model_summary.csv,all_cross_seed_pairs,Native155,Immunogen134,2,11,results/13_interface_analysis/formal_msa/complex_model_summary.csv,project27-160,70;73;74;75;76;79;132;133;135;136;137;139;140;142;143;144;146;147;150,70;71;73;74;79;133;135;136;137;139;140;142;143;144;146;147;150,0.8,0.8,both_nonempty,0,NA,NA
Native155;Immunogen134,formal_msa,2;12,results/13_interface_analysis/formal_msa/complex_model_summary.csv,all_cross_seed_pairs,Native155,Immunogen134,2,12,results/13_interface_analysis/formal_msa/complex_model_summary.csv,project27-160,70;73;74;75;76;79;132;133;135;136;137;139;140;142;143;144;146;147;150,27;38;40;43;92;93;96;97;100;109;110;112;113;116;117;120;121;123;124;127;130,0.0,0.0,both_nonempty,0,NA,NA
Native155;Immunogen134,formal_msa,2;13,results/13_interface_analysis/formal_msa/complex_model_summary.csv,all_cross_seed_pairs,Native155,Immunogen134,2,13,results/13_interface_analysis/formal_msa/complex_model_summary.csv,project27-160,70;73;74;75;76;79;132;133;135;136;137;139;140;142;143;144;146;147;150,70;74;79;135;136;139;140;142;143;144;145;146;147;149;150;153,0.5909090909090909,0.5909090909090909,both_nonempty,0,NA,NA
Native155;Immunogen134,formal_msa,2;14,results/13_interface_analysis/formal_msa/complex_model_summary.csv,all_cross_seed_pairs,Native155,Immunogen134,2,14,results/13_interface_analysis/formal_msa/complex_model_summary.csv,project27-160,70;73;74;75;76;79;132;133;135;136;137;139;140;142;143;144;146;147;150,27;40;43;92;93;96;97;98;100;109;110;112;113;116;117;120;121;123;124,0.0,0.0,both_nonempty,0,NA,NA
Native155;Immunogen134,formal_msa,2;15,results/13_interface_analysis/formal_msa/complex_model_summary.csv,all_cross_seed_pairs,Native155,Immunogen134,2,15,results/13_interface_analysis/formal_msa/complex_model_summary.csv,project27-160,70;73;74;75;76;79;132;133;135;136;137;139;140;142;143;144;146;147;150,70;74;79;132;133;134;135;136;137;139;140;142;143;144;146;147;149;150,0.7619047619047619,0.7619047619047619,both_nonempty,0,NA,NA
Native155;Immunogen134,formal_msa,3;1,results/13_interface_analysis/formal_msa/complex_model_summary.csv,all_cross_seed_pairs,Native155,Immunogen134,3,1,results/13_interface_analysis/formal_msa/complex_model_summary.csv,project27-160,28;29;79;132;133;135;136;138;139;140;142;143;144;146;147;149;150,70;73;132;133;135;136;139;140;142;143;144;146;147;149;150,0.6842105263157895,0.6842105263157895,both_nonempty,0,NA,NA
Native155;Immunogen134,formal_msa,3;2,results/13_interface_analysis/formal_msa/complex_model_summary.csv,all_cross_seed_pairs,Native155,Immunogen134,3,2,results/13_interface_analysis/formal_msa/complex_model_summary.csv,project27-160,28;29;79;132;133;135;136;138;139;140;142;143;144;146;147;149;150,27;37;38;93;96;97;100;101;103;104;105;106;107;108;109;110;112;113;116;117;120;121;123;124;125,0.0,0.0,both_nonempty,0,NA,NA
Native155;Immunogen134,formal_msa,3;3,results/13_interface_analysis/formal_msa/complex_model_summary.csv,all_cross_seed_pairs,Native155,Immunogen134,3,3,results/13_interface_analysis/formal_msa/complex_model_summary.csv,project27-160,28;29;79;132;133;135;136;138;139;140;142;143;144;146;147;149;150,40;43;92;93;96;97;100;107;109;110;112;113;114;116;117;120;121;124;127;130,0.0,0.0,both_nonempty,0,NA,NA
Native155;Immunogen134,formal_msa,3;4,results/13_interface_analysis/formal_msa/complex_model_summary.csv,all_cross_seed_pairs,Native155,Immunogen134,3,4,results/13_interface_analysis/formal_msa/complex_model_summary.csv,project27-160,28;29;79;132;133;135;136;138;139;140;142;143;144;146;147;149;150,79;89;132;133;135;136;137;139;140;142;143;145;146;149;150;153,0.5714285714285714,0.5714285714285714,both_nonempty,0,NA,NA
Native155;Immunogen134,formal_msa,3;5,results/13_interface_analysis/formal_msa/complex_model_summary.csv,all_cross_seed_pairs,Native155,Immunogen134,3,5,results/13_interface_analysis/formal_msa/complex_model_summary.csv,project27-160,28;29;79;132;133;135;136;138;139;140;142;143;144;146;147;149;150,73;79;132;135;136;139;140;142;143;144;146;147;149;150;153,0.6842105263157895,0.6842105263157895,both_nonempty,0,NA,NA
Native155;Immunogen134,formal_msa,3;6,results/13_interface_analysis/formal_msa/complex_model_summary.csv,all_cross_seed_pairs,Native155,Immunogen134,3,6,results/13_interface_analysis/formal_msa/complex_model_summary.csv,project27-160,28;29;79;132;133;135;136;138;139;140;142;143;144;146;147;149;150,73;79;132;135;136;139;140;142;143;144;146;147;149;150;153,0.6842105263157895,0.6842105263157895,both_nonempty,0,NA,NA
Native155;Immunogen134,formal_msa,3;7,results/13_interface_analysis/formal_msa/complex_model_summary.csv,all_cross_seed_pairs,Native155,Immunogen134,3,7,results/13_interface_analysis/formal_msa/complex_model_summary.csv,project27-160,28;29;79;132;133;135;136;138;139;140;142;143;144;146;147;149;150,70;73;74;79;133;135;136;139;140;142;143;144;146;147;149;150;153,0.6190476190476191,0.6190476190476191,both_nonempty,0,NA,NA
Native155;Immunogen134,formal_msa,3;8,results/13_interface_analysis/formal_msa/complex_model_summary.csv,all_cross_seed_pairs,Native155,Immunogen134,3,8,results/13_interface_analysis/formal_msa/complex_model_summary.csv,project27-160,28;29;79;132;133;135;136;138;139;140;142;143;144;146;147;149;150,27;37;38;40;43;92;93;96;97;100;103;104;105;106;107;108;109;110;112;113;114;116;117;120;121;123;124;125;127,0.0,0.0,both_nonempty,0,NA,NA
Native155;Immunogen134,formal_msa,3;9,results/13_interface_analysis/formal_msa/complex_model_summary.csv,all_cross_seed_pairs,Native155,Immunogen134,3,9,results/13_interface_analysis/formal_msa/complex_model_summary.csv,project27-160,28;29;79;132;133;135;136;138;139;140;142;143;144;146;147;149;150,27;37;38;39;40;42;43;46;92;96;97;100;107;108;109;110;111;112;113;114;116;117;118;120;121;124;125;127,0.0,0.0,both_nonempty,0,NA,NA
Native155;Immunogen134,formal_msa,3;10,results/13_interface_analysis/formal_msa/complex_model_summary.csv,all_cross_seed_pairs,Native155,Immunogen134,3,10,results/13_interface_analysis/formal_msa/complex_model_summary.csv,project27-160,28;29;79;132;133;135;136;138;139;140;142;143;144;146;147;149;150,40;43;92;93;96;97;100;109;110;112;113;114;116;117;120;121;123;124;127;130,0.0,0.0,both_nonempty,0,NA,NA
Native155;Immunogen134,formal_msa,3;11,results/13_interface_analysis/formal_msa/complex_model_summary.csv,all_cross_seed_pairs,Native155,Immunogen134,3,11,results/13_interface_analysis/formal_msa/complex_model_summary.csv,project27-160,28;29;79;132;133;135;136;138;139;140;142;143;144;146;147;149;150,70;71;73;74;79;133;135;136;137;139;140;142;143;144;146;147;150,0.5454545454545454,0.5454545454545454,both_nonempty,0,NA,NA
Native155;Immunogen134,formal_msa,3;12,results/13_interface_analysis/formal_msa/complex_model_summary.csv,all_cross_seed_pairs,Native155,Immunogen134,3,12,results/13_interface_analysis/formal_msa/complex_model_summary.csv,project27-160,28;29;79;132;133;135;136;138;139;140;142;143;144;146;147;149;150,27;38;40;43;92;93;96;97;100;109;110;112;113;116;117;120;121;123;124;127;130,0.0,0.0,both_nonempty,0,NA,NA
Native155;Immunogen134,formal_msa,3;13,results/13_interface_analysis/formal_msa/complex_model_summary.csv,all_cross_seed_pairs,Native155,Immunogen134,3,13,results/13_interface_analysis/formal_msa/complex_model_summary.csv,project27-160,28;29;79;132;133;135;136;138;139;140;142;143;144;146;147;149;150,70;74;79;135;136;139;140;142;143;144;145;146;147;149;150;153,0.5714285714285714,0.5714285714285714,both_nonempty,0,NA,NA
Native155;Immunogen134,formal_msa,3;14,results/13_interface_analysis/formal_msa/complex_model_summary.csv,all_cross_seed_pairs,Native155,Immunogen134,3,14,results/13_interface_analysis/formal_msa/complex_model_summary.csv,project27-160,28;29;79;132;133;135;136;138;139;140;142;143;144;146;147;149;150,27;40;43;92;93;96;97;98;100;109;110;112;113;116;117;120;121;123;124,0.0,0.0,both_nonempty,0,NA,NA
Native155;Immunogen134,formal_msa,3;15,results/13_interface_analysis/formal_msa/complex_model_summary.csv,all_cross_seed_pairs,Native155,Immunogen134,3,15,results/13_interface_analysis/formal_msa/complex_model_summary.csv,project27-160,28;29;79;132;133;135;136;138;139;140;142;143;144;146;147;149;150,70;74;79;132;133;134;135;136;137;139;140;142;143;144;146;147;149;150,0.6666666666666666,0.6666666666666666,both_nonempty,0,NA,NA
Native155;Immunogen134,formal_msa,4;1,results/13_interface_analysis/formal_msa/complex_model_summary.csv,all_cross_seed_pairs,Native155,Immunogen134,4,1,results/13_interface_analysis/formal_msa/complex_model_summary.csv,project27-160,37;38;43;46;92;93;96;97;100;104;107;109;110;111;112;113;114;116;117;120;121;123;124;125;127,70;73;132;133;135;136;139;140;142;143;144;146;147;149;150,0.0,0.0,both_nonempty,0,NA,NA
Native155;Immunogen134,formal_msa,4;2,results/13_interface_analysis/formal_msa/complex_model_summary.csv,all_cross_seed_pairs,Native155,Immunogen134,4,2,results/13_interface_analysis/formal_msa/complex_model_summary.csv,project27-160,37;38;43;46;92;93;96;97;100;104;107;109;110;111;112;113;114;116;117;120;121;123;124;125;127,27;37;38;93;96;97;100;101;103;104;105;106;107;108;109;110;112;113;116;117;120;121;123;124;125,0.6129032258064516,0.6129032258064516,both_nonempty,0,NA,NA
Native155;Immunogen134,formal_msa,4;3,results/13_interface_analysis/formal_msa/complex_model_summary.csv,all_cross_seed_pairs,Native155,Immunogen134,4,3,results/13_interface_analysis/formal_msa/complex_model_summary.csv,project27-160,37;38;43;46;92;93;96;97;100;104;107;109;110;111;112;113;114;116;117;120;121;123;124;125;127,40;43;92;93;96;97;100;107;109;110;112;113;114;116;117;120;121;124;127;130,0.6666666666666666,0.6666666666666666,both_nonempty,0,NA,NA
Native155;Immunogen134,formal_msa,4;4,results/13_interface_analysis/formal_msa/complex_model_summary.csv,all_cross_seed_pairs,Native155,Immunogen134,4,4,results/13_interface_analysis/formal_msa/complex_model_summary.csv,project27-160,37;38;43;46;92;93;96;97;100;104;107;109;110;111;112;113;114;116;117;120;121;123;124;125;127,79;89;132;133;135;136;137;139;140;142;143;145;146;149;150;153,0.0,0.0,both_nonempty,0,NA,NA
Native155;Immunogen134,formal_msa,4;5,results/13_interface_analysis/formal_msa/complex_model_summary.csv,all_cross_seed_pairs,Native155,Immunogen134,4,5,results/13_interface_analysis/formal_msa/complex_model_summary.csv,project27-160,37;38;43;46;92;93;96;97;100;104;107;109;110;111;112;113;114;116;117;120;121;123;124;125;127,73;79;132;135;136;139;140;142;143;144;146;147;149;150;153,0.0,0.0,both_nonempty,0,NA,NA
Native155;Immunogen134,formal_msa,4;6,results/13_interface_analysis/formal_msa/complex_model_summary.csv,all_cross_seed_pairs,Native155,Immunogen134,4,6,results/13_interface_analysis/formal_msa/complex_model_summary.csv,project27-160,37;38;43;46;92;93;96;97;100;104;107;109;110;111;112;113;114;116;117;120;121;123;124;125;127,73;79;132;135;136;139;140;142;143;144;146;147;149;150;153,0.0,0.0,both_nonempty,0,NA,NA
Native155;Immunogen134,formal_msa,4;7,results/13_interface_analysis/formal_msa/complex_model_summary.csv,all_cross_seed_pairs,Native155,Immunogen134,4,7,results/13_interface_analysis/formal_msa/complex_model_summary.csv,project27-160,37;38;43;46;92;93;96;97;100;104;107;109;110;111;112;113;114;116;117;120;121;123;124;125;127,70;73;74;79;133;135;136;139;140;142;143;144;146;147;149;150;153,0.0,0.0,both_nonempty,0,NA,NA
Native155;Immunogen134,formal_msa,4;8,results/13_interface_analysis/formal_msa/complex_model_summary.csv,all_cross_seed_pairs,Native155,Immunogen134,4,8,results/13_interface_analysis/formal_msa/complex_model_summary.csv,project27-160,37;38;43;46;92;93;96;97;100;104;107;109;110;111;112;113;114;116;117;120;121;123;124;125;127,27;37;38;40;43;92;93;96;97;100;103;104;105;106;107;108;109;110;112;113;114;116;117;120;121;123;124;125;127,0.7419354838709677,0.7419354838709677,both_nonempty,0,NA,NA
Native155;Immunogen134,formal_msa,4;9,results/13_interface_analysis/formal_msa/complex_model_summary.csv,all_cross_seed_pairs,Native155,Immunogen134,4,9,results/13_interface_analysis/formal_msa/complex_model_summary.csv,project27-160,37;38;43;46;92;93;96;97;100;104;107;109;110;111;112;113;114;116;117;120;121;123;124;125;127,27;37;38;39;40;42;43;46;92;96;97;100;107;108;109;110;111;112;113;114;116;117;118;120;121;124;125;127,0.7096774193548387,0.7096774193548387,both_nonempty,0,NA,NA
Native155;Immunogen134,formal_msa,4;10,results/13_interface_analysis/formal_msa/complex_model_summary.csv,all_cross_seed_pairs,Native155,Immunogen134,4,10,results/13_interface_analysis/formal_msa/complex_model_summary.csv,project27-160,37;38;43;46;92;93;96;97;100;104;107;109;110;111;112;113;114;116;117;120;121;123;124;125;127,40;43;92;93;96;97;100;109;110;112;113;114;116;117;120;121;123;124;127;130,0.6666666666666666,0.6666666666666666,both_nonempty,0,NA,NA
Native155;Immunogen134,formal_msa,4;11,results/13_interface_analysis/formal_msa/complex_model_summary.csv,all_cross_seed_pairs,Native155,Immunogen134,4,11,results/13_interface_analysis/formal_msa/complex_model_summary.csv,project27-160,37;38;43;46;92;93;96;97;100;104;107;109;110;111;112;113;114;116;117;120;121;123;124;125;127,70;71;73;74;79;133;135;136;137;139;140;142;143;144;146;147;150,0.0,0.0,both_nonempty,0,NA,NA
Native155;Immunogen134,formal_msa,4;12,results/13_interface_analysis/formal_msa/complex_model_summary.csv,all_cross_seed_pairs,Native155,Immunogen134,4,12,results/13_interface_analysis/formal_msa/complex_model_summary.csv,project27-160,37;38;43;46;92;93;96;97;100;104;107;109;110;111;112;113;114;116;117;120;121;123;124;125;127,27;38;40;43;92;93;96;97;100;109;110;112;113;116;117;120;121;123;124;127;130,0.6428571428571429,0.6428571428571429,both_nonempty,0,NA,NA
Native155;Immunogen134,formal_msa,4;13,results/13_interface_analysis/formal_msa/complex_model_summary.csv,all_cross_seed_pairs,Native155,Immunogen134,4,13,results/13_interface_analysis/formal_msa/complex_model_summary.csv,project27-160,37;38;43;46;92;93;96;97;100;104;107;109;110;111;112;113;114;116;117;120;121;123;124;125;127,70;74;79;135;136;139;140;142;143;144;145;146;147;149;150;153,0.0,0.0,both_nonempty,0,NA,NA
Native155;Immunogen134,formal_msa,4;14,results/13_interface_analysis/formal_msa/complex_model_summary.csv,all_cross_seed_pairs,Native155,Immunogen134,4,14,results/13_interface_analysis/formal_msa/complex_model_summary.csv,project27-160,37;38;43;46;92;93;96;97;100;104;107;109;110;111;112;113;114;116;117;120;121;123;124;125;127,27;40;43;92;93;96;97;98;100;109;110;112;113;116;117;120;121;123;124,0.5714285714285714,0.5714285714285714,both_nonempty,0,NA,NA
Native155;Immunogen134,formal_msa,4;15,results/13_interface_analysis/formal_msa/complex_model_summary.csv,all_cross_seed_pairs,Native155,Immunogen134,4,15,results/13_interface_analysis/formal_msa/complex_model_summary.csv,project27-160,37;38;43;46;92;93;96;97;100;104;107;109;110;111;112;113;114;116;117;120;121;123;124;125;127,70;74;79;132;133;134;135;136;137;139;140;142;143;144;146;147;149;150,0.0,0.0,both_nonempty,0,NA,NA
Native155;Immunogen134,formal_msa,5;1,results/13_interface_analysis/formal_msa/complex_model_summary.csv,all_cross_seed_pairs,Native155,Immunogen134,5,1,results/13_interface_analysis/formal_msa/complex_model_summary.csv,project27-160,86;130;132;135;136;139;140;142;143;146;147;149;150;153,70;73;132;133;135;136;139;140;142;143;144;146;147;149;150,0.6111111111111112,0.6111111111111112,both_nonempty,0,NA,NA
Native155;Immunogen134,formal_msa,5;2,results/13_interface_analysis/formal_msa/complex_model_summary.csv,all_cross_seed_pairs,Native155,Immunogen134,5,2,results/13_interface_analysis/formal_msa/complex_model_summary.csv,project27-160,86;130;132;135;136;139;140;142;143;146;147;149;150;153,27;37;38;93;96;97;100;101;103;104;105;106;107;108;109;110;112;113;116;117;120;121;123;124;125,0.0,0.0,both_nonempty,0,NA,NA
Native155;Immunogen134,formal_msa,5;3,results/13_interface_analysis/formal_msa/complex_model_summary.csv,all_cross_seed_pairs,Native155,Immunogen134,5,3,results/13_interface_analysis/formal_msa/complex_model_summary.csv,project27-160,86;130;132;135;136;139;140;142;143;146;147;149;150;153,40;43;92;93;96;97;100;107;109;110;112;113;114;116;117;120;121;124;127;130,0.030303030303030304,0.030303030303030304,both_nonempty,0,NA,NA
Native155;Immunogen134,formal_msa,5;4,results/13_interface_analysis/formal_msa/complex_model_summary.csv,all_cross_seed_pairs,Native155,Immunogen134,5,4,results/13_interface_analysis/formal_msa/complex_model_summary.csv,project27-160,86;130;132;135;136;139;140;142;143;146;147;149;150;153,79;89;132;133;135;136;137;139;140;142;143;145;146;149;150;153,0.5789473684210527,0.5789473684210527,both_nonempty,0,NA,NA
Native155;Immunogen134,formal_msa,5;5,results/13_interface_analysis/formal_msa/complex_model_summary.csv,all_cross_seed_pairs,Native155,Immunogen134,5,5,results/13_interface_analysis/formal_msa/complex_model_summary.csv,project27-160,86;130;132;135;136;139;140;142;143;146;147;149;150;153,73;79;132;135;136;139;140;142;143;144;146;147;149;150;153,0.7058823529411765,0.7058823529411765,both_nonempty,0,NA,NA
Native155;Immunogen134,formal_msa,5;6,results/13_interface_analysis/formal_msa/complex_model_summary.csv,all_cross_seed_pairs,Native155,Immunogen134,5,6,results/13_interface_analysis/formal_msa/complex_model_summary.csv,project27-160,86;130;132;135;136;139;140;142;143;146;147;149;150;153,73;79;132;135;136;139;140;142;143;144;146;147;149;150;153,0.7058823529411765,0.7058823529411765,both_nonempty,0,NA,NA
Native155;Immunogen134,formal_msa,5;7,results/13_interface_analysis/formal_msa/complex_model_summary.csv,all_cross_seed_pairs,Native155,Immunogen134,5,7,results/13_interface_analysis/formal_msa/complex_model_summary.csv,project27-160,86;130;132;135;136;139;140;142;143;146;147;149;150;153,70;73;74;79;133;135;136;139;140;142;143;144;146;147;149;150;153,0.55,0.55,both_nonempty,0,NA,NA
Native155;Immunogen134,formal_msa,5;8,results/13_interface_analysis/formal_msa/complex_model_summary.csv,all_cross_seed_pairs,Native155,Immunogen134,5,8,results/13_interface_analysis/formal_msa/complex_model_summary.csv,project27-160,86;130;132;135;136;139;140;142;143;146;147;149;150;153,27;37;38;40;43;92;93;96;97;100;103;104;105;106;107;108;109;110;112;113;114;116;117;120;121;123;124;125;127,0.0,0.0,both_nonempty,0,NA,NA
Native155;Immunogen134,formal_msa,5;9,results/13_interface_analysis/formal_msa/complex_model_summary.csv,all_cross_seed_pairs,Native155,Immunogen134,5,9,results/13_interface_analysis/formal_msa/complex_model_summary.csv,project27-160,86;130;132;135;136;139;140;142;143;146;147;149;150;153,27;37;38;39;40;42;43;46;92;96;97;100;107;108;109;110;111;112;113;114;116;117;118;120;121;124;125;127,0.0,0.0,both_nonempty,0,NA,NA
Native155;Immunogen134,formal_msa,5;10,results/13_interface_analysis/formal_msa/complex_model_summary.csv,all_cross_seed_pairs,Native155,Immunogen134,5,10,results/13_interface_analysis/formal_msa/complex_model_summary.csv,project27-160,86;130;132;135;136;139;140;142;143;146;147;149;150;153,40;43;92;93;96;97;100;109;110;112;113;114;116;117;120;121;123;124;127;130,0.030303030303030304,0.030303030303030304,both_nonempty,0,NA,NA
Native155;Immunogen134,formal_msa,5;11,results/13_interface_analysis/formal_msa/complex_model_summary.csv,all_cross_seed_pairs,Native155,Immunogen134,5,11,results/13_interface_analysis/formal_msa/complex_model_summary.csv,project27-160,86;130;132;135;136;139;140;142;143;146;147;149;150;153,70;71;73;74;79;133;135;136;137;139;140;142;143;144;146;147;150,0.4090909090909091,0.4090909090909091,both_nonempty,0,NA,NA
Native155;Immunogen134,formal_msa,5;12,results/13_interface_analysis/formal_msa/complex_model_summary.csv,all_cross_seed_pairs,Native155,Immunogen134,5,12,results/13_interface_analysis/formal_msa/complex_model_summary.csv,project27-160,86;130;132;135;136;139;140;142;143;146;147;149;150;153,27;38;40;43;92;93;96;97;100;109;110;112;113;116;117;120;121;123;124;127;130,0.029411764705882353,0.029411764705882353,both_nonempty,0,NA,NA
Native155;Immunogen134,formal_msa,5;13,results/13_interface_analysis/formal_msa/complex_model_summary.csv,all_cross_seed_pairs,Native155,Immunogen134,5,13,results/13_interface_analysis/formal_msa/complex_model_summary.csv,project27-160,86;130;132;135;136;139;140;142;143;146;147;149;150;153,70;74;79;135;136;139;140;142;143;144;145;146;147;149;150;153,0.5789473684210527,0.5789473684210527,both_nonempty,0,NA,NA
Native155;Immunogen134,formal_msa,5;14,results/13_interface_analysis/formal_msa/complex_model_summary.csv,all_cross_seed_pairs,Native155,Immunogen134,5,14,results/13_interface_analysis/formal_msa/complex_model_summary.csv,project27-160,86;130;132;135;136;139;140;142;143;146;147;149;150;153,27;40;43;92;93;96;97;98;100;109;110;112;113;116;117;120;121;123;124,0.0,0.0,both_nonempty,0,NA,NA
Native155;Immunogen134,formal_msa,5;15,results/13_interface_analysis/formal_msa/complex_model_summary.csv,all_cross_seed_pairs,Native155,Immunogen134,5,15,results/13_interface_analysis/formal_msa/complex_model_summary.csv,project27-160,86;130;132;135;136;139;140;142;143;146;147;149;150;153,70;74;79;132;133;134;135;136;137;139;140;142;143;144;146;147;149;150,0.5238095238095238,0.5238095238095238,both_nonempty,0,NA,NA
Native155;Immunogen134,formal_msa,6;1,results/13_interface_analysis/formal_msa/complex_model_summary.csv,all_cross_seed_pairs,Native155,Immunogen134,6,1,results/13_interface_analysis/formal_msa/complex_model_summary.csv,project27-160,70;130;132;135;136;139;140;142;143;144;146;147;149;150;153,70;73;132;133;135;136;139;140;142;143;144;146;147;149;150,0.7647058823529411,0.7647058823529411,both_nonempty,0,NA,NA
Native155;Immunogen134,formal_msa,6;2,results/13_interface_analysis/formal_msa/complex_model_summary.csv,all_cross_seed_pairs,Native155,Immunogen134,6,2,results/13_interface_analysis/formal_msa/complex_model_summary.csv,project27-160,70;130;132;135;136;139;140;142;143;144;146;147;149;150;153,27;37;38;93;96;97;100;101;103;104;105;106;107;108;109;110;112;113;116;117;120;121;123;124;125,0.0,0.0,both_nonempty,0,NA,NA
Native155;Immunogen134,formal_msa,6;3,results/13_interface_analysis/formal_msa/complex_model_summary.csv,all_cross_seed_pairs,Native155,Immunogen134,6,3,results/13_interface_analysis/formal_msa/complex_model_summary.csv,project27-160,70;130;132;135;136;139;140;142;143;144;146;147;149;150;153,40;43;92;93;96;97;100;107;109;110;112;113;114;116;117;120;121;124;127;130,0.029411764705882353,0.029411764705882353,both_nonempty,0,NA,NA
Native155;Immunogen134,formal_msa,6;4,results/13_interface_analysis/formal_msa/complex_model_summary.csv,all_cross_seed_pairs,Native155,Immunogen134,6,4,results/13_interface_analysis/formal_msa/complex_model_summary.csv,project27-160,70;130;132;135;136;139;140;142;143;144;146;147;149;150;153,79;89;132;133;135;136;137;139;140;142;143;145;146;149;150;153,0.55,0.55,both_nonempty,0,NA,NA
Native155;Immunogen134,formal_msa,6;5,results/13_interface_analysis/formal_msa/complex_model_summary.csv,all_cross_seed_pairs,Native155,Immunogen134,6,5,results/13_interface_analysis/formal_msa/complex_model_summary.csv,project27-160,70;130;132;135;136;139;140;142;143;144;146;147;149;150;153,73;79;132;135;136;139;140;142;143;144;146;147;149;150;153,0.7647058823529411,0.7647058823529411,both_nonempty,0,NA,NA
Native155;Immunogen134,formal_msa,6;6,results/13_interface_analysis/formal_msa/complex_model_summary.csv,all_cross_seed_pairs,Native155,Immunogen134,6,6,results/13_interface_analysis/formal_msa/complex_model_summary.csv,project27-160,70;130;132;135;136;139;140;142;143;144;146;147;149;150;153,73;79;132;135;136;139;140;142;143;144;146;147;149;150;153,0.7647058823529411,0.7647058823529411,both_nonempty,0,NA,NA
Native155;Immunogen134,formal_msa,6;7,results/13_interface_analysis/formal_msa/complex_model_summary.csv,all_cross_seed_pairs,Native155,Immunogen134,6,7,results/13_interface_analysis/formal_msa/complex_model_summary.csv,project27-160,70;130;132;135;136;139;140;142;143;144;146;147;149;150;153,70;73;74;79;133;135;136;139;140;142;143;144;146;147;149;150;153,0.6842105263157895,0.6842105263157895,both_nonempty,0,NA,NA
Native155;Immunogen134,formal_msa,6;8,results/13_interface_analysis/formal_msa/complex_model_summary.csv,all_cross_seed_pairs,Native155,Immunogen134,6,8,results/13_interface_analysis/formal_msa/complex_model_summary.csv,project27-160,70;130;132;135;136;139;140;142;143;144;146;147;149;150;153,27;37;38;40;43;92;93;96;97;100;103;104;105;106;107;108;109;110;112;113;114;116;117;120;121;123;124;125;127,0.0,0.0,both_nonempty,0,NA,NA
Native155;Immunogen134,formal_msa,6;9,results/13_interface_analysis/formal_msa/complex_model_summary.csv,all_cross_seed_pairs,Native155,Immunogen134,6,9,results/13_interface_analysis/formal_msa/complex_model_summary.csv,project27-160,70;130;132;135;136;139;140;142;143;144;146;147;149;150;153,27;37;38;39;40;42;43;46;92;96;97;100;107;108;109;110;111;112;113;114;116;117;118;120;121;124;125;127,0.0,0.0,both_nonempty,0,NA,NA
Native155;Immunogen134,formal_msa,6;10,results/13_interface_analysis/formal_msa/complex_model_summary.csv,all_cross_seed_pairs,Native155,Immunogen134,6,10,results/13_interface_analysis/formal_msa/complex_model_summary.csv,project27-160,70;130;132;135;136;139;140;142;143;144;146;147;149;150;153,40;43;92;93;96;97;100;109;110;112;113;114;116;117;120;121;123;124;127;130,0.029411764705882353,0.029411764705882353,both_nonempty,0,NA,NA
Native155;Immunogen134,formal_msa,6;11,results/13_interface_analysis/formal_msa/complex_model_summary.csv,all_cross_seed_pairs,Native155,Immunogen134,6,11,results/13_interface_analysis/formal_msa/complex_model_summary.csv,project27-160,70;130;132;135;136;139;140;142;143;144;146;147;149;150;153,70;71;73;74;79;133;135;136;137;139;140;142;143;144;146;147;150,0.5238095238095238,0.5238095238095238,both_nonempty,0,NA,NA
Native155;Immunogen134,formal_msa,6;12,results/13_interface_analysis/formal_msa/complex_model_summary.csv,all_cross_seed_pairs,Native155,Immunogen134,6,12,results/13_interface_analysis/formal_msa/complex_model_summary.csv,project27-160,70;130;132;135;136;139;140;142;143;144;146;147;149;150;153,27;38;40;43;92;93;96;97;100;109;110;112;113;116;117;120;121;123;124;127;130,0.02857142857142857,0.02857142857142857,both_nonempty,0,NA,NA
Native155;Immunogen134,formal_msa,6;13,results/13_interface_analysis/formal_msa/complex_model_summary.csv,all_cross_seed_pairs,Native155,Immunogen134,6,13,results/13_interface_analysis/formal_msa/complex_model_summary.csv,project27-160,70;130;132;135;136;139;140;142;143;144;146;147;149;150;153,70;74;79;135;136;139;140;142;143;144;145;146;147;149;150;153,0.7222222222222222,0.7222222222222222,both_nonempty,0,NA,NA
Native155;Immunogen134,formal_msa,6;14,results/13_interface_analysis/formal_msa/complex_model_summary.csv,all_cross_seed_pairs,Native155,Immunogen134,6,14,results/13_interface_analysis/formal_msa/complex_model_summary.csv,project27-160,70;130;132;135;136;139;140;142;143;144;146;147;149;150;153,27;40;43;92;93;96;97;98;100;109;110;112;113;116;117;120;121;123;124,0.0,0.0,both_nonempty,0,NA,NA
Native155;Immunogen134,formal_msa,6;15,results/13_interface_analysis/formal_msa/complex_model_summary.csv,all_cross_seed_pairs,Native155,Immunogen134,6,15,results/13_interface_analysis/formal_msa/complex_model_summary.csv,project27-160,70;130;132;135;136;139;140;142;143;144;146;147;149;150;153,70;74;79;132;133;134;135;136;137;139;140;142;143;144;146;147;149;150,0.65,0.65,both_nonempty,0,NA,NA
Native155;Immunogen134,formal_msa,7;1,results/13_interface_analysis/formal_msa/complex_model_summary.csv,all_cross_seed_pairs,Native155,Immunogen134,7,1,results/13_interface_analysis/formal_msa/complex_model_summary.csv,project27-160,27;130;132;135;136;137;139;140;142;143;144;145;146;147;149;150;153,70;73;132;133;135;136;139;140;142;143;144;146;147;149;150,0.6,0.6,both_nonempty,0,NA,NA
Native155;Immunogen134,formal_msa,7;2,results/13_interface_analysis/formal_msa/complex_model_summary.csv,all_cross_seed_pairs,Native155,Immunogen134,7,2,results/13_interface_analysis/formal_msa/complex_model_summary.csv,project27-160,27;130;132;135;136;137;139;140;142;143;144;145;146;147;149;150;153,27;37;38;93;96;97;100;101;103;104;105;106;107;108;109;110;112;113;116;117;120;121;123;124;125,0.024390243902439025,0.024390243902439025,both_nonempty,0,NA,NA
Native155;Immunogen134,formal_msa,7;3,results/13_interface_analysis/formal_msa/complex_model_summary.csv,all_cross_seed_pairs,Native155,Immunogen134,7,3,results/13_interface_analysis/formal_msa/complex_model_summary.csv,project27-160,27;130;132;135;136;137;139;140;142;143;144;145;146;147;149;150;153,40;43;92;93;96;97;100;107;109;110;112;113;114;116;117;120;121;124;127;130,0.027777777777777776,0.027777777777777776,both_nonempty,0,NA,NA
Native155;Immunogen134,formal_msa,7;4,results/13_interface_analysis/formal_msa/complex_model_summary.csv,all_cross_seed_pairs,Native155,Immunogen134,7,4,results/13_interface_analysis/formal_msa/complex_model_summary.csv,project27-160,27;130;132;135;136;137;139;140;142;143;144;145;146;147;149;150;153,79;89;132;133;135;136;137;139;140;142;143;145;146;149;150;153,0.65,0.65,both_nonempty,0,NA,NA
Native155;Immunogen134,formal_msa,7;5,results/13_interface_analysis/formal_msa/complex_model_summary.csv,all_cross_seed_pairs,Native155,Immunogen134,7,5,results/13_interface_analysis/formal_msa/complex_model_summary.csv,project27-160,27;130;132;135;136;137;139;140;142;143;144;145;146;147;149;150;153,73;79;132;135;136;139;140;142;143;144;146;147;149;150;153,0.6842105263157895,0.6842105263157895,both_nonempty,0,NA,NA
Native155;Immunogen134,formal_msa,7;6,results/13_interface_analysis/formal_msa/complex_model_summary.csv,all_cross_seed_pairs,Native155,Immunogen134,7,6,results/13_interface_analysis/formal_msa/complex_model_summary.csv,project27-160,27;130;132;135;136;137;139;140;142;143;144;145;146;147;149;150;153,73;79;132;135;136;139;140;142;143;144;146;147;149;150;153,0.6842105263157895,0.6842105263157895,both_nonempty,0,NA,NA
Native155;Immunogen134,formal_msa,7;7,results/13_interface_analysis/formal_msa/complex_model_summary.csv,all_cross_seed_pairs,Native155,Immunogen134,7,7,results/13_interface_analysis/formal_msa/complex_model_summary.csv,project27-160,27;130;132;135;136;137;139;140;142;143;144;145;146;147;149;150;153,70;73;74;79;133;135;136;139;140;142;143;144;146;147;149;150;153,0.5454545454545454,0.5454545454545454,both_nonempty,0,NA,NA
Native155;Immunogen134,formal_msa,7;8,results/13_interface_analysis/formal_msa/complex_model_summary.csv,all_cross_seed_pairs,Native155,Immunogen134,7,8,results/13_interface_analysis/formal_msa/complex_model_summary.csv,project27-160,27;130;132;135;136;137;139;140;142;143;144;145;146;147;149;150;153,27;37;38;40;43;92;93;96;97;100;103;104;105;106;107;108;109;110;112;113;114;116;117;120;121;123;124;125;127,0.022222222222222223,0.022222222222222223,both_nonempty,0,NA,NA
Native155;Immunogen134,formal_msa,7;9,results/13_interface_analysis/formal_msa/complex_model_summary.csv,all_cross_seed_pairs,Native155,Immunogen134,7,9,results/13_interface_analysis/formal_msa/complex_model_summary.csv,project27-160,27;130;132;135;136;137;139;140;142;143;144;145;146;147;149;150;153,27;37;38;39;40;42;43;46;92;96;97;100;107;108;109;110;111;112;113;114;116;117;118;120;121;124;125;127,0.022727272727272728,0.022727272727272728,both_nonempty,0,NA,NA
Native155;Immunogen134,formal_msa,7;10,results/13_interface_analysis/formal_msa/complex_model_summary.csv,all_cross_seed_pairs,Native155,Immunogen134,7,10,results/13_interface_analysis/formal_msa/complex_model_summary.csv,project27-160,27;130;132;135;136;137;139;140;142;143;144;145;146;147;149;150;153,40;43;92;93;96;97;100;109;110;112;113;114;116;117;120;121;123;124;127;130,0.027777777777777776,0.027777777777777776,both_nonempty,0,NA,NA
Native155;Immunogen134,formal_msa,7;11,results/13_interface_analysis/formal_msa/complex_model_summary.csv,all_cross_seed_pairs,Native155,Immunogen134,7,11,results/13_interface_analysis/formal_msa/complex_model_summary.csv,project27-160,27;130;132;135;136;137;139;140;142;143;144;145;146;147;149;150;153,70;71;73;74;79;133;135;136;137;139;140;142;143;144;146;147;150,0.4782608695652174,0.4782608695652174,both_nonempty,0,NA,NA
Native155;Immunogen134,formal_msa,7;12,results/13_interface_analysis/formal_msa/complex_model_summary.csv,all_cross_seed_pairs,Native155,Immunogen134,7,12,results/13_interface_analysis/formal_msa/complex_model_summary.csv,project27-160,27;130;132;135;136;137;139;140;142;143;144;145;146;147;149;150;153,27;38;40;43;92;93;96;97;100;109;110;112;113;116;117;120;121;123;124;127;130,0.05555555555555555,0.05555555555555555,both_nonempty,0,NA,NA
Native155;Immunogen134,formal_msa,7;13,results/13_interface_analysis/formal_msa/complex_model_summary.csv,all_cross_seed_pairs,Native155,Immunogen134,7,13,results/13_interface_analysis/formal_msa/complex_model_summary.csv,project27-160,27;130;132;135;136;137;139;140;142;143;144;145;146;147;149;150;153,70;74;79;135;136;139;140;142;143;144;145;146;147;149;150;153,0.65,0.65,both_nonempty,0,NA,NA
Native155;Immunogen134,formal_msa,7;14,results/13_interface_analysis/formal_msa/complex_model_summary.csv,all_cross_seed_pairs,Native155,Immunogen134,7,14,results/13_interface_analysis/formal_msa/complex_model_summary.csv,project27-160,27;130;132;135;136;137;139;140;142;143;144;145;146;147;149;150;153,27;40;43;92;93;96;97;98;100;109;110;112;113;116;117;120;121;123;124,0.02857142857142857,0.02857142857142857,both_nonempty,0,NA,NA
Native155;Immunogen134,formal_msa,7;15,results/13_interface_analysis/formal_msa/complex_model_summary.csv,all_cross_seed_pairs,Native155,Immunogen134,7,15,results/13_interface_analysis/formal_msa/complex_model_summary.csv,project27-160,27;130;132;135;136;137;139;140;142;143;144;145;146;147;149;150;153,70;74;79;132;133;134;135;136;137;139;140;142;143;144;146;147;149;150,0.5909090909090909,0.5909090909090909,both_nonempty,0,NA,NA
Native155;Immunogen134,formal_msa,8;1,results/13_interface_analysis/formal_msa/complex_model_summary.csv,all_cross_seed_pairs,Native155,Immunogen134,8,1,results/13_interface_analysis/formal_msa/complex_model_summary.csv,project27-160,92;93;96;97;98;100;101;102;104;107;109;110;112;113;114;116;117;120;121,70;73;132;133;135;136;139;140;142;143;144;146;147;149;150,0.0,0.0,both_nonempty,0,NA,NA
Native155;Immunogen134,formal_msa,8;2,results/13_interface_analysis/formal_msa/complex_model_summary.csv,all_cross_seed_pairs,Native155,Immunogen134,8,2,results/13_interface_analysis/formal_msa/complex_model_summary.csv,project27-160,92;93;96;97;98;100;101;102;104;107;109;110;112;113;114;116;117;120;121,27;37;38;93;96;97;100;101;103;104;105;106;107;108;109;110;112;113;116;117;120;121;123;124;125,0.5172413793103449,0.5172413793103449,both_nonempty,0,NA,NA
Native155;Immunogen134,formal_msa,8;3,results/13_interface_analysis/formal_msa/complex_model_summary.csv,all_cross_seed_pairs,Native155,Immunogen134,8,3,results/13_interface_analysis/formal_msa/complex_model_summary.csv,project27-160,92;93;96;97;98;100;101;102;104;107;109;110;112;113;114;116;117;120;121,40;43;92;93;96;97;100;107;109;110;112;113;114;116;117;120;121;124;127;130,0.625,0.625,both_nonempty,0,NA,NA
Native155;Immunogen134,formal_msa,8;4,results/13_interface_analysis/formal_msa/complex_model_summary.csv,all_cross_seed_pairs,Native155,Immunogen134,8,4,results/13_interface_analysis/formal_msa/complex_model_summary.csv,project27-160,92;93;96;97;98;100;101;102;104;107;109;110;112;113;114;116;117;120;121,79;89;132;133;135;136;137;139;140;142;143;145;146;149;150;153,0.0,0.0,both_nonempty,0,NA,NA
Native155;Immunogen134,formal_msa,8;5,results/13_interface_analysis/formal_msa/complex_model_summary.csv,all_cross_seed_pairs,Native155,Immunogen134,8,5,results/13_interface_analysis/formal_msa/complex_model_summary.csv,project27-160,92;93;96;97;98;100;101;102;104;107;109;110;112;113;114;116;117;120;121,73;79;132;135;136;139;140;142;143;144;146;147;149;150;153,0.0,0.0,both_nonempty,0,NA,NA
Native155;Immunogen134,formal_msa,8;6,results/13_interface_analysis/formal_msa/complex_model_summary.csv,all_cross_seed_pairs,Native155,Immunogen134,8,6,results/13_interface_analysis/formal_msa/complex_model_summary.csv,project27-160,92;93;96;97;98;100;101;102;104;107;109;110;112;113;114;116;117;120;121,73;79;132;135;136;139;140;142;143;144;146;147;149;150;153,0.0,0.0,both_nonempty,0,NA,NA
Native155;Immunogen134,formal_msa,8;7,results/13_interface_analysis/formal_msa/complex_model_summary.csv,all_cross_seed_pairs,Native155,Immunogen134,8,7,results/13_interface_analysis/formal_msa/complex_model_summary.csv,project27-160,92;93;96;97;98;100;101;102;104;107;109;110;112;113;114;116;117;120;121,70;73;74;79;133;135;136;139;140;142;143;144;146;147;149;150;153,0.0,0.0,both_nonempty,0,NA,NA
Native155;Immunogen134,formal_msa,8;8,results/13_interface_analysis/formal_msa/complex_model_summary.csv,all_cross_seed_pairs,Native155,Immunogen134,8,8,results/13_interface_analysis/formal_msa/complex_model_summary.csv,project27-160,92;93;96;97;98;100;101;102;104;107;109;110;112;113;114;116;117;120;121,27;37;38;40;43;92;93;96;97;100;103;104;105;106;107;108;109;110;112;113;114;116;117;120;121;123;124;125;127,0.5,0.5,both_nonempty,0,NA,NA
Native155;Immunogen134,formal_msa,8;9,results/13_interface_analysis/formal_msa/complex_model_summary.csv,all_cross_seed_pairs,Native155,Immunogen134,8,9,results/13_interface_analysis/formal_msa/complex_model_summary.csv,project27-160,92;93;96;97;98;100;101;102;104;107;109;110;112;113;114;116;117;120;121,27;37;38;39;40;42;43;46;92;96;97;100;107;108;109;110;111;112;113;114;116;117;118;120;121;124;125;127,0.42424242424242425,0.42424242424242425,both_nonempty,0,NA,NA
Native155;Immunogen134,formal_msa,8;10,results/13_interface_analysis/formal_msa/complex_model_summary.csv,all_cross_seed_pairs,Native155,Immunogen134,8,10,results/13_interface_analysis/formal_msa/complex_model_summary.csv,project27-160,92;93;96;97;98;100;101;102;104;107;109;110;112;113;114;116;117;120;121,40;43;92;93;96;97;100;109;110;112;113;114;116;117;120;121;123;124;127;130,0.56,0.56,both_nonempty,0,NA,NA
Native155;Immunogen134,formal_msa,8;11,results/13_interface_analysis/formal_msa/complex_model_summary.csv,all_cross_seed_pairs,Native155,Immunogen134,8,11,results/13_interface_analysis/formal_msa/complex_model_summary.csv,project27-160,92;93;96;97;98;100;101;102;104;107;109;110;112;113;114;116;117;120;121,70;71;73;74;79;133;135;136;137;139;140;142;143;144;146;147;150,0.0,0.0,both_nonempty,0,NA,NA
Native155;Immunogen134,formal_msa,8;12,results/13_interface_analysis/formal_msa/complex_model_summary.csv,all_cross_seed_pairs,Native155,Immunogen134,8,12,results/13_interface_analysis/formal_msa/complex_model_summary.csv,project27-160,92;93;96;97;98;100;101;102;104;107;109;110;112;113;114;116;117;120;121,27;38;40;43;92;93;96;97;100;109;110;112;113;116;117;120;121;123;124;127;130,0.48148148148148145,0.48148148148148145,both_nonempty,0,NA,NA
Native155;Immunogen134,formal_msa,8;13,results/13_interface_analysis/formal_msa/complex_model_summary.csv,all_cross_seed_pairs,Native155,Immunogen134,8,13,results/13_interface_analysis/formal_msa/complex_model_summary.csv,project27-160,92;93;96;97;98;100;101;102;104;107;109;110;112;113;114;116;117;120;121,70;74;79;135;136;139;140;142;143;144;145;146;147;149;150;153,0.0,0.0,both_nonempty,0,NA,NA
Native155;Immunogen134,formal_msa,8;14,results/13_interface_analysis/formal_msa/complex_model_summary.csv,all_cross_seed_pairs,Native155,Immunogen134,8,14,results/13_interface_analysis/formal_msa/complex_model_summary.csv,project27-160,92;93;96;97;98;100;101;102;104;107;109;110;112;113;114;116;117;120;121,27;40;43;92;93;96;97;98;100;109;110;112;113;116;117;120;121;123;124,0.5833333333333334,0.5833333333333334,both_nonempty,0,NA,NA
Native155;Immunogen134,formal_msa,8;15,results/13_interface_analysis/formal_msa/complex_model_summary.csv,all_cross_seed_pairs,Native155,Immunogen134,8,15,results/13_interface_analysis/formal_msa/complex_model_summary.csv,project27-160,92;93;96;97;98;100;101;102;104;107;109;110;112;113;114;116;117;120;121,70;74;79;132;133;134;135;136;137;139;140;142;143;144;146;147;149;150,0.0,0.0,both_nonempty,0,NA,NA
Native155;Immunogen134,formal_msa,9;1,results/13_interface_analysis/formal_msa/complex_model_summary.csv,all_cross_seed_pairs,Native155,Immunogen134,9,1,results/13_interface_analysis/formal_msa/complex_model_summary.csv,project27-160,70;73;132;135;136;138;139;140;142;143;144;146;147;149;150,70;73;132;133;135;136;139;140;142;143;144;146;147;149;150,0.875,0.875,both_nonempty,0,NA,NA
Native155;Immunogen134,formal_msa,9;2,results/13_interface_analysis/formal_msa/complex_model_summary.csv,all_cross_seed_pairs,Native155,Immunogen134,9,2,results/13_interface_analysis/formal_msa/complex_model_summary.csv,project27-160,70;73;132;135;136;138;139;140;142;143;144;146;147;149;150,27;37;38;93;96;97;100;101;103;104;105;106;107;108;109;110;112;113;116;117;120;121;123;124;125,0.0,0.0,both_nonempty,0,NA,NA
Native155;Immunogen134,formal_msa,9;3,results/13_interface_analysis/formal_msa/complex_model_summary.csv,all_cross_seed_pairs,Native155,Immunogen134,9,3,results/13_interface_analysis/formal_msa/complex_model_summary.csv,project27-160,70;73;132;135;136;138;139;140;142;143;144;146;147;149;150,40;43;92;93;96;97;100;107;109;110;112;113;114;116;117;120;121;124;127;130,0.0,0.0,both_nonempty,0,NA,NA
Native155;Immunogen134,formal_msa,9;4,results/13_interface_analysis/formal_msa/complex_model_summary.csv,all_cross_seed_pairs,Native155,Immunogen134,9,4,results/13_interface_analysis/formal_msa/complex_model_summary.csv,project27-160,70;73;132;135;136;138;139;140;142;143;144;146;147;149;150,79;89;132;133;135;136;137;139;140;142;143;145;146;149;150;153,0.47619047619047616,0.47619047619047616,both_nonempty,0,NA,NA
Native155;Immunogen134,formal_msa,9;5,results/13_interface_analysis/formal_msa/complex_model_summary.csv,all_cross_seed_pairs,Native155,Immunogen134,9,5,results/13_interface_analysis/formal_msa/complex_model_summary.csv,project27-160,70;73;132;135;136;138;139;140;142;143;144;146;147;149;150,73;79;132;135;136;139;140;142;143;144;146;147;149;150;153,0.7647058823529411,0.7647058823529411,both_nonempty,0,NA,NA
Native155;Immunogen134,formal_msa,9;6,results/13_interface_analysis/formal_msa/complex_model_summary.csv,all_cross_seed_pairs,Native155,Immunogen134,9,6,results/13_interface_analysis/formal_msa/complex_model_summary.csv,project27-160,70;73;132;135;136;138;139;140;142;143;144;146;147;149;150,73;79;132;135;136;139;140;142;143;144;146;147;149;150;153,0.7647058823529411,0.7647058823529411,both_nonempty,0,NA,NA
Native155;Immunogen134,formal_msa,9;7,results/13_interface_analysis/formal_msa/complex_model_summary.csv,all_cross_seed_pairs,Native155,Immunogen134,9,7,results/13_interface_analysis/formal_msa/complex_model_summary.csv,project27-160,70;73;132;135;136;138;139;140;142;143;144;146;147;149;150,70;73;74;79;133;135;136;139;140;142;143;144;146;147;149;150;153,0.6842105263157895,0.6842105263157895,both_nonempty,0,NA,NA
Native155;Immunogen134,formal_msa,9;8,results/13_interface_analysis/formal_msa/complex_model_summary.csv,all_cross_seed_pairs,Native155,Immunogen134,9,8,results/13_interface_analysis/formal_msa/complex_model_summary.csv,project27-160,70;73;132;135;136;138;139;140;142;143;144;146;147;149;150,27;37;38;40;43;92;93;96;97;100;103;104;105;106;107;108;109;110;112;113;114;116;117;120;121;123;124;125;127,0.0,0.0,both_nonempty,0,NA,NA
Native155;Immunogen134,formal_msa,9;9,results/13_interface_analysis/formal_msa/complex_model_summary.csv,all_cross_seed_pairs,Native155,Immunogen134,9,9,results/13_interface_analysis/formal_msa/complex_model_summary.csv,project27-160,70;73;132;135;136;138;139;140;142;143;144;146;147;149;150,27;37;38;39;40;42;43;46;92;96;97;100;107;108;109;110;111;112;113;114;116;117;118;120;121;124;125;127,0.0,0.0,both_nonempty,0,NA,NA
Native155;Immunogen134,formal_msa,9;10,results/13_interface_analysis/formal_msa/complex_model_summary.csv,all_cross_seed_pairs,Native155,Immunogen134,9,10,results/13_interface_analysis/formal_msa/complex_model_summary.csv,project27-160,70;73;132;135;136;138;139;140;142;143;144;146;147;149;150,40;43;92;93;96;97;100;109;110;112;113;114;116;117;120;121;123;124;127;130,0.0,0.0,both_nonempty,0,NA,NA
Native155;Immunogen134,formal_msa,9;11,results/13_interface_analysis/formal_msa/complex_model_summary.csv,all_cross_seed_pairs,Native155,Immunogen134,9,11,results/13_interface_analysis/formal_msa/complex_model_summary.csv,project27-160,70;73;132;135;136;138;139;140;142;143;144;146;147;149;150,70;71;73;74;79;133;135;136;137;139;140;142;143;144;146;147;150,0.6,0.6,both_nonempty,0,NA,NA
Native155;Immunogen134,formal_msa,9;12,results/13_interface_analysis/formal_msa/complex_model_summary.csv,all_cross_seed_pairs,Native155,Immunogen134,9,12,results/13_interface_analysis/formal_msa/complex_model_summary.csv,project27-160,70;73;132;135;136;138;139;140;142;143;144;146;147;149;150,27;38;40;43;92;93;96;97;100;109;110;112;113;116;117;120;121;123;124;127;130,0.0,0.0,both_nonempty,0,NA,NA
Native155;Immunogen134,formal_msa,9;13,results/13_interface_analysis/formal_msa/complex_model_summary.csv,all_cross_seed_pairs,Native155,Immunogen134,9,13,results/13_interface_analysis/formal_msa/complex_model_summary.csv,project27-160,70;73;132;135;136;138;139;140;142;143;144;146;147;149;150,70;74;79;135;136;139;140;142;143;144;145;146;147;149;150;153,0.631578947368421,0.631578947368421,both_nonempty,0,NA,NA
Native155;Immunogen134,formal_msa,9;14,results/13_interface_analysis/formal_msa/complex_model_summary.csv,all_cross_seed_pairs,Native155,Immunogen134,9,14,results/13_interface_analysis/formal_msa/complex_model_summary.csv,project27-160,70;73;132;135;136;138;139;140;142;143;144;146;147;149;150,27;40;43;92;93;96;97;98;100;109;110;112;113;116;117;120;121;123;124,0.0,0.0,both_nonempty,0,NA,NA
Native155;Immunogen134,formal_msa,9;15,results/13_interface_analysis/formal_msa/complex_model_summary.csv,all_cross_seed_pairs,Native155,Immunogen134,9,15,results/13_interface_analysis/formal_msa/complex_model_summary.csv,project27-160,70;73;132;135;136;138;139;140;142;143;144;146;147;149;150,70;74;79;132;133;134;135;136;137;139;140;142;143;144;146;147;149;150,0.65,0.65,both_nonempty,0,NA,NA
Native155;Immunogen134,formal_msa,10;1,results/13_interface_analysis/formal_msa/complex_model_summary.csv,all_cross_seed_pairs,Native155,Immunogen134,10,1,results/13_interface_analysis/formal_msa/complex_model_summary.csv,project27-160,70;71;73;74;135;136;137;139;140;143;144;146;147;149;150,70;73;132;133;135;136;139;140;142;143;144;146;147;149;150,0.6666666666666666,0.6666666666666666,both_nonempty,0,NA,NA
Native155;Immunogen134,formal_msa,10;2,results/13_interface_analysis/formal_msa/complex_model_summary.csv,all_cross_seed_pairs,Native155,Immunogen134,10,2,results/13_interface_analysis/formal_msa/complex_model_summary.csv,project27-160,70;71;73;74;135;136;137;139;140;143;144;146;147;149;150,27;37;38;93;96;97;100;101;103;104;105;106;107;108;109;110;112;113;116;117;120;121;123;124;125,0.0,0.0,both_nonempty,0,NA,NA
Native155;Immunogen134,formal_msa,10;3,results/13_interface_analysis/formal_msa/complex_model_summary.csv,all_cross_seed_pairs,Native155,Immunogen134,10,3,results/13_interface_analysis/formal_msa/complex_model_summary.csv,project27-160,70;71;73;74;135;136;137;139;140;143;144;146;147;149;150,40;43;92;93;96;97;100;107;109;110;112;113;114;116;117;120;121;124;127;130,0.0,0.0,both_nonempty,0,NA,NA
Native155;Immunogen134,formal_msa,10;4,results/13_interface_analysis/formal_msa/complex_model_summary.csv,all_cross_seed_pairs,Native155,Immunogen134,10,4,results/13_interface_analysis/formal_msa/complex_model_summary.csv,project27-160,70;71;73;74;135;136;137;139;140;143;144;146;147;149;150,79;89;132;133;135;136;137;139;140;142;143;145;146;149;150;153,0.4090909090909091,0.4090909090909091,both_nonempty,0,NA,NA
Native155;Immunogen134,formal_msa,10;5,results/13_interface_analysis/formal_msa/complex_model_summary.csv,all_cross_seed_pairs,Native155,Immunogen134,10,5,results/13_interface_analysis/formal_msa/complex_model_summary.csv,project27-160,70;71;73;74;135;136;137;139;140;143;144;146;147;149;150,73;79;132;135;136;139;140;142;143;144;146;147;149;150;153,0.5789473684210527,0.5789473684210527,both_nonempty,0,NA,NA
Native155;Immunogen134,formal_msa,10;6,results/13_interface_analysis/formal_msa/complex_model_summary.csv,all_cross_seed_pairs,Native155,Immunogen134,10,6,results/13_interface_analysis/formal_msa/complex_model_summary.csv,project27-160,70;71;73;74;135;136;137;139;140;143;144;146;147;149;150,73;79;132;135;136;139;140;142;143;144;146;147;149;150;153,0.5789473684210527,0.5789473684210527,both_nonempty,0,NA,NA
Native155;Immunogen134,formal_msa,10;7,results/13_interface_analysis/formal_msa/complex_model_summary.csv,all_cross_seed_pairs,Native155,Immunogen134,10,7,results/13_interface_analysis/formal_msa/complex_model_summary.csv,project27-160,70;71;73;74;135;136;137;139;140;143;144;146;147;149;150,70;73;74;79;133;135;136;139;140;142;143;144;146;147;149;150;153,0.6842105263157895,0.6842105263157895,both_nonempty,0,NA,NA
Native155;Immunogen134,formal_msa,10;8,results/13_interface_analysis/formal_msa/complex_model_summary.csv,all_cross_seed_pairs,Native155,Immunogen134,10,8,results/13_interface_analysis/formal_msa/complex_model_summary.csv,project27-160,70;71;73;74;135;136;137;139;140;143;144;146;147;149;150,27;37;38;40;43;92;93;96;97;100;103;104;105;106;107;108;109;110;112;113;114;116;117;120;121;123;124;125;127,0.0,0.0,both_nonempty,0,NA,NA
Native155;Immunogen134,formal_msa,10;9,results/13_interface_analysis/formal_msa/complex_model_summary.csv,all_cross_seed_pairs,Native155,Immunogen134,10,9,results/13_interface_analysis/formal_msa/complex_model_summary.csv,project27-160,70;71;73;74;135;136;137;139;140;143;144;146;147;149;150,27;37;38;39;40;42;43;46;92;96;97;100;107;108;109;110;111;112;113;114;116;117;118;120;121;124;125;127,0.0,0.0,both_nonempty,0,NA,NA
Native155;Immunogen134,formal_msa,10;10,results/13_interface_analysis/formal_msa/complex_model_summary.csv,all_cross_seed_pairs,Native155,Immunogen134,10,10,results/13_interface_analysis/formal_msa/complex_model_summary.csv,project27-160,70;71;73;74;135;136;137;139;140;143;144;146;147;149;150,40;43;92;93;96;97;100;109;110;112;113;114;116;117;120;121;123;124;127;130,0.0,0.0,both_nonempty,0,NA,NA
Native155;Immunogen134,formal_msa,10;11,results/13_interface_analysis/formal_msa/complex_model_summary.csv,all_cross_seed_pairs,Native155,Immunogen134,10,11,results/13_interface_analysis/formal_msa/complex_model_summary.csv,project27-160,70;71;73;74;135;136;137;139;140;143;144;146;147;149;150,70;71;73;74;79;133;135;136;137;139;140;142;143;144;146;147;150,0.7777777777777778,0.7777777777777778,both_nonempty,0,NA,NA
Native155;Immunogen134,formal_msa,10;12,results/13_interface_analysis/formal_msa/complex_model_summary.csv,all_cross_seed_pairs,Native155,Immunogen134,10,12,results/13_interface_analysis/formal_msa/complex_model_summary.csv,project27-160,70;71;73;74;135;136;137;139;140;143;144;146;147;149;150,27;38;40;43;92;93;96;97;100;109;110;112;113;116;117;120;121;123;124;127;130,0.0,0.0,both_nonempty,0,NA,NA
Native155;Immunogen134,formal_msa,10;13,results/13_interface_analysis/formal_msa/complex_model_summary.csv,all_cross_seed_pairs,Native155,Immunogen134,10,13,results/13_interface_analysis/formal_msa/complex_model_summary.csv,project27-160,70;71;73;74;135;136;137;139;140;143;144;146;147;149;150,70;74;79;135;136;139;140;142;143;144;145;146;147;149;150;153,0.631578947368421,0.631578947368421,both_nonempty,0,NA,NA
Native155;Immunogen134,formal_msa,10;14,results/13_interface_analysis/formal_msa/complex_model_summary.csv,all_cross_seed_pairs,Native155,Immunogen134,10,14,results/13_interface_analysis/formal_msa/complex_model_summary.csv,project27-160,70;71;73;74;135;136;137;139;140;143;144;146;147;149;150,27;40;43;92;93;96;97;98;100;109;110;112;113;116;117;120;121;123;124,0.0,0.0,both_nonempty,0,NA,NA
Native155;Immunogen134,formal_msa,10;15,results/13_interface_analysis/formal_msa/complex_model_summary.csv,all_cross_seed_pairs,Native155,Immunogen134,10,15,results/13_interface_analysis/formal_msa/complex_model_summary.csv,project27-160,70;71;73;74;135;136;137;139;140;143;144;146;147;149;150,70;74;79;132;133;134;135;136;137;139;140;142;143;144;146;147;149;150,0.65,0.65,both_nonempty,0,NA,NA
Native155;Immunogen134,formal_msa,11;1,results/13_interface_analysis/formal_msa/complex_model_summary.csv,all_cross_seed_pairs,Native155,Immunogen134,11,1,results/13_interface_analysis/formal_msa/complex_model_summary.csv,project27-160,27;28;132;135;136;139;140;142;143;144;146;147;149;150,70;73;132;133;135;136;139;140;142;143;144;146;147;149;150,0.7058823529411765,0.7058823529411765,both_nonempty,0,NA,NA
Native155;Immunogen134,formal_msa,11;2,results/13_interface_analysis/formal_msa/complex_model_summary.csv,all_cross_seed_pairs,Native155,Immunogen134,11,2,results/13_interface_analysis/formal_msa/complex_model_summary.csv,project27-160,27;28;132;135;136;139;140;142;143;144;146;147;149;150,27;37;38;93;96;97;100;101;103;104;105;106;107;108;109;110;112;113;116;117;120;121;123;124;125,0.02631578947368421,0.02631578947368421,both_nonempty,0,NA,NA
Native155;Immunogen134,formal_msa,11;3,results/13_interface_analysis/formal_msa/complex_model_summary.csv,all_cross_seed_pairs,Native155,Immunogen134,11,3,results/13_interface_analysis/formal_msa/complex_model_summary.csv,project27-160,27;28;132;135;136;139;140;142;143;144;146;147;149;150,40;43;92;93;96;97;100;107;109;110;112;113;114;116;117;120;121;124;127;130,0.0,0.0,both_nonempty,0,NA,NA
Native155;Immunogen134,formal_msa,11;4,results/13_interface_analysis/formal_msa/complex_model_summary.csv,all_cross_seed_pairs,Native155,Immunogen134,11,4,results/13_interface_analysis/formal_msa/complex_model_summary.csv,project27-160,27;28;132;135;136;139;140;142;143;144;146;147;149;150,79;89;132;133;135;136;137;139;140;142;143;145;146;149;150;153,0.5,0.5,both_nonempty,0,NA,NA
Native155;Immunogen134,formal_msa,11;5,results/13_interface_analysis/formal_msa/complex_model_summary.csv,all_cross_seed_pairs,Native155,Immunogen134,11,5,results/13_interface_analysis/formal_msa/complex_model_summary.csv,project27-160,27;28;132;135;136;139;140;142;143;144;146;147;149;150,73;79;132;135;136;139;140;142;143;144;146;147;149;150;153,0.7058823529411765,0.7058823529411765,both_nonempty,0,NA,NA
Native155;Immunogen134,formal_msa,11;6,results/13_interface_analysis/formal_msa/complex_model_summary.csv,all_cross_seed_pairs,Native155,Immunogen134,11,6,results/13_interface_analysis/formal_msa/complex_model_summary.csv,project27-160,27;28;132;135;136;139;140;142;143;144;146;147;149;150,73;79;132;135;136;139;140;142;143;144;146;147;149;150;153,0.7058823529411765,0.7058823529411765,both_nonempty,0,NA,NA
Native155;Immunogen134,formal_msa,11;7,results/13_interface_analysis/formal_msa/complex_model_summary.csv,all_cross_seed_pairs,Native155,Immunogen134,11,7,results/13_interface_analysis/formal_msa/complex_model_summary.csv,project27-160,27;28;132;135;136;139;140;142;143;144;146;147;149;150,70;73;74;79;133;135;136;139;140;142;143;144;146;147;149;150;153,0.55,0.55,both_nonempty,0,NA,NA
Native155;Immunogen134,formal_msa,11;8,results/13_interface_analysis/formal_msa/complex_model_summary.csv,all_cross_seed_pairs,Native155,Immunogen134,11,8,results/13_interface_analysis/formal_msa/complex_model_summary.csv,project27-160,27;28;132;135;136;139;140;142;143;144;146;147;149;150,27;37;38;40;43;92;93;96;97;100;103;104;105;106;107;108;109;110;112;113;114;116;117;120;121;123;124;125;127,0.023809523809523808,0.023809523809523808,both_nonempty,0,NA,NA
Native155;Immunogen134,formal_msa,11;9,results/13_interface_analysis/formal_msa/complex_model_summary.csv,all_cross_seed_pairs,Native155,Immunogen134,11,9,results/13_interface_analysis/formal_msa/complex_model_summary.csv,project27-160,27;28;132;135;136;139;140;142;143;144;146;147;149;150,27;37;38;39;40;42;43;46;92;96;97;100;107;108;109;110;111;112;113;114;116;117;118;120;121;124;125;127,0.024390243902439025,0.024390243902439025,both_nonempty,0,NA,NA
Native155;Immunogen134,formal_msa,11;10,results/13_interface_analysis/formal_msa/complex_model_summary.csv,all_cross_seed_pairs,Native155,Immunogen134,11,10,results/13_interface_analysis/formal_msa/complex_model_summary.csv,project27-160,27;28;132;135;136;139;140;142;143;144;146;147;149;150,40;43;92;93;96;97;100;109;110;112;113;114;116;117;120;121;123;124;127;130,0.0,0.0,both_nonempty,0,NA,NA
Native155;Immunogen134,formal_msa,11;11,results/13_interface_analysis/formal_msa/complex_model_summary.csv,all_cross_seed_pairs,Native155,Immunogen134,11,11,results/13_interface_analysis/formal_msa/complex_model_summary.csv,project27-160,27;28;132;135;136;139;140;142;143;144;146;147;149;150,70;71;73;74;79;133;135;136;137;139;140;142;143;144;146;147;150,0.47619047619047616,0.47619047619047616,both_nonempty,0,NA,NA
Native155;Immunogen134,formal_msa,11;12,results/13_interface_analysis/formal_msa/complex_model_summary.csv,all_cross_seed_pairs,Native155,Immunogen134,11,12,results/13_interface_analysis/formal_msa/complex_model_summary.csv,project27-160,27;28;132;135;136;139;140;142;143;144;146;147;149;150,27;38;40;43;92;93;96;97;100;109;110;112;113;116;117;120;121;123;124;127;130,0.029411764705882353,0.029411764705882353,both_nonempty,0,NA,NA
Native155;Immunogen134,formal_msa,11;13,results/13_interface_analysis/formal_msa/complex_model_summary.csv,all_cross_seed_pairs,Native155,Immunogen134,11,13,results/13_interface_analysis/formal_msa/complex_model_summary.csv,project27-160,27;28;132;135;136;139;140;142;143;144;146;147;149;150,70;74;79;135;136;139;140;142;143;144;145;146;147;149;150;153,0.5789473684210527,0.5789473684210527,both_nonempty,0,NA,NA
Native155;Immunogen134,formal_msa,11;14,results/13_interface_analysis/formal_msa/complex_model_summary.csv,all_cross_seed_pairs,Native155,Immunogen134,11,14,results/13_interface_analysis/formal_msa/complex_model_summary.csv,project27-160,27;28;132;135;136;139;140;142;143;144;146;147;149;150,27;40;43;92;93;96;97;98;100;109;110;112;113;116;117;120;121;123;124,0.03125,0.03125,both_nonempty,0,NA,NA
Native155;Immunogen134,formal_msa,11;15,results/13_interface_analysis/formal_msa/complex_model_summary.csv,all_cross_seed_pairs,Native155,Immunogen134,11,15,results/13_interface_analysis/formal_msa/complex_model_summary.csv,project27-160,27;28;132;135;136;139;140;142;143;144;146;147;149;150,70;74;79;132;133;134;135;136;137;139;140;142;143;144;146;147;149;150,0.6,0.6,both_nonempty,0,NA,NA
Native155;Immunogen134,formal_msa,12;1,results/13_interface_analysis/formal_msa/complex_model_summary.csv,all_cross_seed_pairs,Native155,Immunogen134,12,1,results/13_interface_analysis/formal_msa/complex_model_summary.csv,project27-160,27;28;73;74;79;132;135;136;138;139;140;142;143;144;146;147;150,70;73;132;133;135;136;139;140;142;143;144;146;147;149;150,0.6,0.6,both_nonempty,0,NA,NA
Native155;Immunogen134,formal_msa,12;2,results/13_interface_analysis/formal_msa/complex_model_summary.csv,all_cross_seed_pairs,Native155,Immunogen134,12,2,results/13_interface_analysis/formal_msa/complex_model_summary.csv,project27-160,27;28;73;74;79;132;135;136;138;139;140;142;143;144;146;147;150,27;37;38;93;96;97;100;101;103;104;105;106;107;108;109;110;112;113;116;117;120;121;123;124;125,0.024390243902439025,0.024390243902439025,both_nonempty,0,NA,NA
Native155;Immunogen134,formal_msa,12;3,results/13_interface_analysis/formal_msa/complex_model_summary.csv,all_cross_seed_pairs,Native155,Immunogen134,12,3,results/13_interface_analysis/formal_msa/complex_model_summary.csv,project27-160,27;28;73;74;79;132;135;136;138;139;140;142;143;144;146;147;150,40;43;92;93;96;97;100;107;109;110;112;113;114;116;117;120;121;124;127;130,0.0,0.0,both_nonempty,0,NA,NA
Native155;Immunogen134,formal_msa,12;4,results/13_interface_analysis/formal_msa/complex_model_summary.csv,all_cross_seed_pairs,Native155,Immunogen134,12,4,results/13_interface_analysis/formal_msa/complex_model_summary.csv,project27-160,27;28;73;74;79;132;135;136;138;139;140;142;143;144;146;147;150,79;89;132;133;135;136;137;139;140;142;143;145;146;149;150;153,0.43478260869565216,0.43478260869565216,both_nonempty,0,NA,NA
Native155;Immunogen134,formal_msa,12;5,results/13_interface_analysis/formal_msa/complex_model_summary.csv,all_cross_seed_pairs,Native155,Immunogen134,12,5,results/13_interface_analysis/formal_msa/complex_model_summary.csv,project27-160,27;28;73;74;79;132;135;136;138;139;140;142;143;144;146;147;150,73;79;132;135;136;139;140;142;143;144;146;147;149;150;153,0.6842105263157895,0.6842105263157895,both_nonempty,0,NA,NA
Native155;Immunogen134,formal_msa,12;6,results/13_interface_analysis/formal_msa/complex_model_summary.csv,all_cross_seed_pairs,Native155,Immunogen134,12,6,results/13_interface_analysis/formal_msa/complex_model_summary.csv,project27-160,27;28;73;74;79;132;135;136;138;139;140;142;143;144;146;147;150,73;79;132;135;136;139;140;142;143;144;146;147;149;150;153,0.6842105263157895,0.6842105263157895,both_nonempty,0,NA,NA
Native155;Immunogen134,formal_msa,12;7,results/13_interface_analysis/formal_msa/complex_model_summary.csv,all_cross_seed_pairs,Native155,Immunogen134,12,7,results/13_interface_analysis/formal_msa/complex_model_summary.csv,project27-160,27;28;73;74;79;132;135;136;138;139;140;142;143;144;146;147;150,70;73;74;79;133;135;136;139;140;142;143;144;146;147;149;150;153,0.6190476190476191,0.6190476190476191,both_nonempty,0,NA,NA
Native155;Immunogen134,formal_msa,12;8,results/13_interface_analysis/formal_msa/complex_model_summary.csv,all_cross_seed_pairs,Native155,Immunogen134,12,8,results/13_interface_analysis/formal_msa/complex_model_summary.csv,project27-160,27;28;73;74;79;132;135;136;138;139;140;142;143;144;146;147;150,27;37;38;40;43;92;93;96;97;100;103;104;105;106;107;108;109;110;112;113;114;116;117;120;121;123;124;125;127,0.022222222222222223,0.022222222222222223,both_nonempty,0,NA,NA
Native155;Immunogen134,formal_msa,12;9,results/13_interface_analysis/formal_msa/complex_model_summary.csv,all_cross_seed_pairs,Native155,Immunogen134,12,9,results/13_interface_analysis/formal_msa/complex_model_summary.csv,project27-160,27;28;73;74;79;132;135;136;138;139;140;142;143;144;146;147;150,27;37;38;39;40;42;43;46;92;96;97;100;107;108;109;110;111;112;113;114;116;117;118;120;121;124;125;127,0.022727272727272728,0.022727272727272728,both_nonempty,0,NA,NA
Native155;Immunogen134,formal_msa,12;10,results/13_interface_analysis/formal_msa/complex_model_summary.csv,all_cross_seed_pairs,Native155,Immunogen134,12,10,results/13_interface_analysis/formal_msa/complex_model_summary.csv,project27-160,27;28;73;74;79;132;135;136;138;139;140;142;143;144;146;147;150,40;43;92;93;96;97;100;109;110;112;113;114;116;117;120;121;123;124;127;130,0.0,0.0,both_nonempty,0,NA,NA
Native155;Immunogen134,formal_msa,12;11,results/13_interface_analysis/formal_msa/complex_model_summary.csv,all_cross_seed_pairs,Native155,Immunogen134,12,11,results/13_interface_analysis/formal_msa/complex_model_summary.csv,project27-160,27;28;73;74;79;132;135;136;138;139;140;142;143;144;146;147;150,70;71;73;74;79;133;135;136;137;139;140;142;143;144;146;147;150,0.6190476190476191,0.6190476190476191,both_nonempty,0,NA,NA
Native155;Immunogen134,formal_msa,12;12,results/13_interface_analysis/formal_msa/complex_model_summary.csv,all_cross_seed_pairs,Native155,Immunogen134,12,12,results/13_interface_analysis/formal_msa/complex_model_summary.csv,project27-160,27;28;73;74;79;132;135;136;138;139;140;142;143;144;146;147;150,27;38;40;43;92;93;96;97;100;109;110;112;113;116;117;120;121;123;124;127;130,0.02702702702702703,0.02702702702702703,both_nonempty,0,NA,NA
Native155;Immunogen134,formal_msa,12;13,results/13_interface_analysis/formal_msa/complex_model_summary.csv,all_cross_seed_pairs,Native155,Immunogen134,12,13,results/13_interface_analysis/formal_msa/complex_model_summary.csv,project27-160,27;28;73;74;79;132;135;136;138;139;140;142;143;144;146;147;150,70;74;79;135;136;139;140;142;143;144;145;146;147;149;150;153,0.5714285714285714,0.5714285714285714,both_nonempty,0,NA,NA
Native155;Immunogen134,formal_msa,12;14,results/13_interface_analysis/formal_msa/complex_model_summary.csv,all_cross_seed_pairs,Native155,Immunogen134,12,14,results/13_interface_analysis/formal_msa/complex_model_summary.csv,project27-160,27;28;73;74;79;132;135;136;138;139;140;142;143;144;146;147;150,27;40;43;92;93;96;97;98;100;109;110;112;113;116;117;120;121;123;124,0.02857142857142857,0.02857142857142857,both_nonempty,0,NA,NA
Native155;Immunogen134,formal_msa,12;15,results/13_interface_analysis/formal_msa/complex_model_summary.csv,all_cross_seed_pairs,Native155,Immunogen134,12,15,results/13_interface_analysis/formal_msa/complex_model_summary.csv,project27-160,27;28;73;74;79;132;135;136;138;139;140;142;143;144;146;147;150,70;74;79;132;133;134;135;136;137;139;140;142;143;144;146;147;149;150,0.5909090909090909,0.5909090909090909,both_nonempty,0,NA,NA
Native155;Immunogen134,formal_msa,13;1,results/13_interface_analysis/formal_msa/complex_model_summary.csv,all_cross_seed_pairs,Native155,Immunogen134,13,1,results/13_interface_analysis/formal_msa/complex_model_summary.csv,project27-160,82;86;130;132;135;136;138;139;140;142;143;146;147;149;150;153,70;73;132;133;135;136;139;140;142;143;144;146;147;149;150,0.55,0.55,both_nonempty,0,NA,NA
Native155;Immunogen134,formal_msa,13;2,results/13_interface_analysis/formal_msa/complex_model_summary.csv,all_cross_seed_pairs,Native155,Immunogen134,13,2,results/13_interface_analysis/formal_msa/complex_model_summary.csv,project27-160,82;86;130;132;135;136;138;139;140;142;143;146;147;149;150;153,27;37;38;93;96;97;100;101;103;104;105;106;107;108;109;110;112;113;116;117;120;121;123;124;125,0.0,0.0,both_nonempty,0,NA,NA
Native155;Immunogen134,formal_msa,13;3,results/13_interface_analysis/formal_msa/complex_model_summary.csv,all_cross_seed_pairs,Native155,Immunogen134,13,3,results/13_interface_analysis/formal_msa/complex_model_summary.csv,project27-160,82;86;130;132;135;136;138;139;140;142;143;146;147;149;150;153,40;43;92;93;96;97;100;107;109;110;112;113;114;116;117;120;121;124;127;130,0.02857142857142857,0.02857142857142857,both_nonempty,0,NA,NA
Native155;Immunogen134,formal_msa,13;4,results/13_interface_analysis/formal_msa/complex_model_summary.csv,all_cross_seed_pairs,Native155,Immunogen134,13,4,results/13_interface_analysis/formal_msa/complex_model_summary.csv,project27-160,82;86;130;132;135;136;138;139;140;142;143;146;147;149;150;153,79;89;132;133;135;136;137;139;140;142;143;145;146;149;150;153,0.5238095238095238,0.5238095238095238,both_nonempty,0,NA,NA
Native155;Immunogen134,formal_msa,13;5,results/13_interface_analysis/formal_msa/complex_model_summary.csv,all_cross_seed_pairs,Native155,Immunogen134,13,5,results/13_interface_analysis/formal_msa/complex_model_summary.csv,project27-160,82;86;130;132;135;136;138;139;140;142;143;146;147;149;150;153,73;79;132;135;136;139;140;142;143;144;146;147;149;150;153,0.631578947368421,0.631578947368421,both_nonempty,0,NA,NA
Native155;Immunogen134,formal_msa,13;6,results/13_interface_analysis/formal_msa/complex_model_summary.csv,all_cross_seed_pairs,Native155,Immunogen134,13,6,results/13_interface_analysis/formal_msa/complex_model_summary.csv,project27-160,82;86;130;132;135;136;138;139;140;142;143;146;147;149;150;153,73;79;132;135;136;139;140;142;143;144;146;147;149;150;153,0.631578947368421,0.631578947368421,both_nonempty,0,NA,NA
Native155;Immunogen134,formal_msa,13;7,results/13_interface_analysis/formal_msa/complex_model_summary.csv,all_cross_seed_pairs,Native155,Immunogen134,13,7,results/13_interface_analysis/formal_msa/complex_model_summary.csv,project27-160,82;86;130;132;135;136;138;139;140;142;143;146;147;149;150;153,70;73;74;79;133;135;136;139;140;142;143;144;146;147;149;150;153,0.5,0.5,both_nonempty,0,NA,NA
Native155;Immunogen134,formal_msa,13;8,results/13_interface_analysis/formal_msa/complex_model_summary.csv,all_cross_seed_pairs,Native155,Immunogen134,13,8,results/13_interface_analysis/formal_msa/complex_model_summary.csv,project27-160,82;86;130;132;135;136;138;139;140;142;143;146;147;149;150;153,27;37;38;40;43;92;93;96;97;100;103;104;105;106;107;108;109;110;112;113;114;116;117;120;121;123;124;125;127,0.0,0.0,both_nonempty,0,NA,NA
Native155;Immunogen134,formal_msa,13;9,results/13_interface_analysis/formal_msa/complex_model_summary.csv,all_cross_seed_pairs,Native155,Immunogen134,13,9,results/13_interface_analysis/formal_msa/complex_model_summary.csv,project27-160,82;86;130;132;135;136;138;139;140;142;143;146;147;149;150;153,27;37;38;39;40;42;43;46;92;96;97;100;107;108;109;110;111;112;113;114;116;117;118;120;121;124;125;127,0.0,0.0,both_nonempty,0,NA,NA
Native155;Immunogen134,formal_msa,13;10,results/13_interface_analysis/formal_msa/complex_model_summary.csv,all_cross_seed_pairs,Native155,Immunogen134,13,10,results/13_interface_analysis/formal_msa/complex_model_summary.csv,project27-160,82;86;130;132;135;136;138;139;140;142;143;146;147;149;150;153,40;43;92;93;96;97;100;109;110;112;113;114;116;117;120;121;123;124;127;130,0.02857142857142857,0.02857142857142857,both_nonempty,0,NA,NA
Native155;Immunogen134,formal_msa,13;11,results/13_interface_analysis/formal_msa/complex_model_summary.csv,all_cross_seed_pairs,Native155,Immunogen134,13,11,results/13_interface_analysis/formal_msa/complex_model_summary.csv,project27-160,82;86;130;132;135;136;138;139;140;142;143;146;147;149;150;153,70;71;73;74;79;133;135;136;137;139;140;142;143;144;146;147;150,0.375,0.375,both_nonempty,0,NA,NA
Native155;Immunogen134,formal_msa,13;12,results/13_interface_analysis/formal_msa/complex_model_summary.csv,all_cross_seed_pairs,Native155,Immunogen134,13,12,results/13_interface_analysis/formal_msa/complex_model_summary.csv,project27-160,82;86;130;132;135;136;138;139;140;142;143;146;147;149;150;153,27;38;40;43;92;93;96;97;100;109;110;112;113;116;117;120;121;123;124;127;130,0.027777777777777776,0.027777777777777776,both_nonempty,0,NA,NA
Native155;Immunogen134,formal_msa,13;13,results/13_interface_analysis/formal_msa/complex_model_summary.csv,all_cross_seed_pairs,Native155,Immunogen134,13,13,results/13_interface_analysis/formal_msa/complex_model_summary.csv,project27-160,82;86;130;132;135;136;138;139;140;142;143;146;147;149;150;153,70;74;79;135;136;139;140;142;143;144;145;146;147;149;150;153,0.5238095238095238,0.5238095238095238,both_nonempty,0,NA,NA
Native155;Immunogen134,formal_msa,13;14,results/13_interface_analysis/formal_msa/complex_model_summary.csv,all_cross_seed_pairs,Native155,Immunogen134,13,14,results/13_interface_analysis/formal_msa/complex_model_summary.csv,project27-160,82;86;130;132;135;136;138;139;140;142;143;146;147;149;150;153,27;40;43;92;93;96;97;98;100;109;110;112;113;116;117;120;121;123;124,0.0,0.0,both_nonempty,0,NA,NA
Native155;Immunogen134,formal_msa,13;15,results/13_interface_analysis/formal_msa/complex_model_summary.csv,all_cross_seed_pairs,Native155,Immunogen134,13,15,results/13_interface_analysis/formal_msa/complex_model_summary.csv,project27-160,82;86;130;132;135;136;138;139;140;142;143;146;147;149;150;153,70;74;79;132;133;134;135;136;137;139;140;142;143;144;146;147;149;150,0.4782608695652174,0.4782608695652174,both_nonempty,0,NA,NA
Native155;Immunogen134,formal_msa,14;1,results/13_interface_analysis/formal_msa/complex_model_summary.csv,all_cross_seed_pairs,Native155,Immunogen134,14,1,results/13_interface_analysis/formal_msa/complex_model_summary.csv,project27-160,27;132;135;136;138;139;140;142;143;146;147;149,70;73;132;133;135;136;139;140;142;143;144;146;147;149;150,0.5882352941176471,0.5882352941176471,both_nonempty,0,NA,NA
Native155;Immunogen134,formal_msa,14;2,results/13_interface_analysis/formal_msa/complex_model_summary.csv,all_cross_seed_pairs,Native155,Immunogen134,14,2,results/13_interface_analysis/formal_msa/complex_model_summary.csv,project27-160,27;132;135;136;138;139;140;142;143;146;147;149,27;37;38;93;96;97;100;101;103;104;105;106;107;108;109;110;112;113;116;117;120;121;123;124;125,0.027777777777777776,0.027777777777777776,both_nonempty,0,NA,NA
Native155;Immunogen134,formal_msa,14;3,results/13_interface_analysis/formal_msa/complex_model_summary.csv,all_cross_seed_pairs,Native155,Immunogen134,14,3,results/13_interface_analysis/formal_msa/complex_model_summary.csv,project27-160,27;132;135;136;138;139;140;142;143;146;147;149,40;43;92;93;96;97;100;107;109;110;112;113;114;116;117;120;121;124;127;130,0.0,0.0,both_nonempty,0,NA,NA
Native155;Immunogen134,formal_msa,14;4,results/13_interface_analysis/formal_msa/complex_model_summary.csv,all_cross_seed_pairs,Native155,Immunogen134,14,4,results/13_interface_analysis/formal_msa/complex_model_summary.csv,project27-160,27;132;135;136;138;139;140;142;143;146;147;149,79;89;132;133;135;136;137;139;140;142;143;145;146;149;150;153,0.47368421052631576,0.47368421052631576,both_nonempty,0,NA,NA
Native155;Immunogen134,formal_msa,14;5,results/13_interface_analysis/formal_msa/complex_model_summary.csv,all_cross_seed_pairs,Native155,Immunogen134,14,5,results/13_interface_analysis/formal_msa/complex_model_summary.csv,project27-160,27;132;135;136;138;139;140;142;143;146;147;149,73;79;132;135;136;139;140;142;143;144;146;147;149;150;153,0.5882352941176471,0.5882352941176471,both_nonempty,0,NA,NA
Native155;Immunogen134,formal_msa,14;6,results/13_interface_analysis/formal_msa/complex_model_summary.csv,all_cross_seed_pairs,Native155,Immunogen134,14,6,results/13_interface_analysis/formal_msa/complex_model_summary.csv,project27-160,27;132;135;136;138;139;140;142;143;146;147;149,73;79;132;135;136;139;140;142;143;144;146;147;149;150;153,0.5882352941176471,0.5882352941176471,both_nonempty,0,NA,NA
Native155;Immunogen134,formal_msa,14;7,results/13_interface_analysis/formal_msa/complex_model_summary.csv,all_cross_seed_pairs,Native155,Immunogen134,14,7,results/13_interface_analysis/formal_msa/complex_model_summary.csv,project27-160,27;132;135;136;138;139;140;142;143;146;147;149,70;73;74;79;133;135;136;139;140;142;143;144;146;147;149;150;153,0.45,0.45,both_nonempty,0,NA,NA
Native155;Immunogen134,formal_msa,14;8,results/13_interface_analysis/formal_msa/complex_model_summary.csv,all_cross_seed_pairs,Native155,Immunogen134,14,8,results/13_interface_analysis/formal_msa/complex_model_summary.csv,project27-160,27;132;135;136;138;139;140;142;143;146;147;149,27;37;38;40;43;92;93;96;97;100;103;104;105;106;107;108;109;110;112;113;114;116;117;120;121;123;124;125;127,0.025,0.025,both_nonempty,0,NA,NA
Native155;Immunogen134,formal_msa,14;9,results/13_interface_analysis/formal_msa/complex_model_summary.csv,all_cross_seed_pairs,Native155,Immunogen134,14,9,results/13_interface_analysis/formal_msa/complex_model_summary.csv,project27-160,27;132;135;136;138;139;140;142;143;146;147;149,27;37;38;39;40;42;43;46;92;96;97;100;107;108;109;110;111;112;113;114;116;117;118;120;121;124;125;127,0.02564102564102564,0.02564102564102564,both_nonempty,0,NA,NA
Native155;Immunogen134,formal_msa,14;10,results/13_interface_analysis/formal_msa/complex_model_summary.csv,all_cross_seed_pairs,Native155,Immunogen134,14,10,results/13_interface_analysis/formal_msa/complex_model_summary.csv,project27-160,27;132;135;136;138;139;140;142;143;146;147;149,40;43;92;93;96;97;100;109;110;112;113;114;116;117;120;121;123;124;127;130,0.0,0.0,both_nonempty,0,NA,NA
Native155;Immunogen134,formal_msa,14;11,results/13_interface_analysis/formal_msa/complex_model_summary.csv,all_cross_seed_pairs,Native155,Immunogen134,14,11,results/13_interface_analysis/formal_msa/complex_model_summary.csv,project27-160,27;132;135;136;138;139;140;142;143;146;147;149,70;71;73;74;79;133;135;136;137;139;140;142;143;144;146;147;150,0.38095238095238093,0.38095238095238093,both_nonempty,0,NA,NA
Native155;Immunogen134,formal_msa,14;12,results/13_interface_analysis/formal_msa/complex_model_summary.csv,all_cross_seed_pairs,Native155,Immunogen134,14,12,results/13_interface_analysis/formal_msa/complex_model_summary.csv,project27-160,27;132;135;136;138;139;140;142;143;146;147;149,27;38;40;43;92;93;96;97;100;109;110;112;113;116;117;120;121;123;124;127;130,0.03125,0.03125,both_nonempty,0,NA,NA
Native155;Immunogen134,formal_msa,14;13,results/13_interface_analysis/formal_msa/complex_model_summary.csv,all_cross_seed_pairs,Native155,Immunogen134,14,13,results/13_interface_analysis/formal_msa/complex_model_summary.csv,project27-160,27;132;135;136;138;139;140;142;143;146;147;149,70;74;79;135;136;139;140;142;143;144;145;146;147;149;150;153,0.47368421052631576,0.47368421052631576,both_nonempty,0,NA,NA
Native155;Immunogen134,formal_msa,14;14,results/13_interface_analysis/formal_msa/complex_model_summary.csv,all_cross_seed_pairs,Native155,Immunogen134,14,14,results/13_interface_analysis/formal_msa/complex_model_summary.csv,project27-160,27;132;135;136;138;139;140;142;143;146;147;149,27;40;43;92;93;96;97;98;100;109;110;112;113;116;117;120;121;123;124,0.03333333333333333,0.03333333333333333,both_nonempty,0,NA,NA
Native155;Immunogen134,formal_msa,14;15,results/13_interface_analysis/formal_msa/complex_model_summary.csv,all_cross_seed_pairs,Native155,Immunogen134,14,15,results/13_interface_analysis/formal_msa/complex_model_summary.csv,project27-160,27;132;135;136;138;139;140;142;143;146;147;149,70;74;79;132;133;134;135;136;137;139;140;142;143;144;146;147;149;150,0.5,0.5,both_nonempty,0,NA,NA
Native155;Immunogen134,formal_msa,15;1,results/13_interface_analysis/formal_msa/complex_model_summary.csv,all_cross_seed_pairs,Native155,Immunogen134,15,1,results/13_interface_analysis/formal_msa/complex_model_summary.csv,project27-160,70;79;132;133;135;136;137;138;139;140;142;143;144;146;147;150,70;73;132;133;135;136;139;140;142;143;144;146;147;149;150,0.7222222222222222,0.7222222222222222,both_nonempty,0,NA,NA
Native155;Immunogen134,formal_msa,15;2,results/13_interface_analysis/formal_msa/complex_model_summary.csv,all_cross_seed_pairs,Native155,Immunogen134,15,2,results/13_interface_analysis/formal_msa/complex_model_summary.csv,project27-160,70;79;132;133;135;136;137;138;139;140;142;143;144;146;147;150,27;37;38;93;96;97;100;101;103;104;105;106;107;108;109;110;112;113;116;117;120;121;123;124;125,0.0,0.0,both_nonempty,0,NA,NA
Native155;Immunogen134,formal_msa,15;3,results/13_interface_analysis/formal_msa/complex_model_summary.csv,all_cross_seed_pairs,Native155,Immunogen134,15,3,results/13_interface_analysis/formal_msa/complex_model_summary.csv,project27-160,70;79;132;133;135;136;137;138;139;140;142;143;144;146;147;150,40;43;92;93;96;97;100;107;109;110;112;113;114;116;117;120;121;124;127;130,0.0,0.0,both_nonempty,0,NA,NA
Native155;Immunogen134,formal_msa,15;4,results/13_interface_analysis/formal_msa/complex_model_summary.csv,all_cross_seed_pairs,Native155,Immunogen134,15,4,results/13_interface_analysis/formal_msa/complex_model_summary.csv,project27-160,70;79;132;133;135;136;137;138;139;140;142;143;144;146;147;150,79;89;132;133;135;136;137;139;140;142;143;145;146;149;150;153,0.6,0.6,both_nonempty,0,NA,NA
Native155;Immunogen134,formal_msa,15;5,results/13_interface_analysis/formal_msa/complex_model_summary.csv,all_cross_seed_pairs,Native155,Immunogen134,15,5,results/13_interface_analysis/formal_msa/complex_model_summary.csv,project27-160,70;79;132;133;135;136;137;138;139;140;142;143;144;146;147;150,73;79;132;135;136;139;140;142;143;144;146;147;149;150;153,0.631578947368421,0.631578947368421,both_nonempty,0,NA,NA
Native155;Immunogen134,formal_msa,15;6,results/13_interface_analysis/formal_msa/complex_model_summary.csv,all_cross_seed_pairs,Native155,Immunogen134,15,6,results/13_interface_analysis/formal_msa/complex_model_summary.csv,project27-160,70;79;132;133;135;136;137;138;139;140;142;143;144;146;147;150,73;79;132;135;136;139;140;142;143;144;146;147;149;150;153,0.631578947368421,0.631578947368421,both_nonempty,0,NA,NA
Native155;Immunogen134,formal_msa,15;7,results/13_interface_analysis/formal_msa/complex_model_summary.csv,all_cross_seed_pairs,Native155,Immunogen134,15,7,results/13_interface_analysis/formal_msa/complex_model_summary.csv,project27-160,70;79;132;133;135;136;137;138;139;140;142;143;144;146;147;150,70;73;74;79;133;135;136;139;140;142;143;144;146;147;149;150;153,0.65,0.65,both_nonempty,0,NA,NA
Native155;Immunogen134,formal_msa,15;8,results/13_interface_analysis/formal_msa/complex_model_summary.csv,all_cross_seed_pairs,Native155,Immunogen134,15,8,results/13_interface_analysis/formal_msa/complex_model_summary.csv,project27-160,70;79;132;133;135;136;137;138;139;140;142;143;144;146;147;150,27;37;38;40;43;92;93;96;97;100;103;104;105;106;107;108;109;110;112;113;114;116;117;120;121;123;124;125;127,0.0,0.0,both_nonempty,0,NA,NA
Native155;Immunogen134,formal_msa,15;9,results/13_interface_analysis/formal_msa/complex_model_summary.csv,all_cross_seed_pairs,Native155,Immunogen134,15,9,results/13_interface_analysis/formal_msa/complex_model_summary.csv,project27-160,70;79;132;133;135;136;137;138;139;140;142;143;144;146;147;150,27;37;38;39;40;42;43;46;92;96;97;100;107;108;109;110;111;112;113;114;116;117;118;120;121;124;125;127,0.0,0.0,both_nonempty,0,NA,NA
Native155;Immunogen134,formal_msa,15;10,results/13_interface_analysis/formal_msa/complex_model_summary.csv,all_cross_seed_pairs,Native155,Immunogen134,15,10,results/13_interface_analysis/formal_msa/complex_model_summary.csv,project27-160,70;79;132;133;135;136;137;138;139;140;142;143;144;146;147;150,40;43;92;93;96;97;100;109;110;112;113;114;116;117;120;121;123;124;127;130,0.0,0.0,both_nonempty,0,NA,NA
Native155;Immunogen134,formal_msa,15;11,results/13_interface_analysis/formal_msa/complex_model_summary.csv,all_cross_seed_pairs,Native155,Immunogen134,15,11,results/13_interface_analysis/formal_msa/complex_model_summary.csv,project27-160,70;79;132;133;135;136;137;138;139;140;142;143;144;146;147;150,70;71;73;74;79;133;135;136;137;139;140;142;143;144;146;147;150,0.7368421052631579,0.7368421052631579,both_nonempty,0,NA,NA
Native155;Immunogen134,formal_msa,15;12,results/13_interface_analysis/formal_msa/complex_model_summary.csv,all_cross_seed_pairs,Native155,Immunogen134,15,12,results/13_interface_analysis/formal_msa/complex_model_summary.csv,project27-160,70;79;132;133;135;136;137;138;139;140;142;143;144;146;147;150,27;38;40;43;92;93;96;97;100;109;110;112;113;116;117;120;121;123;124;127;130,0.0,0.0,both_nonempty,0,NA,NA
Native155;Immunogen134,formal_msa,15;13,results/13_interface_analysis/formal_msa/complex_model_summary.csv,all_cross_seed_pairs,Native155,Immunogen134,15,13,results/13_interface_analysis/formal_msa/complex_model_summary.csv,project27-160,70;79;132;133;135;136;137;138;139;140;142;143;144;146;147;150,70;74;79;135;136;139;140;142;143;144;145;146;147;149;150;153,0.6,0.6,both_nonempty,0,NA,NA
Native155;Immunogen134,formal_msa,15;14,results/13_interface_analysis/formal_msa/complex_model_summary.csv,all_cross_seed_pairs,Native155,Immunogen134,15,14,results/13_interface_analysis/formal_msa/complex_model_summary.csv,project27-160,70;79;132;133;135;136;137;138;139;140;142;143;144;146;147;150,27;40;43;92;93;96;97;98;100;109;110;112;113;116;117;120;121;123;124,0.0,0.0,both_nonempty,0,NA,NA
Native155;Immunogen134,formal_msa,15;15,results/13_interface_analysis/formal_msa/complex_model_summary.csv,all_cross_seed_pairs,Native155,Immunogen134,15,15,results/13_interface_analysis/formal_msa/complex_model_summary.csv,project27-160,70;79;132;133;135;136;137;138;139;140;142;143;144;146;147;150,70;74;79;132;133;134;135;136;137;139;140;142;143;144;146;147;149;150,0.7894736842105263,0.7894736842105263,both_nonempty,0,NA,NA
Native155;Immunogen134,formal_msa,ALL,results/13_interface_analysis/formal_msa/complex_model_summary.csv,consensus_ge50pct,Native155,Immunogen134,ALL,ALL,results/13_interface_analysis/formal_msa/complex_model_summary.csv,project27-160,132;135;136;139;140;142;143;144;146;147;149;150,135;136;139;140;142;143;146;150,0.6666666666666666,0.6666666666666666,both_nonempty,0,complete_15_seed_ensemble,complete_15_seed_ensemble
Full181;Native155,formal_msa,1;1,results/full181_supplement/raw/formal_msa/seed1/boltz_results_full_blind_msa/predictions/full_blind_msa/full_blind_msa_model_0.pdb,all_cross_seed_pairs,Full181,Native155,1,1,results/13_interface_analysis/formal_msa/complex_model_summary.csv,project27-181,38;40;43;46;47;50;92;93;96;97;100;107;108;109;110;111;112;113;114;116;117;120;121;123;124;125;127;130,37;89;92;93;96;97;100;101;104;107;108;109;110;112;113;116;117;120;121;123;124;125;127,0.59375,0.59375,both_nonempty,0,NA,NA
Full181;Native155,formal_msa,1;2,results/full181_supplement/raw/formal_msa/seed1/boltz_results_full_blind_msa/predictions/full_blind_msa/full_blind_msa_model_0.pdb,all_cross_seed_pairs,Full181,Native155,1,2,results/13_interface_analysis/formal_msa/complex_model_summary.csv,project27-181,38;40;43;46;47;50;92;93;96;97;100;107;108;109;110;111;112;113;114;116;117;120;121;123;124;125;127;130,70;73;74;75;76;79;132;133;135;136;137;139;140;142;143;144;146;147;150,0.0,0.0,both_nonempty,0,NA,NA
Full181;Native155,formal_msa,1;3,results/full181_supplement/raw/formal_msa/seed1/boltz_results_full_blind_msa/predictions/full_blind_msa/full_blind_msa_model_0.pdb,all_cross_seed_pairs,Full181,Native155,1,3,results/13_interface_analysis/formal_msa/complex_model_summary.csv,project27-181,38;40;43;46;47;50;92;93;96;97;100;107;108;109;110;111;112;113;114;116;117;120;121;123;124;125;127;130,28;29;79;132;133;135;136;138;139;140;142;143;144;146;147;149;150,0.0,0.0,both_nonempty,0,NA,NA
Full181;Native155,formal_msa,1;4,results/full181_supplement/raw/formal_msa/seed1/boltz_results_full_blind_msa/predictions/full_blind_msa/full_blind_msa_model_0.pdb,all_cross_seed_pairs,Full181,Native155,1,4,results/13_interface_analysis/formal_msa/complex_model_summary.csv,project27-181,38;40;43;46;47;50;92;93;96;97;100;107;108;109;110;111;112;113;114;116;117;120;121;123;124;125;127;130,37;38;43;46;92;93;96;97;100;104;107;109;110;111;112;113;114;116;117;120;121;123;124;125;127,0.7666666666666667,0.7666666666666667,both_nonempty,0,NA,NA
Full181;Native155,formal_msa,1;5,results/full181_supplement/raw/formal_msa/seed1/boltz_results_full_blind_msa/predictions/full_blind_msa/full_blind_msa_model_0.pdb,all_cross_seed_pairs,Full181,Native155,1,5,results/13_interface_analysis/formal_msa/complex_model_summary.csv,project27-181,38;40;43;46;47;50;92;93;96;97;100;107;108;109;110;111;112;113;114;116;117;120;121;123;124;125;127;130,86;130;132;135;136;139;140;142;143;146;147;149;150;153,0.024390243902439025,0.024390243902439025,both_nonempty,0,NA,NA
Full181;Native155,formal_msa,1;6,results/full181_supplement/raw/formal_msa/seed1/boltz_results_full_blind_msa/predictions/full_blind_msa/full_blind_msa_model_0.pdb,all_cross_seed_pairs,Full181,Native155,1,6,results/13_interface_analysis/formal_msa/complex_model_summary.csv,project27-181,38;40;43;46;47;50;92;93;96;97;100;107;108;109;110;111;112;113;114;116;117;120;121;123;124;125;127;130,70;130;132;135;136;139;140;142;143;144;146;147;149;150;153,0.023809523809523808,0.023809523809523808,both_nonempty,0,NA,NA
Full181;Native155,formal_msa,1;7,results/full181_supplement/raw/formal_msa/seed1/boltz_results_full_blind_msa/predictions/full_blind_msa/full_blind_msa_model_0.pdb,all_cross_seed_pairs,Full181,Native155,1,7,results/13_interface_analysis/formal_msa/complex_model_summary.csv,project27-181,38;40;43;46;47;50;92;93;96;97;100;107;108;109;110;111;112;113;114;116;117;120;121;123;124;125;127;130,27;130;132;135;136;137;139;140;142;143;144;145;146;147;149;150;153,0.022727272727272728,0.022727272727272728,both_nonempty,0,NA,NA
Full181;Native155,formal_msa,1;8,results/full181_supplement/raw/formal_msa/seed1/boltz_results_full_blind_msa/predictions/full_blind_msa/full_blind_msa_model_0.pdb,all_cross_seed_pairs,Full181,Native155,1,8,results/13_interface_analysis/formal_msa/complex_model_summary.csv,project27-181,38;40;43;46;47;50;92;93;96;97;100;107;108;109;110;111;112;113;114;116;117;120;121;123;124;125;127;130,92;93;96;97;98;100;101;102;104;107;109;110;112;113;114;116;117;120;121,0.46875,0.46875,both_nonempty,0,NA,NA
Full181;Native155,formal_msa,1;9,results/full181_supplement/raw/formal_msa/seed1/boltz_results_full_blind_msa/predictions/full_blind_msa/full_blind_msa_model_0.pdb,all_cross_seed_pairs,Full181,Native155,1,9,results/13_interface_analysis/formal_msa/complex_model_summary.csv,project27-181,38;40;43;46;47;50;92;93;96;97;100;107;108;109;110;111;112;113;114;116;117;120;121;123;124;125;127;130,70;73;132;135;136;138;139;140;142;143;144;146;147;149;150,0.0,0.0,both_nonempty,0,NA,NA
Full181;Native155,formal_msa,1;10,results/full181_supplement/raw/formal_msa/seed1/boltz_results_full_blind_msa/predictions/full_blind_msa/full_blind_msa_model_0.pdb,all_cross_seed_pairs,Full181,Native155,1,10,results/13_interface_analysis/formal_msa/complex_model_summary.csv,project27-181,38;40;43;46;47;50;92;93;96;97;100;107;108;109;110;111;112;113;114;116;117;120;121;123;124;125;127;130,70;71;73;74;135;136;137;139;140;143;144;146;147;149;150,0.0,0.0,both_nonempty,0,NA,NA
Full181;Native155,formal_msa,1;11,results/full181_supplement/raw/formal_msa/seed1/boltz_results_full_blind_msa/predictions/full_blind_msa/full_blind_msa_model_0.pdb,all_cross_seed_pairs,Full181,Native155,1,11,results/13_interface_analysis/formal_msa/complex_model_summary.csv,project27-181,38;40;43;46;47;50;92;93;96;97;100;107;108;109;110;111;112;113;114;116;117;120;121;123;124;125;127;130,27;28;132;135;136;139;140;142;143;144;146;147;149;150,0.0,0.0,both_nonempty,0,NA,NA
Full181;Native155,formal_msa,1;12,results/full181_supplement/raw/formal_msa/seed1/boltz_results_full_blind_msa/predictions/full_blind_msa/full_blind_msa_model_0.pdb,all_cross_seed_pairs,Full181,Native155,1,12,results/13_interface_analysis/formal_msa/complex_model_summary.csv,project27-181,38;40;43;46;47;50;92;93;96;97;100;107;108;109;110;111;112;113;114;116;117;120;121;123;124;125;127;130,27;28;73;74;79;132;135;136;138;139;140;142;143;144;146;147;150,0.0,0.0,both_nonempty,0,NA,NA
Full181;Native155,formal_msa,1;13,results/full181_supplement/raw/formal_msa/seed1/boltz_results_full_blind_msa/predictions/full_blind_msa/full_blind_msa_model_0.pdb,all_cross_seed_pairs,Full181,Native155,1,13,results/13_interface_analysis/formal_msa/complex_model_summary.csv,project27-181,38;40;43;46;47;50;92;93;96;97;100;107;108;109;110;111;112;113;114;116;117;120;121;123;124;125;127;130,82;86;130;132;135;136;138;139;140;142;143;146;147;149;150;153,0.023255813953488372,0.023255813953488372,both_nonempty,0,NA,NA
Full181;Native155,formal_msa,1;14,results/full181_supplement/raw/formal_msa/seed1/boltz_results_full_blind_msa/predictions/full_blind_msa/full_blind_msa_model_0.pdb,all_cross_seed_pairs,Full181,Native155,1,14,results/13_interface_analysis/formal_msa/complex_model_summary.csv,project27-181,38;40;43;46;47;50;92;93;96;97;100;107;108;109;110;111;112;113;114;116;117;120;121;123;124;125;127;130,27;132;135;136;138;139;140;142;143;146;147;149,0.0,0.0,both_nonempty,0,NA,NA
Full181;Native155,formal_msa,1;15,results/full181_supplement/raw/formal_msa/seed1/boltz_results_full_blind_msa/predictions/full_blind_msa/full_blind_msa_model_0.pdb,all_cross_seed_pairs,Full181,Native155,1,15,results/13_interface_analysis/formal_msa/complex_model_summary.csv,project27-181,38;40;43;46;47;50;92;93;96;97;100;107;108;109;110;111;112;113;114;116;117;120;121;123;124;125;127;130,70;79;132;133;135;136;137;138;139;140;142;143;144;146;147;150,0.0,0.0,both_nonempty,0,NA,NA
Full181;Native155,formal_msa,2;1,results/full181_supplement/raw/formal_msa/seed2/boltz_results_full_blind_msa/predictions/full_blind_msa/full_blind_msa_model_0.pdb,all_cross_seed_pairs,Full181,Native155,2,1,results/13_interface_analysis/formal_msa/complex_model_summary.csv,project27-181,79;132;133;135;136;137;139;140;142;143;146;150,37;89;92;93;96;97;100;101;104;107;108;109;110;112;113;116;117;120;121;123;124;125;127,0.0,0.0,both_nonempty,0,NA,NA
Full181;Native155,formal_msa,2;2,results/full181_supplement/raw/formal_msa/seed2/boltz_results_full_blind_msa/predictions/full_blind_msa/full_blind_msa_model_0.pdb,all_cross_seed_pairs,Full181,Native155,2,2,results/13_interface_analysis/formal_msa/complex_model_summary.csv,project27-181,79;132;133;135;136;137;139;140;142;143;146;150,70;73;74;75;76;79;132;133;135;136;137;139;140;142;143;144;146;147;150,0.631578947368421,0.631578947368421,both_nonempty,0,NA,NA
Full181;Native155,formal_msa,2;3,results/full181_supplement/raw/formal_msa/seed2/boltz_results_full_blind_msa/predictions/full_blind_msa/full_blind_msa_model_0.pdb,all_cross_seed_pairs,Full181,Native155,2,3,results/13_interface_analysis/formal_msa/complex_model_summary.csv,project27-181,79;132;133;135;136;137;139;140;142;143;146;150,28;29;79;132;133;135;136;138;139;140;142;143;144;146;147;149;150,0.6111111111111112,0.6111111111111112,both_nonempty,0,NA,NA
Full181;Native155,formal_msa,2;4,results/full181_supplement/raw/formal_msa/seed2/boltz_results_full_blind_msa/predictions/full_blind_msa/full_blind_msa_model_0.pdb,all_cross_seed_pairs,Full181,Native155,2,4,results/13_interface_analysis/formal_msa/complex_model_summary.csv,project27-181,79;132;133;135;136;137;139;140;142;143;146;150,37;38;43;46;92;93;96;97;100;104;107;109;110;111;112;113;114;116;117;120;121;123;124;125;127,0.0,0.0,both_nonempty,0,NA,NA
Full181;Native155,formal_msa,2;5,results/full181_supplement/raw/formal_msa/seed2/boltz_results_full_blind_msa/predictions/full_blind_msa/full_blind_msa_model_0.pdb,all_cross_seed_pairs,Full181,Native155,2,5,results/13_interface_analysis/formal_msa/complex_model_summary.csv,project27-181,79;132;133;135;136;137;139;140;142;143;146;150,86;130;132;135;136;139;140;142;143;146;147;149;150;153,0.5294117647058824,0.5294117647058824,both_nonempty,0,NA,NA
Full181;Native155,formal_msa,2;6,results/full181_supplement/raw/formal_msa/seed2/boltz_results_full_blind_msa/predictions/full_blind_msa/full_blind_msa_model_0.pdb,all_cross_seed_pairs,Full181,Native155,2,6,results/13_interface_analysis/formal_msa/complex_model_summary.csv,project27-181,79;132;133;135;136;137;139;140;142;143;146;150,70;130;132;135;136;139;140;142;143;144;146;147;149;150;153,0.5,0.5,both_nonempty,0,NA,NA
Full181;Native155,formal_msa,2;7,results/full181_supplement/raw/formal_msa/seed2/boltz_results_full_blind_msa/predictions/full_blind_msa/full_blind_msa_model_0.pdb,all_cross_seed_pairs,Full181,Native155,2,7,results/13_interface_analysis/formal_msa/complex_model_summary.csv,project27-181,79;132;133;135;136;137;139;140;142;143;146;150,27;130;132;135;136;137;139;140;142;143;144;145;146;147;149;150;153,0.5263157894736842,0.5263157894736842,both_nonempty,0,NA,NA
Full181;Native155,formal_msa,2;8,results/full181_supplement/raw/formal_msa/seed2/boltz_results_full_blind_msa/predictions/full_blind_msa/full_blind_msa_model_0.pdb,all_cross_seed_pairs,Full181,Native155,2,8,results/13_interface_analysis/formal_msa/complex_model_summary.csv,project27-181,79;132;133;135;136;137;139;140;142;143;146;150,92;93;96;97;98;100;101;102;104;107;109;110;112;113;114;116;117;120;121,0.0,0.0,both_nonempty,0,NA,NA
Full181;Native155,formal_msa,2;9,results/full181_supplement/raw/formal_msa/seed2/boltz_results_full_blind_msa/predictions/full_blind_msa/full_blind_msa_model_0.pdb,all_cross_seed_pairs,Full181,Native155,2,9,results/13_interface_analysis/formal_msa/complex_model_summary.csv,project27-181,79;132;133;135;136;137;139;140;142;143;146;150,70;73;132;135;136;138;139;140;142;143;144;146;147;149;150,0.5,0.5,both_nonempty,0,NA,NA
Full181;Native155,formal_msa,2;10,results/full181_supplement/raw/formal_msa/seed2/boltz_results_full_blind_msa/predictions/full_blind_msa/full_blind_msa_model_0.pdb,all_cross_seed_pairs,Full181,Native155,2,10,results/13_interface_analysis/formal_msa/complex_model_summary.csv,project27-181,79;132;133;135;136;137;139;140;142;143;146;150,70;71;73;74;135;136;137;139;140;143;144;146;147;149;150,0.42105263157894735,0.42105263157894735,both_nonempty,0,NA,NA
Full181;Native155,formal_msa,2;11,results/full181_supplement/raw/formal_msa/seed2/boltz_results_full_blind_msa/predictions/full_blind_msa/full_blind_msa_model_0.pdb,all_cross_seed_pairs,Full181,Native155,2,11,results/13_interface_analysis/formal_msa/complex_model_summary.csv,project27-181,79;132;133;135;136;137;139;140;142;143;146;150,27;28;132;135;136;139;140;142;143;144;146;147;149;150,0.5294117647058824,0.5294117647058824,both_nonempty,0,NA,NA
Full181;Native155,formal_msa,2;12,results/full181_supplement/raw/formal_msa/seed2/boltz_results_full_blind_msa/predictions/full_blind_msa/full_blind_msa_model_0.pdb,all_cross_seed_pairs,Full181,Native155,2,12,results/13_interface_analysis/formal_msa/complex_model_summary.csv,project27-181,79;132;133;135;136;137;139;140;142;143;146;150,27;28;73;74;79;132;135;136;138;139;140;142;143;144;146;147;150,0.5263157894736842,0.5263157894736842,both_nonempty,0,NA,NA
Full181;Native155,formal_msa,2;13,results/full181_supplement/raw/formal_msa/seed2/boltz_results_full_blind_msa/predictions/full_blind_msa/full_blind_msa_model_0.pdb,all_cross_seed_pairs,Full181,Native155,2,13,results/13_interface_analysis/formal_msa/complex_model_summary.csv,project27-181,79;132;133;135;136;137;139;140;142;143;146;150,82;86;130;132;135;136;138;139;140;142;143;146;147;149;150;153,0.47368421052631576,0.47368421052631576,both_nonempty,0,NA,NA
Full181;Native155,formal_msa,2;14,results/full181_supplement/raw/formal_msa/seed2/boltz_results_full_blind_msa/predictions/full_blind_msa/full_blind_msa_model_0.pdb,all_cross_seed_pairs,Full181,Native155,2,14,results/13_interface_analysis/formal_msa/complex_model_summary.csv,project27-181,79;132;133;135;136;137;139;140;142;143;146;150,27;132;135;136;138;139;140;142;143;146;147;149,0.5,0.5,both_nonempty,0,NA,NA
Full181;Native155,formal_msa,2;15,results/full181_supplement/raw/formal_msa/seed2/boltz_results_full_blind_msa/predictions/full_blind_msa/full_blind_msa_model_0.pdb,all_cross_seed_pairs,Full181,Native155,2,15,results/13_interface_analysis/formal_msa/complex_model_summary.csv,project27-181,79;132;133;135;136;137;139;140;142;143;146;150,70;79;132;133;135;136;137;138;139;140;142;143;144;146;147;150,0.75,0.75,both_nonempty,0,NA,NA
Full181;Native155,formal_msa,3;1,results/full181_supplement/raw/formal_msa/seed3/boltz_results_full_blind_msa/predictions/full_blind_msa/full_blind_msa_model_0.pdb,all_cross_seed_pairs,Full181,Native155,3,1,results/13_interface_analysis/formal_msa/complex_model_summary.csv,project27-181,70;71;73;74;132;135;136;137;139;140;142;143;144;146;147;150,37;89;92;93;96;97;100;101;104;107;108;109;110;112;113;116;117;120;121;123;124;125;127,0.0,0.0,both_nonempty,0,NA,NA
Full181;Native155,formal_msa,3;2,results/full181_supplement/raw/formal_msa/seed3/boltz_results_full_blind_msa/predictions/full_blind_msa/full_blind_msa_model_0.pdb,all_cross_seed_pairs,Full181,Native155,3,2,results/13_interface_analysis/formal_msa/complex_model_summary.csv,project27-181,70;71;73;74;132;135;136;137;139;140;142;143;144;146;147;150,70;73;74;75;76;79;132;133;135;136;137;139;140;142;143;144;146;147;150,0.75,0.75,both_nonempty,0,NA,NA
Full181;Native155,formal_msa,3;3,results/full181_supplement/raw/formal_msa/seed3/boltz_results_full_blind_msa/predictions/full_blind_msa/full_blind_msa_model_0.pdb,all_cross_seed_pairs,Full181,Native155,3,3,results/13_interface_analysis/formal_msa/complex_model_summary.csv,project27-181,70;71;73;74;132;135;136;137;139;140;142;143;144;146;147;150,28;29;79;132;133;135;136;138;139;140;142;143;144;146;147;149;150,0.5,0.5,both_nonempty,0,NA,NA
Full181;Native155,formal_msa,3;4,results/full181_supplement/raw/formal_msa/seed3/boltz_results_full_blind_msa/predictions/full_blind_msa/full_blind_msa_model_0.pdb,all_cross_seed_pairs,Full181,Native155,3,4,results/13_interface_analysis/formal_msa/complex_model_summary.csv,project27-181,70;71;73;74;132;135;136;137;139;140;142;143;144;146;147;150,37;38;43;46;92;93;96;97;100;104;107;109;110;111;112;113;114;116;117;120;121;123;124;125;127,0.0,0.0,both_nonempty,0,NA,NA
Full181;Native155,formal_msa,3;5,results/full181_supplement/raw/formal_msa/seed3/boltz_results_full_blind_msa/predictions/full_blind_msa/full_blind_msa_model_0.pdb,all_cross_seed_pairs,Full181,Native155,3,5,results/13_interface_analysis/formal_msa/complex_model_summary.csv,project27-181,70;71;73;74;132;135;136;137;139;140;142;143;144;146;147;150,86;130;132;135;136;139;140;142;143;146;147;149;150;153,0.5,0.5,both_nonempty,0,NA,NA
Full181;Native155,formal_msa,3;6,results/full181_supplement/raw/formal_msa/seed3/boltz_results_full_blind_msa/predictions/full_blind_msa/full_blind_msa_model_0.pdb,all_cross_seed_pairs,Full181,Native155,3,6,results/13_interface_analysis/formal_msa/complex_model_summary.csv,project27-181,70;71;73;74;132;135;136;137;139;140;142;143;144;146;147;150,70;130;132;135;136;139;140;142;143;144;146;147;149;150;153,0.631578947368421,0.631578947368421,both_nonempty,0,NA,NA
Full181;Native155,formal_msa,3;7,results/full181_supplement/raw/formal_msa/seed3/boltz_results_full_blind_msa/predictions/full_blind_msa/full_blind_msa_model_0.pdb,all_cross_seed_pairs,Full181,Native155,3,7,results/13_interface_analysis/formal_msa/complex_model_summary.csv,project27-181,70;71;73;74;132;135;136;137;139;140;142;143;144;146;147;150,27;130;132;135;136;137;139;140;142;143;144;145;146;147;149;150;153,0.5714285714285714,0.5714285714285714,both_nonempty,0,NA,NA
Full181;Native155,formal_msa,3;8,results/full181_supplement/raw/formal_msa/seed3/boltz_results_full_blind_msa/predictions/full_blind_msa/full_blind_msa_model_0.pdb,all_cross_seed_pairs,Full181,Native155,3,8,results/13_interface_analysis/formal_msa/complex_model_summary.csv,project27-181,70;71;73;74;132;135;136;137;139;140;142;143;144;146;147;150,92;93;96;97;98;100;101;102;104;107;109;110;112;113;114;116;117;120;121,0.0,0.0,both_nonempty,0,NA,NA
Full181;Native155,formal_msa,3;9,results/full181_supplement/raw/formal_msa/seed3/boltz_results_full_blind_msa/predictions/full_blind_msa/full_blind_msa_model_0.pdb,all_cross_seed_pairs,Full181,Native155,3,9,results/13_interface_analysis/formal_msa/complex_model_summary.csv,project27-181,70;71;73;74;132;135;136;137;139;140;142;143;144;146;147;150,70;73;132;135;136;138;139;140;142;143;144;146;147;149;150,0.7222222222222222,0.7222222222222222,both_nonempty,0,NA,NA
Full181;Native155,formal_msa,3;10,results/full181_supplement/raw/formal_msa/seed3/boltz_results_full_blind_msa/predictions/full_blind_msa/full_blind_msa_model_0.pdb,all_cross_seed_pairs,Full181,Native155,3,10,results/13_interface_analysis/formal_msa/complex_model_summary.csv,project27-181,70;71;73;74;132;135;136;137;139;140;142;143;144;146;147;150,70;71;73;74;135;136;137;139;140;143;144;146;147;149;150,0.8235294117647058,0.8235294117647058,both_nonempty,0,NA,NA
Full181;Native155,formal_msa,3;11,results/full181_supplement/raw/formal_msa/seed3/boltz_results_full_blind_msa/predictions/full_blind_msa/full_blind_msa_model_0.pdb,all_cross_seed_pairs,Full181,Native155,3,11,results/13_interface_analysis/formal_msa/complex_model_summary.csv,project27-181,70;71;73;74;132;135;136;137;139;140;142;143;144;146;147;150,27;28;132;135;136;139;140;142;143;144;146;147;149;150,0.5789473684210527,0.5789473684210527,both_nonempty,0,NA,NA
Full181;Native155,formal_msa,3;12,results/full181_supplement/raw/formal_msa/seed3/boltz_results_full_blind_msa/predictions/full_blind_msa/full_blind_msa_model_0.pdb,all_cross_seed_pairs,Full181,Native155,3,12,results/13_interface_analysis/formal_msa/complex_model_summary.csv,project27-181,70;71;73;74;132;135;136;137;139;140;142;143;144;146;147;150,27;28;73;74;79;132;135;136;138;139;140;142;143;144;146;147;150,0.65,0.65,both_nonempty,0,NA,NA
Full181;Native155,formal_msa,3;13,results/full181_supplement/raw/formal_msa/seed3/boltz_results_full_blind_msa/predictions/full_blind_msa/full_blind_msa_model_0.pdb,all_cross_seed_pairs,Full181,Native155,3,13,results/13_interface_analysis/formal_msa/complex_model_summary.csv,project27-181,70;71;73;74;132;135;136;137;139;140;142;143;144;146;147;150,82;86;130;132;135;136;138;139;140;142;143;146;147;149;150;153,0.45454545454545453,0.45454545454545453,both_nonempty,0,NA,NA
Full181;Native155,formal_msa,3;14,results/full181_supplement/raw/formal_msa/seed3/boltz_results_full_blind_msa/predictions/full_blind_msa/full_blind_msa_model_0.pdb,all_cross_seed_pairs,Full181,Native155,3,14,results/13_interface_analysis/formal_msa/complex_model_summary.csv,project27-181,70;71;73;74;132;135;136;137;139;140;142;143;144;146;147;150,27;132;135;136;138;139;140;142;143;146;147;149,0.47368421052631576,0.47368421052631576,both_nonempty,0,NA,NA
Full181;Native155,formal_msa,3;15,results/full181_supplement/raw/formal_msa/seed3/boltz_results_full_blind_msa/predictions/full_blind_msa/full_blind_msa_model_0.pdb,all_cross_seed_pairs,Full181,Native155,3,15,results/13_interface_analysis/formal_msa/complex_model_summary.csv,project27-181,70;71;73;74;132;135;136;137;139;140;142;143;144;146;147;150,70;79;132;133;135;136;137;138;139;140;142;143;144;146;147;150,0.6842105263157895,0.6842105263157895,both_nonempty,0,NA,NA
Full181;Native155,formal_msa,4;1,results/full181_supplement/raw/formal_msa/seed4/boltz_results_full_blind_msa/predictions/full_blind_msa/full_blind_msa_model_0.pdb,all_cross_seed_pairs,Full181,Native155,4,1,results/13_interface_analysis/formal_msa/complex_model_summary.csv,project27-181,70;73;74;135;136;137;139;140;142;143;144;146;147;150,37;89;92;93;96;97;100;101;104;107;108;109;110;112;113;116;117;120;121;123;124;125;127,0.0,0.0,both_nonempty,0,NA,NA
Full181;Native155,formal_msa,4;2,results/full181_supplement/raw/formal_msa/seed4/boltz_results_full_blind_msa/predictions/full_blind_msa/full_blind_msa_model_0.pdb,all_cross_seed_pairs,Full181,Native155,4,2,results/13_interface_analysis/formal_msa/complex_model_summary.csv,project27-181,70;73;74;135;136;137;139;140;142;143;144;146;147;150,70;73;74;75;76;79;132;133;135;136;137;139;140;142;143;144;146;147;150,0.7368421052631579,0.7368421052631579,both_nonempty,0,NA,NA
Full181;Native155,formal_msa,4;3,results/full181_supplement/raw/formal_msa/seed4/boltz_results_full_blind_msa/predictions/full_blind_msa/full_blind_msa_model_0.pdb,all_cross_seed_pairs,Full181,Native155,4,3,results/13_interface_analysis/formal_msa/complex_model_summary.csv,project27-181,70;73;74;135;136;137;139;140;142;143;144;146;147;150,28;29;79;132;133;135;136;138;139;140;142;143;144;146;147;149;150,0.47619047619047616,0.47619047619047616,both_nonempty,0,NA,NA
Full181;Native155,formal_msa,4;4,results/full181_supplement/raw/formal_msa/seed4/boltz_results_full_blind_msa/predictions/full_blind_msa/full_blind_msa_model_0.pdb,all_cross_seed_pairs,Full181,Native155,4,4,results/13_interface_analysis/formal_msa/complex_model_summary.csv,project27-181,70;73;74;135;136;137;139;140;142;143;144;146;147;150,37;38;43;46;92;93;96;97;100;104;107;109;110;111;112;113;114;116;117;120;121;123;124;125;127,0.0,0.0,both_nonempty,0,NA,NA
Full181;Native155,formal_msa,4;5,results/full181_supplement/raw/formal_msa/seed4/boltz_results_full_blind_msa/predictions/full_blind_msa/full_blind_msa_model_0.pdb,all_cross_seed_pairs,Full181,Native155,4,5,results/13_interface_analysis/formal_msa/complex_model_summary.csv,project27-181,70;73;74;135;136;137;139;140;142;143;144;146;147;150,86;130;132;135;136;139;140;142;143;146;147;149;150;153,0.47368421052631576,0.47368421052631576,both_nonempty,0,NA,NA
Full181;Native155,formal_msa,4;6,results/full181_supplement/raw/formal_msa/seed4/boltz_results_full_blind_msa/predictions/full_blind_msa/full_blind_msa_model_0.pdb,all_cross_seed_pairs,Full181,Native155,4,6,results/13_interface_analysis/formal_msa/complex_model_summary.csv,project27-181,70;73;74;135;136;137;139;140;142;143;144;146;147;150,70;130;132;135;136;139;140;142;143;144;146;147;149;150;153,0.6111111111111112,0.6111111111111112,both_nonempty,0,NA,NA
Full181;Native155,formal_msa,4;7,results/full181_supplement/raw/formal_msa/seed4/boltz_results_full_blind_msa/predictions/full_blind_msa/full_blind_msa_model_0.pdb,all_cross_seed_pairs,Full181,Native155,4,7,results/13_interface_analysis/formal_msa/complex_model_summary.csv,project27-181,70;73;74;135;136;137;139;140;142;143;144;146;147;150,27;130;132;135;136;137;139;140;142;143;144;145;146;147;149;150;153,0.55,0.55,both_nonempty,0,NA,NA
Full181;Native155,formal_msa,4;8,results/full181_supplement/raw/formal_msa/seed4/boltz_results_full_blind_msa/predictions/full_blind_msa/full_blind_msa_model_0.pdb,all_cross_seed_pairs,Full181,Native155,4,8,results/13_interface_analysis/formal_msa/complex_model_summary.csv,project27-181,70;73;74;135;136;137;139;140;142;143;144;146;147;150,92;93;96;97;98;100;101;102;104;107;109;110;112;113;114;116;117;120;121,0.0,0.0,both_nonempty,0,NA,NA
Full181;Native155,formal_msa,4;9,results/full181_supplement/raw/formal_msa/seed4/boltz_results_full_blind_msa/predictions/full_blind_msa/full_blind_msa_model_0.pdb,all_cross_seed_pairs,Full181,Native155,4,9,results/13_interface_analysis/formal_msa/complex_model_summary.csv,project27-181,70;73;74;135;136;137;139;140;142;143;144;146;147;150,70;73;132;135;136;138;139;140;142;143;144;146;147;149;150,0.7058823529411765,0.7058823529411765,both_nonempty,0,NA,NA
Full181;Native155,formal_msa,4;10,results/full181_supplement/raw/formal_msa/seed4/boltz_results_full_blind_msa/predictions/full_blind_msa/full_blind_msa_model_0.pdb,all_cross_seed_pairs,Full181,Native155,4,10,results/13_interface_analysis/formal_msa/complex_model_summary.csv,project27-181,70;73;74;135;136;137;139;140;142;143;144;146;147;150,70;71;73;74;135;136;137;139;140;143;144;146;147;149;150,0.8125,0.8125,both_nonempty,0,NA,NA
Full181;Native155,formal_msa,4;11,results/full181_supplement/raw/formal_msa/seed4/boltz_results_full_blind_msa/predictions/full_blind_msa/full_blind_msa_model_0.pdb,all_cross_seed_pairs,Full181,Native155,4,11,results/13_interface_analysis/formal_msa/complex_model_summary.csv,project27-181,70;73;74;135;136;137;139;140;142;143;144;146;147;150,27;28;132;135;136;139;140;142;143;144;146;147;149;150,0.5555555555555556,0.5555555555555556,both_nonempty,0,NA,NA
Full181;Native155,formal_msa,4;12,results/full181_supplement/raw/formal_msa/seed4/boltz_results_full_blind_msa/predictions/full_blind_msa/full_blind_msa_model_0.pdb,all_cross_seed_pairs,Full181,Native155,4,12,results/13_interface_analysis/formal_msa/complex_model_summary.csv,project27-181,70;73;74;135;136;137;139;140;142;143;144;146;147;150,27;28;73;74;79;132;135;136;138;139;140;142;143;144;146;147;150,0.631578947368421,0.631578947368421,both_nonempty,0,NA,NA
Full181;Native155,formal_msa,4;13,results/full181_supplement/raw/formal_msa/seed4/boltz_results_full_blind_msa/predictions/full_blind_msa/full_blind_msa_model_0.pdb,all_cross_seed_pairs,Full181,Native155,4,13,results/13_interface_analysis/formal_msa/complex_model_summary.csv,project27-181,70;73;74;135;136;137;139;140;142;143;144;146;147;150,82;86;130;132;135;136;138;139;140;142;143;146;147;149;150;153,0.42857142857142855,0.42857142857142855,both_nonempty,0,NA,NA
Full181;Native155,formal_msa,4;14,results/full181_supplement/raw/formal_msa/seed4/boltz_results_full_blind_msa/predictions/full_blind_msa/full_blind_msa_model_0.pdb,all_cross_seed_pairs,Full181,Native155,4,14,results/13_interface_analysis/formal_msa/complex_model_summary.csv,project27-181,70;73;74;135;136;137;139;140;142;143;144;146;147;150,27;132;135;136;138;139;140;142;143;146;147;149,0.4444444444444444,0.4444444444444444,both_nonempty,0,NA,NA
Full181;Native155,formal_msa,4;15,results/full181_supplement/raw/formal_msa/seed4/boltz_results_full_blind_msa/predictions/full_blind_msa/full_blind_msa_model_0.pdb,all_cross_seed_pairs,Full181,Native155,4,15,results/13_interface_analysis/formal_msa/complex_model_summary.csv,project27-181,70;73;74;135;136;137;139;140;142;143;144;146;147;150,70;79;132;133;135;136;137;138;139;140;142;143;144;146;147;150,0.6666666666666666,0.6666666666666666,both_nonempty,0,NA,NA
Full181;Native155,formal_msa,5;1,results/full181_supplement/raw/formal_msa/seed5/boltz_results_full_blind_msa/predictions/full_blind_msa/full_blind_msa_model_0.pdb,all_cross_seed_pairs,Full181,Native155,5,1,results/13_interface_analysis/formal_msa/complex_model_summary.csv,project27-181,70;73;132;133;135;136;139;140;142;143;144;146;147;149;150,37;89;92;93;96;97;100;101;104;107;108;109;110;112;113;116;117;120;121;123;124;125;127,0.0,0.0,both_nonempty,0,NA,NA
Full181;Native155,formal_msa,5;2,results/full181_supplement/raw/formal_msa/seed5/boltz_results_full_blind_msa/predictions/full_blind_msa/full_blind_msa_model_0.pdb,all_cross_seed_pairs,Full181,Native155,5,2,results/13_interface_analysis/formal_msa/complex_model_summary.csv,project27-181,70;73;132;133;135;136;139;140;142;143;144;146;147;149;150,70;73;74;75;76;79;132;133;135;136;137;139;140;142;143;144;146;147;150,0.7,0.7,both_nonempty,0,NA,NA
Full181;Native155,formal_msa,5;3,results/full181_supplement/raw/formal_msa/seed5/boltz_results_full_blind_msa/predictions/full_blind_msa/full_blind_msa_model_0.pdb,all_cross_seed_pairs,Full181,Native155,5,3,results/13_interface_analysis/formal_msa/complex_model_summary.csv,project27-181,70;73;132;133;135;136;139;140;142;143;144;146;147;149;150,28;29;79;132;133;135;136;138;139;140;142;143;144;146;147;149;150,0.6842105263157895,0.6842105263157895,both_nonempty,0,NA,NA
Full181;Native155,formal_msa,5;4,results/full181_supplement/raw/formal_msa/seed5/boltz_results_full_blind_msa/predictions/full_blind_msa/full_blind_msa_model_0.pdb,all_cross_seed_pairs,Full181,Native155,5,4,results/13_interface_analysis/formal_msa/complex_model_summary.csv,project27-181,70;73;132;133;135;136;139;140;142;143;144;146;147;149;150,37;38;43;46;92;93;96;97;100;104;107;109;110;111;112;113;114;116;117;120;121;123;124;125;127,0.0,0.0,both_nonempty,0,NA,NA
Full181;Native155,formal_msa,5;5,results/full181_supplement/raw/formal_msa/seed5/boltz_results_full_blind_msa/predictions/full_blind_msa/full_blind_msa_model_0.pdb,all_cross_seed_pairs,Full181,Native155,5,5,results/13_interface_analysis/formal_msa/complex_model_summary.csv,project27-181,70;73;132;133;135;136;139;140;142;143;144;146;147;149;150,86;130;132;135;136;139;140;142;143;146;147;149;150;153,0.6111111111111112,0.6111111111111112,both_nonempty,0,NA,NA
Full181;Native155,formal_msa,5;6,results/full181_supplement/raw/formal_msa/seed5/boltz_results_full_blind_msa/predictions/full_blind_msa/full_blind_msa_model_0.pdb,all_cross_seed_pairs,Full181,Native155,5,6,results/13_interface_analysis/formal_msa/complex_model_summary.csv,project27-181,70;73;132;133;135;136;139;140;142;143;144;146;147;149;150,70;130;132;135;136;139;140;142;143;144;146;147;149;150;153,0.7647058823529411,0.7647058823529411,both_nonempty,0,NA,NA
Full181;Native155,formal_msa,5;7,results/full181_supplement/raw/formal_msa/seed5/boltz_results_full_blind_msa/predictions/full_blind_msa/full_blind_msa_model_0.pdb,all_cross_seed_pairs,Full181,Native155,5,7,results/13_interface_analysis/formal_msa/complex_model_summary.csv,project27-181,70;73;132;133;135;136;139;140;142;143;144;146;147;149;150,27;130;132;135;136;137;139;140;142;143;144;145;146;147;149;150;153,0.6,0.6,both_nonempty,0,NA,NA
Full181;Native155,formal_msa,5;8,results/full181_supplement/raw/formal_msa/seed5/boltz_results_full_blind_msa/predictions/full_blind_msa/full_blind_msa_model_0.pdb,all_cross_seed_pairs,Full181,Native155,5,8,results/13_interface_analysis/formal_msa/complex_model_summary.csv,project27-181,70;73;132;133;135;136;139;140;142;143;144;146;147;149;150,92;93;96;97;98;100;101;102;104;107;109;110;112;113;114;116;117;120;121,0.0,0.0,both_nonempty,0,NA,NA
Full181;Native155,formal_msa,5;9,results/full181_supplement/raw/formal_msa/seed5/boltz_results_full_blind_msa/predictions/full_blind_msa/full_blind_msa_model_0.pdb,all_cross_seed_pairs,Full181,Native155,5,9,results/13_interface_analysis/formal_msa/complex_model_summary.csv,project27-181,70;73;132;133;135;136;139;140;142;143;144;146;147;149;150,70;73;132;135;136;138;139;140;142;143;144;146;147;149;150,0.875,0.875,both_nonempty,0,NA,NA
Full181;Native155,formal_msa,5;10,results/full181_supplement/raw/formal_msa/seed5/boltz_results_full_blind_msa/predictions/full_blind_msa/full_blind_msa_model_0.pdb,all_cross_seed_pairs,Full181,Native155,5,10,results/13_interface_analysis/formal_msa/complex_model_summary.csv,project27-181,70;73;132;133;135;136;139;140;142;143;144;146;147;149;150,70;71;73;74;135;136;137;139;140;143;144;146;147;149;150,0.6666666666666666,0.6666666666666666,both_nonempty,0,NA,NA
Full181;Native155,formal_msa,5;11,results/full181_supplement/raw/formal_msa/seed5/boltz_results_full_blind_msa/predictions/full_blind_msa/full_blind_msa_model_0.pdb,all_cross_seed_pairs,Full181,Native155,5,11,results/13_interface_analysis/formal_msa/complex_model_summary.csv,project27-181,70;73;132;133;135;136;139;140;142;143;144;146;147;149;150,27;28;132;135;136;139;140;142;143;144;146;147;149;150,0.7058823529411765,0.7058823529411765,both_nonempty,0,NA,NA
Full181;Native155,formal_msa,5;12,results/full181_supplement/raw/formal_msa/seed5/boltz_results_full_blind_msa/predictions/full_blind_msa/full_blind_msa_model_0.pdb,all_cross_seed_pairs,Full181,Native155,5,12,results/13_interface_analysis/formal_msa/complex_model_summary.csv,project27-181,70;73;132;133;135;136;139;140;142;143;144;146;147;149;150,27;28;73;74;79;132;135;136;138;139;140;142;143;144;146;147;150,0.6,0.6,both_nonempty,0,NA,NA
Full181;Native155,formal_msa,5;13,results/full181_supplement/raw/formal_msa/seed5/boltz_results_full_blind_msa/predictions/full_blind_msa/full_blind_msa_model_0.pdb,all_cross_seed_pairs,Full181,Native155,5,13,results/13_interface_analysis/formal_msa/complex_model_summary.csv,project27-181,70;73;132;133;135;136;139;140;142;143;144;146;147;149;150,82;86;130;132;135;136;138;139;140;142;143;146;147;149;150;153,0.55,0.55,both_nonempty,0,NA,NA
Full181;Native155,formal_msa,5;14,results/full181_supplement/raw/formal_msa/seed5/boltz_results_full_blind_msa/predictions/full_blind_msa/full_blind_msa_model_0.pdb,all_cross_seed_pairs,Full181,Native155,5,14,results/13_interface_analysis/formal_msa/complex_model_summary.csv,project27-181,70;73;132;133;135;136;139;140;142;143;144;146;147;149;150,27;132;135;136;138;139;140;142;143;146;147;149,0.5882352941176471,0.5882352941176471,both_nonempty,0,NA,NA
Full181;Native155,formal_msa,5;15,results/full181_supplement/raw/formal_msa/seed5/boltz_results_full_blind_msa/predictions/full_blind_msa/full_blind_msa_model_0.pdb,all_cross_seed_pairs,Full181,Native155,5,15,results/13_interface_analysis/formal_msa/complex_model_summary.csv,project27-181,70;73;132;133;135;136;139;140;142;143;144;146;147;149;150,70;79;132;133;135;136;137;138;139;140;142;143;144;146;147;150,0.7222222222222222,0.7222222222222222,both_nonempty,0,NA,NA
Full181;Native155,formal_msa,6;1,results/full181_supplement/raw/formal_msa/seed6/boltz_results_full_blind_msa/predictions/full_blind_msa/full_blind_msa_model_0.pdb,all_cross_seed_pairs,Full181,Native155,6,1,results/13_interface_analysis/formal_msa/complex_model_summary.csv,project27-181,73;74;132;133;135;136;138;139;140;142;143;144;146;147;149;150,37;89;92;93;96;97;100;101;104;107;108;109;110;112;113;116;117;120;121;123;124;125;127,0.0,0.0,both_nonempty,0,NA,NA
Full181;Native155,formal_msa,6;2,results/full181_supplement/raw/formal_msa/seed6/boltz_results_full_blind_msa/predictions/full_blind_msa/full_blind_msa_model_0.pdb,all_cross_seed_pairs,Full181,Native155,6,2,results/13_interface_analysis/formal_msa/complex_model_summary.csv,project27-181,73;74;132;133;135;136;138;139;140;142;143;144;146;147;149;150,70;73;74;75;76;79;132;133;135;136;137;139;140;142;143;144;146;147;150,0.6666666666666666,0.6666666666666666,both_nonempty,0,NA,NA
Full181;Native155,formal_msa,6;3,results/full181_supplement/raw/formal_msa/seed6/boltz_results_full_blind_msa/predictions/full_blind_msa/full_blind_msa_model_0.pdb,all_cross_seed_pairs,Full181,Native155,6,3,results/13_interface_analysis/formal_msa/complex_model_summary.csv,project27-181,73;74;132;133;135;136;138;139;140;142;143;144;146;147;149;150,28;29;79;132;133;135;136;138;139;140;142;143;144;146;147;149;150,0.7368421052631579,0.7368421052631579,both_nonempty,0,NA,NA
Full181;Native155,formal_msa,6;4,results/full181_supplement/raw/formal_msa/seed6/boltz_results_full_blind_msa/predictions/full_blind_msa/full_blind_msa_model_0.pdb,all_cross_seed_pairs,Full181,Native155,6,4,results/13_interface_analysis/formal_msa/complex_model_summary.csv,project27-181,73;74;132;133;135;136;138;139;140;142;143;144;146;147;149;150,37;38;43;46;92;93;96;97;100;104;107;109;110;111;112;113;114;116;117;120;121;123;124;125;127,0.0,0.0,both_nonempty,0,NA,NA
Full181;Native155,formal_msa,6;5,results/full181_supplement/raw/formal_msa/seed6/boltz_results_full_blind_msa/predictions/full_blind_msa/full_blind_msa_model_0.pdb,all_cross_seed_pairs,Full181,Native155,6,5,results/13_interface_analysis/formal_msa/complex_model_summary.csv,project27-181,73;74;132;133;135;136;138;139;140;142;143;144;146;147;149;150,86;130;132;135;136;139;140;142;143;146;147;149;150;153,0.5789473684210527,0.5789473684210527,both_nonempty,0,NA,NA
Full181;Native155,formal_msa,6;6,results/full181_supplement/raw/formal_msa/seed6/boltz_results_full_blind_msa/predictions/full_blind_msa/full_blind_msa_model_0.pdb,all_cross_seed_pairs,Full181,Native155,6,6,results/13_interface_analysis/formal_msa/complex_model_summary.csv,project27-181,73;74;132;133;135;136;138;139;140;142;143;144;146;147;149;150,70;130;132;135;136;139;140;142;143;144;146;147;149;150;153,0.631578947368421,0.631578947368421,both_nonempty,0,NA,NA
Full181;Native155,formal_msa,6;7,results/full181_supplement/raw/formal_msa/seed6/boltz_results_full_blind_msa/predictions/full_blind_msa/full_blind_msa_model_0.pdb,all_cross_seed_pairs,Full181,Native155,6,7,results/13_interface_analysis/formal_msa/complex_model_summary.csv,project27-181,73;74;132;133;135;136;138;139;140;142;143;144;146;147;149;150,27;130;132;135;136;137;139;140;142;143;144;145;146;147;149;150;153,0.5714285714285714,0.5714285714285714,both_nonempty,0,NA,NA
Full181;Native155,formal_msa,6;8,results/full181_supplement/raw/formal_msa/seed6/boltz_results_full_blind_msa/predictions/full_blind_msa/full_blind_msa_model_0.pdb,all_cross_seed_pairs,Full181,Native155,6,8,results/13_interface_analysis/formal_msa/complex_model_summary.csv,project27-181,73;74;132;133;135;136;138;139;140;142;143;144;146;147;149;150,92;93;96;97;98;100;101;102;104;107;109;110;112;113;114;116;117;120;121,0.0,0.0,both_nonempty,0,NA,NA
Full181;Native155,formal_msa,6;9,results/full181_supplement/raw/formal_msa/seed6/boltz_results_full_blind_msa/predictions/full_blind_msa/full_blind_msa_model_0.pdb,all_cross_seed_pairs,Full181,Native155,6,9,results/13_interface_analysis/formal_msa/complex_model_summary.csv,project27-181,73;74;132;133;135;136;138;139;140;142;143;144;146;147;149;150,70;73;132;135;136;138;139;140;142;143;144;146;147;149;150,0.8235294117647058,0.8235294117647058,both_nonempty,0,NA,NA
Full181;Native155,formal_msa,6;10,results/full181_supplement/raw/formal_msa/seed6/boltz_results_full_blind_msa/predictions/full_blind_msa/full_blind_msa_model_0.pdb,all_cross_seed_pairs,Full181,Native155,6,10,results/13_interface_analysis/formal_msa/complex_model_summary.csv,project27-181,73;74;132;133;135;136;138;139;140;142;143;144;146;147;149;150,70;71;73;74;135;136;137;139;140;143;144;146;147;149;150,0.631578947368421,0.631578947368421,both_nonempty,0,NA,NA
Full181;Native155,formal_msa,6;11,results/full181_supplement/raw/formal_msa/seed6/boltz_results_full_blind_msa/predictions/full_blind_msa/full_blind_msa_model_0.pdb,all_cross_seed_pairs,Full181,Native155,6,11,results/13_interface_analysis/formal_msa/complex_model_summary.csv,project27-181,73;74;132;133;135;136;138;139;140;142;143;144;146;147;149;150,27;28;132;135;136;139;140;142;143;144;146;147;149;150,0.6666666666666666,0.6666666666666666,both_nonempty,0,NA,NA
Full181;Native155,formal_msa,6;12,results/full181_supplement/raw/formal_msa/seed6/boltz_results_full_blind_msa/predictions/full_blind_msa/full_blind_msa_model_0.pdb,all_cross_seed_pairs,Full181,Native155,6,12,results/13_interface_analysis/formal_msa/complex_model_summary.csv,project27-181,73;74;132;133;135;136;138;139;140;142;143;144;146;147;149;150,27;28;73;74;79;132;135;136;138;139;140;142;143;144;146;147;150,0.7368421052631579,0.7368421052631579,both_nonempty,0,NA,NA
Full181;Native155,formal_msa,6;13,results/full181_supplement/raw/formal_msa/seed6/boltz_results_full_blind_msa/predictions/full_blind_msa/full_blind_msa_model_0.pdb,all_cross_seed_pairs,Full181,Native155,6,13,results/13_interface_analysis/formal_msa/complex_model_summary.csv,project27-181,73;74;132;133;135;136;138;139;140;142;143;144;146;147;149;150,82;86;130;132;135;136;138;139;140;142;143;146;147;149;150;153,0.6,0.6,both_nonempty,0,NA,NA
Full181;Native155,formal_msa,6;14,results/full181_supplement/raw/formal_msa/seed6/boltz_results_full_blind_msa/predictions/full_blind_msa/full_blind_msa_model_0.pdb,all_cross_seed_pairs,Full181,Native155,6,14,results/13_interface_analysis/formal_msa/complex_model_summary.csv,project27-181,73;74;132;133;135;136;138;139;140;142;143;144;146;147;149;150,27;132;135;136;138;139;140;142;143;146;147;149,0.6470588235294118,0.6470588235294118,both_nonempty,0,NA,NA
Full181;Native155,formal_msa,6;15,results/full181_supplement/raw/formal_msa/seed6/boltz_results_full_blind_msa/predictions/full_blind_msa/full_blind_msa_model_0.pdb,all_cross_seed_pairs,Full181,Native155,6,15,results/13_interface_analysis/formal_msa/complex_model_summary.csv,project27-181,73;74;132;133;135;136;138;139;140;142;143;144;146;147;149;150,70;79;132;133;135;136;137;138;139;140;142;143;144;146;147;150,0.6842105263157895,0.6842105263157895,both_nonempty,0,NA,NA
Full181;Native155,formal_msa,7;1,results/full181_supplement/raw/formal_msa/seed7/boltz_results_full_blind_msa/predictions/full_blind_msa/full_blind_msa_model_0.pdb,all_cross_seed_pairs,Full181,Native155,7,1,results/13_interface_analysis/formal_msa/complex_model_summary.csv,project27-181,132;133;135;136;137;139;140;142;143;146;149;150,37;89;92;93;96;97;100;101;104;107;108;109;110;112;113;116;117;120;121;123;124;125;127,0.0,0.0,both_nonempty,0,NA,NA
Full181;Native155,formal_msa,7;2,results/full181_supplement/raw/formal_msa/seed7/boltz_results_full_blind_msa/predictions/full_blind_msa/full_blind_msa_model_0.pdb,all_cross_seed_pairs,Full181,Native155,7,2,results/13_interface_analysis/formal_msa/complex_model_summary.csv,project27-181,132;133;135;136;137;139;140;142;143;146;149;150,70;73;74;75;76;79;132;133;135;136;137;139;140;142;143;144;146;147;150,0.55,0.55,both_nonempty,0,NA,NA
Full181;Native155,formal_msa,7;3,results/full181_supplement/raw/formal_msa/seed7/boltz_results_full_blind_msa/predictions/full_blind_msa/full_blind_msa_model_0.pdb,all_cross_seed_pairs,Full181,Native155,7,3,results/13_interface_analysis/formal_msa/complex_model_summary.csv,project27-181,132;133;135;136;137;139;140;142;143;146;149;150,28;29;79;132;133;135;136;138;139;140;142;143;144;146;147;149;150,0.6111111111111112,0.6111111111111112,both_nonempty,0,NA,NA
Full181;Native155,formal_msa,7;4,results/full181_supplement/raw/formal_msa/seed7/boltz_results_full_blind_msa/predictions/full_blind_msa/full_blind_msa_model_0.pdb,all_cross_seed_pairs,Full181,Native155,7,4,results/13_interface_analysis/formal_msa/complex_model_summary.csv,project27-181,132;133;135;136;137;139;140;142;143;146;149;150,37;38;43;46;92;93;96;97;100;104;107;109;110;111;112;113;114;116;117;120;121;123;124;125;127,0.0,0.0,both_nonempty,0,NA,NA
Full181;Native155,formal_msa,7;5,results/full181_supplement/raw/formal_msa/seed7/boltz_results_full_blind_msa/predictions/full_blind_msa/full_blind_msa_model_0.pdb,all_cross_seed_pairs,Full181,Native155,7,5,results/13_interface_analysis/formal_msa/complex_model_summary.csv,project27-181,132;133;135;136;137;139;140;142;143;146;149;150,86;130;132;135;136;139;140;142;143;146;147;149;150;153,0.625,0.625,both_nonempty,0,NA,NA
Full181;Native155,formal_msa,7;6,results/full181_supplement/raw/formal_msa/seed7/boltz_results_full_blind_msa/predictions/full_blind_msa/full_blind_msa_model_0.pdb,all_cross_seed_pairs,Full181,Native155,7,6,results/13_interface_analysis/formal_msa/complex_model_summary.csv,project27-181,132;133;135;136;137;139;140;142;143;146;149;150,70;130;132;135;136;139;140;142;143;144;146;147;149;150;153,0.5882352941176471,0.5882352941176471,both_nonempty,0,NA,NA
Full181;Native155,formal_msa,7;7,results/full181_supplement/raw/formal_msa/seed7/boltz_results_full_blind_msa/predictions/full_blind_msa/full_blind_msa_model_0.pdb,all_cross_seed_pairs,Full181,Native155,7,7,results/13_interface_analysis/formal_msa/complex_model_summary.csv,project27-181,132;133;135;136;137;139;140;142;143;146;149;150,27;130;132;135;136;137;139;140;142;143;144;145;146;147;149;150;153,0.6111111111111112,0.6111111111111112,both_nonempty,0,NA,NA
Full181;Native155,formal_msa,7;8,results/full181_supplement/raw/formal_msa/seed7/boltz_results_full_blind_msa/predictions/full_blind_msa/full_blind_msa_model_0.pdb,all_cross_seed_pairs,Full181,Native155,7,8,results/13_interface_analysis/formal_msa/complex_model_summary.csv,project27-181,132;133;135;136;137;139;140;142;143;146;149;150,92;93;96;97;98;100;101;102;104;107;109;110;112;113;114;116;117;120;121,0.0,0.0,both_nonempty,0,NA,NA
Full181;Native155,formal_msa,7;9,results/full181_supplement/raw/formal_msa/seed7/boltz_results_full_blind_msa/predictions/full_blind_msa/full_blind_msa_model_0.pdb,all_cross_seed_pairs,Full181,Native155,7,9,results/13_interface_analysis/formal_msa/complex_model_summary.csv,project27-181,132;133;135;136;137;139;140;142;143;146;149;150,70;73;132;135;136;138;139;140;142;143;144;146;147;149;150,0.5882352941176471,0.5882352941176471,both_nonempty,0,NA,NA
Full181;Native155,formal_msa,7;10,results/full181_supplement/raw/formal_msa/seed7/boltz_results_full_blind_msa/predictions/full_blind_msa/full_blind_msa_model_0.pdb,all_cross_seed_pairs,Full181,Native155,7,10,results/13_interface_analysis/formal_msa/complex_model_summary.csv,project27-181,132;133;135;136;137;139;140;142;143;146;149;150,70;71;73;74;135;136;137;139;140;143;144;146;147;149;150,0.5,0.5,both_nonempty,0,NA,NA
Full181;Native155,formal_msa,7;11,results/full181_supplement/raw/formal_msa/seed7/boltz_results_full_blind_msa/predictions/full_blind_msa/full_blind_msa_model_0.pdb,all_cross_seed_pairs,Full181,Native155,7,11,results/13_interface_analysis/formal_msa/complex_model_summary.csv,project27-181,132;133;135;136;137;139;140;142;143;146;149;150,27;28;132;135;136;139;140;142;143;144;146;147;149;150,0.625,0.625,both_nonempty,0,NA,NA
Full181;Native155,formal_msa,7;12,results/full181_supplement/raw/formal_msa/seed7/boltz_results_full_blind_msa/predictions/full_blind_msa/full_blind_msa_model_0.pdb,all_cross_seed_pairs,Full181,Native155,7,12,results/13_interface_analysis/formal_msa/complex_model_summary.csv,project27-181,132;133;135;136;137;139;140;142;143;146;149;150,27;28;73;74;79;132;135;136;138;139;140;142;143;144;146;147;150,0.45,0.45,both_nonempty,0,NA,NA
Full181;Native155,formal_msa,7;13,results/full181_supplement/raw/formal_msa/seed7/boltz_results_full_blind_msa/predictions/full_blind_msa/full_blind_msa_model_0.pdb,all_cross_seed_pairs,Full181,Native155,7,13,results/13_interface_analysis/formal_msa/complex_model_summary.csv,project27-181,132;133;135;136;137;139;140;142;143;146;149;150,82;86;130;132;135;136;138;139;140;142;143;146;147;149;150;153,0.5555555555555556,0.5555555555555556,both_nonempty,0,NA,NA
Full181;Native155,formal_msa,7;14,results/full181_supplement/raw/formal_msa/seed7/boltz_results_full_blind_msa/predictions/full_blind_msa/full_blind_msa_model_0.pdb,all_cross_seed_pairs,Full181,Native155,7,14,results/13_interface_analysis/formal_msa/complex_model_summary.csv,project27-181,132;133;135;136;137;139;140;142;143;146;149;150,27;132;135;136;138;139;140;142;143;146;147;149,0.6,0.6,both_nonempty,0,NA,NA
Full181;Native155,formal_msa,7;15,results/full181_supplement/raw/formal_msa/seed7/boltz_results_full_blind_msa/predictions/full_blind_msa/full_blind_msa_model_0.pdb,all_cross_seed_pairs,Full181,Native155,7,15,results/13_interface_analysis/formal_msa/complex_model_summary.csv,project27-181,132;133;135;136;137;139;140;142;143;146;149;150,70;79;132;133;135;136;137;138;139;140;142;143;144;146;147;150,0.6470588235294118,0.6470588235294118,both_nonempty,0,NA,NA
Full181;Native155,formal_msa,8;1,results/full181_supplement/raw/formal_msa/seed8/boltz_results_full_blind_msa/predictions/full_blind_msa/full_blind_msa_model_0.pdb,all_cross_seed_pairs,Full181,Native155,8,1,results/13_interface_analysis/formal_msa/complex_model_summary.csv,project27-181,37;38;40;43;46;92;93;100;107;109;110;111;112;113;114;116;117;120;121;123;124;125;127,37;89;92;93;96;97;100;101;104;107;108;109;110;112;113;116;117;120;121;123;124;125;127,0.5862068965517241,0.5862068965517241,both_nonempty,0,NA,NA
Full181;Native155,formal_msa,8;2,results/full181_supplement/raw/formal_msa/seed8/boltz_results_full_blind_msa/predictions/full_blind_msa/full_blind_msa_model_0.pdb,all_cross_seed_pairs,Full181,Native155,8,2,results/13_interface_analysis/formal_msa/complex_model_summary.csv,project27-181,37;38;40;43;46;92;93;100;107;109;110;111;112;113;114;116;117;120;121;123;124;125;127,70;73;74;75;76;79;132;133;135;136;137;139;140;142;143;144;146;147;150,0.0,0.0,both_nonempty,0,NA,NA
Full181;Native155,formal_msa,8;3,results/full181_supplement/raw/formal_msa/seed8/boltz_results_full_blind_msa/predictions/full_blind_msa/full_blind_msa_model_0.pdb,all_cross_seed_pairs,Full181,Native155,8,3,results/13_interface_analysis/formal_msa/complex_model_summary.csv,project27-181,37;38;40;43;46;92;93;100;107;109;110;111;112;113;114;116;117;120;121;123;124;125;127,28;29;79;132;133;135;136;138;139;140;142;143;144;146;147;149;150,0.0,0.0,both_nonempty,0,NA,NA
Full181;Native155,formal_msa,8;4,results/full181_supplement/raw/formal_msa/seed8/boltz_results_full_blind_msa/predictions/full_blind_msa/full_blind_msa_model_0.pdb,all_cross_seed_pairs,Full181,Native155,8,4,results/13_interface_analysis/formal_msa/complex_model_summary.csv,project27-181,37;38;40;43;46;92;93;100;107;109;110;111;112;113;114;116;117;120;121;123;124;125;127,37;38;43;46;92;93;96;97;100;104;107;109;110;111;112;113;114;116;117;120;121;123;124;125;127,0.8461538461538461,0.8461538461538461,both_nonempty,0,NA,NA
Full181;Native155,formal_msa,8;5,results/full181_supplement/raw/formal_msa/seed8/boltz_results_full_blind_msa/predictions/full_blind_msa/full_blind_msa_model_0.pdb,all_cross_seed_pairs,Full181,Native155,8,5,results/13_interface_analysis/formal_msa/complex_model_summary.csv,project27-181,37;38;40;43;46;92;93;100;107;109;110;111;112;113;114;116;117;120;121;123;124;125;127,86;130;132;135;136;139;140;142;143;146;147;149;150;153,0.0,0.0,both_nonempty,0,NA,NA
Full181;Native155,formal_msa,8;6,results/full181_supplement/raw/formal_msa/seed8/boltz_results_full_blind_msa/predictions/full_blind_msa/full_blind_msa_model_0.pdb,all_cross_seed_pairs,Full181,Native155,8,6,results/13_interface_analysis/formal_msa/complex_model_summary.csv,project27-181,37;38;40;43;46;92;93;100;107;109;110;111;112;113;114;116;117;120;121;123;124;125;127,70;130;132;135;136;139;140;142;143;144;146;147;149;150;153,0.0,0.0,both_nonempty,0,NA,NA
Full181;Native155,formal_msa,8;7,results/full181_supplement/raw/formal_msa/seed8/boltz_results_full_blind_msa/predictions/full_blind_msa/full_blind_msa_model_0.pdb,all_cross_seed_pairs,Full181,Native155,8,7,results/13_interface_analysis/formal_msa/complex_model_summary.csv,project27-181,37;38;40;43;46;92;93;100;107;109;110;111;112;113;114;116;117;120;121;123;124;125;127,27;130;132;135;136;137;139;140;142;143;144;145;146;147;149;150;153,0.0,0.0,both_nonempty,0,NA,NA
Full181;Native155,formal_msa,8;8,results/full181_supplement/raw/formal_msa/seed8/boltz_results_full_blind_msa/predictions/full_blind_msa/full_blind_msa_model_0.pdb,all_cross_seed_pairs,Full181,Native155,8,8,results/13_interface_analysis/formal_msa/complex_model_summary.csv,project27-181,37;38;40;43;46;92;93;100;107;109;110;111;112;113;114;116;117;120;121;123;124;125;127,92;93;96;97;98;100;101;102;104;107;109;110;112;113;114;116;117;120;121,0.4482758620689655,0.4482758620689655,both_nonempty,0,NA,NA
Full181;Native155,formal_msa,8;9,results/full181_supplement/raw/formal_msa/seed8/boltz_results_full_blind_msa/predictions/full_blind_msa/full_blind_msa_model_0.pdb,all_cross_seed_pairs,Full181,Native155,8,9,results/13_interface_analysis/formal_msa/complex_model_summary.csv,project27-181,37;38;40;43;46;92;93;100;107;109;110;111;112;113;114;116;117;120;121;123;124;125;127,70;73;132;135;136;138;139;140;142;143;144;146;147;149;150,0.0,0.0,both_nonempty,0,NA,NA
Full181;Native155,formal_msa,8;10,results/full181_supplement/raw/formal_msa/seed8/boltz_results_full_blind_msa/predictions/full_blind_msa/full_blind_msa_model_0.pdb,all_cross_seed_pairs,Full181,Native155,8,10,results/13_interface_analysis/formal_msa/complex_model_summary.csv,project27-181,37;38;40;43;46;92;93;100;107;109;110;111;112;113;114;116;117;120;121;123;124;125;127,70;71;73;74;135;136;137;139;140;143;144;146;147;149;150,0.0,0.0,both_nonempty,0,NA,NA
Full181;Native155,formal_msa,8;11,results/full181_supplement/raw/formal_msa/seed8/boltz_results_full_blind_msa/predictions/full_blind_msa/full_blind_msa_model_0.pdb,all_cross_seed_pairs,Full181,Native155,8,11,results/13_interface_analysis/formal_msa/complex_model_summary.csv,project27-181,37;38;40;43;46;92;93;100;107;109;110;111;112;113;114;116;117;120;121;123;124;125;127,27;28;132;135;136;139;140;142;143;144;146;147;149;150,0.0,0.0,both_nonempty,0,NA,NA
Full181;Native155,formal_msa,8;12,results/full181_supplement/raw/formal_msa/seed8/boltz_results_full_blind_msa/predictions/full_blind_msa/full_blind_msa_model_0.pdb,all_cross_seed_pairs,Full181,Native155,8,12,results/13_interface_analysis/formal_msa/complex_model_summary.csv,project27-181,37;38;40;43;46;92;93;100;107;109;110;111;112;113;114;116;117;120;121;123;124;125;127,27;28;73;74;79;132;135;136;138;139;140;142;143;144;146;147;150,0.0,0.0,both_nonempty,0,NA,NA
Full181;Native155,formal_msa,8;13,results/full181_supplement/raw/formal_msa/seed8/boltz_results_full_blind_msa/predictions/full_blind_msa/full_blind_msa_model_0.pdb,all_cross_seed_pairs,Full181,Native155,8,13,results/13_interface_analysis/formal_msa/complex_model_summary.csv,project27-181,37;38;40;43;46;92;93;100;107;109;110;111;112;113;114;116;117;120;121;123;124;125;127,82;86;130;132;135;136;138;139;140;142;143;146;147;149;150;153,0.0,0.0,both_nonempty,0,NA,NA
Full181;Native155,formal_msa,8;14,results/full181_supplement/raw/formal_msa/seed8/boltz_results_full_blind_msa/predictions/full_blind_msa/full_blind_msa_model_0.pdb,all_cross_seed_pairs,Full181,Native155,8,14,results/13_interface_analysis/formal_msa/complex_model_summary.csv,project27-181,37;38;40;43;46;92;93;100;107;109;110;111;112;113;114;116;117;120;121;123;124;125;127,27;132;135;136;138;139;140;142;143;146;147;149,0.0,0.0,both_nonempty,0,NA,NA
Full181;Native155,formal_msa,8;15,results/full181_supplement/raw/formal_msa/seed8/boltz_results_full_blind_msa/predictions/full_blind_msa/full_blind_msa_model_0.pdb,all_cross_seed_pairs,Full181,Native155,8,15,results/13_interface_analysis/formal_msa/complex_model_summary.csv,project27-181,37;38;40;43;46;92;93;100;107;109;110;111;112;113;114;116;117;120;121;123;124;125;127,70;79;132;133;135;136;137;138;139;140;142;143;144;146;147;150,0.0,0.0,both_nonempty,0,NA,NA
Full181;Native155,formal_msa,9;1,results/full181_supplement/raw/formal_msa/seed9/boltz_results_full_blind_msa/predictions/full_blind_msa/full_blind_msa_model_0.pdb,all_cross_seed_pairs,Full181,Native155,9,1,results/13_interface_analysis/formal_msa/complex_model_summary.csv,project27-181,70;73;74;79;132;133;135;136;137;139;140;142;143;144;146;147;149;150,37;89;92;93;96;97;100;101;104;107;108;109;110;112;113;116;117;120;121;123;124;125;127,0.0,0.0,both_nonempty,0,NA,NA
Full181;Native155,formal_msa,9;2,results/full181_supplement/raw/formal_msa/seed9/boltz_results_full_blind_msa/predictions/full_blind_msa/full_blind_msa_model_0.pdb,all_cross_seed_pairs,Full181,Native155,9,2,results/13_interface_analysis/formal_msa/complex_model_summary.csv,project27-181,70;73;74;79;132;133;135;136;137;139;140;142;143;144;146;147;149;150,70;73;74;75;76;79;132;133;135;136;137;139;140;142;143;144;146;147;150,0.85,0.85,both_nonempty,0,NA,NA
Full181;Native155,formal_msa,9;3,results/full181_supplement/raw/formal_msa/seed9/boltz_results_full_blind_msa/predictions/full_blind_msa/full_blind_msa_model_0.pdb,all_cross_seed_pairs,Full181,Native155,9,3,results/13_interface_analysis/formal_msa/complex_model_summary.csv,project27-181,70;73;74;79;132;133;135;136;137;139;140;142;143;144;146;147;149;150,28;29;79;132;133;135;136;138;139;140;142;143;144;146;147;149;150,0.6666666666666666,0.6666666666666666,both_nonempty,0,NA,NA
Full181;Native155,formal_msa,9;4,results/full181_supplement/raw/formal_msa/seed9/boltz_results_full_blind_msa/predictions/full_blind_msa/full_blind_msa_model_0.pdb,all_cross_seed_pairs,Full181,Native155,9,4,results/13_interface_analysis/formal_msa/complex_model_summary.csv,project27-181,70;73;74;79;132;133;135;136;137;139;140;142;143;144;146;147;149;150,37;38;43;46;92;93;96;97;100;104;107;109;110;111;112;113;114;116;117;120;121;123;124;125;127,0.0,0.0,both_nonempty,0,NA,NA
Full181;Native155,formal_msa,9;5,results/full181_supplement/raw/formal_msa/seed9/boltz_results_full_blind_msa/predictions/full_blind_msa/full_blind_msa_model_0.pdb,all_cross_seed_pairs,Full181,Native155,9,5,results/13_interface_analysis/formal_msa/complex_model_summary.csv,project27-181,70;73;74;79;132;133;135;136;137;139;140;142;143;144;146;147;149;150,86;130;132;135;136;139;140;142;143;146;147;149;150;153,0.5238095238095238,0.5238095238095238,both_nonempty,0,NA,NA
Full181;Native155,formal_msa,9;6,results/full181_supplement/raw/formal_msa/seed9/boltz_results_full_blind_msa/predictions/full_blind_msa/full_blind_msa_model_0.pdb,all_cross_seed_pairs,Full181,Native155,9,6,results/13_interface_analysis/formal_msa/complex_model_summary.csv,project27-181,70;73;74;79;132;133;135;136;137;139;140;142;143;144;146;147;149;150,70;130;132;135;136;139;140;142;143;144;146;147;149;150;153,0.65,0.65,both_nonempty,0,NA,NA
Full181;Native155,formal_msa,9;7,results/full181_supplement/raw/formal_msa/seed9/boltz_results_full_blind_msa/predictions/full_blind_msa/full_blind_msa_model_0.pdb,all_cross_seed_pairs,Full181,Native155,9,7,results/13_interface_analysis/formal_msa/complex_model_summary.csv,project27-181,70;73;74;79;132;133;135;136;137;139;140;142;143;144;146;147;149;150,27;130;132;135;136;137;139;140;142;143;144;145;146;147;149;150;153,0.5909090909090909,0.5909090909090909,both_nonempty,0,NA,NA
Full181;Native155,formal_msa,9;8,results/full181_supplement/raw/formal_msa/seed9/boltz_results_full_blind_msa/predictions/full_blind_msa/full_blind_msa_model_0.pdb,all_cross_seed_pairs,Full181,Native155,9,8,results/13_interface_analysis/formal_msa/complex_model_summary.csv,project27-181,70;73;74;79;132;133;135;136;137;139;140;142;143;144;146;147;149;150,92;93;96;97;98;100;101;102;104;107;109;110;112;113;114;116;117;120;121,0.0,0.0,both_nonempty,0,NA,NA
Full181;Native155,formal_msa,9;9,results/full181_supplement/raw/formal_msa/seed9/boltz_results_full_blind_msa/predictions/full_blind_msa/full_blind_msa_model_0.pdb,all_cross_seed_pairs,Full181,Native155,9,9,results/13_interface_analysis/formal_msa/complex_model_summary.csv,project27-181,70;73;74;79;132;133;135;136;137;139;140;142;143;144;146;147;149;150,70;73;132;135;136;138;139;140;142;143;144;146;147;149;150,0.7368421052631579,0.7368421052631579,both_nonempty,0,NA,NA
Full181;Native155,formal_msa,9;10,results/full181_supplement/raw/formal_msa/seed9/boltz_results_full_blind_msa/predictions/full_blind_msa/full_blind_msa_model_0.pdb,all_cross_seed_pairs,Full181,Native155,9,10,results/13_interface_analysis/formal_msa/complex_model_summary.csv,project27-181,70;73;74;79;132;133;135;136;137;139;140;142;143;144;146;147;149;150,70;71;73;74;135;136;137;139;140;143;144;146;147;149;150,0.7368421052631579,0.7368421052631579,both_nonempty,0,NA,NA
Full181;Native155,formal_msa,9;11,results/full181_supplement/raw/formal_msa/seed9/boltz_results_full_blind_msa/predictions/full_blind_msa/full_blind_msa_model_0.pdb,all_cross_seed_pairs,Full181,Native155,9,11,results/13_interface_analysis/formal_msa/complex_model_summary.csv,project27-181,70;73;74;79;132;133;135;136;137;139;140;142;143;144;146;147;149;150,27;28;132;135;136;139;140;142;143;144;146;147;149;150,0.6,0.6,both_nonempty,0,NA,NA
Full181;Native155,formal_msa,9;12,results/full181_supplement/raw/formal_msa/seed9/boltz_results_full_blind_msa/predictions/full_blind_msa/full_blind_msa_model_0.pdb,all_cross_seed_pairs,Full181,Native155,9,12,results/13_interface_analysis/formal_msa/complex_model_summary.csv,project27-181,70;73;74;79;132;133;135;136;137;139;140;142;143;144;146;147;149;150,27;28;73;74;79;132;135;136;138;139;140;142;143;144;146;147;150,0.6666666666666666,0.6666666666666666,both_nonempty,0,NA,NA
Full181;Native155,formal_msa,9;13,results/full181_supplement/raw/formal_msa/seed9/boltz_results_full_blind_msa/predictions/full_blind_msa/full_blind_msa_model_0.pdb,all_cross_seed_pairs,Full181,Native155,9,13,results/13_interface_analysis/formal_msa/complex_model_summary.csv,project27-181,70;73;74;79;132;133;135;136;137;139;140;142;143;144;146;147;149;150,82;86;130;132;135;136;138;139;140;142;143;146;147;149;150;153,0.4782608695652174,0.4782608695652174,both_nonempty,0,NA,NA
Full181;Native155,formal_msa,9;14,results/full181_supplement/raw/formal_msa/seed9/boltz_results_full_blind_msa/predictions/full_blind_msa/full_blind_msa_model_0.pdb,all_cross_seed_pairs,Full181,Native155,9,14,results/13_interface_analysis/formal_msa/complex_model_summary.csv,project27-181,70;73;74;79;132;133;135;136;137;139;140;142;143;144;146;147;149;150,27;132;135;136;138;139;140;142;143;146;147;149,0.5,0.5,both_nonempty,0,NA,NA
Full181;Native155,formal_msa,9;15,results/full181_supplement/raw/formal_msa/seed9/boltz_results_full_blind_msa/predictions/full_blind_msa/full_blind_msa_model_0.pdb,all_cross_seed_pairs,Full181,Native155,9,15,results/13_interface_analysis/formal_msa/complex_model_summary.csv,project27-181,70;73;74;79;132;133;135;136;137;139;140;142;143;144;146;147;149;150,70;79;132;133;135;136;137;138;139;140;142;143;144;146;147;150,0.7894736842105263,0.7894736842105263,both_nonempty,0,NA,NA
Full181;Native155,formal_msa,10;1,results/full181_supplement/raw/formal_msa/seed10/boltz_results_full_blind_msa/predictions/full_blind_msa/full_blind_msa_model_0.pdb,all_cross_seed_pairs,Full181,Native155,10,1,results/13_interface_analysis/formal_msa/complex_model_summary.csv,project27-181,30;70;73;74;79;132;133;135;136;139;140;142;143;144;146,37;89;92;93;96;97;100;101;104;107;108;109;110;112;113;116;117;120;121;123;124;125;127,0.0,0.0,both_nonempty,0,NA,NA
Full181;Native155,formal_msa,10;2,results/full181_supplement/raw/formal_msa/seed10/boltz_results_full_blind_msa/predictions/full_blind_msa/full_blind_msa_model_0.pdb,all_cross_seed_pairs,Full181,Native155,10,2,results/13_interface_analysis/formal_msa/complex_model_summary.csv,project27-181,30;70;73;74;79;132;133;135;136;139;140;142;143;144;146,70;73;74;75;76;79;132;133;135;136;137;139;140;142;143;144;146;147;150,0.7,0.7,both_nonempty,0,NA,NA
Full181;Native155,formal_msa,10;3,results/full181_supplement/raw/formal_msa/seed10/boltz_results_full_blind_msa/predictions/full_blind_msa/full_blind_msa_model_0.pdb,all_cross_seed_pairs,Full181,Native155,10,3,results/13_interface_analysis/formal_msa/complex_model_summary.csv,project27-181,30;70;73;74;79;132;133;135;136;139;140;142;143;144;146,28;29;79;132;133;135;136;138;139;140;142;143;144;146;147;149;150,0.5238095238095238,0.5238095238095238,both_nonempty,0,NA,NA
Full181;Native155,formal_msa,10;4,results/full181_supplement/raw/formal_msa/seed10/boltz_results_full_blind_msa/predictions/full_blind_msa/full_blind_msa_model_0.pdb,all_cross_seed_pairs,Full181,Native155,10,4,results/13_interface_analysis/formal_msa/complex_model_summary.csv,project27-181,30;70;73;74;79;132;133;135;136;139;140;142;143;144;146,37;38;43;46;92;93;96;97;100;104;107;109;110;111;112;113;114;116;117;120;121;123;124;125;127,0.0,0.0,both_nonempty,0,NA,NA
Full181;Native155,formal_msa,10;5,results/full181_supplement/raw/formal_msa/seed10/boltz_results_full_blind_msa/predictions/full_blind_msa/full_blind_msa_model_0.pdb,all_cross_seed_pairs,Full181,Native155,10,5,results/13_interface_analysis/formal_msa/complex_model_summary.csv,project27-181,30;70;73;74;79;132;133;135;136;139;140;142;143;144;146,86;130;132;135;136;139;140;142;143;146;147;149;150;153,0.38095238095238093,0.38095238095238093,both_nonempty,0,NA,NA
Full181;Native155,formal_msa,10;6,results/full181_supplement/raw/formal_msa/seed10/boltz_results_full_blind_msa/predictions/full_blind_msa/full_blind_msa_model_0.pdb,all_cross_seed_pairs,Full181,Native155,10,6,results/13_interface_analysis/formal_msa/complex_model_summary.csv,project27-181,30;70;73;74;79;132;133;135;136;139;140;142;143;144;146,70;130;132;135;136;139;140;142;143;144;146;147;149;150;153,0.5,0.5,both_nonempty,0,NA,NA
Full181;Native155,formal_msa,10;7,results/full181_supplement/raw/formal_msa/seed10/boltz_results_full_blind_msa/predictions/full_blind_msa/full_blind_msa_model_0.pdb,all_cross_seed_pairs,Full181,Native155,10,7,results/13_interface_analysis/formal_msa/complex_model_summary.csv,project27-181,30;70;73;74;79;132;133;135;136;139;140;142;143;144;146,27;130;132;135;136;137;139;140;142;143;144;145;146;147;149;150;153,0.391304347826087,0.391304347826087,both_nonempty,0,NA,NA
Full181;Native155,formal_msa,10;8,results/full181_supplement/raw/formal_msa/seed10/boltz_results_full_blind_msa/predictions/full_blind_msa/full_blind_msa_model_0.pdb,all_cross_seed_pairs,Full181,Native155,10,8,results/13_interface_analysis/formal_msa/complex_model_summary.csv,project27-181,30;70;73;74;79;132;133;135;136;139;140;142;143;144;146,92;93;96;97;98;100;101;102;104;107;109;110;112;113;114;116;117;120;121,0.0,0.0,both_nonempty,0,NA,NA
Full181;Native155,formal_msa,10;9,results/full181_supplement/raw/formal_msa/seed10/boltz_results_full_blind_msa/predictions/full_blind_msa/full_blind_msa_model_0.pdb,all_cross_seed_pairs,Full181,Native155,10,9,results/13_interface_analysis/formal_msa/complex_model_summary.csv,project27-181,30;70;73;74;79;132;133;135;136;139;140;142;143;144;146,70;73;132;135;136;138;139;140;142;143;144;146;147;149;150,0.5789473684210527,0.5789473684210527,both_nonempty,0,NA,NA
Full181;Native155,formal_msa,10;10,results/full181_supplement/raw/formal_msa/seed10/boltz_results_full_blind_msa/predictions/full_blind_msa/full_blind_msa_model_0.pdb,all_cross_seed_pairs,Full181,Native155,10,10,results/13_interface_analysis/formal_msa/complex_model_summary.csv,project27-181,30;70;73;74;79;132;133;135;136;139;140;142;143;144;146,70;71;73;74;135;136;137;139;140;143;144;146;147;149;150,0.5,0.5,both_nonempty,0,NA,NA
Full181;Native155,formal_msa,10;11,results/full181_supplement/raw/formal_msa/seed10/boltz_results_full_blind_msa/predictions/full_blind_msa/full_blind_msa_model_0.pdb,all_cross_seed_pairs,Full181,Native155,10,11,results/13_interface_analysis/formal_msa/complex_model_summary.csv,project27-181,30;70;73;74;79;132;133;135;136;139;140;142;143;144;146,27;28;132;135;136;139;140;142;143;144;146;147;149;150,0.45,0.45,both_nonempty,0,NA,NA
Full181;Native155,formal_msa,10;12,results/full181_supplement/raw/formal_msa/seed10/boltz_results_full_blind_msa/predictions/full_blind_msa/full_blind_msa_model_0.pdb,all_cross_seed_pairs,Full181,Native155,10,12,results/13_interface_analysis/formal_msa/complex_model_summary.csv,project27-181,30;70;73;74;79;132;133;135;136;139;140;142;143;144;146,27;28;73;74;79;132;135;136;138;139;140;142;143;144;146;147;150,0.6,0.6,both_nonempty,0,NA,NA
Full181;Native155,formal_msa,10;13,results/full181_supplement/raw/formal_msa/seed10/boltz_results_full_blind_msa/predictions/full_blind_msa/full_blind_msa_model_0.pdb,all_cross_seed_pairs,Full181,Native155,10,13,results/13_interface_analysis/formal_msa/complex_model_summary.csv,project27-181,30;70;73;74;79;132;133;135;136;139;140;142;143;144;146,82;86;130;132;135;136;138;139;140;142;143;146;147;149;150;153,0.34782608695652173,0.34782608695652173,both_nonempty,0,NA,NA
Full181;Native155,formal_msa,10;14,results/full181_supplement/raw/formal_msa/seed10/boltz_results_full_blind_msa/predictions/full_blind_msa/full_blind_msa_model_0.pdb,all_cross_seed_pairs,Full181,Native155,10,14,results/13_interface_analysis/formal_msa/complex_model_summary.csv,project27-181,30;70;73;74;79;132;133;135;136;139;140;142;143;144;146,27;132;135;136;138;139;140;142;143;146;147;149,0.42105263157894735,0.42105263157894735,both_nonempty,0,NA,NA
Full181;Native155,formal_msa,10;15,results/full181_supplement/raw/formal_msa/seed10/boltz_results_full_blind_msa/predictions/full_blind_msa/full_blind_msa_model_0.pdb,all_cross_seed_pairs,Full181,Native155,10,15,results/13_interface_analysis/formal_msa/complex_model_summary.csv,project27-181,30;70;73;74;79;132;133;135;136;139;140;142;143;144;146,70;79;132;133;135;136;137;138;139;140;142;143;144;146;147;150,0.631578947368421,0.631578947368421,both_nonempty,0,NA,NA
Full181;Native155,formal_msa,11;1,results/full181_supplement/raw/formal_msa/seed11/boltz_results_full_blind_msa/predictions/full_blind_msa/full_blind_msa_model_0.pdb,all_cross_seed_pairs,Full181,Native155,11,1,results/13_interface_analysis/formal_msa/complex_model_summary.csv,project27-181,79;132;133;135;136;139;140;142;143;144;146;147;149;150,37;89;92;93;96;97;100;101;104;107;108;109;110;112;113;116;117;120;121;123;124;125;127,0.0,0.0,both_nonempty,0,NA,NA
Full181;Native155,formal_msa,11;2,results/full181_supplement/raw/formal_msa/seed11/boltz_results_full_blind_msa/predictions/full_blind_msa/full_blind_msa_model_0.pdb,all_cross_seed_pairs,Full181,Native155,11,2,results/13_interface_analysis/formal_msa/complex_model_summary.csv,project27-181,79;132;133;135;136;139;140;142;143;144;146;147;149;150,70;73;74;75;76;79;132;133;135;136;137;139;140;142;143;144;146;147;150,0.65,0.65,both_nonempty,0,NA,NA
Full181;Native155,formal_msa,11;3,results/full181_supplement/raw/formal_msa/seed11/boltz_results_full_blind_msa/predictions/full_blind_msa/full_blind_msa_model_0.pdb,all_cross_seed_pairs,Full181,Native155,11,3,results/13_interface_analysis/formal_msa/complex_model_summary.csv,project27-181,79;132;133;135;136;139;140;142;143;144;146;147;149;150,28;29;79;132;133;135;136;138;139;140;142;143;144;146;147;149;150,0.8235294117647058,0.8235294117647058,both_nonempty,0,NA,NA
Full181;Native155,formal_msa,11;4,results/full181_supplement/raw/formal_msa/seed11/boltz_results_full_blind_msa/predictions/full_blind_msa/full_blind_msa_model_0.pdb,all_cross_seed_pairs,Full181,Native155,11,4,results/13_interface_analysis/formal_msa/complex_model_summary.csv,project27-181,79;132;133;135;136;139;140;142;143;144;146;147;149;150,37;38;43;46;92;93;96;97;100;104;107;109;110;111;112;113;114;116;117;120;121;123;124;125;127,0.0,0.0,both_nonempty,0,NA,NA
Full181;Native155,formal_msa,11;5,results/full181_supplement/raw/formal_msa/seed11/boltz_results_full_blind_msa/predictions/full_blind_msa/full_blind_msa_model_0.pdb,all_cross_seed_pairs,Full181,Native155,11,5,results/13_interface_analysis/formal_msa/complex_model_summary.csv,project27-181,79;132;133;135;136;139;140;142;143;144;146;147;149;150,86;130;132;135;136;139;140;142;143;146;147;149;150;153,0.6470588235294118,0.6470588235294118,both_nonempty,0,NA,NA
Full181;Native155,formal_msa,11;6,results/full181_supplement/raw/formal_msa/seed11/boltz_results_full_blind_msa/predictions/full_blind_msa/full_blind_msa_model_0.pdb,all_cross_seed_pairs,Full181,Native155,11,6,results/13_interface_analysis/formal_msa/complex_model_summary.csv,project27-181,79;132;133;135;136;139;140;142;143;144;146;147;149;150,70;130;132;135;136;139;140;142;143;144;146;147;149;150;153,0.7058823529411765,0.7058823529411765,both_nonempty,0,NA,NA
Full181;Native155,formal_msa,11;7,results/full181_supplement/raw/formal_msa/seed11/boltz_results_full_blind_msa/predictions/full_blind_msa/full_blind_msa_model_0.pdb,all_cross_seed_pairs,Full181,Native155,11,7,results/13_interface_analysis/formal_msa/complex_model_summary.csv,project27-181,79;132;133;135;136;139;140;142;143;144;146;147;149;150,27;130;132;135;136;137;139;140;142;143;144;145;146;147;149;150;153,0.631578947368421,0.631578947368421,both_nonempty,0,NA,NA
Full181;Native155,formal_msa,11;8,results/full181_supplement/raw/formal_msa/seed11/boltz_results_full_blind_msa/predictions/full_blind_msa/full_blind_msa_model_0.pdb,all_cross_seed_pairs,Full181,Native155,11,8,results/13_interface_analysis/formal_msa/complex_model_summary.csv,project27-181,79;132;133;135;136;139;140;142;143;144;146;147;149;150,92;93;96;97;98;100;101;102;104;107;109;110;112;113;114;116;117;120;121,0.0,0.0,both_nonempty,0,NA,NA
Full181;Native155,formal_msa,11;9,results/full181_supplement/raw/formal_msa/seed11/boltz_results_full_blind_msa/predictions/full_blind_msa/full_blind_msa_model_0.pdb,all_cross_seed_pairs,Full181,Native155,11,9,results/13_interface_analysis/formal_msa/complex_model_summary.csv,project27-181,79;132;133;135;136;139;140;142;143;144;146;147;149;150,70;73;132;135;136;138;139;140;142;143;144;146;147;149;150,0.7058823529411765,0.7058823529411765,both_nonempty,0,NA,NA
Full181;Native155,formal_msa,11;10,results/full181_supplement/raw/formal_msa/seed11/boltz_results_full_blind_msa/predictions/full_blind_msa/full_blind_msa_model_0.pdb,all_cross_seed_pairs,Full181,Native155,11,10,results/13_interface_analysis/formal_msa/complex_model_summary.csv,project27-181,79;132;133;135;136;139;140;142;143;144;146;147;149;150,70;71;73;74;135;136;137;139;140;143;144;146;147;149;150,0.5263157894736842,0.5263157894736842,both_nonempty,0,NA,NA
Full181;Native155,formal_msa,11;11,results/full181_supplement/raw/formal_msa/seed11/boltz_results_full_blind_msa/predictions/full_blind_msa/full_blind_msa_model_0.pdb,all_cross_seed_pairs,Full181,Native155,11,11,results/13_interface_analysis/formal_msa/complex_model_summary.csv,project27-181,79;132;133;135;136;139;140;142;143;144;146;147;149;150,27;28;132;135;136;139;140;142;143;144;146;147;149;150,0.75,0.75,both_nonempty,0,NA,NA
Full181;Native155,formal_msa,11;12,results/full181_supplement/raw/formal_msa/seed11/boltz_results_full_blind_msa/predictions/full_blind_msa/full_blind_msa_model_0.pdb,all_cross_seed_pairs,Full181,Native155,11,12,results/13_interface_analysis/formal_msa/complex_model_summary.csv,project27-181,79;132;133;135;136;139;140;142;143;144;146;147;149;150,27;28;73;74;79;132;135;136;138;139;140;142;143;144;146;147;150,0.631578947368421,0.631578947368421,both_nonempty,0,NA,NA
Full181;Native155,formal_msa,11;13,results/full181_supplement/raw/formal_msa/seed11/boltz_results_full_blind_msa/predictions/full_blind_msa/full_blind_msa_model_0.pdb,all_cross_seed_pairs,Full181,Native155,11,13,results/13_interface_analysis/formal_msa/complex_model_summary.csv,project27-181,79;132;133;135;136;139;140;142;143;144;146;147;149;150,82;86;130;132;135;136;138;139;140;142;143;146;147;149;150;153,0.5789473684210527,0.5789473684210527,both_nonempty,0,NA,NA
Full181;Native155,formal_msa,11;14,results/full181_supplement/raw/formal_msa/seed11/boltz_results_full_blind_msa/predictions/full_blind_msa/full_blind_msa_model_0.pdb,all_cross_seed_pairs,Full181,Native155,11,14,results/13_interface_analysis/formal_msa/complex_model_summary.csv,project27-181,79;132;133;135;136;139;140;142;143;144;146;147;149;150,27;132;135;136;138;139;140;142;143;146;147;149,0.625,0.625,both_nonempty,0,NA,NA
Full181;Native155,formal_msa,11;15,results/full181_supplement/raw/formal_msa/seed11/boltz_results_full_blind_msa/predictions/full_blind_msa/full_blind_msa_model_0.pdb,all_cross_seed_pairs,Full181,Native155,11,15,results/13_interface_analysis/formal_msa/complex_model_summary.csv,project27-181,79;132;133;135;136;139;140;142;143;144;146;147;149;150,70;79;132;133;135;136;137;138;139;140;142;143;144;146;147;150,0.7647058823529411,0.7647058823529411,both_nonempty,0,NA,NA
Full181;Native155,formal_msa,12;1,results/full181_supplement/raw/formal_msa/seed12/boltz_results_full_blind_msa/predictions/full_blind_msa/full_blind_msa_model_0.pdb,all_cross_seed_pairs,Full181,Native155,12,1,results/13_interface_analysis/formal_msa/complex_model_summary.csv,project27-181,91;92;93;94;96;97;98;100;101;102;104;105;109;110;112;113;116;117;120;121;123;124;157;158;161,37;89;92;93;96;97;100;101;104;107;108;109;110;112;113;116;117;120;121;123;124;125;127,0.5483870967741935,0.5483870967741935,both_nonempty,0,NA,NA
Full181;Native155,formal_msa,12;2,results/full181_supplement/raw/formal_msa/seed12/boltz_results_full_blind_msa/predictions/full_blind_msa/full_blind_msa_model_0.pdb,all_cross_seed_pairs,Full181,Native155,12,2,results/13_interface_analysis/formal_msa/complex_model_summary.csv,project27-181,91;92;93;94;96;97;98;100;101;102;104;105;109;110;112;113;116;117;120;121;123;124;157;158;161,70;73;74;75;76;79;132;133;135;136;137;139;140;142;143;144;146;147;150,0.0,0.0,both_nonempty,0,NA,NA
Full181;Native155,formal_msa,12;3,results/full181_supplement/raw/formal_msa/seed12/boltz_results_full_blind_msa/predictions/full_blind_msa/full_blind_msa_model_0.pdb,all_cross_seed_pairs,Full181,Native155,12,3,results/13_interface_analysis/formal_msa/complex_model_summary.csv,project27-181,91;92;93;94;96;97;98;100;101;102;104;105;109;110;112;113;116;117;120;121;123;124;157;158;161,28;29;79;132;133;135;136;138;139;140;142;143;144;146;147;149;150,0.0,0.0,both_nonempty,0,NA,NA
Full181;Native155,formal_msa,12;4,results/full181_supplement/raw/formal_msa/seed12/boltz_results_full_blind_msa/predictions/full_blind_msa/full_blind_msa_model_0.pdb,all_cross_seed_pairs,Full181,Native155,12,4,results/13_interface_analysis/formal_msa/complex_model_summary.csv,project27-181,91;92;93;94;96;97;98;100;101;102;104;105;109;110;112;113;116;117;120;121;123;124;157;158;161,37;38;43;46;92;93;96;97;100;104;107;109;110;111;112;113;114;116;117;120;121;123;124;125;127,0.47058823529411764,0.47058823529411764,both_nonempty,0,NA,NA
Full181;Native155,formal_msa,12;5,results/full181_supplement/raw/formal_msa/seed12/boltz_results_full_blind_msa/predictions/full_blind_msa/full_blind_msa_model_0.pdb,all_cross_seed_pairs,Full181,Native155,12,5,results/13_interface_analysis/formal_msa/complex_model_summary.csv,project27-181,91;92;93;94;96;97;98;100;101;102;104;105;109;110;112;113;116;117;120;121;123;124;157;158;161,86;130;132;135;136;139;140;142;143;146;147;149;150;153,0.0,0.0,both_nonempty,0,NA,NA
Full181;Native155,formal_msa,12;6,results/full181_supplement/raw/formal_msa/seed12/boltz_results_full_blind_msa/predictions/full_blind_msa/full_blind_msa_model_0.pdb,all_cross_seed_pairs,Full181,Native155,12,6,results/13_interface_analysis/formal_msa/complex_model_summary.csv,project27-181,91;92;93;94;96;97;98;100;101;102;104;105;109;110;112;113;116;117;120;121;123;124;157;158;161,70;130;132;135;136;139;140;142;143;144;146;147;149;150;153,0.0,0.0,both_nonempty,0,NA,NA
Full181;Native155,formal_msa,12;7,results/full181_supplement/raw/formal_msa/seed12/boltz_results_full_blind_msa/predictions/full_blind_msa/full_blind_msa_model_0.pdb,all_cross_seed_pairs,Full181,Native155,12,7,results/13_interface_analysis/formal_msa/complex_model_summary.csv,project27-181,91;92;93;94;96;97;98;100;101;102;104;105;109;110;112;113;116;117;120;121;123;124;157;158;161,27;130;132;135;136;137;139;140;142;143;144;145;146;147;149;150;153,0.0,0.0,both_nonempty,0,NA,NA
Full181;Native155,formal_msa,12;8,results/full181_supplement/raw/formal_msa/seed12/boltz_results_full_blind_msa/predictions/full_blind_msa/full_blind_msa_model_0.pdb,all_cross_seed_pairs,Full181,Native155,12,8,results/13_interface_analysis/formal_msa/complex_model_summary.csv,project27-181,91;92;93;94;96;97;98;100;101;102;104;105;109;110;112;113;116;117;120;121;123;124;157;158;161,92;93;96;97;98;100;101;102;104;107;109;110;112;113;114;116;117;120;121,0.6296296296296297,0.6296296296296297,both_nonempty,0,NA,NA
Full181;Native155,formal_msa,12;9,results/full181_supplement/raw/formal_msa/seed12/boltz_results_full_blind_msa/predictions/full_blind_msa/full_blind_msa_model_0.pdb,all_cross_seed_pairs,Full181,Native155,12,9,results/13_interface_analysis/formal_msa/complex_model_summary.csv,project27-181,91;92;93;94;96;97;98;100;101;102;104;105;109;110;112;113;116;117;120;121;123;124;157;158;161,70;73;132;135;136;138;139;140;142;143;144;146;147;149;150,0.0,0.0,both_nonempty,0,NA,NA
Full181;Native155,formal_msa,12;10,results/full181_supplement/raw/formal_msa/seed12/boltz_results_full_blind_msa/predictions/full_blind_msa/full_blind_msa_model_0.pdb,all_cross_seed_pairs,Full181,Native155,12,10,results/13_interface_analysis/formal_msa/complex_model_summary.csv,project27-181,91;92;93;94;96;97;98;100;101;102;104;105;109;110;112;113;116;117;120;121;123;124;157;158;161,70;71;73;74;135;136;137;139;140;143;144;146;147;149;150,0.0,0.0,both_nonempty,0,NA,NA
Full181;Native155,formal_msa,12;11,results/full181_supplement/raw/formal_msa/seed12/boltz_results_full_blind_msa/predictions/full_blind_msa/full_blind_msa_model_0.pdb,all_cross_seed_pairs,Full181,Native155,12,11,results/13_interface_analysis/formal_msa/complex_model_summary.csv,project27-181,91;92;93;94;96;97;98;100;101;102;104;105;109;110;112;113;116;117;120;121;123;124;157;158;161,27;28;132;135;136;139;140;142;143;144;146;147;149;150,0.0,0.0,both_nonempty,0,NA,NA
Full181;Native155,formal_msa,12;12,results/full181_supplement/raw/formal_msa/seed12/boltz_results_full_blind_msa/predictions/full_blind_msa/full_blind_msa_model_0.pdb,all_cross_seed_pairs,Full181,Native155,12,12,results/13_interface_analysis/formal_msa/complex_model_summary.csv,project27-181,91;92;93;94;96;97;98;100;101;102;104;105;109;110;112;113;116;117;120;121;123;124;157;158;161,27;28;73;74;79;132;135;136;138;139;140;142;143;144;146;147;150,0.0,0.0,both_nonempty,0,NA,NA
Full181;Native155,formal_msa,12;13,results/full181_supplement/raw/formal_msa/seed12/boltz_results_full_blind_msa/predictions/full_blind_msa/full_blind_msa_model_0.pdb,all_cross_seed_pairs,Full181,Native155,12,13,results/13_interface_analysis/formal_msa/complex_model_summary.csv,project27-181,91;92;93;94;96;97;98;100;101;102;104;105;109;110;112;113;116;117;120;121;123;124;157;158;161,82;86;130;132;135;136;138;139;140;142;143;146;147;149;150;153,0.0,0.0,both_nonempty,0,NA,NA
Full181;Native155,formal_msa,12;14,results/full181_supplement/raw/formal_msa/seed12/boltz_results_full_blind_msa/predictions/full_blind_msa/full_blind_msa_model_0.pdb,all_cross_seed_pairs,Full181,Native155,12,14,results/13_interface_analysis/formal_msa/complex_model_summary.csv,project27-181,91;92;93;94;96;97;98;100;101;102;104;105;109;110;112;113;116;117;120;121;123;124;157;158;161,27;132;135;136;138;139;140;142;143;146;147;149,0.0,0.0,both_nonempty,0,NA,NA
Full181;Native155,formal_msa,12;15,results/full181_supplement/raw/formal_msa/seed12/boltz_results_full_blind_msa/predictions/full_blind_msa/full_blind_msa_model_0.pdb,all_cross_seed_pairs,Full181,Native155,12,15,results/13_interface_analysis/formal_msa/complex_model_summary.csv,project27-181,91;92;93;94;96;97;98;100;101;102;104;105;109;110;112;113;116;117;120;121;123;124;157;158;161,70;79;132;133;135;136;137;138;139;140;142;143;144;146;147;150,0.0,0.0,both_nonempty,0,NA,NA
Full181;Native155,formal_msa,13;1,results/full181_supplement/raw/formal_msa/seed13/boltz_results_full_blind_msa/predictions/full_blind_msa/full_blind_msa_model_0.pdb,all_cross_seed_pairs,Full181,Native155,13,1,results/13_interface_analysis/formal_msa/complex_model_summary.csv,project27-181,73;132;133;135;136;139;140;142;143;144;145;146;147;149;150,37;89;92;93;96;97;100;101;104;107;108;109;110;112;113;116;117;120;121;123;124;125;127,0.0,0.0,both_nonempty,0,NA,NA
Full181;Native155,formal_msa,13;2,results/full181_supplement/raw/formal_msa/seed13/boltz_results_full_blind_msa/predictions/full_blind_msa/full_blind_msa_model_0.pdb,all_cross_seed_pairs,Full181,Native155,13,2,results/13_interface_analysis/formal_msa/complex_model_summary.csv,project27-181,73;132;133;135;136;139;140;142;143;144;145;146;147;149;150,70;73;74;75;76;79;132;133;135;136;137;139;140;142;143;144;146;147;150,0.6190476190476191,0.6190476190476191,both_nonempty,0,NA,NA
Full181;Native155,formal_msa,13;3,results/full181_supplement/raw/formal_msa/seed13/boltz_results_full_blind_msa/predictions/full_blind_msa/full_blind_msa_model_0.pdb,all_cross_seed_pairs,Full181,Native155,13,3,results/13_interface_analysis/formal_msa/complex_model_summary.csv,project27-181,73;132;133;135;136;139;140;142;143;144;145;146;147;149;150,28;29;79;132;133;135;136;138;139;140;142;143;144;146;147;149;150,0.6842105263157895,0.6842105263157895,both_nonempty,0,NA,NA
Full181;Native155,formal_msa,13;4,results/full181_supplement/raw/formal_msa/seed13/boltz_results_full_blind_msa/predictions/full_blind_msa/full_blind_msa_model_0.pdb,all_cross_seed_pairs,Full181,Native155,13,4,results/13_interface_analysis/formal_msa/complex_model_summary.csv,project27-181,73;132;133;135;136;139;140;142;143;144;145;146;147;149;150,37;38;43;46;92;93;96;97;100;104;107;109;110;111;112;113;114;116;117;120;121;123;124;125;127,0.0,0.0,both_nonempty,0,NA,NA
Full181;Native155,formal_msa,13;5,results/full181_supplement/raw/formal_msa/seed13/boltz_results_full_blind_msa/predictions/full_blind_msa/full_blind_msa_model_0.pdb,all_cross_seed_pairs,Full181,Native155,13,5,results/13_interface_analysis/formal_msa/complex_model_summary.csv,project27-181,73;132;133;135;136;139;140;142;143;144;145;146;147;149;150,86;130;132;135;136;139;140;142;143;146;147;149;150;153,0.6111111111111112,0.6111111111111112,both_nonempty,0,NA,NA
Full181;Native155,formal_msa,13;6,results/full181_supplement/raw/formal_msa/seed13/boltz_results_full_blind_msa/predictions/full_blind_msa/full_blind_msa_model_0.pdb,all_cross_seed_pairs,Full181,Native155,13,6,results/13_interface_analysis/formal_msa/complex_model_summary.csv,project27-181,73;132;133;135;136;139;140;142;143;144;145;146;147;149;150,70;130;132;135;136;139;140;142;143;144;146;147;149;150;153,0.6666666666666666,0.6666666666666666,both_nonempty,0,NA,NA
Full181;Native155,formal_msa,13;7,results/full181_supplement/raw/formal_msa/seed13/boltz_results_full_blind_msa/predictions/full_blind_msa/full_blind_msa_model_0.pdb,all_cross_seed_pairs,Full181,Native155,13,7,results/13_interface_analysis/formal_msa/complex_model_summary.csv,project27-181,73;132;133;135;136;139;140;142;143;144;145;146;147;149;150,27;130;132;135;136;137;139;140;142;143;144;145;146;147;149;150;153,0.6842105263157895,0.6842105263157895,both_nonempty,0,NA,NA
Full181;Native155,formal_msa,13;8,results/full181_supplement/raw/formal_msa/seed13/boltz_results_full_blind_msa/predictions/full_blind_msa/full_blind_msa_model_0.pdb,all_cross_seed_pairs,Full181,Native155,13,8,results/13_interface_analysis/formal_msa/complex_model_summary.csv,project27-181,73;132;133;135;136;139;140;142;143;144;145;146;147;149;150,92;93;96;97;98;100;101;102;104;107;109;110;112;113;114;116;117;120;121,0.0,0.0,both_nonempty,0,NA,NA
Full181;Native155,formal_msa,13;9,results/full181_supplement/raw/formal_msa/seed13/boltz_results_full_blind_msa/predictions/full_blind_msa/full_blind_msa_model_0.pdb,all_cross_seed_pairs,Full181,Native155,13,9,results/13_interface_analysis/formal_msa/complex_model_summary.csv,project27-181,73;132;133;135;136;139;140;142;143;144;145;146;147;149;150,70;73;132;135;136;138;139;140;142;143;144;146;147;149;150,0.7647058823529411,0.7647058823529411,both_nonempty,0,NA,NA
Full181;Native155,formal_msa,13;10,results/full181_supplement/raw/formal_msa/seed13/boltz_results_full_blind_msa/predictions/full_blind_msa/full_blind_msa_model_0.pdb,all_cross_seed_pairs,Full181,Native155,13,10,results/13_interface_analysis/formal_msa/complex_model_summary.csv,project27-181,73;132;133;135;136;139;140;142;143;144;145;146;147;149;150,70;71;73;74;135;136;137;139;140;143;144;146;147;149;150,0.5789473684210527,0.5789473684210527,both_nonempty,0,NA,NA
Full181;Native155,formal_msa,13;11,results/full181_supplement/raw/formal_msa/seed13/boltz_results_full_blind_msa/predictions/full_blind_msa/full_blind_msa_model_0.pdb,all_cross_seed_pairs,Full181,Native155,13,11,results/13_interface_analysis/formal_msa/complex_model_summary.csv,project27-181,73;132;133;135;136;139;140;142;143;144;145;146;147;149;150,27;28;132;135;136;139;140;142;143;144;146;147;149;150,0.7058823529411765,0.7058823529411765,both_nonempty,0,NA,NA
Full181;Native155,formal_msa,13;12,results/full181_supplement/raw/formal_msa/seed13/boltz_results_full_blind_msa/predictions/full_blind_msa/full_blind_msa_model_0.pdb,all_cross_seed_pairs,Full181,Native155,13,12,results/13_interface_analysis/formal_msa/complex_model_summary.csv,project27-181,73;132;133;135;136;139;140;142;143;144;145;146;147;149;150,27;28;73;74;79;132;135;136;138;139;140;142;143;144;146;147;150,0.6,0.6,both_nonempty,0,NA,NA
Full181;Native155,formal_msa,13;13,results/full181_supplement/raw/formal_msa/seed13/boltz_results_full_blind_msa/predictions/full_blind_msa/full_blind_msa_model_0.pdb,all_cross_seed_pairs,Full181,Native155,13,13,results/13_interface_analysis/formal_msa/complex_model_summary.csv,project27-181,73;132;133;135;136;139;140;142;143;144;145;146;147;149;150,82;86;130;132;135;136;138;139;140;142;143;146;147;149;150;153,0.55,0.55,both_nonempty,0,NA,NA
Full181;Native155,formal_msa,13;14,results/full181_supplement/raw/formal_msa/seed13/boltz_results_full_blind_msa/predictions/full_blind_msa/full_blind_msa_model_0.pdb,all_cross_seed_pairs,Full181,Native155,13,14,results/13_interface_analysis/formal_msa/complex_model_summary.csv,project27-181,73;132;133;135;136;139;140;142;143;144;145;146;147;149;150,27;132;135;136;138;139;140;142;143;146;147;149,0.5882352941176471,0.5882352941176471,both_nonempty,0,NA,NA
Full181;Native155,formal_msa,13;15,results/full181_supplement/raw/formal_msa/seed13/boltz_results_full_blind_msa/predictions/full_blind_msa/full_blind_msa_model_0.pdb,all_cross_seed_pairs,Full181,Native155,13,15,results/13_interface_analysis/formal_msa/complex_model_summary.csv,project27-181,73;132;133;135;136;139;140;142;143;144;145;146;147;149;150,70;79;132;133;135;136;137;138;139;140;142;143;144;146;147;150,0.631578947368421,0.631578947368421,both_nonempty,0,NA,NA
Full181;Native155,formal_msa,14;1,results/full181_supplement/raw/formal_msa/seed14/boltz_results_full_blind_msa/predictions/full_blind_msa/full_blind_msa_model_0.pdb,all_cross_seed_pairs,Full181,Native155,14,1,results/13_interface_analysis/formal_msa/complex_model_summary.csv,project27-181,86;130;132;135;136;139;140;142;143;146;147;149;150,37;89;92;93;96;97;100;101;104;107;108;109;110;112;113;116;117;120;121;123;124;125;127,0.0,0.0,both_nonempty,0,NA,NA
Full181;Native155,formal_msa,14;2,results/full181_supplement/raw/formal_msa/seed14/boltz_results_full_blind_msa/predictions/full_blind_msa/full_blind_msa_model_0.pdb,all_cross_seed_pairs,Full181,Native155,14,2,results/13_interface_analysis/formal_msa/complex_model_summary.csv,project27-181,86;130;132;135;136;139;140;142;143;146;147;149;150,70;73;74;75;76;79;132;133;135;136;137;139;140;142;143;144;146;147;150,0.45454545454545453,0.45454545454545453,both_nonempty,0,NA,NA
Full181;Native155,formal_msa,14;3,results/full181_supplement/raw/formal_msa/seed14/boltz_results_full_blind_msa/predictions/full_blind_msa/full_blind_msa_model_0.pdb,all_cross_seed_pairs,Full181,Native155,14,3,results/13_interface_analysis/formal_msa/complex_model_summary.csv,project27-181,86;130;132;135;136;139;140;142;143;146;147;149;150,28;29;79;132;133;135;136;138;139;140;142;143;144;146;147;149;150,0.5789473684210527,0.5789473684210527,both_nonempty,0,NA,NA
Full181;Native155,formal_msa,14;4,results/full181_supplement/raw/formal_msa/seed14/boltz_results_full_blind_msa/predictions/full_blind_msa/full_blind_msa_model_0.pdb,all_cross_seed_pairs,Full181,Native155,14,4,results/13_interface_analysis/formal_msa/complex_model_summary.csv,project27-181,86;130;132;135;136;139;140;142;143;146;147;149;150,37;38;43;46;92;93;96;97;100;104;107;109;110;111;112;113;114;116;117;120;121;123;124;125;127,0.0,0.0,both_nonempty,0,NA,NA
Full181;Native155,formal_msa,14;5,results/full181_supplement/raw/formal_msa/seed14/boltz_results_full_blind_msa/predictions/full_blind_msa/full_blind_msa_model_0.pdb,all_cross_seed_pairs,Full181,Native155,14,5,results/13_interface_analysis/formal_msa/complex_model_summary.csv,project27-181,86;130;132;135;136;139;140;142;143;146;147;149;150,86;130;132;135;136;139;140;142;143;146;147;149;150;153,0.9285714285714286,0.9285714285714286,both_nonempty,0,NA,NA
Full181;Native155,formal_msa,14;6,results/full181_supplement/raw/formal_msa/seed14/boltz_results_full_blind_msa/predictions/full_blind_msa/full_blind_msa_model_0.pdb,all_cross_seed_pairs,Full181,Native155,14,6,results/13_interface_analysis/formal_msa/complex_model_summary.csv,project27-181,86;130;132;135;136;139;140;142;143;146;147;149;150,70;130;132;135;136;139;140;142;143;144;146;147;149;150;153,0.75,0.75,both_nonempty,0,NA,NA
Full181;Native155,formal_msa,14;7,results/full181_supplement/raw/formal_msa/seed14/boltz_results_full_blind_msa/predictions/full_blind_msa/full_blind_msa_model_0.pdb,all_cross_seed_pairs,Full181,Native155,14,7,results/13_interface_analysis/formal_msa/complex_model_summary.csv,project27-181,86;130;132;135;136;139;140;142;143;146;147;149;150,27;130;132;135;136;137;139;140;142;143;144;145;146;147;149;150;153,0.6666666666666666,0.6666666666666666,both_nonempty,0,NA,NA
Full181;Native155,formal_msa,14;8,results/full181_supplement/raw/formal_msa/seed14/boltz_results_full_blind_msa/predictions/full_blind_msa/full_blind_msa_model_0.pdb,all_cross_seed_pairs,Full181,Native155,14,8,results/13_interface_analysis/formal_msa/complex_model_summary.csv,project27-181,86;130;132;135;136;139;140;142;143;146;147;149;150,92;93;96;97;98;100;101;102;104;107;109;110;112;113;114;116;117;120;121,0.0,0.0,both_nonempty,0,NA,NA
Full181;Native155,formal_msa,14;9,results/full181_supplement/raw/formal_msa/seed14/boltz_results_full_blind_msa/predictions/full_blind_msa/full_blind_msa_model_0.pdb,all_cross_seed_pairs,Full181,Native155,14,9,results/13_interface_analysis/formal_msa/complex_model_summary.csv,project27-181,86;130;132;135;136;139;140;142;143;146;147;149;150,70;73;132;135;136;138;139;140;142;143;144;146;147;149;150,0.6470588235294118,0.6470588235294118,both_nonempty,0,NA,NA
Full181;Native155,formal_msa,14;10,results/full181_supplement/raw/formal_msa/seed14/boltz_results_full_blind_msa/predictions/full_blind_msa/full_blind_msa_model_0.pdb,all_cross_seed_pairs,Full181,Native155,14,10,results/13_interface_analysis/formal_msa/complex_model_summary.csv,project27-181,86;130;132;135;136;139;140;142;143;146;147;149;150,70;71;73;74;135;136;137;139;140;143;144;146;147;149;150,0.47368421052631576,0.47368421052631576,both_nonempty,0,NA,NA
Full181;Native155,formal_msa,14;11,results/full181_supplement/raw/formal_msa/seed14/boltz_results_full_blind_msa/predictions/full_blind_msa/full_blind_msa_model_0.pdb,all_cross_seed_pairs,Full181,Native155,14,11,results/13_interface_analysis/formal_msa/complex_model_summary.csv,project27-181,86;130;132;135;136;139;140;142;143;146;147;149;150,27;28;132;135;136;139;140;142;143;144;146;147;149;150,0.6875,0.6875,both_nonempty,0,NA,NA
Full181;Native155,formal_msa,14;12,results/full181_supplement/raw/formal_msa/seed14/boltz_results_full_blind_msa/predictions/full_blind_msa/full_blind_msa_model_0.pdb,all_cross_seed_pairs,Full181,Native155,14,12,results/13_interface_analysis/formal_msa/complex_model_summary.csv,project27-181,86;130;132;135;136;139;140;142;143;146;147;149;150,27;28;73;74;79;132;135;136;138;139;140;142;143;144;146;147;150,0.5,0.5,both_nonempty,0,NA,NA
Full181;Native155,formal_msa,14;13,results/full181_supplement/raw/formal_msa/seed14/boltz_results_full_blind_msa/predictions/full_blind_msa/full_blind_msa_model_0.pdb,all_cross_seed_pairs,Full181,Native155,14,13,results/13_interface_analysis/formal_msa/complex_model_summary.csv,project27-181,86;130;132;135;136;139;140;142;143;146;147;149;150,82;86;130;132;135;136;138;139;140;142;143;146;147;149;150;153,0.8125,0.8125,both_nonempty,0,NA,NA
Full181;Native155,formal_msa,14;14,results/full181_supplement/raw/formal_msa/seed14/boltz_results_full_blind_msa/predictions/full_blind_msa/full_blind_msa_model_0.pdb,all_cross_seed_pairs,Full181,Native155,14,14,results/13_interface_analysis/formal_msa/complex_model_summary.csv,project27-181,86;130;132;135;136;139;140;142;143;146;147;149;150,27;132;135;136;138;139;140;142;143;146;147;149,0.6666666666666666,0.6666666666666666,both_nonempty,0,NA,NA
Full181;Native155,formal_msa,14;15,results/full181_supplement/raw/formal_msa/seed14/boltz_results_full_blind_msa/predictions/full_blind_msa/full_blind_msa_model_0.pdb,all_cross_seed_pairs,Full181,Native155,14,15,results/13_interface_analysis/formal_msa/complex_model_summary.csv,project27-181,86;130;132;135;136;139;140;142;143;146;147;149;150,70;79;132;133;135;136;137;138;139;140;142;143;144;146;147;150,0.5263157894736842,0.5263157894736842,both_nonempty,0,NA,NA
Full181;Native155,formal_msa,15;1,results/full181_supplement/raw/formal_msa/seed15/boltz_results_full_blind_msa/predictions/full_blind_msa/full_blind_msa_model_0.pdb,all_cross_seed_pairs,Full181,Native155,15,1,results/13_interface_analysis/formal_msa/complex_model_summary.csv,project27-181,70;73;74;79;135;136;137;138;139;140;142;143;144;146;147;149;150,37;89;92;93;96;97;100;101;104;107;108;109;110;112;113;116;117;120;121;123;124;125;127,0.0,0.0,both_nonempty,0,NA,NA
Full181;Native155,formal_msa,15;2,results/full181_supplement/raw/formal_msa/seed15/boltz_results_full_blind_msa/predictions/full_blind_msa/full_blind_msa_model_0.pdb,all_cross_seed_pairs,Full181,Native155,15,2,results/13_interface_analysis/formal_msa/complex_model_summary.csv,project27-181,70;73;74;79;135;136;137;138;139;140;142;143;144;146;147;149;150,70;73;74;75;76;79;132;133;135;136;137;139;140;142;143;144;146;147;150,0.7142857142857143,0.7142857142857143,both_nonempty,0,NA,NA
Full181;Native155,formal_msa,15;3,results/full181_supplement/raw/formal_msa/seed15/boltz_results_full_blind_msa/predictions/full_blind_msa/full_blind_msa_model_0.pdb,all_cross_seed_pairs,Full181,Native155,15,3,results/13_interface_analysis/formal_msa/complex_model_summary.csv,project27-181,70;73;74;79;135;136;137;138;139;140;142;143;144;146;147;149;150,28;29;79;132;133;135;136;138;139;140;142;143;144;146;147;149;150,0.6190476190476191,0.6190476190476191,both_nonempty,0,NA,NA
Full181;Native155,formal_msa,15;4,results/full181_supplement/raw/formal_msa/seed15/boltz_results_full_blind_msa/predictions/full_blind_msa/full_blind_msa_model_0.pdb,all_cross_seed_pairs,Full181,Native155,15,4,results/13_interface_analysis/formal_msa/complex_model_summary.csv,project27-181,70;73;74;79;135;136;137;138;139;140;142;143;144;146;147;149;150,37;38;43;46;92;93;96;97;100;104;107;109;110;111;112;113;114;116;117;120;121;123;124;125;127,0.0,0.0,both_nonempty,0,NA,NA
Full181;Native155,formal_msa,15;5,results/full181_supplement/raw/formal_msa/seed15/boltz_results_full_blind_msa/predictions/full_blind_msa/full_blind_msa_model_0.pdb,all_cross_seed_pairs,Full181,Native155,15,5,results/13_interface_analysis/formal_msa/complex_model_summary.csv,project27-181,70;73;74;79;135;136;137;138;139;140;142;143;144;146;147;149;150,86;130;132;135;136;139;140;142;143;146;147;149;150;153,0.47619047619047616,0.47619047619047616,both_nonempty,0,NA,NA
Full181;Native155,formal_msa,15;6,results/full181_supplement/raw/formal_msa/seed15/boltz_results_full_blind_msa/predictions/full_blind_msa/full_blind_msa_model_0.pdb,all_cross_seed_pairs,Full181,Native155,15,6,results/13_interface_analysis/formal_msa/complex_model_summary.csv,project27-181,70;73;74;79;135;136;137;138;139;140;142;143;144;146;147;149;150,70;130;132;135;136;139;140;142;143;144;146;147;149;150;153,0.6,0.6,both_nonempty,0,NA,NA
Full181;Native155,formal_msa,15;7,results/full181_supplement/raw/formal_msa/seed15/boltz_results_full_blind_msa/predictions/full_blind_msa/full_blind_msa_model_0.pdb,all_cross_seed_pairs,Full181,Native155,15,7,results/13_interface_analysis/formal_msa/complex_model_summary.csv,project27-181,70;73;74;79;135;136;137;138;139;140;142;143;144;146;147;149;150,27;130;132;135;136;137;139;140;142;143;144;145;146;147;149;150;153,0.5454545454545454,0.5454545454545454,both_nonempty,0,NA,NA
Full181;Native155,formal_msa,15;8,results/full181_supplement/raw/formal_msa/seed15/boltz_results_full_blind_msa/predictions/full_blind_msa/full_blind_msa_model_0.pdb,all_cross_seed_pairs,Full181,Native155,15,8,results/13_interface_analysis/formal_msa/complex_model_summary.csv,project27-181,70;73;74;79;135;136;137;138;139;140;142;143;144;146;147;149;150,92;93;96;97;98;100;101;102;104;107;109;110;112;113;114;116;117;120;121,0.0,0.0,both_nonempty,0,NA,NA
Full181;Native155,formal_msa,15;9,results/full181_supplement/raw/formal_msa/seed15/boltz_results_full_blind_msa/predictions/full_blind_msa/full_blind_msa_model_0.pdb,all_cross_seed_pairs,Full181,Native155,15,9,results/13_interface_analysis/formal_msa/complex_model_summary.csv,project27-181,70;73;74;79;135;136;137;138;139;140;142;143;144;146;147;149;150,70;73;132;135;136;138;139;140;142;143;144;146;147;149;150,0.7777777777777778,0.7777777777777778,both_nonempty,0,NA,NA
Full181;Native155,formal_msa,15;10,results/full181_supplement/raw/formal_msa/seed15/boltz_results_full_blind_msa/predictions/full_blind_msa/full_blind_msa_model_0.pdb,all_cross_seed_pairs,Full181,Native155,15,10,results/13_interface_analysis/formal_msa/complex_model_summary.csv,project27-181,70;73;74;79;135;136;137;138;139;140;142;143;144;146;147;149;150,70;71;73;74;135;136;137;139;140;143;144;146;147;149;150,0.7777777777777778,0.7777777777777778,both_nonempty,0,NA,NA
Full181;Native155,formal_msa,15;11,results/full181_supplement/raw/formal_msa/seed15/boltz_results_full_blind_msa/predictions/full_blind_msa/full_blind_msa_model_0.pdb,all_cross_seed_pairs,Full181,Native155,15,11,results/13_interface_analysis/formal_msa/complex_model_summary.csv,project27-181,70;73;74;79;135;136;137;138;139;140;142;143;144;146;147;149;150,27;28;132;135;136;139;140;142;143;144;146;147;149;150,0.55,0.55,both_nonempty,0,NA,NA
Full181;Native155,formal_msa,15;12,results/full181_supplement/raw/formal_msa/seed15/boltz_results_full_blind_msa/predictions/full_blind_msa/full_blind_msa_model_0.pdb,all_cross_seed_pairs,Full181,Native155,15,12,results/13_interface_analysis/formal_msa/complex_model_summary.csv,project27-181,70;73;74;79;135;136;137;138;139;140;142;143;144;146;147;149;150,27;28;73;74;79;132;135;136;138;139;140;142;143;144;146;147;150,0.7,0.7,both_nonempty,0,NA,NA
Full181;Native155,formal_msa,15;13,results/full181_supplement/raw/formal_msa/seed15/boltz_results_full_blind_msa/predictions/full_blind_msa/full_blind_msa_model_0.pdb,all_cross_seed_pairs,Full181,Native155,15,13,results/13_interface_analysis/formal_msa/complex_model_summary.csv,project27-181,70;73;74;79;135;136;137;138;139;140;142;143;144;146;147;149;150,82;86;130;132;135;136;138;139;140;142;143;146;147;149;150;153,0.5,0.5,both_nonempty,0,NA,NA
Full181;Native155,formal_msa,15;14,results/full181_supplement/raw/formal_msa/seed15/boltz_results_full_blind_msa/predictions/full_blind_msa/full_blind_msa_model_0.pdb,all_cross_seed_pairs,Full181,Native155,15,14,results/13_interface_analysis/formal_msa/complex_model_summary.csv,project27-181,70;73;74;79;135;136;137;138;139;140;142;143;144;146;147;149;150,27;132;135;136;138;139;140;142;143;146;147;149,0.5263157894736842,0.5263157894736842,both_nonempty,0,NA,NA
Full181;Native155,formal_msa,15;15,results/full181_supplement/raw/formal_msa/seed15/boltz_results_full_blind_msa/predictions/full_blind_msa/full_blind_msa_model_0.pdb,all_cross_seed_pairs,Full181,Native155,15,15,results/13_interface_analysis/formal_msa/complex_model_summary.csv,project27-181,70;73;74;79;135;136;137;138;139;140;142;143;144;146;147;149;150,70;79;132;133;135;136;137;138;139;140;142;143;144;146;147;150,0.7368421052631579,0.7368421052631579,both_nonempty,0,NA,NA
Full181;Native155,formal_msa,ALL,results/full181_supplement/raw/formal_msa/seed1/boltz_results_full_blind_msa/predictions/full_blind_msa/full_blind_msa_model_0.pdb,consensus_ge50pct,Full181,Native155,ALL,ALL,results/13_interface_analysis/formal_msa/complex_model_summary.csv,project27-181,73;132;133;135;136;139;140;142;143;144;146;147;149;150,132;135;136;139;140;142;143;144;146;147;149;150,0.8571428571428571,0.8571428571428571,both_nonempty,0,complete_15_seed_ensemble,complete_15_seed_ensemble
