construct,condition,seed,source_path,status,failure_reason,confidence_score,ptm,iptm,complex_plddt,confidence_json_scale,pdb_ca_plddt_mean,pdb_ca_plddt_min,pdb_ca_plddt_max,pdb_plddt_scale,epitope_residues_4p5,paratope_residues_4p5,cdr_paratope_residues_4p5,epitope_project_residues,paratope_local_residues,epitope_project_residues_5p0,no_contact_model,geometry_warning,A_H_iptm,H_A_iptm,A_L_iptm,L_A_iptm,chain_pair_mapping_status,confidence_path,pae_path,observation_available,evidence_level,missing_reason,task_status,task_failure_reason,model_summary_source_path,prodigy_dG_kcal_mol,prodigy_Kd_M_25C,intermolecular_contacts,prodigy_status,prodigy_failure_reason,prodigy_temperature_C,prodigy_configured_temperature_C,prodigy_source_path,prodigy_structure_source_path,prodigy_evidence_level,prodigy_temperature_status,chain_breaks,peptide_cn_outliers,interchain_clashes_lt1p8,nonlocal_intrachain_clashes_lt1p8,geometry_source_path,geometry_evidence_level,geometry_status,prior_source_path,prior_residue_count,prior_status,hotspot_hits_4p5,hotspot_coverage,hotspot_fraction_in_interface,route,available_pdb_paths,current_raw_prediction_bundle_verified,raw_audit_status,raw_audit_source_path,pdb_path
Full181,empty,1,results/full181_supplement/raw/empty/seed1/boltz_results_full_blind/predictions/full_blind/full_blind_model_0.pdb,complete,,0.6457096934318542,0.5994126796722412,0.4636041224002838,0.6912360191345215,0-1,69.12334975369463,26.93,98.4,0-100,31,29,24,54;56;57;58;59;60;62;63;64;65;69;91;94;97;98;99;100;101;104;107;108;110;111;112;114;115;117;118;121;125;130,H:30;H:31;H:32;H:33;H:35;H:50;H:53;H:54;H:58;H:98;H:100;H:101;H:102;H:104;L:27;L:28;L:29;L:30;L:31;L:32;L:50;L:53;L:67;L:69;L:90;L:91;L:92;L:93;L:95,54;56;57;58;59;60;62;63;64;65;69;91;94;97;98;99;100;101;104;106;107;108;109;110;111;112;114;115;117;118;121;122;125;127;130,0,1,0.16389013826847076,0.09054641425609589,0.16092124581336975,0.08380918949842453,results/full181_supplement/raw/empty/seed1/boltz_results_full_blind/processed/records/full_blind.json,results/full181_supplement/raw/empty/seed1/boltz_results_full_blind/predictions/full_blind/confidence_full_blind_model_0.json,results/full181_supplement/raw/empty/seed1/boltz_results_full_blind/predictions/full_blind/pae_full_blind_model_0.npz,True,current_original_model_analysis,,complete,,results/full181_supplement/full181_model_summary.csv,-15.1,9e-12,131.0,complete,,25.0,25.0,results/full181_supplement/full181_prodigy.csv,results/full181_supplement/raw/empty/seed1/boltz_results_full_blind/predictions/full_blind/full_blind_model_0.pdb,current_original_model_score,reported_actual_temperature,0,0,7,14,results/full181_supplement/raw/empty/seed1/boltz_results_full_blind/predictions/full_blind/full_blind_model_0.pdb,current_original_model_analysis,complete,results/full181_supplement/inputs/phase1_prior_deduplicated.csv,62,available,16,0.25806451612903225,0.5161290322580645,NA,NA,NA,NA,NA,NA
Full181,empty,2,results/full181_supplement/raw/empty/seed2/boltz_results_full_blind/predictions/full_blind/full_blind_model_0.pdb,complete,,0.6651091575622559,0.6199485659599304,0.4862744212150574,0.7098178267478943,0-1,70.98162561576353,23.61,98.41,0-100,28,29,26,1;2;3;4;5;6;7;49;52;53;56;57;58;60;90;91;94;96;97;98;99;100;101;102;104;105;107;108,H:30;H:31;H:32;H:33;H:34;H:35;H:50;H:51;H:52;H:53;H:54;H:56;H:98;H:100;H:101;H:102;H:104;L:28;L:29;L:30;L:31;L:32;L:50;L:53;L:90;L:91;L:92;L:93;L:95,1;2;3;4;5;6;7;49;52;53;56;57;58;60;90;91;94;96;97;98;99;100;101;102;103;104;105;107;108,0,1,0.21797753870487213,0.12980398535728455,0.20104485750198364,0.09044714272022247,results/full181_supplement/raw/empty/seed2/boltz_results_full_blind/processed/records/full_blind.json,results/full181_supplement/raw/empty/seed2/boltz_results_full_blind/predictions/full_blind/confidence_full_blind_model_0.json,results/full181_supplement/raw/empty/seed2/boltz_results_full_blind/predictions/full_blind/pae_full_blind_model_0.npz,True,current_original_model_analysis,,complete,,results/full181_supplement/full181_model_summary.csv,-16.6,6.8e-13,121.0,complete,,25.0,25.0,results/full181_supplement/full181_prodigy.csv,results/full181_supplement/raw/empty/seed2/boltz_results_full_blind/predictions/full_blind/full_blind_model_0.pdb,current_original_model_score,reported_actual_temperature,0,0,18,13,results/full181_supplement/raw/empty/seed2/boltz_results_full_blind/predictions/full_blind/full_blind_model_0.pdb,current_original_model_analysis,complete,results/full181_supplement/inputs/phase1_prior_deduplicated.csv,62,available,6,0.0967741935483871,0.21428571428571427,NA,NA,NA,NA,NA,NA
Full181,empty,3,results/full181_supplement/raw/empty/seed3/boltz_results_full_blind/predictions/full_blind/full_blind_model_0.pdb,complete,,0.6470155119895935,0.6045141220092773,0.46847715973854065,0.6916500329971313,0-1,69.16512315270926,27.32,98.3,0-100,26,26,24,3;6;57;58;59;60;61;62;63;64;65;69;70;98;99;100;101;103;104;107;108;110;111;114;115;118,H:30;H:31;H:32;H:33;H:35;H:50;H:52;H:53;H:54;H:56;H:58;H:98;H:100;H:101;H:102;H:104;L:28;L:29;L:30;L:31;L:50;L:90;L:91;L:92;L:93;L:95,1;2;3;6;57;58;59;60;61;62;63;64;65;68;69;70;98;99;100;101;103;104;106;107;108;110;111;112;114;115;118;153,0,1,0.16699934005737305,0.09649229794740677,0.16291217505931854,0.08295143395662308,results/full181_supplement/raw/empty/seed3/boltz_results_full_blind/processed/records/full_blind.json,results/full181_supplement/raw/empty/seed3/boltz_results_full_blind/predictions/full_blind/confidence_full_blind_model_0.json,results/full181_supplement/raw/empty/seed3/boltz_results_full_blind/predictions/full_blind/pae_full_blind_model_0.npz,True,current_original_model_analysis,,complete,,results/full181_supplement/full181_model_summary.csv,-14.1,4.6e-11,112.0,complete,,25.0,25.0,results/full181_supplement/full181_prodigy.csv,results/full181_supplement/raw/empty/seed3/boltz_results_full_blind/predictions/full_blind/full_blind_model_0.pdb,current_original_model_score,reported_actual_temperature,0,0,10,61,results/full181_supplement/raw/empty/seed3/boltz_results_full_blind/predictions/full_blind/full_blind_model_0.pdb,current_original_model_analysis,complete,results/full181_supplement/inputs/phase1_prior_deduplicated.csv,62,available,12,0.1935483870967742,0.46153846153846156,NA,NA,NA,NA,NA,NA
Full181,empty,4,results/full181_supplement/raw/empty/seed4/boltz_results_full_blind/predictions/full_blind/full_blind_model_0.pdb,complete,,0.6624211668968201,0.5992718935012817,0.462685227394104,0.7123551368713379,0-1,71.2355665024631,28.59,98.29,0-100,28,26,23,54;56;57;58;59;60;62;63;65;99;104;105;106;107;108;109;110;111;113;114;117;118;121;149;153;156;160;163,H:32;H:33;H:35;H:50;H:53;H:54;H:56;H:58;H:98;H:100;H:101;H:102;H:104;L:27;L:28;L:29;L:30;L:31;L:50;L:53;L:90;L:91;L:92;L:93;L:94;L:95,54;56;57;58;59;60;62;63;65;91;99;103;104;105;106;107;108;109;110;111;113;114;117;118;121;149;153;156;160;161;163;164,0,1,0.15964488685131073,0.10071089118719101,0.1564897894859314,0.08652369678020477,results/full181_supplement/raw/empty/seed4/boltz_results_full_blind/processed/records/full_blind.json,results/full181_supplement/raw/empty/seed4/boltz_results_full_blind/predictions/full_blind/confidence_full_blind_model_0.json,results/full181_supplement/raw/empty/seed4/boltz_results_full_blind/predictions/full_blind/pae_full_blind_model_0.npz,True,current_original_model_analysis,,complete,,results/full181_supplement/full181_model_summary.csv,-16.0,1.9e-12,121.0,complete,,25.0,25.0,results/full181_supplement/full181_prodigy.csv,results/full181_supplement/raw/empty/seed4/boltz_results_full_blind/predictions/full_blind/full_blind_model_0.pdb,current_original_model_score,reported_actual_temperature,0,0,17,6,results/full181_supplement/raw/empty/seed4/boltz_results_full_blind/predictions/full_blind/full_blind_model_0.pdb,current_original_model_analysis,complete,results/full181_supplement/inputs/phase1_prior_deduplicated.csv,62,available,15,0.24193548387096775,0.5357142857142857,NA,NA,NA,NA,NA,NA
Full181,empty,5,results/full181_supplement/raw/empty/seed5/boltz_results_full_blind/predictions/full_blind/full_blind_model_0.pdb,complete,,0.6484165191650391,0.6014003157615662,0.4642185568809509,0.6944659948348999,0-1,69.44637931034475,25.92,98.25,0-100,29,30,26,56;57;58;59;60;62;63;64;65;98;99;100;101;103;104;106;107;108;110;111;114;117;118;121;125;153;156;157;163,H:30;H:31;H:32;H:33;H:35;H:50;H:53;H:54;H:56;H:58;H:98;H:99;H:100;H:101;H:102;H:103;H:104;L:28;L:29;L:30;L:31;L:32;L:50;L:53;L:68;L:90;L:91;L:92;L:93;L:95,56;57;58;59;60;61;62;63;64;65;98;99;100;101;103;104;106;107;108;110;111;114;117;118;121;122;125;149;153;156;157;160;163,0,1,0.16482123732566833,0.10562188923358917,0.15988123416900635,0.0876113623380661,results/full181_supplement/raw/empty/seed5/boltz_results_full_blind/processed/records/full_blind.json,results/full181_supplement/raw/empty/seed5/boltz_results_full_blind/predictions/full_blind/confidence_full_blind_model_0.json,results/full181_supplement/raw/empty/seed5/boltz_results_full_blind/predictions/full_blind/pae_full_blind_model_0.npz,True,current_original_model_analysis,,complete,,results/full181_supplement/full181_model_summary.csv,-17.8,8.6e-14,131.0,complete,,25.0,25.0,results/full181_supplement/full181_prodigy.csv,results/full181_supplement/raw/empty/seed5/boltz_results_full_blind/predictions/full_blind/full_blind_model_0.pdb,current_original_model_score,reported_actual_temperature,0,0,5,7,results/full181_supplement/raw/empty/seed5/boltz_results_full_blind/predictions/full_blind/full_blind_model_0.pdb,current_original_model_analysis,complete,results/full181_supplement/inputs/phase1_prior_deduplicated.csv,62,available,16,0.25806451612903225,0.5517241379310345,NA,NA,NA,NA,NA,NA
Full181,empty,6,results/full181_supplement/raw/empty/seed6/boltz_results_full_blind/predictions/full_blind/full_blind_model_0.pdb,complete,,0.6429492831230164,0.603845477104187,0.46962910890579224,0.6862793564796448,0-1,68.62798029556649,24.99,98.24,0-100,24,25,21,54;57;58;59;60;61;62;63;64;65;68;98;99;100;101;103;104;107;108;110;111;114;115;118,H:31;H:32;H:33;H:35;H:47;H:50;H:52;H:53;H:54;H:58;H:98;H:100;H:101;H:102;H:104;L:2;L:28;L:29;L:30;L:50;L:90;L:91;L:92;L:93;L:95,54;57;58;59;60;61;62;63;64;65;68;98;99;100;101;103;104;106;107;108;110;111;114;115;118,0,1,0.1702653020620346,0.0956813395023346,0.16909776628017426,0.09290508925914764,results/full181_supplement/raw/empty/seed6/boltz_results_full_blind/processed/records/full_blind.json,results/full181_supplement/raw/empty/seed6/boltz_results_full_blind/predictions/full_blind/confidence_full_blind_model_0.json,results/full181_supplement/raw/empty/seed6/boltz_results_full_blind/predictions/full_blind/pae_full_blind_model_0.npz,True,current_original_model_analysis,,complete,,results/full181_supplement/full181_model_summary.csv,-14.1,4.5e-11,99.0,complete,,25.0,25.0,results/full181_supplement/full181_prodigy.csv,results/full181_supplement/raw/empty/seed6/boltz_results_full_blind/predictions/full_blind/full_blind_model_0.pdb,current_original_model_score,reported_actual_temperature,0,0,5,6,results/full181_supplement/raw/empty/seed6/boltz_results_full_blind/predictions/full_blind/full_blind_model_0.pdb,current_original_model_analysis,complete,results/full181_supplement/inputs/phase1_prior_deduplicated.csv,62,available,12,0.1935483870967742,0.5,NA,NA,NA,NA,NA,NA
Full181,empty,7,results/full181_supplement/raw/empty/seed7/boltz_results_full_blind/predictions/full_blind/full_blind_model_0.pdb,complete,,0.642446756362915,0.6063759922981262,0.4717978537082672,0.6851089596748352,0-1,68.51064039408861,25.34,98.39,0-100,28,31,24,30;31;32;45;49;52;57;58;59;60;61;62;63;64;65;66;67;68;71;94;97;98;99;100;101;103;104;107,H:31;H:32;H:33;H:35;H:53;H:54;H:56;H:58;H:98;H:99;H:100;H:101;H:102;H:104;L:28;L:29;L:30;L:31;L:32;L:50;L:51;L:52;L:53;L:65;L:66;L:67;L:68;L:91;L:92;L:93;L:95,30;31;32;45;49;52;56;57;58;59;60;61;62;63;64;65;66;67;68;71;90;91;94;97;98;99;100;101;102;103;104;107,0,1,0.16941353678703308,0.08077412843704224,0.16606824100017548,0.07237188518047333,results/full181_supplement/raw/empty/seed7/boltz_results_full_blind/processed/records/full_blind.json,results/full181_supplement/raw/empty/seed7/boltz_results_full_blind/predictions/full_blind/confidence_full_blind_model_0.json,results/full181_supplement/raw/empty/seed7/boltz_results_full_blind/predictions/full_blind/pae_full_blind_model_0.npz,True,current_original_model_analysis,,complete,,results/full181_supplement/full181_model_summary.csv,-16.0,2e-12,128.0,complete,,25.0,25.0,results/full181_supplement/full181_prodigy.csv,results/full181_supplement/raw/empty/seed7/boltz_results_full_blind/predictions/full_blind/full_blind_model_0.pdb,current_original_model_score,reported_actual_temperature,0,0,14,70,results/full181_supplement/raw/empty/seed7/boltz_results_full_blind/predictions/full_blind/full_blind_model_0.pdb,current_original_model_analysis,complete,results/full181_supplement/inputs/phase1_prior_deduplicated.csv,62,available,14,0.22580645161290322,0.5,NA,NA,NA,NA,NA,NA
Full181,empty,8,results/full181_supplement/raw/empty/seed8/boltz_results_full_blind/predictions/full_blind/full_blind_model_0.pdb,complete,,0.6518325209617615,0.6197454333305359,0.4910964369773865,0.6920165419578552,0-1,69.20177339901477,25.29,98.36,0-100,25,29,24,18;19;20;21;22;23;25;49;52;53;54;55;56;57;97;98;99;100;101;102;103;104;107;108;111,H:30;H:31;H:32;H:33;H:52;H:53;H:54;H:56;H:58;H:100;H:101;H:102;H:103;H:104;L:28;L:29;L:30;L:31;L:32;L:49;L:50;L:53;L:67;L:68;L:90;L:91;L:92;L:93;L:95,18;19;20;21;22;23;25;49;52;53;54;55;56;57;58;97;98;99;100;101;102;103;104;107;108;111,0,1,0.20228296518325806,0.13820627331733704,0.20325849950313568,0.11480850726366043,results/full181_supplement/raw/empty/seed8/boltz_results_full_blind/processed/records/full_blind.json,results/full181_supplement/raw/empty/seed8/boltz_results_full_blind/predictions/full_blind/confidence_full_blind_model_0.json,results/full181_supplement/raw/empty/seed8/boltz_results_full_blind/predictions/full_blind/pae_full_blind_model_0.npz,True,current_original_model_analysis,,complete,,results/full181_supplement/full181_model_summary.csv,-12.6,5.9e-10,96.0,complete,,25.0,25.0,results/full181_supplement/full181_prodigy.csv,results/full181_supplement/raw/empty/seed8/boltz_results_full_blind/predictions/full_blind/full_blind_model_0.pdb,current_original_model_score,reported_actual_temperature,0,0,6,29,results/full181_supplement/raw/empty/seed8/boltz_results_full_blind/predictions/full_blind/full_blind_model_0.pdb,current_original_model_analysis,complete,results/full181_supplement/inputs/phase1_prior_deduplicated.csv,62,available,6,0.0967741935483871,0.24,NA,NA,NA,NA,NA,NA
Full181,empty,9,results/full181_supplement/raw/empty/seed9/boltz_results_full_blind/predictions/full_blind/full_blind_model_0.pdb,complete,,0.6573372483253479,0.6126547455787659,0.4785476624965668,0.7020346522331238,0-1,70.20364532019701,26.09,98.25,0-100,26,27,23,1;2;5;57;58;59;60;61;62;63;65;66;91;98;99;100;101;104;107;108;110;111;114;115;117;118,H:31;H:32;H:33;H:35;H:50;H:53;H:54;H:58;H:98;H:99;H:100;H:101;H:102;H:104;L:2;L:28;L:29;L:30;L:31;L:32;L:50;L:53;L:90;L:91;L:92;L:93;L:95,1;2;5;57;58;59;60;61;62;63;65;66;91;98;99;100;101;104;107;108;110;111;112;114;115;117;118;163,0,1,0.18553169071674347,0.10487722605466843,0.1797403246164322,0.08869138360023499,results/full181_supplement/raw/empty/seed9/boltz_results_full_blind/processed/records/full_blind.json,results/full181_supplement/raw/empty/seed9/boltz_results_full_blind/predictions/full_blind/confidence_full_blind_model_0.json,results/full181_supplement/raw/empty/seed9/boltz_results_full_blind/predictions/full_blind/pae_full_blind_model_0.npz,True,current_original_model_analysis,,complete,,results/full181_supplement/full181_model_summary.csv,-15.8,2.6e-12,124.0,complete,,25.0,25.0,results/full181_supplement/full181_prodigy.csv,results/full181_supplement/raw/empty/seed9/boltz_results_full_blind/predictions/full_blind/full_blind_model_0.pdb,current_original_model_score,reported_actual_temperature,0,0,5,21,results/full181_supplement/raw/empty/seed9/boltz_results_full_blind/predictions/full_blind/full_blind_model_0.pdb,current_original_model_analysis,complete,results/full181_supplement/inputs/phase1_prior_deduplicated.csv,62,available,11,0.1774193548387097,0.4230769230769231,NA,NA,NA,NA,NA,NA
Full181,empty,10,results/full181_supplement/raw/empty/seed10/boltz_results_full_blind/predictions/full_blind/full_blind_model_0.pdb,complete,,0.6483259797096252,0.6001668572425842,0.4609266221523285,0.69517582654953,0-1,69.51770935960586,24.41,98.24,0-100,28,28,24,16;18;19;20;22;23;25;58;59;60;61;62;63;64;65;68;101;103;104;106;107;110;111;114;115;118;122;163,H:28;H:30;H:31;H:32;H:33;H:35;H:50;H:53;H:54;H:58;H:98;H:100;H:101;H:102;H:103;H:104;L:29;L:30;L:31;L:32;L:50;L:53;L:67;L:90;L:91;L:92;L:93;L:95,16;18;19;20;22;23;25;57;58;59;60;61;62;63;64;65;68;99;101;102;103;104;105;106;107;108;110;111;114;115;118;122;163,0,1,0.1712758094072342,0.11496170610189438,0.1642744243144989,0.07799471914768219,results/full181_supplement/raw/empty/seed10/boltz_results_full_blind/processed/records/full_blind.json,results/full181_supplement/raw/empty/seed10/boltz_results_full_blind/predictions/full_blind/confidence_full_blind_model_0.json,results/full181_supplement/raw/empty/seed10/boltz_results_full_blind/predictions/full_blind/pae_full_blind_model_0.npz,True,current_original_model_analysis,,complete,,results/full181_supplement/full181_model_summary.csv,-15.3,5.8e-12,104.0,complete,,25.0,25.0,results/full181_supplement/full181_prodigy.csv,results/full181_supplement/raw/empty/seed10/boltz_results_full_blind/predictions/full_blind/full_blind_model_0.pdb,current_original_model_score,reported_actual_temperature,0,0,10,47,results/full181_supplement/raw/empty/seed10/boltz_results_full_blind/predictions/full_blind/full_blind_model_0.pdb,current_original_model_analysis,complete,results/full181_supplement/inputs/phase1_prior_deduplicated.csv,62,available,11,0.1774193548387097,0.39285714285714285,NA,NA,NA,NA,NA,NA
Full181,empty,11,results/full181_supplement/raw/empty/seed11/boltz_results_full_blind/predictions/full_blind/full_blind_model_0.pdb,complete,,0.6529277563095093,0.6024271845817566,0.4665720760822296,0.6995166540145874,0-1,69.95160098522167,26.73,98.38,0-100,29,32,27,1;6;57;58;59;60;62;63;64;65;66;103;106;107;108;110;111;113;114;117;118;121;125;149;153;156;160;161;163,H:30;H:31;H:32;H:33;H:35;H:47;H:50;H:52;H:53;H:54;H:56;H:58;H:59;H:98;H:100;H:101;H:102;H:103;H:104;L:27;L:28;L:29;L:30;L:31;L:32;L:50;L:53;L:90;L:91;L:92;L:93;L:95,1;6;57;58;59;60;62;63;64;65;66;103;106;107;108;110;111;113;114;117;118;121;125;149;153;156;157;160;161;163;164,0,1,0.16642127931118011,0.09301478415727615,0.1634160578250885,0.09984694421291351,results/full181_supplement/raw/empty/seed11/boltz_results_full_blind/processed/records/full_blind.json,results/full181_supplement/raw/empty/seed11/boltz_results_full_blind/predictions/full_blind/confidence_full_blind_model_0.json,results/full181_supplement/raw/empty/seed11/boltz_results_full_blind/predictions/full_blind/pae_full_blind_model_0.npz,True,current_original_model_analysis,,complete,,results/full181_supplement/full181_model_summary.csv,-17.3,2.2e-13,135.0,complete,,25.0,25.0,results/full181_supplement/full181_prodigy.csv,results/full181_supplement/raw/empty/seed11/boltz_results_full_blind/predictions/full_blind/full_blind_model_0.pdb,current_original_model_score,reported_actual_temperature,0,0,11,28,results/full181_supplement/raw/empty/seed11/boltz_results_full_blind/predictions/full_blind/full_blind_model_0.pdb,current_original_model_analysis,complete,results/full181_supplement/inputs/phase1_prior_deduplicated.csv,62,available,16,0.25806451612903225,0.5517241379310345,NA,NA,NA,NA,NA,NA
Full181,empty,12,results/full181_supplement/raw/empty/seed12/boltz_results_full_blind/predictions/full_blind/full_blind_model_0.pdb,complete,,0.6575952768325806,0.6013628244400024,0.46635639667510986,0.7054049372673035,0-1,70.54044334975374,29.81,98.28,0-100,21,24,21,1;2;3;56;57;58;59;62;63;98;99;100;101;102;103;104;106;107;108;110;166,H:30;H:31;H:32;H:33;H:35;H:50;H:53;H:54;H:56;H:98;H:100;H:101;H:102;H:104;L:31;L:32;L:49;L:50;L:53;L:90;L:91;L:92;L:93;L:95,1;2;3;56;57;58;59;60;62;63;98;99;100;101;102;103;104;106;107;108;109;110;166;168,0,1,0.16879664361476898,0.11583516746759415,0.16770526766777039,0.08629221469163895,results/full181_supplement/raw/empty/seed12/boltz_results_full_blind/processed/records/full_blind.json,results/full181_supplement/raw/empty/seed12/boltz_results_full_blind/predictions/full_blind/confidence_full_blind_model_0.json,results/full181_supplement/raw/empty/seed12/boltz_results_full_blind/predictions/full_blind/pae_full_blind_model_0.npz,True,current_original_model_analysis,,complete,,results/full181_supplement/full181_model_summary.csv,-12.2,1.2e-09,87.0,complete,,25.0,25.0,results/full181_supplement/full181_prodigy.csv,results/full181_supplement/raw/empty/seed12/boltz_results_full_blind/predictions/full_blind/full_blind_model_0.pdb,current_original_model_score,reported_actual_temperature,0,0,7,18,results/full181_supplement/raw/empty/seed12/boltz_results_full_blind/predictions/full_blind/full_blind_model_0.pdb,current_original_model_analysis,complete,results/full181_supplement/inputs/phase1_prior_deduplicated.csv,62,available,6,0.0967741935483871,0.2857142857142857,NA,NA,NA,NA,NA,NA
Full181,empty,13,results/full181_supplement/raw/empty/seed13/boltz_results_full_blind/predictions/full_blind/full_blind_model_0.pdb,complete,,0.6464687585830688,0.5968406200408936,0.458979994058609,0.6933408975601196,0-1,69.33411330049258,25.8,98.32,0-100,30,27,23,57;58;59;60;61;62;63;64;65;66;68;91;98;99;100;101;103;104;106;107;108;110;111;114;115;117;118;153;156;163,H:31;H:32;H:33;H:35;H:50;H:53;H:54;H:56;H:58;H:98;H:99;H:100;H:101;H:102;H:104;L:27;L:28;L:29;L:31;L:49;L:50;L:53;L:90;L:91;L:92;L:93;L:95,57;58;59;60;61;62;63;64;65;66;68;91;98;99;100;101;103;104;106;107;108;109;110;111;114;115;117;118;125;153;156;163,0,1,0.15720711648464203,0.09467428922653198,0.15331563353538513,0.08607564866542816,results/full181_supplement/raw/empty/seed13/boltz_results_full_blind/processed/records/full_blind.json,results/full181_supplement/raw/empty/seed13/boltz_results_full_blind/predictions/full_blind/confidence_full_blind_model_0.json,results/full181_supplement/raw/empty/seed13/boltz_results_full_blind/predictions/full_blind/pae_full_blind_model_0.npz,True,current_original_model_analysis,,complete,,results/full181_supplement/full181_model_summary.csv,-15.6,3.6e-12,126.0,complete,,25.0,25.0,results/full181_supplement/full181_prodigy.csv,results/full181_supplement/raw/empty/seed13/boltz_results_full_blind/predictions/full_blind/full_blind_model_0.pdb,current_original_model_score,reported_actual_temperature,0,0,7,12,results/full181_supplement/raw/empty/seed13/boltz_results_full_blind/predictions/full_blind/full_blind_model_0.pdb,current_original_model_analysis,complete,results/full181_supplement/inputs/phase1_prior_deduplicated.csv,62,available,15,0.24193548387096775,0.5,NA,NA,NA,NA,NA,NA
Full181,empty,14,results/full181_supplement/raw/empty/seed14/boltz_results_full_blind/predictions/full_blind/full_blind_model_0.pdb,complete,,0.6583734750747681,0.6183002591133118,0.48912373185157776,0.7006858587265015,0-1,70.06862068965516,28.01,98.33,0-100,18,25,23,31;32;45;49;52;53;54;56;94;96;97;98;99;100;101;102;105;176,H:30;H:31;H:33;H:35;H:50;H:51;H:53;H:54;H:56;H:98;H:100;H:101;H:102;H:104;L:28;L:29;L:30;L:31;L:32;L:50;L:53;L:91;L:92;L:93;L:95,31;32;33;45;49;52;53;54;55;56;57;60;90;94;96;97;98;99;100;101;102;104;105;176,0,1,0.19848474860191345,0.13517065346240997,0.19888482987880707,0.11270271986722946,results/full181_supplement/raw/empty/seed14/boltz_results_full_blind/processed/records/full_blind.json,results/full181_supplement/raw/empty/seed14/boltz_results_full_blind/predictions/full_blind/confidence_full_blind_model_0.json,results/full181_supplement/raw/empty/seed14/boltz_results_full_blind/predictions/full_blind/pae_full_blind_model_0.npz,True,current_original_model_analysis,,complete,,results/full181_supplement/full181_model_summary.csv,-12.5,6.4e-10,87.0,complete,,25.0,25.0,results/full181_supplement/full181_prodigy.csv,results/full181_supplement/raw/empty/seed14/boltz_results_full_blind/predictions/full_blind/full_blind_model_0.pdb,current_original_model_score,reported_actual_temperature,0,0,3,22,results/full181_supplement/raw/empty/seed14/boltz_results_full_blind/predictions/full_blind/full_blind_model_0.pdb,current_original_model_analysis,complete,results/full181_supplement/inputs/phase1_prior_deduplicated.csv,62,available,4,0.06451612903225806,0.2222222222222222,NA,NA,NA,NA,NA,NA
Full181,empty,15,results/full181_supplement/raw/empty/seed15/boltz_results_full_blind/predictions/full_blind/full_blind_model_0.pdb,complete,,0.6537813544273376,0.5954633355140686,0.45770588517189026,0.7028002142906189,0-1,70.28002463054189,26.29,98.29,0-100,19,26,23,56;57;58;59;60;61;62;98;99;100;101;103;104;107;108;110;111;114;163,H:33;H:35;H:50;H:53;H:54;H:55;H:56;H:98;H:99;H:100;H:101;H:102;H:103;H:104;L:29;L:30;L:31;L:32;L:49;L:50;L:53;L:90;L:91;L:92;L:93;L:95,56;57;58;59;60;61;62;98;99;100;101;102;103;104;105;107;108;110;111;114;160;163;164,0,1,0.16202567517757416,0.11468716710805893,0.16161806881427765,0.09470666944980621,results/full181_supplement/raw/empty/seed15/boltz_results_full_blind/processed/records/full_blind.json,results/full181_supplement/raw/empty/seed15/boltz_results_full_blind/predictions/full_blind/confidence_full_blind_model_0.json,results/full181_supplement/raw/empty/seed15/boltz_results_full_blind/predictions/full_blind/pae_full_blind_model_0.npz,True,current_original_model_analysis,,complete,,results/full181_supplement/full181_model_summary.csv,-13.7,9e-11,97.0,complete,,25.0,25.0,results/full181_supplement/full181_prodigy.csv,results/full181_supplement/raw/empty/seed15/boltz_results_full_blind/predictions/full_blind/full_blind_model_0.pdb,current_original_model_score,reported_actual_temperature,0,0,7,7,results/full181_supplement/raw/empty/seed15/boltz_results_full_blind/predictions/full_blind/full_blind_model_0.pdb,current_original_model_analysis,complete,results/full181_supplement/inputs/phase1_prior_deduplicated.csv,62,available,7,0.11290322580645161,0.3684210526315789,NA,NA,NA,NA,NA,NA
Full181,formal_msa,1,results/full181_supplement/raw/formal_msa/seed1/boltz_results_full_blind_msa/predictions/full_blind_msa/full_blind_msa_model_0.pdb,complete,,0.7480143904685974,0.5954650044441223,0.45742911100387573,0.8206606507301331,0-1,82.06588669950736,34.06,97.98,0-100,28,27,24,38;40;43;46;47;50;92;93;96;97;100;107;108;109;110;111;112;113;114;116;117;120;121;123;124;125;127;130,H:29;H:30;H:31;H:32;H:33;H:35;H:51;H:52;H:53;H:54;H:56;H:58;H:98;H:99;H:100;H:101;H:102;H:104;L:27;L:28;L:50;L:53;L:90;L:91;L:92;L:93;L:95,38;39;40;42;43;46;47;50;91;92;93;96;97;100;107;108;109;110;111;112;113;114;116;117;120;121;123;124;125;127;130,0,1,0.1534402221441269,0.09714175760746002,0.15247592329978943,0.08514225482940674,results/full181_supplement/raw/formal_msa/seed1/boltz_results_full_blind_msa/processed/records/full_blind_msa.json,results/full181_supplement/raw/formal_msa/seed1/boltz_results_full_blind_msa/predictions/full_blind_msa/confidence_full_blind_msa_model_0.json,results/full181_supplement/raw/formal_msa/seed1/boltz_results_full_blind_msa/predictions/full_blind_msa/pae_full_blind_msa_model_0.npz,True,current_original_model_analysis,,complete,,results/full181_supplement/full181_model_summary.csv,-15.3,5.7e-12,121.0,complete,,25.0,25.0,results/full181_supplement/full181_prodigy.csv,results/full181_supplement/raw/formal_msa/seed1/boltz_results_full_blind_msa/predictions/full_blind_msa/full_blind_msa_model_0.pdb,current_original_model_score,reported_actual_temperature,0,0,4,13,results/full181_supplement/raw/formal_msa/seed1/boltz_results_full_blind_msa/predictions/full_blind_msa/full_blind_msa_model_0.pdb,current_original_model_analysis,complete,results/full181_supplement/inputs/phase1_prior_deduplicated.csv,62,available,8,0.12903225806451613,0.2857142857142857,NA,NA,NA,NA,NA,NA
Full181,formal_msa,2,results/full181_supplement/raw/formal_msa/seed2/boltz_results_full_blind_msa/predictions/full_blind_msa/full_blind_msa_model_0.pdb,complete,,0.7546635270118713,0.6224455237388611,0.4885307252407074,0.8211967349052429,0-1,82.11992610837441,37.64,98.08,0-100,12,17,14,79;132;133;135;136;137;139;140;142;143;146;150,H:30;H:31;H:33;H:35;H:50;H:53;H:58;H:59;H:98;H:100;H:101;H:104;L:90;L:91;L:92;L:93;L:95,79;132;133;134;135;136;137;139;140;142;143;146;149;150,0,1,0.2011469602584839,0.1641104370355606,0.19276157021522522,0.14159955084323883,results/full181_supplement/raw/formal_msa/seed2/boltz_results_full_blind_msa/processed/records/full_blind_msa.json,results/full181_supplement/raw/formal_msa/seed2/boltz_results_full_blind_msa/predictions/full_blind_msa/confidence_full_blind_msa_model_0.json,results/full181_supplement/raw/formal_msa/seed2/boltz_results_full_blind_msa/predictions/full_blind_msa/pae_full_blind_msa_model_0.npz,True,current_original_model_analysis,,complete,,results/full181_supplement/full181_model_summary.csv,-10.2,3.2e-08,67.0,complete,,25.0,25.0,results/full181_supplement/full181_prodigy.csv,results/full181_supplement/raw/formal_msa/seed2/boltz_results_full_blind_msa/predictions/full_blind_msa/full_blind_msa_model_0.pdb,current_original_model_score,reported_actual_temperature,0,0,4,4,results/full181_supplement/raw/formal_msa/seed2/boltz_results_full_blind_msa/predictions/full_blind_msa/full_blind_msa_model_0.pdb,current_original_model_analysis,complete,results/full181_supplement/inputs/phase1_prior_deduplicated.csv,62,available,10,0.16129032258064516,0.8333333333333334,NA,NA,NA,NA,NA,NA
Full181,formal_msa,3,results/full181_supplement/raw/formal_msa/seed3/boltz_results_full_blind_msa/predictions/full_blind_msa/full_blind_msa_model_0.pdb,complete,,0.7479228973388672,0.6187020540237427,0.4845144748687744,0.8137750029563904,0-1,81.37783251231524,36.44,98.03,0-100,16,22,19,70;71;73;74;132;135;136;137;139;140;142;143;144;146;147;150,H:31;H:32;H:33;H:35;H:50;H:52;H:53;H:57;H:58;H:98;H:100;H:101;H:102;H:104;L:31;L:50;L:53;L:91;L:92;L:93;L:94;L:95,70;71;73;74;76;132;135;136;137;139;140;142;143;144;146;147;150,0,1,0.2152671366930008,0.15248548984527588,0.20094838738441467,0.10307125747203827,results/full181_supplement/raw/formal_msa/seed3/boltz_results_full_blind_msa/processed/records/full_blind_msa.json,results/full181_supplement/raw/formal_msa/seed3/boltz_results_full_blind_msa/predictions/full_blind_msa/confidence_full_blind_msa_model_0.json,results/full181_supplement/raw/formal_msa/seed3/boltz_results_full_blind_msa/predictions/full_blind_msa/pae_full_blind_msa_model_0.npz,True,current_original_model_analysis,,complete,,results/full181_supplement/full181_model_summary.csv,-13.5,1.2e-10,77.0,complete,,25.0,25.0,results/full181_supplement/full181_prodigy.csv,results/full181_supplement/raw/formal_msa/seed3/boltz_results_full_blind_msa/predictions/full_blind_msa/full_blind_msa_model_0.pdb,current_original_model_score,reported_actual_temperature,0,0,10,8,results/full181_supplement/raw/formal_msa/seed3/boltz_results_full_blind_msa/predictions/full_blind_msa/full_blind_msa_model_0.pdb,current_original_model_analysis,complete,results/full181_supplement/inputs/phase1_prior_deduplicated.csv,62,available,15,0.24193548387096775,0.9375,NA,NA,NA,NA,NA,NA
Full181,formal_msa,4,results/full181_supplement/raw/formal_msa/seed4/boltz_results_full_blind_msa/predictions/full_blind_msa/full_blind_msa_model_0.pdb,complete,,0.7507057785987854,0.6163246631622314,0.4827708899974823,0.8176894783973694,0-1,81.76889162561577,35.11,97.93,0-100,14,21,18,70;73;74;135;136;137;139;140;142;143;144;146;147;150,H:31;H:32;H:33;H:35;H:50;H:52;H:54;H:56;H:57;H:58;H:98;H:100;H:101;H:102;H:104;L:31;L:50;L:53;L:92;L:93;L:95,70;71;73;74;135;136;137;139;140;142;143;144;146;147;150,0,1,0.19287511706352234,0.11040302366018295,0.18634986877441406,0.08796817064285278,results/full181_supplement/raw/formal_msa/seed4/boltz_results_full_blind_msa/processed/records/full_blind_msa.json,results/full181_supplement/raw/formal_msa/seed4/boltz_results_full_blind_msa/predictions/full_blind_msa/confidence_full_blind_msa_model_0.json,results/full181_supplement/raw/formal_msa/seed4/boltz_results_full_blind_msa/predictions/full_blind_msa/pae_full_blind_msa_model_0.npz,True,current_original_model_analysis,,complete,,results/full181_supplement/full181_model_summary.csv,-11.9,1.9e-09,59.0,complete,,25.0,25.0,results/full181_supplement/full181_prodigy.csv,results/full181_supplement/raw/formal_msa/seed4/boltz_results_full_blind_msa/predictions/full_blind_msa/full_blind_msa_model_0.pdb,current_original_model_score,reported_actual_temperature,0,0,1,6,results/full181_supplement/raw/formal_msa/seed4/boltz_results_full_blind_msa/predictions/full_blind_msa/full_blind_msa_model_0.pdb,current_original_model_analysis,complete,results/full181_supplement/inputs/phase1_prior_deduplicated.csv,62,available,13,0.20967741935483872,0.9285714285714286,NA,NA,NA,NA,NA,NA
Full181,formal_msa,5,results/full181_supplement/raw/formal_msa/seed5/boltz_results_full_blind_msa/predictions/full_blind_msa/full_blind_msa_model_0.pdb,complete,,0.7535535097122192,0.6250786781311035,0.49332550168037415,0.8186104893684387,0-1,81.86086206896552,33.62,98.07,0-100,15,22,19,70;73;132;133;135;136;139;140;142;143;144;146;147;149;150,H:30;H:31;H:32;H:33;H:35;H:50;H:53;H:54;H:58;H:98;H:99;H:100;H:101;H:102;H:104;L:50;L:53;L:90;L:91;L:92;L:93;L:95,70;73;79;132;133;135;136;137;139;140;142;143;144;146;147;149;150,0,1,0.21094945073127747,0.16025452315807343,0.20267468690872192,0.13402009010314941,results/full181_supplement/raw/formal_msa/seed5/boltz_results_full_blind_msa/processed/records/full_blind_msa.json,results/full181_supplement/raw/formal_msa/seed5/boltz_results_full_blind_msa/predictions/full_blind_msa/confidence_full_blind_msa_model_0.json,results/full181_supplement/raw/formal_msa/seed5/boltz_results_full_blind_msa/predictions/full_blind_msa/pae_full_blind_msa_model_0.npz,True,current_original_model_analysis,,complete,,results/full181_supplement/full181_model_summary.csv,-12.7,4.6e-10,72.0,complete,,25.0,25.0,results/full181_supplement/full181_prodigy.csv,results/full181_supplement/raw/formal_msa/seed5/boltz_results_full_blind_msa/predictions/full_blind_msa/full_blind_msa_model_0.pdb,current_original_model_score,reported_actual_temperature,0,0,2,4,results/full181_supplement/raw/formal_msa/seed5/boltz_results_full_blind_msa/predictions/full_blind_msa/full_blind_msa_model_0.pdb,current_original_model_analysis,complete,results/full181_supplement/inputs/phase1_prior_deduplicated.csv,62,available,14,0.22580645161290322,0.9333333333333333,NA,NA,NA,NA,NA,NA
Full181,formal_msa,6,results/full181_supplement/raw/formal_msa/seed6/boltz_results_full_blind_msa/predictions/full_blind_msa/full_blind_msa_model_0.pdb,complete,,0.7573776245117188,0.6263763904571533,0.49474141001701355,0.8230366706848145,0-1,82.30352216748761,35.01,98.12,0-100,16,22,19,73;74;132;133;135;136;138;139;140;142;143;144;146;147;149;150,H:30;H:31;H:32;H:33;H:35;H:50;H:52;H:53;H:58;H:98;H:99;H:100;H:101;H:102;H:103;H:104;L:53;L:90;L:91;L:92;L:93;L:95,73;74;79;82;132;133;135;136;137;138;139;140;142;143;144;146;147;149;150,0,1,0.211510568857193,0.14839163422584534,0.20167620480060577,0.13307729363441467,results/full181_supplement/raw/formal_msa/seed6/boltz_results_full_blind_msa/processed/records/full_blind_msa.json,results/full181_supplement/raw/formal_msa/seed6/boltz_results_full_blind_msa/predictions/full_blind_msa/confidence_full_blind_msa_model_0.json,results/full181_supplement/raw/formal_msa/seed6/boltz_results_full_blind_msa/predictions/full_blind_msa/pae_full_blind_msa_model_0.npz,True,current_original_model_analysis,,complete,,results/full181_supplement/full181_model_summary.csv,-11.6,3.2e-09,72.0,complete,,25.0,25.0,results/full181_supplement/full181_prodigy.csv,results/full181_supplement/raw/formal_msa/seed6/boltz_results_full_blind_msa/predictions/full_blind_msa/full_blind_msa_model_0.pdb,current_original_model_score,reported_actual_temperature,0,0,1,4,results/full181_supplement/raw/formal_msa/seed6/boltz_results_full_blind_msa/predictions/full_blind_msa/full_blind_msa_model_0.pdb,current_original_model_analysis,complete,results/full181_supplement/inputs/phase1_prior_deduplicated.csv,62,available,15,0.24193548387096775,0.9375,NA,NA,NA,NA,NA,NA
Full181,formal_msa,7,results/full181_supplement/raw/formal_msa/seed7/boltz_results_full_blind_msa/predictions/full_blind_msa/full_blind_msa_model_0.pdb,complete,,0.7551508545875549,0.6212708950042725,0.48881062865257263,0.8217359185218811,0-1,82.17357142857144,36.09,98.11,0-100,12,20,16,132;133;135;136;137;139;140;142;143;146;149;150,H:30;H:31;H:33;H:35;H:50;H:58;H:59;H:61;H:98;H:99;H:100;H:101;H:102;H:103;H:104;L:90;L:91;L:92;L:93;L:95,130;132;133;135;136;137;139;140;142;143;144;146;149;150,0,1,0.19466672837734222,0.15307119488716125,0.1883886158466339,0.13188272714614868,results/full181_supplement/raw/formal_msa/seed7/boltz_results_full_blind_msa/processed/records/full_blind_msa.json,results/full181_supplement/raw/formal_msa/seed7/boltz_results_full_blind_msa/predictions/full_blind_msa/confidence_full_blind_msa_model_0.json,results/full181_supplement/raw/formal_msa/seed7/boltz_results_full_blind_msa/predictions/full_blind_msa/pae_full_blind_msa_model_0.npz,True,current_original_model_analysis,,complete,,results/full181_supplement/full181_model_summary.csv,-10.6,1.8e-08,63.0,complete,,25.0,25.0,results/full181_supplement/full181_prodigy.csv,results/full181_supplement/raw/formal_msa/seed7/boltz_results_full_blind_msa/predictions/full_blind_msa/full_blind_msa_model_0.pdb,current_original_model_score,reported_actual_temperature,0,0,3,10,results/full181_supplement/raw/formal_msa/seed7/boltz_results_full_blind_msa/predictions/full_blind_msa/full_blind_msa_model_0.pdb,current_original_model_analysis,complete,results/full181_supplement/inputs/phase1_prior_deduplicated.csv,62,available,11,0.1774193548387097,0.9166666666666666,NA,NA,NA,NA,NA,NA
Full181,formal_msa,8,results/full181_supplement/raw/formal_msa/seed8/boltz_results_full_blind_msa/predictions/full_blind_msa/full_blind_msa_model_0.pdb,complete,,0.755275547504425,0.621819794178009,0.49364060163497925,0.8206842541694641,0-1,82.06881773399016,37.21,97.98,0-100,23,28,25,37;38;40;43;46;92;93;100;107;109;110;111;112;113;114;116;117;120;121;123;124;125;127,H:29;H:30;H:31;H:32;H:33;H:35;H:51;H:52;H:53;H:54;H:56;H:58;H:71;H:98;H:99;H:100;H:101;H:104;L:29;L:30;L:31;L:32;L:50;L:90;L:91;L:92;L:93;L:95,8;37;38;40;43;46;92;93;96;97;100;104;107;108;109;110;111;112;113;114;116;117;118;120;121;123;124;125;127,0,1,0.20279419422149658,0.12375534325838089,0.20730538666248322,0.12973137199878693,results/full181_supplement/raw/formal_msa/seed8/boltz_results_full_blind_msa/processed/records/full_blind_msa.json,results/full181_supplement/raw/formal_msa/seed8/boltz_results_full_blind_msa/predictions/full_blind_msa/confidence_full_blind_msa_model_0.json,results/full181_supplement/raw/formal_msa/seed8/boltz_results_full_blind_msa/predictions/full_blind_msa/pae_full_blind_msa_model_0.npz,True,current_original_model_analysis,,complete,,results/full181_supplement/full181_model_summary.csv,-14.5,2.2e-11,115.0,complete,,25.0,25.0,results/full181_supplement/full181_prodigy.csv,results/full181_supplement/raw/formal_msa/seed8/boltz_results_full_blind_msa/predictions/full_blind_msa/full_blind_msa_model_0.pdb,current_original_model_score,reported_actual_temperature,0,0,2,13,results/full181_supplement/raw/formal_msa/seed8/boltz_results_full_blind_msa/predictions/full_blind_msa/full_blind_msa_model_0.pdb,current_original_model_analysis,complete,results/full181_supplement/inputs/phase1_prior_deduplicated.csv,62,available,7,0.11290322580645161,0.30434782608695654,NA,NA,NA,NA,NA,NA
Full181,formal_msa,9,results/full181_supplement/raw/formal_msa/seed9/boltz_results_full_blind_msa/predictions/full_blind_msa/full_blind_msa_model_0.pdb,complete,,0.7538672089576721,0.621228814125061,0.4908563196659088,0.81961989402771,0-1,81.96216748768478,35.95,98.04,0-100,18,23,20,70;73;74;79;132;133;135;136;137;139;140;142;143;144;146;147;149;150,H:30;H:31;H:32;H:33;H:35;H:50;H:52;H:53;H:54;H:58;H:98;H:100;H:101;H:102;H:103;H:104;L:50;L:53;L:90;L:91;L:92;L:93;L:95,70;73;74;79;132;133;134;135;136;137;138;139;140;141;142;143;144;146;147;149;150,0,1,0.20529265701770782,0.1360253542661667,0.19797901809215546,0.10898330062627792,results/full181_supplement/raw/formal_msa/seed9/boltz_results_full_blind_msa/processed/records/full_blind_msa.json,results/full181_supplement/raw/formal_msa/seed9/boltz_results_full_blind_msa/predictions/full_blind_msa/confidence_full_blind_msa_model_0.json,results/full181_supplement/raw/formal_msa/seed9/boltz_results_full_blind_msa/predictions/full_blind_msa/pae_full_blind_msa_model_0.npz,True,current_original_model_analysis,,complete,,results/full181_supplement/full181_model_summary.csv,-14.3,3.5e-11,82.0,complete,,25.0,25.0,results/full181_supplement/full181_prodigy.csv,results/full181_supplement/raw/formal_msa/seed9/boltz_results_full_blind_msa/predictions/full_blind_msa/full_blind_msa_model_0.pdb,current_original_model_score,reported_actual_temperature,0,0,2,9,results/full181_supplement/raw/formal_msa/seed9/boltz_results_full_blind_msa/predictions/full_blind_msa/full_blind_msa_model_0.pdb,current_original_model_analysis,complete,results/full181_supplement/inputs/phase1_prior_deduplicated.csv,62,available,16,0.25806451612903225,0.8888888888888888,NA,NA,NA,NA,NA,NA
Full181,formal_msa,10,results/full181_supplement/raw/formal_msa/seed10/boltz_results_full_blind_msa/predictions/full_blind_msa/full_blind_msa_model_0.pdb,complete,,0.7560784220695496,0.622570812702179,0.4892427623271942,0.8227872848510742,0-1,82.27884236453198,34.29,98.03,0-100,15,21,18,30;70;73;74;79;132;133;135;136;139;140;142;143;144;146,H:30;H:31;H:33;H:35;H:50;H:53;H:54;H:58;H:98;H:99;H:100;H:101;H:102;H:104;L:28;L:53;L:90;L:91;L:92;L:93;L:95,30;70;73;74;79;132;133;134;135;136;137;139;140;142;143;144;146;147,0,1,0.20246940851211548,0.16747580468654633,0.19421105086803436,0.13239407539367676,results/full181_supplement/raw/formal_msa/seed10/boltz_results_full_blind_msa/processed/records/full_blind_msa.json,results/full181_supplement/raw/formal_msa/seed10/boltz_results_full_blind_msa/predictions/full_blind_msa/confidence_full_blind_msa_model_0.json,results/full181_supplement/raw/formal_msa/seed10/boltz_results_full_blind_msa/predictions/full_blind_msa/pae_full_blind_msa_model_0.npz,True,current_original_model_analysis,,complete,,results/full181_supplement/full181_model_summary.csv,-10.7,1.5e-08,76.0,complete,,25.0,25.0,results/full181_supplement/full181_prodigy.csv,results/full181_supplement/raw/formal_msa/seed10/boltz_results_full_blind_msa/predictions/full_blind_msa/full_blind_msa_model_0.pdb,current_original_model_score,reported_actual_temperature,0,0,12,4,results/full181_supplement/raw/formal_msa/seed10/boltz_results_full_blind_msa/predictions/full_blind_msa/full_blind_msa_model_0.pdb,current_original_model_analysis,complete,results/full181_supplement/inputs/phase1_prior_deduplicated.csv,62,available,12,0.1935483870967742,0.8,NA,NA,NA,NA,NA,NA
Full181,formal_msa,11,results/full181_supplement/raw/formal_msa/seed11/boltz_results_full_blind_msa/predictions/full_blind_msa/full_blind_msa_model_0.pdb,complete,,0.7547809481620789,0.6230814456939697,0.4915441870689392,0.8205901384353638,0-1,82.05896551724133,37.01,98.15,0-100,14,22,18,79;132;133;135;136;139;140;142;143;144;146;147;149;150,H:30;H:31;H:32;H:33;H:35;H:47;H:50;H:52;H:54;H:58;H:61;H:98;H:99;H:100;H:101;H:103;H:104;L:90;L:91;L:92;L:93;L:95,73;79;132;133;134;135;136;138;139;140;142;143;144;146;147;149;150,0,1,0.20421838760375977,0.1589919924736023,0.1970164030790329,0.13567376136779785,results/full181_supplement/raw/formal_msa/seed11/boltz_results_full_blind_msa/processed/records/full_blind_msa.json,results/full181_supplement/raw/formal_msa/seed11/boltz_results_full_blind_msa/predictions/full_blind_msa/confidence_full_blind_msa_model_0.json,results/full181_supplement/raw/formal_msa/seed11/boltz_results_full_blind_msa/predictions/full_blind_msa/pae_full_blind_msa_model_0.npz,True,current_original_model_analysis,,complete,,results/full181_supplement/full181_model_summary.csv,-11.9,2e-09,68.0,complete,,25.0,25.0,results/full181_supplement/full181_prodigy.csv,results/full181_supplement/raw/formal_msa/seed11/boltz_results_full_blind_msa/predictions/full_blind_msa/full_blind_msa_model_0.pdb,current_original_model_score,reported_actual_temperature,0,0,5,3,results/full181_supplement/raw/formal_msa/seed11/boltz_results_full_blind_msa/predictions/full_blind_msa/full_blind_msa_model_0.pdb,current_original_model_analysis,complete,results/full181_supplement/inputs/phase1_prior_deduplicated.csv,62,available,12,0.1935483870967742,0.8571428571428571,NA,NA,NA,NA,NA,NA
Full181,formal_msa,12,results/full181_supplement/raw/formal_msa/seed12/boltz_results_full_blind_msa/predictions/full_blind_msa/full_blind_msa_model_0.pdb,complete,,0.7545346617698669,0.6035678386688232,0.46663257479667664,0.8265101313591003,0-1,82.65100985221677,38.95,98.07,0-100,25,32,28,91;92;93;94;96;97;98;100;101;102;104;105;109;110;112;113;116;117;120;121;123;124;157;158;161,H:30;H:31;H:32;H:33;H:35;H:50;H:52;H:53;H:54;H:56;H:57;H:58;H:98;H:99;H:100;H:101;H:102;H:104;L:27;L:28;L:29;L:30;L:31;L:32;L:49;L:50;L:53;L:90;L:91;L:92;L:93;L:95,89;91;92;93;94;96;97;98;99;100;101;102;104;105;109;110;112;113;114;116;117;120;121;123;124;157;158;161,0,1,0.17063982784748077,0.12661637365818024,0.1645708978176117,0.1114908829331398,results/full181_supplement/raw/formal_msa/seed12/boltz_results_full_blind_msa/processed/records/full_blind_msa.json,results/full181_supplement/raw/formal_msa/seed12/boltz_results_full_blind_msa/predictions/full_blind_msa/confidence_full_blind_msa_model_0.json,results/full181_supplement/raw/formal_msa/seed12/boltz_results_full_blind_msa/predictions/full_blind_msa/pae_full_blind_msa_model_0.npz,True,current_original_model_analysis,,complete,,results/full181_supplement/full181_model_summary.csv,-13.8,7.8e-11,108.0,complete,,25.0,25.0,results/full181_supplement/full181_prodigy.csv,results/full181_supplement/raw/formal_msa/seed12/boltz_results_full_blind_msa/predictions/full_blind_msa/full_blind_msa_model_0.pdb,current_original_model_score,reported_actual_temperature,0,0,6,2,results/full181_supplement/raw/formal_msa/seed12/boltz_results_full_blind_msa/predictions/full_blind_msa/full_blind_msa_model_0.pdb,current_original_model_analysis,complete,results/full181_supplement/inputs/phase1_prior_deduplicated.csv,62,available,6,0.0967741935483871,0.24,NA,NA,NA,NA,NA,NA
Full181,formal_msa,13,results/full181_supplement/raw/formal_msa/seed13/boltz_results_full_blind_msa/predictions/full_blind_msa/full_blind_msa_model_0.pdb,complete,,0.7522353529930115,0.6209328770637512,0.4890541732311249,0.818030595779419,0-1,81.8032019704434,34.47,98.07,0-100,16,25,20,1;73;132;133;135;136;139;140;142;143;144;145;146;147;149;150,H:30;H:31;H:32;H:33;H:35;H:47;H:50;H:52;H:53;H:54;H:55;H:58;H:61;H:64;H:98;H:99;H:100;H:101;H:102;H:104;L:90;L:91;L:92;L:93;L:95,1;73;79;132;133;135;136;139;140;142;143;144;145;146;147;149;150,0,1,0.19424985349178314,0.15716606378555298,0.19113920629024506,0.1400597095489502,results/full181_supplement/raw/formal_msa/seed13/boltz_results_full_blind_msa/processed/records/full_blind_msa.json,results/full181_supplement/raw/formal_msa/seed13/boltz_results_full_blind_msa/predictions/full_blind_msa/confidence_full_blind_msa_model_0.json,results/full181_supplement/raw/formal_msa/seed13/boltz_results_full_blind_msa/predictions/full_blind_msa/pae_full_blind_msa_model_0.npz,True,current_original_model_analysis,,complete,,results/full181_supplement/full181_model_summary.csv,-11.4,4.1e-09,70.0,complete,,25.0,25.0,results/full181_supplement/full181_prodigy.csv,results/full181_supplement/raw/formal_msa/seed13/boltz_results_full_blind_msa/predictions/full_blind_msa/full_blind_msa_model_0.pdb,current_original_model_score,reported_actual_temperature,0,0,4,10,results/full181_supplement/raw/formal_msa/seed13/boltz_results_full_blind_msa/predictions/full_blind_msa/full_blind_msa_model_0.pdb,current_original_model_analysis,complete,results/full181_supplement/inputs/phase1_prior_deduplicated.csv,62,available,14,0.22580645161290322,0.875,NA,NA,NA,NA,NA,NA
Full181,formal_msa,14,results/full181_supplement/raw/formal_msa/seed14/boltz_results_full_blind_msa/predictions/full_blind_msa/full_blind_msa_model_0.pdb,complete,,0.7568325400352478,0.6269985437393188,0.49366700649261475,0.8226238489151001,0-1,82.26206896551722,35.57,98.06,0-100,13,25,19,86;130;132;135;136;139;140;142;143;146;147;149;150,H:30;H:31;H:32;H:33;H:35;H:47;H:50;H:52;H:53;H:54;H:55;H:56;H:58;H:59;H:61;H:64;H:98;H:99;H:100;H:101;H:104;L:91;L:92;L:93;L:95,25;86;89;130;132;135;136;138;139;140;142;143;144;146;147;149;150,0,1,0.21389225125312805,0.19045153260231018,0.20187348127365112,0.14974656701087952,results/full181_supplement/raw/formal_msa/seed14/boltz_results_full_blind_msa/processed/records/full_blind_msa.json,results/full181_supplement/raw/formal_msa/seed14/boltz_results_full_blind_msa/predictions/full_blind_msa/confidence_full_blind_msa_model_0.json,results/full181_supplement/raw/formal_msa/seed14/boltz_results_full_blind_msa/predictions/full_blind_msa/pae_full_blind_msa_model_0.npz,True,current_original_model_analysis,,complete,,results/full181_supplement/full181_model_summary.csv,-10.7,1.5e-08,69.0,complete,,25.0,25.0,results/full181_supplement/full181_prodigy.csv,results/full181_supplement/raw/formal_msa/seed14/boltz_results_full_blind_msa/predictions/full_blind_msa/full_blind_msa_model_0.pdb,current_original_model_score,reported_actual_temperature,0,0,0,9,results/full181_supplement/raw/formal_msa/seed14/boltz_results_full_blind_msa/predictions/full_blind_msa/full_blind_msa_model_0.pdb,current_original_model_analysis,complete,results/full181_supplement/inputs/phase1_prior_deduplicated.csv,62,available,11,0.1774193548387097,0.8461538461538461,NA,NA,NA,NA,NA,NA
Full181,formal_msa,15,results/full181_supplement/raw/formal_msa/seed15/boltz_results_full_blind_msa/predictions/full_blind_msa/full_blind_msa_model_0.pdb,complete,,0.7555711269378662,0.6190398335456848,0.4873488247394562,0.8226267099380493,0-1,82.26246305418718,35.56,98.1,0-100,17,23,20,70;73;74;79;135;136;137;138;139;140;142;143;144;146;147;149;150,H:30;H:31;H:32;H:33;H:35;H:50;H:52;H:54;H:56;H:57;H:58;H:98;H:100;H:101;H:102;H:103;H:104;L:50;L:53;L:91;L:92;L:93;L:95,70;73;74;79;132;135;136;137;138;139;140;142;143;144;146;147;149;150,0,1,0.19448412954807281,0.13827596604824066,0.1881493330001831,0.11287125200033188,results/full181_supplement/raw/formal_msa/seed15/boltz_results_full_blind_msa/processed/records/full_blind_msa.json,results/full181_supplement/raw/formal_msa/seed15/boltz_results_full_blind_msa/predictions/full_blind_msa/confidence_full_blind_msa_model_0.json,results/full181_supplement/raw/formal_msa/seed15/boltz_results_full_blind_msa/predictions/full_blind_msa/pae_full_blind_msa_model_0.npz,True,current_original_model_analysis,,complete,,results/full181_supplement/full181_model_summary.csv,-13.1,2.4e-10,71.0,complete,,25.0,25.0,results/full181_supplement/full181_prodigy.csv,results/full181_supplement/raw/formal_msa/seed15/boltz_results_full_blind_msa/predictions/full_blind_msa/full_blind_msa_model_0.pdb,current_original_model_score,reported_actual_temperature,0,0,4,13,results/full181_supplement/raw/formal_msa/seed15/boltz_results_full_blind_msa/predictions/full_blind_msa/full_blind_msa_model_0.pdb,current_original_model_analysis,complete,results/full181_supplement/inputs/phase1_prior_deduplicated.csv,62,available,15,0.24193548387096775,0.8823529411764706,NA,NA,NA,NA,NA,NA
Native155,empty,1,results/13_interface_analysis/formal/complex_model_summary.csv,historical_saved_model_table,NA,0.6925347447395325,0.638838529586792,0.5030094385147095,0.7399160861968994,NA,NA,NA,NA,NA,18,24,21,59;101;102;103;104;106;107;110;161;162;163;164;165;166;167;168;169;170,NA,NA,NA,1,NA,NA,NA,NA,NA,/home/xinlab/home/ws/phase2/results/12_complex_prediction/formal/native_blind_seed1/boltz_results_native_blind/predictions/native_blind/confidence_native_blind_model_0.json,/home/xinlab/home/ws/phase2/results/12_complex_prediction/formal/native_blind_seed1/boltz_results_native_blind/predictions/native_blind/pae_native_blind_model_0.npz,True,saved_per_model_table,,NA,NA,NA,-13.7,8.9e-11,107.0,saved_per_model_table,,NA,NA,results/15_affinity/prodigy_formal.csv,NA,saved_per_model_table,unknown_not_inferred_from_25C_column_name,0,0,8,12,/home/xinlab/home/ws/phase2/results/12_complex_prediction/formal/native_blind_seed1/boltz_results_native_blind/predictions/native_blind/native_blind_model_0.pdb,recomputed_existing_original_PDB_server_audit,passed,NA,NA,NA,1,0.016129032258064516,0.05555555555555555,native_blind,/home/xinlab/home/ws/phase2/results/12_complex_prediction/formal/native_blind_seed1/boltz_results_native_blind/predictions/native_blind/native_blind_model_0.pdb,True,passed,results/full181_supplement/baseline_audit/server_raw_model_audit.csv,/home/xinlab/home/ws/phase2/results/12_complex_prediction/formal/native_blind_seed1/boltz_results_native_blind/predictions/native_blind/native_blind_model_0.pdb
Native155,empty,2,results/13_interface_analysis/formal/complex_model_summary.csv,historical_saved_model_table,NA,0.6976515650749207,0.6376484036445618,0.5020700097084045,0.7465469241142273,NA,NA,NA,NA,NA,26,28,23,56;57;58;59;60;62;63;65;99;101;103;104;106;107;108;110;111;113;114;117;118;121;124;156;159;163,NA,NA,NA,1,NA,NA,NA,NA,NA,/home/xinlab/home/ws/phase2/results/12_complex_prediction/formal/native_blind_seed2/boltz_results_native_blind/predictions/native_blind/confidence_native_blind_model_0.json,/home/xinlab/home/ws/phase2/results/12_complex_prediction/formal/native_blind_seed2/boltz_results_native_blind/predictions/native_blind/pae_native_blind_model_0.npz,True,saved_per_model_table,,NA,NA,NA,-15.8,2.4e-12,121.0,saved_per_model_table,,NA,NA,results/15_affinity/prodigy_formal.csv,NA,saved_per_model_table,unknown_not_inferred_from_25C_column_name,0,0,12,3,/home/xinlab/home/ws/phase2/results/12_complex_prediction/formal/native_blind_seed2/boltz_results_native_blind/predictions/native_blind/native_blind_model_0.pdb,recomputed_existing_original_PDB_server_audit,passed,NA,NA,NA,13,0.20967741935483872,0.5,native_blind,/home/xinlab/home/ws/phase2/results/12_complex_prediction/formal/native_blind_seed2/boltz_results_native_blind/predictions/native_blind/native_blind_model_0.pdb,True,passed,results/full181_supplement/baseline_audit/server_raw_model_audit.csv,/home/xinlab/home/ws/phase2/results/12_complex_prediction/formal/native_blind_seed2/boltz_results_native_blind/predictions/native_blind/native_blind_model_0.pdb
Native155,empty,3,results/13_interface_analysis/formal/complex_model_summary.csv,historical_saved_model_table,NA,0.7041453719139099,0.6429077386856079,0.5060443878173828,0.7536706328392029,NA,NA,NA,NA,NA,35,32,24,58;59;61;62;63;64;65;67;68;69;107;108;109;110;111;113;114;117;118;121;122;125;128;131;134;149;153;156;159;160;161;163;164;165;166,NA,NA,NA,1,NA,NA,NA,NA,NA,/home/xinlab/home/ws/phase2/results/12_complex_prediction/formal/native_blind_seed3/boltz_results_native_blind/predictions/native_blind/confidence_native_blind_model_0.json,/home/xinlab/home/ws/phase2/results/12_complex_prediction/formal/native_blind_seed3/boltz_results_native_blind/predictions/native_blind/pae_native_blind_model_0.npz,True,saved_per_model_table,,NA,NA,NA,-15.8,2.6e-12,143.0,saved_per_model_table,,NA,NA,results/15_affinity/prodigy_formal.csv,NA,saved_per_model_table,unknown_not_inferred_from_25C_column_name,0,0,11,6,/home/xinlab/home/ws/phase2/results/12_complex_prediction/formal/native_blind_seed3/boltz_results_native_blind/predictions/native_blind/native_blind_model_0.pdb,recomputed_existing_original_PDB_server_audit,passed,NA,NA,NA,21,0.3387096774193548,0.6,native_blind,/home/xinlab/home/ws/phase2/results/12_complex_prediction/formal/native_blind_seed3/boltz_results_native_blind/predictions/native_blind/native_blind_model_0.pdb,True,passed,results/full181_supplement/baseline_audit/server_raw_model_audit.csv,/home/xinlab/home/ws/phase2/results/12_complex_prediction/formal/native_blind_seed3/boltz_results_native_blind/predictions/native_blind/native_blind_model_0.pdb
Native155,empty,4,results/13_interface_analysis/formal/complex_model_summary.csv,historical_saved_model_table,NA,0.6827334761619568,0.6364094614982605,0.5019986033439636,0.7279171347618103,NA,NA,NA,NA,NA,23,28,24,57;58;59;60;62;63;64;65;98;99;100;101;103;104;107;108;110;111;114;115;118;122;125,NA,NA,NA,1,NA,NA,NA,NA,NA,/home/xinlab/home/ws/phase2/results/12_complex_prediction/formal/native_blind_seed4/boltz_results_native_blind/predictions/native_blind/confidence_native_blind_model_0.json,/home/xinlab/home/ws/phase2/results/12_complex_prediction/formal/native_blind_seed4/boltz_results_native_blind/predictions/native_blind/pae_native_blind_model_0.npz,True,saved_per_model_table,,NA,NA,NA,-13.0,3.1e-10,93.0,saved_per_model_table,,NA,NA,results/15_affinity/prodigy_formal.csv,NA,saved_per_model_table,unknown_not_inferred_from_25C_column_name,0,0,5,5,/home/xinlab/home/ws/phase2/results/12_complex_prediction/formal/native_blind_seed4/boltz_results_native_blind/predictions/native_blind/native_blind_model_0.pdb,recomputed_existing_original_PDB_server_audit,passed,NA,NA,NA,11,0.1774193548387097,0.4782608695652174,native_blind,/home/xinlab/home/ws/phase2/results/12_complex_prediction/formal/native_blind_seed4/boltz_results_native_blind/predictions/native_blind/native_blind_model_0.pdb,True,passed,results/full181_supplement/baseline_audit/server_raw_model_audit.csv,/home/xinlab/home/ws/phase2/results/12_complex_prediction/formal/native_blind_seed4/boltz_results_native_blind/predictions/native_blind/native_blind_model_0.pdb
Native155,empty,5,results/13_interface_analysis/formal/complex_model_summary.csv,historical_saved_model_table,NA,0.6944229006767273,0.6387383937835693,0.504569411277771,0.74188631772995,NA,NA,NA,NA,NA,23,26,23,57;58;59;60;61;62;63;64;65;98;99;101;103;104;106;107;108;110;111;114;118;121;125,NA,NA,NA,1,NA,NA,NA,NA,NA,/home/xinlab/home/ws/phase2/results/12_complex_prediction/formal/native_blind_seed5/boltz_results_native_blind/predictions/native_blind/confidence_native_blind_model_0.json,/home/xinlab/home/ws/phase2/results/12_complex_prediction/formal/native_blind_seed5/boltz_results_native_blind/predictions/native_blind/pae_native_blind_model_0.npz,True,saved_per_model_table,,NA,NA,NA,-14.9,1.2e-11,97.0,saved_per_model_table,,NA,NA,results/15_affinity/prodigy_formal.csv,NA,saved_per_model_table,unknown_not_inferred_from_25C_column_name,0,0,7,9,/home/xinlab/home/ws/phase2/results/12_complex_prediction/formal/native_blind_seed5/boltz_results_native_blind/predictions/native_blind/native_blind_model_0.pdb,recomputed_existing_original_PDB_server_audit,passed,NA,NA,NA,12,0.1935483870967742,0.5217391304347826,native_blind,/home/xinlab/home/ws/phase2/results/12_complex_prediction/formal/native_blind_seed5/boltz_results_native_blind/predictions/native_blind/native_blind_model_0.pdb,True,passed,results/full181_supplement/baseline_audit/server_raw_model_audit.csv,/home/xinlab/home/ws/phase2/results/12_complex_prediction/formal/native_blind_seed5/boltz_results_native_blind/predictions/native_blind/native_blind_model_0.pdb
Native155,empty,6,results/13_interface_analysis/formal/complex_model_summary.csv,historical_saved_model_table,NA,0.6923503875732422,0.6392176747322083,0.5053266286849976,0.7391063570976257,NA,NA,NA,NA,NA,26,27,23,57;58;59;62;63;65;99;101;103;104;106;107;108;110;111;112;113;114;117;118;121;124;156;159;160;163,NA,NA,NA,1,NA,NA,NA,NA,NA,/home/xinlab/home/ws/phase2/results/12_complex_prediction/formal/native_blind_seed6/boltz_results_native_blind/predictions/native_blind/confidence_native_blind_model_0.json,/home/xinlab/home/ws/phase2/results/12_complex_prediction/formal/native_blind_seed6/boltz_results_native_blind/predictions/native_blind/pae_native_blind_model_0.npz,True,saved_per_model_table,,NA,NA,NA,-16.3,1.2e-12,114.0,saved_per_model_table,,NA,NA,results/15_affinity/prodigy_formal.csv,NA,saved_per_model_table,unknown_not_inferred_from_25C_column_name,0,0,10,1,/home/xinlab/home/ws/phase2/results/12_complex_prediction/formal/native_blind_seed6/boltz_results_native_blind/predictions/native_blind/native_blind_model_0.pdb,recomputed_existing_original_PDB_server_audit,passed,NA,NA,NA,11,0.1774193548387097,0.4230769230769231,native_blind,/home/xinlab/home/ws/phase2/results/12_complex_prediction/formal/native_blind_seed6/boltz_results_native_blind/predictions/native_blind/native_blind_model_0.pdb,True,passed,results/full181_supplement/baseline_audit/server_raw_model_audit.csv,/home/xinlab/home/ws/phase2/results/12_complex_prediction/formal/native_blind_seed6/boltz_results_native_blind/predictions/native_blind/native_blind_model_0.pdb
Native155,empty,7,results/13_interface_analysis/formal/complex_model_summary.csv,historical_saved_model_table,NA,0.6990214586257935,0.6382693648338318,0.5038217306137085,0.7478213906288147,NA,NA,NA,NA,NA,19,26,23,54;56;57;58;59;60;62;63;97;98;99;100;101;102;103;104;107;108;111,NA,NA,NA,1,NA,NA,NA,NA,NA,/home/xinlab/home/ws/phase2/results/12_complex_prediction/formal/native_blind_seed7/boltz_results_native_blind/predictions/native_blind/confidence_native_blind_model_0.json,/home/xinlab/home/ws/phase2/results/12_complex_prediction/formal/native_blind_seed7/boltz_results_native_blind/predictions/native_blind/pae_native_blind_model_0.npz,True,saved_per_model_table,,NA,NA,NA,-12.6,5.7e-10,96.0,saved_per_model_table,,NA,NA,results/15_affinity/prodigy_formal.csv,NA,saved_per_model_table,unknown_not_inferred_from_25C_column_name,0,0,15,18,/home/xinlab/home/ws/phase2/results/12_complex_prediction/formal/native_blind_seed7/boltz_results_native_blind/predictions/native_blind/native_blind_model_0.pdb,recomputed_existing_original_PDB_server_audit,passed,NA,NA,NA,8,0.12903225806451613,0.42105263157894735,native_blind,/home/xinlab/home/ws/phase2/results/12_complex_prediction/formal/native_blind_seed7/boltz_results_native_blind/predictions/native_blind/native_blind_model_0.pdb,True,passed,results/full181_supplement/baseline_audit/server_raw_model_audit.csv,/home/xinlab/home/ws/phase2/results/12_complex_prediction/formal/native_blind_seed7/boltz_results_native_blind/predictions/native_blind/native_blind_model_0.pdb
Native155,empty,8,results/13_interface_analysis/formal/complex_model_summary.csv,historical_saved_model_table,NA,0.6899762153625488,0.6374895572662354,0.5040265917778015,0.7364636063575745,NA,NA,NA,NA,NA,18,23,20,53;54;56;57;58;60;94;97;98;99;100;101;102;103;104;107;108;111,NA,NA,NA,1,NA,NA,NA,NA,NA,/home/xinlab/home/ws/phase2/results/12_complex_prediction/formal/native_blind_seed8/boltz_results_native_blind/predictions/native_blind/confidence_native_blind_model_0.json,/home/xinlab/home/ws/phase2/results/12_complex_prediction/formal/native_blind_seed8/boltz_results_native_blind/predictions/native_blind/pae_native_blind_model_0.npz,True,saved_per_model_table,,NA,NA,NA,-11.2,5.6e-09,75.0,saved_per_model_table,,NA,NA,results/15_affinity/prodigy_formal.csv,NA,saved_per_model_table,unknown_not_inferred_from_25C_column_name,0,0,4,4,/home/xinlab/home/ws/phase2/results/12_complex_prediction/formal/native_blind_seed8/boltz_results_native_blind/predictions/native_blind/native_blind_model_0.pdb,recomputed_existing_original_PDB_server_audit,passed,NA,NA,NA,6,0.0967741935483871,0.3333333333333333,native_blind,/home/xinlab/home/ws/phase2/results/12_complex_prediction/formal/native_blind_seed8/boltz_results_native_blind/predictions/native_blind/native_blind_model_0.pdb,True,passed,results/full181_supplement/baseline_audit/server_raw_model_audit.csv,/home/xinlab/home/ws/phase2/results/12_complex_prediction/formal/native_blind_seed8/boltz_results_native_blind/predictions/native_blind/native_blind_model_0.pdb
Native155,empty,9,results/13_interface_analysis/formal/complex_model_summary.csv,historical_saved_model_table,NA,0.691473662853241,0.6353908181190491,0.49978023767471313,0.7393969893455505,NA,NA,NA,NA,NA,26,26,23,57;58;59;60;61;62;63;64;65;98;99;100;101;103;104;106;107;108;110;111;112;114;115;117;118;125,NA,NA,NA,1,NA,NA,NA,NA,NA,/home/xinlab/home/ws/phase2/results/12_complex_prediction/formal/native_blind_seed9/boltz_results_native_blind/predictions/native_blind/confidence_native_blind_model_0.json,/home/xinlab/home/ws/phase2/results/12_complex_prediction/formal/native_blind_seed9/boltz_results_native_blind/predictions/native_blind/pae_native_blind_model_0.npz,True,saved_per_model_table,,NA,NA,NA,-14.6,2.1e-11,101.0,saved_per_model_table,,NA,NA,results/15_affinity/prodigy_formal.csv,NA,saved_per_model_table,unknown_not_inferred_from_25C_column_name,0,0,6,4,/home/xinlab/home/ws/phase2/results/12_complex_prediction/formal/native_blind_seed9/boltz_results_native_blind/predictions/native_blind/native_blind_model_0.pdb,recomputed_existing_original_PDB_server_audit,passed,NA,NA,NA,12,0.1935483870967742,0.46153846153846156,native_blind,/home/xinlab/home/ws/phase2/results/12_complex_prediction/formal/native_blind_seed9/boltz_results_native_blind/predictions/native_blind/native_blind_model_0.pdb,True,passed,results/full181_supplement/baseline_audit/server_raw_model_audit.csv,/home/xinlab/home/ws/phase2/results/12_complex_prediction/formal/native_blind_seed9/boltz_results_native_blind/predictions/native_blind/native_blind_model_0.pdb
Native155,empty,10,results/13_interface_analysis/formal/complex_model_summary.csv,historical_saved_model_table,NA,0.6864789128303528,0.6333643794059753,0.4956512451171875,0.7341858148574829,NA,NA,NA,NA,NA,24,27,22,57;58;59;61;62;63;64;65;66;99;103;104;106;107;108;110;111;114;115;117;118;121;122;125,NA,NA,NA,1,NA,NA,NA,NA,NA,/home/xinlab/home/ws/phase2/results/12_complex_prediction/formal/native_blind_seed10/boltz_results_native_blind/predictions/native_blind/confidence_native_blind_model_0.json,/home/xinlab/home/ws/phase2/results/12_complex_prediction/formal/native_blind_seed10/boltz_results_native_blind/predictions/native_blind/pae_native_blind_model_0.npz,True,saved_per_model_table,,NA,NA,NA,-13.2,1.9e-10,102.0,saved_per_model_table,,NA,NA,results/15_affinity/prodigy_formal.csv,NA,saved_per_model_table,unknown_not_inferred_from_25C_column_name,0,0,6,9,/home/xinlab/home/ws/phase2/results/12_complex_prediction/formal/native_blind_seed10/boltz_results_native_blind/predictions/native_blind/native_blind_model_0.pdb,recomputed_existing_original_PDB_server_audit,passed,NA,NA,NA,14,0.22580645161290322,0.5833333333333334,native_blind,/home/xinlab/home/ws/phase2/results/12_complex_prediction/formal/native_blind_seed10/boltz_results_native_blind/predictions/native_blind/native_blind_model_0.pdb,True,passed,results/full181_supplement/baseline_audit/server_raw_model_audit.csv,/home/xinlab/home/ws/phase2/results/12_complex_prediction/formal/native_blind_seed10/boltz_results_native_blind/predictions/native_blind/native_blind_model_0.pdb
Native155,empty,11,results/13_interface_analysis/formal/complex_model_summary.csv,historical_saved_model_table,NA,0.6947236657142639,0.6373445391654968,0.5014234185218811,0.7430487275123596,NA,NA,NA,NA,NA,25,28,26,58;59;62;65;98;99;100;101;103;104;106;107;110;113;114;117;118;120;121;156;159;163;164;166;168,NA,NA,NA,1,NA,NA,NA,NA,NA,/home/xinlab/home/ws/phase2/results/12_complex_prediction/formal/native_blind_seed11/boltz_results_native_blind/predictions/native_blind/confidence_native_blind_model_0.json,/home/xinlab/home/ws/phase2/results/12_complex_prediction/formal/native_blind_seed11/boltz_results_native_blind/predictions/native_blind/pae_native_blind_model_0.npz,True,saved_per_model_table,,NA,NA,NA,-14.6,1.8e-11,112.0,saved_per_model_table,,NA,NA,results/15_affinity/prodigy_formal.csv,NA,saved_per_model_table,unknown_not_inferred_from_25C_column_name,0,0,10,5,/home/xinlab/home/ws/phase2/results/12_complex_prediction/formal/native_blind_seed11/boltz_results_native_blind/predictions/native_blind/native_blind_model_0.pdb,recomputed_existing_original_PDB_server_audit,passed,NA,NA,NA,9,0.14516129032258066,0.36,native_blind,/home/xinlab/home/ws/phase2/results/12_complex_prediction/formal/native_blind_seed11/boltz_results_native_blind/predictions/native_blind/native_blind_model_0.pdb,True,passed,results/full181_supplement/baseline_audit/server_raw_model_audit.csv,/home/xinlab/home/ws/phase2/results/12_complex_prediction/formal/native_blind_seed11/boltz_results_native_blind/predictions/native_blind/native_blind_model_0.pdb
Native155,empty,12,results/13_interface_analysis/formal/complex_model_summary.csv,historical_saved_model_table,NA,0.7054558992385864,0.6432510614395142,0.5115033388137817,0.7539439797401428,NA,NA,NA,NA,NA,19,27,24,58;59;62;63;65;99;101;103;104;107;108;110;111;113;114;117;118;121;163,NA,NA,NA,1,NA,NA,NA,NA,NA,/home/xinlab/home/ws/phase2/results/12_complex_prediction/formal/native_blind_seed12/boltz_results_native_blind/predictions/native_blind/confidence_native_blind_model_0.json,/home/xinlab/home/ws/phase2/results/12_complex_prediction/formal/native_blind_seed12/boltz_results_native_blind/predictions/native_blind/pae_native_blind_model_0.npz,True,saved_per_model_table,,NA,NA,NA,-12.4,8.4e-10,89.0,saved_per_model_table,,NA,NA,results/15_affinity/prodigy_formal.csv,NA,saved_per_model_table,unknown_not_inferred_from_25C_column_name,0,0,5,3,/home/xinlab/home/ws/phase2/results/12_complex_prediction/formal/native_blind_seed12/boltz_results_native_blind/predictions/native_blind/native_blind_model_0.pdb,recomputed_existing_original_PDB_server_audit,passed,NA,NA,NA,8,0.12903225806451613,0.42105263157894735,native_blind,/home/xinlab/home/ws/phase2/results/12_complex_prediction/formal/native_blind_seed12/boltz_results_native_blind/predictions/native_blind/native_blind_model_0.pdb,True,passed,results/full181_supplement/baseline_audit/server_raw_model_audit.csv,/home/xinlab/home/ws/phase2/results/12_complex_prediction/formal/native_blind_seed12/boltz_results_native_blind/predictions/native_blind/native_blind_model_0.pdb
Native155,empty,13,results/13_interface_analysis/formal/complex_model_summary.csv,historical_saved_model_table,NA,0.6870423555374146,0.6395076513290405,0.503253698348999,0.732989490032196,NA,NA,NA,NA,NA,23,27,24,58;59;62;65;99;100;101;103;104;106;107;108;109;110;111;160;162;163;164;165;166;167;168,NA,NA,NA,1,NA,NA,NA,NA,NA,/home/xinlab/home/ws/phase2/results/12_complex_prediction/formal/native_blind_seed13/boltz_results_native_blind/predictions/native_blind/confidence_native_blind_model_0.json,/home/xinlab/home/ws/phase2/results/12_complex_prediction/formal/native_blind_seed13/boltz_results_native_blind/predictions/native_blind/pae_native_blind_model_0.npz,True,saved_per_model_table,,NA,NA,NA,-13.6,1e-10,97.0,saved_per_model_table,,NA,NA,results/15_affinity/prodigy_formal.csv,NA,saved_per_model_table,unknown_not_inferred_from_25C_column_name,0,0,7,7,/home/xinlab/home/ws/phase2/results/12_complex_prediction/formal/native_blind_seed13/boltz_results_native_blind/predictions/native_blind/native_blind_model_0.pdb,recomputed_existing_original_PDB_server_audit,passed,NA,NA,NA,4,0.06451612903225806,0.17391304347826086,native_blind,/home/xinlab/home/ws/phase2/results/12_complex_prediction/formal/native_blind_seed13/boltz_results_native_blind/predictions/native_blind/native_blind_model_0.pdb,True,passed,results/full181_supplement/baseline_audit/server_raw_model_audit.csv,/home/xinlab/home/ws/phase2/results/12_complex_prediction/formal/native_blind_seed13/boltz_results_native_blind/predictions/native_blind/native_blind_model_0.pdb
Native155,empty,14,results/13_interface_analysis/formal/complex_model_summary.csv,historical_saved_model_table,NA,0.7178917527198792,0.6569253206253052,0.5275940299034119,0.7654661536216736,NA,NA,NA,NA,NA,17,20,18,57;58;59;62;98;99;100;101;103;104;106;107;110;163;164;166;168,NA,NA,NA,1,NA,NA,NA,NA,NA,/home/xinlab/home/ws/phase2/results/12_complex_prediction/formal/native_blind_seed14/boltz_results_native_blind/predictions/native_blind/confidence_native_blind_model_0.json,/home/xinlab/home/ws/phase2/results/12_complex_prediction/formal/native_blind_seed14/boltz_results_native_blind/predictions/native_blind/pae_native_blind_model_0.npz,True,saved_per_model_table,,NA,NA,NA,-12.0,1.5e-09,75.0,saved_per_model_table,,NA,NA,results/15_affinity/prodigy_formal.csv,NA,saved_per_model_table,unknown_not_inferred_from_25C_column_name,0,0,7,9,/home/xinlab/home/ws/phase2/results/12_complex_prediction/formal/native_blind_seed14/boltz_results_native_blind/predictions/native_blind/native_blind_model_0.pdb,recomputed_existing_original_PDB_server_audit,passed,NA,NA,NA,4,0.06451612903225806,0.23529411764705882,native_blind,/home/xinlab/home/ws/phase2/results/12_complex_prediction/formal/native_blind_seed14/boltz_results_native_blind/predictions/native_blind/native_blind_model_0.pdb,True,passed,results/full181_supplement/baseline_audit/server_raw_model_audit.csv,/home/xinlab/home/ws/phase2/results/12_complex_prediction/formal/native_blind_seed14/boltz_results_native_blind/predictions/native_blind/native_blind_model_0.pdb
Native155,empty,15,results/13_interface_analysis/formal/complex_model_summary.csv,historical_saved_model_table,NA,0.6882089972496033,0.6366685032844543,0.5002343058586121,0.7352026700973511,NA,NA,NA,NA,NA,24,27,23,57;58;59;62;63;64;65;98;99;101;103;104;106;107;108;110;111;114;115;117;118;121;122;125,NA,NA,NA,1,NA,NA,NA,NA,NA,/home/xinlab/home/ws/phase2/results/12_complex_prediction/formal/native_blind_seed15/boltz_results_native_blind/predictions/native_blind/confidence_native_blind_model_0.json,/home/xinlab/home/ws/phase2/results/12_complex_prediction/formal/native_blind_seed15/boltz_results_native_blind/predictions/native_blind/pae_native_blind_model_0.npz,True,saved_per_model_table,,NA,NA,NA,-13.8,8.1e-11,102.0,saved_per_model_table,,NA,NA,results/15_affinity/prodigy_formal.csv,NA,saved_per_model_table,unknown_not_inferred_from_25C_column_name,0,0,8,11,/home/xinlab/home/ws/phase2/results/12_complex_prediction/formal/native_blind_seed15/boltz_results_native_blind/predictions/native_blind/native_blind_model_0.pdb,recomputed_existing_original_PDB_server_audit,passed,NA,NA,NA,12,0.1935483870967742,0.5,native_blind,/home/xinlab/home/ws/phase2/results/12_complex_prediction/formal/native_blind_seed15/boltz_results_native_blind/predictions/native_blind/native_blind_model_0.pdb,True,passed,results/full181_supplement/baseline_audit/server_raw_model_audit.csv,/home/xinlab/home/ws/phase2/results/12_complex_prediction/formal/native_blind_seed15/boltz_results_native_blind/predictions/native_blind/native_blind_model_0.pdb
Native155,formal_msa,1,results/13_interface_analysis/formal_msa/complex_model_summary.csv,historical_saved_model_table,NA,0.7790666818618774,0.6287649869918823,0.4915338158607483,0.8509498834609985,NA,NA,NA,NA,NA,23,25,24,37;89;92;93;96;97;100;101;104;107;108;109;110;112;113;116;117;120;121;123;124;125;127,NA,NA,NA,1,NA,NA,NA,NA,NA,/home/xinlab/home/ws/phase2/results/12_complex_prediction/formal_msa/native_blind_seed1/boltz_results_native_blind_msa/predictions/native_blind_msa/confidence_native_blind_msa_model_0.json,/home/xinlab/home/ws/phase2/results/12_complex_prediction/formal_msa/native_blind_seed1/boltz_results_native_blind_msa/predictions/native_blind_msa/pae_native_blind_msa_model_0.npz,True,saved_per_model_table,,NA,NA,NA,-13.2,2e-10,94.0,saved_per_model_table,,NA,NA,results/15_affinity/prodigy_formal_msa.csv,NA,saved_per_model_table,unknown_not_inferred_from_25C_column_name,0,0,0,4,/home/xinlab/home/ws/phase2/results/12_complex_prediction/formal_msa/native_blind_seed1/boltz_results_native_blind_msa/predictions/native_blind_msa/native_blind_msa_model_0.pdb,recomputed_existing_original_PDB_server_audit,passed,NA,NA,NA,7,0.11290322580645161,0.30434782608695654,native_blind,/home/xinlab/home/ws/phase2/results/12_complex_prediction/formal_msa/native_blind_seed1/boltz_results_native_blind_msa/predictions/native_blind_msa/native_blind_msa_model_0.pdb,True,passed,results/full181_supplement/baseline_audit/server_raw_model_audit.csv,/home/xinlab/home/ws/phase2/results/12_complex_prediction/formal_msa/native_blind_seed1/boltz_results_native_blind_msa/predictions/native_blind_msa/native_blind_msa_model_0.pdb
Native155,formal_msa,2,results/13_interface_analysis/formal_msa/complex_model_summary.csv,historical_saved_model_table,NA,0.783604085445404,0.6522470712661743,0.521126389503479,0.8492234349250793,NA,NA,NA,NA,NA,19,20,17,70;73;74;75;76;79;132;133;135;136;137;139;140;142;143;144;146;147;150,NA,NA,NA,1,NA,NA,NA,NA,NA,/home/xinlab/home/ws/phase2/results/12_complex_prediction/formal_msa/native_blind_seed2/boltz_results_native_blind_msa/predictions/native_blind_msa/confidence_native_blind_msa_model_0.json,/home/xinlab/home/ws/phase2/results/12_complex_prediction/formal_msa/native_blind_seed2/boltz_results_native_blind_msa/predictions/native_blind_msa/pae_native_blind_msa_model_0.npz,True,saved_per_model_table,,NA,NA,NA,-13.3,1.8e-10,78.0,saved_per_model_table,,NA,NA,results/15_affinity/prodigy_formal_msa.csv,NA,saved_per_model_table,unknown_not_inferred_from_25C_column_name,0,0,9,2,/home/xinlab/home/ws/phase2/results/12_complex_prediction/formal_msa/native_blind_seed2/boltz_results_native_blind_msa/predictions/native_blind_msa/native_blind_msa_model_0.pdb,recomputed_existing_original_PDB_server_audit,passed,NA,NA,NA,15,0.24193548387096775,0.7894736842105263,native_blind,/home/xinlab/home/ws/phase2/results/12_complex_prediction/formal_msa/native_blind_seed2/boltz_results_native_blind_msa/predictions/native_blind_msa/native_blind_msa_model_0.pdb,True,passed,results/full181_supplement/baseline_audit/server_raw_model_audit.csv,/home/xinlab/home/ws/phase2/results/12_complex_prediction/formal_msa/native_blind_seed2/boltz_results_native_blind_msa/predictions/native_blind_msa/native_blind_msa_model_0.pdb
Native155,formal_msa,3,results/13_interface_analysis/formal_msa/complex_model_summary.csv,historical_saved_model_table,NA,0.7899157404899597,0.6649861931800842,0.5363360047340393,0.8533107042312622,NA,NA,NA,NA,NA,17,26,22,28;29;79;132;133;135;136;138;139;140;142;143;144;146;147;149;150,NA,NA,NA,1,NA,NA,NA,NA,NA,/home/xinlab/home/ws/phase2/results/12_complex_prediction/formal_msa/native_blind_seed3/boltz_results_native_blind_msa/predictions/native_blind_msa/confidence_native_blind_msa_model_0.json,/home/xinlab/home/ws/phase2/results/12_complex_prediction/formal_msa/native_blind_seed3/boltz_results_native_blind_msa/predictions/native_blind_msa/pae_native_blind_msa_model_0.npz,True,saved_per_model_table,,NA,NA,NA,-12.6,6.1e-10,84.0,saved_per_model_table,,NA,NA,results/15_affinity/prodigy_formal_msa.csv,NA,saved_per_model_table,unknown_not_inferred_from_25C_column_name,0,0,1,3,/home/xinlab/home/ws/phase2/results/12_complex_prediction/formal_msa/native_blind_seed3/boltz_results_native_blind_msa/predictions/native_blind_msa/native_blind_msa_model_0.pdb,recomputed_existing_original_PDB_server_audit,passed,NA,NA,NA,13,0.20967741935483872,0.7647058823529411,native_blind,/home/xinlab/home/ws/phase2/results/12_complex_prediction/formal_msa/native_blind_seed3/boltz_results_native_blind_msa/predictions/native_blind_msa/native_blind_msa_model_0.pdb,True,passed,results/full181_supplement/baseline_audit/server_raw_model_audit.csv,/home/xinlab/home/ws/phase2/results/12_complex_prediction/formal_msa/native_blind_seed3/boltz_results_native_blind_msa/predictions/native_blind_msa/native_blind_msa_model_0.pdb
Native155,formal_msa,4,results/13_interface_analysis/formal_msa/complex_model_summary.csv,historical_saved_model_table,NA,0.8283976912498474,0.7795047163963318,0.7003403306007385,0.8604119420051575,NA,NA,NA,NA,NA,25,28,25,37;38;43;46;92;93;96;97;100;104;107;109;110;111;112;113;114;116;117;120;121;123;124;125;127,NA,NA,NA,1,NA,NA,NA,NA,NA,/home/xinlab/home/ws/phase2/results/12_complex_prediction/formal_msa/native_blind_seed4/boltz_results_native_blind_msa/predictions/native_blind_msa/confidence_native_blind_msa_model_0.json,/home/xinlab/home/ws/phase2/results/12_complex_prediction/formal_msa/native_blind_seed4/boltz_results_native_blind_msa/predictions/native_blind_msa/pae_native_blind_msa_model_0.npz,True,saved_per_model_table,,NA,NA,NA,-13.9,6.4e-11,115.0,saved_per_model_table,,NA,NA,results/15_affinity/prodigy_formal_msa.csv,NA,saved_per_model_table,unknown_not_inferred_from_25C_column_name,0,0,14,6,/home/xinlab/home/ws/phase2/results/12_complex_prediction/formal_msa/native_blind_seed4/boltz_results_native_blind_msa/predictions/native_blind_msa/native_blind_msa_model_0.pdb,recomputed_existing_original_PDB_server_audit,passed,NA,NA,NA,7,0.11290322580645161,0.28,native_blind,/home/xinlab/home/ws/phase2/results/12_complex_prediction/formal_msa/native_blind_seed4/boltz_results_native_blind_msa/predictions/native_blind_msa/native_blind_msa_model_0.pdb,True,passed,results/full181_supplement/baseline_audit/server_raw_model_audit.csv,/home/xinlab/home/ws/phase2/results/12_complex_prediction/formal_msa/native_blind_seed4/boltz_results_native_blind_msa/predictions/native_blind_msa/native_blind_msa_model_0.pdb
Native155,formal_msa,5,results/13_interface_analysis/formal_msa/complex_model_summary.csv,historical_saved_model_table,NA,0.7909510731697083,0.681363046169281,0.5501686930656433,0.8511466383934021,NA,NA,NA,NA,NA,14,22,17,86;130;132;135;136;139;140;142;143;146;147;149;150;153,NA,NA,NA,1,NA,NA,NA,NA,NA,/home/xinlab/home/ws/phase2/results/12_complex_prediction/formal_msa/native_blind_seed5/boltz_results_native_blind_msa/predictions/native_blind_msa/confidence_native_blind_msa_model_0.json,/home/xinlab/home/ws/phase2/results/12_complex_prediction/formal_msa/native_blind_seed5/boltz_results_native_blind_msa/predictions/native_blind_msa/pae_native_blind_msa_model_0.npz,True,saved_per_model_table,,NA,NA,NA,-11.9,1.8e-09,67.0,saved_per_model_table,,NA,NA,results/15_affinity/prodigy_formal_msa.csv,NA,saved_per_model_table,unknown_not_inferred_from_25C_column_name,0,0,5,9,/home/xinlab/home/ws/phase2/results/12_complex_prediction/formal_msa/native_blind_seed5/boltz_results_native_blind_msa/predictions/native_blind_msa/native_blind_msa_model_0.pdb,recomputed_existing_original_PDB_server_audit,passed,NA,NA,NA,12,0.1935483870967742,0.8571428571428571,native_blind,/home/xinlab/home/ws/phase2/results/12_complex_prediction/formal_msa/native_blind_seed5/boltz_results_native_blind_msa/predictions/native_blind_msa/native_blind_msa_model_0.pdb,True,passed,results/full181_supplement/baseline_audit/server_raw_model_audit.csv,/home/xinlab/home/ws/phase2/results/12_complex_prediction/formal_msa/native_blind_seed5/boltz_results_native_blind_msa/predictions/native_blind_msa/native_blind_msa_model_0.pdb
Native155,formal_msa,6,results/13_interface_analysis/formal_msa/complex_model_summary.csv,historical_saved_model_table,NA,0.7803556323051453,0.6565068960189819,0.5242770314216614,0.8443753123283386,NA,NA,NA,NA,NA,15,22,20,70;130;132;135;136;139;140;142;143;144;146;147;149;150;153,NA,NA,NA,1,NA,NA,NA,NA,NA,/home/xinlab/home/ws/phase2/results/12_complex_prediction/formal_msa/native_blind_seed6/boltz_results_native_blind_msa/predictions/native_blind_msa/confidence_native_blind_msa_model_0.json,/home/xinlab/home/ws/phase2/results/12_complex_prediction/formal_msa/native_blind_seed6/boltz_results_native_blind_msa/predictions/native_blind_msa/pae_native_blind_msa_model_0.npz,True,saved_per_model_table,,NA,NA,NA,-10.9,9.5e-09,68.0,saved_per_model_table,,NA,NA,results/15_affinity/prodigy_formal_msa.csv,NA,saved_per_model_table,unknown_not_inferred_from_25C_column_name,0,0,0,11,/home/xinlab/home/ws/phase2/results/12_complex_prediction/formal_msa/native_blind_seed6/boltz_results_native_blind_msa/predictions/native_blind_msa/native_blind_msa_model_0.pdb,recomputed_existing_original_PDB_server_audit,passed,NA,NA,NA,14,0.22580645161290322,0.9333333333333333,native_blind,/home/xinlab/home/ws/phase2/results/12_complex_prediction/formal_msa/native_blind_seed6/boltz_results_native_blind_msa/predictions/native_blind_msa/native_blind_msa_model_0.pdb,True,passed,results/full181_supplement/baseline_audit/server_raw_model_audit.csv,/home/xinlab/home/ws/phase2/results/12_complex_prediction/formal_msa/native_blind_seed6/boltz_results_native_blind_msa/predictions/native_blind_msa/native_blind_msa_model_0.pdb
Native155,formal_msa,7,results/13_interface_analysis/formal_msa/complex_model_summary.csv,historical_saved_model_table,NA,0.8141912817955017,0.7352203130722046,0.6269111037254333,0.8610113263130188,NA,NA,NA,NA,NA,17,26,21,27;130;132;135;136;137;139;140;142;143;144;145;146;147;149;150;153,NA,NA,NA,1,NA,NA,NA,NA,NA,/home/xinlab/home/ws/phase2/results/12_complex_prediction/formal_msa/native_blind_seed7/boltz_results_native_blind_msa/predictions/native_blind_msa/confidence_native_blind_msa_model_0.json,/home/xinlab/home/ws/phase2/results/12_complex_prediction/formal_msa/native_blind_seed7/boltz_results_native_blind_msa/predictions/native_blind_msa/pae_native_blind_msa_model_0.npz,True,saved_per_model_table,,NA,NA,NA,-10.8,1.2e-08,77.0,saved_per_model_table,,NA,NA,results/15_affinity/prodigy_formal_msa.csv,NA,saved_per_model_table,unknown_not_inferred_from_25C_column_name,0,0,1,2,/home/xinlab/home/ws/phase2/results/12_complex_prediction/formal_msa/native_blind_seed7/boltz_results_native_blind_msa/predictions/native_blind_msa/native_blind_msa_model_0.pdb,recomputed_existing_original_PDB_server_audit,passed,NA,NA,NA,15,0.24193548387096775,0.8823529411764706,native_blind,/home/xinlab/home/ws/phase2/results/12_complex_prediction/formal_msa/native_blind_seed7/boltz_results_native_blind_msa/predictions/native_blind_msa/native_blind_msa_model_0.pdb,True,passed,results/full181_supplement/baseline_audit/server_raw_model_audit.csv,/home/xinlab/home/ws/phase2/results/12_complex_prediction/formal_msa/native_blind_seed7/boltz_results_native_blind_msa/predictions/native_blind_msa/native_blind_msa_model_0.pdb
Native155,formal_msa,8,results/13_interface_analysis/formal_msa/complex_model_summary.csv,historical_saved_model_table,NA,0.7838913798332214,0.6563702821731567,0.5274786353111267,0.8479945659637451,NA,NA,NA,NA,NA,19,26,24,92;93;96;97;98;100;101;102;104;107;109;110;112;113;114;116;117;120;121,NA,NA,NA,1,NA,NA,NA,NA,NA,/home/xinlab/home/ws/phase2/results/12_complex_prediction/formal_msa/native_blind_seed8/boltz_results_native_blind_msa/predictions/native_blind_msa/confidence_native_blind_msa_model_0.json,/home/xinlab/home/ws/phase2/results/12_complex_prediction/formal_msa/native_blind_seed8/boltz_results_native_blind_msa/predictions/native_blind_msa/pae_native_blind_msa_model_0.npz,True,saved_per_model_table,,NA,NA,NA,-13.0,2.9e-10,94.0,saved_per_model_table,,NA,NA,results/15_affinity/prodigy_formal_msa.csv,NA,saved_per_model_table,unknown_not_inferred_from_25C_column_name,0,0,6,2,/home/xinlab/home/ws/phase2/results/12_complex_prediction/formal_msa/native_blind_seed8/boltz_results_native_blind_msa/predictions/native_blind_msa/native_blind_msa_model_0.pdb,recomputed_existing_original_PDB_server_audit,passed,NA,NA,NA,3,0.04838709677419355,0.15789473684210525,native_blind,/home/xinlab/home/ws/phase2/results/12_complex_prediction/formal_msa/native_blind_seed8/boltz_results_native_blind_msa/predictions/native_blind_msa/native_blind_msa_model_0.pdb,True,passed,results/full181_supplement/baseline_audit/server_raw_model_audit.csv,/home/xinlab/home/ws/phase2/results/12_complex_prediction/formal_msa/native_blind_seed8/boltz_results_native_blind_msa/predictions/native_blind_msa/native_blind_msa_model_0.pdb
Native155,formal_msa,9,results/13_interface_analysis/formal_msa/complex_model_summary.csv,historical_saved_model_table,NA,0.7823625206947327,0.6583031415939331,0.5265651345252991,0.8463118672370911,NA,NA,NA,NA,NA,15,21,16,70;73;132;135;136;138;139;140;142;143;144;146;147;149;150,NA,NA,NA,1,NA,NA,NA,NA,NA,/home/xinlab/home/ws/phase2/results/12_complex_prediction/formal_msa/native_blind_seed9/boltz_results_native_blind_msa/predictions/native_blind_msa/confidence_native_blind_msa_model_0.json,/home/xinlab/home/ws/phase2/results/12_complex_prediction/formal_msa/native_blind_seed9/boltz_results_native_blind_msa/predictions/native_blind_msa/pae_native_blind_msa_model_0.npz,True,saved_per_model_table,,NA,NA,NA,-12.7,4.5e-10,74.0,saved_per_model_table,,NA,NA,results/15_affinity/prodigy_formal_msa.csv,NA,saved_per_model_table,unknown_not_inferred_from_25C_column_name,0,0,0,5,/home/xinlab/home/ws/phase2/results/12_complex_prediction/formal_msa/native_blind_seed9/boltz_results_native_blind_msa/predictions/native_blind_msa/native_blind_msa_model_0.pdb,recomputed_existing_original_PDB_server_audit,passed,NA,NA,NA,14,0.22580645161290322,0.9333333333333333,native_blind,/home/xinlab/home/ws/phase2/results/12_complex_prediction/formal_msa/native_blind_seed9/boltz_results_native_blind_msa/predictions/native_blind_msa/native_blind_msa_model_0.pdb,True,passed,results/full181_supplement/baseline_audit/server_raw_model_audit.csv,/home/xinlab/home/ws/phase2/results/12_complex_prediction/formal_msa/native_blind_seed9/boltz_results_native_blind_msa/predictions/native_blind_msa/native_blind_msa_model_0.pdb
Native155,formal_msa,10,results/13_interface_analysis/formal_msa/complex_model_summary.csv,historical_saved_model_table,NA,0.7803854942321777,0.6561410427093506,0.523788332939148,0.8445347547531128,NA,NA,NA,NA,NA,15,21,18,70;71;73;74;135;136;137;139;140;143;144;146;147;149;150,NA,NA,NA,1,NA,NA,NA,NA,NA,/home/xinlab/home/ws/phase2/results/12_complex_prediction/formal_msa/native_blind_seed10/boltz_results_native_blind_msa/predictions/native_blind_msa/confidence_native_blind_msa_model_0.json,/home/xinlab/home/ws/phase2/results/12_complex_prediction/formal_msa/native_blind_seed10/boltz_results_native_blind_msa/predictions/native_blind_msa/pae_native_blind_msa_model_0.npz,True,saved_per_model_table,,NA,NA,NA,-13.5,1.3e-10,76.0,saved_per_model_table,,NA,NA,results/15_affinity/prodigy_formal_msa.csv,NA,saved_per_model_table,unknown_not_inferred_from_25C_column_name,0,0,6,7,/home/xinlab/home/ws/phase2/results/12_complex_prediction/formal_msa/native_blind_seed10/boltz_results_native_blind_msa/predictions/native_blind_msa/native_blind_msa_model_0.pdb,recomputed_existing_original_PDB_server_audit,passed,NA,NA,NA,15,0.24193548387096775,1.0,native_blind,/home/xinlab/home/ws/phase2/results/12_complex_prediction/formal_msa/native_blind_seed10/boltz_results_native_blind_msa/predictions/native_blind_msa/native_blind_msa_model_0.pdb,True,passed,results/full181_supplement/baseline_audit/server_raw_model_audit.csv,/home/xinlab/home/ws/phase2/results/12_complex_prediction/formal_msa/native_blind_seed10/boltz_results_native_blind_msa/predictions/native_blind_msa/native_blind_msa_model_0.pdb
Native155,formal_msa,11,results/13_interface_analysis/formal_msa/complex_model_summary.csv,historical_saved_model_table,NA,0.7913171648979187,0.6763505339622498,0.5480004549026489,0.852146327495575,NA,NA,NA,NA,NA,14,25,21,27;28;132;135;136;139;140;142;143;144;146;147;149;150,NA,NA,NA,1,NA,NA,NA,NA,NA,/home/xinlab/home/ws/phase2/results/12_complex_prediction/formal_msa/native_blind_seed11/boltz_results_native_blind_msa/predictions/native_blind_msa/confidence_native_blind_msa_model_0.json,/home/xinlab/home/ws/phase2/results/12_complex_prediction/formal_msa/native_blind_seed11/boltz_results_native_blind_msa/predictions/native_blind_msa/pae_native_blind_msa_model_0.npz,True,saved_per_model_table,,NA,NA,NA,-12.6,5.5e-10,80.0,saved_per_model_table,,NA,NA,results/15_affinity/prodigy_formal_msa.csv,NA,saved_per_model_table,unknown_not_inferred_from_25C_column_name,0,0,8,1,/home/xinlab/home/ws/phase2/results/12_complex_prediction/formal_msa/native_blind_seed11/boltz_results_native_blind_msa/predictions/native_blind_msa/native_blind_msa_model_0.pdb,recomputed_existing_original_PDB_server_audit,passed,NA,NA,NA,11,0.1774193548387097,0.7857142857142857,native_blind,/home/xinlab/home/ws/phase2/results/12_complex_prediction/formal_msa/native_blind_seed11/boltz_results_native_blind_msa/predictions/native_blind_msa/native_blind_msa_model_0.pdb,True,passed,results/full181_supplement/baseline_audit/server_raw_model_audit.csv,/home/xinlab/home/ws/phase2/results/12_complex_prediction/formal_msa/native_blind_seed11/boltz_results_native_blind_msa/predictions/native_blind_msa/native_blind_msa_model_0.pdb
Native155,formal_msa,12,results/13_interface_analysis/formal_msa/complex_model_summary.csv,historical_saved_model_table,NA,0.7881364822387695,0.6627393960952759,0.5304901003837585,0.8525480628013611,NA,NA,NA,NA,NA,17,22,19,27;28;73;74;79;132;135;136;138;139;140;142;143;144;146;147;150,NA,NA,NA,1,NA,NA,NA,NA,NA,/home/xinlab/home/ws/phase2/results/12_complex_prediction/formal_msa/native_blind_seed12/boltz_results_native_blind_msa/predictions/native_blind_msa/confidence_native_blind_msa_model_0.json,/home/xinlab/home/ws/phase2/results/12_complex_prediction/formal_msa/native_blind_seed12/boltz_results_native_blind_msa/predictions/native_blind_msa/pae_native_blind_msa_model_0.npz,True,saved_per_model_table,,NA,NA,NA,-11.9,1.8e-09,78.0,saved_per_model_table,,NA,NA,results/15_affinity/prodigy_formal_msa.csv,NA,saved_per_model_table,unknown_not_inferred_from_25C_column_name,0,0,1,4,/home/xinlab/home/ws/phase2/results/12_complex_prediction/formal_msa/native_blind_seed12/boltz_results_native_blind_msa/predictions/native_blind_msa/native_blind_msa_model_0.pdb,recomputed_existing_original_PDB_server_audit,passed,NA,NA,NA,13,0.20967741935483872,0.7647058823529411,native_blind,/home/xinlab/home/ws/phase2/results/12_complex_prediction/formal_msa/native_blind_seed12/boltz_results_native_blind_msa/predictions/native_blind_msa/native_blind_msa_model_0.pdb,True,passed,results/full181_supplement/baseline_audit/server_raw_model_audit.csv,/home/xinlab/home/ws/phase2/results/12_complex_prediction/formal_msa/native_blind_seed12/boltz_results_native_blind_msa/predictions/native_blind_msa/native_blind_msa_model_0.pdb
Native155,formal_msa,13,results/13_interface_analysis/formal_msa/complex_model_summary.csv,historical_saved_model_table,NA,0.795452892780304,0.6951857805252075,0.570554792881012,0.851677417755127,NA,NA,NA,NA,NA,16,24,21,82;86;130;132;135;136;138;139;140;142;143;146;147;149;150;153,NA,NA,NA,1,NA,NA,NA,NA,NA,/home/xinlab/home/ws/phase2/results/12_complex_prediction/formal_msa/native_blind_seed13/boltz_results_native_blind_msa/predictions/native_blind_msa/confidence_native_blind_msa_model_0.json,/home/xinlab/home/ws/phase2/results/12_complex_prediction/formal_msa/native_blind_seed13/boltz_results_native_blind_msa/predictions/native_blind_msa/pae_native_blind_msa_model_0.npz,True,saved_per_model_table,,NA,NA,NA,-12.2,1.1e-09,74.0,saved_per_model_table,,NA,NA,results/15_affinity/prodigy_formal_msa.csv,NA,saved_per_model_table,unknown_not_inferred_from_25C_column_name,0,0,5,7,/home/xinlab/home/ws/phase2/results/12_complex_prediction/formal_msa/native_blind_seed13/boltz_results_native_blind_msa/predictions/native_blind_msa/native_blind_msa_model_0.pdb,recomputed_existing_original_PDB_server_audit,passed,NA,NA,NA,13,0.20967741935483872,0.8125,native_blind,/home/xinlab/home/ws/phase2/results/12_complex_prediction/formal_msa/native_blind_seed13/boltz_results_native_blind_msa/predictions/native_blind_msa/native_blind_msa_model_0.pdb,True,passed,results/full181_supplement/baseline_audit/server_raw_model_audit.csv,/home/xinlab/home/ws/phase2/results/12_complex_prediction/formal_msa/native_blind_seed13/boltz_results_native_blind_msa/predictions/native_blind_msa/native_blind_msa_model_0.pdb
Native155,formal_msa,14,results/13_interface_analysis/formal_msa/complex_model_summary.csv,historical_saved_model_table,NA,0.7892586588859558,0.6645764112472534,0.532585859298706,0.8534268140792847,NA,NA,NA,NA,NA,12,17,15,27;132;135;136;138;139;140;142;143;146;147;149,NA,NA,NA,1,NA,NA,NA,NA,NA,/home/xinlab/home/ws/phase2/results/12_complex_prediction/formal_msa/native_blind_seed14/boltz_results_native_blind_msa/predictions/native_blind_msa/confidence_native_blind_msa_model_0.json,/home/xinlab/home/ws/phase2/results/12_complex_prediction/formal_msa/native_blind_seed14/boltz_results_native_blind_msa/predictions/native_blind_msa/pae_native_blind_msa_model_0.npz,True,saved_per_model_table,,NA,NA,NA,-11.0,8.9e-09,64.0,saved_per_model_table,,NA,NA,results/15_affinity/prodigy_formal_msa.csv,NA,saved_per_model_table,unknown_not_inferred_from_25C_column_name,0,0,0,1,/home/xinlab/home/ws/phase2/results/12_complex_prediction/formal_msa/native_blind_seed14/boltz_results_native_blind_msa/predictions/native_blind_msa/native_blind_msa_model_0.pdb,recomputed_existing_original_PDB_server_audit,passed,NA,NA,NA,10,0.16129032258064516,0.8333333333333334,native_blind,/home/xinlab/home/ws/phase2/results/12_complex_prediction/formal_msa/native_blind_seed14/boltz_results_native_blind_msa/predictions/native_blind_msa/native_blind_msa_model_0.pdb,True,passed,results/full181_supplement/baseline_audit/server_raw_model_audit.csv,/home/xinlab/home/ws/phase2/results/12_complex_prediction/formal_msa/native_blind_seed14/boltz_results_native_blind_msa/predictions/native_blind_msa/native_blind_msa_model_0.pdb
Native155,formal_msa,15,results/13_interface_analysis/formal_msa/complex_model_summary.csv,historical_saved_model_table,NA,0.7835788726806641,0.6610739827156067,0.5301393270492554,0.8469387888908386,NA,NA,NA,NA,NA,16,18,16,70;79;132;133;135;136;137;138;139;140;142;143;144;146;147;150,NA,NA,NA,1,NA,NA,NA,NA,NA,/home/xinlab/home/ws/phase2/results/12_complex_prediction/formal_msa/native_blind_seed15/boltz_results_native_blind_msa/predictions/native_blind_msa/confidence_native_blind_msa_model_0.json,/home/xinlab/home/ws/phase2/results/12_complex_prediction/formal_msa/native_blind_seed15/boltz_results_native_blind_msa/predictions/native_blind_msa/pae_native_blind_msa_model_0.npz,True,saved_per_model_table,,NA,NA,NA,-11.8,2.2e-09,69.0,saved_per_model_table,,NA,NA,results/15_affinity/prodigy_formal_msa.csv,NA,saved_per_model_table,unknown_not_inferred_from_25C_column_name,0,0,2,6,/home/xinlab/home/ws/phase2/results/12_complex_prediction/formal_msa/native_blind_seed15/boltz_results_native_blind_msa/predictions/native_blind_msa/native_blind_msa_model_0.pdb,recomputed_existing_original_PDB_server_audit,passed,NA,NA,NA,14,0.22580645161290322,0.875,native_blind,/home/xinlab/home/ws/phase2/results/12_complex_prediction/formal_msa/native_blind_seed15/boltz_results_native_blind_msa/predictions/native_blind_msa/native_blind_msa_model_0.pdb,True,passed,results/full181_supplement/baseline_audit/server_raw_model_audit.csv,/home/xinlab/home/ws/phase2/results/12_complex_prediction/formal_msa/native_blind_seed15/boltz_results_native_blind_msa/predictions/native_blind_msa/native_blind_msa_model_0.pdb
Immunogen134,empty,1,results/13_interface_analysis/formal/complex_model_summary.csv,historical_saved_model_table,NA,0.7183051109313965,0.6724313497543335,0.5404946208000183,0.7627577185630798,NA,NA,NA,NA,NA,25,25,23,55;56;57;58;59;61;62;63;65;66;68;106;107;109;110;111;113;114;117;118;120;150;151;154;158,NA,NA,NA,1,NA,NA,NA,NA,NA,/home/xinlab/home/ws/phase2/results/12_complex_prediction/formal/immunogen_blind_seed1/boltz_results_immunogen_blind/predictions/immunogen_blind/confidence_immunogen_blind_model_0.json,/home/xinlab/home/ws/phase2/results/12_complex_prediction/formal/immunogen_blind_seed1/boltz_results_immunogen_blind/predictions/immunogen_blind/pae_immunogen_blind_model_0.npz,True,saved_per_model_table,,NA,NA,NA,-16.7,5.5e-13,114.0,saved_per_model_table,,NA,NA,results/15_affinity/prodigy_formal.csv,NA,saved_per_model_table,unknown_not_inferred_from_25C_column_name,0,0,7,1,/home/xinlab/home/ws/phase2/results/12_complex_prediction/formal/immunogen_blind_seed1/boltz_results_immunogen_blind/predictions/immunogen_blind/immunogen_blind_model_0.pdb,recomputed_existing_original_PDB_server_audit,passed,NA,NA,NA,17,0.27419354838709675,0.68,immunogen_blind,/home/xinlab/home/ws/phase2/results/12_complex_prediction/formal/immunogen_blind_seed1/boltz_results_immunogen_blind/predictions/immunogen_blind/immunogen_blind_model_0.pdb,True,passed,results/full181_supplement/baseline_audit/server_raw_model_audit.csv,/home/xinlab/home/ws/phase2/results/12_complex_prediction/formal/immunogen_blind_seed1/boltz_results_immunogen_blind/predictions/immunogen_blind/immunogen_blind_model_0.pdb
Immunogen134,empty,2,results/13_interface_analysis/formal/complex_model_summary.csv,historical_saved_model_table,NA,0.6901775598526001,0.6688528060913086,0.5353111028671265,0.7288941740989685,NA,NA,NA,NA,NA,29,28,24,38;39;40;42;43;45;46;49;50;52;53;68;69;70;73;131;133;134;135;136;137;139;142;143;145;146;149;153;156,NA,NA,NA,1,NA,NA,NA,NA,NA,/home/xinlab/home/ws/phase2/results/12_complex_prediction/formal/immunogen_blind_seed2/boltz_results_immunogen_blind/predictions/immunogen_blind/confidence_immunogen_blind_model_0.json,/home/xinlab/home/ws/phase2/results/12_complex_prediction/formal/immunogen_blind_seed2/boltz_results_immunogen_blind/predictions/immunogen_blind/pae_immunogen_blind_model_0.npz,True,saved_per_model_table,,NA,NA,NA,-12.5,6.6e-10,107.0,saved_per_model_table,,NA,NA,results/15_affinity/prodigy_formal.csv,NA,saved_per_model_table,unknown_not_inferred_from_25C_column_name,0,0,6,18,/home/xinlab/home/ws/phase2/results/12_complex_prediction/formal/immunogen_blind_seed2/boltz_results_immunogen_blind/predictions/immunogen_blind/immunogen_blind_model_0.pdb,recomputed_existing_original_PDB_server_audit,passed,NA,NA,NA,19,0.3064516129032258,0.6551724137931034,immunogen_blind,/home/xinlab/home/ws/phase2/results/12_complex_prediction/formal/immunogen_blind_seed2/boltz_results_immunogen_blind/predictions/immunogen_blind/immunogen_blind_model_0.pdb,True,passed,results/full181_supplement/baseline_audit/server_raw_model_audit.csv,/home/xinlab/home/ws/phase2/results/12_complex_prediction/formal/immunogen_blind_seed2/boltz_results_immunogen_blind/predictions/immunogen_blind/immunogen_blind_model_0.pdb
Immunogen134,empty,3,results/13_interface_analysis/formal/complex_model_summary.csv,historical_saved_model_table,NA,0.7006611227989197,0.6603158116340637,0.5249667167663574,0.7445846796035767,NA,NA,NA,NA,NA,26,30,25,59;60;62;63;64;65;66;67;68;114;116;117;118;120;121;123;124;125;127;128;132;140;143;144;147;150,NA,NA,NA,1,NA,NA,NA,NA,NA,/home/xinlab/home/ws/phase2/results/12_complex_prediction/formal/immunogen_blind_seed3/boltz_results_immunogen_blind/predictions/immunogen_blind/confidence_immunogen_blind_model_0.json,/home/xinlab/home/ws/phase2/results/12_complex_prediction/formal/immunogen_blind_seed3/boltz_results_immunogen_blind/predictions/immunogen_blind/pae_immunogen_blind_model_0.npz,True,saved_per_model_table,,NA,NA,NA,-15.3,6.4e-12,119.0,saved_per_model_table,,NA,NA,results/15_affinity/prodigy_formal.csv,NA,saved_per_model_table,unknown_not_inferred_from_25C_column_name,0,0,6,14,/home/xinlab/home/ws/phase2/results/12_complex_prediction/formal/immunogen_blind_seed3/boltz_results_immunogen_blind/predictions/immunogen_blind/immunogen_blind_model_0.pdb,recomputed_existing_original_PDB_server_audit,passed,NA,NA,NA,24,0.3870967741935484,0.9230769230769231,immunogen_blind,/home/xinlab/home/ws/phase2/results/12_complex_prediction/formal/immunogen_blind_seed3/boltz_results_immunogen_blind/predictions/immunogen_blind/immunogen_blind_model_0.pdb,True,passed,results/full181_supplement/baseline_audit/server_raw_model_audit.csv,/home/xinlab/home/ws/phase2/results/12_complex_prediction/formal/immunogen_blind_seed3/boltz_results_immunogen_blind/predictions/immunogen_blind/immunogen_blind_model_0.pdb
Immunogen134,empty,4,results/13_interface_analysis/formal/complex_model_summary.csv,historical_saved_model_table,NA,0.6893463730812073,0.6711093783378601,0.5402893424034119,0.7266106009483337,NA,NA,NA,NA,NA,32,34,28,58;62;65;69;70;73;109;110;111;112;113;114;117;118;120;121;124;125;127;133;134;135;136;137;142;145;146;149;150;152;153;156,NA,NA,NA,1,NA,NA,NA,NA,NA,/home/xinlab/home/ws/phase2/results/12_complex_prediction/formal/immunogen_blind_seed4/boltz_results_immunogen_blind/predictions/immunogen_blind/confidence_immunogen_blind_model_0.json,/home/xinlab/home/ws/phase2/results/12_complex_prediction/formal/immunogen_blind_seed4/boltz_results_immunogen_blind/predictions/immunogen_blind/pae_immunogen_blind_model_0.npz,True,saved_per_model_table,,NA,NA,NA,-15.0,9.2e-12,147.0,saved_per_model_table,,NA,NA,results/15_affinity/prodigy_formal.csv,NA,saved_per_model_table,unknown_not_inferred_from_25C_column_name,0,0,7,13,/home/xinlab/home/ws/phase2/results/12_complex_prediction/formal/immunogen_blind_seed4/boltz_results_immunogen_blind/predictions/immunogen_blind/immunogen_blind_model_0.pdb,recomputed_existing_original_PDB_server_audit,passed,NA,NA,NA,25,0.4032258064516129,0.78125,immunogen_blind,/home/xinlab/home/ws/phase2/results/12_complex_prediction/formal/immunogen_blind_seed4/boltz_results_immunogen_blind/predictions/immunogen_blind/immunogen_blind_model_0.pdb,True,passed,results/full181_supplement/baseline_audit/server_raw_model_audit.csv,/home/xinlab/home/ws/phase2/results/12_complex_prediction/formal/immunogen_blind_seed4/boltz_results_immunogen_blind/predictions/immunogen_blind/immunogen_blind_model_0.pdb
Immunogen134,empty,5,results/13_interface_analysis/formal/complex_model_summary.csv,historical_saved_model_table,NA,0.692043662071228,0.6628353595733643,0.5265524387359619,0.7334164381027222,NA,NA,NA,NA,NA,26,29,26,27;28;29;58;59;62;63;106;107;109;110;113;114;117;118;121;142;146;149;150;152;153;154;156;157;160,NA,NA,NA,1,NA,NA,NA,NA,NA,/home/xinlab/home/ws/phase2/results/12_complex_prediction/formal/immunogen_blind_seed5/boltz_results_immunogen_blind/predictions/immunogen_blind/confidence_immunogen_blind_model_0.json,/home/xinlab/home/ws/phase2/results/12_complex_prediction/formal/immunogen_blind_seed5/boltz_results_immunogen_blind/predictions/immunogen_blind/pae_immunogen_blind_model_0.npz,True,saved_per_model_table,,NA,NA,NA,-15.2,6.8e-12,112.0,saved_per_model_table,,NA,NA,results/15_affinity/prodigy_formal.csv,NA,saved_per_model_table,unknown_not_inferred_from_25C_column_name,0,0,12,7,/home/xinlab/home/ws/phase2/results/12_complex_prediction/formal/immunogen_blind_seed5/boltz_results_immunogen_blind/predictions/immunogen_blind/immunogen_blind_model_0.pdb,recomputed_existing_original_PDB_server_audit,passed,NA,NA,NA,15,0.24193548387096775,0.5769230769230769,immunogen_blind,/home/xinlab/home/ws/phase2/results/12_complex_prediction/formal/immunogen_blind_seed5/boltz_results_immunogen_blind/predictions/immunogen_blind/immunogen_blind_model_0.pdb,True,passed,results/full181_supplement/baseline_audit/server_raw_model_audit.csv,/home/xinlab/home/ws/phase2/results/12_complex_prediction/formal/immunogen_blind_seed5/boltz_results_immunogen_blind/predictions/immunogen_blind/immunogen_blind_model_0.pdb
Immunogen134,empty,6,results/13_interface_analysis/formal/complex_model_summary.csv,historical_saved_model_table,NA,0.6987026333808899,0.6757540702819824,0.5450887084007263,0.7371060848236084,NA,NA,NA,NA,NA,30,29,25,56;57;58;59;60;61;62;63;64;65;66;79;82;83;86;87;90;91;94;97;98;133;134;135;136;137;142;145;149;153,NA,NA,NA,1,NA,NA,NA,NA,NA,/home/xinlab/home/ws/phase2/results/12_complex_prediction/formal/immunogen_blind_seed6/boltz_results_immunogen_blind/predictions/immunogen_blind/confidence_immunogen_blind_model_0.json,/home/xinlab/home/ws/phase2/results/12_complex_prediction/formal/immunogen_blind_seed6/boltz_results_immunogen_blind/predictions/immunogen_blind/pae_immunogen_blind_model_0.npz,True,saved_per_model_table,,NA,NA,NA,-14.3,3.3e-11,115.0,saved_per_model_table,,NA,NA,results/15_affinity/prodigy_formal.csv,NA,saved_per_model_table,unknown_not_inferred_from_25C_column_name,0,0,11,9,/home/xinlab/home/ws/phase2/results/12_complex_prediction/formal/immunogen_blind_seed6/boltz_results_immunogen_blind/predictions/immunogen_blind/immunogen_blind_model_0.pdb,recomputed_existing_original_PDB_server_audit,passed,NA,NA,NA,19,0.3064516129032258,0.6333333333333333,immunogen_blind,/home/xinlab/home/ws/phase2/results/12_complex_prediction/formal/immunogen_blind_seed6/boltz_results_immunogen_blind/predictions/immunogen_blind/immunogen_blind_model_0.pdb,True,passed,results/full181_supplement/baseline_audit/server_raw_model_audit.csv,/home/xinlab/home/ws/phase2/results/12_complex_prediction/formal/immunogen_blind_seed6/boltz_results_immunogen_blind/predictions/immunogen_blind/immunogen_blind_model_0.pdb
Immunogen134,empty,7,results/13_interface_analysis/formal/complex_model_summary.csv,historical_saved_model_table,NA,0.6933543086051941,0.670498251914978,0.5389543771743774,0.7319542765617371,NA,NA,NA,NA,NA,31,30,26,27;28;29;30;31;32;33;78;79;82;83;85;86;89;90;92;93;94;97;130;133;134;135;136;137;139;142;145;146;149;153,NA,NA,NA,1,NA,NA,NA,NA,NA,/home/xinlab/home/ws/phase2/results/12_complex_prediction/formal/immunogen_blind_seed7/boltz_results_immunogen_blind/predictions/immunogen_blind/confidence_immunogen_blind_model_0.json,/home/xinlab/home/ws/phase2/results/12_complex_prediction/formal/immunogen_blind_seed7/boltz_results_immunogen_blind/predictions/immunogen_blind/pae_immunogen_blind_model_0.npz,True,saved_per_model_table,,NA,NA,NA,-15.4,5e-12,123.0,saved_per_model_table,,NA,NA,results/15_affinity/prodigy_formal.csv,NA,saved_per_model_table,unknown_not_inferred_from_25C_column_name,0,0,6,11,/home/xinlab/home/ws/phase2/results/12_complex_prediction/formal/immunogen_blind_seed7/boltz_results_immunogen_blind/predictions/immunogen_blind/immunogen_blind_model_0.pdb,recomputed_existing_original_PDB_server_audit,passed,NA,NA,NA,11,0.1774193548387097,0.3548387096774194,immunogen_blind,/home/xinlab/home/ws/phase2/results/12_complex_prediction/formal/immunogen_blind_seed7/boltz_results_immunogen_blind/predictions/immunogen_blind/immunogen_blind_model_0.pdb,True,passed,results/full181_supplement/baseline_audit/server_raw_model_audit.csv,/home/xinlab/home/ws/phase2/results/12_complex_prediction/formal/immunogen_blind_seed7/boltz_results_immunogen_blind/predictions/immunogen_blind/immunogen_blind_model_0.pdb
Immunogen134,empty,8,results/13_interface_analysis/formal/complex_model_summary.csv,historical_saved_model_table,NA,0.6999348998069763,0.668241560459137,0.5354529619216919,0.7410553097724915,NA,NA,NA,NA,NA,28,34,28,57;58;59;60;62;63;64;65;70;126;129;130;131;133;134;135;136;137;138;139;142;145;146;149;150;152;153;156,NA,NA,NA,1,NA,NA,NA,NA,NA,/home/xinlab/home/ws/phase2/results/12_complex_prediction/formal/immunogen_blind_seed8/boltz_results_immunogen_blind/predictions/immunogen_blind/confidence_immunogen_blind_model_0.json,/home/xinlab/home/ws/phase2/results/12_complex_prediction/formal/immunogen_blind_seed8/boltz_results_immunogen_blind/predictions/immunogen_blind/pae_immunogen_blind_model_0.npz,True,saved_per_model_table,,NA,NA,NA,-15.5,4.4e-12,122.0,saved_per_model_table,,NA,NA,results/15_affinity/prodigy_formal.csv,NA,saved_per_model_table,unknown_not_inferred_from_25C_column_name,0,0,1,5,/home/xinlab/home/ws/phase2/results/12_complex_prediction/formal/immunogen_blind_seed8/boltz_results_immunogen_blind/predictions/immunogen_blind/immunogen_blind_model_0.pdb,recomputed_existing_original_PDB_server_audit,passed,NA,NA,NA,27,0.43548387096774194,0.9642857142857143,immunogen_blind,/home/xinlab/home/ws/phase2/results/12_complex_prediction/formal/immunogen_blind_seed8/boltz_results_immunogen_blind/predictions/immunogen_blind/immunogen_blind_model_0.pdb,True,passed,results/full181_supplement/baseline_audit/server_raw_model_audit.csv,/home/xinlab/home/ws/phase2/results/12_complex_prediction/formal/immunogen_blind_seed8/boltz_results_immunogen_blind/predictions/immunogen_blind/immunogen_blind_model_0.pdb
Immunogen134,empty,9,results/13_interface_analysis/formal/complex_model_summary.csv,historical_saved_model_table,NA,0.7040792107582092,0.6673570871353149,0.5338634848594666,0.7466331124305725,NA,NA,NA,NA,NA,31,30,27,71;72;73;75;77;78;79;80;81;82;83;85;86;87;89;90;93;130;131;133;134;135;136;137;139;142;143;145;146;149;153,NA,NA,NA,1,NA,NA,NA,NA,NA,/home/xinlab/home/ws/phase2/results/12_complex_prediction/formal/immunogen_blind_seed9/boltz_results_immunogen_blind/predictions/immunogen_blind/confidence_immunogen_blind_model_0.json,/home/xinlab/home/ws/phase2/results/12_complex_prediction/formal/immunogen_blind_seed9/boltz_results_immunogen_blind/predictions/immunogen_blind/pae_immunogen_blind_model_0.npz,True,saved_per_model_table,,NA,NA,NA,-14.7,1.7e-11,113.0,saved_per_model_table,,NA,NA,results/15_affinity/prodigy_formal.csv,NA,saved_per_model_table,unknown_not_inferred_from_25C_column_name,0,0,8,7,/home/xinlab/home/ws/phase2/results/12_complex_prediction/formal/immunogen_blind_seed9/boltz_results_immunogen_blind/predictions/immunogen_blind/immunogen_blind_model_0.pdb,recomputed_existing_original_PDB_server_audit,passed,NA,NA,NA,16,0.25806451612903225,0.5161290322580645,immunogen_blind,/home/xinlab/home/ws/phase2/results/12_complex_prediction/formal/immunogen_blind_seed9/boltz_results_immunogen_blind/predictions/immunogen_blind/immunogen_blind_model_0.pdb,True,passed,results/full181_supplement/baseline_audit/server_raw_model_audit.csv,/home/xinlab/home/ws/phase2/results/12_complex_prediction/formal/immunogen_blind_seed9/boltz_results_immunogen_blind/predictions/immunogen_blind/immunogen_blind_model_0.pdb
Immunogen134,empty,10,results/13_interface_analysis/formal/complex_model_summary.csv,historical_saved_model_table,NA,0.6947757601737976,0.6649221181869507,0.5300210118293762,0.7359644770622253,NA,NA,NA,NA,NA,34,30,26,58;61;65;69;70;73;109;110;111;112;113;114;117;118;119;120;121;122;123;124;125;126;127;128;129;130;131;133;136;139;142;146;149;153,NA,NA,NA,1,NA,NA,NA,NA,NA,/home/xinlab/home/ws/phase2/results/12_complex_prediction/formal/immunogen_blind_seed10/boltz_results_immunogen_blind/predictions/immunogen_blind/confidence_immunogen_blind_model_0.json,/home/xinlab/home/ws/phase2/results/12_complex_prediction/formal/immunogen_blind_seed10/boltz_results_immunogen_blind/predictions/immunogen_blind/pae_immunogen_blind_model_0.npz,True,saved_per_model_table,,NA,NA,NA,-15.0,9.9e-12,127.0,saved_per_model_table,,NA,NA,results/15_affinity/prodigy_formal.csv,NA,saved_per_model_table,unknown_not_inferred_from_25C_column_name,0,0,8,7,/home/xinlab/home/ws/phase2/results/12_complex_prediction/formal/immunogen_blind_seed10/boltz_results_immunogen_blind/predictions/immunogen_blind/immunogen_blind_model_0.pdb,recomputed_existing_original_PDB_server_audit,passed,NA,NA,NA,27,0.43548387096774194,0.7941176470588235,immunogen_blind,/home/xinlab/home/ws/phase2/results/12_complex_prediction/formal/immunogen_blind_seed10/boltz_results_immunogen_blind/predictions/immunogen_blind/immunogen_blind_model_0.pdb,True,passed,results/full181_supplement/baseline_audit/server_raw_model_audit.csv,/home/xinlab/home/ws/phase2/results/12_complex_prediction/formal/immunogen_blind_seed10/boltz_results_immunogen_blind/predictions/immunogen_blind/immunogen_blind_model_0.pdb
Immunogen134,empty,11,results/13_interface_analysis/formal/complex_model_summary.csv,historical_saved_model_table,NA,0.7052226662635803,0.6645808815956116,0.5289852619171143,0.7492820024490356,NA,NA,NA,NA,NA,25,28,25,27;28;29;31;72;78;79;82;83;85;86;89;90;93;94;133;134;135;136;137;139;142;145;146;149,NA,NA,NA,1,NA,NA,NA,NA,NA,/home/xinlab/home/ws/phase2/results/12_complex_prediction/formal/immunogen_blind_seed11/boltz_results_immunogen_blind/predictions/immunogen_blind/confidence_immunogen_blind_model_0.json,/home/xinlab/home/ws/phase2/results/12_complex_prediction/formal/immunogen_blind_seed11/boltz_results_immunogen_blind/predictions/immunogen_blind/pae_immunogen_blind_model_0.npz,True,saved_per_model_table,,NA,NA,NA,-12.1,1.3e-09,102.0,saved_per_model_table,,NA,NA,results/15_affinity/prodigy_formal.csv,NA,saved_per_model_table,unknown_not_inferred_from_25C_column_name,0,0,8,18,/home/xinlab/home/ws/phase2/results/12_complex_prediction/formal/immunogen_blind_seed11/boltz_results_immunogen_blind/predictions/immunogen_blind/immunogen_blind_model_0.pdb,recomputed_existing_original_PDB_server_audit,passed,NA,NA,NA,10,0.16129032258064516,0.4,immunogen_blind,/home/xinlab/home/ws/phase2/results/12_complex_prediction/formal/immunogen_blind_seed11/boltz_results_immunogen_blind/predictions/immunogen_blind/immunogen_blind_model_0.pdb,True,passed,results/full181_supplement/baseline_audit/server_raw_model_audit.csv,/home/xinlab/home/ws/phase2/results/12_complex_prediction/formal/immunogen_blind_seed11/boltz_results_immunogen_blind/predictions/immunogen_blind/immunogen_blind_model_0.pdb
Immunogen134,empty,12,results/13_interface_analysis/formal/complex_model_summary.csv,historical_saved_model_table,NA,0.7136737704277039,0.6776358485221863,0.5476685166358948,0.7551750540733337,NA,NA,NA,NA,NA,26,30,27,27;28;29;30;31;77;78;79;82;83;85;86;89;90;93;133;134;135;136;137;139;142;145;146;149;153,NA,NA,NA,1,NA,NA,NA,NA,NA,/home/xinlab/home/ws/phase2/results/12_complex_prediction/formal/immunogen_blind_seed12/boltz_results_immunogen_blind/predictions/immunogen_blind/confidence_immunogen_blind_model_0.json,/home/xinlab/home/ws/phase2/results/12_complex_prediction/formal/immunogen_blind_seed12/boltz_results_immunogen_blind/predictions/immunogen_blind/pae_immunogen_blind_model_0.npz,True,saved_per_model_table,,NA,NA,NA,-13.3,1.9e-10,116.0,saved_per_model_table,,NA,NA,results/15_affinity/prodigy_formal.csv,NA,saved_per_model_table,unknown_not_inferred_from_25C_column_name,0,0,3,22,/home/xinlab/home/ws/phase2/results/12_complex_prediction/formal/immunogen_blind_seed12/boltz_results_immunogen_blind/predictions/immunogen_blind/immunogen_blind_model_0.pdb,recomputed_existing_original_PDB_server_audit,passed,NA,NA,NA,10,0.16129032258064516,0.38461538461538464,immunogen_blind,/home/xinlab/home/ws/phase2/results/12_complex_prediction/formal/immunogen_blind_seed12/boltz_results_immunogen_blind/predictions/immunogen_blind/immunogen_blind_model_0.pdb,True,passed,results/full181_supplement/baseline_audit/server_raw_model_audit.csv,/home/xinlab/home/ws/phase2/results/12_complex_prediction/formal/immunogen_blind_seed12/boltz_results_immunogen_blind/predictions/immunogen_blind/immunogen_blind_model_0.pdb
Immunogen134,empty,13,results/13_interface_analysis/formal/complex_model_summary.csv,historical_saved_model_table,NA,0.7092194557189941,0.6735713481903076,0.5411959886550903,0.7512253522872925,NA,NA,NA,NA,NA,27,28,25,28;29;30;31;32;78;79;80;82;83;85;86;89;90;131;133;134;135;136;137;138;139;142;145;146;149;153,NA,NA,NA,1,NA,NA,NA,NA,NA,/home/xinlab/home/ws/phase2/results/12_complex_prediction/formal/immunogen_blind_seed13/boltz_results_immunogen_blind/predictions/immunogen_blind/confidence_immunogen_blind_model_0.json,/home/xinlab/home/ws/phase2/results/12_complex_prediction/formal/immunogen_blind_seed13/boltz_results_immunogen_blind/predictions/immunogen_blind/pae_immunogen_blind_model_0.npz,True,saved_per_model_table,,NA,NA,NA,-13.9,6e-11,110.0,saved_per_model_table,,NA,NA,results/15_affinity/prodigy_formal.csv,NA,saved_per_model_table,unknown_not_inferred_from_25C_column_name,0,0,7,18,/home/xinlab/home/ws/phase2/results/12_complex_prediction/formal/immunogen_blind_seed13/boltz_results_immunogen_blind/predictions/immunogen_blind/immunogen_blind_model_0.pdb,recomputed_existing_original_PDB_server_audit,passed,NA,NA,NA,12,0.1935483870967742,0.4444444444444444,immunogen_blind,/home/xinlab/home/ws/phase2/results/12_complex_prediction/formal/immunogen_blind_seed13/boltz_results_immunogen_blind/predictions/immunogen_blind/immunogen_blind_model_0.pdb,True,passed,results/full181_supplement/baseline_audit/server_raw_model_audit.csv,/home/xinlab/home/ws/phase2/results/12_complex_prediction/formal/immunogen_blind_seed13/boltz_results_immunogen_blind/predictions/immunogen_blind/immunogen_blind_model_0.pdb
Immunogen134,empty,14,results/13_interface_analysis/formal/complex_model_summary.csv,historical_saved_model_table,NA,0.6892858147621155,0.664595901966095,0.5298957228660583,0.7291333079338074,NA,NA,NA,NA,NA,36,34,29,46;49;50;53;54;57;60;62;63;64;65;105;106;107;108;109;110;111;113;114;116;117;118;120;121;124;125;127;140;141;144;147;150;151;154;158,NA,NA,NA,1,NA,NA,NA,NA,NA,/home/xinlab/home/ws/phase2/results/12_complex_prediction/formal/immunogen_blind_seed14/boltz_results_immunogen_blind/predictions/immunogen_blind/confidence_immunogen_blind_model_0.json,/home/xinlab/home/ws/phase2/results/12_complex_prediction/formal/immunogen_blind_seed14/boltz_results_immunogen_blind/predictions/immunogen_blind/pae_immunogen_blind_model_0.npz,True,saved_per_model_table,,NA,NA,NA,-17.2,2.6e-13,155.0,saved_per_model_table,,NA,NA,results/15_affinity/prodigy_formal.csv,NA,saved_per_model_table,unknown_not_inferred_from_25C_column_name,0,0,8,25,/home/xinlab/home/ws/phase2/results/12_complex_prediction/formal/immunogen_blind_seed14/boltz_results_immunogen_blind/predictions/immunogen_blind/immunogen_blind_model_0.pdb,recomputed_existing_original_PDB_server_audit,passed,NA,NA,NA,21,0.3387096774193548,0.5833333333333334,immunogen_blind,/home/xinlab/home/ws/phase2/results/12_complex_prediction/formal/immunogen_blind_seed14/boltz_results_immunogen_blind/predictions/immunogen_blind/immunogen_blind_model_0.pdb,True,passed,results/full181_supplement/baseline_audit/server_raw_model_audit.csv,/home/xinlab/home/ws/phase2/results/12_complex_prediction/formal/immunogen_blind_seed14/boltz_results_immunogen_blind/predictions/immunogen_blind/immunogen_blind_model_0.pdb
Immunogen134,empty,15,results/13_interface_analysis/formal/complex_model_summary.csv,historical_saved_model_table,NA,0.6981539130210876,0.6575273871421814,0.5198661684989929,0.7427258491516113,NA,NA,NA,NA,NA,25,27,23,58;59;62;63;66;106;110;113;114;117;118;120;121;124;125;127;138;139;140;141;143;144;147;150;154,NA,NA,NA,1,NA,NA,NA,NA,NA,/home/xinlab/home/ws/phase2/results/12_complex_prediction/formal/immunogen_blind_seed15/boltz_results_immunogen_blind/predictions/immunogen_blind/confidence_immunogen_blind_model_0.json,/home/xinlab/home/ws/phase2/results/12_complex_prediction/formal/immunogen_blind_seed15/boltz_results_immunogen_blind/predictions/immunogen_blind/pae_immunogen_blind_model_0.npz,True,saved_per_model_table,,NA,NA,NA,-14.2,3.8e-11,111.0,saved_per_model_table,,NA,NA,results/15_affinity/prodigy_formal.csv,NA,saved_per_model_table,unknown_not_inferred_from_25C_column_name,0,0,3,9,/home/xinlab/home/ws/phase2/results/12_complex_prediction/formal/immunogen_blind_seed15/boltz_results_immunogen_blind/predictions/immunogen_blind/immunogen_blind_model_0.pdb,recomputed_existing_original_PDB_server_audit,passed,NA,NA,NA,20,0.3225806451612903,0.8,immunogen_blind,/home/xinlab/home/ws/phase2/results/12_complex_prediction/formal/immunogen_blind_seed15/boltz_results_immunogen_blind/predictions/immunogen_blind/immunogen_blind_model_0.pdb,True,passed,results/full181_supplement/baseline_audit/server_raw_model_audit.csv,/home/xinlab/home/ws/phase2/results/12_complex_prediction/formal/immunogen_blind_seed15/boltz_results_immunogen_blind/predictions/immunogen_blind/immunogen_blind_model_0.pdb
Immunogen134,formal_msa,1,results/13_interface_analysis/formal_msa/complex_model_summary.csv,historical_saved_model_table,NA,0.769580066204071,0.6826120018959045,0.5527588129043579,0.8237853646278381,NA,NA,NA,NA,NA,15,20,16,70;73;132;133;135;136;139;140;142;143;144;146;147;149;150,NA,NA,NA,1,NA,NA,NA,NA,NA,/home/xinlab/home/ws/phase2/results/12_complex_prediction/formal_msa/immunogen_blind_seed1/boltz_results_immunogen_blind_msa/predictions/immunogen_blind_msa/confidence_immunogen_blind_msa_model_0.json,/home/xinlab/home/ws/phase2/results/12_complex_prediction/formal_msa/immunogen_blind_seed1/boltz_results_immunogen_blind_msa/predictions/immunogen_blind_msa/pae_immunogen_blind_msa_model_0.npz,True,saved_per_model_table,,NA,NA,NA,-12.1,1.3e-09,65.0,saved_per_model_table,,NA,NA,results/15_affinity/prodigy_formal_msa.csv,NA,saved_per_model_table,unknown_not_inferred_from_25C_column_name,0,0,0,1,/home/xinlab/home/ws/phase2/results/12_complex_prediction/formal_msa/immunogen_blind_seed1/boltz_results_immunogen_blind_msa/predictions/immunogen_blind_msa/immunogen_blind_msa_model_0.pdb,recomputed_existing_original_PDB_server_audit,passed,NA,NA,NA,14,0.22580645161290322,0.9333333333333333,immunogen_blind,/home/xinlab/home/ws/phase2/results/12_complex_prediction/formal_msa/immunogen_blind_seed1/boltz_results_immunogen_blind_msa/predictions/immunogen_blind_msa/immunogen_blind_msa_model_0.pdb,True,passed,results/full181_supplement/baseline_audit/server_raw_model_audit.csv,/home/xinlab/home/ws/phase2/results/12_complex_prediction/formal_msa/immunogen_blind_seed1/boltz_results_immunogen_blind_msa/predictions/immunogen_blind_msa/immunogen_blind_msa_model_0.pdb
Immunogen134,formal_msa,2,results/13_interface_analysis/formal_msa/complex_model_summary.csv,historical_saved_model_table,NA,0.7492727637290955,0.6529657244682312,0.515193521976471,0.8077925443649292,NA,NA,NA,NA,NA,25,26,23,27;37;38;93;96;97;100;101;103;104;105;106;107;108;109;110;112;113;116;117;120;121;123;124;125,NA,NA,NA,1,NA,NA,NA,NA,NA,/home/xinlab/home/ws/phase2/results/12_complex_prediction/formal_msa/immunogen_blind_seed2/boltz_results_immunogen_blind_msa/predictions/immunogen_blind_msa/confidence_immunogen_blind_msa_model_0.json,/home/xinlab/home/ws/phase2/results/12_complex_prediction/formal_msa/immunogen_blind_seed2/boltz_results_immunogen_blind_msa/predictions/immunogen_blind_msa/pae_immunogen_blind_msa_model_0.npz,True,saved_per_model_table,,NA,NA,NA,-13.8,7.9e-11,94.0,saved_per_model_table,,NA,NA,results/15_affinity/prodigy_formal_msa.csv,NA,saved_per_model_table,unknown_not_inferred_from_25C_column_name,0,0,0,7,/home/xinlab/home/ws/phase2/results/12_complex_prediction/formal_msa/immunogen_blind_seed2/boltz_results_immunogen_blind_msa/predictions/immunogen_blind_msa/immunogen_blind_msa_model_0.pdb,recomputed_existing_original_PDB_server_audit,passed,NA,NA,NA,6,0.0967741935483871,0.24,immunogen_blind,/home/xinlab/home/ws/phase2/results/12_complex_prediction/formal_msa/immunogen_blind_seed2/boltz_results_immunogen_blind_msa/predictions/immunogen_blind_msa/immunogen_blind_msa_model_0.pdb,True,passed,results/full181_supplement/baseline_audit/server_raw_model_audit.csv,/home/xinlab/home/ws/phase2/results/12_complex_prediction/formal_msa/immunogen_blind_seed2/boltz_results_immunogen_blind_msa/predictions/immunogen_blind_msa/immunogen_blind_msa_model_0.pdb
Immunogen134,formal_msa,3,results/13_interface_analysis/formal_msa/complex_model_summary.csv,historical_saved_model_table,NA,0.7591803669929504,0.6525354385375977,0.5140479207038879,0.8204634785652161,NA,NA,NA,NA,NA,20,27,25,40;43;92;93;96;97;100;107;109;110;112;113;114;116;117;120;121;124;127;130,NA,NA,NA,1,NA,NA,NA,NA,NA,/home/xinlab/home/ws/phase2/results/12_complex_prediction/formal_msa/immunogen_blind_seed3/boltz_results_immunogen_blind_msa/predictions/immunogen_blind_msa/confidence_immunogen_blind_msa_model_0.json,/home/xinlab/home/ws/phase2/results/12_complex_prediction/formal_msa/immunogen_blind_seed3/boltz_results_immunogen_blind_msa/predictions/immunogen_blind_msa/pae_immunogen_blind_msa_model_0.npz,True,saved_per_model_table,,NA,NA,NA,-12.3,9.7e-10,97.0,saved_per_model_table,,NA,NA,results/15_affinity/prodigy_formal_msa.csv,NA,saved_per_model_table,unknown_not_inferred_from_25C_column_name,0,0,3,5,/home/xinlab/home/ws/phase2/results/12_complex_prediction/formal_msa/immunogen_blind_seed3/boltz_results_immunogen_blind_msa/predictions/immunogen_blind_msa/immunogen_blind_msa_model_0.pdb,recomputed_existing_original_PDB_server_audit,passed,NA,NA,NA,6,0.0967741935483871,0.3,immunogen_blind,/home/xinlab/home/ws/phase2/results/12_complex_prediction/formal_msa/immunogen_blind_seed3/boltz_results_immunogen_blind_msa/predictions/immunogen_blind_msa/immunogen_blind_msa_model_0.pdb,True,passed,results/full181_supplement/baseline_audit/server_raw_model_audit.csv,/home/xinlab/home/ws/phase2/results/12_complex_prediction/formal_msa/immunogen_blind_seed3/boltz_results_immunogen_blind_msa/predictions/immunogen_blind_msa/immunogen_blind_msa_model_0.pdb
Immunogen134,formal_msa,4,results/13_interface_analysis/formal_msa/complex_model_summary.csv,historical_saved_model_table,NA,0.7660989165306091,0.6793020963668823,0.55003422498703,0.8201150298118591,NA,NA,NA,NA,NA,16,20,18,79;89;132;133;135;136;137;139;140;142;143;145;146;149;150;153,NA,NA,NA,1,NA,NA,NA,NA,NA,/home/xinlab/home/ws/phase2/results/12_complex_prediction/formal_msa/immunogen_blind_seed4/boltz_results_immunogen_blind_msa/predictions/immunogen_blind_msa/confidence_immunogen_blind_msa_model_0.json,/home/xinlab/home/ws/phase2/results/12_complex_prediction/formal_msa/immunogen_blind_seed4/boltz_results_immunogen_blind_msa/predictions/immunogen_blind_msa/pae_immunogen_blind_msa_model_0.npz,True,saved_per_model_table,,NA,NA,NA,-11.2,6.1e-09,70.0,saved_per_model_table,,NA,NA,results/15_affinity/prodigy_formal_msa.csv,NA,saved_per_model_table,unknown_not_inferred_from_25C_column_name,0,0,1,4,/home/xinlab/home/ws/phase2/results/12_complex_prediction/formal_msa/immunogen_blind_seed4/boltz_results_immunogen_blind_msa/predictions/immunogen_blind_msa/immunogen_blind_msa_model_0.pdb,recomputed_existing_original_PDB_server_audit,passed,NA,NA,NA,13,0.20967741935483872,0.8125,immunogen_blind,/home/xinlab/home/ws/phase2/results/12_complex_prediction/formal_msa/immunogen_blind_seed4/boltz_results_immunogen_blind_msa/predictions/immunogen_blind_msa/immunogen_blind_msa_model_0.pdb,True,passed,results/full181_supplement/baseline_audit/server_raw_model_audit.csv,/home/xinlab/home/ws/phase2/results/12_complex_prediction/formal_msa/immunogen_blind_seed4/boltz_results_immunogen_blind_msa/predictions/immunogen_blind_msa/immunogen_blind_msa_model_0.pdb
Immunogen134,formal_msa,5,results/13_interface_analysis/formal_msa/complex_model_summary.csv,historical_saved_model_table,NA,0.767654299736023,0.6923048496246338,0.5641065239906311,0.8185412287712097,NA,NA,NA,NA,NA,15,22,18,73;79;132;135;136;139;140;142;143;144;146;147;149;150;153,NA,NA,NA,1,NA,NA,NA,NA,NA,/home/xinlab/home/ws/phase2/results/12_complex_prediction/formal_msa/immunogen_blind_seed5/boltz_results_immunogen_blind_msa/predictions/immunogen_blind_msa/confidence_immunogen_blind_msa_model_0.json,/home/xinlab/home/ws/phase2/results/12_complex_prediction/formal_msa/immunogen_blind_seed5/boltz_results_immunogen_blind_msa/predictions/immunogen_blind_msa/pae_immunogen_blind_msa_model_0.npz,True,saved_per_model_table,,NA,NA,NA,-11.5,3.5e-09,70.0,saved_per_model_table,,NA,NA,results/15_affinity/prodigy_formal_msa.csv,NA,saved_per_model_table,unknown_not_inferred_from_25C_column_name,0,0,1,3,/home/xinlab/home/ws/phase2/results/12_complex_prediction/formal_msa/immunogen_blind_seed5/boltz_results_immunogen_blind_msa/predictions/immunogen_blind_msa/immunogen_blind_msa_model_0.pdb,recomputed_existing_original_PDB_server_audit,passed,NA,NA,NA,13,0.20967741935483872,0.8666666666666667,immunogen_blind,/home/xinlab/home/ws/phase2/results/12_complex_prediction/formal_msa/immunogen_blind_seed5/boltz_results_immunogen_blind_msa/predictions/immunogen_blind_msa/immunogen_blind_msa_model_0.pdb,True,passed,results/full181_supplement/baseline_audit/server_raw_model_audit.csv,/home/xinlab/home/ws/phase2/results/12_complex_prediction/formal_msa/immunogen_blind_seed5/boltz_results_immunogen_blind_msa/predictions/immunogen_blind_msa/immunogen_blind_msa_model_0.pdb
Immunogen134,formal_msa,6,results/13_interface_analysis/formal_msa/complex_model_summary.csv,historical_saved_model_table,NA,0.7748173475265503,0.7114654183387756,0.5885767936706543,0.8213774561882019,NA,NA,NA,NA,NA,15,20,16,73;79;132;135;136;139;140;142;143;144;146;147;149;150;153,NA,NA,NA,1,NA,NA,NA,NA,NA,/home/xinlab/home/ws/phase2/results/12_complex_prediction/formal_msa/immunogen_blind_seed6/boltz_results_immunogen_blind_msa/predictions/immunogen_blind_msa/confidence_immunogen_blind_msa_model_0.json,/home/xinlab/home/ws/phase2/results/12_complex_prediction/formal_msa/immunogen_blind_seed6/boltz_results_immunogen_blind_msa/predictions/immunogen_blind_msa/pae_immunogen_blind_msa_model_0.npz,True,saved_per_model_table,,NA,NA,NA,-10.7,1.4e-08,66.0,saved_per_model_table,,NA,NA,results/15_affinity/prodigy_formal_msa.csv,NA,saved_per_model_table,unknown_not_inferred_from_25C_column_name,0,0,2,1,/home/xinlab/home/ws/phase2/results/12_complex_prediction/formal_msa/immunogen_blind_seed6/boltz_results_immunogen_blind_msa/predictions/immunogen_blind_msa/immunogen_blind_msa_model_0.pdb,recomputed_existing_original_PDB_server_audit,passed,NA,NA,NA,13,0.20967741935483872,0.8666666666666667,immunogen_blind,/home/xinlab/home/ws/phase2/results/12_complex_prediction/formal_msa/immunogen_blind_seed6/boltz_results_immunogen_blind_msa/predictions/immunogen_blind_msa/immunogen_blind_msa_model_0.pdb,True,passed,results/full181_supplement/baseline_audit/server_raw_model_audit.csv,/home/xinlab/home/ws/phase2/results/12_complex_prediction/formal_msa/immunogen_blind_seed6/boltz_results_immunogen_blind_msa/predictions/immunogen_blind_msa/immunogen_blind_msa_model_0.pdb
Immunogen134,formal_msa,7,results/13_interface_analysis/formal_msa/complex_model_summary.csv,historical_saved_model_table,NA,0.7597211003303528,0.6769843697547913,0.5455464124679565,0.8132647275924683,NA,NA,NA,NA,NA,17,22,19,70;73;74;79;133;135;136;139;140;142;143;144;146;147;149;150;153,NA,NA,NA,1,NA,NA,NA,NA,NA,/home/xinlab/home/ws/phase2/results/12_complex_prediction/formal_msa/immunogen_blind_seed7/boltz_results_immunogen_blind_msa/predictions/immunogen_blind_msa/confidence_immunogen_blind_msa_model_0.json,/home/xinlab/home/ws/phase2/results/12_complex_prediction/formal_msa/immunogen_blind_seed7/boltz_results_immunogen_blind_msa/predictions/immunogen_blind_msa/pae_immunogen_blind_msa_model_0.npz,True,saved_per_model_table,,NA,NA,NA,-13.4,1.4e-10,77.0,saved_per_model_table,,NA,NA,results/15_affinity/prodigy_formal_msa.csv,NA,saved_per_model_table,unknown_not_inferred_from_25C_column_name,0,0,7,1,/home/xinlab/home/ws/phase2/results/12_complex_prediction/formal_msa/immunogen_blind_seed7/boltz_results_immunogen_blind_msa/predictions/immunogen_blind_msa/immunogen_blind_msa_model_0.pdb,recomputed_existing_original_PDB_server_audit,passed,NA,NA,NA,15,0.24193548387096775,0.8823529411764706,immunogen_blind,/home/xinlab/home/ws/phase2/results/12_complex_prediction/formal_msa/immunogen_blind_seed7/boltz_results_immunogen_blind_msa/predictions/immunogen_blind_msa/immunogen_blind_msa_model_0.pdb,True,passed,results/full181_supplement/baseline_audit/server_raw_model_audit.csv,/home/xinlab/home/ws/phase2/results/12_complex_prediction/formal_msa/immunogen_blind_seed7/boltz_results_immunogen_blind_msa/predictions/immunogen_blind_msa/immunogen_blind_msa_model_0.pdb
Immunogen134,formal_msa,8,results/13_interface_analysis/formal_msa/complex_model_summary.csv,historical_saved_model_table,NA,0.7749651074409485,0.6919706463813782,0.5696890950202942,0.8262841105461121,NA,NA,NA,NA,NA,29,29,25,27;37;38;40;43;92;93;96;97;100;103;104;105;106;107;108;109;110;112;113;114;116;117;120;121;123;124;125;127,NA,NA,NA,1,NA,NA,NA,NA,NA,/home/xinlab/home/ws/phase2/results/12_complex_prediction/formal_msa/immunogen_blind_seed8/boltz_results_immunogen_blind_msa/predictions/immunogen_blind_msa/confidence_immunogen_blind_msa_model_0.json,/home/xinlab/home/ws/phase2/results/12_complex_prediction/formal_msa/immunogen_blind_seed8/boltz_results_immunogen_blind_msa/predictions/immunogen_blind_msa/pae_immunogen_blind_msa_model_0.npz,True,saved_per_model_table,,NA,NA,NA,-15.5,4.4e-12,109.0,saved_per_model_table,,NA,NA,results/15_affinity/prodigy_formal_msa.csv,NA,saved_per_model_table,unknown_not_inferred_from_25C_column_name,0,0,7,4,/home/xinlab/home/ws/phase2/results/12_complex_prediction/formal_msa/immunogen_blind_seed8/boltz_results_immunogen_blind_msa/predictions/immunogen_blind_msa/immunogen_blind_msa_model_0.pdb,recomputed_existing_original_PDB_server_audit,passed,NA,NA,NA,7,0.11290322580645161,0.2413793103448276,immunogen_blind,/home/xinlab/home/ws/phase2/results/12_complex_prediction/formal_msa/immunogen_blind_seed8/boltz_results_immunogen_blind_msa/predictions/immunogen_blind_msa/immunogen_blind_msa_model_0.pdb,True,passed,results/full181_supplement/baseline_audit/server_raw_model_audit.csv,/home/xinlab/home/ws/phase2/results/12_complex_prediction/formal_msa/immunogen_blind_seed8/boltz_results_immunogen_blind_msa/predictions/immunogen_blind_msa/immunogen_blind_msa_model_0.pdb
Immunogen134,formal_msa,9,results/13_interface_analysis/formal_msa/complex_model_summary.csv,historical_saved_model_table,NA,0.748965859413147,0.6579126119613647,0.5219049453735352,0.8057310581207275,NA,NA,NA,NA,NA,28,26,23,27;37;38;39;40;42;43;46;92;96;97;100;107;108;109;110;111;112;113;114;116;117;118;120;121;124;125;127,NA,NA,NA,1,NA,NA,NA,NA,NA,/home/xinlab/home/ws/phase2/results/12_complex_prediction/formal_msa/immunogen_blind_seed9/boltz_results_immunogen_blind_msa/predictions/immunogen_blind_msa/confidence_immunogen_blind_msa_model_0.json,/home/xinlab/home/ws/phase2/results/12_complex_prediction/formal_msa/immunogen_blind_seed9/boltz_results_immunogen_blind_msa/predictions/immunogen_blind_msa/pae_immunogen_blind_msa_model_0.npz,True,saved_per_model_table,,NA,NA,NA,-13.9,6.3e-11,105.0,saved_per_model_table,,NA,NA,results/15_affinity/prodigy_formal_msa.csv,NA,saved_per_model_table,unknown_not_inferred_from_25C_column_name,0,0,3,9,/home/xinlab/home/ws/phase2/results/12_complex_prediction/formal_msa/immunogen_blind_seed9/boltz_results_immunogen_blind_msa/predictions/immunogen_blind_msa/immunogen_blind_msa_model_0.pdb,recomputed_existing_original_PDB_server_audit,passed,NA,NA,NA,7,0.11290322580645161,0.25,immunogen_blind,/home/xinlab/home/ws/phase2/results/12_complex_prediction/formal_msa/immunogen_blind_seed9/boltz_results_immunogen_blind_msa/predictions/immunogen_blind_msa/immunogen_blind_msa_model_0.pdb,True,passed,results/full181_supplement/baseline_audit/server_raw_model_audit.csv,/home/xinlab/home/ws/phase2/results/12_complex_prediction/formal_msa/immunogen_blind_seed9/boltz_results_immunogen_blind_msa/predictions/immunogen_blind_msa/immunogen_blind_msa_model_0.pdb
Immunogen134,formal_msa,10,results/13_interface_analysis/formal_msa/complex_model_summary.csv,historical_saved_model_table,NA,0.7530272603034973,0.6567746996879578,0.5187256932258606,0.8116026520729065,NA,NA,NA,NA,NA,20,26,24,40;43;92;93;96;97;100;109;110;112;113;114;116;117;120;121;123;124;127;130,NA,NA,NA,1,NA,NA,NA,NA,NA,/home/xinlab/home/ws/phase2/results/12_complex_prediction/formal_msa/immunogen_blind_seed10/boltz_results_immunogen_blind_msa/predictions/immunogen_blind_msa/confidence_immunogen_blind_msa_model_0.json,/home/xinlab/home/ws/phase2/results/12_complex_prediction/formal_msa/immunogen_blind_seed10/boltz_results_immunogen_blind_msa/predictions/immunogen_blind_msa/pae_immunogen_blind_msa_model_0.npz,True,saved_per_model_table,,NA,NA,NA,-12.5,6.4e-10,95.0,saved_per_model_table,,NA,NA,results/15_affinity/prodigy_formal_msa.csv,NA,saved_per_model_table,unknown_not_inferred_from_25C_column_name,0,0,8,7,/home/xinlab/home/ws/phase2/results/12_complex_prediction/formal_msa/immunogen_blind_seed10/boltz_results_immunogen_blind_msa/predictions/immunogen_blind_msa/immunogen_blind_msa_model_0.pdb,recomputed_existing_original_PDB_server_audit,passed,NA,NA,NA,7,0.11290322580645161,0.35,immunogen_blind,/home/xinlab/home/ws/phase2/results/12_complex_prediction/formal_msa/immunogen_blind_seed10/boltz_results_immunogen_blind_msa/predictions/immunogen_blind_msa/immunogen_blind_msa_model_0.pdb,True,passed,results/full181_supplement/baseline_audit/server_raw_model_audit.csv,/home/xinlab/home/ws/phase2/results/12_complex_prediction/formal_msa/immunogen_blind_seed10/boltz_results_immunogen_blind_msa/predictions/immunogen_blind_msa/immunogen_blind_msa_model_0.pdb
Immunogen134,formal_msa,11,results/13_interface_analysis/formal_msa/complex_model_summary.csv,historical_saved_model_table,NA,0.7590550184249878,0.6883047819137573,0.5611817240715027,0.8085232973098755,NA,NA,NA,NA,NA,17,21,19,70;71;73;74;79;133;135;136;137;139;140;142;143;144;146;147;150,NA,NA,NA,1,NA,NA,NA,NA,NA,/home/xinlab/home/ws/phase2/results/12_complex_prediction/formal_msa/immunogen_blind_seed11/boltz_results_immunogen_blind_msa/predictions/immunogen_blind_msa/confidence_immunogen_blind_msa_model_0.json,/home/xinlab/home/ws/phase2/results/12_complex_prediction/formal_msa/immunogen_blind_seed11/boltz_results_immunogen_blind_msa/predictions/immunogen_blind_msa/pae_immunogen_blind_msa_model_0.npz,True,saved_per_model_table,,NA,NA,NA,-12.4,8.7e-10,72.0,saved_per_model_table,,NA,NA,results/15_affinity/prodigy_formal_msa.csv,NA,saved_per_model_table,unknown_not_inferred_from_25C_column_name,0,0,3,2,/home/xinlab/home/ws/phase2/results/12_complex_prediction/formal_msa/immunogen_blind_seed11/boltz_results_immunogen_blind_msa/predictions/immunogen_blind_msa/immunogen_blind_msa_model_0.pdb,recomputed_existing_original_PDB_server_audit,passed,NA,NA,NA,15,0.24193548387096775,0.8823529411764706,immunogen_blind,/home/xinlab/home/ws/phase2/results/12_complex_prediction/formal_msa/immunogen_blind_seed11/boltz_results_immunogen_blind_msa/predictions/immunogen_blind_msa/immunogen_blind_msa_model_0.pdb,True,passed,results/full181_supplement/baseline_audit/server_raw_model_audit.csv,/home/xinlab/home/ws/phase2/results/12_complex_prediction/formal_msa/immunogen_blind_seed11/boltz_results_immunogen_blind_msa/predictions/immunogen_blind_msa/immunogen_blind_msa_model_0.pdb
Immunogen134,formal_msa,12,results/13_interface_analysis/formal_msa/complex_model_summary.csv,historical_saved_model_table,NA,0.7579488158226013,0.6603401899337769,0.5249993205070496,0.8161861896514893,NA,NA,NA,NA,NA,21,26,23,27;38;40;43;92;93;96;97;100;109;110;112;113;116;117;120;121;123;124;127;130,NA,NA,NA,1,NA,NA,NA,NA,NA,/home/xinlab/home/ws/phase2/results/12_complex_prediction/formal_msa/immunogen_blind_seed12/boltz_results_immunogen_blind_msa/predictions/immunogen_blind_msa/confidence_immunogen_blind_msa_model_0.json,/home/xinlab/home/ws/phase2/results/12_complex_prediction/formal_msa/immunogen_blind_seed12/boltz_results_immunogen_blind_msa/predictions/immunogen_blind_msa/pae_immunogen_blind_msa_model_0.npz,True,saved_per_model_table,,NA,NA,NA,-12.5,6.2e-10,87.0,saved_per_model_table,,NA,NA,results/15_affinity/prodigy_formal_msa.csv,NA,saved_per_model_table,unknown_not_inferred_from_25C_column_name,0,0,7,5,/home/xinlab/home/ws/phase2/results/12_complex_prediction/formal_msa/immunogen_blind_seed12/boltz_results_immunogen_blind_msa/predictions/immunogen_blind_msa/immunogen_blind_msa_model_0.pdb,recomputed_existing_original_PDB_server_audit,passed,NA,NA,NA,7,0.11290322580645161,0.3333333333333333,immunogen_blind,/home/xinlab/home/ws/phase2/results/12_complex_prediction/formal_msa/immunogen_blind_seed12/boltz_results_immunogen_blind_msa/predictions/immunogen_blind_msa/immunogen_blind_msa_model_0.pdb,True,passed,results/full181_supplement/baseline_audit/server_raw_model_audit.csv,/home/xinlab/home/ws/phase2/results/12_complex_prediction/formal_msa/immunogen_blind_seed12/boltz_results_immunogen_blind_msa/predictions/immunogen_blind_msa/immunogen_blind_msa_model_0.pdb
Immunogen134,formal_msa,13,results/13_interface_analysis/formal_msa/complex_model_summary.csv,historical_saved_model_table,NA,0.7704123258590698,0.6964502334594727,0.569126546382904,0.8207337260246277,NA,NA,NA,NA,NA,16,20,18,70;74;79;135;136;139;140;142;143;144;145;146;147;149;150;153,NA,NA,NA,1,NA,NA,NA,NA,NA,/home/xinlab/home/ws/phase2/results/12_complex_prediction/formal_msa/immunogen_blind_seed13/boltz_results_immunogen_blind_msa/predictions/immunogen_blind_msa/confidence_immunogen_blind_msa_model_0.json,/home/xinlab/home/ws/phase2/results/12_complex_prediction/formal_msa/immunogen_blind_seed13/boltz_results_immunogen_blind_msa/predictions/immunogen_blind_msa/pae_immunogen_blind_msa_model_0.npz,True,saved_per_model_table,,NA,NA,NA,-11.9,2e-09,69.0,saved_per_model_table,,NA,NA,results/15_affinity/prodigy_formal_msa.csv,NA,saved_per_model_table,unknown_not_inferred_from_25C_column_name,0,0,8,1,/home/xinlab/home/ws/phase2/results/12_complex_prediction/formal_msa/immunogen_blind_seed13/boltz_results_immunogen_blind_msa/predictions/immunogen_blind_msa/immunogen_blind_msa_model_0.pdb,recomputed_existing_original_PDB_server_audit,passed,NA,NA,NA,14,0.22580645161290322,0.875,immunogen_blind,/home/xinlab/home/ws/phase2/results/12_complex_prediction/formal_msa/immunogen_blind_seed13/boltz_results_immunogen_blind_msa/predictions/immunogen_blind_msa/immunogen_blind_msa_model_0.pdb,True,passed,results/full181_supplement/baseline_audit/server_raw_model_audit.csv,/home/xinlab/home/ws/phase2/results/12_complex_prediction/formal_msa/immunogen_blind_seed13/boltz_results_immunogen_blind_msa/predictions/immunogen_blind_msa/immunogen_blind_msa_model_0.pdb
Immunogen134,formal_msa,14,results/13_interface_analysis/formal_msa/complex_model_summary.csv,historical_saved_model_table,NA,0.7610371708869934,0.6496674418449402,0.5095124244689941,0.823918342590332,NA,NA,NA,NA,NA,19,25,23,27;40;43;92;93;96;97;98;100;109;110;112;113;116;117;120;121;123;124,NA,NA,NA,1,NA,NA,NA,NA,NA,/home/xinlab/home/ws/phase2/results/12_complex_prediction/formal_msa/immunogen_blind_seed14/boltz_results_immunogen_blind_msa/predictions/immunogen_blind_msa/confidence_immunogen_blind_msa_model_0.json,/home/xinlab/home/ws/phase2/results/12_complex_prediction/formal_msa/immunogen_blind_seed14/boltz_results_immunogen_blind_msa/predictions/immunogen_blind_msa/pae_immunogen_blind_msa_model_0.npz,True,saved_per_model_table,,NA,NA,NA,-13.9,6.3e-11,99.0,saved_per_model_table,,NA,NA,results/15_affinity/prodigy_formal_msa.csv,NA,saved_per_model_table,unknown_not_inferred_from_25C_column_name,0,0,6,2,/home/xinlab/home/ws/phase2/results/12_complex_prediction/formal_msa/immunogen_blind_seed14/boltz_results_immunogen_blind_msa/predictions/immunogen_blind_msa/immunogen_blind_msa_model_0.pdb,recomputed_existing_original_PDB_server_audit,passed,NA,NA,NA,5,0.08064516129032258,0.2631578947368421,immunogen_blind,/home/xinlab/home/ws/phase2/results/12_complex_prediction/formal_msa/immunogen_blind_seed14/boltz_results_immunogen_blind_msa/predictions/immunogen_blind_msa/immunogen_blind_msa_model_0.pdb,True,passed,results/full181_supplement/baseline_audit/server_raw_model_audit.csv,/home/xinlab/home/ws/phase2/results/12_complex_prediction/formal_msa/immunogen_blind_seed14/boltz_results_immunogen_blind_msa/predictions/immunogen_blind_msa/immunogen_blind_msa_model_0.pdb
Immunogen134,formal_msa,15,results/13_interface_analysis/formal_msa/complex_model_summary.csv,historical_saved_model_table,NA,0.7628921270370483,0.685009777545929,0.5535028576850891,0.815239429473877,NA,NA,NA,NA,NA,18,23,17,70;74;79;132;133;134;135;136;137;139;140;142;143;144;146;147;149;150,NA,NA,NA,1,NA,NA,NA,NA,NA,/home/xinlab/home/ws/phase2/results/12_complex_prediction/formal_msa/immunogen_blind_seed15/boltz_results_immunogen_blind_msa/predictions/immunogen_blind_msa/confidence_immunogen_blind_msa_model_0.json,/home/xinlab/home/ws/phase2/results/12_complex_prediction/formal_msa/immunogen_blind_seed15/boltz_results_immunogen_blind_msa/predictions/immunogen_blind_msa/pae_immunogen_blind_msa_model_0.npz,True,saved_per_model_table,,NA,NA,NA,-12.6,6.2e-10,77.0,saved_per_model_table,,NA,NA,results/15_affinity/prodigy_formal_msa.csv,NA,saved_per_model_table,unknown_not_inferred_from_25C_column_name,0,0,4,4,/home/xinlab/home/ws/phase2/results/12_complex_prediction/formal_msa/immunogen_blind_seed15/boltz_results_immunogen_blind_msa/predictions/immunogen_blind_msa/immunogen_blind_msa_model_0.pdb,recomputed_existing_original_PDB_server_audit,passed,NA,NA,NA,16,0.25806451612903225,0.8888888888888888,immunogen_blind,/home/xinlab/home/ws/phase2/results/12_complex_prediction/formal_msa/immunogen_blind_seed15/boltz_results_immunogen_blind_msa/predictions/immunogen_blind_msa/immunogen_blind_msa_model_0.pdb,True,passed,results/full181_supplement/baseline_audit/server_raw_model_audit.csv,/home/xinlab/home/ws/phase2/results/12_complex_prediction/formal_msa/immunogen_blind_seed15/boltz_results_immunogen_blind_msa/predictions/immunogen_blind_msa/immunogen_blind_msa_model_0.pdb
