construct,condition,seed,source_path,metric,value,evidence_level,missing_reason,status,temperature_C
Full181,empty,1,results/full181_supplement/raw/empty/seed1/boltz_results_full_blind/predictions/full_blind/full_blind_model_0.pdb,confidence_score,0.6457096934318542,current_original_model_analysis,,NA,NA
Full181,empty,1,results/full181_supplement/raw/empty/seed1/boltz_results_full_blind/predictions/full_blind/full_blind_model_0.pdb,ptm,0.5994126796722412,current_original_model_analysis,,NA,NA
Full181,empty,1,results/full181_supplement/raw/empty/seed1/boltz_results_full_blind/predictions/full_blind/full_blind_model_0.pdb,iptm,0.4636041224002838,current_original_model_analysis,,NA,NA
Full181,empty,1,results/full181_supplement/raw/empty/seed1/boltz_results_full_blind/predictions/full_blind/full_blind_model_0.pdb,complex_plddt,0.6912360191345215,current_original_model_analysis,,NA,NA
Full181,empty,1,results/full181_supplement/raw/empty/seed1/boltz_results_full_blind/predictions/full_blind/full_blind_model_0.pdb,epitope_residues_4p5,31,current_original_model_analysis,,NA,NA
Full181,empty,1,results/full181_supplement/raw/empty/seed1/boltz_results_full_blind/predictions/full_blind/full_blind_model_0.pdb,paratope_residues_4p5,29,current_original_model_analysis,,NA,NA
Full181,empty,1,results/full181_supplement/raw/empty/seed1/boltz_results_full_blind/predictions/full_blind/full_blind_model_0.pdb,cdr_paratope_residues_4p5,24,current_original_model_analysis,,NA,NA
Full181,empty,1,results/full181_supplement/raw/empty/seed1/boltz_results_full_blind/predictions/full_blind/full_blind_model_0.pdb,hotspot_hits_4p5,16,current_original_model_analysis,,NA,NA
Full181,empty,1,results/full181_supplement/raw/empty/seed1/boltz_results_full_blind/predictions/full_blind/full_blind_model_0.pdb,hotspot_coverage,0.25806451612903225,current_original_model_analysis,,NA,NA
Full181,empty,1,results/full181_supplement/raw/empty/seed1/boltz_results_full_blind/predictions/full_blind/full_blind_model_0.pdb,hotspot_fraction_in_interface,0.5161290322580645,current_original_model_analysis,,NA,NA
Full181,empty,1,results/full181_supplement/full181_prodigy.csv,prodigy_dG_kcal_mol,-15.1,current_original_model_score,,complete,25.0
Full181,empty,1,results/full181_supplement/full181_prodigy.csv,prodigy_Kd_M_25C,9e-12,current_original_model_score,,complete,25.0
Full181,empty,1,results/full181_supplement/raw/empty/seed1/boltz_results_full_blind/predictions/full_blind/full_blind_model_0.pdb,chain_breaks,0,current_original_model_analysis,,NA,NA
Full181,empty,1,results/full181_supplement/raw/empty/seed1/boltz_results_full_blind/predictions/full_blind/full_blind_model_0.pdb,peptide_cn_outliers,0,current_original_model_analysis,,NA,NA
Full181,empty,1,results/full181_supplement/raw/empty/seed1/boltz_results_full_blind/predictions/full_blind/full_blind_model_0.pdb,interchain_clashes_lt1p8,7,current_original_model_analysis,,NA,NA
Full181,empty,1,results/full181_supplement/raw/empty/seed1/boltz_results_full_blind/predictions/full_blind/full_blind_model_0.pdb,nonlocal_intrachain_clashes_lt1p8,14,current_original_model_analysis,,NA,NA
Full181,empty,2,results/full181_supplement/raw/empty/seed2/boltz_results_full_blind/predictions/full_blind/full_blind_model_0.pdb,confidence_score,0.6651091575622559,current_original_model_analysis,,NA,NA
Full181,empty,2,results/full181_supplement/raw/empty/seed2/boltz_results_full_blind/predictions/full_blind/full_blind_model_0.pdb,ptm,0.6199485659599304,current_original_model_analysis,,NA,NA
Full181,empty,2,results/full181_supplement/raw/empty/seed2/boltz_results_full_blind/predictions/full_blind/full_blind_model_0.pdb,iptm,0.4862744212150574,current_original_model_analysis,,NA,NA
Full181,empty,2,results/full181_supplement/raw/empty/seed2/boltz_results_full_blind/predictions/full_blind/full_blind_model_0.pdb,complex_plddt,0.7098178267478943,current_original_model_analysis,,NA,NA
Full181,empty,2,results/full181_supplement/raw/empty/seed2/boltz_results_full_blind/predictions/full_blind/full_blind_model_0.pdb,epitope_residues_4p5,28,current_original_model_analysis,,NA,NA
Full181,empty,2,results/full181_supplement/raw/empty/seed2/boltz_results_full_blind/predictions/full_blind/full_blind_model_0.pdb,paratope_residues_4p5,29,current_original_model_analysis,,NA,NA
Full181,empty,2,results/full181_supplement/raw/empty/seed2/boltz_results_full_blind/predictions/full_blind/full_blind_model_0.pdb,cdr_paratope_residues_4p5,26,current_original_model_analysis,,NA,NA
Full181,empty,2,results/full181_supplement/raw/empty/seed2/boltz_results_full_blind/predictions/full_blind/full_blind_model_0.pdb,hotspot_hits_4p5,6,current_original_model_analysis,,NA,NA
Full181,empty,2,results/full181_supplement/raw/empty/seed2/boltz_results_full_blind/predictions/full_blind/full_blind_model_0.pdb,hotspot_coverage,0.0967741935483871,current_original_model_analysis,,NA,NA
Full181,empty,2,results/full181_supplement/raw/empty/seed2/boltz_results_full_blind/predictions/full_blind/full_blind_model_0.pdb,hotspot_fraction_in_interface,0.21428571428571427,current_original_model_analysis,,NA,NA
Full181,empty,2,results/full181_supplement/full181_prodigy.csv,prodigy_dG_kcal_mol,-16.6,current_original_model_score,,complete,25.0
Full181,empty,2,results/full181_supplement/full181_prodigy.csv,prodigy_Kd_M_25C,6.8e-13,current_original_model_score,,complete,25.0
Full181,empty,2,results/full181_supplement/raw/empty/seed2/boltz_results_full_blind/predictions/full_blind/full_blind_model_0.pdb,chain_breaks,0,current_original_model_analysis,,NA,NA
Full181,empty,2,results/full181_supplement/raw/empty/seed2/boltz_results_full_blind/predictions/full_blind/full_blind_model_0.pdb,peptide_cn_outliers,0,current_original_model_analysis,,NA,NA
Full181,empty,2,results/full181_supplement/raw/empty/seed2/boltz_results_full_blind/predictions/full_blind/full_blind_model_0.pdb,interchain_clashes_lt1p8,18,current_original_model_analysis,,NA,NA
Full181,empty,2,results/full181_supplement/raw/empty/seed2/boltz_results_full_blind/predictions/full_blind/full_blind_model_0.pdb,nonlocal_intrachain_clashes_lt1p8,13,current_original_model_analysis,,NA,NA
Full181,empty,3,results/full181_supplement/raw/empty/seed3/boltz_results_full_blind/predictions/full_blind/full_blind_model_0.pdb,confidence_score,0.6470155119895935,current_original_model_analysis,,NA,NA
Full181,empty,3,results/full181_supplement/raw/empty/seed3/boltz_results_full_blind/predictions/full_blind/full_blind_model_0.pdb,ptm,0.6045141220092773,current_original_model_analysis,,NA,NA
Full181,empty,3,results/full181_supplement/raw/empty/seed3/boltz_results_full_blind/predictions/full_blind/full_blind_model_0.pdb,iptm,0.46847715973854065,current_original_model_analysis,,NA,NA
Full181,empty,3,results/full181_supplement/raw/empty/seed3/boltz_results_full_blind/predictions/full_blind/full_blind_model_0.pdb,complex_plddt,0.6916500329971313,current_original_model_analysis,,NA,NA
Full181,empty,3,results/full181_supplement/raw/empty/seed3/boltz_results_full_blind/predictions/full_blind/full_blind_model_0.pdb,epitope_residues_4p5,26,current_original_model_analysis,,NA,NA
Full181,empty,3,results/full181_supplement/raw/empty/seed3/boltz_results_full_blind/predictions/full_blind/full_blind_model_0.pdb,paratope_residues_4p5,26,current_original_model_analysis,,NA,NA
Full181,empty,3,results/full181_supplement/raw/empty/seed3/boltz_results_full_blind/predictions/full_blind/full_blind_model_0.pdb,cdr_paratope_residues_4p5,24,current_original_model_analysis,,NA,NA
Full181,empty,3,results/full181_supplement/raw/empty/seed3/boltz_results_full_blind/predictions/full_blind/full_blind_model_0.pdb,hotspot_hits_4p5,12,current_original_model_analysis,,NA,NA
Full181,empty,3,results/full181_supplement/raw/empty/seed3/boltz_results_full_blind/predictions/full_blind/full_blind_model_0.pdb,hotspot_coverage,0.1935483870967742,current_original_model_analysis,,NA,NA
Full181,empty,3,results/full181_supplement/raw/empty/seed3/boltz_results_full_blind/predictions/full_blind/full_blind_model_0.pdb,hotspot_fraction_in_interface,0.46153846153846156,current_original_model_analysis,,NA,NA
Full181,empty,3,results/full181_supplement/full181_prodigy.csv,prodigy_dG_kcal_mol,-14.1,current_original_model_score,,complete,25.0
Full181,empty,3,results/full181_supplement/full181_prodigy.csv,prodigy_Kd_M_25C,4.6e-11,current_original_model_score,,complete,25.0
Full181,empty,3,results/full181_supplement/raw/empty/seed3/boltz_results_full_blind/predictions/full_blind/full_blind_model_0.pdb,chain_breaks,0,current_original_model_analysis,,NA,NA
Full181,empty,3,results/full181_supplement/raw/empty/seed3/boltz_results_full_blind/predictions/full_blind/full_blind_model_0.pdb,peptide_cn_outliers,0,current_original_model_analysis,,NA,NA
Full181,empty,3,results/full181_supplement/raw/empty/seed3/boltz_results_full_blind/predictions/full_blind/full_blind_model_0.pdb,interchain_clashes_lt1p8,10,current_original_model_analysis,,NA,NA
Full181,empty,3,results/full181_supplement/raw/empty/seed3/boltz_results_full_blind/predictions/full_blind/full_blind_model_0.pdb,nonlocal_intrachain_clashes_lt1p8,61,current_original_model_analysis,,NA,NA
Full181,empty,4,results/full181_supplement/raw/empty/seed4/boltz_results_full_blind/predictions/full_blind/full_blind_model_0.pdb,confidence_score,0.6624211668968201,current_original_model_analysis,,NA,NA
Full181,empty,4,results/full181_supplement/raw/empty/seed4/boltz_results_full_blind/predictions/full_blind/full_blind_model_0.pdb,ptm,0.5992718935012817,current_original_model_analysis,,NA,NA
Full181,empty,4,results/full181_supplement/raw/empty/seed4/boltz_results_full_blind/predictions/full_blind/full_blind_model_0.pdb,iptm,0.462685227394104,current_original_model_analysis,,NA,NA
Full181,empty,4,results/full181_supplement/raw/empty/seed4/boltz_results_full_blind/predictions/full_blind/full_blind_model_0.pdb,complex_plddt,0.7123551368713379,current_original_model_analysis,,NA,NA
Full181,empty,4,results/full181_supplement/raw/empty/seed4/boltz_results_full_blind/predictions/full_blind/full_blind_model_0.pdb,epitope_residues_4p5,28,current_original_model_analysis,,NA,NA
Full181,empty,4,results/full181_supplement/raw/empty/seed4/boltz_results_full_blind/predictions/full_blind/full_blind_model_0.pdb,paratope_residues_4p5,26,current_original_model_analysis,,NA,NA
Full181,empty,4,results/full181_supplement/raw/empty/seed4/boltz_results_full_blind/predictions/full_blind/full_blind_model_0.pdb,cdr_paratope_residues_4p5,23,current_original_model_analysis,,NA,NA
Full181,empty,4,results/full181_supplement/raw/empty/seed4/boltz_results_full_blind/predictions/full_blind/full_blind_model_0.pdb,hotspot_hits_4p5,15,current_original_model_analysis,,NA,NA
Full181,empty,4,results/full181_supplement/raw/empty/seed4/boltz_results_full_blind/predictions/full_blind/full_blind_model_0.pdb,hotspot_coverage,0.24193548387096775,current_original_model_analysis,,NA,NA
Full181,empty,4,results/full181_supplement/raw/empty/seed4/boltz_results_full_blind/predictions/full_blind/full_blind_model_0.pdb,hotspot_fraction_in_interface,0.5357142857142857,current_original_model_analysis,,NA,NA
Full181,empty,4,results/full181_supplement/full181_prodigy.csv,prodigy_dG_kcal_mol,-16.0,current_original_model_score,,complete,25.0
Full181,empty,4,results/full181_supplement/full181_prodigy.csv,prodigy_Kd_M_25C,1.9e-12,current_original_model_score,,complete,25.0
Full181,empty,4,results/full181_supplement/raw/empty/seed4/boltz_results_full_blind/predictions/full_blind/full_blind_model_0.pdb,chain_breaks,0,current_original_model_analysis,,NA,NA
Full181,empty,4,results/full181_supplement/raw/empty/seed4/boltz_results_full_blind/predictions/full_blind/full_blind_model_0.pdb,peptide_cn_outliers,0,current_original_model_analysis,,NA,NA
Full181,empty,4,results/full181_supplement/raw/empty/seed4/boltz_results_full_blind/predictions/full_blind/full_blind_model_0.pdb,interchain_clashes_lt1p8,17,current_original_model_analysis,,NA,NA
Full181,empty,4,results/full181_supplement/raw/empty/seed4/boltz_results_full_blind/predictions/full_blind/full_blind_model_0.pdb,nonlocal_intrachain_clashes_lt1p8,6,current_original_model_analysis,,NA,NA
Full181,empty,5,results/full181_supplement/raw/empty/seed5/boltz_results_full_blind/predictions/full_blind/full_blind_model_0.pdb,confidence_score,0.6484165191650391,current_original_model_analysis,,NA,NA
Full181,empty,5,results/full181_supplement/raw/empty/seed5/boltz_results_full_blind/predictions/full_blind/full_blind_model_0.pdb,ptm,0.6014003157615662,current_original_model_analysis,,NA,NA
Full181,empty,5,results/full181_supplement/raw/empty/seed5/boltz_results_full_blind/predictions/full_blind/full_blind_model_0.pdb,iptm,0.4642185568809509,current_original_model_analysis,,NA,NA
Full181,empty,5,results/full181_supplement/raw/empty/seed5/boltz_results_full_blind/predictions/full_blind/full_blind_model_0.pdb,complex_plddt,0.6944659948348999,current_original_model_analysis,,NA,NA
Full181,empty,5,results/full181_supplement/raw/empty/seed5/boltz_results_full_blind/predictions/full_blind/full_blind_model_0.pdb,epitope_residues_4p5,29,current_original_model_analysis,,NA,NA
Full181,empty,5,results/full181_supplement/raw/empty/seed5/boltz_results_full_blind/predictions/full_blind/full_blind_model_0.pdb,paratope_residues_4p5,30,current_original_model_analysis,,NA,NA
Full181,empty,5,results/full181_supplement/raw/empty/seed5/boltz_results_full_blind/predictions/full_blind/full_blind_model_0.pdb,cdr_paratope_residues_4p5,26,current_original_model_analysis,,NA,NA
Full181,empty,5,results/full181_supplement/raw/empty/seed5/boltz_results_full_blind/predictions/full_blind/full_blind_model_0.pdb,hotspot_hits_4p5,16,current_original_model_analysis,,NA,NA
Full181,empty,5,results/full181_supplement/raw/empty/seed5/boltz_results_full_blind/predictions/full_blind/full_blind_model_0.pdb,hotspot_coverage,0.25806451612903225,current_original_model_analysis,,NA,NA
Full181,empty,5,results/full181_supplement/raw/empty/seed5/boltz_results_full_blind/predictions/full_blind/full_blind_model_0.pdb,hotspot_fraction_in_interface,0.5517241379310345,current_original_model_analysis,,NA,NA
Full181,empty,5,results/full181_supplement/full181_prodigy.csv,prodigy_dG_kcal_mol,-17.8,current_original_model_score,,complete,25.0
Full181,empty,5,results/full181_supplement/full181_prodigy.csv,prodigy_Kd_M_25C,8.6e-14,current_original_model_score,,complete,25.0
Full181,empty,5,results/full181_supplement/raw/empty/seed5/boltz_results_full_blind/predictions/full_blind/full_blind_model_0.pdb,chain_breaks,0,current_original_model_analysis,,NA,NA
Full181,empty,5,results/full181_supplement/raw/empty/seed5/boltz_results_full_blind/predictions/full_blind/full_blind_model_0.pdb,peptide_cn_outliers,0,current_original_model_analysis,,NA,NA
Full181,empty,5,results/full181_supplement/raw/empty/seed5/boltz_results_full_blind/predictions/full_blind/full_blind_model_0.pdb,interchain_clashes_lt1p8,5,current_original_model_analysis,,NA,NA
Full181,empty,5,results/full181_supplement/raw/empty/seed5/boltz_results_full_blind/predictions/full_blind/full_blind_model_0.pdb,nonlocal_intrachain_clashes_lt1p8,7,current_original_model_analysis,,NA,NA
Full181,empty,6,results/full181_supplement/raw/empty/seed6/boltz_results_full_blind/predictions/full_blind/full_blind_model_0.pdb,confidence_score,0.6429492831230164,current_original_model_analysis,,NA,NA
Full181,empty,6,results/full181_supplement/raw/empty/seed6/boltz_results_full_blind/predictions/full_blind/full_blind_model_0.pdb,ptm,0.603845477104187,current_original_model_analysis,,NA,NA
Full181,empty,6,results/full181_supplement/raw/empty/seed6/boltz_results_full_blind/predictions/full_blind/full_blind_model_0.pdb,iptm,0.46962910890579224,current_original_model_analysis,,NA,NA
Full181,empty,6,results/full181_supplement/raw/empty/seed6/boltz_results_full_blind/predictions/full_blind/full_blind_model_0.pdb,complex_plddt,0.6862793564796448,current_original_model_analysis,,NA,NA
Full181,empty,6,results/full181_supplement/raw/empty/seed6/boltz_results_full_blind/predictions/full_blind/full_blind_model_0.pdb,epitope_residues_4p5,24,current_original_model_analysis,,NA,NA
Full181,empty,6,results/full181_supplement/raw/empty/seed6/boltz_results_full_blind/predictions/full_blind/full_blind_model_0.pdb,paratope_residues_4p5,25,current_original_model_analysis,,NA,NA
Full181,empty,6,results/full181_supplement/raw/empty/seed6/boltz_results_full_blind/predictions/full_blind/full_blind_model_0.pdb,cdr_paratope_residues_4p5,21,current_original_model_analysis,,NA,NA
Full181,empty,6,results/full181_supplement/raw/empty/seed6/boltz_results_full_blind/predictions/full_blind/full_blind_model_0.pdb,hotspot_hits_4p5,12,current_original_model_analysis,,NA,NA
Full181,empty,6,results/full181_supplement/raw/empty/seed6/boltz_results_full_blind/predictions/full_blind/full_blind_model_0.pdb,hotspot_coverage,0.1935483870967742,current_original_model_analysis,,NA,NA
Full181,empty,6,results/full181_supplement/raw/empty/seed6/boltz_results_full_blind/predictions/full_blind/full_blind_model_0.pdb,hotspot_fraction_in_interface,0.5,current_original_model_analysis,,NA,NA
Full181,empty,6,results/full181_supplement/full181_prodigy.csv,prodigy_dG_kcal_mol,-14.1,current_original_model_score,,complete,25.0
Full181,empty,6,results/full181_supplement/full181_prodigy.csv,prodigy_Kd_M_25C,4.5e-11,current_original_model_score,,complete,25.0
Full181,empty,6,results/full181_supplement/raw/empty/seed6/boltz_results_full_blind/predictions/full_blind/full_blind_model_0.pdb,chain_breaks,0,current_original_model_analysis,,NA,NA
Full181,empty,6,results/full181_supplement/raw/empty/seed6/boltz_results_full_blind/predictions/full_blind/full_blind_model_0.pdb,peptide_cn_outliers,0,current_original_model_analysis,,NA,NA
Full181,empty,6,results/full181_supplement/raw/empty/seed6/boltz_results_full_blind/predictions/full_blind/full_blind_model_0.pdb,interchain_clashes_lt1p8,5,current_original_model_analysis,,NA,NA
Full181,empty,6,results/full181_supplement/raw/empty/seed6/boltz_results_full_blind/predictions/full_blind/full_blind_model_0.pdb,nonlocal_intrachain_clashes_lt1p8,6,current_original_model_analysis,,NA,NA
Full181,empty,7,results/full181_supplement/raw/empty/seed7/boltz_results_full_blind/predictions/full_blind/full_blind_model_0.pdb,confidence_score,0.642446756362915,current_original_model_analysis,,NA,NA
Full181,empty,7,results/full181_supplement/raw/empty/seed7/boltz_results_full_blind/predictions/full_blind/full_blind_model_0.pdb,ptm,0.6063759922981262,current_original_model_analysis,,NA,NA
Full181,empty,7,results/full181_supplement/raw/empty/seed7/boltz_results_full_blind/predictions/full_blind/full_blind_model_0.pdb,iptm,0.4717978537082672,current_original_model_analysis,,NA,NA
Full181,empty,7,results/full181_supplement/raw/empty/seed7/boltz_results_full_blind/predictions/full_blind/full_blind_model_0.pdb,complex_plddt,0.6851089596748352,current_original_model_analysis,,NA,NA
Full181,empty,7,results/full181_supplement/raw/empty/seed7/boltz_results_full_blind/predictions/full_blind/full_blind_model_0.pdb,epitope_residues_4p5,28,current_original_model_analysis,,NA,NA
Full181,empty,7,results/full181_supplement/raw/empty/seed7/boltz_results_full_blind/predictions/full_blind/full_blind_model_0.pdb,paratope_residues_4p5,31,current_original_model_analysis,,NA,NA
Full181,empty,7,results/full181_supplement/raw/empty/seed7/boltz_results_full_blind/predictions/full_blind/full_blind_model_0.pdb,cdr_paratope_residues_4p5,24,current_original_model_analysis,,NA,NA
Full181,empty,7,results/full181_supplement/raw/empty/seed7/boltz_results_full_blind/predictions/full_blind/full_blind_model_0.pdb,hotspot_hits_4p5,14,current_original_model_analysis,,NA,NA
Full181,empty,7,results/full181_supplement/raw/empty/seed7/boltz_results_full_blind/predictions/full_blind/full_blind_model_0.pdb,hotspot_coverage,0.22580645161290322,current_original_model_analysis,,NA,NA
Full181,empty,7,results/full181_supplement/raw/empty/seed7/boltz_results_full_blind/predictions/full_blind/full_blind_model_0.pdb,hotspot_fraction_in_interface,0.5,current_original_model_analysis,,NA,NA
Full181,empty,7,results/full181_supplement/full181_prodigy.csv,prodigy_dG_kcal_mol,-16.0,current_original_model_score,,complete,25.0
Full181,empty,7,results/full181_supplement/full181_prodigy.csv,prodigy_Kd_M_25C,2e-12,current_original_model_score,,complete,25.0
Full181,empty,7,results/full181_supplement/raw/empty/seed7/boltz_results_full_blind/predictions/full_blind/full_blind_model_0.pdb,chain_breaks,0,current_original_model_analysis,,NA,NA
Full181,empty,7,results/full181_supplement/raw/empty/seed7/boltz_results_full_blind/predictions/full_blind/full_blind_model_0.pdb,peptide_cn_outliers,0,current_original_model_analysis,,NA,NA
Full181,empty,7,results/full181_supplement/raw/empty/seed7/boltz_results_full_blind/predictions/full_blind/full_blind_model_0.pdb,interchain_clashes_lt1p8,14,current_original_model_analysis,,NA,NA
Full181,empty,7,results/full181_supplement/raw/empty/seed7/boltz_results_full_blind/predictions/full_blind/full_blind_model_0.pdb,nonlocal_intrachain_clashes_lt1p8,70,current_original_model_analysis,,NA,NA
Full181,empty,8,results/full181_supplement/raw/empty/seed8/boltz_results_full_blind/predictions/full_blind/full_blind_model_0.pdb,confidence_score,0.6518325209617615,current_original_model_analysis,,NA,NA
Full181,empty,8,results/full181_supplement/raw/empty/seed8/boltz_results_full_blind/predictions/full_blind/full_blind_model_0.pdb,ptm,0.6197454333305359,current_original_model_analysis,,NA,NA
Full181,empty,8,results/full181_supplement/raw/empty/seed8/boltz_results_full_blind/predictions/full_blind/full_blind_model_0.pdb,iptm,0.4910964369773865,current_original_model_analysis,,NA,NA
Full181,empty,8,results/full181_supplement/raw/empty/seed8/boltz_results_full_blind/predictions/full_blind/full_blind_model_0.pdb,complex_plddt,0.6920165419578552,current_original_model_analysis,,NA,NA
Full181,empty,8,results/full181_supplement/raw/empty/seed8/boltz_results_full_blind/predictions/full_blind/full_blind_model_0.pdb,epitope_residues_4p5,25,current_original_model_analysis,,NA,NA
Full181,empty,8,results/full181_supplement/raw/empty/seed8/boltz_results_full_blind/predictions/full_blind/full_blind_model_0.pdb,paratope_residues_4p5,29,current_original_model_analysis,,NA,NA
Full181,empty,8,results/full181_supplement/raw/empty/seed8/boltz_results_full_blind/predictions/full_blind/full_blind_model_0.pdb,cdr_paratope_residues_4p5,24,current_original_model_analysis,,NA,NA
Full181,empty,8,results/full181_supplement/raw/empty/seed8/boltz_results_full_blind/predictions/full_blind/full_blind_model_0.pdb,hotspot_hits_4p5,6,current_original_model_analysis,,NA,NA
Full181,empty,8,results/full181_supplement/raw/empty/seed8/boltz_results_full_blind/predictions/full_blind/full_blind_model_0.pdb,hotspot_coverage,0.0967741935483871,current_original_model_analysis,,NA,NA
Full181,empty,8,results/full181_supplement/raw/empty/seed8/boltz_results_full_blind/predictions/full_blind/full_blind_model_0.pdb,hotspot_fraction_in_interface,0.24,current_original_model_analysis,,NA,NA
Full181,empty,8,results/full181_supplement/full181_prodigy.csv,prodigy_dG_kcal_mol,-12.6,current_original_model_score,,complete,25.0
Full181,empty,8,results/full181_supplement/full181_prodigy.csv,prodigy_Kd_M_25C,5.9e-10,current_original_model_score,,complete,25.0
Full181,empty,8,results/full181_supplement/raw/empty/seed8/boltz_results_full_blind/predictions/full_blind/full_blind_model_0.pdb,chain_breaks,0,current_original_model_analysis,,NA,NA
Full181,empty,8,results/full181_supplement/raw/empty/seed8/boltz_results_full_blind/predictions/full_blind/full_blind_model_0.pdb,peptide_cn_outliers,0,current_original_model_analysis,,NA,NA
Full181,empty,8,results/full181_supplement/raw/empty/seed8/boltz_results_full_blind/predictions/full_blind/full_blind_model_0.pdb,interchain_clashes_lt1p8,6,current_original_model_analysis,,NA,NA
Full181,empty,8,results/full181_supplement/raw/empty/seed8/boltz_results_full_blind/predictions/full_blind/full_blind_model_0.pdb,nonlocal_intrachain_clashes_lt1p8,29,current_original_model_analysis,,NA,NA
Full181,empty,9,results/full181_supplement/raw/empty/seed9/boltz_results_full_blind/predictions/full_blind/full_blind_model_0.pdb,confidence_score,0.6573372483253479,current_original_model_analysis,,NA,NA
Full181,empty,9,results/full181_supplement/raw/empty/seed9/boltz_results_full_blind/predictions/full_blind/full_blind_model_0.pdb,ptm,0.6126547455787659,current_original_model_analysis,,NA,NA
Full181,empty,9,results/full181_supplement/raw/empty/seed9/boltz_results_full_blind/predictions/full_blind/full_blind_model_0.pdb,iptm,0.4785476624965668,current_original_model_analysis,,NA,NA
Full181,empty,9,results/full181_supplement/raw/empty/seed9/boltz_results_full_blind/predictions/full_blind/full_blind_model_0.pdb,complex_plddt,0.7020346522331238,current_original_model_analysis,,NA,NA
Full181,empty,9,results/full181_supplement/raw/empty/seed9/boltz_results_full_blind/predictions/full_blind/full_blind_model_0.pdb,epitope_residues_4p5,26,current_original_model_analysis,,NA,NA
Full181,empty,9,results/full181_supplement/raw/empty/seed9/boltz_results_full_blind/predictions/full_blind/full_blind_model_0.pdb,paratope_residues_4p5,27,current_original_model_analysis,,NA,NA
Full181,empty,9,results/full181_supplement/raw/empty/seed9/boltz_results_full_blind/predictions/full_blind/full_blind_model_0.pdb,cdr_paratope_residues_4p5,23,current_original_model_analysis,,NA,NA
Full181,empty,9,results/full181_supplement/raw/empty/seed9/boltz_results_full_blind/predictions/full_blind/full_blind_model_0.pdb,hotspot_hits_4p5,11,current_original_model_analysis,,NA,NA
Full181,empty,9,results/full181_supplement/raw/empty/seed9/boltz_results_full_blind/predictions/full_blind/full_blind_model_0.pdb,hotspot_coverage,0.1774193548387097,current_original_model_analysis,,NA,NA
Full181,empty,9,results/full181_supplement/raw/empty/seed9/boltz_results_full_blind/predictions/full_blind/full_blind_model_0.pdb,hotspot_fraction_in_interface,0.4230769230769231,current_original_model_analysis,,NA,NA
Full181,empty,9,results/full181_supplement/full181_prodigy.csv,prodigy_dG_kcal_mol,-15.8,current_original_model_score,,complete,25.0
Full181,empty,9,results/full181_supplement/full181_prodigy.csv,prodigy_Kd_M_25C,2.6e-12,current_original_model_score,,complete,25.0
Full181,empty,9,results/full181_supplement/raw/empty/seed9/boltz_results_full_blind/predictions/full_blind/full_blind_model_0.pdb,chain_breaks,0,current_original_model_analysis,,NA,NA
Full181,empty,9,results/full181_supplement/raw/empty/seed9/boltz_results_full_blind/predictions/full_blind/full_blind_model_0.pdb,peptide_cn_outliers,0,current_original_model_analysis,,NA,NA
Full181,empty,9,results/full181_supplement/raw/empty/seed9/boltz_results_full_blind/predictions/full_blind/full_blind_model_0.pdb,interchain_clashes_lt1p8,5,current_original_model_analysis,,NA,NA
Full181,empty,9,results/full181_supplement/raw/empty/seed9/boltz_results_full_blind/predictions/full_blind/full_blind_model_0.pdb,nonlocal_intrachain_clashes_lt1p8,21,current_original_model_analysis,,NA,NA
Full181,empty,10,results/full181_supplement/raw/empty/seed10/boltz_results_full_blind/predictions/full_blind/full_blind_model_0.pdb,confidence_score,0.6483259797096252,current_original_model_analysis,,NA,NA
Full181,empty,10,results/full181_supplement/raw/empty/seed10/boltz_results_full_blind/predictions/full_blind/full_blind_model_0.pdb,ptm,0.6001668572425842,current_original_model_analysis,,NA,NA
Full181,empty,10,results/full181_supplement/raw/empty/seed10/boltz_results_full_blind/predictions/full_blind/full_blind_model_0.pdb,iptm,0.4609266221523285,current_original_model_analysis,,NA,NA
Full181,empty,10,results/full181_supplement/raw/empty/seed10/boltz_results_full_blind/predictions/full_blind/full_blind_model_0.pdb,complex_plddt,0.69517582654953,current_original_model_analysis,,NA,NA
Full181,empty,10,results/full181_supplement/raw/empty/seed10/boltz_results_full_blind/predictions/full_blind/full_blind_model_0.pdb,epitope_residues_4p5,28,current_original_model_analysis,,NA,NA
Full181,empty,10,results/full181_supplement/raw/empty/seed10/boltz_results_full_blind/predictions/full_blind/full_blind_model_0.pdb,paratope_residues_4p5,28,current_original_model_analysis,,NA,NA
Full181,empty,10,results/full181_supplement/raw/empty/seed10/boltz_results_full_blind/predictions/full_blind/full_blind_model_0.pdb,cdr_paratope_residues_4p5,24,current_original_model_analysis,,NA,NA
Full181,empty,10,results/full181_supplement/raw/empty/seed10/boltz_results_full_blind/predictions/full_blind/full_blind_model_0.pdb,hotspot_hits_4p5,11,current_original_model_analysis,,NA,NA
Full181,empty,10,results/full181_supplement/raw/empty/seed10/boltz_results_full_blind/predictions/full_blind/full_blind_model_0.pdb,hotspot_coverage,0.1774193548387097,current_original_model_analysis,,NA,NA
Full181,empty,10,results/full181_supplement/raw/empty/seed10/boltz_results_full_blind/predictions/full_blind/full_blind_model_0.pdb,hotspot_fraction_in_interface,0.39285714285714285,current_original_model_analysis,,NA,NA
Full181,empty,10,results/full181_supplement/full181_prodigy.csv,prodigy_dG_kcal_mol,-15.3,current_original_model_score,,complete,25.0
Full181,empty,10,results/full181_supplement/full181_prodigy.csv,prodigy_Kd_M_25C,5.8e-12,current_original_model_score,,complete,25.0
Full181,empty,10,results/full181_supplement/raw/empty/seed10/boltz_results_full_blind/predictions/full_blind/full_blind_model_0.pdb,chain_breaks,0,current_original_model_analysis,,NA,NA
Full181,empty,10,results/full181_supplement/raw/empty/seed10/boltz_results_full_blind/predictions/full_blind/full_blind_model_0.pdb,peptide_cn_outliers,0,current_original_model_analysis,,NA,NA
Full181,empty,10,results/full181_supplement/raw/empty/seed10/boltz_results_full_blind/predictions/full_blind/full_blind_model_0.pdb,interchain_clashes_lt1p8,10,current_original_model_analysis,,NA,NA
Full181,empty,10,results/full181_supplement/raw/empty/seed10/boltz_results_full_blind/predictions/full_blind/full_blind_model_0.pdb,nonlocal_intrachain_clashes_lt1p8,47,current_original_model_analysis,,NA,NA
Full181,empty,11,results/full181_supplement/raw/empty/seed11/boltz_results_full_blind/predictions/full_blind/full_blind_model_0.pdb,confidence_score,0.6529277563095093,current_original_model_analysis,,NA,NA
Full181,empty,11,results/full181_supplement/raw/empty/seed11/boltz_results_full_blind/predictions/full_blind/full_blind_model_0.pdb,ptm,0.6024271845817566,current_original_model_analysis,,NA,NA
Full181,empty,11,results/full181_supplement/raw/empty/seed11/boltz_results_full_blind/predictions/full_blind/full_blind_model_0.pdb,iptm,0.4665720760822296,current_original_model_analysis,,NA,NA
Full181,empty,11,results/full181_supplement/raw/empty/seed11/boltz_results_full_blind/predictions/full_blind/full_blind_model_0.pdb,complex_plddt,0.6995166540145874,current_original_model_analysis,,NA,NA
Full181,empty,11,results/full181_supplement/raw/empty/seed11/boltz_results_full_blind/predictions/full_blind/full_blind_model_0.pdb,epitope_residues_4p5,29,current_original_model_analysis,,NA,NA
Full181,empty,11,results/full181_supplement/raw/empty/seed11/boltz_results_full_blind/predictions/full_blind/full_blind_model_0.pdb,paratope_residues_4p5,32,current_original_model_analysis,,NA,NA
Full181,empty,11,results/full181_supplement/raw/empty/seed11/boltz_results_full_blind/predictions/full_blind/full_blind_model_0.pdb,cdr_paratope_residues_4p5,27,current_original_model_analysis,,NA,NA
Full181,empty,11,results/full181_supplement/raw/empty/seed11/boltz_results_full_blind/predictions/full_blind/full_blind_model_0.pdb,hotspot_hits_4p5,16,current_original_model_analysis,,NA,NA
Full181,empty,11,results/full181_supplement/raw/empty/seed11/boltz_results_full_blind/predictions/full_blind/full_blind_model_0.pdb,hotspot_coverage,0.25806451612903225,current_original_model_analysis,,NA,NA
Full181,empty,11,results/full181_supplement/raw/empty/seed11/boltz_results_full_blind/predictions/full_blind/full_blind_model_0.pdb,hotspot_fraction_in_interface,0.5517241379310345,current_original_model_analysis,,NA,NA
Full181,empty,11,results/full181_supplement/full181_prodigy.csv,prodigy_dG_kcal_mol,-17.3,current_original_model_score,,complete,25.0
Full181,empty,11,results/full181_supplement/full181_prodigy.csv,prodigy_Kd_M_25C,2.2e-13,current_original_model_score,,complete,25.0
Full181,empty,11,results/full181_supplement/raw/empty/seed11/boltz_results_full_blind/predictions/full_blind/full_blind_model_0.pdb,chain_breaks,0,current_original_model_analysis,,NA,NA
Full181,empty,11,results/full181_supplement/raw/empty/seed11/boltz_results_full_blind/predictions/full_blind/full_blind_model_0.pdb,peptide_cn_outliers,0,current_original_model_analysis,,NA,NA
Full181,empty,11,results/full181_supplement/raw/empty/seed11/boltz_results_full_blind/predictions/full_blind/full_blind_model_0.pdb,interchain_clashes_lt1p8,11,current_original_model_analysis,,NA,NA
Full181,empty,11,results/full181_supplement/raw/empty/seed11/boltz_results_full_blind/predictions/full_blind/full_blind_model_0.pdb,nonlocal_intrachain_clashes_lt1p8,28,current_original_model_analysis,,NA,NA
Full181,empty,12,results/full181_supplement/raw/empty/seed12/boltz_results_full_blind/predictions/full_blind/full_blind_model_0.pdb,confidence_score,0.6575952768325806,current_original_model_analysis,,NA,NA
Full181,empty,12,results/full181_supplement/raw/empty/seed12/boltz_results_full_blind/predictions/full_blind/full_blind_model_0.pdb,ptm,0.6013628244400024,current_original_model_analysis,,NA,NA
Full181,empty,12,results/full181_supplement/raw/empty/seed12/boltz_results_full_blind/predictions/full_blind/full_blind_model_0.pdb,iptm,0.46635639667510986,current_original_model_analysis,,NA,NA
Full181,empty,12,results/full181_supplement/raw/empty/seed12/boltz_results_full_blind/predictions/full_blind/full_blind_model_0.pdb,complex_plddt,0.7054049372673035,current_original_model_analysis,,NA,NA
Full181,empty,12,results/full181_supplement/raw/empty/seed12/boltz_results_full_blind/predictions/full_blind/full_blind_model_0.pdb,epitope_residues_4p5,21,current_original_model_analysis,,NA,NA
Full181,empty,12,results/full181_supplement/raw/empty/seed12/boltz_results_full_blind/predictions/full_blind/full_blind_model_0.pdb,paratope_residues_4p5,24,current_original_model_analysis,,NA,NA
Full181,empty,12,results/full181_supplement/raw/empty/seed12/boltz_results_full_blind/predictions/full_blind/full_blind_model_0.pdb,cdr_paratope_residues_4p5,21,current_original_model_analysis,,NA,NA
Full181,empty,12,results/full181_supplement/raw/empty/seed12/boltz_results_full_blind/predictions/full_blind/full_blind_model_0.pdb,hotspot_hits_4p5,6,current_original_model_analysis,,NA,NA
Full181,empty,12,results/full181_supplement/raw/empty/seed12/boltz_results_full_blind/predictions/full_blind/full_blind_model_0.pdb,hotspot_coverage,0.0967741935483871,current_original_model_analysis,,NA,NA
Full181,empty,12,results/full181_supplement/raw/empty/seed12/boltz_results_full_blind/predictions/full_blind/full_blind_model_0.pdb,hotspot_fraction_in_interface,0.2857142857142857,current_original_model_analysis,,NA,NA
Full181,empty,12,results/full181_supplement/full181_prodigy.csv,prodigy_dG_kcal_mol,-12.2,current_original_model_score,,complete,25.0
Full181,empty,12,results/full181_supplement/full181_prodigy.csv,prodigy_Kd_M_25C,1.2e-09,current_original_model_score,,complete,25.0
Full181,empty,12,results/full181_supplement/raw/empty/seed12/boltz_results_full_blind/predictions/full_blind/full_blind_model_0.pdb,chain_breaks,0,current_original_model_analysis,,NA,NA
Full181,empty,12,results/full181_supplement/raw/empty/seed12/boltz_results_full_blind/predictions/full_blind/full_blind_model_0.pdb,peptide_cn_outliers,0,current_original_model_analysis,,NA,NA
Full181,empty,12,results/full181_supplement/raw/empty/seed12/boltz_results_full_blind/predictions/full_blind/full_blind_model_0.pdb,interchain_clashes_lt1p8,7,current_original_model_analysis,,NA,NA
Full181,empty,12,results/full181_supplement/raw/empty/seed12/boltz_results_full_blind/predictions/full_blind/full_blind_model_0.pdb,nonlocal_intrachain_clashes_lt1p8,18,current_original_model_analysis,,NA,NA
Full181,empty,13,results/full181_supplement/raw/empty/seed13/boltz_results_full_blind/predictions/full_blind/full_blind_model_0.pdb,confidence_score,0.6464687585830688,current_original_model_analysis,,NA,NA
Full181,empty,13,results/full181_supplement/raw/empty/seed13/boltz_results_full_blind/predictions/full_blind/full_blind_model_0.pdb,ptm,0.5968406200408936,current_original_model_analysis,,NA,NA
Full181,empty,13,results/full181_supplement/raw/empty/seed13/boltz_results_full_blind/predictions/full_blind/full_blind_model_0.pdb,iptm,0.458979994058609,current_original_model_analysis,,NA,NA
Full181,empty,13,results/full181_supplement/raw/empty/seed13/boltz_results_full_blind/predictions/full_blind/full_blind_model_0.pdb,complex_plddt,0.6933408975601196,current_original_model_analysis,,NA,NA
Full181,empty,13,results/full181_supplement/raw/empty/seed13/boltz_results_full_blind/predictions/full_blind/full_blind_model_0.pdb,epitope_residues_4p5,30,current_original_model_analysis,,NA,NA
Full181,empty,13,results/full181_supplement/raw/empty/seed13/boltz_results_full_blind/predictions/full_blind/full_blind_model_0.pdb,paratope_residues_4p5,27,current_original_model_analysis,,NA,NA
Full181,empty,13,results/full181_supplement/raw/empty/seed13/boltz_results_full_blind/predictions/full_blind/full_blind_model_0.pdb,cdr_paratope_residues_4p5,23,current_original_model_analysis,,NA,NA
Full181,empty,13,results/full181_supplement/raw/empty/seed13/boltz_results_full_blind/predictions/full_blind/full_blind_model_0.pdb,hotspot_hits_4p5,15,current_original_model_analysis,,NA,NA
Full181,empty,13,results/full181_supplement/raw/empty/seed13/boltz_results_full_blind/predictions/full_blind/full_blind_model_0.pdb,hotspot_coverage,0.24193548387096775,current_original_model_analysis,,NA,NA
Full181,empty,13,results/full181_supplement/raw/empty/seed13/boltz_results_full_blind/predictions/full_blind/full_blind_model_0.pdb,hotspot_fraction_in_interface,0.5,current_original_model_analysis,,NA,NA
Full181,empty,13,results/full181_supplement/full181_prodigy.csv,prodigy_dG_kcal_mol,-15.6,current_original_model_score,,complete,25.0
Full181,empty,13,results/full181_supplement/full181_prodigy.csv,prodigy_Kd_M_25C,3.6e-12,current_original_model_score,,complete,25.0
Full181,empty,13,results/full181_supplement/raw/empty/seed13/boltz_results_full_blind/predictions/full_blind/full_blind_model_0.pdb,chain_breaks,0,current_original_model_analysis,,NA,NA
Full181,empty,13,results/full181_supplement/raw/empty/seed13/boltz_results_full_blind/predictions/full_blind/full_blind_model_0.pdb,peptide_cn_outliers,0,current_original_model_analysis,,NA,NA
Full181,empty,13,results/full181_supplement/raw/empty/seed13/boltz_results_full_blind/predictions/full_blind/full_blind_model_0.pdb,interchain_clashes_lt1p8,7,current_original_model_analysis,,NA,NA
Full181,empty,13,results/full181_supplement/raw/empty/seed13/boltz_results_full_blind/predictions/full_blind/full_blind_model_0.pdb,nonlocal_intrachain_clashes_lt1p8,12,current_original_model_analysis,,NA,NA
Full181,empty,14,results/full181_supplement/raw/empty/seed14/boltz_results_full_blind/predictions/full_blind/full_blind_model_0.pdb,confidence_score,0.6583734750747681,current_original_model_analysis,,NA,NA
Full181,empty,14,results/full181_supplement/raw/empty/seed14/boltz_results_full_blind/predictions/full_blind/full_blind_model_0.pdb,ptm,0.6183002591133118,current_original_model_analysis,,NA,NA
Full181,empty,14,results/full181_supplement/raw/empty/seed14/boltz_results_full_blind/predictions/full_blind/full_blind_model_0.pdb,iptm,0.48912373185157776,current_original_model_analysis,,NA,NA
Full181,empty,14,results/full181_supplement/raw/empty/seed14/boltz_results_full_blind/predictions/full_blind/full_blind_model_0.pdb,complex_plddt,0.7006858587265015,current_original_model_analysis,,NA,NA
Full181,empty,14,results/full181_supplement/raw/empty/seed14/boltz_results_full_blind/predictions/full_blind/full_blind_model_0.pdb,epitope_residues_4p5,18,current_original_model_analysis,,NA,NA
Full181,empty,14,results/full181_supplement/raw/empty/seed14/boltz_results_full_blind/predictions/full_blind/full_blind_model_0.pdb,paratope_residues_4p5,25,current_original_model_analysis,,NA,NA
Full181,empty,14,results/full181_supplement/raw/empty/seed14/boltz_results_full_blind/predictions/full_blind/full_blind_model_0.pdb,cdr_paratope_residues_4p5,23,current_original_model_analysis,,NA,NA
Full181,empty,14,results/full181_supplement/raw/empty/seed14/boltz_results_full_blind/predictions/full_blind/full_blind_model_0.pdb,hotspot_hits_4p5,4,current_original_model_analysis,,NA,NA
Full181,empty,14,results/full181_supplement/raw/empty/seed14/boltz_results_full_blind/predictions/full_blind/full_blind_model_0.pdb,hotspot_coverage,0.06451612903225806,current_original_model_analysis,,NA,NA
Full181,empty,14,results/full181_supplement/raw/empty/seed14/boltz_results_full_blind/predictions/full_blind/full_blind_model_0.pdb,hotspot_fraction_in_interface,0.2222222222222222,current_original_model_analysis,,NA,NA
Full181,empty,14,results/full181_supplement/full181_prodigy.csv,prodigy_dG_kcal_mol,-12.5,current_original_model_score,,complete,25.0
Full181,empty,14,results/full181_supplement/full181_prodigy.csv,prodigy_Kd_M_25C,6.4e-10,current_original_model_score,,complete,25.0
Full181,empty,14,results/full181_supplement/raw/empty/seed14/boltz_results_full_blind/predictions/full_blind/full_blind_model_0.pdb,chain_breaks,0,current_original_model_analysis,,NA,NA
Full181,empty,14,results/full181_supplement/raw/empty/seed14/boltz_results_full_blind/predictions/full_blind/full_blind_model_0.pdb,peptide_cn_outliers,0,current_original_model_analysis,,NA,NA
Full181,empty,14,results/full181_supplement/raw/empty/seed14/boltz_results_full_blind/predictions/full_blind/full_blind_model_0.pdb,interchain_clashes_lt1p8,3,current_original_model_analysis,,NA,NA
Full181,empty,14,results/full181_supplement/raw/empty/seed14/boltz_results_full_blind/predictions/full_blind/full_blind_model_0.pdb,nonlocal_intrachain_clashes_lt1p8,22,current_original_model_analysis,,NA,NA
Full181,empty,15,results/full181_supplement/raw/empty/seed15/boltz_results_full_blind/predictions/full_blind/full_blind_model_0.pdb,confidence_score,0.6537813544273376,current_original_model_analysis,,NA,NA
Full181,empty,15,results/full181_supplement/raw/empty/seed15/boltz_results_full_blind/predictions/full_blind/full_blind_model_0.pdb,ptm,0.5954633355140686,current_original_model_analysis,,NA,NA
Full181,empty,15,results/full181_supplement/raw/empty/seed15/boltz_results_full_blind/predictions/full_blind/full_blind_model_0.pdb,iptm,0.45770588517189026,current_original_model_analysis,,NA,NA
Full181,empty,15,results/full181_supplement/raw/empty/seed15/boltz_results_full_blind/predictions/full_blind/full_blind_model_0.pdb,complex_plddt,0.7028002142906189,current_original_model_analysis,,NA,NA
Full181,empty,15,results/full181_supplement/raw/empty/seed15/boltz_results_full_blind/predictions/full_blind/full_blind_model_0.pdb,epitope_residues_4p5,19,current_original_model_analysis,,NA,NA
Full181,empty,15,results/full181_supplement/raw/empty/seed15/boltz_results_full_blind/predictions/full_blind/full_blind_model_0.pdb,paratope_residues_4p5,26,current_original_model_analysis,,NA,NA
Full181,empty,15,results/full181_supplement/raw/empty/seed15/boltz_results_full_blind/predictions/full_blind/full_blind_model_0.pdb,cdr_paratope_residues_4p5,23,current_original_model_analysis,,NA,NA
Full181,empty,15,results/full181_supplement/raw/empty/seed15/boltz_results_full_blind/predictions/full_blind/full_blind_model_0.pdb,hotspot_hits_4p5,7,current_original_model_analysis,,NA,NA
Full181,empty,15,results/full181_supplement/raw/empty/seed15/boltz_results_full_blind/predictions/full_blind/full_blind_model_0.pdb,hotspot_coverage,0.11290322580645161,current_original_model_analysis,,NA,NA
Full181,empty,15,results/full181_supplement/raw/empty/seed15/boltz_results_full_blind/predictions/full_blind/full_blind_model_0.pdb,hotspot_fraction_in_interface,0.3684210526315789,current_original_model_analysis,,NA,NA
Full181,empty,15,results/full181_supplement/full181_prodigy.csv,prodigy_dG_kcal_mol,-13.7,current_original_model_score,,complete,25.0
Full181,empty,15,results/full181_supplement/full181_prodigy.csv,prodigy_Kd_M_25C,9e-11,current_original_model_score,,complete,25.0
Full181,empty,15,results/full181_supplement/raw/empty/seed15/boltz_results_full_blind/predictions/full_blind/full_blind_model_0.pdb,chain_breaks,0,current_original_model_analysis,,NA,NA
Full181,empty,15,results/full181_supplement/raw/empty/seed15/boltz_results_full_blind/predictions/full_blind/full_blind_model_0.pdb,peptide_cn_outliers,0,current_original_model_analysis,,NA,NA
Full181,empty,15,results/full181_supplement/raw/empty/seed15/boltz_results_full_blind/predictions/full_blind/full_blind_model_0.pdb,interchain_clashes_lt1p8,7,current_original_model_analysis,,NA,NA
Full181,empty,15,results/full181_supplement/raw/empty/seed15/boltz_results_full_blind/predictions/full_blind/full_blind_model_0.pdb,nonlocal_intrachain_clashes_lt1p8,7,current_original_model_analysis,,NA,NA
Full181,formal_msa,1,results/full181_supplement/raw/formal_msa/seed1/boltz_results_full_blind_msa/predictions/full_blind_msa/full_blind_msa_model_0.pdb,confidence_score,0.7480143904685974,current_original_model_analysis,,NA,NA
Full181,formal_msa,1,results/full181_supplement/raw/formal_msa/seed1/boltz_results_full_blind_msa/predictions/full_blind_msa/full_blind_msa_model_0.pdb,ptm,0.5954650044441223,current_original_model_analysis,,NA,NA
Full181,formal_msa,1,results/full181_supplement/raw/formal_msa/seed1/boltz_results_full_blind_msa/predictions/full_blind_msa/full_blind_msa_model_0.pdb,iptm,0.45742911100387573,current_original_model_analysis,,NA,NA
Full181,formal_msa,1,results/full181_supplement/raw/formal_msa/seed1/boltz_results_full_blind_msa/predictions/full_blind_msa/full_blind_msa_model_0.pdb,complex_plddt,0.8206606507301331,current_original_model_analysis,,NA,NA
Full181,formal_msa,1,results/full181_supplement/raw/formal_msa/seed1/boltz_results_full_blind_msa/predictions/full_blind_msa/full_blind_msa_model_0.pdb,epitope_residues_4p5,28,current_original_model_analysis,,NA,NA
Full181,formal_msa,1,results/full181_supplement/raw/formal_msa/seed1/boltz_results_full_blind_msa/predictions/full_blind_msa/full_blind_msa_model_0.pdb,paratope_residues_4p5,27,current_original_model_analysis,,NA,NA
Full181,formal_msa,1,results/full181_supplement/raw/formal_msa/seed1/boltz_results_full_blind_msa/predictions/full_blind_msa/full_blind_msa_model_0.pdb,cdr_paratope_residues_4p5,24,current_original_model_analysis,,NA,NA
Full181,formal_msa,1,results/full181_supplement/raw/formal_msa/seed1/boltz_results_full_blind_msa/predictions/full_blind_msa/full_blind_msa_model_0.pdb,hotspot_hits_4p5,8,current_original_model_analysis,,NA,NA
Full181,formal_msa,1,results/full181_supplement/raw/formal_msa/seed1/boltz_results_full_blind_msa/predictions/full_blind_msa/full_blind_msa_model_0.pdb,hotspot_coverage,0.12903225806451613,current_original_model_analysis,,NA,NA
Full181,formal_msa,1,results/full181_supplement/raw/formal_msa/seed1/boltz_results_full_blind_msa/predictions/full_blind_msa/full_blind_msa_model_0.pdb,hotspot_fraction_in_interface,0.2857142857142857,current_original_model_analysis,,NA,NA
Full181,formal_msa,1,results/full181_supplement/full181_prodigy.csv,prodigy_dG_kcal_mol,-15.3,current_original_model_score,,complete,25.0
Full181,formal_msa,1,results/full181_supplement/full181_prodigy.csv,prodigy_Kd_M_25C,5.7e-12,current_original_model_score,,complete,25.0
Full181,formal_msa,1,results/full181_supplement/raw/formal_msa/seed1/boltz_results_full_blind_msa/predictions/full_blind_msa/full_blind_msa_model_0.pdb,chain_breaks,0,current_original_model_analysis,,NA,NA
Full181,formal_msa,1,results/full181_supplement/raw/formal_msa/seed1/boltz_results_full_blind_msa/predictions/full_blind_msa/full_blind_msa_model_0.pdb,peptide_cn_outliers,0,current_original_model_analysis,,NA,NA
Full181,formal_msa,1,results/full181_supplement/raw/formal_msa/seed1/boltz_results_full_blind_msa/predictions/full_blind_msa/full_blind_msa_model_0.pdb,interchain_clashes_lt1p8,4,current_original_model_analysis,,NA,NA
Full181,formal_msa,1,results/full181_supplement/raw/formal_msa/seed1/boltz_results_full_blind_msa/predictions/full_blind_msa/full_blind_msa_model_0.pdb,nonlocal_intrachain_clashes_lt1p8,13,current_original_model_analysis,,NA,NA
Full181,formal_msa,2,results/full181_supplement/raw/formal_msa/seed2/boltz_results_full_blind_msa/predictions/full_blind_msa/full_blind_msa_model_0.pdb,confidence_score,0.7546635270118713,current_original_model_analysis,,NA,NA
Full181,formal_msa,2,results/full181_supplement/raw/formal_msa/seed2/boltz_results_full_blind_msa/predictions/full_blind_msa/full_blind_msa_model_0.pdb,ptm,0.6224455237388611,current_original_model_analysis,,NA,NA
Full181,formal_msa,2,results/full181_supplement/raw/formal_msa/seed2/boltz_results_full_blind_msa/predictions/full_blind_msa/full_blind_msa_model_0.pdb,iptm,0.4885307252407074,current_original_model_analysis,,NA,NA
Full181,formal_msa,2,results/full181_supplement/raw/formal_msa/seed2/boltz_results_full_blind_msa/predictions/full_blind_msa/full_blind_msa_model_0.pdb,complex_plddt,0.8211967349052429,current_original_model_analysis,,NA,NA
Full181,formal_msa,2,results/full181_supplement/raw/formal_msa/seed2/boltz_results_full_blind_msa/predictions/full_blind_msa/full_blind_msa_model_0.pdb,epitope_residues_4p5,12,current_original_model_analysis,,NA,NA
Full181,formal_msa,2,results/full181_supplement/raw/formal_msa/seed2/boltz_results_full_blind_msa/predictions/full_blind_msa/full_blind_msa_model_0.pdb,paratope_residues_4p5,17,current_original_model_analysis,,NA,NA
Full181,formal_msa,2,results/full181_supplement/raw/formal_msa/seed2/boltz_results_full_blind_msa/predictions/full_blind_msa/full_blind_msa_model_0.pdb,cdr_paratope_residues_4p5,14,current_original_model_analysis,,NA,NA
Full181,formal_msa,2,results/full181_supplement/raw/formal_msa/seed2/boltz_results_full_blind_msa/predictions/full_blind_msa/full_blind_msa_model_0.pdb,hotspot_hits_4p5,10,current_original_model_analysis,,NA,NA
Full181,formal_msa,2,results/full181_supplement/raw/formal_msa/seed2/boltz_results_full_blind_msa/predictions/full_blind_msa/full_blind_msa_model_0.pdb,hotspot_coverage,0.16129032258064516,current_original_model_analysis,,NA,NA
Full181,formal_msa,2,results/full181_supplement/raw/formal_msa/seed2/boltz_results_full_blind_msa/predictions/full_blind_msa/full_blind_msa_model_0.pdb,hotspot_fraction_in_interface,0.8333333333333334,current_original_model_analysis,,NA,NA
Full181,formal_msa,2,results/full181_supplement/full181_prodigy.csv,prodigy_dG_kcal_mol,-10.2,current_original_model_score,,complete,25.0
Full181,formal_msa,2,results/full181_supplement/full181_prodigy.csv,prodigy_Kd_M_25C,3.2e-08,current_original_model_score,,complete,25.0
Full181,formal_msa,2,results/full181_supplement/raw/formal_msa/seed2/boltz_results_full_blind_msa/predictions/full_blind_msa/full_blind_msa_model_0.pdb,chain_breaks,0,current_original_model_analysis,,NA,NA
Full181,formal_msa,2,results/full181_supplement/raw/formal_msa/seed2/boltz_results_full_blind_msa/predictions/full_blind_msa/full_blind_msa_model_0.pdb,peptide_cn_outliers,0,current_original_model_analysis,,NA,NA
Full181,formal_msa,2,results/full181_supplement/raw/formal_msa/seed2/boltz_results_full_blind_msa/predictions/full_blind_msa/full_blind_msa_model_0.pdb,interchain_clashes_lt1p8,4,current_original_model_analysis,,NA,NA
Full181,formal_msa,2,results/full181_supplement/raw/formal_msa/seed2/boltz_results_full_blind_msa/predictions/full_blind_msa/full_blind_msa_model_0.pdb,nonlocal_intrachain_clashes_lt1p8,4,current_original_model_analysis,,NA,NA
Full181,formal_msa,3,results/full181_supplement/raw/formal_msa/seed3/boltz_results_full_blind_msa/predictions/full_blind_msa/full_blind_msa_model_0.pdb,confidence_score,0.7479228973388672,current_original_model_analysis,,NA,NA
Full181,formal_msa,3,results/full181_supplement/raw/formal_msa/seed3/boltz_results_full_blind_msa/predictions/full_blind_msa/full_blind_msa_model_0.pdb,ptm,0.6187020540237427,current_original_model_analysis,,NA,NA
Full181,formal_msa,3,results/full181_supplement/raw/formal_msa/seed3/boltz_results_full_blind_msa/predictions/full_blind_msa/full_blind_msa_model_0.pdb,iptm,0.4845144748687744,current_original_model_analysis,,NA,NA
Full181,formal_msa,3,results/full181_supplement/raw/formal_msa/seed3/boltz_results_full_blind_msa/predictions/full_blind_msa/full_blind_msa_model_0.pdb,complex_plddt,0.8137750029563904,current_original_model_analysis,,NA,NA
Full181,formal_msa,3,results/full181_supplement/raw/formal_msa/seed3/boltz_results_full_blind_msa/predictions/full_blind_msa/full_blind_msa_model_0.pdb,epitope_residues_4p5,16,current_original_model_analysis,,NA,NA
Full181,formal_msa,3,results/full181_supplement/raw/formal_msa/seed3/boltz_results_full_blind_msa/predictions/full_blind_msa/full_blind_msa_model_0.pdb,paratope_residues_4p5,22,current_original_model_analysis,,NA,NA
Full181,formal_msa,3,results/full181_supplement/raw/formal_msa/seed3/boltz_results_full_blind_msa/predictions/full_blind_msa/full_blind_msa_model_0.pdb,cdr_paratope_residues_4p5,19,current_original_model_analysis,,NA,NA
Full181,formal_msa,3,results/full181_supplement/raw/formal_msa/seed3/boltz_results_full_blind_msa/predictions/full_blind_msa/full_blind_msa_model_0.pdb,hotspot_hits_4p5,15,current_original_model_analysis,,NA,NA
Full181,formal_msa,3,results/full181_supplement/raw/formal_msa/seed3/boltz_results_full_blind_msa/predictions/full_blind_msa/full_blind_msa_model_0.pdb,hotspot_coverage,0.24193548387096775,current_original_model_analysis,,NA,NA
Full181,formal_msa,3,results/full181_supplement/raw/formal_msa/seed3/boltz_results_full_blind_msa/predictions/full_blind_msa/full_blind_msa_model_0.pdb,hotspot_fraction_in_interface,0.9375,current_original_model_analysis,,NA,NA
Full181,formal_msa,3,results/full181_supplement/full181_prodigy.csv,prodigy_dG_kcal_mol,-13.5,current_original_model_score,,complete,25.0
Full181,formal_msa,3,results/full181_supplement/full181_prodigy.csv,prodigy_Kd_M_25C,1.2e-10,current_original_model_score,,complete,25.0
Full181,formal_msa,3,results/full181_supplement/raw/formal_msa/seed3/boltz_results_full_blind_msa/predictions/full_blind_msa/full_blind_msa_model_0.pdb,chain_breaks,0,current_original_model_analysis,,NA,NA
Full181,formal_msa,3,results/full181_supplement/raw/formal_msa/seed3/boltz_results_full_blind_msa/predictions/full_blind_msa/full_blind_msa_model_0.pdb,peptide_cn_outliers,0,current_original_model_analysis,,NA,NA
Full181,formal_msa,3,results/full181_supplement/raw/formal_msa/seed3/boltz_results_full_blind_msa/predictions/full_blind_msa/full_blind_msa_model_0.pdb,interchain_clashes_lt1p8,10,current_original_model_analysis,,NA,NA
Full181,formal_msa,3,results/full181_supplement/raw/formal_msa/seed3/boltz_results_full_blind_msa/predictions/full_blind_msa/full_blind_msa_model_0.pdb,nonlocal_intrachain_clashes_lt1p8,8,current_original_model_analysis,,NA,NA
Full181,formal_msa,4,results/full181_supplement/raw/formal_msa/seed4/boltz_results_full_blind_msa/predictions/full_blind_msa/full_blind_msa_model_0.pdb,confidence_score,0.7507057785987854,current_original_model_analysis,,NA,NA
Full181,formal_msa,4,results/full181_supplement/raw/formal_msa/seed4/boltz_results_full_blind_msa/predictions/full_blind_msa/full_blind_msa_model_0.pdb,ptm,0.6163246631622314,current_original_model_analysis,,NA,NA
Full181,formal_msa,4,results/full181_supplement/raw/formal_msa/seed4/boltz_results_full_blind_msa/predictions/full_blind_msa/full_blind_msa_model_0.pdb,iptm,0.4827708899974823,current_original_model_analysis,,NA,NA
Full181,formal_msa,4,results/full181_supplement/raw/formal_msa/seed4/boltz_results_full_blind_msa/predictions/full_blind_msa/full_blind_msa_model_0.pdb,complex_plddt,0.8176894783973694,current_original_model_analysis,,NA,NA
Full181,formal_msa,4,results/full181_supplement/raw/formal_msa/seed4/boltz_results_full_blind_msa/predictions/full_blind_msa/full_blind_msa_model_0.pdb,epitope_residues_4p5,14,current_original_model_analysis,,NA,NA
Full181,formal_msa,4,results/full181_supplement/raw/formal_msa/seed4/boltz_results_full_blind_msa/predictions/full_blind_msa/full_blind_msa_model_0.pdb,paratope_residues_4p5,21,current_original_model_analysis,,NA,NA
Full181,formal_msa,4,results/full181_supplement/raw/formal_msa/seed4/boltz_results_full_blind_msa/predictions/full_blind_msa/full_blind_msa_model_0.pdb,cdr_paratope_residues_4p5,18,current_original_model_analysis,,NA,NA
Full181,formal_msa,4,results/full181_supplement/raw/formal_msa/seed4/boltz_results_full_blind_msa/predictions/full_blind_msa/full_blind_msa_model_0.pdb,hotspot_hits_4p5,13,current_original_model_analysis,,NA,NA
Full181,formal_msa,4,results/full181_supplement/raw/formal_msa/seed4/boltz_results_full_blind_msa/predictions/full_blind_msa/full_blind_msa_model_0.pdb,hotspot_coverage,0.20967741935483872,current_original_model_analysis,,NA,NA
Full181,formal_msa,4,results/full181_supplement/raw/formal_msa/seed4/boltz_results_full_blind_msa/predictions/full_blind_msa/full_blind_msa_model_0.pdb,hotspot_fraction_in_interface,0.9285714285714286,current_original_model_analysis,,NA,NA
Full181,formal_msa,4,results/full181_supplement/full181_prodigy.csv,prodigy_dG_kcal_mol,-11.9,current_original_model_score,,complete,25.0
Full181,formal_msa,4,results/full181_supplement/full181_prodigy.csv,prodigy_Kd_M_25C,1.9e-09,current_original_model_score,,complete,25.0
Full181,formal_msa,4,results/full181_supplement/raw/formal_msa/seed4/boltz_results_full_blind_msa/predictions/full_blind_msa/full_blind_msa_model_0.pdb,chain_breaks,0,current_original_model_analysis,,NA,NA
Full181,formal_msa,4,results/full181_supplement/raw/formal_msa/seed4/boltz_results_full_blind_msa/predictions/full_blind_msa/full_blind_msa_model_0.pdb,peptide_cn_outliers,0,current_original_model_analysis,,NA,NA
Full181,formal_msa,4,results/full181_supplement/raw/formal_msa/seed4/boltz_results_full_blind_msa/predictions/full_blind_msa/full_blind_msa_model_0.pdb,interchain_clashes_lt1p8,1,current_original_model_analysis,,NA,NA
Full181,formal_msa,4,results/full181_supplement/raw/formal_msa/seed4/boltz_results_full_blind_msa/predictions/full_blind_msa/full_blind_msa_model_0.pdb,nonlocal_intrachain_clashes_lt1p8,6,current_original_model_analysis,,NA,NA
Full181,formal_msa,5,results/full181_supplement/raw/formal_msa/seed5/boltz_results_full_blind_msa/predictions/full_blind_msa/full_blind_msa_model_0.pdb,confidence_score,0.7535535097122192,current_original_model_analysis,,NA,NA
Full181,formal_msa,5,results/full181_supplement/raw/formal_msa/seed5/boltz_results_full_blind_msa/predictions/full_blind_msa/full_blind_msa_model_0.pdb,ptm,0.6250786781311035,current_original_model_analysis,,NA,NA
Full181,formal_msa,5,results/full181_supplement/raw/formal_msa/seed5/boltz_results_full_blind_msa/predictions/full_blind_msa/full_blind_msa_model_0.pdb,iptm,0.49332550168037415,current_original_model_analysis,,NA,NA
Full181,formal_msa,5,results/full181_supplement/raw/formal_msa/seed5/boltz_results_full_blind_msa/predictions/full_blind_msa/full_blind_msa_model_0.pdb,complex_plddt,0.8186104893684387,current_original_model_analysis,,NA,NA
Full181,formal_msa,5,results/full181_supplement/raw/formal_msa/seed5/boltz_results_full_blind_msa/predictions/full_blind_msa/full_blind_msa_model_0.pdb,epitope_residues_4p5,15,current_original_model_analysis,,NA,NA
Full181,formal_msa,5,results/full181_supplement/raw/formal_msa/seed5/boltz_results_full_blind_msa/predictions/full_blind_msa/full_blind_msa_model_0.pdb,paratope_residues_4p5,22,current_original_model_analysis,,NA,NA
Full181,formal_msa,5,results/full181_supplement/raw/formal_msa/seed5/boltz_results_full_blind_msa/predictions/full_blind_msa/full_blind_msa_model_0.pdb,cdr_paratope_residues_4p5,19,current_original_model_analysis,,NA,NA
Full181,formal_msa,5,results/full181_supplement/raw/formal_msa/seed5/boltz_results_full_blind_msa/predictions/full_blind_msa/full_blind_msa_model_0.pdb,hotspot_hits_4p5,14,current_original_model_analysis,,NA,NA
Full181,formal_msa,5,results/full181_supplement/raw/formal_msa/seed5/boltz_results_full_blind_msa/predictions/full_blind_msa/full_blind_msa_model_0.pdb,hotspot_coverage,0.22580645161290322,current_original_model_analysis,,NA,NA
Full181,formal_msa,5,results/full181_supplement/raw/formal_msa/seed5/boltz_results_full_blind_msa/predictions/full_blind_msa/full_blind_msa_model_0.pdb,hotspot_fraction_in_interface,0.9333333333333333,current_original_model_analysis,,NA,NA
Full181,formal_msa,5,results/full181_supplement/full181_prodigy.csv,prodigy_dG_kcal_mol,-12.7,current_original_model_score,,complete,25.0
Full181,formal_msa,5,results/full181_supplement/full181_prodigy.csv,prodigy_Kd_M_25C,4.6e-10,current_original_model_score,,complete,25.0
Full181,formal_msa,5,results/full181_supplement/raw/formal_msa/seed5/boltz_results_full_blind_msa/predictions/full_blind_msa/full_blind_msa_model_0.pdb,chain_breaks,0,current_original_model_analysis,,NA,NA
Full181,formal_msa,5,results/full181_supplement/raw/formal_msa/seed5/boltz_results_full_blind_msa/predictions/full_blind_msa/full_blind_msa_model_0.pdb,peptide_cn_outliers,0,current_original_model_analysis,,NA,NA
Full181,formal_msa,5,results/full181_supplement/raw/formal_msa/seed5/boltz_results_full_blind_msa/predictions/full_blind_msa/full_blind_msa_model_0.pdb,interchain_clashes_lt1p8,2,current_original_model_analysis,,NA,NA
Full181,formal_msa,5,results/full181_supplement/raw/formal_msa/seed5/boltz_results_full_blind_msa/predictions/full_blind_msa/full_blind_msa_model_0.pdb,nonlocal_intrachain_clashes_lt1p8,4,current_original_model_analysis,,NA,NA
Full181,formal_msa,6,results/full181_supplement/raw/formal_msa/seed6/boltz_results_full_blind_msa/predictions/full_blind_msa/full_blind_msa_model_0.pdb,confidence_score,0.7573776245117188,current_original_model_analysis,,NA,NA
Full181,formal_msa,6,results/full181_supplement/raw/formal_msa/seed6/boltz_results_full_blind_msa/predictions/full_blind_msa/full_blind_msa_model_0.pdb,ptm,0.6263763904571533,current_original_model_analysis,,NA,NA
Full181,formal_msa,6,results/full181_supplement/raw/formal_msa/seed6/boltz_results_full_blind_msa/predictions/full_blind_msa/full_blind_msa_model_0.pdb,iptm,0.49474141001701355,current_original_model_analysis,,NA,NA
Full181,formal_msa,6,results/full181_supplement/raw/formal_msa/seed6/boltz_results_full_blind_msa/predictions/full_blind_msa/full_blind_msa_model_0.pdb,complex_plddt,0.8230366706848145,current_original_model_analysis,,NA,NA
Full181,formal_msa,6,results/full181_supplement/raw/formal_msa/seed6/boltz_results_full_blind_msa/predictions/full_blind_msa/full_blind_msa_model_0.pdb,epitope_residues_4p5,16,current_original_model_analysis,,NA,NA
Full181,formal_msa,6,results/full181_supplement/raw/formal_msa/seed6/boltz_results_full_blind_msa/predictions/full_blind_msa/full_blind_msa_model_0.pdb,paratope_residues_4p5,22,current_original_model_analysis,,NA,NA
Full181,formal_msa,6,results/full181_supplement/raw/formal_msa/seed6/boltz_results_full_blind_msa/predictions/full_blind_msa/full_blind_msa_model_0.pdb,cdr_paratope_residues_4p5,19,current_original_model_analysis,,NA,NA
Full181,formal_msa,6,results/full181_supplement/raw/formal_msa/seed6/boltz_results_full_blind_msa/predictions/full_blind_msa/full_blind_msa_model_0.pdb,hotspot_hits_4p5,15,current_original_model_analysis,,NA,NA
Full181,formal_msa,6,results/full181_supplement/raw/formal_msa/seed6/boltz_results_full_blind_msa/predictions/full_blind_msa/full_blind_msa_model_0.pdb,hotspot_coverage,0.24193548387096775,current_original_model_analysis,,NA,NA
Full181,formal_msa,6,results/full181_supplement/raw/formal_msa/seed6/boltz_results_full_blind_msa/predictions/full_blind_msa/full_blind_msa_model_0.pdb,hotspot_fraction_in_interface,0.9375,current_original_model_analysis,,NA,NA
Full181,formal_msa,6,results/full181_supplement/full181_prodigy.csv,prodigy_dG_kcal_mol,-11.6,current_original_model_score,,complete,25.0
Full181,formal_msa,6,results/full181_supplement/full181_prodigy.csv,prodigy_Kd_M_25C,3.2e-09,current_original_model_score,,complete,25.0
Full181,formal_msa,6,results/full181_supplement/raw/formal_msa/seed6/boltz_results_full_blind_msa/predictions/full_blind_msa/full_blind_msa_model_0.pdb,chain_breaks,0,current_original_model_analysis,,NA,NA
Full181,formal_msa,6,results/full181_supplement/raw/formal_msa/seed6/boltz_results_full_blind_msa/predictions/full_blind_msa/full_blind_msa_model_0.pdb,peptide_cn_outliers,0,current_original_model_analysis,,NA,NA
Full181,formal_msa,6,results/full181_supplement/raw/formal_msa/seed6/boltz_results_full_blind_msa/predictions/full_blind_msa/full_blind_msa_model_0.pdb,interchain_clashes_lt1p8,1,current_original_model_analysis,,NA,NA
Full181,formal_msa,6,results/full181_supplement/raw/formal_msa/seed6/boltz_results_full_blind_msa/predictions/full_blind_msa/full_blind_msa_model_0.pdb,nonlocal_intrachain_clashes_lt1p8,4,current_original_model_analysis,,NA,NA
Full181,formal_msa,7,results/full181_supplement/raw/formal_msa/seed7/boltz_results_full_blind_msa/predictions/full_blind_msa/full_blind_msa_model_0.pdb,confidence_score,0.7551508545875549,current_original_model_analysis,,NA,NA
Full181,formal_msa,7,results/full181_supplement/raw/formal_msa/seed7/boltz_results_full_blind_msa/predictions/full_blind_msa/full_blind_msa_model_0.pdb,ptm,0.6212708950042725,current_original_model_analysis,,NA,NA
Full181,formal_msa,7,results/full181_supplement/raw/formal_msa/seed7/boltz_results_full_blind_msa/predictions/full_blind_msa/full_blind_msa_model_0.pdb,iptm,0.48881062865257263,current_original_model_analysis,,NA,NA
Full181,formal_msa,7,results/full181_supplement/raw/formal_msa/seed7/boltz_results_full_blind_msa/predictions/full_blind_msa/full_blind_msa_model_0.pdb,complex_plddt,0.8217359185218811,current_original_model_analysis,,NA,NA
Full181,formal_msa,7,results/full181_supplement/raw/formal_msa/seed7/boltz_results_full_blind_msa/predictions/full_blind_msa/full_blind_msa_model_0.pdb,epitope_residues_4p5,12,current_original_model_analysis,,NA,NA
Full181,formal_msa,7,results/full181_supplement/raw/formal_msa/seed7/boltz_results_full_blind_msa/predictions/full_blind_msa/full_blind_msa_model_0.pdb,paratope_residues_4p5,20,current_original_model_analysis,,NA,NA
Full181,formal_msa,7,results/full181_supplement/raw/formal_msa/seed7/boltz_results_full_blind_msa/predictions/full_blind_msa/full_blind_msa_model_0.pdb,cdr_paratope_residues_4p5,16,current_original_model_analysis,,NA,NA
Full181,formal_msa,7,results/full181_supplement/raw/formal_msa/seed7/boltz_results_full_blind_msa/predictions/full_blind_msa/full_blind_msa_model_0.pdb,hotspot_hits_4p5,11,current_original_model_analysis,,NA,NA
Full181,formal_msa,7,results/full181_supplement/raw/formal_msa/seed7/boltz_results_full_blind_msa/predictions/full_blind_msa/full_blind_msa_model_0.pdb,hotspot_coverage,0.1774193548387097,current_original_model_analysis,,NA,NA
Full181,formal_msa,7,results/full181_supplement/raw/formal_msa/seed7/boltz_results_full_blind_msa/predictions/full_blind_msa/full_blind_msa_model_0.pdb,hotspot_fraction_in_interface,0.9166666666666666,current_original_model_analysis,,NA,NA
Full181,formal_msa,7,results/full181_supplement/full181_prodigy.csv,prodigy_dG_kcal_mol,-10.6,current_original_model_score,,complete,25.0
Full181,formal_msa,7,results/full181_supplement/full181_prodigy.csv,prodigy_Kd_M_25C,1.8e-08,current_original_model_score,,complete,25.0
Full181,formal_msa,7,results/full181_supplement/raw/formal_msa/seed7/boltz_results_full_blind_msa/predictions/full_blind_msa/full_blind_msa_model_0.pdb,chain_breaks,0,current_original_model_analysis,,NA,NA
Full181,formal_msa,7,results/full181_supplement/raw/formal_msa/seed7/boltz_results_full_blind_msa/predictions/full_blind_msa/full_blind_msa_model_0.pdb,peptide_cn_outliers,0,current_original_model_analysis,,NA,NA
Full181,formal_msa,7,results/full181_supplement/raw/formal_msa/seed7/boltz_results_full_blind_msa/predictions/full_blind_msa/full_blind_msa_model_0.pdb,interchain_clashes_lt1p8,3,current_original_model_analysis,,NA,NA
Full181,formal_msa,7,results/full181_supplement/raw/formal_msa/seed7/boltz_results_full_blind_msa/predictions/full_blind_msa/full_blind_msa_model_0.pdb,nonlocal_intrachain_clashes_lt1p8,10,current_original_model_analysis,,NA,NA
Full181,formal_msa,8,results/full181_supplement/raw/formal_msa/seed8/boltz_results_full_blind_msa/predictions/full_blind_msa/full_blind_msa_model_0.pdb,confidence_score,0.755275547504425,current_original_model_analysis,,NA,NA
Full181,formal_msa,8,results/full181_supplement/raw/formal_msa/seed8/boltz_results_full_blind_msa/predictions/full_blind_msa/full_blind_msa_model_0.pdb,ptm,0.621819794178009,current_original_model_analysis,,NA,NA
Full181,formal_msa,8,results/full181_supplement/raw/formal_msa/seed8/boltz_results_full_blind_msa/predictions/full_blind_msa/full_blind_msa_model_0.pdb,iptm,0.49364060163497925,current_original_model_analysis,,NA,NA
Full181,formal_msa,8,results/full181_supplement/raw/formal_msa/seed8/boltz_results_full_blind_msa/predictions/full_blind_msa/full_blind_msa_model_0.pdb,complex_plddt,0.8206842541694641,current_original_model_analysis,,NA,NA
Full181,formal_msa,8,results/full181_supplement/raw/formal_msa/seed8/boltz_results_full_blind_msa/predictions/full_blind_msa/full_blind_msa_model_0.pdb,epitope_residues_4p5,23,current_original_model_analysis,,NA,NA
Full181,formal_msa,8,results/full181_supplement/raw/formal_msa/seed8/boltz_results_full_blind_msa/predictions/full_blind_msa/full_blind_msa_model_0.pdb,paratope_residues_4p5,28,current_original_model_analysis,,NA,NA
Full181,formal_msa,8,results/full181_supplement/raw/formal_msa/seed8/boltz_results_full_blind_msa/predictions/full_blind_msa/full_blind_msa_model_0.pdb,cdr_paratope_residues_4p5,25,current_original_model_analysis,,NA,NA
Full181,formal_msa,8,results/full181_supplement/raw/formal_msa/seed8/boltz_results_full_blind_msa/predictions/full_blind_msa/full_blind_msa_model_0.pdb,hotspot_hits_4p5,7,current_original_model_analysis,,NA,NA
Full181,formal_msa,8,results/full181_supplement/raw/formal_msa/seed8/boltz_results_full_blind_msa/predictions/full_blind_msa/full_blind_msa_model_0.pdb,hotspot_coverage,0.11290322580645161,current_original_model_analysis,,NA,NA
Full181,formal_msa,8,results/full181_supplement/raw/formal_msa/seed8/boltz_results_full_blind_msa/predictions/full_blind_msa/full_blind_msa_model_0.pdb,hotspot_fraction_in_interface,0.30434782608695654,current_original_model_analysis,,NA,NA
Full181,formal_msa,8,results/full181_supplement/full181_prodigy.csv,prodigy_dG_kcal_mol,-14.5,current_original_model_score,,complete,25.0
Full181,formal_msa,8,results/full181_supplement/full181_prodigy.csv,prodigy_Kd_M_25C,2.2e-11,current_original_model_score,,complete,25.0
Full181,formal_msa,8,results/full181_supplement/raw/formal_msa/seed8/boltz_results_full_blind_msa/predictions/full_blind_msa/full_blind_msa_model_0.pdb,chain_breaks,0,current_original_model_analysis,,NA,NA
Full181,formal_msa,8,results/full181_supplement/raw/formal_msa/seed8/boltz_results_full_blind_msa/predictions/full_blind_msa/full_blind_msa_model_0.pdb,peptide_cn_outliers,0,current_original_model_analysis,,NA,NA
Full181,formal_msa,8,results/full181_supplement/raw/formal_msa/seed8/boltz_results_full_blind_msa/predictions/full_blind_msa/full_blind_msa_model_0.pdb,interchain_clashes_lt1p8,2,current_original_model_analysis,,NA,NA
Full181,formal_msa,8,results/full181_supplement/raw/formal_msa/seed8/boltz_results_full_blind_msa/predictions/full_blind_msa/full_blind_msa_model_0.pdb,nonlocal_intrachain_clashes_lt1p8,13,current_original_model_analysis,,NA,NA
Full181,formal_msa,9,results/full181_supplement/raw/formal_msa/seed9/boltz_results_full_blind_msa/predictions/full_blind_msa/full_blind_msa_model_0.pdb,confidence_score,0.7538672089576721,current_original_model_analysis,,NA,NA
Full181,formal_msa,9,results/full181_supplement/raw/formal_msa/seed9/boltz_results_full_blind_msa/predictions/full_blind_msa/full_blind_msa_model_0.pdb,ptm,0.621228814125061,current_original_model_analysis,,NA,NA
Full181,formal_msa,9,results/full181_supplement/raw/formal_msa/seed9/boltz_results_full_blind_msa/predictions/full_blind_msa/full_blind_msa_model_0.pdb,iptm,0.4908563196659088,current_original_model_analysis,,NA,NA
Full181,formal_msa,9,results/full181_supplement/raw/formal_msa/seed9/boltz_results_full_blind_msa/predictions/full_blind_msa/full_blind_msa_model_0.pdb,complex_plddt,0.81961989402771,current_original_model_analysis,,NA,NA
Full181,formal_msa,9,results/full181_supplement/raw/formal_msa/seed9/boltz_results_full_blind_msa/predictions/full_blind_msa/full_blind_msa_model_0.pdb,epitope_residues_4p5,18,current_original_model_analysis,,NA,NA
Full181,formal_msa,9,results/full181_supplement/raw/formal_msa/seed9/boltz_results_full_blind_msa/predictions/full_blind_msa/full_blind_msa_model_0.pdb,paratope_residues_4p5,23,current_original_model_analysis,,NA,NA
Full181,formal_msa,9,results/full181_supplement/raw/formal_msa/seed9/boltz_results_full_blind_msa/predictions/full_blind_msa/full_blind_msa_model_0.pdb,cdr_paratope_residues_4p5,20,current_original_model_analysis,,NA,NA
Full181,formal_msa,9,results/full181_supplement/raw/formal_msa/seed9/boltz_results_full_blind_msa/predictions/full_blind_msa/full_blind_msa_model_0.pdb,hotspot_hits_4p5,16,current_original_model_analysis,,NA,NA
Full181,formal_msa,9,results/full181_supplement/raw/formal_msa/seed9/boltz_results_full_blind_msa/predictions/full_blind_msa/full_blind_msa_model_0.pdb,hotspot_coverage,0.25806451612903225,current_original_model_analysis,,NA,NA
Full181,formal_msa,9,results/full181_supplement/raw/formal_msa/seed9/boltz_results_full_blind_msa/predictions/full_blind_msa/full_blind_msa_model_0.pdb,hotspot_fraction_in_interface,0.8888888888888888,current_original_model_analysis,,NA,NA
Full181,formal_msa,9,results/full181_supplement/full181_prodigy.csv,prodigy_dG_kcal_mol,-14.3,current_original_model_score,,complete,25.0
Full181,formal_msa,9,results/full181_supplement/full181_prodigy.csv,prodigy_Kd_M_25C,3.5e-11,current_original_model_score,,complete,25.0
Full181,formal_msa,9,results/full181_supplement/raw/formal_msa/seed9/boltz_results_full_blind_msa/predictions/full_blind_msa/full_blind_msa_model_0.pdb,chain_breaks,0,current_original_model_analysis,,NA,NA
Full181,formal_msa,9,results/full181_supplement/raw/formal_msa/seed9/boltz_results_full_blind_msa/predictions/full_blind_msa/full_blind_msa_model_0.pdb,peptide_cn_outliers,0,current_original_model_analysis,,NA,NA
Full181,formal_msa,9,results/full181_supplement/raw/formal_msa/seed9/boltz_results_full_blind_msa/predictions/full_blind_msa/full_blind_msa_model_0.pdb,interchain_clashes_lt1p8,2,current_original_model_analysis,,NA,NA
Full181,formal_msa,9,results/full181_supplement/raw/formal_msa/seed9/boltz_results_full_blind_msa/predictions/full_blind_msa/full_blind_msa_model_0.pdb,nonlocal_intrachain_clashes_lt1p8,9,current_original_model_analysis,,NA,NA
Full181,formal_msa,10,results/full181_supplement/raw/formal_msa/seed10/boltz_results_full_blind_msa/predictions/full_blind_msa/full_blind_msa_model_0.pdb,confidence_score,0.7560784220695496,current_original_model_analysis,,NA,NA
Full181,formal_msa,10,results/full181_supplement/raw/formal_msa/seed10/boltz_results_full_blind_msa/predictions/full_blind_msa/full_blind_msa_model_0.pdb,ptm,0.622570812702179,current_original_model_analysis,,NA,NA
Full181,formal_msa,10,results/full181_supplement/raw/formal_msa/seed10/boltz_results_full_blind_msa/predictions/full_blind_msa/full_blind_msa_model_0.pdb,iptm,0.4892427623271942,current_original_model_analysis,,NA,NA
Full181,formal_msa,10,results/full181_supplement/raw/formal_msa/seed10/boltz_results_full_blind_msa/predictions/full_blind_msa/full_blind_msa_model_0.pdb,complex_plddt,0.8227872848510742,current_original_model_analysis,,NA,NA
Full181,formal_msa,10,results/full181_supplement/raw/formal_msa/seed10/boltz_results_full_blind_msa/predictions/full_blind_msa/full_blind_msa_model_0.pdb,epitope_residues_4p5,15,current_original_model_analysis,,NA,NA
Full181,formal_msa,10,results/full181_supplement/raw/formal_msa/seed10/boltz_results_full_blind_msa/predictions/full_blind_msa/full_blind_msa_model_0.pdb,paratope_residues_4p5,21,current_original_model_analysis,,NA,NA
Full181,formal_msa,10,results/full181_supplement/raw/formal_msa/seed10/boltz_results_full_blind_msa/predictions/full_blind_msa/full_blind_msa_model_0.pdb,cdr_paratope_residues_4p5,18,current_original_model_analysis,,NA,NA
Full181,formal_msa,10,results/full181_supplement/raw/formal_msa/seed10/boltz_results_full_blind_msa/predictions/full_blind_msa/full_blind_msa_model_0.pdb,hotspot_hits_4p5,12,current_original_model_analysis,,NA,NA
Full181,formal_msa,10,results/full181_supplement/raw/formal_msa/seed10/boltz_results_full_blind_msa/predictions/full_blind_msa/full_blind_msa_model_0.pdb,hotspot_coverage,0.1935483870967742,current_original_model_analysis,,NA,NA
Full181,formal_msa,10,results/full181_supplement/raw/formal_msa/seed10/boltz_results_full_blind_msa/predictions/full_blind_msa/full_blind_msa_model_0.pdb,hotspot_fraction_in_interface,0.8,current_original_model_analysis,,NA,NA
Full181,formal_msa,10,results/full181_supplement/full181_prodigy.csv,prodigy_dG_kcal_mol,-10.7,current_original_model_score,,complete,25.0
Full181,formal_msa,10,results/full181_supplement/full181_prodigy.csv,prodigy_Kd_M_25C,1.5e-08,current_original_model_score,,complete,25.0
Full181,formal_msa,10,results/full181_supplement/raw/formal_msa/seed10/boltz_results_full_blind_msa/predictions/full_blind_msa/full_blind_msa_model_0.pdb,chain_breaks,0,current_original_model_analysis,,NA,NA
Full181,formal_msa,10,results/full181_supplement/raw/formal_msa/seed10/boltz_results_full_blind_msa/predictions/full_blind_msa/full_blind_msa_model_0.pdb,peptide_cn_outliers,0,current_original_model_analysis,,NA,NA
Full181,formal_msa,10,results/full181_supplement/raw/formal_msa/seed10/boltz_results_full_blind_msa/predictions/full_blind_msa/full_blind_msa_model_0.pdb,interchain_clashes_lt1p8,12,current_original_model_analysis,,NA,NA
Full181,formal_msa,10,results/full181_supplement/raw/formal_msa/seed10/boltz_results_full_blind_msa/predictions/full_blind_msa/full_blind_msa_model_0.pdb,nonlocal_intrachain_clashes_lt1p8,4,current_original_model_analysis,,NA,NA
Full181,formal_msa,11,results/full181_supplement/raw/formal_msa/seed11/boltz_results_full_blind_msa/predictions/full_blind_msa/full_blind_msa_model_0.pdb,confidence_score,0.7547809481620789,current_original_model_analysis,,NA,NA
Full181,formal_msa,11,results/full181_supplement/raw/formal_msa/seed11/boltz_results_full_blind_msa/predictions/full_blind_msa/full_blind_msa_model_0.pdb,ptm,0.6230814456939697,current_original_model_analysis,,NA,NA
Full181,formal_msa,11,results/full181_supplement/raw/formal_msa/seed11/boltz_results_full_blind_msa/predictions/full_blind_msa/full_blind_msa_model_0.pdb,iptm,0.4915441870689392,current_original_model_analysis,,NA,NA
Full181,formal_msa,11,results/full181_supplement/raw/formal_msa/seed11/boltz_results_full_blind_msa/predictions/full_blind_msa/full_blind_msa_model_0.pdb,complex_plddt,0.8205901384353638,current_original_model_analysis,,NA,NA
Full181,formal_msa,11,results/full181_supplement/raw/formal_msa/seed11/boltz_results_full_blind_msa/predictions/full_blind_msa/full_blind_msa_model_0.pdb,epitope_residues_4p5,14,current_original_model_analysis,,NA,NA
Full181,formal_msa,11,results/full181_supplement/raw/formal_msa/seed11/boltz_results_full_blind_msa/predictions/full_blind_msa/full_blind_msa_model_0.pdb,paratope_residues_4p5,22,current_original_model_analysis,,NA,NA
Full181,formal_msa,11,results/full181_supplement/raw/formal_msa/seed11/boltz_results_full_blind_msa/predictions/full_blind_msa/full_blind_msa_model_0.pdb,cdr_paratope_residues_4p5,18,current_original_model_analysis,,NA,NA
Full181,formal_msa,11,results/full181_supplement/raw/formal_msa/seed11/boltz_results_full_blind_msa/predictions/full_blind_msa/full_blind_msa_model_0.pdb,hotspot_hits_4p5,12,current_original_model_analysis,,NA,NA
Full181,formal_msa,11,results/full181_supplement/raw/formal_msa/seed11/boltz_results_full_blind_msa/predictions/full_blind_msa/full_blind_msa_model_0.pdb,hotspot_coverage,0.1935483870967742,current_original_model_analysis,,NA,NA
Full181,formal_msa,11,results/full181_supplement/raw/formal_msa/seed11/boltz_results_full_blind_msa/predictions/full_blind_msa/full_blind_msa_model_0.pdb,hotspot_fraction_in_interface,0.8571428571428571,current_original_model_analysis,,NA,NA
Full181,formal_msa,11,results/full181_supplement/full181_prodigy.csv,prodigy_dG_kcal_mol,-11.9,current_original_model_score,,complete,25.0
Full181,formal_msa,11,results/full181_supplement/full181_prodigy.csv,prodigy_Kd_M_25C,2e-09,current_original_model_score,,complete,25.0
Full181,formal_msa,11,results/full181_supplement/raw/formal_msa/seed11/boltz_results_full_blind_msa/predictions/full_blind_msa/full_blind_msa_model_0.pdb,chain_breaks,0,current_original_model_analysis,,NA,NA
Full181,formal_msa,11,results/full181_supplement/raw/formal_msa/seed11/boltz_results_full_blind_msa/predictions/full_blind_msa/full_blind_msa_model_0.pdb,peptide_cn_outliers,0,current_original_model_analysis,,NA,NA
Full181,formal_msa,11,results/full181_supplement/raw/formal_msa/seed11/boltz_results_full_blind_msa/predictions/full_blind_msa/full_blind_msa_model_0.pdb,interchain_clashes_lt1p8,5,current_original_model_analysis,,NA,NA
Full181,formal_msa,11,results/full181_supplement/raw/formal_msa/seed11/boltz_results_full_blind_msa/predictions/full_blind_msa/full_blind_msa_model_0.pdb,nonlocal_intrachain_clashes_lt1p8,3,current_original_model_analysis,,NA,NA
Full181,formal_msa,12,results/full181_supplement/raw/formal_msa/seed12/boltz_results_full_blind_msa/predictions/full_blind_msa/full_blind_msa_model_0.pdb,confidence_score,0.7545346617698669,current_original_model_analysis,,NA,NA
Full181,formal_msa,12,results/full181_supplement/raw/formal_msa/seed12/boltz_results_full_blind_msa/predictions/full_blind_msa/full_blind_msa_model_0.pdb,ptm,0.6035678386688232,current_original_model_analysis,,NA,NA
Full181,formal_msa,12,results/full181_supplement/raw/formal_msa/seed12/boltz_results_full_blind_msa/predictions/full_blind_msa/full_blind_msa_model_0.pdb,iptm,0.46663257479667664,current_original_model_analysis,,NA,NA
Full181,formal_msa,12,results/full181_supplement/raw/formal_msa/seed12/boltz_results_full_blind_msa/predictions/full_blind_msa/full_blind_msa_model_0.pdb,complex_plddt,0.8265101313591003,current_original_model_analysis,,NA,NA
Full181,formal_msa,12,results/full181_supplement/raw/formal_msa/seed12/boltz_results_full_blind_msa/predictions/full_blind_msa/full_blind_msa_model_0.pdb,epitope_residues_4p5,25,current_original_model_analysis,,NA,NA
Full181,formal_msa,12,results/full181_supplement/raw/formal_msa/seed12/boltz_results_full_blind_msa/predictions/full_blind_msa/full_blind_msa_model_0.pdb,paratope_residues_4p5,32,current_original_model_analysis,,NA,NA
Full181,formal_msa,12,results/full181_supplement/raw/formal_msa/seed12/boltz_results_full_blind_msa/predictions/full_blind_msa/full_blind_msa_model_0.pdb,cdr_paratope_residues_4p5,28,current_original_model_analysis,,NA,NA
Full181,formal_msa,12,results/full181_supplement/raw/formal_msa/seed12/boltz_results_full_blind_msa/predictions/full_blind_msa/full_blind_msa_model_0.pdb,hotspot_hits_4p5,6,current_original_model_analysis,,NA,NA
Full181,formal_msa,12,results/full181_supplement/raw/formal_msa/seed12/boltz_results_full_blind_msa/predictions/full_blind_msa/full_blind_msa_model_0.pdb,hotspot_coverage,0.0967741935483871,current_original_model_analysis,,NA,NA
Full181,formal_msa,12,results/full181_supplement/raw/formal_msa/seed12/boltz_results_full_blind_msa/predictions/full_blind_msa/full_blind_msa_model_0.pdb,hotspot_fraction_in_interface,0.24,current_original_model_analysis,,NA,NA
Full181,formal_msa,12,results/full181_supplement/full181_prodigy.csv,prodigy_dG_kcal_mol,-13.8,current_original_model_score,,complete,25.0
Full181,formal_msa,12,results/full181_supplement/full181_prodigy.csv,prodigy_Kd_M_25C,7.8e-11,current_original_model_score,,complete,25.0
Full181,formal_msa,12,results/full181_supplement/raw/formal_msa/seed12/boltz_results_full_blind_msa/predictions/full_blind_msa/full_blind_msa_model_0.pdb,chain_breaks,0,current_original_model_analysis,,NA,NA
Full181,formal_msa,12,results/full181_supplement/raw/formal_msa/seed12/boltz_results_full_blind_msa/predictions/full_blind_msa/full_blind_msa_model_0.pdb,peptide_cn_outliers,0,current_original_model_analysis,,NA,NA
Full181,formal_msa,12,results/full181_supplement/raw/formal_msa/seed12/boltz_results_full_blind_msa/predictions/full_blind_msa/full_blind_msa_model_0.pdb,interchain_clashes_lt1p8,6,current_original_model_analysis,,NA,NA
Full181,formal_msa,12,results/full181_supplement/raw/formal_msa/seed12/boltz_results_full_blind_msa/predictions/full_blind_msa/full_blind_msa_model_0.pdb,nonlocal_intrachain_clashes_lt1p8,2,current_original_model_analysis,,NA,NA
Full181,formal_msa,13,results/full181_supplement/raw/formal_msa/seed13/boltz_results_full_blind_msa/predictions/full_blind_msa/full_blind_msa_model_0.pdb,confidence_score,0.7522353529930115,current_original_model_analysis,,NA,NA
Full181,formal_msa,13,results/full181_supplement/raw/formal_msa/seed13/boltz_results_full_blind_msa/predictions/full_blind_msa/full_blind_msa_model_0.pdb,ptm,0.6209328770637512,current_original_model_analysis,,NA,NA
Full181,formal_msa,13,results/full181_supplement/raw/formal_msa/seed13/boltz_results_full_blind_msa/predictions/full_blind_msa/full_blind_msa_model_0.pdb,iptm,0.4890541732311249,current_original_model_analysis,,NA,NA
Full181,formal_msa,13,results/full181_supplement/raw/formal_msa/seed13/boltz_results_full_blind_msa/predictions/full_blind_msa/full_blind_msa_model_0.pdb,complex_plddt,0.818030595779419,current_original_model_analysis,,NA,NA
Full181,formal_msa,13,results/full181_supplement/raw/formal_msa/seed13/boltz_results_full_blind_msa/predictions/full_blind_msa/full_blind_msa_model_0.pdb,epitope_residues_4p5,16,current_original_model_analysis,,NA,NA
Full181,formal_msa,13,results/full181_supplement/raw/formal_msa/seed13/boltz_results_full_blind_msa/predictions/full_blind_msa/full_blind_msa_model_0.pdb,paratope_residues_4p5,25,current_original_model_analysis,,NA,NA
Full181,formal_msa,13,results/full181_supplement/raw/formal_msa/seed13/boltz_results_full_blind_msa/predictions/full_blind_msa/full_blind_msa_model_0.pdb,cdr_paratope_residues_4p5,20,current_original_model_analysis,,NA,NA
Full181,formal_msa,13,results/full181_supplement/raw/formal_msa/seed13/boltz_results_full_blind_msa/predictions/full_blind_msa/full_blind_msa_model_0.pdb,hotspot_hits_4p5,14,current_original_model_analysis,,NA,NA
Full181,formal_msa,13,results/full181_supplement/raw/formal_msa/seed13/boltz_results_full_blind_msa/predictions/full_blind_msa/full_blind_msa_model_0.pdb,hotspot_coverage,0.22580645161290322,current_original_model_analysis,,NA,NA
Full181,formal_msa,13,results/full181_supplement/raw/formal_msa/seed13/boltz_results_full_blind_msa/predictions/full_blind_msa/full_blind_msa_model_0.pdb,hotspot_fraction_in_interface,0.875,current_original_model_analysis,,NA,NA
Full181,formal_msa,13,results/full181_supplement/full181_prodigy.csv,prodigy_dG_kcal_mol,-11.4,current_original_model_score,,complete,25.0
Full181,formal_msa,13,results/full181_supplement/full181_prodigy.csv,prodigy_Kd_M_25C,4.1e-09,current_original_model_score,,complete,25.0
Full181,formal_msa,13,results/full181_supplement/raw/formal_msa/seed13/boltz_results_full_blind_msa/predictions/full_blind_msa/full_blind_msa_model_0.pdb,chain_breaks,0,current_original_model_analysis,,NA,NA
Full181,formal_msa,13,results/full181_supplement/raw/formal_msa/seed13/boltz_results_full_blind_msa/predictions/full_blind_msa/full_blind_msa_model_0.pdb,peptide_cn_outliers,0,current_original_model_analysis,,NA,NA
Full181,formal_msa,13,results/full181_supplement/raw/formal_msa/seed13/boltz_results_full_blind_msa/predictions/full_blind_msa/full_blind_msa_model_0.pdb,interchain_clashes_lt1p8,4,current_original_model_analysis,,NA,NA
Full181,formal_msa,13,results/full181_supplement/raw/formal_msa/seed13/boltz_results_full_blind_msa/predictions/full_blind_msa/full_blind_msa_model_0.pdb,nonlocal_intrachain_clashes_lt1p8,10,current_original_model_analysis,,NA,NA
Full181,formal_msa,14,results/full181_supplement/raw/formal_msa/seed14/boltz_results_full_blind_msa/predictions/full_blind_msa/full_blind_msa_model_0.pdb,confidence_score,0.7568325400352478,current_original_model_analysis,,NA,NA
Full181,formal_msa,14,results/full181_supplement/raw/formal_msa/seed14/boltz_results_full_blind_msa/predictions/full_blind_msa/full_blind_msa_model_0.pdb,ptm,0.6269985437393188,current_original_model_analysis,,NA,NA
Full181,formal_msa,14,results/full181_supplement/raw/formal_msa/seed14/boltz_results_full_blind_msa/predictions/full_blind_msa/full_blind_msa_model_0.pdb,iptm,0.49366700649261475,current_original_model_analysis,,NA,NA
Full181,formal_msa,14,results/full181_supplement/raw/formal_msa/seed14/boltz_results_full_blind_msa/predictions/full_blind_msa/full_blind_msa_model_0.pdb,complex_plddt,0.8226238489151001,current_original_model_analysis,,NA,NA
Full181,formal_msa,14,results/full181_supplement/raw/formal_msa/seed14/boltz_results_full_blind_msa/predictions/full_blind_msa/full_blind_msa_model_0.pdb,epitope_residues_4p5,13,current_original_model_analysis,,NA,NA
Full181,formal_msa,14,results/full181_supplement/raw/formal_msa/seed14/boltz_results_full_blind_msa/predictions/full_blind_msa/full_blind_msa_model_0.pdb,paratope_residues_4p5,25,current_original_model_analysis,,NA,NA
Full181,formal_msa,14,results/full181_supplement/raw/formal_msa/seed14/boltz_results_full_blind_msa/predictions/full_blind_msa/full_blind_msa_model_0.pdb,cdr_paratope_residues_4p5,19,current_original_model_analysis,,NA,NA
Full181,formal_msa,14,results/full181_supplement/raw/formal_msa/seed14/boltz_results_full_blind_msa/predictions/full_blind_msa/full_blind_msa_model_0.pdb,hotspot_hits_4p5,11,current_original_model_analysis,,NA,NA
Full181,formal_msa,14,results/full181_supplement/raw/formal_msa/seed14/boltz_results_full_blind_msa/predictions/full_blind_msa/full_blind_msa_model_0.pdb,hotspot_coverage,0.1774193548387097,current_original_model_analysis,,NA,NA
Full181,formal_msa,14,results/full181_supplement/raw/formal_msa/seed14/boltz_results_full_blind_msa/predictions/full_blind_msa/full_blind_msa_model_0.pdb,hotspot_fraction_in_interface,0.8461538461538461,current_original_model_analysis,,NA,NA
Full181,formal_msa,14,results/full181_supplement/full181_prodigy.csv,prodigy_dG_kcal_mol,-10.7,current_original_model_score,,complete,25.0
Full181,formal_msa,14,results/full181_supplement/full181_prodigy.csv,prodigy_Kd_M_25C,1.5e-08,current_original_model_score,,complete,25.0
Full181,formal_msa,14,results/full181_supplement/raw/formal_msa/seed14/boltz_results_full_blind_msa/predictions/full_blind_msa/full_blind_msa_model_0.pdb,chain_breaks,0,current_original_model_analysis,,NA,NA
Full181,formal_msa,14,results/full181_supplement/raw/formal_msa/seed14/boltz_results_full_blind_msa/predictions/full_blind_msa/full_blind_msa_model_0.pdb,peptide_cn_outliers,0,current_original_model_analysis,,NA,NA
Full181,formal_msa,14,results/full181_supplement/raw/formal_msa/seed14/boltz_results_full_blind_msa/predictions/full_blind_msa/full_blind_msa_model_0.pdb,interchain_clashes_lt1p8,0,current_original_model_analysis,,NA,NA
Full181,formal_msa,14,results/full181_supplement/raw/formal_msa/seed14/boltz_results_full_blind_msa/predictions/full_blind_msa/full_blind_msa_model_0.pdb,nonlocal_intrachain_clashes_lt1p8,9,current_original_model_analysis,,NA,NA
Full181,formal_msa,15,results/full181_supplement/raw/formal_msa/seed15/boltz_results_full_blind_msa/predictions/full_blind_msa/full_blind_msa_model_0.pdb,confidence_score,0.7555711269378662,current_original_model_analysis,,NA,NA
Full181,formal_msa,15,results/full181_supplement/raw/formal_msa/seed15/boltz_results_full_blind_msa/predictions/full_blind_msa/full_blind_msa_model_0.pdb,ptm,0.6190398335456848,current_original_model_analysis,,NA,NA
Full181,formal_msa,15,results/full181_supplement/raw/formal_msa/seed15/boltz_results_full_blind_msa/predictions/full_blind_msa/full_blind_msa_model_0.pdb,iptm,0.4873488247394562,current_original_model_analysis,,NA,NA
Full181,formal_msa,15,results/full181_supplement/raw/formal_msa/seed15/boltz_results_full_blind_msa/predictions/full_blind_msa/full_blind_msa_model_0.pdb,complex_plddt,0.8226267099380493,current_original_model_analysis,,NA,NA
Full181,formal_msa,15,results/full181_supplement/raw/formal_msa/seed15/boltz_results_full_blind_msa/predictions/full_blind_msa/full_blind_msa_model_0.pdb,epitope_residues_4p5,17,current_original_model_analysis,,NA,NA
Full181,formal_msa,15,results/full181_supplement/raw/formal_msa/seed15/boltz_results_full_blind_msa/predictions/full_blind_msa/full_blind_msa_model_0.pdb,paratope_residues_4p5,23,current_original_model_analysis,,NA,NA
Full181,formal_msa,15,results/full181_supplement/raw/formal_msa/seed15/boltz_results_full_blind_msa/predictions/full_blind_msa/full_blind_msa_model_0.pdb,cdr_paratope_residues_4p5,20,current_original_model_analysis,,NA,NA
Full181,formal_msa,15,results/full181_supplement/raw/formal_msa/seed15/boltz_results_full_blind_msa/predictions/full_blind_msa/full_blind_msa_model_0.pdb,hotspot_hits_4p5,15,current_original_model_analysis,,NA,NA
Full181,formal_msa,15,results/full181_supplement/raw/formal_msa/seed15/boltz_results_full_blind_msa/predictions/full_blind_msa/full_blind_msa_model_0.pdb,hotspot_coverage,0.24193548387096775,current_original_model_analysis,,NA,NA
Full181,formal_msa,15,results/full181_supplement/raw/formal_msa/seed15/boltz_results_full_blind_msa/predictions/full_blind_msa/full_blind_msa_model_0.pdb,hotspot_fraction_in_interface,0.8823529411764706,current_original_model_analysis,,NA,NA
Full181,formal_msa,15,results/full181_supplement/full181_prodigy.csv,prodigy_dG_kcal_mol,-13.1,current_original_model_score,,complete,25.0
Full181,formal_msa,15,results/full181_supplement/full181_prodigy.csv,prodigy_Kd_M_25C,2.4e-10,current_original_model_score,,complete,25.0
Full181,formal_msa,15,results/full181_supplement/raw/formal_msa/seed15/boltz_results_full_blind_msa/predictions/full_blind_msa/full_blind_msa_model_0.pdb,chain_breaks,0,current_original_model_analysis,,NA,NA
Full181,formal_msa,15,results/full181_supplement/raw/formal_msa/seed15/boltz_results_full_blind_msa/predictions/full_blind_msa/full_blind_msa_model_0.pdb,peptide_cn_outliers,0,current_original_model_analysis,,NA,NA
Full181,formal_msa,15,results/full181_supplement/raw/formal_msa/seed15/boltz_results_full_blind_msa/predictions/full_blind_msa/full_blind_msa_model_0.pdb,interchain_clashes_lt1p8,4,current_original_model_analysis,,NA,NA
Full181,formal_msa,15,results/full181_supplement/raw/formal_msa/seed15/boltz_results_full_blind_msa/predictions/full_blind_msa/full_blind_msa_model_0.pdb,nonlocal_intrachain_clashes_lt1p8,13,current_original_model_analysis,,NA,NA
Native155,empty,1,results/13_interface_analysis/formal/complex_model_summary.csv,confidence_score,0.6925347447395325,saved_per_model_table,,NA,NA
Native155,empty,1,results/13_interface_analysis/formal/complex_model_summary.csv,ptm,0.638838529586792,saved_per_model_table,,NA,NA
Native155,empty,1,results/13_interface_analysis/formal/complex_model_summary.csv,iptm,0.5030094385147095,saved_per_model_table,,NA,NA
Native155,empty,1,results/13_interface_analysis/formal/complex_model_summary.csv,complex_plddt,0.7399160861968994,saved_per_model_table,,NA,NA
Native155,empty,1,results/13_interface_analysis/formal/complex_model_summary.csv,epitope_residues_4p5,18,saved_per_model_table,,NA,NA
Native155,empty,1,results/13_interface_analysis/formal/complex_model_summary.csv,paratope_residues_4p5,24,saved_per_model_table,,NA,NA
Native155,empty,1,results/13_interface_analysis/formal/complex_model_summary.csv,cdr_paratope_residues_4p5,21,saved_per_model_table,,NA,NA
Native155,empty,1,results/13_interface_analysis/formal/complex_model_summary.csv,hotspot_hits_4p5,1,saved_per_model_table,,NA,NA
Native155,empty,1,results/13_interface_analysis/formal/complex_model_summary.csv,hotspot_coverage,0.016129032258064516,saved_per_model_table,,NA,NA
Native155,empty,1,results/13_interface_analysis/formal/complex_model_summary.csv,hotspot_fraction_in_interface,0.05555555555555555,saved_per_model_table,,NA,NA
Native155,empty,1,results/15_affinity/prodigy_formal.csv,prodigy_dG_kcal_mol,-13.7,saved_per_model_table,,saved_per_model_table,NA
Native155,empty,1,results/15_affinity/prodigy_formal.csv,prodigy_Kd_M_25C,8.9e-11,saved_per_model_table,,saved_per_model_table,NA
Native155,empty,1,results/13_interface_analysis/formal/complex_model_summary.csv,chain_breaks,0,saved_per_model_table,,NA,NA
Native155,empty,1,results/13_interface_analysis/formal/complex_model_summary.csv,peptide_cn_outliers,0,saved_per_model_table,,NA,NA
Native155,empty,1,results/13_interface_analysis/formal/complex_model_summary.csv,interchain_clashes_lt1p8,8,saved_per_model_table,,NA,NA
Native155,empty,1,results/13_interface_analysis/formal/complex_model_summary.csv,nonlocal_intrachain_clashes_lt1p8,12,saved_per_model_table,,NA,NA
Native155,empty,2,results/13_interface_analysis/formal/complex_model_summary.csv,confidence_score,0.6976515650749207,saved_per_model_table,,NA,NA
Native155,empty,2,results/13_interface_analysis/formal/complex_model_summary.csv,ptm,0.6376484036445618,saved_per_model_table,,NA,NA
Native155,empty,2,results/13_interface_analysis/formal/complex_model_summary.csv,iptm,0.5020700097084045,saved_per_model_table,,NA,NA
Native155,empty,2,results/13_interface_analysis/formal/complex_model_summary.csv,complex_plddt,0.7465469241142273,saved_per_model_table,,NA,NA
Native155,empty,2,results/13_interface_analysis/formal/complex_model_summary.csv,epitope_residues_4p5,26,saved_per_model_table,,NA,NA
Native155,empty,2,results/13_interface_analysis/formal/complex_model_summary.csv,paratope_residues_4p5,28,saved_per_model_table,,NA,NA
Native155,empty,2,results/13_interface_analysis/formal/complex_model_summary.csv,cdr_paratope_residues_4p5,23,saved_per_model_table,,NA,NA
Native155,empty,2,results/13_interface_analysis/formal/complex_model_summary.csv,hotspot_hits_4p5,13,saved_per_model_table,,NA,NA
Native155,empty,2,results/13_interface_analysis/formal/complex_model_summary.csv,hotspot_coverage,0.20967741935483872,saved_per_model_table,,NA,NA
Native155,empty,2,results/13_interface_analysis/formal/complex_model_summary.csv,hotspot_fraction_in_interface,0.5,saved_per_model_table,,NA,NA
Native155,empty,2,results/15_affinity/prodigy_formal.csv,prodigy_dG_kcal_mol,-15.8,saved_per_model_table,,saved_per_model_table,NA
Native155,empty,2,results/15_affinity/prodigy_formal.csv,prodigy_Kd_M_25C,2.4e-12,saved_per_model_table,,saved_per_model_table,NA
Native155,empty,2,results/13_interface_analysis/formal/complex_model_summary.csv,chain_breaks,0,saved_per_model_table,,NA,NA
Native155,empty,2,results/13_interface_analysis/formal/complex_model_summary.csv,peptide_cn_outliers,0,saved_per_model_table,,NA,NA
Native155,empty,2,results/13_interface_analysis/formal/complex_model_summary.csv,interchain_clashes_lt1p8,12,saved_per_model_table,,NA,NA
Native155,empty,2,results/13_interface_analysis/formal/complex_model_summary.csv,nonlocal_intrachain_clashes_lt1p8,3,saved_per_model_table,,NA,NA
Native155,empty,3,results/13_interface_analysis/formal/complex_model_summary.csv,confidence_score,0.7041453719139099,saved_per_model_table,,NA,NA
Native155,empty,3,results/13_interface_analysis/formal/complex_model_summary.csv,ptm,0.6429077386856079,saved_per_model_table,,NA,NA
Native155,empty,3,results/13_interface_analysis/formal/complex_model_summary.csv,iptm,0.5060443878173828,saved_per_model_table,,NA,NA
Native155,empty,3,results/13_interface_analysis/formal/complex_model_summary.csv,complex_plddt,0.7536706328392029,saved_per_model_table,,NA,NA
Native155,empty,3,results/13_interface_analysis/formal/complex_model_summary.csv,epitope_residues_4p5,35,saved_per_model_table,,NA,NA
Native155,empty,3,results/13_interface_analysis/formal/complex_model_summary.csv,paratope_residues_4p5,32,saved_per_model_table,,NA,NA
Native155,empty,3,results/13_interface_analysis/formal/complex_model_summary.csv,cdr_paratope_residues_4p5,24,saved_per_model_table,,NA,NA
Native155,empty,3,results/13_interface_analysis/formal/complex_model_summary.csv,hotspot_hits_4p5,21,saved_per_model_table,,NA,NA
Native155,empty,3,results/13_interface_analysis/formal/complex_model_summary.csv,hotspot_coverage,0.3387096774193548,saved_per_model_table,,NA,NA
Native155,empty,3,results/13_interface_analysis/formal/complex_model_summary.csv,hotspot_fraction_in_interface,0.6,saved_per_model_table,,NA,NA
Native155,empty,3,results/15_affinity/prodigy_formal.csv,prodigy_dG_kcal_mol,-15.8,saved_per_model_table,,saved_per_model_table,NA
Native155,empty,3,results/15_affinity/prodigy_formal.csv,prodigy_Kd_M_25C,2.6e-12,saved_per_model_table,,saved_per_model_table,NA
Native155,empty,3,results/13_interface_analysis/formal/complex_model_summary.csv,chain_breaks,0,saved_per_model_table,,NA,NA
Native155,empty,3,results/13_interface_analysis/formal/complex_model_summary.csv,peptide_cn_outliers,0,saved_per_model_table,,NA,NA
Native155,empty,3,results/13_interface_analysis/formal/complex_model_summary.csv,interchain_clashes_lt1p8,11,saved_per_model_table,,NA,NA
Native155,empty,3,results/13_interface_analysis/formal/complex_model_summary.csv,nonlocal_intrachain_clashes_lt1p8,6,saved_per_model_table,,NA,NA
Native155,empty,4,results/13_interface_analysis/formal/complex_model_summary.csv,confidence_score,0.6827334761619568,saved_per_model_table,,NA,NA
Native155,empty,4,results/13_interface_analysis/formal/complex_model_summary.csv,ptm,0.6364094614982605,saved_per_model_table,,NA,NA
Native155,empty,4,results/13_interface_analysis/formal/complex_model_summary.csv,iptm,0.5019986033439636,saved_per_model_table,,NA,NA
Native155,empty,4,results/13_interface_analysis/formal/complex_model_summary.csv,complex_plddt,0.7279171347618103,saved_per_model_table,,NA,NA
Native155,empty,4,results/13_interface_analysis/formal/complex_model_summary.csv,epitope_residues_4p5,23,saved_per_model_table,,NA,NA
Native155,empty,4,results/13_interface_analysis/formal/complex_model_summary.csv,paratope_residues_4p5,28,saved_per_model_table,,NA,NA
Native155,empty,4,results/13_interface_analysis/formal/complex_model_summary.csv,cdr_paratope_residues_4p5,24,saved_per_model_table,,NA,NA
Native155,empty,4,results/13_interface_analysis/formal/complex_model_summary.csv,hotspot_hits_4p5,11,saved_per_model_table,,NA,NA
Native155,empty,4,results/13_interface_analysis/formal/complex_model_summary.csv,hotspot_coverage,0.1774193548387097,saved_per_model_table,,NA,NA
Native155,empty,4,results/13_interface_analysis/formal/complex_model_summary.csv,hotspot_fraction_in_interface,0.4782608695652174,saved_per_model_table,,NA,NA
Native155,empty,4,results/15_affinity/prodigy_formal.csv,prodigy_dG_kcal_mol,-13.0,saved_per_model_table,,saved_per_model_table,NA
Native155,empty,4,results/15_affinity/prodigy_formal.csv,prodigy_Kd_M_25C,3.1e-10,saved_per_model_table,,saved_per_model_table,NA
Native155,empty,4,results/13_interface_analysis/formal/complex_model_summary.csv,chain_breaks,0,saved_per_model_table,,NA,NA
Native155,empty,4,results/13_interface_analysis/formal/complex_model_summary.csv,peptide_cn_outliers,0,saved_per_model_table,,NA,NA
Native155,empty,4,results/13_interface_analysis/formal/complex_model_summary.csv,interchain_clashes_lt1p8,5,saved_per_model_table,,NA,NA
Native155,empty,4,results/13_interface_analysis/formal/complex_model_summary.csv,nonlocal_intrachain_clashes_lt1p8,5,saved_per_model_table,,NA,NA
Native155,empty,5,results/13_interface_analysis/formal/complex_model_summary.csv,confidence_score,0.6944229006767273,saved_per_model_table,,NA,NA
Native155,empty,5,results/13_interface_analysis/formal/complex_model_summary.csv,ptm,0.6387383937835693,saved_per_model_table,,NA,NA
Native155,empty,5,results/13_interface_analysis/formal/complex_model_summary.csv,iptm,0.504569411277771,saved_per_model_table,,NA,NA
Native155,empty,5,results/13_interface_analysis/formal/complex_model_summary.csv,complex_plddt,0.74188631772995,saved_per_model_table,,NA,NA
Native155,empty,5,results/13_interface_analysis/formal/complex_model_summary.csv,epitope_residues_4p5,23,saved_per_model_table,,NA,NA
Native155,empty,5,results/13_interface_analysis/formal/complex_model_summary.csv,paratope_residues_4p5,26,saved_per_model_table,,NA,NA
Native155,empty,5,results/13_interface_analysis/formal/complex_model_summary.csv,cdr_paratope_residues_4p5,23,saved_per_model_table,,NA,NA
Native155,empty,5,results/13_interface_analysis/formal/complex_model_summary.csv,hotspot_hits_4p5,12,saved_per_model_table,,NA,NA
Native155,empty,5,results/13_interface_analysis/formal/complex_model_summary.csv,hotspot_coverage,0.1935483870967742,saved_per_model_table,,NA,NA
Native155,empty,5,results/13_interface_analysis/formal/complex_model_summary.csv,hotspot_fraction_in_interface,0.5217391304347826,saved_per_model_table,,NA,NA
Native155,empty,5,results/15_affinity/prodigy_formal.csv,prodigy_dG_kcal_mol,-14.9,saved_per_model_table,,saved_per_model_table,NA
Native155,empty,5,results/15_affinity/prodigy_formal.csv,prodigy_Kd_M_25C,1.2e-11,saved_per_model_table,,saved_per_model_table,NA
Native155,empty,5,results/13_interface_analysis/formal/complex_model_summary.csv,chain_breaks,0,saved_per_model_table,,NA,NA
Native155,empty,5,results/13_interface_analysis/formal/complex_model_summary.csv,peptide_cn_outliers,0,saved_per_model_table,,NA,NA
Native155,empty,5,results/13_interface_analysis/formal/complex_model_summary.csv,interchain_clashes_lt1p8,7,saved_per_model_table,,NA,NA
Native155,empty,5,results/13_interface_analysis/formal/complex_model_summary.csv,nonlocal_intrachain_clashes_lt1p8,9,saved_per_model_table,,NA,NA
Native155,empty,6,results/13_interface_analysis/formal/complex_model_summary.csv,confidence_score,0.6923503875732422,saved_per_model_table,,NA,NA
Native155,empty,6,results/13_interface_analysis/formal/complex_model_summary.csv,ptm,0.6392176747322083,saved_per_model_table,,NA,NA
Native155,empty,6,results/13_interface_analysis/formal/complex_model_summary.csv,iptm,0.5053266286849976,saved_per_model_table,,NA,NA
Native155,empty,6,results/13_interface_analysis/formal/complex_model_summary.csv,complex_plddt,0.7391063570976257,saved_per_model_table,,NA,NA
Native155,empty,6,results/13_interface_analysis/formal/complex_model_summary.csv,epitope_residues_4p5,26,saved_per_model_table,,NA,NA
Native155,empty,6,results/13_interface_analysis/formal/complex_model_summary.csv,paratope_residues_4p5,27,saved_per_model_table,,NA,NA
Native155,empty,6,results/13_interface_analysis/formal/complex_model_summary.csv,cdr_paratope_residues_4p5,23,saved_per_model_table,,NA,NA
Native155,empty,6,results/13_interface_analysis/formal/complex_model_summary.csv,hotspot_hits_4p5,11,saved_per_model_table,,NA,NA
Native155,empty,6,results/13_interface_analysis/formal/complex_model_summary.csv,hotspot_coverage,0.1774193548387097,saved_per_model_table,,NA,NA
Native155,empty,6,results/13_interface_analysis/formal/complex_model_summary.csv,hotspot_fraction_in_interface,0.4230769230769231,saved_per_model_table,,NA,NA
Native155,empty,6,results/15_affinity/prodigy_formal.csv,prodigy_dG_kcal_mol,-16.3,saved_per_model_table,,saved_per_model_table,NA
Native155,empty,6,results/15_affinity/prodigy_formal.csv,prodigy_Kd_M_25C,1.2e-12,saved_per_model_table,,saved_per_model_table,NA
Native155,empty,6,results/13_interface_analysis/formal/complex_model_summary.csv,chain_breaks,0,saved_per_model_table,,NA,NA
Native155,empty,6,results/13_interface_analysis/formal/complex_model_summary.csv,peptide_cn_outliers,0,saved_per_model_table,,NA,NA
Native155,empty,6,results/13_interface_analysis/formal/complex_model_summary.csv,interchain_clashes_lt1p8,10,saved_per_model_table,,NA,NA
Native155,empty,6,results/13_interface_analysis/formal/complex_model_summary.csv,nonlocal_intrachain_clashes_lt1p8,1,saved_per_model_table,,NA,NA
Native155,empty,7,results/13_interface_analysis/formal/complex_model_summary.csv,confidence_score,0.6990214586257935,saved_per_model_table,,NA,NA
Native155,empty,7,results/13_interface_analysis/formal/complex_model_summary.csv,ptm,0.6382693648338318,saved_per_model_table,,NA,NA
Native155,empty,7,results/13_interface_analysis/formal/complex_model_summary.csv,iptm,0.5038217306137085,saved_per_model_table,,NA,NA
Native155,empty,7,results/13_interface_analysis/formal/complex_model_summary.csv,complex_plddt,0.7478213906288147,saved_per_model_table,,NA,NA
Native155,empty,7,results/13_interface_analysis/formal/complex_model_summary.csv,epitope_residues_4p5,19,saved_per_model_table,,NA,NA
Native155,empty,7,results/13_interface_analysis/formal/complex_model_summary.csv,paratope_residues_4p5,26,saved_per_model_table,,NA,NA
Native155,empty,7,results/13_interface_analysis/formal/complex_model_summary.csv,cdr_paratope_residues_4p5,23,saved_per_model_table,,NA,NA
Native155,empty,7,results/13_interface_analysis/formal/complex_model_summary.csv,hotspot_hits_4p5,8,saved_per_model_table,,NA,NA
Native155,empty,7,results/13_interface_analysis/formal/complex_model_summary.csv,hotspot_coverage,0.12903225806451613,saved_per_model_table,,NA,NA
Native155,empty,7,results/13_interface_analysis/formal/complex_model_summary.csv,hotspot_fraction_in_interface,0.42105263157894735,saved_per_model_table,,NA,NA
Native155,empty,7,results/15_affinity/prodigy_formal.csv,prodigy_dG_kcal_mol,-12.6,saved_per_model_table,,saved_per_model_table,NA
Native155,empty,7,results/15_affinity/prodigy_formal.csv,prodigy_Kd_M_25C,5.7e-10,saved_per_model_table,,saved_per_model_table,NA
Native155,empty,7,results/13_interface_analysis/formal/complex_model_summary.csv,chain_breaks,0,saved_per_model_table,,NA,NA
Native155,empty,7,results/13_interface_analysis/formal/complex_model_summary.csv,peptide_cn_outliers,0,saved_per_model_table,,NA,NA
Native155,empty,7,results/13_interface_analysis/formal/complex_model_summary.csv,interchain_clashes_lt1p8,15,saved_per_model_table,,NA,NA
Native155,empty,7,results/13_interface_analysis/formal/complex_model_summary.csv,nonlocal_intrachain_clashes_lt1p8,18,saved_per_model_table,,NA,NA
Native155,empty,8,results/13_interface_analysis/formal/complex_model_summary.csv,confidence_score,0.6899762153625488,saved_per_model_table,,NA,NA
Native155,empty,8,results/13_interface_analysis/formal/complex_model_summary.csv,ptm,0.6374895572662354,saved_per_model_table,,NA,NA
Native155,empty,8,results/13_interface_analysis/formal/complex_model_summary.csv,iptm,0.5040265917778015,saved_per_model_table,,NA,NA
Native155,empty,8,results/13_interface_analysis/formal/complex_model_summary.csv,complex_plddt,0.7364636063575745,saved_per_model_table,,NA,NA
Native155,empty,8,results/13_interface_analysis/formal/complex_model_summary.csv,epitope_residues_4p5,18,saved_per_model_table,,NA,NA
Native155,empty,8,results/13_interface_analysis/formal/complex_model_summary.csv,paratope_residues_4p5,23,saved_per_model_table,,NA,NA
Native155,empty,8,results/13_interface_analysis/formal/complex_model_summary.csv,cdr_paratope_residues_4p5,20,saved_per_model_table,,NA,NA
Native155,empty,8,results/13_interface_analysis/formal/complex_model_summary.csv,hotspot_hits_4p5,6,saved_per_model_table,,NA,NA
Native155,empty,8,results/13_interface_analysis/formal/complex_model_summary.csv,hotspot_coverage,0.0967741935483871,saved_per_model_table,,NA,NA
Native155,empty,8,results/13_interface_analysis/formal/complex_model_summary.csv,hotspot_fraction_in_interface,0.3333333333333333,saved_per_model_table,,NA,NA
Native155,empty,8,results/15_affinity/prodigy_formal.csv,prodigy_dG_kcal_mol,-11.2,saved_per_model_table,,saved_per_model_table,NA
Native155,empty,8,results/15_affinity/prodigy_formal.csv,prodigy_Kd_M_25C,5.6e-09,saved_per_model_table,,saved_per_model_table,NA
Native155,empty,8,results/13_interface_analysis/formal/complex_model_summary.csv,chain_breaks,0,saved_per_model_table,,NA,NA
Native155,empty,8,results/13_interface_analysis/formal/complex_model_summary.csv,peptide_cn_outliers,0,saved_per_model_table,,NA,NA
Native155,empty,8,results/13_interface_analysis/formal/complex_model_summary.csv,interchain_clashes_lt1p8,4,saved_per_model_table,,NA,NA
Native155,empty,8,results/13_interface_analysis/formal/complex_model_summary.csv,nonlocal_intrachain_clashes_lt1p8,4,saved_per_model_table,,NA,NA
Native155,empty,9,results/13_interface_analysis/formal/complex_model_summary.csv,confidence_score,0.691473662853241,saved_per_model_table,,NA,NA
Native155,empty,9,results/13_interface_analysis/formal/complex_model_summary.csv,ptm,0.6353908181190491,saved_per_model_table,,NA,NA
Native155,empty,9,results/13_interface_analysis/formal/complex_model_summary.csv,iptm,0.49978023767471313,saved_per_model_table,,NA,NA
Native155,empty,9,results/13_interface_analysis/formal/complex_model_summary.csv,complex_plddt,0.7393969893455505,saved_per_model_table,,NA,NA
Native155,empty,9,results/13_interface_analysis/formal/complex_model_summary.csv,epitope_residues_4p5,26,saved_per_model_table,,NA,NA
Native155,empty,9,results/13_interface_analysis/formal/complex_model_summary.csv,paratope_residues_4p5,26,saved_per_model_table,,NA,NA
Native155,empty,9,results/13_interface_analysis/formal/complex_model_summary.csv,cdr_paratope_residues_4p5,23,saved_per_model_table,,NA,NA
Native155,empty,9,results/13_interface_analysis/formal/complex_model_summary.csv,hotspot_hits_4p5,12,saved_per_model_table,,NA,NA
Native155,empty,9,results/13_interface_analysis/formal/complex_model_summary.csv,hotspot_coverage,0.1935483870967742,saved_per_model_table,,NA,NA
Native155,empty,9,results/13_interface_analysis/formal/complex_model_summary.csv,hotspot_fraction_in_interface,0.46153846153846156,saved_per_model_table,,NA,NA
Native155,empty,9,results/15_affinity/prodigy_formal.csv,prodigy_dG_kcal_mol,-14.6,saved_per_model_table,,saved_per_model_table,NA
Native155,empty,9,results/15_affinity/prodigy_formal.csv,prodigy_Kd_M_25C,2.1e-11,saved_per_model_table,,saved_per_model_table,NA
Native155,empty,9,results/13_interface_analysis/formal/complex_model_summary.csv,chain_breaks,0,saved_per_model_table,,NA,NA
Native155,empty,9,results/13_interface_analysis/formal/complex_model_summary.csv,peptide_cn_outliers,0,saved_per_model_table,,NA,NA
Native155,empty,9,results/13_interface_analysis/formal/complex_model_summary.csv,interchain_clashes_lt1p8,6,saved_per_model_table,,NA,NA
Native155,empty,9,results/13_interface_analysis/formal/complex_model_summary.csv,nonlocal_intrachain_clashes_lt1p8,4,saved_per_model_table,,NA,NA
Native155,empty,10,results/13_interface_analysis/formal/complex_model_summary.csv,confidence_score,0.6864789128303528,saved_per_model_table,,NA,NA
Native155,empty,10,results/13_interface_analysis/formal/complex_model_summary.csv,ptm,0.6333643794059753,saved_per_model_table,,NA,NA
Native155,empty,10,results/13_interface_analysis/formal/complex_model_summary.csv,iptm,0.4956512451171875,saved_per_model_table,,NA,NA
Native155,empty,10,results/13_interface_analysis/formal/complex_model_summary.csv,complex_plddt,0.7341858148574829,saved_per_model_table,,NA,NA
Native155,empty,10,results/13_interface_analysis/formal/complex_model_summary.csv,epitope_residues_4p5,24,saved_per_model_table,,NA,NA
Native155,empty,10,results/13_interface_analysis/formal/complex_model_summary.csv,paratope_residues_4p5,27,saved_per_model_table,,NA,NA
Native155,empty,10,results/13_interface_analysis/formal/complex_model_summary.csv,cdr_paratope_residues_4p5,22,saved_per_model_table,,NA,NA
Native155,empty,10,results/13_interface_analysis/formal/complex_model_summary.csv,hotspot_hits_4p5,14,saved_per_model_table,,NA,NA
Native155,empty,10,results/13_interface_analysis/formal/complex_model_summary.csv,hotspot_coverage,0.22580645161290322,saved_per_model_table,,NA,NA
Native155,empty,10,results/13_interface_analysis/formal/complex_model_summary.csv,hotspot_fraction_in_interface,0.5833333333333334,saved_per_model_table,,NA,NA
Native155,empty,10,results/15_affinity/prodigy_formal.csv,prodigy_dG_kcal_mol,-13.2,saved_per_model_table,,saved_per_model_table,NA
Native155,empty,10,results/15_affinity/prodigy_formal.csv,prodigy_Kd_M_25C,1.9e-10,saved_per_model_table,,saved_per_model_table,NA
Native155,empty,10,results/13_interface_analysis/formal/complex_model_summary.csv,chain_breaks,0,saved_per_model_table,,NA,NA
Native155,empty,10,results/13_interface_analysis/formal/complex_model_summary.csv,peptide_cn_outliers,0,saved_per_model_table,,NA,NA
Native155,empty,10,results/13_interface_analysis/formal/complex_model_summary.csv,interchain_clashes_lt1p8,6,saved_per_model_table,,NA,NA
Native155,empty,10,results/13_interface_analysis/formal/complex_model_summary.csv,nonlocal_intrachain_clashes_lt1p8,9,saved_per_model_table,,NA,NA
Native155,empty,11,results/13_interface_analysis/formal/complex_model_summary.csv,confidence_score,0.6947236657142639,saved_per_model_table,,NA,NA
Native155,empty,11,results/13_interface_analysis/formal/complex_model_summary.csv,ptm,0.6373445391654968,saved_per_model_table,,NA,NA
Native155,empty,11,results/13_interface_analysis/formal/complex_model_summary.csv,iptm,0.5014234185218811,saved_per_model_table,,NA,NA
Native155,empty,11,results/13_interface_analysis/formal/complex_model_summary.csv,complex_plddt,0.7430487275123596,saved_per_model_table,,NA,NA
Native155,empty,11,results/13_interface_analysis/formal/complex_model_summary.csv,epitope_residues_4p5,25,saved_per_model_table,,NA,NA
Native155,empty,11,results/13_interface_analysis/formal/complex_model_summary.csv,paratope_residues_4p5,28,saved_per_model_table,,NA,NA
Native155,empty,11,results/13_interface_analysis/formal/complex_model_summary.csv,cdr_paratope_residues_4p5,26,saved_per_model_table,,NA,NA
Native155,empty,11,results/13_interface_analysis/formal/complex_model_summary.csv,hotspot_hits_4p5,9,saved_per_model_table,,NA,NA
Native155,empty,11,results/13_interface_analysis/formal/complex_model_summary.csv,hotspot_coverage,0.14516129032258066,saved_per_model_table,,NA,NA
Native155,empty,11,results/13_interface_analysis/formal/complex_model_summary.csv,hotspot_fraction_in_interface,0.36,saved_per_model_table,,NA,NA
Native155,empty,11,results/15_affinity/prodigy_formal.csv,prodigy_dG_kcal_mol,-14.6,saved_per_model_table,,saved_per_model_table,NA
Native155,empty,11,results/15_affinity/prodigy_formal.csv,prodigy_Kd_M_25C,1.8e-11,saved_per_model_table,,saved_per_model_table,NA
Native155,empty,11,results/13_interface_analysis/formal/complex_model_summary.csv,chain_breaks,0,saved_per_model_table,,NA,NA
Native155,empty,11,results/13_interface_analysis/formal/complex_model_summary.csv,peptide_cn_outliers,0,saved_per_model_table,,NA,NA
Native155,empty,11,results/13_interface_analysis/formal/complex_model_summary.csv,interchain_clashes_lt1p8,10,saved_per_model_table,,NA,NA
Native155,empty,11,results/13_interface_analysis/formal/complex_model_summary.csv,nonlocal_intrachain_clashes_lt1p8,5,saved_per_model_table,,NA,NA
Native155,empty,12,results/13_interface_analysis/formal/complex_model_summary.csv,confidence_score,0.7054558992385864,saved_per_model_table,,NA,NA
Native155,empty,12,results/13_interface_analysis/formal/complex_model_summary.csv,ptm,0.6432510614395142,saved_per_model_table,,NA,NA
Native155,empty,12,results/13_interface_analysis/formal/complex_model_summary.csv,iptm,0.5115033388137817,saved_per_model_table,,NA,NA
Native155,empty,12,results/13_interface_analysis/formal/complex_model_summary.csv,complex_plddt,0.7539439797401428,saved_per_model_table,,NA,NA
Native155,empty,12,results/13_interface_analysis/formal/complex_model_summary.csv,epitope_residues_4p5,19,saved_per_model_table,,NA,NA
Native155,empty,12,results/13_interface_analysis/formal/complex_model_summary.csv,paratope_residues_4p5,27,saved_per_model_table,,NA,NA
Native155,empty,12,results/13_interface_analysis/formal/complex_model_summary.csv,cdr_paratope_residues_4p5,24,saved_per_model_table,,NA,NA
Native155,empty,12,results/13_interface_analysis/formal/complex_model_summary.csv,hotspot_hits_4p5,8,saved_per_model_table,,NA,NA
Native155,empty,12,results/13_interface_analysis/formal/complex_model_summary.csv,hotspot_coverage,0.12903225806451613,saved_per_model_table,,NA,NA
Native155,empty,12,results/13_interface_analysis/formal/complex_model_summary.csv,hotspot_fraction_in_interface,0.42105263157894735,saved_per_model_table,,NA,NA
Native155,empty,12,results/15_affinity/prodigy_formal.csv,prodigy_dG_kcal_mol,-12.4,saved_per_model_table,,saved_per_model_table,NA
Native155,empty,12,results/15_affinity/prodigy_formal.csv,prodigy_Kd_M_25C,8.4e-10,saved_per_model_table,,saved_per_model_table,NA
Native155,empty,12,results/13_interface_analysis/formal/complex_model_summary.csv,chain_breaks,0,saved_per_model_table,,NA,NA
Native155,empty,12,results/13_interface_analysis/formal/complex_model_summary.csv,peptide_cn_outliers,0,saved_per_model_table,,NA,NA
Native155,empty,12,results/13_interface_analysis/formal/complex_model_summary.csv,interchain_clashes_lt1p8,5,saved_per_model_table,,NA,NA
Native155,empty,12,results/13_interface_analysis/formal/complex_model_summary.csv,nonlocal_intrachain_clashes_lt1p8,3,saved_per_model_table,,NA,NA
Native155,empty,13,results/13_interface_analysis/formal/complex_model_summary.csv,confidence_score,0.6870423555374146,saved_per_model_table,,NA,NA
Native155,empty,13,results/13_interface_analysis/formal/complex_model_summary.csv,ptm,0.6395076513290405,saved_per_model_table,,NA,NA
Native155,empty,13,results/13_interface_analysis/formal/complex_model_summary.csv,iptm,0.503253698348999,saved_per_model_table,,NA,NA
Native155,empty,13,results/13_interface_analysis/formal/complex_model_summary.csv,complex_plddt,0.732989490032196,saved_per_model_table,,NA,NA
Native155,empty,13,results/13_interface_analysis/formal/complex_model_summary.csv,epitope_residues_4p5,23,saved_per_model_table,,NA,NA
Native155,empty,13,results/13_interface_analysis/formal/complex_model_summary.csv,paratope_residues_4p5,27,saved_per_model_table,,NA,NA
Native155,empty,13,results/13_interface_analysis/formal/complex_model_summary.csv,cdr_paratope_residues_4p5,24,saved_per_model_table,,NA,NA
Native155,empty,13,results/13_interface_analysis/formal/complex_model_summary.csv,hotspot_hits_4p5,4,saved_per_model_table,,NA,NA
Native155,empty,13,results/13_interface_analysis/formal/complex_model_summary.csv,hotspot_coverage,0.06451612903225806,saved_per_model_table,,NA,NA
Native155,empty,13,results/13_interface_analysis/formal/complex_model_summary.csv,hotspot_fraction_in_interface,0.17391304347826086,saved_per_model_table,,NA,NA
Native155,empty,13,results/15_affinity/prodigy_formal.csv,prodigy_dG_kcal_mol,-13.6,saved_per_model_table,,saved_per_model_table,NA
Native155,empty,13,results/15_affinity/prodigy_formal.csv,prodigy_Kd_M_25C,1e-10,saved_per_model_table,,saved_per_model_table,NA
Native155,empty,13,results/13_interface_analysis/formal/complex_model_summary.csv,chain_breaks,0,saved_per_model_table,,NA,NA
Native155,empty,13,results/13_interface_analysis/formal/complex_model_summary.csv,peptide_cn_outliers,0,saved_per_model_table,,NA,NA
Native155,empty,13,results/13_interface_analysis/formal/complex_model_summary.csv,interchain_clashes_lt1p8,7,saved_per_model_table,,NA,NA
Native155,empty,13,results/13_interface_analysis/formal/complex_model_summary.csv,nonlocal_intrachain_clashes_lt1p8,7,saved_per_model_table,,NA,NA
Native155,empty,14,results/13_interface_analysis/formal/complex_model_summary.csv,confidence_score,0.7178917527198792,saved_per_model_table,,NA,NA
Native155,empty,14,results/13_interface_analysis/formal/complex_model_summary.csv,ptm,0.6569253206253052,saved_per_model_table,,NA,NA
Native155,empty,14,results/13_interface_analysis/formal/complex_model_summary.csv,iptm,0.5275940299034119,saved_per_model_table,,NA,NA
Native155,empty,14,results/13_interface_analysis/formal/complex_model_summary.csv,complex_plddt,0.7654661536216736,saved_per_model_table,,NA,NA
Native155,empty,14,results/13_interface_analysis/formal/complex_model_summary.csv,epitope_residues_4p5,17,saved_per_model_table,,NA,NA
Native155,empty,14,results/13_interface_analysis/formal/complex_model_summary.csv,paratope_residues_4p5,20,saved_per_model_table,,NA,NA
Native155,empty,14,results/13_interface_analysis/formal/complex_model_summary.csv,cdr_paratope_residues_4p5,18,saved_per_model_table,,NA,NA
Native155,empty,14,results/13_interface_analysis/formal/complex_model_summary.csv,hotspot_hits_4p5,4,saved_per_model_table,,NA,NA
Native155,empty,14,results/13_interface_analysis/formal/complex_model_summary.csv,hotspot_coverage,0.06451612903225806,saved_per_model_table,,NA,NA
Native155,empty,14,results/13_interface_analysis/formal/complex_model_summary.csv,hotspot_fraction_in_interface,0.23529411764705882,saved_per_model_table,,NA,NA
Native155,empty,14,results/15_affinity/prodigy_formal.csv,prodigy_dG_kcal_mol,-12.0,saved_per_model_table,,saved_per_model_table,NA
Native155,empty,14,results/15_affinity/prodigy_formal.csv,prodigy_Kd_M_25C,1.5e-09,saved_per_model_table,,saved_per_model_table,NA
Native155,empty,14,results/13_interface_analysis/formal/complex_model_summary.csv,chain_breaks,0,saved_per_model_table,,NA,NA
Native155,empty,14,results/13_interface_analysis/formal/complex_model_summary.csv,peptide_cn_outliers,0,saved_per_model_table,,NA,NA
Native155,empty,14,results/13_interface_analysis/formal/complex_model_summary.csv,interchain_clashes_lt1p8,7,saved_per_model_table,,NA,NA
Native155,empty,14,results/13_interface_analysis/formal/complex_model_summary.csv,nonlocal_intrachain_clashes_lt1p8,9,saved_per_model_table,,NA,NA
Native155,empty,15,results/13_interface_analysis/formal/complex_model_summary.csv,confidence_score,0.6882089972496033,saved_per_model_table,,NA,NA
Native155,empty,15,results/13_interface_analysis/formal/complex_model_summary.csv,ptm,0.6366685032844543,saved_per_model_table,,NA,NA
Native155,empty,15,results/13_interface_analysis/formal/complex_model_summary.csv,iptm,0.5002343058586121,saved_per_model_table,,NA,NA
Native155,empty,15,results/13_interface_analysis/formal/complex_model_summary.csv,complex_plddt,0.7352026700973511,saved_per_model_table,,NA,NA
Native155,empty,15,results/13_interface_analysis/formal/complex_model_summary.csv,epitope_residues_4p5,24,saved_per_model_table,,NA,NA
Native155,empty,15,results/13_interface_analysis/formal/complex_model_summary.csv,paratope_residues_4p5,27,saved_per_model_table,,NA,NA
Native155,empty,15,results/13_interface_analysis/formal/complex_model_summary.csv,cdr_paratope_residues_4p5,23,saved_per_model_table,,NA,NA
Native155,empty,15,results/13_interface_analysis/formal/complex_model_summary.csv,hotspot_hits_4p5,12,saved_per_model_table,,NA,NA
Native155,empty,15,results/13_interface_analysis/formal/complex_model_summary.csv,hotspot_coverage,0.1935483870967742,saved_per_model_table,,NA,NA
Native155,empty,15,results/13_interface_analysis/formal/complex_model_summary.csv,hotspot_fraction_in_interface,0.5,saved_per_model_table,,NA,NA
Native155,empty,15,results/15_affinity/prodigy_formal.csv,prodigy_dG_kcal_mol,-13.8,saved_per_model_table,,saved_per_model_table,NA
Native155,empty,15,results/15_affinity/prodigy_formal.csv,prodigy_Kd_M_25C,8.1e-11,saved_per_model_table,,saved_per_model_table,NA
Native155,empty,15,results/13_interface_analysis/formal/complex_model_summary.csv,chain_breaks,0,saved_per_model_table,,NA,NA
Native155,empty,15,results/13_interface_analysis/formal/complex_model_summary.csv,peptide_cn_outliers,0,saved_per_model_table,,NA,NA
Native155,empty,15,results/13_interface_analysis/formal/complex_model_summary.csv,interchain_clashes_lt1p8,8,saved_per_model_table,,NA,NA
Native155,empty,15,results/13_interface_analysis/formal/complex_model_summary.csv,nonlocal_intrachain_clashes_lt1p8,11,saved_per_model_table,,NA,NA
Native155,formal_msa,1,results/13_interface_analysis/formal_msa/complex_model_summary.csv,confidence_score,0.7790666818618774,saved_per_model_table,,NA,NA
Native155,formal_msa,1,results/13_interface_analysis/formal_msa/complex_model_summary.csv,ptm,0.6287649869918823,saved_per_model_table,,NA,NA
Native155,formal_msa,1,results/13_interface_analysis/formal_msa/complex_model_summary.csv,iptm,0.4915338158607483,saved_per_model_table,,NA,NA
Native155,formal_msa,1,results/13_interface_analysis/formal_msa/complex_model_summary.csv,complex_plddt,0.8509498834609985,saved_per_model_table,,NA,NA
Native155,formal_msa,1,results/13_interface_analysis/formal_msa/complex_model_summary.csv,epitope_residues_4p5,23,saved_per_model_table,,NA,NA
Native155,formal_msa,1,results/13_interface_analysis/formal_msa/complex_model_summary.csv,paratope_residues_4p5,25,saved_per_model_table,,NA,NA
Native155,formal_msa,1,results/13_interface_analysis/formal_msa/complex_model_summary.csv,cdr_paratope_residues_4p5,24,saved_per_model_table,,NA,NA
Native155,formal_msa,1,results/13_interface_analysis/formal_msa/complex_model_summary.csv,hotspot_hits_4p5,7,saved_per_model_table,,NA,NA
Native155,formal_msa,1,results/13_interface_analysis/formal_msa/complex_model_summary.csv,hotspot_coverage,0.11290322580645161,saved_per_model_table,,NA,NA
Native155,formal_msa,1,results/13_interface_analysis/formal_msa/complex_model_summary.csv,hotspot_fraction_in_interface,0.30434782608695654,saved_per_model_table,,NA,NA
Native155,formal_msa,1,results/15_affinity/prodigy_formal_msa.csv,prodigy_dG_kcal_mol,-13.2,saved_per_model_table,,saved_per_model_table,NA
Native155,formal_msa,1,results/15_affinity/prodigy_formal_msa.csv,prodigy_Kd_M_25C,2e-10,saved_per_model_table,,saved_per_model_table,NA
Native155,formal_msa,1,results/13_interface_analysis/formal_msa/complex_model_summary.csv,chain_breaks,0,saved_per_model_table,,NA,NA
Native155,formal_msa,1,results/13_interface_analysis/formal_msa/complex_model_summary.csv,peptide_cn_outliers,0,saved_per_model_table,,NA,NA
Native155,formal_msa,1,results/13_interface_analysis/formal_msa/complex_model_summary.csv,interchain_clashes_lt1p8,0,saved_per_model_table,,NA,NA
Native155,formal_msa,1,results/13_interface_analysis/formal_msa/complex_model_summary.csv,nonlocal_intrachain_clashes_lt1p8,4,saved_per_model_table,,NA,NA
Native155,formal_msa,2,results/13_interface_analysis/formal_msa/complex_model_summary.csv,confidence_score,0.783604085445404,saved_per_model_table,,NA,NA
Native155,formal_msa,2,results/13_interface_analysis/formal_msa/complex_model_summary.csv,ptm,0.6522470712661743,saved_per_model_table,,NA,NA
Native155,formal_msa,2,results/13_interface_analysis/formal_msa/complex_model_summary.csv,iptm,0.521126389503479,saved_per_model_table,,NA,NA
Native155,formal_msa,2,results/13_interface_analysis/formal_msa/complex_model_summary.csv,complex_plddt,0.8492234349250793,saved_per_model_table,,NA,NA
Native155,formal_msa,2,results/13_interface_analysis/formal_msa/complex_model_summary.csv,epitope_residues_4p5,19,saved_per_model_table,,NA,NA
Native155,formal_msa,2,results/13_interface_analysis/formal_msa/complex_model_summary.csv,paratope_residues_4p5,20,saved_per_model_table,,NA,NA
Native155,formal_msa,2,results/13_interface_analysis/formal_msa/complex_model_summary.csv,cdr_paratope_residues_4p5,17,saved_per_model_table,,NA,NA
Native155,formal_msa,2,results/13_interface_analysis/formal_msa/complex_model_summary.csv,hotspot_hits_4p5,15,saved_per_model_table,,NA,NA
Native155,formal_msa,2,results/13_interface_analysis/formal_msa/complex_model_summary.csv,hotspot_coverage,0.24193548387096775,saved_per_model_table,,NA,NA
Native155,formal_msa,2,results/13_interface_analysis/formal_msa/complex_model_summary.csv,hotspot_fraction_in_interface,0.7894736842105263,saved_per_model_table,,NA,NA
Native155,formal_msa,2,results/15_affinity/prodigy_formal_msa.csv,prodigy_dG_kcal_mol,-13.3,saved_per_model_table,,saved_per_model_table,NA
Native155,formal_msa,2,results/15_affinity/prodigy_formal_msa.csv,prodigy_Kd_M_25C,1.8e-10,saved_per_model_table,,saved_per_model_table,NA
Native155,formal_msa,2,results/13_interface_analysis/formal_msa/complex_model_summary.csv,chain_breaks,0,saved_per_model_table,,NA,NA
Native155,formal_msa,2,results/13_interface_analysis/formal_msa/complex_model_summary.csv,peptide_cn_outliers,0,saved_per_model_table,,NA,NA
Native155,formal_msa,2,results/13_interface_analysis/formal_msa/complex_model_summary.csv,interchain_clashes_lt1p8,9,saved_per_model_table,,NA,NA
Native155,formal_msa,2,results/13_interface_analysis/formal_msa/complex_model_summary.csv,nonlocal_intrachain_clashes_lt1p8,2,saved_per_model_table,,NA,NA
Native155,formal_msa,3,results/13_interface_analysis/formal_msa/complex_model_summary.csv,confidence_score,0.7899157404899597,saved_per_model_table,,NA,NA
Native155,formal_msa,3,results/13_interface_analysis/formal_msa/complex_model_summary.csv,ptm,0.6649861931800842,saved_per_model_table,,NA,NA
Native155,formal_msa,3,results/13_interface_analysis/formal_msa/complex_model_summary.csv,iptm,0.5363360047340393,saved_per_model_table,,NA,NA
Native155,formal_msa,3,results/13_interface_analysis/formal_msa/complex_model_summary.csv,complex_plddt,0.8533107042312622,saved_per_model_table,,NA,NA
Native155,formal_msa,3,results/13_interface_analysis/formal_msa/complex_model_summary.csv,epitope_residues_4p5,17,saved_per_model_table,,NA,NA
Native155,formal_msa,3,results/13_interface_analysis/formal_msa/complex_model_summary.csv,paratope_residues_4p5,26,saved_per_model_table,,NA,NA
Native155,formal_msa,3,results/13_interface_analysis/formal_msa/complex_model_summary.csv,cdr_paratope_residues_4p5,22,saved_per_model_table,,NA,NA
Native155,formal_msa,3,results/13_interface_analysis/formal_msa/complex_model_summary.csv,hotspot_hits_4p5,13,saved_per_model_table,,NA,NA
Native155,formal_msa,3,results/13_interface_analysis/formal_msa/complex_model_summary.csv,hotspot_coverage,0.20967741935483872,saved_per_model_table,,NA,NA
Native155,formal_msa,3,results/13_interface_analysis/formal_msa/complex_model_summary.csv,hotspot_fraction_in_interface,0.7647058823529411,saved_per_model_table,,NA,NA
Native155,formal_msa,3,results/15_affinity/prodigy_formal_msa.csv,prodigy_dG_kcal_mol,-12.6,saved_per_model_table,,saved_per_model_table,NA
Native155,formal_msa,3,results/15_affinity/prodigy_formal_msa.csv,prodigy_Kd_M_25C,6.1e-10,saved_per_model_table,,saved_per_model_table,NA
Native155,formal_msa,3,results/13_interface_analysis/formal_msa/complex_model_summary.csv,chain_breaks,0,saved_per_model_table,,NA,NA
Native155,formal_msa,3,results/13_interface_analysis/formal_msa/complex_model_summary.csv,peptide_cn_outliers,0,saved_per_model_table,,NA,NA
Native155,formal_msa,3,results/13_interface_analysis/formal_msa/complex_model_summary.csv,interchain_clashes_lt1p8,1,saved_per_model_table,,NA,NA
Native155,formal_msa,3,results/13_interface_analysis/formal_msa/complex_model_summary.csv,nonlocal_intrachain_clashes_lt1p8,3,saved_per_model_table,,NA,NA
Native155,formal_msa,4,results/13_interface_analysis/formal_msa/complex_model_summary.csv,confidence_score,0.8283976912498474,saved_per_model_table,,NA,NA
Native155,formal_msa,4,results/13_interface_analysis/formal_msa/complex_model_summary.csv,ptm,0.7795047163963318,saved_per_model_table,,NA,NA
Native155,formal_msa,4,results/13_interface_analysis/formal_msa/complex_model_summary.csv,iptm,0.7003403306007385,saved_per_model_table,,NA,NA
Native155,formal_msa,4,results/13_interface_analysis/formal_msa/complex_model_summary.csv,complex_plddt,0.8604119420051575,saved_per_model_table,,NA,NA
Native155,formal_msa,4,results/13_interface_analysis/formal_msa/complex_model_summary.csv,epitope_residues_4p5,25,saved_per_model_table,,NA,NA
Native155,formal_msa,4,results/13_interface_analysis/formal_msa/complex_model_summary.csv,paratope_residues_4p5,28,saved_per_model_table,,NA,NA
Native155,formal_msa,4,results/13_interface_analysis/formal_msa/complex_model_summary.csv,cdr_paratope_residues_4p5,25,saved_per_model_table,,NA,NA
Native155,formal_msa,4,results/13_interface_analysis/formal_msa/complex_model_summary.csv,hotspot_hits_4p5,7,saved_per_model_table,,NA,NA
Native155,formal_msa,4,results/13_interface_analysis/formal_msa/complex_model_summary.csv,hotspot_coverage,0.11290322580645161,saved_per_model_table,,NA,NA
Native155,formal_msa,4,results/13_interface_analysis/formal_msa/complex_model_summary.csv,hotspot_fraction_in_interface,0.28,saved_per_model_table,,NA,NA
Native155,formal_msa,4,results/15_affinity/prodigy_formal_msa.csv,prodigy_dG_kcal_mol,-13.9,saved_per_model_table,,saved_per_model_table,NA
Native155,formal_msa,4,results/15_affinity/prodigy_formal_msa.csv,prodigy_Kd_M_25C,6.4e-11,saved_per_model_table,,saved_per_model_table,NA
Native155,formal_msa,4,results/13_interface_analysis/formal_msa/complex_model_summary.csv,chain_breaks,0,saved_per_model_table,,NA,NA
Native155,formal_msa,4,results/13_interface_analysis/formal_msa/complex_model_summary.csv,peptide_cn_outliers,0,saved_per_model_table,,NA,NA
Native155,formal_msa,4,results/13_interface_analysis/formal_msa/complex_model_summary.csv,interchain_clashes_lt1p8,14,saved_per_model_table,,NA,NA
Native155,formal_msa,4,results/13_interface_analysis/formal_msa/complex_model_summary.csv,nonlocal_intrachain_clashes_lt1p8,6,saved_per_model_table,,NA,NA
Native155,formal_msa,5,results/13_interface_analysis/formal_msa/complex_model_summary.csv,confidence_score,0.7909510731697083,saved_per_model_table,,NA,NA
Native155,formal_msa,5,results/13_interface_analysis/formal_msa/complex_model_summary.csv,ptm,0.681363046169281,saved_per_model_table,,NA,NA
Native155,formal_msa,5,results/13_interface_analysis/formal_msa/complex_model_summary.csv,iptm,0.5501686930656433,saved_per_model_table,,NA,NA
Native155,formal_msa,5,results/13_interface_analysis/formal_msa/complex_model_summary.csv,complex_plddt,0.8511466383934021,saved_per_model_table,,NA,NA
Native155,formal_msa,5,results/13_interface_analysis/formal_msa/complex_model_summary.csv,epitope_residues_4p5,14,saved_per_model_table,,NA,NA
Native155,formal_msa,5,results/13_interface_analysis/formal_msa/complex_model_summary.csv,paratope_residues_4p5,22,saved_per_model_table,,NA,NA
Native155,formal_msa,5,results/13_interface_analysis/formal_msa/complex_model_summary.csv,cdr_paratope_residues_4p5,17,saved_per_model_table,,NA,NA
Native155,formal_msa,5,results/13_interface_analysis/formal_msa/complex_model_summary.csv,hotspot_hits_4p5,12,saved_per_model_table,,NA,NA
Native155,formal_msa,5,results/13_interface_analysis/formal_msa/complex_model_summary.csv,hotspot_coverage,0.1935483870967742,saved_per_model_table,,NA,NA
Native155,formal_msa,5,results/13_interface_analysis/formal_msa/complex_model_summary.csv,hotspot_fraction_in_interface,0.8571428571428571,saved_per_model_table,,NA,NA
Native155,formal_msa,5,results/15_affinity/prodigy_formal_msa.csv,prodigy_dG_kcal_mol,-11.9,saved_per_model_table,,saved_per_model_table,NA
Native155,formal_msa,5,results/15_affinity/prodigy_formal_msa.csv,prodigy_Kd_M_25C,1.8e-09,saved_per_model_table,,saved_per_model_table,NA
Native155,formal_msa,5,results/13_interface_analysis/formal_msa/complex_model_summary.csv,chain_breaks,0,saved_per_model_table,,NA,NA
Native155,formal_msa,5,results/13_interface_analysis/formal_msa/complex_model_summary.csv,peptide_cn_outliers,0,saved_per_model_table,,NA,NA
Native155,formal_msa,5,results/13_interface_analysis/formal_msa/complex_model_summary.csv,interchain_clashes_lt1p8,5,saved_per_model_table,,NA,NA
Native155,formal_msa,5,results/13_interface_analysis/formal_msa/complex_model_summary.csv,nonlocal_intrachain_clashes_lt1p8,9,saved_per_model_table,,NA,NA
Native155,formal_msa,6,results/13_interface_analysis/formal_msa/complex_model_summary.csv,confidence_score,0.7803556323051453,saved_per_model_table,,NA,NA
Native155,formal_msa,6,results/13_interface_analysis/formal_msa/complex_model_summary.csv,ptm,0.6565068960189819,saved_per_model_table,,NA,NA
Native155,formal_msa,6,results/13_interface_analysis/formal_msa/complex_model_summary.csv,iptm,0.5242770314216614,saved_per_model_table,,NA,NA
Native155,formal_msa,6,results/13_interface_analysis/formal_msa/complex_model_summary.csv,complex_plddt,0.8443753123283386,saved_per_model_table,,NA,NA
Native155,formal_msa,6,results/13_interface_analysis/formal_msa/complex_model_summary.csv,epitope_residues_4p5,15,saved_per_model_table,,NA,NA
Native155,formal_msa,6,results/13_interface_analysis/formal_msa/complex_model_summary.csv,paratope_residues_4p5,22,saved_per_model_table,,NA,NA
Native155,formal_msa,6,results/13_interface_analysis/formal_msa/complex_model_summary.csv,cdr_paratope_residues_4p5,20,saved_per_model_table,,NA,NA
Native155,formal_msa,6,results/13_interface_analysis/formal_msa/complex_model_summary.csv,hotspot_hits_4p5,14,saved_per_model_table,,NA,NA
Native155,formal_msa,6,results/13_interface_analysis/formal_msa/complex_model_summary.csv,hotspot_coverage,0.22580645161290322,saved_per_model_table,,NA,NA
Native155,formal_msa,6,results/13_interface_analysis/formal_msa/complex_model_summary.csv,hotspot_fraction_in_interface,0.9333333333333333,saved_per_model_table,,NA,NA
Native155,formal_msa,6,results/15_affinity/prodigy_formal_msa.csv,prodigy_dG_kcal_mol,-10.9,saved_per_model_table,,saved_per_model_table,NA
Native155,formal_msa,6,results/15_affinity/prodigy_formal_msa.csv,prodigy_Kd_M_25C,9.5e-09,saved_per_model_table,,saved_per_model_table,NA
Native155,formal_msa,6,results/13_interface_analysis/formal_msa/complex_model_summary.csv,chain_breaks,0,saved_per_model_table,,NA,NA
Native155,formal_msa,6,results/13_interface_analysis/formal_msa/complex_model_summary.csv,peptide_cn_outliers,0,saved_per_model_table,,NA,NA
Native155,formal_msa,6,results/13_interface_analysis/formal_msa/complex_model_summary.csv,interchain_clashes_lt1p8,0,saved_per_model_table,,NA,NA
Native155,formal_msa,6,results/13_interface_analysis/formal_msa/complex_model_summary.csv,nonlocal_intrachain_clashes_lt1p8,11,saved_per_model_table,,NA,NA
Native155,formal_msa,7,results/13_interface_analysis/formal_msa/complex_model_summary.csv,confidence_score,0.8141912817955017,saved_per_model_table,,NA,NA
Native155,formal_msa,7,results/13_interface_analysis/formal_msa/complex_model_summary.csv,ptm,0.7352203130722046,saved_per_model_table,,NA,NA
Native155,formal_msa,7,results/13_interface_analysis/formal_msa/complex_model_summary.csv,iptm,0.6269111037254333,saved_per_model_table,,NA,NA
Native155,formal_msa,7,results/13_interface_analysis/formal_msa/complex_model_summary.csv,complex_plddt,0.8610113263130188,saved_per_model_table,,NA,NA
Native155,formal_msa,7,results/13_interface_analysis/formal_msa/complex_model_summary.csv,epitope_residues_4p5,17,saved_per_model_table,,NA,NA
Native155,formal_msa,7,results/13_interface_analysis/formal_msa/complex_model_summary.csv,paratope_residues_4p5,26,saved_per_model_table,,NA,NA
Native155,formal_msa,7,results/13_interface_analysis/formal_msa/complex_model_summary.csv,cdr_paratope_residues_4p5,21,saved_per_model_table,,NA,NA
Native155,formal_msa,7,results/13_interface_analysis/formal_msa/complex_model_summary.csv,hotspot_hits_4p5,15,saved_per_model_table,,NA,NA
Native155,formal_msa,7,results/13_interface_analysis/formal_msa/complex_model_summary.csv,hotspot_coverage,0.24193548387096775,saved_per_model_table,,NA,NA
Native155,formal_msa,7,results/13_interface_analysis/formal_msa/complex_model_summary.csv,hotspot_fraction_in_interface,0.8823529411764706,saved_per_model_table,,NA,NA
Native155,formal_msa,7,results/15_affinity/prodigy_formal_msa.csv,prodigy_dG_kcal_mol,-10.8,saved_per_model_table,,saved_per_model_table,NA
Native155,formal_msa,7,results/15_affinity/prodigy_formal_msa.csv,prodigy_Kd_M_25C,1.2e-08,saved_per_model_table,,saved_per_model_table,NA
Native155,formal_msa,7,results/13_interface_analysis/formal_msa/complex_model_summary.csv,chain_breaks,0,saved_per_model_table,,NA,NA
Native155,formal_msa,7,results/13_interface_analysis/formal_msa/complex_model_summary.csv,peptide_cn_outliers,0,saved_per_model_table,,NA,NA
Native155,formal_msa,7,results/13_interface_analysis/formal_msa/complex_model_summary.csv,interchain_clashes_lt1p8,1,saved_per_model_table,,NA,NA
Native155,formal_msa,7,results/13_interface_analysis/formal_msa/complex_model_summary.csv,nonlocal_intrachain_clashes_lt1p8,2,saved_per_model_table,,NA,NA
Native155,formal_msa,8,results/13_interface_analysis/formal_msa/complex_model_summary.csv,confidence_score,0.7838913798332214,saved_per_model_table,,NA,NA
Native155,formal_msa,8,results/13_interface_analysis/formal_msa/complex_model_summary.csv,ptm,0.6563702821731567,saved_per_model_table,,NA,NA
Native155,formal_msa,8,results/13_interface_analysis/formal_msa/complex_model_summary.csv,iptm,0.5274786353111267,saved_per_model_table,,NA,NA
Native155,formal_msa,8,results/13_interface_analysis/formal_msa/complex_model_summary.csv,complex_plddt,0.8479945659637451,saved_per_model_table,,NA,NA
Native155,formal_msa,8,results/13_interface_analysis/formal_msa/complex_model_summary.csv,epitope_residues_4p5,19,saved_per_model_table,,NA,NA
Native155,formal_msa,8,results/13_interface_analysis/formal_msa/complex_model_summary.csv,paratope_residues_4p5,26,saved_per_model_table,,NA,NA
Native155,formal_msa,8,results/13_interface_analysis/formal_msa/complex_model_summary.csv,cdr_paratope_residues_4p5,24,saved_per_model_table,,NA,NA
Native155,formal_msa,8,results/13_interface_analysis/formal_msa/complex_model_summary.csv,hotspot_hits_4p5,3,saved_per_model_table,,NA,NA
Native155,formal_msa,8,results/13_interface_analysis/formal_msa/complex_model_summary.csv,hotspot_coverage,0.04838709677419355,saved_per_model_table,,NA,NA
Native155,formal_msa,8,results/13_interface_analysis/formal_msa/complex_model_summary.csv,hotspot_fraction_in_interface,0.15789473684210525,saved_per_model_table,,NA,NA
Native155,formal_msa,8,results/15_affinity/prodigy_formal_msa.csv,prodigy_dG_kcal_mol,-13.0,saved_per_model_table,,saved_per_model_table,NA
Native155,formal_msa,8,results/15_affinity/prodigy_formal_msa.csv,prodigy_Kd_M_25C,2.9e-10,saved_per_model_table,,saved_per_model_table,NA
Native155,formal_msa,8,results/13_interface_analysis/formal_msa/complex_model_summary.csv,chain_breaks,0,saved_per_model_table,,NA,NA
Native155,formal_msa,8,results/13_interface_analysis/formal_msa/complex_model_summary.csv,peptide_cn_outliers,0,saved_per_model_table,,NA,NA
Native155,formal_msa,8,results/13_interface_analysis/formal_msa/complex_model_summary.csv,interchain_clashes_lt1p8,6,saved_per_model_table,,NA,NA
Native155,formal_msa,8,results/13_interface_analysis/formal_msa/complex_model_summary.csv,nonlocal_intrachain_clashes_lt1p8,2,saved_per_model_table,,NA,NA
Native155,formal_msa,9,results/13_interface_analysis/formal_msa/complex_model_summary.csv,confidence_score,0.7823625206947327,saved_per_model_table,,NA,NA
Native155,formal_msa,9,results/13_interface_analysis/formal_msa/complex_model_summary.csv,ptm,0.6583031415939331,saved_per_model_table,,NA,NA
Native155,formal_msa,9,results/13_interface_analysis/formal_msa/complex_model_summary.csv,iptm,0.5265651345252991,saved_per_model_table,,NA,NA
Native155,formal_msa,9,results/13_interface_analysis/formal_msa/complex_model_summary.csv,complex_plddt,0.8463118672370911,saved_per_model_table,,NA,NA
Native155,formal_msa,9,results/13_interface_analysis/formal_msa/complex_model_summary.csv,epitope_residues_4p5,15,saved_per_model_table,,NA,NA
Native155,formal_msa,9,results/13_interface_analysis/formal_msa/complex_model_summary.csv,paratope_residues_4p5,21,saved_per_model_table,,NA,NA
Native155,formal_msa,9,results/13_interface_analysis/formal_msa/complex_model_summary.csv,cdr_paratope_residues_4p5,16,saved_per_model_table,,NA,NA
Native155,formal_msa,9,results/13_interface_analysis/formal_msa/complex_model_summary.csv,hotspot_hits_4p5,14,saved_per_model_table,,NA,NA
Native155,formal_msa,9,results/13_interface_analysis/formal_msa/complex_model_summary.csv,hotspot_coverage,0.22580645161290322,saved_per_model_table,,NA,NA
Native155,formal_msa,9,results/13_interface_analysis/formal_msa/complex_model_summary.csv,hotspot_fraction_in_interface,0.9333333333333333,saved_per_model_table,,NA,NA
Native155,formal_msa,9,results/15_affinity/prodigy_formal_msa.csv,prodigy_dG_kcal_mol,-12.7,saved_per_model_table,,saved_per_model_table,NA
Native155,formal_msa,9,results/15_affinity/prodigy_formal_msa.csv,prodigy_Kd_M_25C,4.5e-10,saved_per_model_table,,saved_per_model_table,NA
Native155,formal_msa,9,results/13_interface_analysis/formal_msa/complex_model_summary.csv,chain_breaks,0,saved_per_model_table,,NA,NA
Native155,formal_msa,9,results/13_interface_analysis/formal_msa/complex_model_summary.csv,peptide_cn_outliers,0,saved_per_model_table,,NA,NA
Native155,formal_msa,9,results/13_interface_analysis/formal_msa/complex_model_summary.csv,interchain_clashes_lt1p8,0,saved_per_model_table,,NA,NA
Native155,formal_msa,9,results/13_interface_analysis/formal_msa/complex_model_summary.csv,nonlocal_intrachain_clashes_lt1p8,5,saved_per_model_table,,NA,NA
Native155,formal_msa,10,results/13_interface_analysis/formal_msa/complex_model_summary.csv,confidence_score,0.7803854942321777,saved_per_model_table,,NA,NA
Native155,formal_msa,10,results/13_interface_analysis/formal_msa/complex_model_summary.csv,ptm,0.6561410427093506,saved_per_model_table,,NA,NA
Native155,formal_msa,10,results/13_interface_analysis/formal_msa/complex_model_summary.csv,iptm,0.523788332939148,saved_per_model_table,,NA,NA
Native155,formal_msa,10,results/13_interface_analysis/formal_msa/complex_model_summary.csv,complex_plddt,0.8445347547531128,saved_per_model_table,,NA,NA
Native155,formal_msa,10,results/13_interface_analysis/formal_msa/complex_model_summary.csv,epitope_residues_4p5,15,saved_per_model_table,,NA,NA
Native155,formal_msa,10,results/13_interface_analysis/formal_msa/complex_model_summary.csv,paratope_residues_4p5,21,saved_per_model_table,,NA,NA
Native155,formal_msa,10,results/13_interface_analysis/formal_msa/complex_model_summary.csv,cdr_paratope_residues_4p5,18,saved_per_model_table,,NA,NA
Native155,formal_msa,10,results/13_interface_analysis/formal_msa/complex_model_summary.csv,hotspot_hits_4p5,15,saved_per_model_table,,NA,NA
Native155,formal_msa,10,results/13_interface_analysis/formal_msa/complex_model_summary.csv,hotspot_coverage,0.24193548387096775,saved_per_model_table,,NA,NA
Native155,formal_msa,10,results/13_interface_analysis/formal_msa/complex_model_summary.csv,hotspot_fraction_in_interface,1.0,saved_per_model_table,,NA,NA
Native155,formal_msa,10,results/15_affinity/prodigy_formal_msa.csv,prodigy_dG_kcal_mol,-13.5,saved_per_model_table,,saved_per_model_table,NA
Native155,formal_msa,10,results/15_affinity/prodigy_formal_msa.csv,prodigy_Kd_M_25C,1.3e-10,saved_per_model_table,,saved_per_model_table,NA
Native155,formal_msa,10,results/13_interface_analysis/formal_msa/complex_model_summary.csv,chain_breaks,0,saved_per_model_table,,NA,NA
Native155,formal_msa,10,results/13_interface_analysis/formal_msa/complex_model_summary.csv,peptide_cn_outliers,0,saved_per_model_table,,NA,NA
Native155,formal_msa,10,results/13_interface_analysis/formal_msa/complex_model_summary.csv,interchain_clashes_lt1p8,6,saved_per_model_table,,NA,NA
Native155,formal_msa,10,results/13_interface_analysis/formal_msa/complex_model_summary.csv,nonlocal_intrachain_clashes_lt1p8,7,saved_per_model_table,,NA,NA
Native155,formal_msa,11,results/13_interface_analysis/formal_msa/complex_model_summary.csv,confidence_score,0.7913171648979187,saved_per_model_table,,NA,NA
Native155,formal_msa,11,results/13_interface_analysis/formal_msa/complex_model_summary.csv,ptm,0.6763505339622498,saved_per_model_table,,NA,NA
Native155,formal_msa,11,results/13_interface_analysis/formal_msa/complex_model_summary.csv,iptm,0.5480004549026489,saved_per_model_table,,NA,NA
Native155,formal_msa,11,results/13_interface_analysis/formal_msa/complex_model_summary.csv,complex_plddt,0.852146327495575,saved_per_model_table,,NA,NA
Native155,formal_msa,11,results/13_interface_analysis/formal_msa/complex_model_summary.csv,epitope_residues_4p5,14,saved_per_model_table,,NA,NA
Native155,formal_msa,11,results/13_interface_analysis/formal_msa/complex_model_summary.csv,paratope_residues_4p5,25,saved_per_model_table,,NA,NA
Native155,formal_msa,11,results/13_interface_analysis/formal_msa/complex_model_summary.csv,cdr_paratope_residues_4p5,21,saved_per_model_table,,NA,NA
Native155,formal_msa,11,results/13_interface_analysis/formal_msa/complex_model_summary.csv,hotspot_hits_4p5,11,saved_per_model_table,,NA,NA
Native155,formal_msa,11,results/13_interface_analysis/formal_msa/complex_model_summary.csv,hotspot_coverage,0.1774193548387097,saved_per_model_table,,NA,NA
Native155,formal_msa,11,results/13_interface_analysis/formal_msa/complex_model_summary.csv,hotspot_fraction_in_interface,0.7857142857142857,saved_per_model_table,,NA,NA
Native155,formal_msa,11,results/15_affinity/prodigy_formal_msa.csv,prodigy_dG_kcal_mol,-12.6,saved_per_model_table,,saved_per_model_table,NA
Native155,formal_msa,11,results/15_affinity/prodigy_formal_msa.csv,prodigy_Kd_M_25C,5.5e-10,saved_per_model_table,,saved_per_model_table,NA
Native155,formal_msa,11,results/13_interface_analysis/formal_msa/complex_model_summary.csv,chain_breaks,0,saved_per_model_table,,NA,NA
Native155,formal_msa,11,results/13_interface_analysis/formal_msa/complex_model_summary.csv,peptide_cn_outliers,0,saved_per_model_table,,NA,NA
Native155,formal_msa,11,results/13_interface_analysis/formal_msa/complex_model_summary.csv,interchain_clashes_lt1p8,8,saved_per_model_table,,NA,NA
Native155,formal_msa,11,results/13_interface_analysis/formal_msa/complex_model_summary.csv,nonlocal_intrachain_clashes_lt1p8,1,saved_per_model_table,,NA,NA
Native155,formal_msa,12,results/13_interface_analysis/formal_msa/complex_model_summary.csv,confidence_score,0.7881364822387695,saved_per_model_table,,NA,NA
Native155,formal_msa,12,results/13_interface_analysis/formal_msa/complex_model_summary.csv,ptm,0.6627393960952759,saved_per_model_table,,NA,NA
Native155,formal_msa,12,results/13_interface_analysis/formal_msa/complex_model_summary.csv,iptm,0.5304901003837585,saved_per_model_table,,NA,NA
Native155,formal_msa,12,results/13_interface_analysis/formal_msa/complex_model_summary.csv,complex_plddt,0.8525480628013611,saved_per_model_table,,NA,NA
Native155,formal_msa,12,results/13_interface_analysis/formal_msa/complex_model_summary.csv,epitope_residues_4p5,17,saved_per_model_table,,NA,NA
Native155,formal_msa,12,results/13_interface_analysis/formal_msa/complex_model_summary.csv,paratope_residues_4p5,22,saved_per_model_table,,NA,NA
Native155,formal_msa,12,results/13_interface_analysis/formal_msa/complex_model_summary.csv,cdr_paratope_residues_4p5,19,saved_per_model_table,,NA,NA
Native155,formal_msa,12,results/13_interface_analysis/formal_msa/complex_model_summary.csv,hotspot_hits_4p5,13,saved_per_model_table,,NA,NA
Native155,formal_msa,12,results/13_interface_analysis/formal_msa/complex_model_summary.csv,hotspot_coverage,0.20967741935483872,saved_per_model_table,,NA,NA
Native155,formal_msa,12,results/13_interface_analysis/formal_msa/complex_model_summary.csv,hotspot_fraction_in_interface,0.7647058823529411,saved_per_model_table,,NA,NA
Native155,formal_msa,12,results/15_affinity/prodigy_formal_msa.csv,prodigy_dG_kcal_mol,-11.9,saved_per_model_table,,saved_per_model_table,NA
Native155,formal_msa,12,results/15_affinity/prodigy_formal_msa.csv,prodigy_Kd_M_25C,1.8e-09,saved_per_model_table,,saved_per_model_table,NA
Native155,formal_msa,12,results/13_interface_analysis/formal_msa/complex_model_summary.csv,chain_breaks,0,saved_per_model_table,,NA,NA
Native155,formal_msa,12,results/13_interface_analysis/formal_msa/complex_model_summary.csv,peptide_cn_outliers,0,saved_per_model_table,,NA,NA
Native155,formal_msa,12,results/13_interface_analysis/formal_msa/complex_model_summary.csv,interchain_clashes_lt1p8,1,saved_per_model_table,,NA,NA
Native155,formal_msa,12,results/13_interface_analysis/formal_msa/complex_model_summary.csv,nonlocal_intrachain_clashes_lt1p8,4,saved_per_model_table,,NA,NA
Native155,formal_msa,13,results/13_interface_analysis/formal_msa/complex_model_summary.csv,confidence_score,0.795452892780304,saved_per_model_table,,NA,NA
Native155,formal_msa,13,results/13_interface_analysis/formal_msa/complex_model_summary.csv,ptm,0.6951857805252075,saved_per_model_table,,NA,NA
Native155,formal_msa,13,results/13_interface_analysis/formal_msa/complex_model_summary.csv,iptm,0.570554792881012,saved_per_model_table,,NA,NA
Native155,formal_msa,13,results/13_interface_analysis/formal_msa/complex_model_summary.csv,complex_plddt,0.851677417755127,saved_per_model_table,,NA,NA
Native155,formal_msa,13,results/13_interface_analysis/formal_msa/complex_model_summary.csv,epitope_residues_4p5,16,saved_per_model_table,,NA,NA
Native155,formal_msa,13,results/13_interface_analysis/formal_msa/complex_model_summary.csv,paratope_residues_4p5,24,saved_per_model_table,,NA,NA
Native155,formal_msa,13,results/13_interface_analysis/formal_msa/complex_model_summary.csv,cdr_paratope_residues_4p5,21,saved_per_model_table,,NA,NA
Native155,formal_msa,13,results/13_interface_analysis/formal_msa/complex_model_summary.csv,hotspot_hits_4p5,13,saved_per_model_table,,NA,NA
Native155,formal_msa,13,results/13_interface_analysis/formal_msa/complex_model_summary.csv,hotspot_coverage,0.20967741935483872,saved_per_model_table,,NA,NA
Native155,formal_msa,13,results/13_interface_analysis/formal_msa/complex_model_summary.csv,hotspot_fraction_in_interface,0.8125,saved_per_model_table,,NA,NA
Native155,formal_msa,13,results/15_affinity/prodigy_formal_msa.csv,prodigy_dG_kcal_mol,-12.2,saved_per_model_table,,saved_per_model_table,NA
Native155,formal_msa,13,results/15_affinity/prodigy_formal_msa.csv,prodigy_Kd_M_25C,1.1e-09,saved_per_model_table,,saved_per_model_table,NA
Native155,formal_msa,13,results/13_interface_analysis/formal_msa/complex_model_summary.csv,chain_breaks,0,saved_per_model_table,,NA,NA
Native155,formal_msa,13,results/13_interface_analysis/formal_msa/complex_model_summary.csv,peptide_cn_outliers,0,saved_per_model_table,,NA,NA
Native155,formal_msa,13,results/13_interface_analysis/formal_msa/complex_model_summary.csv,interchain_clashes_lt1p8,5,saved_per_model_table,,NA,NA
Native155,formal_msa,13,results/13_interface_analysis/formal_msa/complex_model_summary.csv,nonlocal_intrachain_clashes_lt1p8,7,saved_per_model_table,,NA,NA
Native155,formal_msa,14,results/13_interface_analysis/formal_msa/complex_model_summary.csv,confidence_score,0.7892586588859558,saved_per_model_table,,NA,NA
Native155,formal_msa,14,results/13_interface_analysis/formal_msa/complex_model_summary.csv,ptm,0.6645764112472534,saved_per_model_table,,NA,NA
Native155,formal_msa,14,results/13_interface_analysis/formal_msa/complex_model_summary.csv,iptm,0.532585859298706,saved_per_model_table,,NA,NA
Native155,formal_msa,14,results/13_interface_analysis/formal_msa/complex_model_summary.csv,complex_plddt,0.8534268140792847,saved_per_model_table,,NA,NA
Native155,formal_msa,14,results/13_interface_analysis/formal_msa/complex_model_summary.csv,epitope_residues_4p5,12,saved_per_model_table,,NA,NA
Native155,formal_msa,14,results/13_interface_analysis/formal_msa/complex_model_summary.csv,paratope_residues_4p5,17,saved_per_model_table,,NA,NA
Native155,formal_msa,14,results/13_interface_analysis/formal_msa/complex_model_summary.csv,cdr_paratope_residues_4p5,15,saved_per_model_table,,NA,NA
Native155,formal_msa,14,results/13_interface_analysis/formal_msa/complex_model_summary.csv,hotspot_hits_4p5,10,saved_per_model_table,,NA,NA
Native155,formal_msa,14,results/13_interface_analysis/formal_msa/complex_model_summary.csv,hotspot_coverage,0.16129032258064516,saved_per_model_table,,NA,NA
Native155,formal_msa,14,results/13_interface_analysis/formal_msa/complex_model_summary.csv,hotspot_fraction_in_interface,0.8333333333333334,saved_per_model_table,,NA,NA
Native155,formal_msa,14,results/15_affinity/prodigy_formal_msa.csv,prodigy_dG_kcal_mol,-11.0,saved_per_model_table,,saved_per_model_table,NA
Native155,formal_msa,14,results/15_affinity/prodigy_formal_msa.csv,prodigy_Kd_M_25C,8.9e-09,saved_per_model_table,,saved_per_model_table,NA
Native155,formal_msa,14,results/13_interface_analysis/formal_msa/complex_model_summary.csv,chain_breaks,0,saved_per_model_table,,NA,NA
Native155,formal_msa,14,results/13_interface_analysis/formal_msa/complex_model_summary.csv,peptide_cn_outliers,0,saved_per_model_table,,NA,NA
Native155,formal_msa,14,results/13_interface_analysis/formal_msa/complex_model_summary.csv,interchain_clashes_lt1p8,0,saved_per_model_table,,NA,NA
Native155,formal_msa,14,results/13_interface_analysis/formal_msa/complex_model_summary.csv,nonlocal_intrachain_clashes_lt1p8,1,saved_per_model_table,,NA,NA
Native155,formal_msa,15,results/13_interface_analysis/formal_msa/complex_model_summary.csv,confidence_score,0.7835788726806641,saved_per_model_table,,NA,NA
Native155,formal_msa,15,results/13_interface_analysis/formal_msa/complex_model_summary.csv,ptm,0.6610739827156067,saved_per_model_table,,NA,NA
Native155,formal_msa,15,results/13_interface_analysis/formal_msa/complex_model_summary.csv,iptm,0.5301393270492554,saved_per_model_table,,NA,NA
Native155,formal_msa,15,results/13_interface_analysis/formal_msa/complex_model_summary.csv,complex_plddt,0.8469387888908386,saved_per_model_table,,NA,NA
Native155,formal_msa,15,results/13_interface_analysis/formal_msa/complex_model_summary.csv,epitope_residues_4p5,16,saved_per_model_table,,NA,NA
Native155,formal_msa,15,results/13_interface_analysis/formal_msa/complex_model_summary.csv,paratope_residues_4p5,18,saved_per_model_table,,NA,NA
Native155,formal_msa,15,results/13_interface_analysis/formal_msa/complex_model_summary.csv,cdr_paratope_residues_4p5,16,saved_per_model_table,,NA,NA
Native155,formal_msa,15,results/13_interface_analysis/formal_msa/complex_model_summary.csv,hotspot_hits_4p5,14,saved_per_model_table,,NA,NA
Native155,formal_msa,15,results/13_interface_analysis/formal_msa/complex_model_summary.csv,hotspot_coverage,0.22580645161290322,saved_per_model_table,,NA,NA
Native155,formal_msa,15,results/13_interface_analysis/formal_msa/complex_model_summary.csv,hotspot_fraction_in_interface,0.875,saved_per_model_table,,NA,NA
Native155,formal_msa,15,results/15_affinity/prodigy_formal_msa.csv,prodigy_dG_kcal_mol,-11.8,saved_per_model_table,,saved_per_model_table,NA
Native155,formal_msa,15,results/15_affinity/prodigy_formal_msa.csv,prodigy_Kd_M_25C,2.2e-09,saved_per_model_table,,saved_per_model_table,NA
Native155,formal_msa,15,results/13_interface_analysis/formal_msa/complex_model_summary.csv,chain_breaks,0,saved_per_model_table,,NA,NA
Native155,formal_msa,15,results/13_interface_analysis/formal_msa/complex_model_summary.csv,peptide_cn_outliers,0,saved_per_model_table,,NA,NA
Native155,formal_msa,15,results/13_interface_analysis/formal_msa/complex_model_summary.csv,interchain_clashes_lt1p8,2,saved_per_model_table,,NA,NA
Native155,formal_msa,15,results/13_interface_analysis/formal_msa/complex_model_summary.csv,nonlocal_intrachain_clashes_lt1p8,6,saved_per_model_table,,NA,NA
Immunogen134,empty,1,results/13_interface_analysis/formal/complex_model_summary.csv,confidence_score,0.7183051109313965,saved_per_model_table,,NA,NA
Immunogen134,empty,1,results/13_interface_analysis/formal/complex_model_summary.csv,ptm,0.6724313497543335,saved_per_model_table,,NA,NA
Immunogen134,empty,1,results/13_interface_analysis/formal/complex_model_summary.csv,iptm,0.5404946208000183,saved_per_model_table,,NA,NA
Immunogen134,empty,1,results/13_interface_analysis/formal/complex_model_summary.csv,complex_plddt,0.7627577185630798,saved_per_model_table,,NA,NA
Immunogen134,empty,1,results/13_interface_analysis/formal/complex_model_summary.csv,epitope_residues_4p5,25,saved_per_model_table,,NA,NA
Immunogen134,empty,1,results/13_interface_analysis/formal/complex_model_summary.csv,paratope_residues_4p5,25,saved_per_model_table,,NA,NA
Immunogen134,empty,1,results/13_interface_analysis/formal/complex_model_summary.csv,cdr_paratope_residues_4p5,23,saved_per_model_table,,NA,NA
Immunogen134,empty,1,results/13_interface_analysis/formal/complex_model_summary.csv,hotspot_hits_4p5,17,saved_per_model_table,,NA,NA
Immunogen134,empty,1,results/13_interface_analysis/formal/complex_model_summary.csv,hotspot_coverage,0.27419354838709675,saved_per_model_table,,NA,NA
Immunogen134,empty,1,results/13_interface_analysis/formal/complex_model_summary.csv,hotspot_fraction_in_interface,0.68,saved_per_model_table,,NA,NA
Immunogen134,empty,1,results/15_affinity/prodigy_formal.csv,prodigy_dG_kcal_mol,-16.7,saved_per_model_table,,saved_per_model_table,NA
Immunogen134,empty,1,results/15_affinity/prodigy_formal.csv,prodigy_Kd_M_25C,5.5e-13,saved_per_model_table,,saved_per_model_table,NA
Immunogen134,empty,1,results/13_interface_analysis/formal/complex_model_summary.csv,chain_breaks,0,saved_per_model_table,,NA,NA
Immunogen134,empty,1,results/13_interface_analysis/formal/complex_model_summary.csv,peptide_cn_outliers,0,saved_per_model_table,,NA,NA
Immunogen134,empty,1,results/13_interface_analysis/formal/complex_model_summary.csv,interchain_clashes_lt1p8,7,saved_per_model_table,,NA,NA
Immunogen134,empty,1,results/13_interface_analysis/formal/complex_model_summary.csv,nonlocal_intrachain_clashes_lt1p8,1,saved_per_model_table,,NA,NA
Immunogen134,empty,2,results/13_interface_analysis/formal/complex_model_summary.csv,confidence_score,0.6901775598526001,saved_per_model_table,,NA,NA
Immunogen134,empty,2,results/13_interface_analysis/formal/complex_model_summary.csv,ptm,0.6688528060913086,saved_per_model_table,,NA,NA
Immunogen134,empty,2,results/13_interface_analysis/formal/complex_model_summary.csv,iptm,0.5353111028671265,saved_per_model_table,,NA,NA
Immunogen134,empty,2,results/13_interface_analysis/formal/complex_model_summary.csv,complex_plddt,0.7288941740989685,saved_per_model_table,,NA,NA
Immunogen134,empty,2,results/13_interface_analysis/formal/complex_model_summary.csv,epitope_residues_4p5,29,saved_per_model_table,,NA,NA
Immunogen134,empty,2,results/13_interface_analysis/formal/complex_model_summary.csv,paratope_residues_4p5,28,saved_per_model_table,,NA,NA
Immunogen134,empty,2,results/13_interface_analysis/formal/complex_model_summary.csv,cdr_paratope_residues_4p5,24,saved_per_model_table,,NA,NA
Immunogen134,empty,2,results/13_interface_analysis/formal/complex_model_summary.csv,hotspot_hits_4p5,19,saved_per_model_table,,NA,NA
Immunogen134,empty,2,results/13_interface_analysis/formal/complex_model_summary.csv,hotspot_coverage,0.3064516129032258,saved_per_model_table,,NA,NA
Immunogen134,empty,2,results/13_interface_analysis/formal/complex_model_summary.csv,hotspot_fraction_in_interface,0.6551724137931034,saved_per_model_table,,NA,NA
Immunogen134,empty,2,results/15_affinity/prodigy_formal.csv,prodigy_dG_kcal_mol,-12.5,saved_per_model_table,,saved_per_model_table,NA
Immunogen134,empty,2,results/15_affinity/prodigy_formal.csv,prodigy_Kd_M_25C,6.6e-10,saved_per_model_table,,saved_per_model_table,NA
Immunogen134,empty,2,results/13_interface_analysis/formal/complex_model_summary.csv,chain_breaks,0,saved_per_model_table,,NA,NA
Immunogen134,empty,2,results/13_interface_analysis/formal/complex_model_summary.csv,peptide_cn_outliers,0,saved_per_model_table,,NA,NA
Immunogen134,empty,2,results/13_interface_analysis/formal/complex_model_summary.csv,interchain_clashes_lt1p8,6,saved_per_model_table,,NA,NA
Immunogen134,empty,2,results/13_interface_analysis/formal/complex_model_summary.csv,nonlocal_intrachain_clashes_lt1p8,18,saved_per_model_table,,NA,NA
Immunogen134,empty,3,results/13_interface_analysis/formal/complex_model_summary.csv,confidence_score,0.7006611227989197,saved_per_model_table,,NA,NA
Immunogen134,empty,3,results/13_interface_analysis/formal/complex_model_summary.csv,ptm,0.6603158116340637,saved_per_model_table,,NA,NA
Immunogen134,empty,3,results/13_interface_analysis/formal/complex_model_summary.csv,iptm,0.5249667167663574,saved_per_model_table,,NA,NA
Immunogen134,empty,3,results/13_interface_analysis/formal/complex_model_summary.csv,complex_plddt,0.7445846796035767,saved_per_model_table,,NA,NA
Immunogen134,empty,3,results/13_interface_analysis/formal/complex_model_summary.csv,epitope_residues_4p5,26,saved_per_model_table,,NA,NA
Immunogen134,empty,3,results/13_interface_analysis/formal/complex_model_summary.csv,paratope_residues_4p5,30,saved_per_model_table,,NA,NA
Immunogen134,empty,3,results/13_interface_analysis/formal/complex_model_summary.csv,cdr_paratope_residues_4p5,25,saved_per_model_table,,NA,NA
Immunogen134,empty,3,results/13_interface_analysis/formal/complex_model_summary.csv,hotspot_hits_4p5,24,saved_per_model_table,,NA,NA
Immunogen134,empty,3,results/13_interface_analysis/formal/complex_model_summary.csv,hotspot_coverage,0.3870967741935484,saved_per_model_table,,NA,NA
Immunogen134,empty,3,results/13_interface_analysis/formal/complex_model_summary.csv,hotspot_fraction_in_interface,0.9230769230769231,saved_per_model_table,,NA,NA
Immunogen134,empty,3,results/15_affinity/prodigy_formal.csv,prodigy_dG_kcal_mol,-15.3,saved_per_model_table,,saved_per_model_table,NA
Immunogen134,empty,3,results/15_affinity/prodigy_formal.csv,prodigy_Kd_M_25C,6.4e-12,saved_per_model_table,,saved_per_model_table,NA
Immunogen134,empty,3,results/13_interface_analysis/formal/complex_model_summary.csv,chain_breaks,0,saved_per_model_table,,NA,NA
Immunogen134,empty,3,results/13_interface_analysis/formal/complex_model_summary.csv,peptide_cn_outliers,0,saved_per_model_table,,NA,NA
Immunogen134,empty,3,results/13_interface_analysis/formal/complex_model_summary.csv,interchain_clashes_lt1p8,6,saved_per_model_table,,NA,NA
Immunogen134,empty,3,results/13_interface_analysis/formal/complex_model_summary.csv,nonlocal_intrachain_clashes_lt1p8,14,saved_per_model_table,,NA,NA
Immunogen134,empty,4,results/13_interface_analysis/formal/complex_model_summary.csv,confidence_score,0.6893463730812073,saved_per_model_table,,NA,NA
Immunogen134,empty,4,results/13_interface_analysis/formal/complex_model_summary.csv,ptm,0.6711093783378601,saved_per_model_table,,NA,NA
Immunogen134,empty,4,results/13_interface_analysis/formal/complex_model_summary.csv,iptm,0.5402893424034119,saved_per_model_table,,NA,NA
Immunogen134,empty,4,results/13_interface_analysis/formal/complex_model_summary.csv,complex_plddt,0.7266106009483337,saved_per_model_table,,NA,NA
Immunogen134,empty,4,results/13_interface_analysis/formal/complex_model_summary.csv,epitope_residues_4p5,32,saved_per_model_table,,NA,NA
Immunogen134,empty,4,results/13_interface_analysis/formal/complex_model_summary.csv,paratope_residues_4p5,34,saved_per_model_table,,NA,NA
Immunogen134,empty,4,results/13_interface_analysis/formal/complex_model_summary.csv,cdr_paratope_residues_4p5,28,saved_per_model_table,,NA,NA
Immunogen134,empty,4,results/13_interface_analysis/formal/complex_model_summary.csv,hotspot_hits_4p5,25,saved_per_model_table,,NA,NA
Immunogen134,empty,4,results/13_interface_analysis/formal/complex_model_summary.csv,hotspot_coverage,0.4032258064516129,saved_per_model_table,,NA,NA
Immunogen134,empty,4,results/13_interface_analysis/formal/complex_model_summary.csv,hotspot_fraction_in_interface,0.78125,saved_per_model_table,,NA,NA
Immunogen134,empty,4,results/15_affinity/prodigy_formal.csv,prodigy_dG_kcal_mol,-15.0,saved_per_model_table,,saved_per_model_table,NA
Immunogen134,empty,4,results/15_affinity/prodigy_formal.csv,prodigy_Kd_M_25C,9.2e-12,saved_per_model_table,,saved_per_model_table,NA
Immunogen134,empty,4,results/13_interface_analysis/formal/complex_model_summary.csv,chain_breaks,0,saved_per_model_table,,NA,NA
Immunogen134,empty,4,results/13_interface_analysis/formal/complex_model_summary.csv,peptide_cn_outliers,0,saved_per_model_table,,NA,NA
Immunogen134,empty,4,results/13_interface_analysis/formal/complex_model_summary.csv,interchain_clashes_lt1p8,7,saved_per_model_table,,NA,NA
Immunogen134,empty,4,results/13_interface_analysis/formal/complex_model_summary.csv,nonlocal_intrachain_clashes_lt1p8,13,saved_per_model_table,,NA,NA
Immunogen134,empty,5,results/13_interface_analysis/formal/complex_model_summary.csv,confidence_score,0.692043662071228,saved_per_model_table,,NA,NA
Immunogen134,empty,5,results/13_interface_analysis/formal/complex_model_summary.csv,ptm,0.6628353595733643,saved_per_model_table,,NA,NA
Immunogen134,empty,5,results/13_interface_analysis/formal/complex_model_summary.csv,iptm,0.5265524387359619,saved_per_model_table,,NA,NA
Immunogen134,empty,5,results/13_interface_analysis/formal/complex_model_summary.csv,complex_plddt,0.7334164381027222,saved_per_model_table,,NA,NA
Immunogen134,empty,5,results/13_interface_analysis/formal/complex_model_summary.csv,epitope_residues_4p5,26,saved_per_model_table,,NA,NA
Immunogen134,empty,5,results/13_interface_analysis/formal/complex_model_summary.csv,paratope_residues_4p5,29,saved_per_model_table,,NA,NA
Immunogen134,empty,5,results/13_interface_analysis/formal/complex_model_summary.csv,cdr_paratope_residues_4p5,26,saved_per_model_table,,NA,NA
Immunogen134,empty,5,results/13_interface_analysis/formal/complex_model_summary.csv,hotspot_hits_4p5,15,saved_per_model_table,,NA,NA
Immunogen134,empty,5,results/13_interface_analysis/formal/complex_model_summary.csv,hotspot_coverage,0.24193548387096775,saved_per_model_table,,NA,NA
Immunogen134,empty,5,results/13_interface_analysis/formal/complex_model_summary.csv,hotspot_fraction_in_interface,0.5769230769230769,saved_per_model_table,,NA,NA
Immunogen134,empty,5,results/15_affinity/prodigy_formal.csv,prodigy_dG_kcal_mol,-15.2,saved_per_model_table,,saved_per_model_table,NA
Immunogen134,empty,5,results/15_affinity/prodigy_formal.csv,prodigy_Kd_M_25C,6.8e-12,saved_per_model_table,,saved_per_model_table,NA
Immunogen134,empty,5,results/13_interface_analysis/formal/complex_model_summary.csv,chain_breaks,0,saved_per_model_table,,NA,NA
Immunogen134,empty,5,results/13_interface_analysis/formal/complex_model_summary.csv,peptide_cn_outliers,0,saved_per_model_table,,NA,NA
Immunogen134,empty,5,results/13_interface_analysis/formal/complex_model_summary.csv,interchain_clashes_lt1p8,12,saved_per_model_table,,NA,NA
Immunogen134,empty,5,results/13_interface_analysis/formal/complex_model_summary.csv,nonlocal_intrachain_clashes_lt1p8,7,saved_per_model_table,,NA,NA
Immunogen134,empty,6,results/13_interface_analysis/formal/complex_model_summary.csv,confidence_score,0.6987026333808899,saved_per_model_table,,NA,NA
Immunogen134,empty,6,results/13_interface_analysis/formal/complex_model_summary.csv,ptm,0.6757540702819824,saved_per_model_table,,NA,NA
Immunogen134,empty,6,results/13_interface_analysis/formal/complex_model_summary.csv,iptm,0.5450887084007263,saved_per_model_table,,NA,NA
Immunogen134,empty,6,results/13_interface_analysis/formal/complex_model_summary.csv,complex_plddt,0.7371060848236084,saved_per_model_table,,NA,NA
Immunogen134,empty,6,results/13_interface_analysis/formal/complex_model_summary.csv,epitope_residues_4p5,30,saved_per_model_table,,NA,NA
Immunogen134,empty,6,results/13_interface_analysis/formal/complex_model_summary.csv,paratope_residues_4p5,29,saved_per_model_table,,NA,NA
Immunogen134,empty,6,results/13_interface_analysis/formal/complex_model_summary.csv,cdr_paratope_residues_4p5,25,saved_per_model_table,,NA,NA
Immunogen134,empty,6,results/13_interface_analysis/formal/complex_model_summary.csv,hotspot_hits_4p5,19,saved_per_model_table,,NA,NA
Immunogen134,empty,6,results/13_interface_analysis/formal/complex_model_summary.csv,hotspot_coverage,0.3064516129032258,saved_per_model_table,,NA,NA
Immunogen134,empty,6,results/13_interface_analysis/formal/complex_model_summary.csv,hotspot_fraction_in_interface,0.6333333333333333,saved_per_model_table,,NA,NA
Immunogen134,empty,6,results/15_affinity/prodigy_formal.csv,prodigy_dG_kcal_mol,-14.3,saved_per_model_table,,saved_per_model_table,NA
Immunogen134,empty,6,results/15_affinity/prodigy_formal.csv,prodigy_Kd_M_25C,3.3e-11,saved_per_model_table,,saved_per_model_table,NA
Immunogen134,empty,6,results/13_interface_analysis/formal/complex_model_summary.csv,chain_breaks,0,saved_per_model_table,,NA,NA
Immunogen134,empty,6,results/13_interface_analysis/formal/complex_model_summary.csv,peptide_cn_outliers,0,saved_per_model_table,,NA,NA
Immunogen134,empty,6,results/13_interface_analysis/formal/complex_model_summary.csv,interchain_clashes_lt1p8,11,saved_per_model_table,,NA,NA
Immunogen134,empty,6,results/13_interface_analysis/formal/complex_model_summary.csv,nonlocal_intrachain_clashes_lt1p8,9,saved_per_model_table,,NA,NA
Immunogen134,empty,7,results/13_interface_analysis/formal/complex_model_summary.csv,confidence_score,0.6933543086051941,saved_per_model_table,,NA,NA
Immunogen134,empty,7,results/13_interface_analysis/formal/complex_model_summary.csv,ptm,0.670498251914978,saved_per_model_table,,NA,NA
Immunogen134,empty,7,results/13_interface_analysis/formal/complex_model_summary.csv,iptm,0.5389543771743774,saved_per_model_table,,NA,NA
Immunogen134,empty,7,results/13_interface_analysis/formal/complex_model_summary.csv,complex_plddt,0.7319542765617371,saved_per_model_table,,NA,NA
Immunogen134,empty,7,results/13_interface_analysis/formal/complex_model_summary.csv,epitope_residues_4p5,31,saved_per_model_table,,NA,NA
Immunogen134,empty,7,results/13_interface_analysis/formal/complex_model_summary.csv,paratope_residues_4p5,30,saved_per_model_table,,NA,NA
Immunogen134,empty,7,results/13_interface_analysis/formal/complex_model_summary.csv,cdr_paratope_residues_4p5,26,saved_per_model_table,,NA,NA
Immunogen134,empty,7,results/13_interface_analysis/formal/complex_model_summary.csv,hotspot_hits_4p5,11,saved_per_model_table,,NA,NA
Immunogen134,empty,7,results/13_interface_analysis/formal/complex_model_summary.csv,hotspot_coverage,0.1774193548387097,saved_per_model_table,,NA,NA
Immunogen134,empty,7,results/13_interface_analysis/formal/complex_model_summary.csv,hotspot_fraction_in_interface,0.3548387096774194,saved_per_model_table,,NA,NA
Immunogen134,empty,7,results/15_affinity/prodigy_formal.csv,prodigy_dG_kcal_mol,-15.4,saved_per_model_table,,saved_per_model_table,NA
Immunogen134,empty,7,results/15_affinity/prodigy_formal.csv,prodigy_Kd_M_25C,5e-12,saved_per_model_table,,saved_per_model_table,NA
Immunogen134,empty,7,results/13_interface_analysis/formal/complex_model_summary.csv,chain_breaks,0,saved_per_model_table,,NA,NA
Immunogen134,empty,7,results/13_interface_analysis/formal/complex_model_summary.csv,peptide_cn_outliers,0,saved_per_model_table,,NA,NA
Immunogen134,empty,7,results/13_interface_analysis/formal/complex_model_summary.csv,interchain_clashes_lt1p8,6,saved_per_model_table,,NA,NA
Immunogen134,empty,7,results/13_interface_analysis/formal/complex_model_summary.csv,nonlocal_intrachain_clashes_lt1p8,11,saved_per_model_table,,NA,NA
Immunogen134,empty,8,results/13_interface_analysis/formal/complex_model_summary.csv,confidence_score,0.6999348998069763,saved_per_model_table,,NA,NA
Immunogen134,empty,8,results/13_interface_analysis/formal/complex_model_summary.csv,ptm,0.668241560459137,saved_per_model_table,,NA,NA
Immunogen134,empty,8,results/13_interface_analysis/formal/complex_model_summary.csv,iptm,0.5354529619216919,saved_per_model_table,,NA,NA
Immunogen134,empty,8,results/13_interface_analysis/formal/complex_model_summary.csv,complex_plddt,0.7410553097724915,saved_per_model_table,,NA,NA
Immunogen134,empty,8,results/13_interface_analysis/formal/complex_model_summary.csv,epitope_residues_4p5,28,saved_per_model_table,,NA,NA
Immunogen134,empty,8,results/13_interface_analysis/formal/complex_model_summary.csv,paratope_residues_4p5,34,saved_per_model_table,,NA,NA
Immunogen134,empty,8,results/13_interface_analysis/formal/complex_model_summary.csv,cdr_paratope_residues_4p5,28,saved_per_model_table,,NA,NA
Immunogen134,empty,8,results/13_interface_analysis/formal/complex_model_summary.csv,hotspot_hits_4p5,27,saved_per_model_table,,NA,NA
Immunogen134,empty,8,results/13_interface_analysis/formal/complex_model_summary.csv,hotspot_coverage,0.43548387096774194,saved_per_model_table,,NA,NA
Immunogen134,empty,8,results/13_interface_analysis/formal/complex_model_summary.csv,hotspot_fraction_in_interface,0.9642857142857143,saved_per_model_table,,NA,NA
Immunogen134,empty,8,results/15_affinity/prodigy_formal.csv,prodigy_dG_kcal_mol,-15.5,saved_per_model_table,,saved_per_model_table,NA
Immunogen134,empty,8,results/15_affinity/prodigy_formal.csv,prodigy_Kd_M_25C,4.4e-12,saved_per_model_table,,saved_per_model_table,NA
Immunogen134,empty,8,results/13_interface_analysis/formal/complex_model_summary.csv,chain_breaks,0,saved_per_model_table,,NA,NA
Immunogen134,empty,8,results/13_interface_analysis/formal/complex_model_summary.csv,peptide_cn_outliers,0,saved_per_model_table,,NA,NA
Immunogen134,empty,8,results/13_interface_analysis/formal/complex_model_summary.csv,interchain_clashes_lt1p8,1,saved_per_model_table,,NA,NA
Immunogen134,empty,8,results/13_interface_analysis/formal/complex_model_summary.csv,nonlocal_intrachain_clashes_lt1p8,5,saved_per_model_table,,NA,NA
Immunogen134,empty,9,results/13_interface_analysis/formal/complex_model_summary.csv,confidence_score,0.7040792107582092,saved_per_model_table,,NA,NA
Immunogen134,empty,9,results/13_interface_analysis/formal/complex_model_summary.csv,ptm,0.6673570871353149,saved_per_model_table,,NA,NA
Immunogen134,empty,9,results/13_interface_analysis/formal/complex_model_summary.csv,iptm,0.5338634848594666,saved_per_model_table,,NA,NA
Immunogen134,empty,9,results/13_interface_analysis/formal/complex_model_summary.csv,complex_plddt,0.7466331124305725,saved_per_model_table,,NA,NA
Immunogen134,empty,9,results/13_interface_analysis/formal/complex_model_summary.csv,epitope_residues_4p5,31,saved_per_model_table,,NA,NA
Immunogen134,empty,9,results/13_interface_analysis/formal/complex_model_summary.csv,paratope_residues_4p5,30,saved_per_model_table,,NA,NA
Immunogen134,empty,9,results/13_interface_analysis/formal/complex_model_summary.csv,cdr_paratope_residues_4p5,27,saved_per_model_table,,NA,NA
Immunogen134,empty,9,results/13_interface_analysis/formal/complex_model_summary.csv,hotspot_hits_4p5,16,saved_per_model_table,,NA,NA
Immunogen134,empty,9,results/13_interface_analysis/formal/complex_model_summary.csv,hotspot_coverage,0.25806451612903225,saved_per_model_table,,NA,NA
Immunogen134,empty,9,results/13_interface_analysis/formal/complex_model_summary.csv,hotspot_fraction_in_interface,0.5161290322580645,saved_per_model_table,,NA,NA
Immunogen134,empty,9,results/15_affinity/prodigy_formal.csv,prodigy_dG_kcal_mol,-14.7,saved_per_model_table,,saved_per_model_table,NA
Immunogen134,empty,9,results/15_affinity/prodigy_formal.csv,prodigy_Kd_M_25C,1.7e-11,saved_per_model_table,,saved_per_model_table,NA
Immunogen134,empty,9,results/13_interface_analysis/formal/complex_model_summary.csv,chain_breaks,0,saved_per_model_table,,NA,NA
Immunogen134,empty,9,results/13_interface_analysis/formal/complex_model_summary.csv,peptide_cn_outliers,0,saved_per_model_table,,NA,NA
Immunogen134,empty,9,results/13_interface_analysis/formal/complex_model_summary.csv,interchain_clashes_lt1p8,8,saved_per_model_table,,NA,NA
Immunogen134,empty,9,results/13_interface_analysis/formal/complex_model_summary.csv,nonlocal_intrachain_clashes_lt1p8,7,saved_per_model_table,,NA,NA
Immunogen134,empty,10,results/13_interface_analysis/formal/complex_model_summary.csv,confidence_score,0.6947757601737976,saved_per_model_table,,NA,NA
Immunogen134,empty,10,results/13_interface_analysis/formal/complex_model_summary.csv,ptm,0.6649221181869507,saved_per_model_table,,NA,NA
Immunogen134,empty,10,results/13_interface_analysis/formal/complex_model_summary.csv,iptm,0.5300210118293762,saved_per_model_table,,NA,NA
Immunogen134,empty,10,results/13_interface_analysis/formal/complex_model_summary.csv,complex_plddt,0.7359644770622253,saved_per_model_table,,NA,NA
Immunogen134,empty,10,results/13_interface_analysis/formal/complex_model_summary.csv,epitope_residues_4p5,34,saved_per_model_table,,NA,NA
Immunogen134,empty,10,results/13_interface_analysis/formal/complex_model_summary.csv,paratope_residues_4p5,30,saved_per_model_table,,NA,NA
Immunogen134,empty,10,results/13_interface_analysis/formal/complex_model_summary.csv,cdr_paratope_residues_4p5,26,saved_per_model_table,,NA,NA
Immunogen134,empty,10,results/13_interface_analysis/formal/complex_model_summary.csv,hotspot_hits_4p5,27,saved_per_model_table,,NA,NA
Immunogen134,empty,10,results/13_interface_analysis/formal/complex_model_summary.csv,hotspot_coverage,0.43548387096774194,saved_per_model_table,,NA,NA
Immunogen134,empty,10,results/13_interface_analysis/formal/complex_model_summary.csv,hotspot_fraction_in_interface,0.7941176470588235,saved_per_model_table,,NA,NA
Immunogen134,empty,10,results/15_affinity/prodigy_formal.csv,prodigy_dG_kcal_mol,-15.0,saved_per_model_table,,saved_per_model_table,NA
Immunogen134,empty,10,results/15_affinity/prodigy_formal.csv,prodigy_Kd_M_25C,9.9e-12,saved_per_model_table,,saved_per_model_table,NA
Immunogen134,empty,10,results/13_interface_analysis/formal/complex_model_summary.csv,chain_breaks,0,saved_per_model_table,,NA,NA
Immunogen134,empty,10,results/13_interface_analysis/formal/complex_model_summary.csv,peptide_cn_outliers,0,saved_per_model_table,,NA,NA
Immunogen134,empty,10,results/13_interface_analysis/formal/complex_model_summary.csv,interchain_clashes_lt1p8,8,saved_per_model_table,,NA,NA
Immunogen134,empty,10,results/13_interface_analysis/formal/complex_model_summary.csv,nonlocal_intrachain_clashes_lt1p8,7,saved_per_model_table,,NA,NA
Immunogen134,empty,11,results/13_interface_analysis/formal/complex_model_summary.csv,confidence_score,0.7052226662635803,saved_per_model_table,,NA,NA
Immunogen134,empty,11,results/13_interface_analysis/formal/complex_model_summary.csv,ptm,0.6645808815956116,saved_per_model_table,,NA,NA
Immunogen134,empty,11,results/13_interface_analysis/formal/complex_model_summary.csv,iptm,0.5289852619171143,saved_per_model_table,,NA,NA
Immunogen134,empty,11,results/13_interface_analysis/formal/complex_model_summary.csv,complex_plddt,0.7492820024490356,saved_per_model_table,,NA,NA
Immunogen134,empty,11,results/13_interface_analysis/formal/complex_model_summary.csv,epitope_residues_4p5,25,saved_per_model_table,,NA,NA
Immunogen134,empty,11,results/13_interface_analysis/formal/complex_model_summary.csv,paratope_residues_4p5,28,saved_per_model_table,,NA,NA
Immunogen134,empty,11,results/13_interface_analysis/formal/complex_model_summary.csv,cdr_paratope_residues_4p5,25,saved_per_model_table,,NA,NA
Immunogen134,empty,11,results/13_interface_analysis/formal/complex_model_summary.csv,hotspot_hits_4p5,10,saved_per_model_table,,NA,NA
Immunogen134,empty,11,results/13_interface_analysis/formal/complex_model_summary.csv,hotspot_coverage,0.16129032258064516,saved_per_model_table,,NA,NA
Immunogen134,empty,11,results/13_interface_analysis/formal/complex_model_summary.csv,hotspot_fraction_in_interface,0.4,saved_per_model_table,,NA,NA
Immunogen134,empty,11,results/15_affinity/prodigy_formal.csv,prodigy_dG_kcal_mol,-12.1,saved_per_model_table,,saved_per_model_table,NA
Immunogen134,empty,11,results/15_affinity/prodigy_formal.csv,prodigy_Kd_M_25C,1.3e-09,saved_per_model_table,,saved_per_model_table,NA
Immunogen134,empty,11,results/13_interface_analysis/formal/complex_model_summary.csv,chain_breaks,0,saved_per_model_table,,NA,NA
Immunogen134,empty,11,results/13_interface_analysis/formal/complex_model_summary.csv,peptide_cn_outliers,0,saved_per_model_table,,NA,NA
Immunogen134,empty,11,results/13_interface_analysis/formal/complex_model_summary.csv,interchain_clashes_lt1p8,8,saved_per_model_table,,NA,NA
Immunogen134,empty,11,results/13_interface_analysis/formal/complex_model_summary.csv,nonlocal_intrachain_clashes_lt1p8,18,saved_per_model_table,,NA,NA
Immunogen134,empty,12,results/13_interface_analysis/formal/complex_model_summary.csv,confidence_score,0.7136737704277039,saved_per_model_table,,NA,NA
Immunogen134,empty,12,results/13_interface_analysis/formal/complex_model_summary.csv,ptm,0.6776358485221863,saved_per_model_table,,NA,NA
Immunogen134,empty,12,results/13_interface_analysis/formal/complex_model_summary.csv,iptm,0.5476685166358948,saved_per_model_table,,NA,NA
Immunogen134,empty,12,results/13_interface_analysis/formal/complex_model_summary.csv,complex_plddt,0.7551750540733337,saved_per_model_table,,NA,NA
Immunogen134,empty,12,results/13_interface_analysis/formal/complex_model_summary.csv,epitope_residues_4p5,26,saved_per_model_table,,NA,NA
Immunogen134,empty,12,results/13_interface_analysis/formal/complex_model_summary.csv,paratope_residues_4p5,30,saved_per_model_table,,NA,NA
Immunogen134,empty,12,results/13_interface_analysis/formal/complex_model_summary.csv,cdr_paratope_residues_4p5,27,saved_per_model_table,,NA,NA
Immunogen134,empty,12,results/13_interface_analysis/formal/complex_model_summary.csv,hotspot_hits_4p5,10,saved_per_model_table,,NA,NA
Immunogen134,empty,12,results/13_interface_analysis/formal/complex_model_summary.csv,hotspot_coverage,0.16129032258064516,saved_per_model_table,,NA,NA
Immunogen134,empty,12,results/13_interface_analysis/formal/complex_model_summary.csv,hotspot_fraction_in_interface,0.38461538461538464,saved_per_model_table,,NA,NA
Immunogen134,empty,12,results/15_affinity/prodigy_formal.csv,prodigy_dG_kcal_mol,-13.3,saved_per_model_table,,saved_per_model_table,NA
Immunogen134,empty,12,results/15_affinity/prodigy_formal.csv,prodigy_Kd_M_25C,1.9e-10,saved_per_model_table,,saved_per_model_table,NA
Immunogen134,empty,12,results/13_interface_analysis/formal/complex_model_summary.csv,chain_breaks,0,saved_per_model_table,,NA,NA
Immunogen134,empty,12,results/13_interface_analysis/formal/complex_model_summary.csv,peptide_cn_outliers,0,saved_per_model_table,,NA,NA
Immunogen134,empty,12,results/13_interface_analysis/formal/complex_model_summary.csv,interchain_clashes_lt1p8,3,saved_per_model_table,,NA,NA
Immunogen134,empty,12,results/13_interface_analysis/formal/complex_model_summary.csv,nonlocal_intrachain_clashes_lt1p8,22,saved_per_model_table,,NA,NA
Immunogen134,empty,13,results/13_interface_analysis/formal/complex_model_summary.csv,confidence_score,0.7092194557189941,saved_per_model_table,,NA,NA
Immunogen134,empty,13,results/13_interface_analysis/formal/complex_model_summary.csv,ptm,0.6735713481903076,saved_per_model_table,,NA,NA
Immunogen134,empty,13,results/13_interface_analysis/formal/complex_model_summary.csv,iptm,0.5411959886550903,saved_per_model_table,,NA,NA
Immunogen134,empty,13,results/13_interface_analysis/formal/complex_model_summary.csv,complex_plddt,0.7512253522872925,saved_per_model_table,,NA,NA
Immunogen134,empty,13,results/13_interface_analysis/formal/complex_model_summary.csv,epitope_residues_4p5,27,saved_per_model_table,,NA,NA
Immunogen134,empty,13,results/13_interface_analysis/formal/complex_model_summary.csv,paratope_residues_4p5,28,saved_per_model_table,,NA,NA
Immunogen134,empty,13,results/13_interface_analysis/formal/complex_model_summary.csv,cdr_paratope_residues_4p5,25,saved_per_model_table,,NA,NA
Immunogen134,empty,13,results/13_interface_analysis/formal/complex_model_summary.csv,hotspot_hits_4p5,12,saved_per_model_table,,NA,NA
Immunogen134,empty,13,results/13_interface_analysis/formal/complex_model_summary.csv,hotspot_coverage,0.1935483870967742,saved_per_model_table,,NA,NA
Immunogen134,empty,13,results/13_interface_analysis/formal/complex_model_summary.csv,hotspot_fraction_in_interface,0.4444444444444444,saved_per_model_table,,NA,NA
Immunogen134,empty,13,results/15_affinity/prodigy_formal.csv,prodigy_dG_kcal_mol,-13.9,saved_per_model_table,,saved_per_model_table,NA
Immunogen134,empty,13,results/15_affinity/prodigy_formal.csv,prodigy_Kd_M_25C,6e-11,saved_per_model_table,,saved_per_model_table,NA
Immunogen134,empty,13,results/13_interface_analysis/formal/complex_model_summary.csv,chain_breaks,0,saved_per_model_table,,NA,NA
Immunogen134,empty,13,results/13_interface_analysis/formal/complex_model_summary.csv,peptide_cn_outliers,0,saved_per_model_table,,NA,NA
Immunogen134,empty,13,results/13_interface_analysis/formal/complex_model_summary.csv,interchain_clashes_lt1p8,7,saved_per_model_table,,NA,NA
Immunogen134,empty,13,results/13_interface_analysis/formal/complex_model_summary.csv,nonlocal_intrachain_clashes_lt1p8,18,saved_per_model_table,,NA,NA
Immunogen134,empty,14,results/13_interface_analysis/formal/complex_model_summary.csv,confidence_score,0.6892858147621155,saved_per_model_table,,NA,NA
Immunogen134,empty,14,results/13_interface_analysis/formal/complex_model_summary.csv,ptm,0.664595901966095,saved_per_model_table,,NA,NA
Immunogen134,empty,14,results/13_interface_analysis/formal/complex_model_summary.csv,iptm,0.5298957228660583,saved_per_model_table,,NA,NA
Immunogen134,empty,14,results/13_interface_analysis/formal/complex_model_summary.csv,complex_plddt,0.7291333079338074,saved_per_model_table,,NA,NA
Immunogen134,empty,14,results/13_interface_analysis/formal/complex_model_summary.csv,epitope_residues_4p5,36,saved_per_model_table,,NA,NA
Immunogen134,empty,14,results/13_interface_analysis/formal/complex_model_summary.csv,paratope_residues_4p5,34,saved_per_model_table,,NA,NA
Immunogen134,empty,14,results/13_interface_analysis/formal/complex_model_summary.csv,cdr_paratope_residues_4p5,29,saved_per_model_table,,NA,NA
Immunogen134,empty,14,results/13_interface_analysis/formal/complex_model_summary.csv,hotspot_hits_4p5,21,saved_per_model_table,,NA,NA
Immunogen134,empty,14,results/13_interface_analysis/formal/complex_model_summary.csv,hotspot_coverage,0.3387096774193548,saved_per_model_table,,NA,NA
Immunogen134,empty,14,results/13_interface_analysis/formal/complex_model_summary.csv,hotspot_fraction_in_interface,0.5833333333333334,saved_per_model_table,,NA,NA
Immunogen134,empty,14,results/15_affinity/prodigy_formal.csv,prodigy_dG_kcal_mol,-17.2,saved_per_model_table,,saved_per_model_table,NA
Immunogen134,empty,14,results/15_affinity/prodigy_formal.csv,prodigy_Kd_M_25C,2.6e-13,saved_per_model_table,,saved_per_model_table,NA
Immunogen134,empty,14,results/13_interface_analysis/formal/complex_model_summary.csv,chain_breaks,0,saved_per_model_table,,NA,NA
Immunogen134,empty,14,results/13_interface_analysis/formal/complex_model_summary.csv,peptide_cn_outliers,0,saved_per_model_table,,NA,NA
Immunogen134,empty,14,results/13_interface_analysis/formal/complex_model_summary.csv,interchain_clashes_lt1p8,8,saved_per_model_table,,NA,NA
Immunogen134,empty,14,results/13_interface_analysis/formal/complex_model_summary.csv,nonlocal_intrachain_clashes_lt1p8,25,saved_per_model_table,,NA,NA
Immunogen134,empty,15,results/13_interface_analysis/formal/complex_model_summary.csv,confidence_score,0.6981539130210876,saved_per_model_table,,NA,NA
Immunogen134,empty,15,results/13_interface_analysis/formal/complex_model_summary.csv,ptm,0.6575273871421814,saved_per_model_table,,NA,NA
Immunogen134,empty,15,results/13_interface_analysis/formal/complex_model_summary.csv,iptm,0.5198661684989929,saved_per_model_table,,NA,NA
Immunogen134,empty,15,results/13_interface_analysis/formal/complex_model_summary.csv,complex_plddt,0.7427258491516113,saved_per_model_table,,NA,NA
Immunogen134,empty,15,results/13_interface_analysis/formal/complex_model_summary.csv,epitope_residues_4p5,25,saved_per_model_table,,NA,NA
Immunogen134,empty,15,results/13_interface_analysis/formal/complex_model_summary.csv,paratope_residues_4p5,27,saved_per_model_table,,NA,NA
Immunogen134,empty,15,results/13_interface_analysis/formal/complex_model_summary.csv,cdr_paratope_residues_4p5,23,saved_per_model_table,,NA,NA
Immunogen134,empty,15,results/13_interface_analysis/formal/complex_model_summary.csv,hotspot_hits_4p5,20,saved_per_model_table,,NA,NA
Immunogen134,empty,15,results/13_interface_analysis/formal/complex_model_summary.csv,hotspot_coverage,0.3225806451612903,saved_per_model_table,,NA,NA
Immunogen134,empty,15,results/13_interface_analysis/formal/complex_model_summary.csv,hotspot_fraction_in_interface,0.8,saved_per_model_table,,NA,NA
Immunogen134,empty,15,results/15_affinity/prodigy_formal.csv,prodigy_dG_kcal_mol,-14.2,saved_per_model_table,,saved_per_model_table,NA
Immunogen134,empty,15,results/15_affinity/prodigy_formal.csv,prodigy_Kd_M_25C,3.8e-11,saved_per_model_table,,saved_per_model_table,NA
Immunogen134,empty,15,results/13_interface_analysis/formal/complex_model_summary.csv,chain_breaks,0,saved_per_model_table,,NA,NA
Immunogen134,empty,15,results/13_interface_analysis/formal/complex_model_summary.csv,peptide_cn_outliers,0,saved_per_model_table,,NA,NA
Immunogen134,empty,15,results/13_interface_analysis/formal/complex_model_summary.csv,interchain_clashes_lt1p8,3,saved_per_model_table,,NA,NA
Immunogen134,empty,15,results/13_interface_analysis/formal/complex_model_summary.csv,nonlocal_intrachain_clashes_lt1p8,9,saved_per_model_table,,NA,NA
Immunogen134,formal_msa,1,results/13_interface_analysis/formal_msa/complex_model_summary.csv,confidence_score,0.769580066204071,saved_per_model_table,,NA,NA
Immunogen134,formal_msa,1,results/13_interface_analysis/formal_msa/complex_model_summary.csv,ptm,0.6826120018959045,saved_per_model_table,,NA,NA
Immunogen134,formal_msa,1,results/13_interface_analysis/formal_msa/complex_model_summary.csv,iptm,0.5527588129043579,saved_per_model_table,,NA,NA
Immunogen134,formal_msa,1,results/13_interface_analysis/formal_msa/complex_model_summary.csv,complex_plddt,0.8237853646278381,saved_per_model_table,,NA,NA
Immunogen134,formal_msa,1,results/13_interface_analysis/formal_msa/complex_model_summary.csv,epitope_residues_4p5,15,saved_per_model_table,,NA,NA
Immunogen134,formal_msa,1,results/13_interface_analysis/formal_msa/complex_model_summary.csv,paratope_residues_4p5,20,saved_per_model_table,,NA,NA
Immunogen134,formal_msa,1,results/13_interface_analysis/formal_msa/complex_model_summary.csv,cdr_paratope_residues_4p5,16,saved_per_model_table,,NA,NA
Immunogen134,formal_msa,1,results/13_interface_analysis/formal_msa/complex_model_summary.csv,hotspot_hits_4p5,14,saved_per_model_table,,NA,NA
Immunogen134,formal_msa,1,results/13_interface_analysis/formal_msa/complex_model_summary.csv,hotspot_coverage,0.22580645161290322,saved_per_model_table,,NA,NA
Immunogen134,formal_msa,1,results/13_interface_analysis/formal_msa/complex_model_summary.csv,hotspot_fraction_in_interface,0.9333333333333333,saved_per_model_table,,NA,NA
Immunogen134,formal_msa,1,results/15_affinity/prodigy_formal_msa.csv,prodigy_dG_kcal_mol,-12.1,saved_per_model_table,,saved_per_model_table,NA
Immunogen134,formal_msa,1,results/15_affinity/prodigy_formal_msa.csv,prodigy_Kd_M_25C,1.3e-09,saved_per_model_table,,saved_per_model_table,NA
Immunogen134,formal_msa,1,results/13_interface_analysis/formal_msa/complex_model_summary.csv,chain_breaks,0,saved_per_model_table,,NA,NA
Immunogen134,formal_msa,1,results/13_interface_analysis/formal_msa/complex_model_summary.csv,peptide_cn_outliers,0,saved_per_model_table,,NA,NA
Immunogen134,formal_msa,1,results/13_interface_analysis/formal_msa/complex_model_summary.csv,interchain_clashes_lt1p8,0,saved_per_model_table,,NA,NA
Immunogen134,formal_msa,1,results/13_interface_analysis/formal_msa/complex_model_summary.csv,nonlocal_intrachain_clashes_lt1p8,1,saved_per_model_table,,NA,NA
Immunogen134,formal_msa,2,results/13_interface_analysis/formal_msa/complex_model_summary.csv,confidence_score,0.7492727637290955,saved_per_model_table,,NA,NA
Immunogen134,formal_msa,2,results/13_interface_analysis/formal_msa/complex_model_summary.csv,ptm,0.6529657244682312,saved_per_model_table,,NA,NA
Immunogen134,formal_msa,2,results/13_interface_analysis/formal_msa/complex_model_summary.csv,iptm,0.515193521976471,saved_per_model_table,,NA,NA
Immunogen134,formal_msa,2,results/13_interface_analysis/formal_msa/complex_model_summary.csv,complex_plddt,0.8077925443649292,saved_per_model_table,,NA,NA
Immunogen134,formal_msa,2,results/13_interface_analysis/formal_msa/complex_model_summary.csv,epitope_residues_4p5,25,saved_per_model_table,,NA,NA
Immunogen134,formal_msa,2,results/13_interface_analysis/formal_msa/complex_model_summary.csv,paratope_residues_4p5,26,saved_per_model_table,,NA,NA
Immunogen134,formal_msa,2,results/13_interface_analysis/formal_msa/complex_model_summary.csv,cdr_paratope_residues_4p5,23,saved_per_model_table,,NA,NA
Immunogen134,formal_msa,2,results/13_interface_analysis/formal_msa/complex_model_summary.csv,hotspot_hits_4p5,6,saved_per_model_table,,NA,NA
Immunogen134,formal_msa,2,results/13_interface_analysis/formal_msa/complex_model_summary.csv,hotspot_coverage,0.0967741935483871,saved_per_model_table,,NA,NA
Immunogen134,formal_msa,2,results/13_interface_analysis/formal_msa/complex_model_summary.csv,hotspot_fraction_in_interface,0.24,saved_per_model_table,,NA,NA
Immunogen134,formal_msa,2,results/15_affinity/prodigy_formal_msa.csv,prodigy_dG_kcal_mol,-13.8,saved_per_model_table,,saved_per_model_table,NA
Immunogen134,formal_msa,2,results/15_affinity/prodigy_formal_msa.csv,prodigy_Kd_M_25C,7.9e-11,saved_per_model_table,,saved_per_model_table,NA
Immunogen134,formal_msa,2,results/13_interface_analysis/formal_msa/complex_model_summary.csv,chain_breaks,0,saved_per_model_table,,NA,NA
Immunogen134,formal_msa,2,results/13_interface_analysis/formal_msa/complex_model_summary.csv,peptide_cn_outliers,0,saved_per_model_table,,NA,NA
Immunogen134,formal_msa,2,results/13_interface_analysis/formal_msa/complex_model_summary.csv,interchain_clashes_lt1p8,0,saved_per_model_table,,NA,NA
Immunogen134,formal_msa,2,results/13_interface_analysis/formal_msa/complex_model_summary.csv,nonlocal_intrachain_clashes_lt1p8,7,saved_per_model_table,,NA,NA
Immunogen134,formal_msa,3,results/13_interface_analysis/formal_msa/complex_model_summary.csv,confidence_score,0.7591803669929504,saved_per_model_table,,NA,NA
Immunogen134,formal_msa,3,results/13_interface_analysis/formal_msa/complex_model_summary.csv,ptm,0.6525354385375977,saved_per_model_table,,NA,NA
Immunogen134,formal_msa,3,results/13_interface_analysis/formal_msa/complex_model_summary.csv,iptm,0.5140479207038879,saved_per_model_table,,NA,NA
Immunogen134,formal_msa,3,results/13_interface_analysis/formal_msa/complex_model_summary.csv,complex_plddt,0.8204634785652161,saved_per_model_table,,NA,NA
Immunogen134,formal_msa,3,results/13_interface_analysis/formal_msa/complex_model_summary.csv,epitope_residues_4p5,20,saved_per_model_table,,NA,NA
Immunogen134,formal_msa,3,results/13_interface_analysis/formal_msa/complex_model_summary.csv,paratope_residues_4p5,27,saved_per_model_table,,NA,NA
Immunogen134,formal_msa,3,results/13_interface_analysis/formal_msa/complex_model_summary.csv,cdr_paratope_residues_4p5,25,saved_per_model_table,,NA,NA
Immunogen134,formal_msa,3,results/13_interface_analysis/formal_msa/complex_model_summary.csv,hotspot_hits_4p5,6,saved_per_model_table,,NA,NA
Immunogen134,formal_msa,3,results/13_interface_analysis/formal_msa/complex_model_summary.csv,hotspot_coverage,0.0967741935483871,saved_per_model_table,,NA,NA
Immunogen134,formal_msa,3,results/13_interface_analysis/formal_msa/complex_model_summary.csv,hotspot_fraction_in_interface,0.3,saved_per_model_table,,NA,NA
Immunogen134,formal_msa,3,results/15_affinity/prodigy_formal_msa.csv,prodigy_dG_kcal_mol,-12.3,saved_per_model_table,,saved_per_model_table,NA
Immunogen134,formal_msa,3,results/15_affinity/prodigy_formal_msa.csv,prodigy_Kd_M_25C,9.7e-10,saved_per_model_table,,saved_per_model_table,NA
Immunogen134,formal_msa,3,results/13_interface_analysis/formal_msa/complex_model_summary.csv,chain_breaks,0,saved_per_model_table,,NA,NA
Immunogen134,formal_msa,3,results/13_interface_analysis/formal_msa/complex_model_summary.csv,peptide_cn_outliers,0,saved_per_model_table,,NA,NA
Immunogen134,formal_msa,3,results/13_interface_analysis/formal_msa/complex_model_summary.csv,interchain_clashes_lt1p8,3,saved_per_model_table,,NA,NA
Immunogen134,formal_msa,3,results/13_interface_analysis/formal_msa/complex_model_summary.csv,nonlocal_intrachain_clashes_lt1p8,5,saved_per_model_table,,NA,NA
Immunogen134,formal_msa,4,results/13_interface_analysis/formal_msa/complex_model_summary.csv,confidence_score,0.7660989165306091,saved_per_model_table,,NA,NA
Immunogen134,formal_msa,4,results/13_interface_analysis/formal_msa/complex_model_summary.csv,ptm,0.6793020963668823,saved_per_model_table,,NA,NA
Immunogen134,formal_msa,4,results/13_interface_analysis/formal_msa/complex_model_summary.csv,iptm,0.55003422498703,saved_per_model_table,,NA,NA
Immunogen134,formal_msa,4,results/13_interface_analysis/formal_msa/complex_model_summary.csv,complex_plddt,0.8201150298118591,saved_per_model_table,,NA,NA
Immunogen134,formal_msa,4,results/13_interface_analysis/formal_msa/complex_model_summary.csv,epitope_residues_4p5,16,saved_per_model_table,,NA,NA
Immunogen134,formal_msa,4,results/13_interface_analysis/formal_msa/complex_model_summary.csv,paratope_residues_4p5,20,saved_per_model_table,,NA,NA
Immunogen134,formal_msa,4,results/13_interface_analysis/formal_msa/complex_model_summary.csv,cdr_paratope_residues_4p5,18,saved_per_model_table,,NA,NA
Immunogen134,formal_msa,4,results/13_interface_analysis/formal_msa/complex_model_summary.csv,hotspot_hits_4p5,13,saved_per_model_table,,NA,NA
Immunogen134,formal_msa,4,results/13_interface_analysis/formal_msa/complex_model_summary.csv,hotspot_coverage,0.20967741935483872,saved_per_model_table,,NA,NA
Immunogen134,formal_msa,4,results/13_interface_analysis/formal_msa/complex_model_summary.csv,hotspot_fraction_in_interface,0.8125,saved_per_model_table,,NA,NA
Immunogen134,formal_msa,4,results/15_affinity/prodigy_formal_msa.csv,prodigy_dG_kcal_mol,-11.2,saved_per_model_table,,saved_per_model_table,NA
Immunogen134,formal_msa,4,results/15_affinity/prodigy_formal_msa.csv,prodigy_Kd_M_25C,6.1e-09,saved_per_model_table,,saved_per_model_table,NA
Immunogen134,formal_msa,4,results/13_interface_analysis/formal_msa/complex_model_summary.csv,chain_breaks,0,saved_per_model_table,,NA,NA
Immunogen134,formal_msa,4,results/13_interface_analysis/formal_msa/complex_model_summary.csv,peptide_cn_outliers,0,saved_per_model_table,,NA,NA
Immunogen134,formal_msa,4,results/13_interface_analysis/formal_msa/complex_model_summary.csv,interchain_clashes_lt1p8,1,saved_per_model_table,,NA,NA
Immunogen134,formal_msa,4,results/13_interface_analysis/formal_msa/complex_model_summary.csv,nonlocal_intrachain_clashes_lt1p8,4,saved_per_model_table,,NA,NA
Immunogen134,formal_msa,5,results/13_interface_analysis/formal_msa/complex_model_summary.csv,confidence_score,0.767654299736023,saved_per_model_table,,NA,NA
Immunogen134,formal_msa,5,results/13_interface_analysis/formal_msa/complex_model_summary.csv,ptm,0.6923048496246338,saved_per_model_table,,NA,NA
Immunogen134,formal_msa,5,results/13_interface_analysis/formal_msa/complex_model_summary.csv,iptm,0.5641065239906311,saved_per_model_table,,NA,NA
Immunogen134,formal_msa,5,results/13_interface_analysis/formal_msa/complex_model_summary.csv,complex_plddt,0.8185412287712097,saved_per_model_table,,NA,NA
Immunogen134,formal_msa,5,results/13_interface_analysis/formal_msa/complex_model_summary.csv,epitope_residues_4p5,15,saved_per_model_table,,NA,NA
Immunogen134,formal_msa,5,results/13_interface_analysis/formal_msa/complex_model_summary.csv,paratope_residues_4p5,22,saved_per_model_table,,NA,NA
Immunogen134,formal_msa,5,results/13_interface_analysis/formal_msa/complex_model_summary.csv,cdr_paratope_residues_4p5,18,saved_per_model_table,,NA,NA
Immunogen134,formal_msa,5,results/13_interface_analysis/formal_msa/complex_model_summary.csv,hotspot_hits_4p5,13,saved_per_model_table,,NA,NA
Immunogen134,formal_msa,5,results/13_interface_analysis/formal_msa/complex_model_summary.csv,hotspot_coverage,0.20967741935483872,saved_per_model_table,,NA,NA
Immunogen134,formal_msa,5,results/13_interface_analysis/formal_msa/complex_model_summary.csv,hotspot_fraction_in_interface,0.8666666666666667,saved_per_model_table,,NA,NA
Immunogen134,formal_msa,5,results/15_affinity/prodigy_formal_msa.csv,prodigy_dG_kcal_mol,-11.5,saved_per_model_table,,saved_per_model_table,NA
Immunogen134,formal_msa,5,results/15_affinity/prodigy_formal_msa.csv,prodigy_Kd_M_25C,3.5e-09,saved_per_model_table,,saved_per_model_table,NA
Immunogen134,formal_msa,5,results/13_interface_analysis/formal_msa/complex_model_summary.csv,chain_breaks,0,saved_per_model_table,,NA,NA
Immunogen134,formal_msa,5,results/13_interface_analysis/formal_msa/complex_model_summary.csv,peptide_cn_outliers,0,saved_per_model_table,,NA,NA
Immunogen134,formal_msa,5,results/13_interface_analysis/formal_msa/complex_model_summary.csv,interchain_clashes_lt1p8,1,saved_per_model_table,,NA,NA
Immunogen134,formal_msa,5,results/13_interface_analysis/formal_msa/complex_model_summary.csv,nonlocal_intrachain_clashes_lt1p8,3,saved_per_model_table,,NA,NA
Immunogen134,formal_msa,6,results/13_interface_analysis/formal_msa/complex_model_summary.csv,confidence_score,0.7748173475265503,saved_per_model_table,,NA,NA
Immunogen134,formal_msa,6,results/13_interface_analysis/formal_msa/complex_model_summary.csv,ptm,0.7114654183387756,saved_per_model_table,,NA,NA
Immunogen134,formal_msa,6,results/13_interface_analysis/formal_msa/complex_model_summary.csv,iptm,0.5885767936706543,saved_per_model_table,,NA,NA
Immunogen134,formal_msa,6,results/13_interface_analysis/formal_msa/complex_model_summary.csv,complex_plddt,0.8213774561882019,saved_per_model_table,,NA,NA
Immunogen134,formal_msa,6,results/13_interface_analysis/formal_msa/complex_model_summary.csv,epitope_residues_4p5,15,saved_per_model_table,,NA,NA
Immunogen134,formal_msa,6,results/13_interface_analysis/formal_msa/complex_model_summary.csv,paratope_residues_4p5,20,saved_per_model_table,,NA,NA
Immunogen134,formal_msa,6,results/13_interface_analysis/formal_msa/complex_model_summary.csv,cdr_paratope_residues_4p5,16,saved_per_model_table,,NA,NA
Immunogen134,formal_msa,6,results/13_interface_analysis/formal_msa/complex_model_summary.csv,hotspot_hits_4p5,13,saved_per_model_table,,NA,NA
Immunogen134,formal_msa,6,results/13_interface_analysis/formal_msa/complex_model_summary.csv,hotspot_coverage,0.20967741935483872,saved_per_model_table,,NA,NA
Immunogen134,formal_msa,6,results/13_interface_analysis/formal_msa/complex_model_summary.csv,hotspot_fraction_in_interface,0.8666666666666667,saved_per_model_table,,NA,NA
Immunogen134,formal_msa,6,results/15_affinity/prodigy_formal_msa.csv,prodigy_dG_kcal_mol,-10.7,saved_per_model_table,,saved_per_model_table,NA
Immunogen134,formal_msa,6,results/15_affinity/prodigy_formal_msa.csv,prodigy_Kd_M_25C,1.4e-08,saved_per_model_table,,saved_per_model_table,NA
Immunogen134,formal_msa,6,results/13_interface_analysis/formal_msa/complex_model_summary.csv,chain_breaks,0,saved_per_model_table,,NA,NA
Immunogen134,formal_msa,6,results/13_interface_analysis/formal_msa/complex_model_summary.csv,peptide_cn_outliers,0,saved_per_model_table,,NA,NA
Immunogen134,formal_msa,6,results/13_interface_analysis/formal_msa/complex_model_summary.csv,interchain_clashes_lt1p8,2,saved_per_model_table,,NA,NA
Immunogen134,formal_msa,6,results/13_interface_analysis/formal_msa/complex_model_summary.csv,nonlocal_intrachain_clashes_lt1p8,1,saved_per_model_table,,NA,NA
Immunogen134,formal_msa,7,results/13_interface_analysis/formal_msa/complex_model_summary.csv,confidence_score,0.7597211003303528,saved_per_model_table,,NA,NA
Immunogen134,formal_msa,7,results/13_interface_analysis/formal_msa/complex_model_summary.csv,ptm,0.6769843697547913,saved_per_model_table,,NA,NA
Immunogen134,formal_msa,7,results/13_interface_analysis/formal_msa/complex_model_summary.csv,iptm,0.5455464124679565,saved_per_model_table,,NA,NA
Immunogen134,formal_msa,7,results/13_interface_analysis/formal_msa/complex_model_summary.csv,complex_plddt,0.8132647275924683,saved_per_model_table,,NA,NA
Immunogen134,formal_msa,7,results/13_interface_analysis/formal_msa/complex_model_summary.csv,epitope_residues_4p5,17,saved_per_model_table,,NA,NA
Immunogen134,formal_msa,7,results/13_interface_analysis/formal_msa/complex_model_summary.csv,paratope_residues_4p5,22,saved_per_model_table,,NA,NA
Immunogen134,formal_msa,7,results/13_interface_analysis/formal_msa/complex_model_summary.csv,cdr_paratope_residues_4p5,19,saved_per_model_table,,NA,NA
Immunogen134,formal_msa,7,results/13_interface_analysis/formal_msa/complex_model_summary.csv,hotspot_hits_4p5,15,saved_per_model_table,,NA,NA
Immunogen134,formal_msa,7,results/13_interface_analysis/formal_msa/complex_model_summary.csv,hotspot_coverage,0.24193548387096775,saved_per_model_table,,NA,NA
Immunogen134,formal_msa,7,results/13_interface_analysis/formal_msa/complex_model_summary.csv,hotspot_fraction_in_interface,0.8823529411764706,saved_per_model_table,,NA,NA
Immunogen134,formal_msa,7,results/15_affinity/prodigy_formal_msa.csv,prodigy_dG_kcal_mol,-13.4,saved_per_model_table,,saved_per_model_table,NA
Immunogen134,formal_msa,7,results/15_affinity/prodigy_formal_msa.csv,prodigy_Kd_M_25C,1.4e-10,saved_per_model_table,,saved_per_model_table,NA
Immunogen134,formal_msa,7,results/13_interface_analysis/formal_msa/complex_model_summary.csv,chain_breaks,0,saved_per_model_table,,NA,NA
Immunogen134,formal_msa,7,results/13_interface_analysis/formal_msa/complex_model_summary.csv,peptide_cn_outliers,0,saved_per_model_table,,NA,NA
Immunogen134,formal_msa,7,results/13_interface_analysis/formal_msa/complex_model_summary.csv,interchain_clashes_lt1p8,7,saved_per_model_table,,NA,NA
Immunogen134,formal_msa,7,results/13_interface_analysis/formal_msa/complex_model_summary.csv,nonlocal_intrachain_clashes_lt1p8,1,saved_per_model_table,,NA,NA
Immunogen134,formal_msa,8,results/13_interface_analysis/formal_msa/complex_model_summary.csv,confidence_score,0.7749651074409485,saved_per_model_table,,NA,NA
Immunogen134,formal_msa,8,results/13_interface_analysis/formal_msa/complex_model_summary.csv,ptm,0.6919706463813782,saved_per_model_table,,NA,NA
Immunogen134,formal_msa,8,results/13_interface_analysis/formal_msa/complex_model_summary.csv,iptm,0.5696890950202942,saved_per_model_table,,NA,NA
Immunogen134,formal_msa,8,results/13_interface_analysis/formal_msa/complex_model_summary.csv,complex_plddt,0.8262841105461121,saved_per_model_table,,NA,NA
Immunogen134,formal_msa,8,results/13_interface_analysis/formal_msa/complex_model_summary.csv,epitope_residues_4p5,29,saved_per_model_table,,NA,NA
Immunogen134,formal_msa,8,results/13_interface_analysis/formal_msa/complex_model_summary.csv,paratope_residues_4p5,29,saved_per_model_table,,NA,NA
Immunogen134,formal_msa,8,results/13_interface_analysis/formal_msa/complex_model_summary.csv,cdr_paratope_residues_4p5,25,saved_per_model_table,,NA,NA
Immunogen134,formal_msa,8,results/13_interface_analysis/formal_msa/complex_model_summary.csv,hotspot_hits_4p5,7,saved_per_model_table,,NA,NA
Immunogen134,formal_msa,8,results/13_interface_analysis/formal_msa/complex_model_summary.csv,hotspot_coverage,0.11290322580645161,saved_per_model_table,,NA,NA
Immunogen134,formal_msa,8,results/13_interface_analysis/formal_msa/complex_model_summary.csv,hotspot_fraction_in_interface,0.2413793103448276,saved_per_model_table,,NA,NA
Immunogen134,formal_msa,8,results/15_affinity/prodigy_formal_msa.csv,prodigy_dG_kcal_mol,-15.5,saved_per_model_table,,saved_per_model_table,NA
Immunogen134,formal_msa,8,results/15_affinity/prodigy_formal_msa.csv,prodigy_Kd_M_25C,4.4e-12,saved_per_model_table,,saved_per_model_table,NA
Immunogen134,formal_msa,8,results/13_interface_analysis/formal_msa/complex_model_summary.csv,chain_breaks,0,saved_per_model_table,,NA,NA
Immunogen134,formal_msa,8,results/13_interface_analysis/formal_msa/complex_model_summary.csv,peptide_cn_outliers,0,saved_per_model_table,,NA,NA
Immunogen134,formal_msa,8,results/13_interface_analysis/formal_msa/complex_model_summary.csv,interchain_clashes_lt1p8,7,saved_per_model_table,,NA,NA
Immunogen134,formal_msa,8,results/13_interface_analysis/formal_msa/complex_model_summary.csv,nonlocal_intrachain_clashes_lt1p8,4,saved_per_model_table,,NA,NA
Immunogen134,formal_msa,9,results/13_interface_analysis/formal_msa/complex_model_summary.csv,confidence_score,0.748965859413147,saved_per_model_table,,NA,NA
Immunogen134,formal_msa,9,results/13_interface_analysis/formal_msa/complex_model_summary.csv,ptm,0.6579126119613647,saved_per_model_table,,NA,NA
Immunogen134,formal_msa,9,results/13_interface_analysis/formal_msa/complex_model_summary.csv,iptm,0.5219049453735352,saved_per_model_table,,NA,NA
Immunogen134,formal_msa,9,results/13_interface_analysis/formal_msa/complex_model_summary.csv,complex_plddt,0.8057310581207275,saved_per_model_table,,NA,NA
Immunogen134,formal_msa,9,results/13_interface_analysis/formal_msa/complex_model_summary.csv,epitope_residues_4p5,28,saved_per_model_table,,NA,NA
Immunogen134,formal_msa,9,results/13_interface_analysis/formal_msa/complex_model_summary.csv,paratope_residues_4p5,26,saved_per_model_table,,NA,NA
Immunogen134,formal_msa,9,results/13_interface_analysis/formal_msa/complex_model_summary.csv,cdr_paratope_residues_4p5,23,saved_per_model_table,,NA,NA
Immunogen134,formal_msa,9,results/13_interface_analysis/formal_msa/complex_model_summary.csv,hotspot_hits_4p5,7,saved_per_model_table,,NA,NA
Immunogen134,formal_msa,9,results/13_interface_analysis/formal_msa/complex_model_summary.csv,hotspot_coverage,0.11290322580645161,saved_per_model_table,,NA,NA
Immunogen134,formal_msa,9,results/13_interface_analysis/formal_msa/complex_model_summary.csv,hotspot_fraction_in_interface,0.25,saved_per_model_table,,NA,NA
Immunogen134,formal_msa,9,results/15_affinity/prodigy_formal_msa.csv,prodigy_dG_kcal_mol,-13.9,saved_per_model_table,,saved_per_model_table,NA
Immunogen134,formal_msa,9,results/15_affinity/prodigy_formal_msa.csv,prodigy_Kd_M_25C,6.3e-11,saved_per_model_table,,saved_per_model_table,NA
Immunogen134,formal_msa,9,results/13_interface_analysis/formal_msa/complex_model_summary.csv,chain_breaks,0,saved_per_model_table,,NA,NA
Immunogen134,formal_msa,9,results/13_interface_analysis/formal_msa/complex_model_summary.csv,peptide_cn_outliers,0,saved_per_model_table,,NA,NA
Immunogen134,formal_msa,9,results/13_interface_analysis/formal_msa/complex_model_summary.csv,interchain_clashes_lt1p8,3,saved_per_model_table,,NA,NA
Immunogen134,formal_msa,9,results/13_interface_analysis/formal_msa/complex_model_summary.csv,nonlocal_intrachain_clashes_lt1p8,9,saved_per_model_table,,NA,NA
Immunogen134,formal_msa,10,results/13_interface_analysis/formal_msa/complex_model_summary.csv,confidence_score,0.7530272603034973,saved_per_model_table,,NA,NA
Immunogen134,formal_msa,10,results/13_interface_analysis/formal_msa/complex_model_summary.csv,ptm,0.6567746996879578,saved_per_model_table,,NA,NA
Immunogen134,formal_msa,10,results/13_interface_analysis/formal_msa/complex_model_summary.csv,iptm,0.5187256932258606,saved_per_model_table,,NA,NA
Immunogen134,formal_msa,10,results/13_interface_analysis/formal_msa/complex_model_summary.csv,complex_plddt,0.8116026520729065,saved_per_model_table,,NA,NA
Immunogen134,formal_msa,10,results/13_interface_analysis/formal_msa/complex_model_summary.csv,epitope_residues_4p5,20,saved_per_model_table,,NA,NA
Immunogen134,formal_msa,10,results/13_interface_analysis/formal_msa/complex_model_summary.csv,paratope_residues_4p5,26,saved_per_model_table,,NA,NA
Immunogen134,formal_msa,10,results/13_interface_analysis/formal_msa/complex_model_summary.csv,cdr_paratope_residues_4p5,24,saved_per_model_table,,NA,NA
Immunogen134,formal_msa,10,results/13_interface_analysis/formal_msa/complex_model_summary.csv,hotspot_hits_4p5,7,saved_per_model_table,,NA,NA
Immunogen134,formal_msa,10,results/13_interface_analysis/formal_msa/complex_model_summary.csv,hotspot_coverage,0.11290322580645161,saved_per_model_table,,NA,NA
Immunogen134,formal_msa,10,results/13_interface_analysis/formal_msa/complex_model_summary.csv,hotspot_fraction_in_interface,0.35,saved_per_model_table,,NA,NA
Immunogen134,formal_msa,10,results/15_affinity/prodigy_formal_msa.csv,prodigy_dG_kcal_mol,-12.5,saved_per_model_table,,saved_per_model_table,NA
Immunogen134,formal_msa,10,results/15_affinity/prodigy_formal_msa.csv,prodigy_Kd_M_25C,6.4e-10,saved_per_model_table,,saved_per_model_table,NA
Immunogen134,formal_msa,10,results/13_interface_analysis/formal_msa/complex_model_summary.csv,chain_breaks,0,saved_per_model_table,,NA,NA
Immunogen134,formal_msa,10,results/13_interface_analysis/formal_msa/complex_model_summary.csv,peptide_cn_outliers,0,saved_per_model_table,,NA,NA
Immunogen134,formal_msa,10,results/13_interface_analysis/formal_msa/complex_model_summary.csv,interchain_clashes_lt1p8,8,saved_per_model_table,,NA,NA
Immunogen134,formal_msa,10,results/13_interface_analysis/formal_msa/complex_model_summary.csv,nonlocal_intrachain_clashes_lt1p8,7,saved_per_model_table,,NA,NA
Immunogen134,formal_msa,11,results/13_interface_analysis/formal_msa/complex_model_summary.csv,confidence_score,0.7590550184249878,saved_per_model_table,,NA,NA
Immunogen134,formal_msa,11,results/13_interface_analysis/formal_msa/complex_model_summary.csv,ptm,0.6883047819137573,saved_per_model_table,,NA,NA
Immunogen134,formal_msa,11,results/13_interface_analysis/formal_msa/complex_model_summary.csv,iptm,0.5611817240715027,saved_per_model_table,,NA,NA
Immunogen134,formal_msa,11,results/13_interface_analysis/formal_msa/complex_model_summary.csv,complex_plddt,0.8085232973098755,saved_per_model_table,,NA,NA
Immunogen134,formal_msa,11,results/13_interface_analysis/formal_msa/complex_model_summary.csv,epitope_residues_4p5,17,saved_per_model_table,,NA,NA
Immunogen134,formal_msa,11,results/13_interface_analysis/formal_msa/complex_model_summary.csv,paratope_residues_4p5,21,saved_per_model_table,,NA,NA
Immunogen134,formal_msa,11,results/13_interface_analysis/formal_msa/complex_model_summary.csv,cdr_paratope_residues_4p5,19,saved_per_model_table,,NA,NA
Immunogen134,formal_msa,11,results/13_interface_analysis/formal_msa/complex_model_summary.csv,hotspot_hits_4p5,15,saved_per_model_table,,NA,NA
Immunogen134,formal_msa,11,results/13_interface_analysis/formal_msa/complex_model_summary.csv,hotspot_coverage,0.24193548387096775,saved_per_model_table,,NA,NA
Immunogen134,formal_msa,11,results/13_interface_analysis/formal_msa/complex_model_summary.csv,hotspot_fraction_in_interface,0.8823529411764706,saved_per_model_table,,NA,NA
Immunogen134,formal_msa,11,results/15_affinity/prodigy_formal_msa.csv,prodigy_dG_kcal_mol,-12.4,saved_per_model_table,,saved_per_model_table,NA
Immunogen134,formal_msa,11,results/15_affinity/prodigy_formal_msa.csv,prodigy_Kd_M_25C,8.7e-10,saved_per_model_table,,saved_per_model_table,NA
Immunogen134,formal_msa,11,results/13_interface_analysis/formal_msa/complex_model_summary.csv,chain_breaks,0,saved_per_model_table,,NA,NA
Immunogen134,formal_msa,11,results/13_interface_analysis/formal_msa/complex_model_summary.csv,peptide_cn_outliers,0,saved_per_model_table,,NA,NA
Immunogen134,formal_msa,11,results/13_interface_analysis/formal_msa/complex_model_summary.csv,interchain_clashes_lt1p8,3,saved_per_model_table,,NA,NA
Immunogen134,formal_msa,11,results/13_interface_analysis/formal_msa/complex_model_summary.csv,nonlocal_intrachain_clashes_lt1p8,2,saved_per_model_table,,NA,NA
Immunogen134,formal_msa,12,results/13_interface_analysis/formal_msa/complex_model_summary.csv,confidence_score,0.7579488158226013,saved_per_model_table,,NA,NA
Immunogen134,formal_msa,12,results/13_interface_analysis/formal_msa/complex_model_summary.csv,ptm,0.6603401899337769,saved_per_model_table,,NA,NA
Immunogen134,formal_msa,12,results/13_interface_analysis/formal_msa/complex_model_summary.csv,iptm,0.5249993205070496,saved_per_model_table,,NA,NA
Immunogen134,formal_msa,12,results/13_interface_analysis/formal_msa/complex_model_summary.csv,complex_plddt,0.8161861896514893,saved_per_model_table,,NA,NA
Immunogen134,formal_msa,12,results/13_interface_analysis/formal_msa/complex_model_summary.csv,epitope_residues_4p5,21,saved_per_model_table,,NA,NA
Immunogen134,formal_msa,12,results/13_interface_analysis/formal_msa/complex_model_summary.csv,paratope_residues_4p5,26,saved_per_model_table,,NA,NA
Immunogen134,formal_msa,12,results/13_interface_analysis/formal_msa/complex_model_summary.csv,cdr_paratope_residues_4p5,23,saved_per_model_table,,NA,NA
Immunogen134,formal_msa,12,results/13_interface_analysis/formal_msa/complex_model_summary.csv,hotspot_hits_4p5,7,saved_per_model_table,,NA,NA
Immunogen134,formal_msa,12,results/13_interface_analysis/formal_msa/complex_model_summary.csv,hotspot_coverage,0.11290322580645161,saved_per_model_table,,NA,NA
Immunogen134,formal_msa,12,results/13_interface_analysis/formal_msa/complex_model_summary.csv,hotspot_fraction_in_interface,0.3333333333333333,saved_per_model_table,,NA,NA
Immunogen134,formal_msa,12,results/15_affinity/prodigy_formal_msa.csv,prodigy_dG_kcal_mol,-12.5,saved_per_model_table,,saved_per_model_table,NA
Immunogen134,formal_msa,12,results/15_affinity/prodigy_formal_msa.csv,prodigy_Kd_M_25C,6.2e-10,saved_per_model_table,,saved_per_model_table,NA
Immunogen134,formal_msa,12,results/13_interface_analysis/formal_msa/complex_model_summary.csv,chain_breaks,0,saved_per_model_table,,NA,NA
Immunogen134,formal_msa,12,results/13_interface_analysis/formal_msa/complex_model_summary.csv,peptide_cn_outliers,0,saved_per_model_table,,NA,NA
Immunogen134,formal_msa,12,results/13_interface_analysis/formal_msa/complex_model_summary.csv,interchain_clashes_lt1p8,7,saved_per_model_table,,NA,NA
Immunogen134,formal_msa,12,results/13_interface_analysis/formal_msa/complex_model_summary.csv,nonlocal_intrachain_clashes_lt1p8,5,saved_per_model_table,,NA,NA
Immunogen134,formal_msa,13,results/13_interface_analysis/formal_msa/complex_model_summary.csv,confidence_score,0.7704123258590698,saved_per_model_table,,NA,NA
Immunogen134,formal_msa,13,results/13_interface_analysis/formal_msa/complex_model_summary.csv,ptm,0.6964502334594727,saved_per_model_table,,NA,NA
Immunogen134,formal_msa,13,results/13_interface_analysis/formal_msa/complex_model_summary.csv,iptm,0.569126546382904,saved_per_model_table,,NA,NA
Immunogen134,formal_msa,13,results/13_interface_analysis/formal_msa/complex_model_summary.csv,complex_plddt,0.8207337260246277,saved_per_model_table,,NA,NA
Immunogen134,formal_msa,13,results/13_interface_analysis/formal_msa/complex_model_summary.csv,epitope_residues_4p5,16,saved_per_model_table,,NA,NA
Immunogen134,formal_msa,13,results/13_interface_analysis/formal_msa/complex_model_summary.csv,paratope_residues_4p5,20,saved_per_model_table,,NA,NA
Immunogen134,formal_msa,13,results/13_interface_analysis/formal_msa/complex_model_summary.csv,cdr_paratope_residues_4p5,18,saved_per_model_table,,NA,NA
Immunogen134,formal_msa,13,results/13_interface_analysis/formal_msa/complex_model_summary.csv,hotspot_hits_4p5,14,saved_per_model_table,,NA,NA
Immunogen134,formal_msa,13,results/13_interface_analysis/formal_msa/complex_model_summary.csv,hotspot_coverage,0.22580645161290322,saved_per_model_table,,NA,NA
Immunogen134,formal_msa,13,results/13_interface_analysis/formal_msa/complex_model_summary.csv,hotspot_fraction_in_interface,0.875,saved_per_model_table,,NA,NA
Immunogen134,formal_msa,13,results/15_affinity/prodigy_formal_msa.csv,prodigy_dG_kcal_mol,-11.9,saved_per_model_table,,saved_per_model_table,NA
Immunogen134,formal_msa,13,results/15_affinity/prodigy_formal_msa.csv,prodigy_Kd_M_25C,2e-09,saved_per_model_table,,saved_per_model_table,NA
Immunogen134,formal_msa,13,results/13_interface_analysis/formal_msa/complex_model_summary.csv,chain_breaks,0,saved_per_model_table,,NA,NA
Immunogen134,formal_msa,13,results/13_interface_analysis/formal_msa/complex_model_summary.csv,peptide_cn_outliers,0,saved_per_model_table,,NA,NA
Immunogen134,formal_msa,13,results/13_interface_analysis/formal_msa/complex_model_summary.csv,interchain_clashes_lt1p8,8,saved_per_model_table,,NA,NA
Immunogen134,formal_msa,13,results/13_interface_analysis/formal_msa/complex_model_summary.csv,nonlocal_intrachain_clashes_lt1p8,1,saved_per_model_table,,NA,NA
Immunogen134,formal_msa,14,results/13_interface_analysis/formal_msa/complex_model_summary.csv,confidence_score,0.7610371708869934,saved_per_model_table,,NA,NA
Immunogen134,formal_msa,14,results/13_interface_analysis/formal_msa/complex_model_summary.csv,ptm,0.6496674418449402,saved_per_model_table,,NA,NA
Immunogen134,formal_msa,14,results/13_interface_analysis/formal_msa/complex_model_summary.csv,iptm,0.5095124244689941,saved_per_model_table,,NA,NA
Immunogen134,formal_msa,14,results/13_interface_analysis/formal_msa/complex_model_summary.csv,complex_plddt,0.823918342590332,saved_per_model_table,,NA,NA
Immunogen134,formal_msa,14,results/13_interface_analysis/formal_msa/complex_model_summary.csv,epitope_residues_4p5,19,saved_per_model_table,,NA,NA
Immunogen134,formal_msa,14,results/13_interface_analysis/formal_msa/complex_model_summary.csv,paratope_residues_4p5,25,saved_per_model_table,,NA,NA
Immunogen134,formal_msa,14,results/13_interface_analysis/formal_msa/complex_model_summary.csv,cdr_paratope_residues_4p5,23,saved_per_model_table,,NA,NA
Immunogen134,formal_msa,14,results/13_interface_analysis/formal_msa/complex_model_summary.csv,hotspot_hits_4p5,5,saved_per_model_table,,NA,NA
Immunogen134,formal_msa,14,results/13_interface_analysis/formal_msa/complex_model_summary.csv,hotspot_coverage,0.08064516129032258,saved_per_model_table,,NA,NA
Immunogen134,formal_msa,14,results/13_interface_analysis/formal_msa/complex_model_summary.csv,hotspot_fraction_in_interface,0.2631578947368421,saved_per_model_table,,NA,NA
Immunogen134,formal_msa,14,results/15_affinity/prodigy_formal_msa.csv,prodigy_dG_kcal_mol,-13.9,saved_per_model_table,,saved_per_model_table,NA
Immunogen134,formal_msa,14,results/15_affinity/prodigy_formal_msa.csv,prodigy_Kd_M_25C,6.3e-11,saved_per_model_table,,saved_per_model_table,NA
Immunogen134,formal_msa,14,results/13_interface_analysis/formal_msa/complex_model_summary.csv,chain_breaks,0,saved_per_model_table,,NA,NA
Immunogen134,formal_msa,14,results/13_interface_analysis/formal_msa/complex_model_summary.csv,peptide_cn_outliers,0,saved_per_model_table,,NA,NA
Immunogen134,formal_msa,14,results/13_interface_analysis/formal_msa/complex_model_summary.csv,interchain_clashes_lt1p8,6,saved_per_model_table,,NA,NA
Immunogen134,formal_msa,14,results/13_interface_analysis/formal_msa/complex_model_summary.csv,nonlocal_intrachain_clashes_lt1p8,2,saved_per_model_table,,NA,NA
Immunogen134,formal_msa,15,results/13_interface_analysis/formal_msa/complex_model_summary.csv,confidence_score,0.7628921270370483,saved_per_model_table,,NA,NA
Immunogen134,formal_msa,15,results/13_interface_analysis/formal_msa/complex_model_summary.csv,ptm,0.685009777545929,saved_per_model_table,,NA,NA
Immunogen134,formal_msa,15,results/13_interface_analysis/formal_msa/complex_model_summary.csv,iptm,0.5535028576850891,saved_per_model_table,,NA,NA
Immunogen134,formal_msa,15,results/13_interface_analysis/formal_msa/complex_model_summary.csv,complex_plddt,0.815239429473877,saved_per_model_table,,NA,NA
Immunogen134,formal_msa,15,results/13_interface_analysis/formal_msa/complex_model_summary.csv,epitope_residues_4p5,18,saved_per_model_table,,NA,NA
Immunogen134,formal_msa,15,results/13_interface_analysis/formal_msa/complex_model_summary.csv,paratope_residues_4p5,23,saved_per_model_table,,NA,NA
Immunogen134,formal_msa,15,results/13_interface_analysis/formal_msa/complex_model_summary.csv,cdr_paratope_residues_4p5,17,saved_per_model_table,,NA,NA
Immunogen134,formal_msa,15,results/13_interface_analysis/formal_msa/complex_model_summary.csv,hotspot_hits_4p5,16,saved_per_model_table,,NA,NA
Immunogen134,formal_msa,15,results/13_interface_analysis/formal_msa/complex_model_summary.csv,hotspot_coverage,0.25806451612903225,saved_per_model_table,,NA,NA
Immunogen134,formal_msa,15,results/13_interface_analysis/formal_msa/complex_model_summary.csv,hotspot_fraction_in_interface,0.8888888888888888,saved_per_model_table,,NA,NA
Immunogen134,formal_msa,15,results/15_affinity/prodigy_formal_msa.csv,prodigy_dG_kcal_mol,-12.6,saved_per_model_table,,saved_per_model_table,NA
Immunogen134,formal_msa,15,results/15_affinity/prodigy_formal_msa.csv,prodigy_Kd_M_25C,6.2e-10,saved_per_model_table,,saved_per_model_table,NA
Immunogen134,formal_msa,15,results/13_interface_analysis/formal_msa/complex_model_summary.csv,chain_breaks,0,saved_per_model_table,,NA,NA
Immunogen134,formal_msa,15,results/13_interface_analysis/formal_msa/complex_model_summary.csv,peptide_cn_outliers,0,saved_per_model_table,,NA,NA
Immunogen134,formal_msa,15,results/13_interface_analysis/formal_msa/complex_model_summary.csv,interchain_clashes_lt1p8,4,saved_per_model_table,,NA,NA
Immunogen134,formal_msa,15,results/13_interface_analysis/formal_msa/complex_model_summary.csv,nonlocal_intrachain_clashes_lt1p8,4,saved_per_model_table,,NA,NA
