construct,condition,seed,source_path,antibody_chain,antibody_region,contacting_residue_count,participates,evidence_level,missing_reason
Full181,empty,1,results/full181_supplement/full181_interface_contacts.csv,H,CDR1,4,1,current_original_model_analysis,
Full181,empty,1,results/full181_supplement/full181_interface_contacts.csv,H,CDR2,3,1,current_original_model_analysis,
Full181,empty,1,results/full181_supplement/full181_interface_contacts.csv,H,CDR3,5,1,current_original_model_analysis,
Full181,empty,1,results/full181_supplement/full181_interface_contacts.csv,H,FR1,0,0,current_original_model_analysis,
Full181,empty,1,results/full181_supplement/full181_interface_contacts.csv,H,FR2,1,1,current_original_model_analysis,
Full181,empty,1,results/full181_supplement/full181_interface_contacts.csv,H,FR3,1,1,current_original_model_analysis,
Full181,empty,1,results/full181_supplement/full181_interface_contacts.csv,H,FR4,0,0,current_original_model_analysis,
Full181,empty,1,results/full181_supplement/full181_interface_contacts.csv,L,CDR1,6,1,current_original_model_analysis,
Full181,empty,1,results/full181_supplement/full181_interface_contacts.csv,L,CDR2,1,1,current_original_model_analysis,
Full181,empty,1,results/full181_supplement/full181_interface_contacts.csv,L,CDR3,5,1,current_original_model_analysis,
Full181,empty,1,results/full181_supplement/full181_interface_contacts.csv,L,FR1,0,0,current_original_model_analysis,
Full181,empty,1,results/full181_supplement/full181_interface_contacts.csv,L,FR2,0,0,current_original_model_analysis,
Full181,empty,1,results/full181_supplement/full181_interface_contacts.csv,L,FR3,3,1,current_original_model_analysis,
Full181,empty,1,results/full181_supplement/full181_interface_contacts.csv,L,FR4,0,0,current_original_model_analysis,
Full181,empty,2,results/full181_supplement/full181_interface_contacts.csv,H,CDR1,4,1,current_original_model_analysis,
Full181,empty,2,results/full181_supplement/full181_interface_contacts.csv,H,CDR2,6,1,current_original_model_analysis,
Full181,empty,2,results/full181_supplement/full181_interface_contacts.csv,H,CDR3,5,1,current_original_model_analysis,
Full181,empty,2,results/full181_supplement/full181_interface_contacts.csv,H,FR1,0,0,current_original_model_analysis,
Full181,empty,2,results/full181_supplement/full181_interface_contacts.csv,H,FR2,2,1,current_original_model_analysis,
Full181,empty,2,results/full181_supplement/full181_interface_contacts.csv,H,FR3,0,0,current_original_model_analysis,
Full181,empty,2,results/full181_supplement/full181_interface_contacts.csv,H,FR4,0,0,current_original_model_analysis,
Full181,empty,2,results/full181_supplement/full181_interface_contacts.csv,L,CDR1,5,1,current_original_model_analysis,
Full181,empty,2,results/full181_supplement/full181_interface_contacts.csv,L,CDR2,1,1,current_original_model_analysis,
Full181,empty,2,results/full181_supplement/full181_interface_contacts.csv,L,CDR3,5,1,current_original_model_analysis,
Full181,empty,2,results/full181_supplement/full181_interface_contacts.csv,L,FR1,0,0,current_original_model_analysis,
Full181,empty,2,results/full181_supplement/full181_interface_contacts.csv,L,FR2,0,0,current_original_model_analysis,
Full181,empty,2,results/full181_supplement/full181_interface_contacts.csv,L,FR3,1,1,current_original_model_analysis,
Full181,empty,2,results/full181_supplement/full181_interface_contacts.csv,L,FR4,0,0,current_original_model_analysis,
Full181,empty,3,results/full181_supplement/full181_interface_contacts.csv,H,CDR1,4,1,current_original_model_analysis,
Full181,empty,3,results/full181_supplement/full181_interface_contacts.csv,H,CDR2,5,1,current_original_model_analysis,
Full181,empty,3,results/full181_supplement/full181_interface_contacts.csv,H,CDR3,5,1,current_original_model_analysis,
Full181,empty,3,results/full181_supplement/full181_interface_contacts.csv,H,FR1,0,0,current_original_model_analysis,
Full181,empty,3,results/full181_supplement/full181_interface_contacts.csv,H,FR2,1,1,current_original_model_analysis,
Full181,empty,3,results/full181_supplement/full181_interface_contacts.csv,H,FR3,1,1,current_original_model_analysis,
Full181,empty,3,results/full181_supplement/full181_interface_contacts.csv,H,FR4,0,0,current_original_model_analysis,
Full181,empty,3,results/full181_supplement/full181_interface_contacts.csv,L,CDR1,4,1,current_original_model_analysis,
Full181,empty,3,results/full181_supplement/full181_interface_contacts.csv,L,CDR2,1,1,current_original_model_analysis,
Full181,empty,3,results/full181_supplement/full181_interface_contacts.csv,L,CDR3,5,1,current_original_model_analysis,
Full181,empty,3,results/full181_supplement/full181_interface_contacts.csv,L,FR1,0,0,current_original_model_analysis,
Full181,empty,3,results/full181_supplement/full181_interface_contacts.csv,L,FR2,0,0,current_original_model_analysis,
Full181,empty,3,results/full181_supplement/full181_interface_contacts.csv,L,FR3,0,0,current_original_model_analysis,
Full181,empty,3,results/full181_supplement/full181_interface_contacts.csv,L,FR4,0,0,current_original_model_analysis,
Full181,empty,4,results/full181_supplement/full181_interface_contacts.csv,H,CDR1,2,1,current_original_model_analysis,
Full181,empty,4,results/full181_supplement/full181_interface_contacts.csv,H,CDR2,4,1,current_original_model_analysis,
Full181,empty,4,results/full181_supplement/full181_interface_contacts.csv,H,CDR3,5,1,current_original_model_analysis,
Full181,empty,4,results/full181_supplement/full181_interface_contacts.csv,H,FR1,0,0,current_original_model_analysis,
Full181,empty,4,results/full181_supplement/full181_interface_contacts.csv,H,FR2,1,1,current_original_model_analysis,
Full181,empty,4,results/full181_supplement/full181_interface_contacts.csv,H,FR3,1,1,current_original_model_analysis,
Full181,empty,4,results/full181_supplement/full181_interface_contacts.csv,H,FR4,0,0,current_original_model_analysis,
Full181,empty,4,results/full181_supplement/full181_interface_contacts.csv,L,CDR1,5,1,current_original_model_analysis,
Full181,empty,4,results/full181_supplement/full181_interface_contacts.csv,L,CDR2,1,1,current_original_model_analysis,
Full181,empty,4,results/full181_supplement/full181_interface_contacts.csv,L,CDR3,6,1,current_original_model_analysis,
Full181,empty,4,results/full181_supplement/full181_interface_contacts.csv,L,FR1,0,0,current_original_model_analysis,
Full181,empty,4,results/full181_supplement/full181_interface_contacts.csv,L,FR2,0,0,current_original_model_analysis,
Full181,empty,4,results/full181_supplement/full181_interface_contacts.csv,L,FR3,1,1,current_original_model_analysis,
Full181,empty,4,results/full181_supplement/full181_interface_contacts.csv,L,FR4,0,0,current_original_model_analysis,
Full181,empty,5,results/full181_supplement/full181_interface_contacts.csv,H,CDR1,4,1,current_original_model_analysis,
Full181,empty,5,results/full181_supplement/full181_interface_contacts.csv,H,CDR2,4,1,current_original_model_analysis,
Full181,empty,5,results/full181_supplement/full181_interface_contacts.csv,H,CDR3,7,1,current_original_model_analysis,
Full181,empty,5,results/full181_supplement/full181_interface_contacts.csv,H,FR1,0,0,current_original_model_analysis,
Full181,empty,5,results/full181_supplement/full181_interface_contacts.csv,H,FR2,1,1,current_original_model_analysis,
Full181,empty,5,results/full181_supplement/full181_interface_contacts.csv,H,FR3,1,1,current_original_model_analysis,
Full181,empty,5,results/full181_supplement/full181_interface_contacts.csv,H,FR4,0,0,current_original_model_analysis,
Full181,empty,5,results/full181_supplement/full181_interface_contacts.csv,L,CDR1,5,1,current_original_model_analysis,
Full181,empty,5,results/full181_supplement/full181_interface_contacts.csv,L,CDR2,1,1,current_original_model_analysis,
Full181,empty,5,results/full181_supplement/full181_interface_contacts.csv,L,CDR3,5,1,current_original_model_analysis,
Full181,empty,5,results/full181_supplement/full181_interface_contacts.csv,L,FR1,0,0,current_original_model_analysis,
Full181,empty,5,results/full181_supplement/full181_interface_contacts.csv,L,FR2,0,0,current_original_model_analysis,
Full181,empty,5,results/full181_supplement/full181_interface_contacts.csv,L,FR3,2,1,current_original_model_analysis,
Full181,empty,5,results/full181_supplement/full181_interface_contacts.csv,L,FR4,0,0,current_original_model_analysis,
Full181,empty,6,results/full181_supplement/full181_interface_contacts.csv,H,CDR1,3,1,current_original_model_analysis,
Full181,empty,6,results/full181_supplement/full181_interface_contacts.csv,H,CDR2,4,1,current_original_model_analysis,
Full181,empty,6,results/full181_supplement/full181_interface_contacts.csv,H,CDR3,5,1,current_original_model_analysis,
Full181,empty,6,results/full181_supplement/full181_interface_contacts.csv,H,FR1,0,0,current_original_model_analysis,
Full181,empty,6,results/full181_supplement/full181_interface_contacts.csv,H,FR2,2,1,current_original_model_analysis,
Full181,empty,6,results/full181_supplement/full181_interface_contacts.csv,H,FR3,1,1,current_original_model_analysis,
Full181,empty,6,results/full181_supplement/full181_interface_contacts.csv,H,FR4,0,0,current_original_model_analysis,
Full181,empty,6,results/full181_supplement/full181_interface_contacts.csv,L,CDR1,3,1,current_original_model_analysis,
Full181,empty,6,results/full181_supplement/full181_interface_contacts.csv,L,CDR2,1,1,current_original_model_analysis,
Full181,empty,6,results/full181_supplement/full181_interface_contacts.csv,L,CDR3,5,1,current_original_model_analysis,
Full181,empty,6,results/full181_supplement/full181_interface_contacts.csv,L,FR1,1,1,current_original_model_analysis,
Full181,empty,6,results/full181_supplement/full181_interface_contacts.csv,L,FR2,0,0,current_original_model_analysis,
Full181,empty,6,results/full181_supplement/full181_interface_contacts.csv,L,FR3,0,0,current_original_model_analysis,
Full181,empty,6,results/full181_supplement/full181_interface_contacts.csv,L,FR4,0,0,current_original_model_analysis,
Full181,empty,7,results/full181_supplement/full181_interface_contacts.csv,H,CDR1,3,1,current_original_model_analysis,
Full181,empty,7,results/full181_supplement/full181_interface_contacts.csv,H,CDR2,3,1,current_original_model_analysis,
Full181,empty,7,results/full181_supplement/full181_interface_contacts.csv,H,CDR3,6,1,current_original_model_analysis,
Full181,empty,7,results/full181_supplement/full181_interface_contacts.csv,H,FR1,0,0,current_original_model_analysis,
Full181,empty,7,results/full181_supplement/full181_interface_contacts.csv,H,FR2,1,1,current_original_model_analysis,
Full181,empty,7,results/full181_supplement/full181_interface_contacts.csv,H,FR3,1,1,current_original_model_analysis,
Full181,empty,7,results/full181_supplement/full181_interface_contacts.csv,H,FR4,0,0,current_original_model_analysis,
Full181,empty,7,results/full181_supplement/full181_interface_contacts.csv,L,CDR1,5,1,current_original_model_analysis,
Full181,empty,7,results/full181_supplement/full181_interface_contacts.csv,L,CDR2,3,1,current_original_model_analysis,
Full181,empty,7,results/full181_supplement/full181_interface_contacts.csv,L,CDR3,4,1,current_original_model_analysis,
Full181,empty,7,results/full181_supplement/full181_interface_contacts.csv,L,FR1,0,0,current_original_model_analysis,
Full181,empty,7,results/full181_supplement/full181_interface_contacts.csv,L,FR2,0,0,current_original_model_analysis,
Full181,empty,7,results/full181_supplement/full181_interface_contacts.csv,L,FR3,5,1,current_original_model_analysis,
Full181,empty,7,results/full181_supplement/full181_interface_contacts.csv,L,FR4,0,0,current_original_model_analysis,
Full181,empty,8,results/full181_supplement/full181_interface_contacts.csv,H,CDR1,4,1,current_original_model_analysis,
Full181,empty,8,results/full181_supplement/full181_interface_contacts.csv,H,CDR2,4,1,current_original_model_analysis,
Full181,empty,8,results/full181_supplement/full181_interface_contacts.csv,H,CDR3,5,1,current_original_model_analysis,
Full181,empty,8,results/full181_supplement/full181_interface_contacts.csv,H,FR1,0,0,current_original_model_analysis,
Full181,empty,8,results/full181_supplement/full181_interface_contacts.csv,H,FR2,0,0,current_original_model_analysis,
Full181,empty,8,results/full181_supplement/full181_interface_contacts.csv,H,FR3,1,1,current_original_model_analysis,
Full181,empty,8,results/full181_supplement/full181_interface_contacts.csv,H,FR4,0,0,current_original_model_analysis,
Full181,empty,8,results/full181_supplement/full181_interface_contacts.csv,L,CDR1,5,1,current_original_model_analysis,
Full181,empty,8,results/full181_supplement/full181_interface_contacts.csv,L,CDR2,1,1,current_original_model_analysis,
Full181,empty,8,results/full181_supplement/full181_interface_contacts.csv,L,CDR3,5,1,current_original_model_analysis,
Full181,empty,8,results/full181_supplement/full181_interface_contacts.csv,L,FR1,0,0,current_original_model_analysis,
Full181,empty,8,results/full181_supplement/full181_interface_contacts.csv,L,FR2,1,1,current_original_model_analysis,
Full181,empty,8,results/full181_supplement/full181_interface_contacts.csv,L,FR3,3,1,current_original_model_analysis,
Full181,empty,8,results/full181_supplement/full181_interface_contacts.csv,L,FR4,0,0,current_original_model_analysis,
Full181,empty,9,results/full181_supplement/full181_interface_contacts.csv,H,CDR1,3,1,current_original_model_analysis,
Full181,empty,9,results/full181_supplement/full181_interface_contacts.csv,H,CDR2,3,1,current_original_model_analysis,
Full181,empty,9,results/full181_supplement/full181_interface_contacts.csv,H,CDR3,6,1,current_original_model_analysis,
Full181,empty,9,results/full181_supplement/full181_interface_contacts.csv,H,FR1,0,0,current_original_model_analysis,
Full181,empty,9,results/full181_supplement/full181_interface_contacts.csv,H,FR2,1,1,current_original_model_analysis,
Full181,empty,9,results/full181_supplement/full181_interface_contacts.csv,H,FR3,1,1,current_original_model_analysis,
Full181,empty,9,results/full181_supplement/full181_interface_contacts.csv,H,FR4,0,0,current_original_model_analysis,
Full181,empty,9,results/full181_supplement/full181_interface_contacts.csv,L,CDR1,5,1,current_original_model_analysis,
Full181,empty,9,results/full181_supplement/full181_interface_contacts.csv,L,CDR2,1,1,current_original_model_analysis,
Full181,empty,9,results/full181_supplement/full181_interface_contacts.csv,L,CDR3,5,1,current_original_model_analysis,
Full181,empty,9,results/full181_supplement/full181_interface_contacts.csv,L,FR1,1,1,current_original_model_analysis,
Full181,empty,9,results/full181_supplement/full181_interface_contacts.csv,L,FR2,0,0,current_original_model_analysis,
Full181,empty,9,results/full181_supplement/full181_interface_contacts.csv,L,FR3,1,1,current_original_model_analysis,
Full181,empty,9,results/full181_supplement/full181_interface_contacts.csv,L,FR4,0,0,current_original_model_analysis,
Full181,empty,10,results/full181_supplement/full181_interface_contacts.csv,H,CDR1,5,1,current_original_model_analysis,
Full181,empty,10,results/full181_supplement/full181_interface_contacts.csv,H,CDR2,3,1,current_original_model_analysis,
Full181,empty,10,results/full181_supplement/full181_interface_contacts.csv,H,CDR3,6,1,current_original_model_analysis,
Full181,empty,10,results/full181_supplement/full181_interface_contacts.csv,H,FR1,0,0,current_original_model_analysis,
Full181,empty,10,results/full181_supplement/full181_interface_contacts.csv,H,FR2,1,1,current_original_model_analysis,
Full181,empty,10,results/full181_supplement/full181_interface_contacts.csv,H,FR3,1,1,current_original_model_analysis,
Full181,empty,10,results/full181_supplement/full181_interface_contacts.csv,H,FR4,0,0,current_original_model_analysis,
Full181,empty,10,results/full181_supplement/full181_interface_contacts.csv,L,CDR1,4,1,current_original_model_analysis,
Full181,empty,10,results/full181_supplement/full181_interface_contacts.csv,L,CDR2,1,1,current_original_model_analysis,
Full181,empty,10,results/full181_supplement/full181_interface_contacts.csv,L,CDR3,5,1,current_original_model_analysis,
Full181,empty,10,results/full181_supplement/full181_interface_contacts.csv,L,FR1,0,0,current_original_model_analysis,
Full181,empty,10,results/full181_supplement/full181_interface_contacts.csv,L,FR2,0,0,current_original_model_analysis,
Full181,empty,10,results/full181_supplement/full181_interface_contacts.csv,L,FR3,2,1,current_original_model_analysis,
Full181,empty,10,results/full181_supplement/full181_interface_contacts.csv,L,FR4,0,0,current_original_model_analysis,
Full181,empty,11,results/full181_supplement/full181_interface_contacts.csv,H,CDR1,4,1,current_original_model_analysis,
Full181,empty,11,results/full181_supplement/full181_interface_contacts.csv,H,CDR2,5,1,current_original_model_analysis,
Full181,empty,11,results/full181_supplement/full181_interface_contacts.csv,H,CDR3,6,1,current_original_model_analysis,
Full181,empty,11,results/full181_supplement/full181_interface_contacts.csv,H,FR1,0,0,current_original_model_analysis,
Full181,empty,11,results/full181_supplement/full181_interface_contacts.csv,H,FR2,2,1,current_original_model_analysis,
Full181,empty,11,results/full181_supplement/full181_interface_contacts.csv,H,FR3,2,1,current_original_model_analysis,
Full181,empty,11,results/full181_supplement/full181_interface_contacts.csv,H,FR4,0,0,current_original_model_analysis,
Full181,empty,11,results/full181_supplement/full181_interface_contacts.csv,L,CDR1,6,1,current_original_model_analysis,
Full181,empty,11,results/full181_supplement/full181_interface_contacts.csv,L,CDR2,1,1,current_original_model_analysis,
Full181,empty,11,results/full181_supplement/full181_interface_contacts.csv,L,CDR3,5,1,current_original_model_analysis,
Full181,empty,11,results/full181_supplement/full181_interface_contacts.csv,L,FR1,0,0,current_original_model_analysis,
Full181,empty,11,results/full181_supplement/full181_interface_contacts.csv,L,FR2,0,0,current_original_model_analysis,
Full181,empty,11,results/full181_supplement/full181_interface_contacts.csv,L,FR3,1,1,current_original_model_analysis,
Full181,empty,11,results/full181_supplement/full181_interface_contacts.csv,L,FR4,0,0,current_original_model_analysis,
Full181,empty,12,results/full181_supplement/full181_interface_contacts.csv,H,CDR1,4,1,current_original_model_analysis,
Full181,empty,12,results/full181_supplement/full181_interface_contacts.csv,H,CDR2,4,1,current_original_model_analysis,
Full181,empty,12,results/full181_supplement/full181_interface_contacts.csv,H,CDR3,5,1,current_original_model_analysis,
Full181,empty,12,results/full181_supplement/full181_interface_contacts.csv,H,FR1,0,0,current_original_model_analysis,
Full181,empty,12,results/full181_supplement/full181_interface_contacts.csv,H,FR2,1,1,current_original_model_analysis,
Full181,empty,12,results/full181_supplement/full181_interface_contacts.csv,H,FR3,0,0,current_original_model_analysis,
Full181,empty,12,results/full181_supplement/full181_interface_contacts.csv,H,FR4,0,0,current_original_model_analysis,
Full181,empty,12,results/full181_supplement/full181_interface_contacts.csv,L,CDR1,2,1,current_original_model_analysis,
Full181,empty,12,results/full181_supplement/full181_interface_contacts.csv,L,CDR2,1,1,current_original_model_analysis,
Full181,empty,12,results/full181_supplement/full181_interface_contacts.csv,L,CDR3,5,1,current_original_model_analysis,
Full181,empty,12,results/full181_supplement/full181_interface_contacts.csv,L,FR1,0,0,current_original_model_analysis,
Full181,empty,12,results/full181_supplement/full181_interface_contacts.csv,L,FR2,1,1,current_original_model_analysis,
Full181,empty,12,results/full181_supplement/full181_interface_contacts.csv,L,FR3,1,1,current_original_model_analysis,
Full181,empty,12,results/full181_supplement/full181_interface_contacts.csv,L,FR4,0,0,current_original_model_analysis,
Full181,empty,13,results/full181_supplement/full181_interface_contacts.csv,H,CDR1,3,1,current_original_model_analysis,
Full181,empty,13,results/full181_supplement/full181_interface_contacts.csv,H,CDR2,4,1,current_original_model_analysis,
Full181,empty,13,results/full181_supplement/full181_interface_contacts.csv,H,CDR3,6,1,current_original_model_analysis,
Full181,empty,13,results/full181_supplement/full181_interface_contacts.csv,H,FR1,0,0,current_original_model_analysis,
Full181,empty,13,results/full181_supplement/full181_interface_contacts.csv,H,FR2,1,1,current_original_model_analysis,
Full181,empty,13,results/full181_supplement/full181_interface_contacts.csv,H,FR3,1,1,current_original_model_analysis,
Full181,empty,13,results/full181_supplement/full181_interface_contacts.csv,H,FR4,0,0,current_original_model_analysis,
Full181,empty,13,results/full181_supplement/full181_interface_contacts.csv,L,CDR1,4,1,current_original_model_analysis,
Full181,empty,13,results/full181_supplement/full181_interface_contacts.csv,L,CDR2,1,1,current_original_model_analysis,
Full181,empty,13,results/full181_supplement/full181_interface_contacts.csv,L,CDR3,5,1,current_original_model_analysis,
Full181,empty,13,results/full181_supplement/full181_interface_contacts.csv,L,FR1,0,0,current_original_model_analysis,
Full181,empty,13,results/full181_supplement/full181_interface_contacts.csv,L,FR2,1,1,current_original_model_analysis,
Full181,empty,13,results/full181_supplement/full181_interface_contacts.csv,L,FR3,1,1,current_original_model_analysis,
Full181,empty,13,results/full181_supplement/full181_interface_contacts.csv,L,FR4,0,0,current_original_model_analysis,
Full181,empty,14,results/full181_supplement/full181_interface_contacts.csv,H,CDR1,3,1,current_original_model_analysis,
Full181,empty,14,results/full181_supplement/full181_interface_contacts.csv,H,CDR2,5,1,current_original_model_analysis,
Full181,empty,14,results/full181_supplement/full181_interface_contacts.csv,H,CDR3,5,1,current_original_model_analysis,
Full181,empty,14,results/full181_supplement/full181_interface_contacts.csv,H,FR1,0,0,current_original_model_analysis,
Full181,empty,14,results/full181_supplement/full181_interface_contacts.csv,H,FR2,1,1,current_original_model_analysis,
Full181,empty,14,results/full181_supplement/full181_interface_contacts.csv,H,FR3,0,0,current_original_model_analysis,
Full181,empty,14,results/full181_supplement/full181_interface_contacts.csv,H,FR4,0,0,current_original_model_analysis,
Full181,empty,14,results/full181_supplement/full181_interface_contacts.csv,L,CDR1,5,1,current_original_model_analysis,
Full181,empty,14,results/full181_supplement/full181_interface_contacts.csv,L,CDR2,1,1,current_original_model_analysis,
Full181,empty,14,results/full181_supplement/full181_interface_contacts.csv,L,CDR3,4,1,current_original_model_analysis,
Full181,empty,14,results/full181_supplement/full181_interface_contacts.csv,L,FR1,0,0,current_original_model_analysis,
Full181,empty,14,results/full181_supplement/full181_interface_contacts.csv,L,FR2,0,0,current_original_model_analysis,
Full181,empty,14,results/full181_supplement/full181_interface_contacts.csv,L,FR3,1,1,current_original_model_analysis,
Full181,empty,14,results/full181_supplement/full181_interface_contacts.csv,L,FR4,0,0,current_original_model_analysis,
Full181,empty,15,results/full181_supplement/full181_interface_contacts.csv,H,CDR1,1,1,current_original_model_analysis,
Full181,empty,15,results/full181_supplement/full181_interface_contacts.csv,H,CDR2,5,1,current_original_model_analysis,
Full181,empty,15,results/full181_supplement/full181_interface_contacts.csv,H,CDR3,7,1,current_original_model_analysis,
Full181,empty,15,results/full181_supplement/full181_interface_contacts.csv,H,FR1,0,0,current_original_model_analysis,
Full181,empty,15,results/full181_supplement/full181_interface_contacts.csv,H,FR2,1,1,current_original_model_analysis,
Full181,empty,15,results/full181_supplement/full181_interface_contacts.csv,H,FR3,0,0,current_original_model_analysis,
Full181,empty,15,results/full181_supplement/full181_interface_contacts.csv,H,FR4,0,0,current_original_model_analysis,
Full181,empty,15,results/full181_supplement/full181_interface_contacts.csv,L,CDR1,4,1,current_original_model_analysis,
Full181,empty,15,results/full181_supplement/full181_interface_contacts.csv,L,CDR2,1,1,current_original_model_analysis,
Full181,empty,15,results/full181_supplement/full181_interface_contacts.csv,L,CDR3,5,1,current_original_model_analysis,
Full181,empty,15,results/full181_supplement/full181_interface_contacts.csv,L,FR1,0,0,current_original_model_analysis,
Full181,empty,15,results/full181_supplement/full181_interface_contacts.csv,L,FR2,1,1,current_original_model_analysis,
Full181,empty,15,results/full181_supplement/full181_interface_contacts.csv,L,FR3,1,1,current_original_model_analysis,
Full181,empty,15,results/full181_supplement/full181_interface_contacts.csv,L,FR4,0,0,current_original_model_analysis,
Full181,formal_msa,1,results/full181_supplement/full181_interface_contacts.csv,H,CDR1,5,1,current_original_model_analysis,
Full181,formal_msa,1,results/full181_supplement/full181_interface_contacts.csv,H,CDR2,5,1,current_original_model_analysis,
Full181,formal_msa,1,results/full181_supplement/full181_interface_contacts.csv,H,CDR3,6,1,current_original_model_analysis,
Full181,formal_msa,1,results/full181_supplement/full181_interface_contacts.csv,H,FR1,0,0,current_original_model_analysis,
Full181,formal_msa,1,results/full181_supplement/full181_interface_contacts.csv,H,FR2,1,1,current_original_model_analysis,
Full181,formal_msa,1,results/full181_supplement/full181_interface_contacts.csv,H,FR3,1,1,current_original_model_analysis,
Full181,formal_msa,1,results/full181_supplement/full181_interface_contacts.csv,H,FR4,0,0,current_original_model_analysis,
Full181,formal_msa,1,results/full181_supplement/full181_interface_contacts.csv,L,CDR1,2,1,current_original_model_analysis,
Full181,formal_msa,1,results/full181_supplement/full181_interface_contacts.csv,L,CDR2,1,1,current_original_model_analysis,
Full181,formal_msa,1,results/full181_supplement/full181_interface_contacts.csv,L,CDR3,5,1,current_original_model_analysis,
Full181,formal_msa,1,results/full181_supplement/full181_interface_contacts.csv,L,FR1,0,0,current_original_model_analysis,
Full181,formal_msa,1,results/full181_supplement/full181_interface_contacts.csv,L,FR2,0,0,current_original_model_analysis,
Full181,formal_msa,1,results/full181_supplement/full181_interface_contacts.csv,L,FR3,1,1,current_original_model_analysis,
Full181,formal_msa,1,results/full181_supplement/full181_interface_contacts.csv,L,FR4,0,0,current_original_model_analysis,
Full181,formal_msa,2,results/full181_supplement/full181_interface_contacts.csv,H,CDR1,3,1,current_original_model_analysis,
Full181,formal_msa,2,results/full181_supplement/full181_interface_contacts.csv,H,CDR2,2,1,current_original_model_analysis,
Full181,formal_msa,2,results/full181_supplement/full181_interface_contacts.csv,H,CDR3,4,1,current_original_model_analysis,
Full181,formal_msa,2,results/full181_supplement/full181_interface_contacts.csv,H,FR1,0,0,current_original_model_analysis,
Full181,formal_msa,2,results/full181_supplement/full181_interface_contacts.csv,H,FR2,1,1,current_original_model_analysis,
Full181,formal_msa,2,results/full181_supplement/full181_interface_contacts.csv,H,FR3,2,1,current_original_model_analysis,
Full181,formal_msa,2,results/full181_supplement/full181_interface_contacts.csv,H,FR4,0,0,current_original_model_analysis,
Full181,formal_msa,2,results/full181_supplement/full181_interface_contacts.csv,L,CDR1,0,0,current_original_model_analysis,
Full181,formal_msa,2,results/full181_supplement/full181_interface_contacts.csv,L,CDR2,0,0,current_original_model_analysis,
Full181,formal_msa,2,results/full181_supplement/full181_interface_contacts.csv,L,CDR3,5,1,current_original_model_analysis,
Full181,formal_msa,2,results/full181_supplement/full181_interface_contacts.csv,L,FR1,0,0,current_original_model_analysis,
Full181,formal_msa,2,results/full181_supplement/full181_interface_contacts.csv,L,FR2,0,0,current_original_model_analysis,
Full181,formal_msa,2,results/full181_supplement/full181_interface_contacts.csv,L,FR3,0,0,current_original_model_analysis,
Full181,formal_msa,2,results/full181_supplement/full181_interface_contacts.csv,L,FR4,0,0,current_original_model_analysis,
Full181,formal_msa,3,results/full181_supplement/full181_interface_contacts.csv,H,CDR1,3,1,current_original_model_analysis,
Full181,formal_msa,3,results/full181_supplement/full181_interface_contacts.csv,H,CDR2,4,1,current_original_model_analysis,
Full181,formal_msa,3,results/full181_supplement/full181_interface_contacts.csv,H,CDR3,5,1,current_original_model_analysis,
Full181,formal_msa,3,results/full181_supplement/full181_interface_contacts.csv,H,FR1,0,0,current_original_model_analysis,
Full181,formal_msa,3,results/full181_supplement/full181_interface_contacts.csv,H,FR2,1,1,current_original_model_analysis,
Full181,formal_msa,3,results/full181_supplement/full181_interface_contacts.csv,H,FR3,1,1,current_original_model_analysis,
Full181,formal_msa,3,results/full181_supplement/full181_interface_contacts.csv,H,FR4,0,0,current_original_model_analysis,
Full181,formal_msa,3,results/full181_supplement/full181_interface_contacts.csv,L,CDR1,1,1,current_original_model_analysis,
Full181,formal_msa,3,results/full181_supplement/full181_interface_contacts.csv,L,CDR2,1,1,current_original_model_analysis,
Full181,formal_msa,3,results/full181_supplement/full181_interface_contacts.csv,L,CDR3,5,1,current_original_model_analysis,
Full181,formal_msa,3,results/full181_supplement/full181_interface_contacts.csv,L,FR1,0,0,current_original_model_analysis,
Full181,formal_msa,3,results/full181_supplement/full181_interface_contacts.csv,L,FR2,0,0,current_original_model_analysis,
Full181,formal_msa,3,results/full181_supplement/full181_interface_contacts.csv,L,FR3,1,1,current_original_model_analysis,
Full181,formal_msa,3,results/full181_supplement/full181_interface_contacts.csv,L,FR4,0,0,current_original_model_analysis,
Full181,formal_msa,4,results/full181_supplement/full181_interface_contacts.csv,H,CDR1,3,1,current_original_model_analysis,
Full181,formal_msa,4,results/full181_supplement/full181_interface_contacts.csv,H,CDR2,5,1,current_original_model_analysis,
Full181,formal_msa,4,results/full181_supplement/full181_interface_contacts.csv,H,CDR3,5,1,current_original_model_analysis,
Full181,formal_msa,4,results/full181_supplement/full181_interface_contacts.csv,H,FR1,0,0,current_original_model_analysis,
Full181,formal_msa,4,results/full181_supplement/full181_interface_contacts.csv,H,FR2,1,1,current_original_model_analysis,
Full181,formal_msa,4,results/full181_supplement/full181_interface_contacts.csv,H,FR3,1,1,current_original_model_analysis,
Full181,formal_msa,4,results/full181_supplement/full181_interface_contacts.csv,H,FR4,0,0,current_original_model_analysis,
Full181,formal_msa,4,results/full181_supplement/full181_interface_contacts.csv,L,CDR1,1,1,current_original_model_analysis,
Full181,formal_msa,4,results/full181_supplement/full181_interface_contacts.csv,L,CDR2,1,1,current_original_model_analysis,
Full181,formal_msa,4,results/full181_supplement/full181_interface_contacts.csv,L,CDR3,3,1,current_original_model_analysis,
Full181,formal_msa,4,results/full181_supplement/full181_interface_contacts.csv,L,FR1,0,0,current_original_model_analysis,
Full181,formal_msa,4,results/full181_supplement/full181_interface_contacts.csv,L,FR2,0,0,current_original_model_analysis,
Full181,formal_msa,4,results/full181_supplement/full181_interface_contacts.csv,L,FR3,1,1,current_original_model_analysis,
Full181,formal_msa,4,results/full181_supplement/full181_interface_contacts.csv,L,FR4,0,0,current_original_model_analysis,
Full181,formal_msa,5,results/full181_supplement/full181_interface_contacts.csv,H,CDR1,4,1,current_original_model_analysis,
Full181,formal_msa,5,results/full181_supplement/full181_interface_contacts.csv,H,CDR2,3,1,current_original_model_analysis,
Full181,formal_msa,5,results/full181_supplement/full181_interface_contacts.csv,H,CDR3,6,1,current_original_model_analysis,
Full181,formal_msa,5,results/full181_supplement/full181_interface_contacts.csv,H,FR1,0,0,current_original_model_analysis,
Full181,formal_msa,5,results/full181_supplement/full181_interface_contacts.csv,H,FR2,1,1,current_original_model_analysis,
Full181,formal_msa,5,results/full181_supplement/full181_interface_contacts.csv,H,FR3,1,1,current_original_model_analysis,
Full181,formal_msa,5,results/full181_supplement/full181_interface_contacts.csv,H,FR4,0,0,current_original_model_analysis,
Full181,formal_msa,5,results/full181_supplement/full181_interface_contacts.csv,L,CDR1,0,0,current_original_model_analysis,
Full181,formal_msa,5,results/full181_supplement/full181_interface_contacts.csv,L,CDR2,1,1,current_original_model_analysis,
Full181,formal_msa,5,results/full181_supplement/full181_interface_contacts.csv,L,CDR3,5,1,current_original_model_analysis,
Full181,formal_msa,5,results/full181_supplement/full181_interface_contacts.csv,L,FR1,0,0,current_original_model_analysis,
Full181,formal_msa,5,results/full181_supplement/full181_interface_contacts.csv,L,FR2,0,0,current_original_model_analysis,
Full181,formal_msa,5,results/full181_supplement/full181_interface_contacts.csv,L,FR3,1,1,current_original_model_analysis,
Full181,formal_msa,5,results/full181_supplement/full181_interface_contacts.csv,L,FR4,0,0,current_original_model_analysis,
Full181,formal_msa,6,results/full181_supplement/full181_interface_contacts.csv,H,CDR1,4,1,current_original_model_analysis,
Full181,formal_msa,6,results/full181_supplement/full181_interface_contacts.csv,H,CDR2,3,1,current_original_model_analysis,
Full181,formal_msa,6,results/full181_supplement/full181_interface_contacts.csv,H,CDR3,7,1,current_original_model_analysis,
Full181,formal_msa,6,results/full181_supplement/full181_interface_contacts.csv,H,FR1,0,0,current_original_model_analysis,
Full181,formal_msa,6,results/full181_supplement/full181_interface_contacts.csv,H,FR2,1,1,current_original_model_analysis,
Full181,formal_msa,6,results/full181_supplement/full181_interface_contacts.csv,H,FR3,1,1,current_original_model_analysis,
Full181,formal_msa,6,results/full181_supplement/full181_interface_contacts.csv,H,FR4,0,0,current_original_model_analysis,
Full181,formal_msa,6,results/full181_supplement/full181_interface_contacts.csv,L,CDR1,0,0,current_original_model_analysis,
Full181,formal_msa,6,results/full181_supplement/full181_interface_contacts.csv,L,CDR2,0,0,current_original_model_analysis,
Full181,formal_msa,6,results/full181_supplement/full181_interface_contacts.csv,L,CDR3,5,1,current_original_model_analysis,
Full181,formal_msa,6,results/full181_supplement/full181_interface_contacts.csv,L,FR1,0,0,current_original_model_analysis,
Full181,formal_msa,6,results/full181_supplement/full181_interface_contacts.csv,L,FR2,0,0,current_original_model_analysis,
Full181,formal_msa,6,results/full181_supplement/full181_interface_contacts.csv,L,FR3,1,1,current_original_model_analysis,
Full181,formal_msa,6,results/full181_supplement/full181_interface_contacts.csv,L,FR4,0,0,current_original_model_analysis,
Full181,formal_msa,7,results/full181_supplement/full181_interface_contacts.csv,H,CDR1,3,1,current_original_model_analysis,
Full181,formal_msa,7,results/full181_supplement/full181_interface_contacts.csv,H,CDR2,1,1,current_original_model_analysis,
Full181,formal_msa,7,results/full181_supplement/full181_interface_contacts.csv,H,CDR3,7,1,current_original_model_analysis,
Full181,formal_msa,7,results/full181_supplement/full181_interface_contacts.csv,H,FR1,0,0,current_original_model_analysis,
Full181,formal_msa,7,results/full181_supplement/full181_interface_contacts.csv,H,FR2,1,1,current_original_model_analysis,
Full181,formal_msa,7,results/full181_supplement/full181_interface_contacts.csv,H,FR3,3,1,current_original_model_analysis,
Full181,formal_msa,7,results/full181_supplement/full181_interface_contacts.csv,H,FR4,0,0,current_original_model_analysis,
Full181,formal_msa,7,results/full181_supplement/full181_interface_contacts.csv,L,CDR1,0,0,current_original_model_analysis,
Full181,formal_msa,7,results/full181_supplement/full181_interface_contacts.csv,L,CDR2,0,0,current_original_model_analysis,
Full181,formal_msa,7,results/full181_supplement/full181_interface_contacts.csv,L,CDR3,5,1,current_original_model_analysis,
Full181,formal_msa,7,results/full181_supplement/full181_interface_contacts.csv,L,FR1,0,0,current_original_model_analysis,
Full181,formal_msa,7,results/full181_supplement/full181_interface_contacts.csv,L,FR2,0,0,current_original_model_analysis,
Full181,formal_msa,7,results/full181_supplement/full181_interface_contacts.csv,L,FR3,0,0,current_original_model_analysis,
Full181,formal_msa,7,results/full181_supplement/full181_interface_contacts.csv,L,FR4,0,0,current_original_model_analysis,
Full181,formal_msa,8,results/full181_supplement/full181_interface_contacts.csv,H,CDR1,5,1,current_original_model_analysis,
Full181,formal_msa,8,results/full181_supplement/full181_interface_contacts.csv,H,CDR2,5,1,current_original_model_analysis,
Full181,formal_msa,8,results/full181_supplement/full181_interface_contacts.csv,H,CDR3,5,1,current_original_model_analysis,
Full181,formal_msa,8,results/full181_supplement/full181_interface_contacts.csv,H,FR1,0,0,current_original_model_analysis,
Full181,formal_msa,8,results/full181_supplement/full181_interface_contacts.csv,H,FR2,1,1,current_original_model_analysis,
Full181,formal_msa,8,results/full181_supplement/full181_interface_contacts.csv,H,FR3,2,1,current_original_model_analysis,
Full181,formal_msa,8,results/full181_supplement/full181_interface_contacts.csv,H,FR4,0,0,current_original_model_analysis,
Full181,formal_msa,8,results/full181_supplement/full181_interface_contacts.csv,L,CDR1,4,1,current_original_model_analysis,
Full181,formal_msa,8,results/full181_supplement/full181_interface_contacts.csv,L,CDR2,1,1,current_original_model_analysis,
Full181,formal_msa,8,results/full181_supplement/full181_interface_contacts.csv,L,CDR3,5,1,current_original_model_analysis,
Full181,formal_msa,8,results/full181_supplement/full181_interface_contacts.csv,L,FR1,0,0,current_original_model_analysis,
Full181,formal_msa,8,results/full181_supplement/full181_interface_contacts.csv,L,FR2,0,0,current_original_model_analysis,
Full181,formal_msa,8,results/full181_supplement/full181_interface_contacts.csv,L,FR3,0,0,current_original_model_analysis,
Full181,formal_msa,8,results/full181_supplement/full181_interface_contacts.csv,L,FR4,0,0,current_original_model_analysis,
Full181,formal_msa,9,results/full181_supplement/full181_interface_contacts.csv,H,CDR1,4,1,current_original_model_analysis,
Full181,formal_msa,9,results/full181_supplement/full181_interface_contacts.csv,H,CDR2,4,1,current_original_model_analysis,
Full181,formal_msa,9,results/full181_supplement/full181_interface_contacts.csv,H,CDR3,6,1,current_original_model_analysis,
Full181,formal_msa,9,results/full181_supplement/full181_interface_contacts.csv,H,FR1,0,0,current_original_model_analysis,
Full181,formal_msa,9,results/full181_supplement/full181_interface_contacts.csv,H,FR2,1,1,current_original_model_analysis,
Full181,formal_msa,9,results/full181_supplement/full181_interface_contacts.csv,H,FR3,1,1,current_original_model_analysis,
Full181,formal_msa,9,results/full181_supplement/full181_interface_contacts.csv,H,FR4,0,0,current_original_model_analysis,
Full181,formal_msa,9,results/full181_supplement/full181_interface_contacts.csv,L,CDR1,0,0,current_original_model_analysis,
Full181,formal_msa,9,results/full181_supplement/full181_interface_contacts.csv,L,CDR2,1,1,current_original_model_analysis,
Full181,formal_msa,9,results/full181_supplement/full181_interface_contacts.csv,L,CDR3,5,1,current_original_model_analysis,
Full181,formal_msa,9,results/full181_supplement/full181_interface_contacts.csv,L,FR1,0,0,current_original_model_analysis,
Full181,formal_msa,9,results/full181_supplement/full181_interface_contacts.csv,L,FR2,0,0,current_original_model_analysis,
Full181,formal_msa,9,results/full181_supplement/full181_interface_contacts.csv,L,FR3,1,1,current_original_model_analysis,
Full181,formal_msa,9,results/full181_supplement/full181_interface_contacts.csv,L,FR4,0,0,current_original_model_analysis,
Full181,formal_msa,10,results/full181_supplement/full181_interface_contacts.csv,H,CDR1,3,1,current_original_model_analysis,
Full181,formal_msa,10,results/full181_supplement/full181_interface_contacts.csv,H,CDR2,3,1,current_original_model_analysis,
Full181,formal_msa,10,results/full181_supplement/full181_interface_contacts.csv,H,CDR3,6,1,current_original_model_analysis,
Full181,formal_msa,10,results/full181_supplement/full181_interface_contacts.csv,H,FR1,0,0,current_original_model_analysis,
Full181,formal_msa,10,results/full181_supplement/full181_interface_contacts.csv,H,FR2,1,1,current_original_model_analysis,
Full181,formal_msa,10,results/full181_supplement/full181_interface_contacts.csv,H,FR3,1,1,current_original_model_analysis,
Full181,formal_msa,10,results/full181_supplement/full181_interface_contacts.csv,H,FR4,0,0,current_original_model_analysis,
Full181,formal_msa,10,results/full181_supplement/full181_interface_contacts.csv,L,CDR1,1,1,current_original_model_analysis,
Full181,formal_msa,10,results/full181_supplement/full181_interface_contacts.csv,L,CDR2,0,0,current_original_model_analysis,
Full181,formal_msa,10,results/full181_supplement/full181_interface_contacts.csv,L,CDR3,5,1,current_original_model_analysis,
Full181,formal_msa,10,results/full181_supplement/full181_interface_contacts.csv,L,FR1,0,0,current_original_model_analysis,
Full181,formal_msa,10,results/full181_supplement/full181_interface_contacts.csv,L,FR2,0,0,current_original_model_analysis,
Full181,formal_msa,10,results/full181_supplement/full181_interface_contacts.csv,L,FR3,1,1,current_original_model_analysis,
Full181,formal_msa,10,results/full181_supplement/full181_interface_contacts.csv,L,FR4,0,0,current_original_model_analysis,
Full181,formal_msa,11,results/full181_supplement/full181_interface_contacts.csv,H,CDR1,4,1,current_original_model_analysis,
Full181,formal_msa,11,results/full181_supplement/full181_interface_contacts.csv,H,CDR2,3,1,current_original_model_analysis,
Full181,formal_msa,11,results/full181_supplement/full181_interface_contacts.csv,H,CDR3,6,1,current_original_model_analysis,
Full181,formal_msa,11,results/full181_supplement/full181_interface_contacts.csv,H,FR1,0,0,current_original_model_analysis,
Full181,formal_msa,11,results/full181_supplement/full181_interface_contacts.csv,H,FR2,2,1,current_original_model_analysis,
Full181,formal_msa,11,results/full181_supplement/full181_interface_contacts.csv,H,FR3,2,1,current_original_model_analysis,
Full181,formal_msa,11,results/full181_supplement/full181_interface_contacts.csv,H,FR4,0,0,current_original_model_analysis,
Full181,formal_msa,11,results/full181_supplement/full181_interface_contacts.csv,L,CDR1,0,0,current_original_model_analysis,
Full181,formal_msa,11,results/full181_supplement/full181_interface_contacts.csv,L,CDR2,0,0,current_original_model_analysis,
Full181,formal_msa,11,results/full181_supplement/full181_interface_contacts.csv,L,CDR3,5,1,current_original_model_analysis,
Full181,formal_msa,11,results/full181_supplement/full181_interface_contacts.csv,L,FR1,0,0,current_original_model_analysis,
Full181,formal_msa,11,results/full181_supplement/full181_interface_contacts.csv,L,FR2,0,0,current_original_model_analysis,
Full181,formal_msa,11,results/full181_supplement/full181_interface_contacts.csv,L,FR3,0,0,current_original_model_analysis,
Full181,formal_msa,11,results/full181_supplement/full181_interface_contacts.csv,L,FR4,0,0,current_original_model_analysis,
Full181,formal_msa,12,results/full181_supplement/full181_interface_contacts.csv,H,CDR1,4,1,current_original_model_analysis,
Full181,formal_msa,12,results/full181_supplement/full181_interface_contacts.csv,H,CDR2,6,1,current_original_model_analysis,
Full181,formal_msa,12,results/full181_supplement/full181_interface_contacts.csv,H,CDR3,6,1,current_original_model_analysis,
Full181,formal_msa,12,results/full181_supplement/full181_interface_contacts.csv,H,FR1,0,0,current_original_model_analysis,
Full181,formal_msa,12,results/full181_supplement/full181_interface_contacts.csv,H,FR2,1,1,current_original_model_analysis,
Full181,formal_msa,12,results/full181_supplement/full181_interface_contacts.csv,H,FR3,1,1,current_original_model_analysis,
Full181,formal_msa,12,results/full181_supplement/full181_interface_contacts.csv,H,FR4,0,0,current_original_model_analysis,
Full181,formal_msa,12,results/full181_supplement/full181_interface_contacts.csv,L,CDR1,6,1,current_original_model_analysis,
Full181,formal_msa,12,results/full181_supplement/full181_interface_contacts.csv,L,CDR2,1,1,current_original_model_analysis,
Full181,formal_msa,12,results/full181_supplement/full181_interface_contacts.csv,L,CDR3,5,1,current_original_model_analysis,
Full181,formal_msa,12,results/full181_supplement/full181_interface_contacts.csv,L,FR1,0,0,current_original_model_analysis,
Full181,formal_msa,12,results/full181_supplement/full181_interface_contacts.csv,L,FR2,1,1,current_original_model_analysis,
Full181,formal_msa,12,results/full181_supplement/full181_interface_contacts.csv,L,FR3,1,1,current_original_model_analysis,
Full181,formal_msa,12,results/full181_supplement/full181_interface_contacts.csv,L,FR4,0,0,current_original_model_analysis,
Full181,formal_msa,13,results/full181_supplement/full181_interface_contacts.csv,H,CDR1,4,1,current_original_model_analysis,
Full181,formal_msa,13,results/full181_supplement/full181_interface_contacts.csv,H,CDR2,5,1,current_original_model_analysis,
Full181,formal_msa,13,results/full181_supplement/full181_interface_contacts.csv,H,CDR3,6,1,current_original_model_analysis,
Full181,formal_msa,13,results/full181_supplement/full181_interface_contacts.csv,H,FR1,0,0,current_original_model_analysis,
Full181,formal_msa,13,results/full181_supplement/full181_interface_contacts.csv,H,FR2,2,1,current_original_model_analysis,
Full181,formal_msa,13,results/full181_supplement/full181_interface_contacts.csv,H,FR3,3,1,current_original_model_analysis,
Full181,formal_msa,13,results/full181_supplement/full181_interface_contacts.csv,H,FR4,0,0,current_original_model_analysis,
Full181,formal_msa,13,results/full181_supplement/full181_interface_contacts.csv,L,CDR1,0,0,current_original_model_analysis,
Full181,formal_msa,13,results/full181_supplement/full181_interface_contacts.csv,L,CDR2,0,0,current_original_model_analysis,
Full181,formal_msa,13,results/full181_supplement/full181_interface_contacts.csv,L,CDR3,5,1,current_original_model_analysis,
Full181,formal_msa,13,results/full181_supplement/full181_interface_contacts.csv,L,FR1,0,0,current_original_model_analysis,
Full181,formal_msa,13,results/full181_supplement/full181_interface_contacts.csv,L,FR2,0,0,current_original_model_analysis,
Full181,formal_msa,13,results/full181_supplement/full181_interface_contacts.csv,L,FR3,0,0,current_original_model_analysis,
Full181,formal_msa,13,results/full181_supplement/full181_interface_contacts.csv,L,FR4,0,0,current_original_model_analysis,
Full181,formal_msa,14,results/full181_supplement/full181_interface_contacts.csv,H,CDR1,4,1,current_original_model_analysis,
Full181,formal_msa,14,results/full181_supplement/full181_interface_contacts.csv,H,CDR2,6,1,current_original_model_analysis,
Full181,formal_msa,14,results/full181_supplement/full181_interface_contacts.csv,H,CDR3,5,1,current_original_model_analysis,
Full181,formal_msa,14,results/full181_supplement/full181_interface_contacts.csv,H,FR1,0,0,current_original_model_analysis,
Full181,formal_msa,14,results/full181_supplement/full181_interface_contacts.csv,H,FR2,2,1,current_original_model_analysis,
Full181,formal_msa,14,results/full181_supplement/full181_interface_contacts.csv,H,FR3,4,1,current_original_model_analysis,
Full181,formal_msa,14,results/full181_supplement/full181_interface_contacts.csv,H,FR4,0,0,current_original_model_analysis,
Full181,formal_msa,14,results/full181_supplement/full181_interface_contacts.csv,L,CDR1,0,0,current_original_model_analysis,
Full181,formal_msa,14,results/full181_supplement/full181_interface_contacts.csv,L,CDR2,0,0,current_original_model_analysis,
Full181,formal_msa,14,results/full181_supplement/full181_interface_contacts.csv,L,CDR3,4,1,current_original_model_analysis,
Full181,formal_msa,14,results/full181_supplement/full181_interface_contacts.csv,L,FR1,0,0,current_original_model_analysis,
Full181,formal_msa,14,results/full181_supplement/full181_interface_contacts.csv,L,FR2,0,0,current_original_model_analysis,
Full181,formal_msa,14,results/full181_supplement/full181_interface_contacts.csv,L,FR3,0,0,current_original_model_analysis,
Full181,formal_msa,14,results/full181_supplement/full181_interface_contacts.csv,L,FR4,0,0,current_original_model_analysis,
Full181,formal_msa,15,results/full181_supplement/full181_interface_contacts.csv,H,CDR1,4,1,current_original_model_analysis,
Full181,formal_msa,15,results/full181_supplement/full181_interface_contacts.csv,H,CDR2,5,1,current_original_model_analysis,
Full181,formal_msa,15,results/full181_supplement/full181_interface_contacts.csv,H,CDR3,6,1,current_original_model_analysis,
Full181,formal_msa,15,results/full181_supplement/full181_interface_contacts.csv,H,FR1,0,0,current_original_model_analysis,
Full181,formal_msa,15,results/full181_supplement/full181_interface_contacts.csv,H,FR2,1,1,current_original_model_analysis,
Full181,formal_msa,15,results/full181_supplement/full181_interface_contacts.csv,H,FR3,1,1,current_original_model_analysis,
Full181,formal_msa,15,results/full181_supplement/full181_interface_contacts.csv,H,FR4,0,0,current_original_model_analysis,
Full181,formal_msa,15,results/full181_supplement/full181_interface_contacts.csv,L,CDR1,0,0,current_original_model_analysis,
Full181,formal_msa,15,results/full181_supplement/full181_interface_contacts.csv,L,CDR2,1,1,current_original_model_analysis,
Full181,formal_msa,15,results/full181_supplement/full181_interface_contacts.csv,L,CDR3,4,1,current_original_model_analysis,
Full181,formal_msa,15,results/full181_supplement/full181_interface_contacts.csv,L,FR1,0,0,current_original_model_analysis,
Full181,formal_msa,15,results/full181_supplement/full181_interface_contacts.csv,L,FR2,0,0,current_original_model_analysis,
Full181,formal_msa,15,results/full181_supplement/full181_interface_contacts.csv,L,FR3,1,1,current_original_model_analysis,
Full181,formal_msa,15,results/full181_supplement/full181_interface_contacts.csv,L,FR4,0,0,current_original_model_analysis,
Native155,empty,1,results/13_interface_analysis/formal/interface_contacts.csv,H,CDR1,4,1,saved_per_model_table,
Native155,empty,1,results/13_interface_analysis/formal/interface_contacts.csv,H,CDR2,3,1,saved_per_model_table,
Native155,empty,1,results/13_interface_analysis/formal/interface_contacts.csv,H,CDR3,7,1,saved_per_model_table,
Native155,empty,1,results/13_interface_analysis/formal/interface_contacts.csv,H,FR1,0,0,saved_per_model_table,
Native155,empty,1,results/13_interface_analysis/formal/interface_contacts.csv,H,FR2,1,1,saved_per_model_table,
Native155,empty,1,results/13_interface_analysis/formal/interface_contacts.csv,H,FR3,0,0,saved_per_model_table,
Native155,empty,1,results/13_interface_analysis/formal/interface_contacts.csv,H,FR4,0,0,saved_per_model_table,
Native155,empty,1,results/13_interface_analysis/formal/interface_contacts.csv,L,CDR1,2,1,saved_per_model_table,
Native155,empty,1,results/13_interface_analysis/formal/interface_contacts.csv,L,CDR2,1,1,saved_per_model_table,
Native155,empty,1,results/13_interface_analysis/formal/interface_contacts.csv,L,CDR3,4,1,saved_per_model_table,
Native155,empty,1,results/13_interface_analysis/formal/interface_contacts.csv,L,FR1,0,0,saved_per_model_table,
Native155,empty,1,results/13_interface_analysis/formal/interface_contacts.csv,L,FR2,1,1,saved_per_model_table,
Native155,empty,1,results/13_interface_analysis/formal/interface_contacts.csv,L,FR3,1,1,saved_per_model_table,
Native155,empty,1,results/13_interface_analysis/formal/interface_contacts.csv,L,FR4,0,0,saved_per_model_table,
Native155,empty,2,results/13_interface_analysis/formal/interface_contacts.csv,H,CDR1,3,1,saved_per_model_table,
Native155,empty,2,results/13_interface_analysis/formal/interface_contacts.csv,H,CDR2,4,1,saved_per_model_table,
Native155,empty,2,results/13_interface_analysis/formal/interface_contacts.csv,H,CDR3,6,1,saved_per_model_table,
Native155,empty,2,results/13_interface_analysis/formal/interface_contacts.csv,H,FR1,0,0,saved_per_model_table,
Native155,empty,2,results/13_interface_analysis/formal/interface_contacts.csv,H,FR2,1,1,saved_per_model_table,
Native155,empty,2,results/13_interface_analysis/formal/interface_contacts.csv,H,FR3,1,1,saved_per_model_table,
Native155,empty,2,results/13_interface_analysis/formal/interface_contacts.csv,H,FR4,0,0,saved_per_model_table,
Native155,empty,2,results/13_interface_analysis/formal/interface_contacts.csv,L,CDR1,4,1,saved_per_model_table,
Native155,empty,2,results/13_interface_analysis/formal/interface_contacts.csv,L,CDR2,1,1,saved_per_model_table,
Native155,empty,2,results/13_interface_analysis/formal/interface_contacts.csv,L,CDR3,5,1,saved_per_model_table,
Native155,empty,2,results/13_interface_analysis/formal/interface_contacts.csv,L,FR1,1,1,saved_per_model_table,
Native155,empty,2,results/13_interface_analysis/formal/interface_contacts.csv,L,FR2,1,1,saved_per_model_table,
Native155,empty,2,results/13_interface_analysis/formal/interface_contacts.csv,L,FR3,1,1,saved_per_model_table,
Native155,empty,2,results/13_interface_analysis/formal/interface_contacts.csv,L,FR4,0,0,saved_per_model_table,
Native155,empty,3,results/13_interface_analysis/formal/interface_contacts.csv,H,CDR1,3,1,saved_per_model_table,
Native155,empty,3,results/13_interface_analysis/formal/interface_contacts.csv,H,CDR2,6,1,saved_per_model_table,
Native155,empty,3,results/13_interface_analysis/formal/interface_contacts.csv,H,CDR3,5,1,saved_per_model_table,
Native155,empty,3,results/13_interface_analysis/formal/interface_contacts.csv,H,FR1,0,0,saved_per_model_table,
Native155,empty,3,results/13_interface_analysis/formal/interface_contacts.csv,H,FR2,1,1,saved_per_model_table,
Native155,empty,3,results/13_interface_analysis/formal/interface_contacts.csv,H,FR3,4,1,saved_per_model_table,
Native155,empty,3,results/13_interface_analysis/formal/interface_contacts.csv,H,FR4,0,0,saved_per_model_table,
Native155,empty,3,results/13_interface_analysis/formal/interface_contacts.csv,L,CDR1,3,1,saved_per_model_table,
Native155,empty,3,results/13_interface_analysis/formal/interface_contacts.csv,L,CDR2,2,1,saved_per_model_table,
Native155,empty,3,results/13_interface_analysis/formal/interface_contacts.csv,L,CDR3,5,1,saved_per_model_table,
Native155,empty,3,results/13_interface_analysis/formal/interface_contacts.csv,L,FR1,0,0,saved_per_model_table,
Native155,empty,3,results/13_interface_analysis/formal/interface_contacts.csv,L,FR2,1,1,saved_per_model_table,
Native155,empty,3,results/13_interface_analysis/formal/interface_contacts.csv,L,FR3,2,1,saved_per_model_table,
Native155,empty,3,results/13_interface_analysis/formal/interface_contacts.csv,L,FR4,0,0,saved_per_model_table,
Native155,empty,4,results/13_interface_analysis/formal/interface_contacts.csv,H,CDR1,4,1,saved_per_model_table,
Native155,empty,4,results/13_interface_analysis/formal/interface_contacts.csv,H,CDR2,4,1,saved_per_model_table,
Native155,empty,4,results/13_interface_analysis/formal/interface_contacts.csv,H,CDR3,5,1,saved_per_model_table,
Native155,empty,4,results/13_interface_analysis/formal/interface_contacts.csv,H,FR1,0,0,saved_per_model_table,
Native155,empty,4,results/13_interface_analysis/formal/interface_contacts.csv,H,FR2,1,1,saved_per_model_table,
Native155,empty,4,results/13_interface_analysis/formal/interface_contacts.csv,H,FR3,0,0,saved_per_model_table,
Native155,empty,4,results/13_interface_analysis/formal/interface_contacts.csv,H,FR4,0,0,saved_per_model_table,
Native155,empty,4,results/13_interface_analysis/formal/interface_contacts.csv,L,CDR1,5,1,saved_per_model_table,
Native155,empty,4,results/13_interface_analysis/formal/interface_contacts.csv,L,CDR2,1,1,saved_per_model_table,
Native155,empty,4,results/13_interface_analysis/formal/interface_contacts.csv,L,CDR3,5,1,saved_per_model_table,
Native155,empty,4,results/13_interface_analysis/formal/interface_contacts.csv,L,FR1,0,0,saved_per_model_table,
Native155,empty,4,results/13_interface_analysis/formal/interface_contacts.csv,L,FR2,0,0,saved_per_model_table,
Native155,empty,4,results/13_interface_analysis/formal/interface_contacts.csv,L,FR3,3,1,saved_per_model_table,
Native155,empty,4,results/13_interface_analysis/formal/interface_contacts.csv,L,FR4,0,0,saved_per_model_table,
Native155,empty,5,results/13_interface_analysis/formal/interface_contacts.csv,H,CDR1,3,1,saved_per_model_table,
Native155,empty,5,results/13_interface_analysis/formal/interface_contacts.csv,H,CDR2,4,1,saved_per_model_table,
Native155,empty,5,results/13_interface_analysis/formal/interface_contacts.csv,H,CDR3,6,1,saved_per_model_table,
Native155,empty,5,results/13_interface_analysis/formal/interface_contacts.csv,H,FR1,0,0,saved_per_model_table,
Native155,empty,5,results/13_interface_analysis/formal/interface_contacts.csv,H,FR2,1,1,saved_per_model_table,
Native155,empty,5,results/13_interface_analysis/formal/interface_contacts.csv,H,FR3,0,0,saved_per_model_table,
Native155,empty,5,results/13_interface_analysis/formal/interface_contacts.csv,H,FR4,0,0,saved_per_model_table,
Native155,empty,5,results/13_interface_analysis/formal/interface_contacts.csv,L,CDR1,4,1,saved_per_model_table,
Native155,empty,5,results/13_interface_analysis/formal/interface_contacts.csv,L,CDR2,1,1,saved_per_model_table,
Native155,empty,5,results/13_interface_analysis/formal/interface_contacts.csv,L,CDR3,5,1,saved_per_model_table,
Native155,empty,5,results/13_interface_analysis/formal/interface_contacts.csv,L,FR1,0,0,saved_per_model_table,
Native155,empty,5,results/13_interface_analysis/formal/interface_contacts.csv,L,FR2,0,0,saved_per_model_table,
Native155,empty,5,results/13_interface_analysis/formal/interface_contacts.csv,L,FR3,2,1,saved_per_model_table,
Native155,empty,5,results/13_interface_analysis/formal/interface_contacts.csv,L,FR4,0,0,saved_per_model_table,
Native155,empty,6,results/13_interface_analysis/formal/interface_contacts.csv,H,CDR1,3,1,saved_per_model_table,
Native155,empty,6,results/13_interface_analysis/formal/interface_contacts.csv,H,CDR2,4,1,saved_per_model_table,
Native155,empty,6,results/13_interface_analysis/formal/interface_contacts.csv,H,CDR3,5,1,saved_per_model_table,
Native155,empty,6,results/13_interface_analysis/formal/interface_contacts.csv,H,FR1,0,0,saved_per_model_table,
Native155,empty,6,results/13_interface_analysis/formal/interface_contacts.csv,H,FR2,1,1,saved_per_model_table,
Native155,empty,6,results/13_interface_analysis/formal/interface_contacts.csv,H,FR3,1,1,saved_per_model_table,
Native155,empty,6,results/13_interface_analysis/formal/interface_contacts.csv,H,FR4,0,0,saved_per_model_table,
Native155,empty,6,results/13_interface_analysis/formal/interface_contacts.csv,L,CDR1,5,1,saved_per_model_table,
Native155,empty,6,results/13_interface_analysis/formal/interface_contacts.csv,L,CDR2,1,1,saved_per_model_table,
Native155,empty,6,results/13_interface_analysis/formal/interface_contacts.csv,L,CDR3,5,1,saved_per_model_table,
Native155,empty,6,results/13_interface_analysis/formal/interface_contacts.csv,L,FR1,0,0,saved_per_model_table,
Native155,empty,6,results/13_interface_analysis/formal/interface_contacts.csv,L,FR2,1,1,saved_per_model_table,
Native155,empty,6,results/13_interface_analysis/formal/interface_contacts.csv,L,FR3,1,1,saved_per_model_table,
Native155,empty,6,results/13_interface_analysis/formal/interface_contacts.csv,L,FR4,0,0,saved_per_model_table,
Native155,empty,7,results/13_interface_analysis/formal/interface_contacts.csv,H,CDR1,4,1,saved_per_model_table,
Native155,empty,7,results/13_interface_analysis/formal/interface_contacts.csv,H,CDR2,4,1,saved_per_model_table,
Native155,empty,7,results/13_interface_analysis/formal/interface_contacts.csv,H,CDR3,6,1,saved_per_model_table,
Native155,empty,7,results/13_interface_analysis/formal/interface_contacts.csv,H,FR1,0,0,saved_per_model_table,
Native155,empty,7,results/13_interface_analysis/formal/interface_contacts.csv,H,FR2,0,0,saved_per_model_table,
Native155,empty,7,results/13_interface_analysis/formal/interface_contacts.csv,H,FR3,1,1,saved_per_model_table,
Native155,empty,7,results/13_interface_analysis/formal/interface_contacts.csv,H,FR4,0,0,saved_per_model_table,
Native155,empty,7,results/13_interface_analysis/formal/interface_contacts.csv,L,CDR1,3,1,saved_per_model_table,
Native155,empty,7,results/13_interface_analysis/formal/interface_contacts.csv,L,CDR2,1,1,saved_per_model_table,
Native155,empty,7,results/13_interface_analysis/formal/interface_contacts.csv,L,CDR3,5,1,saved_per_model_table,
Native155,empty,7,results/13_interface_analysis/formal/interface_contacts.csv,L,FR1,0,0,saved_per_model_table,
Native155,empty,7,results/13_interface_analysis/formal/interface_contacts.csv,L,FR2,1,1,saved_per_model_table,
Native155,empty,7,results/13_interface_analysis/formal/interface_contacts.csv,L,FR3,1,1,saved_per_model_table,
Native155,empty,7,results/13_interface_analysis/formal/interface_contacts.csv,L,FR4,0,0,saved_per_model_table,
Native155,empty,8,results/13_interface_analysis/formal/interface_contacts.csv,H,CDR1,4,1,saved_per_model_table,
Native155,empty,8,results/13_interface_analysis/formal/interface_contacts.csv,H,CDR2,3,1,saved_per_model_table,
Native155,empty,8,results/13_interface_analysis/formal/interface_contacts.csv,H,CDR3,6,1,saved_per_model_table,
Native155,empty,8,results/13_interface_analysis/formal/interface_contacts.csv,H,FR1,0,0,saved_per_model_table,
Native155,empty,8,results/13_interface_analysis/formal/interface_contacts.csv,H,FR2,1,1,saved_per_model_table,
Native155,empty,8,results/13_interface_analysis/formal/interface_contacts.csv,H,FR3,1,1,saved_per_model_table,
Native155,empty,8,results/13_interface_analysis/formal/interface_contacts.csv,H,FR4,0,0,saved_per_model_table,
Native155,empty,8,results/13_interface_analysis/formal/interface_contacts.csv,L,CDR1,1,1,saved_per_model_table,
Native155,empty,8,results/13_interface_analysis/formal/interface_contacts.csv,L,CDR2,1,1,saved_per_model_table,
Native155,empty,8,results/13_interface_analysis/formal/interface_contacts.csv,L,CDR3,5,1,saved_per_model_table,
Native155,empty,8,results/13_interface_analysis/formal/interface_contacts.csv,L,FR1,0,0,saved_per_model_table,
Native155,empty,8,results/13_interface_analysis/formal/interface_contacts.csv,L,FR2,0,0,saved_per_model_table,
Native155,empty,8,results/13_interface_analysis/formal/interface_contacts.csv,L,FR3,1,1,saved_per_model_table,
Native155,empty,8,results/13_interface_analysis/formal/interface_contacts.csv,L,FR4,0,0,saved_per_model_table,
Native155,empty,9,results/13_interface_analysis/formal/interface_contacts.csv,H,CDR1,3,1,saved_per_model_table,
Native155,empty,9,results/13_interface_analysis/formal/interface_contacts.csv,H,CDR2,4,1,saved_per_model_table,
Native155,empty,9,results/13_interface_analysis/formal/interface_contacts.csv,H,CDR3,5,1,saved_per_model_table,
Native155,empty,9,results/13_interface_analysis/formal/interface_contacts.csv,H,FR1,0,0,saved_per_model_table,
Native155,empty,9,results/13_interface_analysis/formal/interface_contacts.csv,H,FR2,1,1,saved_per_model_table,
Native155,empty,9,results/13_interface_analysis/formal/interface_contacts.csv,H,FR3,0,0,saved_per_model_table,
Native155,empty,9,results/13_interface_analysis/formal/interface_contacts.csv,H,FR4,0,0,saved_per_model_table,
Native155,empty,9,results/13_interface_analysis/formal/interface_contacts.csv,L,CDR1,5,1,saved_per_model_table,
Native155,empty,9,results/13_interface_analysis/formal/interface_contacts.csv,L,CDR2,1,1,saved_per_model_table,
Native155,empty,9,results/13_interface_analysis/formal/interface_contacts.csv,L,CDR3,5,1,saved_per_model_table,
Native155,empty,9,results/13_interface_analysis/formal/interface_contacts.csv,L,FR1,0,0,saved_per_model_table,
Native155,empty,9,results/13_interface_analysis/formal/interface_contacts.csv,L,FR2,0,0,saved_per_model_table,
Native155,empty,9,results/13_interface_analysis/formal/interface_contacts.csv,L,FR3,2,1,saved_per_model_table,
Native155,empty,9,results/13_interface_analysis/formal/interface_contacts.csv,L,FR4,0,0,saved_per_model_table,
Native155,empty,10,results/13_interface_analysis/formal/interface_contacts.csv,H,CDR1,3,1,saved_per_model_table,
Native155,empty,10,results/13_interface_analysis/formal/interface_contacts.csv,H,CDR2,4,1,saved_per_model_table,
Native155,empty,10,results/13_interface_analysis/formal/interface_contacts.csv,H,CDR3,6,1,saved_per_model_table,
Native155,empty,10,results/13_interface_analysis/formal/interface_contacts.csv,H,FR1,0,0,saved_per_model_table,
Native155,empty,10,results/13_interface_analysis/formal/interface_contacts.csv,H,FR2,1,1,saved_per_model_table,
Native155,empty,10,results/13_interface_analysis/formal/interface_contacts.csv,H,FR3,1,1,saved_per_model_table,
Native155,empty,10,results/13_interface_analysis/formal/interface_contacts.csv,H,FR4,0,0,saved_per_model_table,
Native155,empty,10,results/13_interface_analysis/formal/interface_contacts.csv,L,CDR1,2,1,saved_per_model_table,
Native155,empty,10,results/13_interface_analysis/formal/interface_contacts.csv,L,CDR2,2,1,saved_per_model_table,
Native155,empty,10,results/13_interface_analysis/formal/interface_contacts.csv,L,CDR3,5,1,saved_per_model_table,
Native155,empty,10,results/13_interface_analysis/formal/interface_contacts.csv,L,FR1,0,0,saved_per_model_table,
Native155,empty,10,results/13_interface_analysis/formal/interface_contacts.csv,L,FR2,0,0,saved_per_model_table,
Native155,empty,10,results/13_interface_analysis/formal/interface_contacts.csv,L,FR3,3,1,saved_per_model_table,
Native155,empty,10,results/13_interface_analysis/formal/interface_contacts.csv,L,FR4,0,0,saved_per_model_table,
Native155,empty,11,results/13_interface_analysis/formal/interface_contacts.csv,H,CDR1,5,1,saved_per_model_table,
Native155,empty,11,results/13_interface_analysis/formal/interface_contacts.csv,H,CDR2,4,1,saved_per_model_table,
Native155,empty,11,results/13_interface_analysis/formal/interface_contacts.csv,H,CDR3,6,1,saved_per_model_table,
Native155,empty,11,results/13_interface_analysis/formal/interface_contacts.csv,H,FR1,0,0,saved_per_model_table,
Native155,empty,11,results/13_interface_analysis/formal/interface_contacts.csv,H,FR2,0,0,saved_per_model_table,
Native155,empty,11,results/13_interface_analysis/formal/interface_contacts.csv,H,FR3,1,1,saved_per_model_table,
Native155,empty,11,results/13_interface_analysis/formal/interface_contacts.csv,H,FR4,0,0,saved_per_model_table,
Native155,empty,11,results/13_interface_analysis/formal/interface_contacts.csv,L,CDR1,5,1,saved_per_model_table,
Native155,empty,11,results/13_interface_analysis/formal/interface_contacts.csv,L,CDR2,1,1,saved_per_model_table,
Native155,empty,11,results/13_interface_analysis/formal/interface_contacts.csv,L,CDR3,5,1,saved_per_model_table,
Native155,empty,11,results/13_interface_analysis/formal/interface_contacts.csv,L,FR1,0,0,saved_per_model_table,
Native155,empty,11,results/13_interface_analysis/formal/interface_contacts.csv,L,FR2,0,0,saved_per_model_table,
Native155,empty,11,results/13_interface_analysis/formal/interface_contacts.csv,L,FR3,1,1,saved_per_model_table,
Native155,empty,11,results/13_interface_analysis/formal/interface_contacts.csv,L,FR4,0,0,saved_per_model_table,
Native155,empty,12,results/13_interface_analysis/formal/interface_contacts.csv,H,CDR1,4,1,saved_per_model_table,
Native155,empty,12,results/13_interface_analysis/formal/interface_contacts.csv,H,CDR2,4,1,saved_per_model_table,
Native155,empty,12,results/13_interface_analysis/formal/interface_contacts.csv,H,CDR3,5,1,saved_per_model_table,
Native155,empty,12,results/13_interface_analysis/formal/interface_contacts.csv,H,FR1,0,0,saved_per_model_table,
Native155,empty,12,results/13_interface_analysis/formal/interface_contacts.csv,H,FR2,1,1,saved_per_model_table,
Native155,empty,12,results/13_interface_analysis/formal/interface_contacts.csv,H,FR3,1,1,saved_per_model_table,
Native155,empty,12,results/13_interface_analysis/formal/interface_contacts.csv,H,FR4,0,0,saved_per_model_table,
Native155,empty,12,results/13_interface_analysis/formal/interface_contacts.csv,L,CDR1,5,1,saved_per_model_table,
Native155,empty,12,results/13_interface_analysis/formal/interface_contacts.csv,L,CDR2,1,1,saved_per_model_table,
Native155,empty,12,results/13_interface_analysis/formal/interface_contacts.csv,L,CDR3,5,1,saved_per_model_table,
Native155,empty,12,results/13_interface_analysis/formal/interface_contacts.csv,L,FR1,0,0,saved_per_model_table,
Native155,empty,12,results/13_interface_analysis/formal/interface_contacts.csv,L,FR2,0,0,saved_per_model_table,
Native155,empty,12,results/13_interface_analysis/formal/interface_contacts.csv,L,FR3,1,1,saved_per_model_table,
Native155,empty,12,results/13_interface_analysis/formal/interface_contacts.csv,L,FR4,0,0,saved_per_model_table,
Native155,empty,13,results/13_interface_analysis/formal/interface_contacts.csv,H,CDR1,3,1,saved_per_model_table,
Native155,empty,13,results/13_interface_analysis/formal/interface_contacts.csv,H,CDR2,4,1,saved_per_model_table,
Native155,empty,13,results/13_interface_analysis/formal/interface_contacts.csv,H,CDR3,6,1,saved_per_model_table,
Native155,empty,13,results/13_interface_analysis/formal/interface_contacts.csv,H,FR1,0,0,saved_per_model_table,
Native155,empty,13,results/13_interface_analysis/formal/interface_contacts.csv,H,FR2,1,1,saved_per_model_table,
Native155,empty,13,results/13_interface_analysis/formal/interface_contacts.csv,H,FR3,0,0,saved_per_model_table,
Native155,empty,13,results/13_interface_analysis/formal/interface_contacts.csv,H,FR4,0,0,saved_per_model_table,
Native155,empty,13,results/13_interface_analysis/formal/interface_contacts.csv,L,CDR1,5,1,saved_per_model_table,
Native155,empty,13,results/13_interface_analysis/formal/interface_contacts.csv,L,CDR2,1,1,saved_per_model_table,
Native155,empty,13,results/13_interface_analysis/formal/interface_contacts.csv,L,CDR3,5,1,saved_per_model_table,
Native155,empty,13,results/13_interface_analysis/formal/interface_contacts.csv,L,FR1,0,0,saved_per_model_table,
Native155,empty,13,results/13_interface_analysis/formal/interface_contacts.csv,L,FR2,1,1,saved_per_model_table,
Native155,empty,13,results/13_interface_analysis/formal/interface_contacts.csv,L,FR3,1,1,saved_per_model_table,
Native155,empty,13,results/13_interface_analysis/formal/interface_contacts.csv,L,FR4,0,0,saved_per_model_table,
Native155,empty,14,results/13_interface_analysis/formal/interface_contacts.csv,H,CDR1,4,1,saved_per_model_table,
Native155,empty,14,results/13_interface_analysis/formal/interface_contacts.csv,H,CDR2,5,1,saved_per_model_table,
Native155,empty,14,results/13_interface_analysis/formal/interface_contacts.csv,H,CDR3,5,1,saved_per_model_table,
Native155,empty,14,results/13_interface_analysis/formal/interface_contacts.csv,H,FR1,0,0,saved_per_model_table,
Native155,empty,14,results/13_interface_analysis/formal/interface_contacts.csv,H,FR2,1,1,saved_per_model_table,
Native155,empty,14,results/13_interface_analysis/formal/interface_contacts.csv,H,FR3,0,0,saved_per_model_table,
Native155,empty,14,results/13_interface_analysis/formal/interface_contacts.csv,H,FR4,0,0,saved_per_model_table,
Native155,empty,14,results/13_interface_analysis/formal/interface_contacts.csv,L,CDR1,0,0,saved_per_model_table,
Native155,empty,14,results/13_interface_analysis/formal/interface_contacts.csv,L,CDR2,1,1,saved_per_model_table,
Native155,empty,14,results/13_interface_analysis/formal/interface_contacts.csv,L,CDR3,3,1,saved_per_model_table,
Native155,empty,14,results/13_interface_analysis/formal/interface_contacts.csv,L,FR1,0,0,saved_per_model_table,
Native155,empty,14,results/13_interface_analysis/formal/interface_contacts.csv,L,FR2,0,0,saved_per_model_table,
Native155,empty,14,results/13_interface_analysis/formal/interface_contacts.csv,L,FR3,1,1,saved_per_model_table,
Native155,empty,14,results/13_interface_analysis/formal/interface_contacts.csv,L,FR4,0,0,saved_per_model_table,
Native155,empty,15,results/13_interface_analysis/formal/interface_contacts.csv,H,CDR1,2,1,saved_per_model_table,
Native155,empty,15,results/13_interface_analysis/formal/interface_contacts.csv,H,CDR2,4,1,saved_per_model_table,
Native155,empty,15,results/13_interface_analysis/formal/interface_contacts.csv,H,CDR3,6,1,saved_per_model_table,
Native155,empty,15,results/13_interface_analysis/formal/interface_contacts.csv,H,FR1,0,0,saved_per_model_table,
Native155,empty,15,results/13_interface_analysis/formal/interface_contacts.csv,H,FR2,1,1,saved_per_model_table,
Native155,empty,15,results/13_interface_analysis/formal/interface_contacts.csv,H,FR3,0,0,saved_per_model_table,
Native155,empty,15,results/13_interface_analysis/formal/interface_contacts.csv,H,FR4,0,0,saved_per_model_table,
Native155,empty,15,results/13_interface_analysis/formal/interface_contacts.csv,L,CDR1,5,1,saved_per_model_table,
Native155,empty,15,results/13_interface_analysis/formal/interface_contacts.csv,L,CDR2,1,1,saved_per_model_table,
Native155,empty,15,results/13_interface_analysis/formal/interface_contacts.csv,L,CDR3,5,1,saved_per_model_table,
Native155,empty,15,results/13_interface_analysis/formal/interface_contacts.csv,L,FR1,0,0,saved_per_model_table,
Native155,empty,15,results/13_interface_analysis/formal/interface_contacts.csv,L,FR2,0,0,saved_per_model_table,
Native155,empty,15,results/13_interface_analysis/formal/interface_contacts.csv,L,FR3,3,1,saved_per_model_table,
Native155,empty,15,results/13_interface_analysis/formal/interface_contacts.csv,L,FR4,0,0,saved_per_model_table,
Native155,formal_msa,1,results/13_interface_analysis/formal_msa/interface_contacts.csv,H,CDR1,4,1,saved_per_model_table,
Native155,formal_msa,1,results/13_interface_analysis/formal_msa/interface_contacts.csv,H,CDR2,6,1,saved_per_model_table,
Native155,formal_msa,1,results/13_interface_analysis/formal_msa/interface_contacts.csv,H,CDR3,5,1,saved_per_model_table,
Native155,formal_msa,1,results/13_interface_analysis/formal_msa/interface_contacts.csv,H,FR1,0,0,saved_per_model_table,
Native155,formal_msa,1,results/13_interface_analysis/formal_msa/interface_contacts.csv,H,FR2,0,0,saved_per_model_table,
Native155,formal_msa,1,results/13_interface_analysis/formal_msa/interface_contacts.csv,H,FR3,1,1,saved_per_model_table,
Native155,formal_msa,1,results/13_interface_analysis/formal_msa/interface_contacts.csv,H,FR4,0,0,saved_per_model_table,
Native155,formal_msa,1,results/13_interface_analysis/formal_msa/interface_contacts.csv,L,CDR1,4,1,saved_per_model_table,
Native155,formal_msa,1,results/13_interface_analysis/formal_msa/interface_contacts.csv,L,CDR2,1,1,saved_per_model_table,
Native155,formal_msa,1,results/13_interface_analysis/formal_msa/interface_contacts.csv,L,CDR3,4,1,saved_per_model_table,
Native155,formal_msa,1,results/13_interface_analysis/formal_msa/interface_contacts.csv,L,FR1,0,0,saved_per_model_table,
Native155,formal_msa,1,results/13_interface_analysis/formal_msa/interface_contacts.csv,L,FR2,0,0,saved_per_model_table,
Native155,formal_msa,1,results/13_interface_analysis/formal_msa/interface_contacts.csv,L,FR3,0,0,saved_per_model_table,
Native155,formal_msa,1,results/13_interface_analysis/formal_msa/interface_contacts.csv,L,FR4,0,0,saved_per_model_table,
Native155,formal_msa,2,results/13_interface_analysis/formal_msa/interface_contacts.csv,H,CDR1,4,1,saved_per_model_table,
Native155,formal_msa,2,results/13_interface_analysis/formal_msa/interface_contacts.csv,H,CDR2,3,1,saved_per_model_table,
Native155,formal_msa,2,results/13_interface_analysis/formal_msa/interface_contacts.csv,H,CDR3,5,1,saved_per_model_table,
Native155,formal_msa,2,results/13_interface_analysis/formal_msa/interface_contacts.csv,H,FR1,0,0,saved_per_model_table,
Native155,formal_msa,2,results/13_interface_analysis/formal_msa/interface_contacts.csv,H,FR2,1,1,saved_per_model_table,
Native155,formal_msa,2,results/13_interface_analysis/formal_msa/interface_contacts.csv,H,FR3,1,1,saved_per_model_table,
Native155,formal_msa,2,results/13_interface_analysis/formal_msa/interface_contacts.csv,H,FR4,0,0,saved_per_model_table,
Native155,formal_msa,2,results/13_interface_analysis/formal_msa/interface_contacts.csv,L,CDR1,0,0,saved_per_model_table,
Native155,formal_msa,2,results/13_interface_analysis/formal_msa/interface_contacts.csv,L,CDR2,1,1,saved_per_model_table,
Native155,formal_msa,2,results/13_interface_analysis/formal_msa/interface_contacts.csv,L,CDR3,4,1,saved_per_model_table,
Native155,formal_msa,2,results/13_interface_analysis/formal_msa/interface_contacts.csv,L,FR1,0,0,saved_per_model_table,
Native155,formal_msa,2,results/13_interface_analysis/formal_msa/interface_contacts.csv,L,FR2,0,0,saved_per_model_table,
Native155,formal_msa,2,results/13_interface_analysis/formal_msa/interface_contacts.csv,L,FR3,1,1,saved_per_model_table,
Native155,formal_msa,2,results/13_interface_analysis/formal_msa/interface_contacts.csv,L,FR4,0,0,saved_per_model_table,
Native155,formal_msa,3,results/13_interface_analysis/formal_msa/interface_contacts.csv,H,CDR1,4,1,saved_per_model_table,
Native155,formal_msa,3,results/13_interface_analysis/formal_msa/interface_contacts.csv,H,CDR2,3,1,saved_per_model_table,
Native155,formal_msa,3,results/13_interface_analysis/formal_msa/interface_contacts.csv,H,CDR3,6,1,saved_per_model_table,
Native155,formal_msa,3,results/13_interface_analysis/formal_msa/interface_contacts.csv,H,FR1,0,0,saved_per_model_table,
Native155,formal_msa,3,results/13_interface_analysis/formal_msa/interface_contacts.csv,H,FR2,1,1,saved_per_model_table,
Native155,formal_msa,3,results/13_interface_analysis/formal_msa/interface_contacts.csv,H,FR3,3,1,saved_per_model_table,
Native155,formal_msa,3,results/13_interface_analysis/formal_msa/interface_contacts.csv,H,FR4,0,0,saved_per_model_table,
Native155,formal_msa,3,results/13_interface_analysis/formal_msa/interface_contacts.csv,L,CDR1,3,1,saved_per_model_table,
Native155,formal_msa,3,results/13_interface_analysis/formal_msa/interface_contacts.csv,L,CDR2,1,1,saved_per_model_table,
Native155,formal_msa,3,results/13_interface_analysis/formal_msa/interface_contacts.csv,L,CDR3,5,1,saved_per_model_table,
Native155,formal_msa,3,results/13_interface_analysis/formal_msa/interface_contacts.csv,L,FR1,0,0,saved_per_model_table,
Native155,formal_msa,3,results/13_interface_analysis/formal_msa/interface_contacts.csv,L,FR2,0,0,saved_per_model_table,
Native155,formal_msa,3,results/13_interface_analysis/formal_msa/interface_contacts.csv,L,FR3,0,0,saved_per_model_table,
Native155,formal_msa,3,results/13_interface_analysis/formal_msa/interface_contacts.csv,L,FR4,0,0,saved_per_model_table,
Native155,formal_msa,4,results/13_interface_analysis/formal_msa/interface_contacts.csv,H,CDR1,4,1,saved_per_model_table,
Native155,formal_msa,4,results/13_interface_analysis/formal_msa/interface_contacts.csv,H,CDR2,5,1,saved_per_model_table,
Native155,formal_msa,4,results/13_interface_analysis/formal_msa/interface_contacts.csv,H,CDR3,6,1,saved_per_model_table,
Native155,formal_msa,4,results/13_interface_analysis/formal_msa/interface_contacts.csv,H,FR1,0,0,saved_per_model_table,
Native155,formal_msa,4,results/13_interface_analysis/formal_msa/interface_contacts.csv,H,FR2,1,1,saved_per_model_table,
Native155,formal_msa,4,results/13_interface_analysis/formal_msa/interface_contacts.csv,H,FR3,1,1,saved_per_model_table,
Native155,formal_msa,4,results/13_interface_analysis/formal_msa/interface_contacts.csv,H,FR4,0,0,saved_per_model_table,
Native155,formal_msa,4,results/13_interface_analysis/formal_msa/interface_contacts.csv,L,CDR1,4,1,saved_per_model_table,
Native155,formal_msa,4,results/13_interface_analysis/formal_msa/interface_contacts.csv,L,CDR2,1,1,saved_per_model_table,
Native155,formal_msa,4,results/13_interface_analysis/formal_msa/interface_contacts.csv,L,CDR3,5,1,saved_per_model_table,
Native155,formal_msa,4,results/13_interface_analysis/formal_msa/interface_contacts.csv,L,FR1,0,0,saved_per_model_table,
Native155,formal_msa,4,results/13_interface_analysis/formal_msa/interface_contacts.csv,L,FR2,0,0,saved_per_model_table,
Native155,formal_msa,4,results/13_interface_analysis/formal_msa/interface_contacts.csv,L,FR3,1,1,saved_per_model_table,
Native155,formal_msa,4,results/13_interface_analysis/formal_msa/interface_contacts.csv,L,FR4,0,0,saved_per_model_table,
Native155,formal_msa,5,results/13_interface_analysis/formal_msa/interface_contacts.csv,H,CDR1,5,1,saved_per_model_table,
Native155,formal_msa,5,results/13_interface_analysis/formal_msa/interface_contacts.csv,H,CDR2,3,1,saved_per_model_table,
Native155,formal_msa,5,results/13_interface_analysis/formal_msa/interface_contacts.csv,H,CDR3,5,1,saved_per_model_table,
Native155,formal_msa,5,results/13_interface_analysis/formal_msa/interface_contacts.csv,H,FR1,0,0,saved_per_model_table,
Native155,formal_msa,5,results/13_interface_analysis/formal_msa/interface_contacts.csv,H,FR2,2,1,saved_per_model_table,
Native155,formal_msa,5,results/13_interface_analysis/formal_msa/interface_contacts.csv,H,FR3,3,1,saved_per_model_table,
Native155,formal_msa,5,results/13_interface_analysis/formal_msa/interface_contacts.csv,H,FR4,0,0,saved_per_model_table,
Native155,formal_msa,5,results/13_interface_analysis/formal_msa/interface_contacts.csv,L,CDR1,0,0,saved_per_model_table,
Native155,formal_msa,5,results/13_interface_analysis/formal_msa/interface_contacts.csv,L,CDR2,0,0,saved_per_model_table,
Native155,formal_msa,5,results/13_interface_analysis/formal_msa/interface_contacts.csv,L,CDR3,4,1,saved_per_model_table,
Native155,formal_msa,5,results/13_interface_analysis/formal_msa/interface_contacts.csv,L,FR1,0,0,saved_per_model_table,
Native155,formal_msa,5,results/13_interface_analysis/formal_msa/interface_contacts.csv,L,FR2,0,0,saved_per_model_table,
Native155,formal_msa,5,results/13_interface_analysis/formal_msa/interface_contacts.csv,L,FR3,0,0,saved_per_model_table,
Native155,formal_msa,5,results/13_interface_analysis/formal_msa/interface_contacts.csv,L,FR4,0,0,saved_per_model_table,
Native155,formal_msa,6,results/13_interface_analysis/formal_msa/interface_contacts.csv,H,CDR1,5,1,saved_per_model_table,
Native155,formal_msa,6,results/13_interface_analysis/formal_msa/interface_contacts.csv,H,CDR2,4,1,saved_per_model_table,
Native155,formal_msa,6,results/13_interface_analysis/formal_msa/interface_contacts.csv,H,CDR3,7,1,saved_per_model_table,
Native155,formal_msa,6,results/13_interface_analysis/formal_msa/interface_contacts.csv,H,FR1,0,0,saved_per_model_table,
Native155,formal_msa,6,results/13_interface_analysis/formal_msa/interface_contacts.csv,H,FR2,1,1,saved_per_model_table,
Native155,formal_msa,6,results/13_interface_analysis/formal_msa/interface_contacts.csv,H,FR3,1,1,saved_per_model_table,
Native155,formal_msa,6,results/13_interface_analysis/formal_msa/interface_contacts.csv,H,FR4,0,0,saved_per_model_table,
Native155,formal_msa,6,results/13_interface_analysis/formal_msa/interface_contacts.csv,L,CDR1,0,0,saved_per_model_table,
Native155,formal_msa,6,results/13_interface_analysis/formal_msa/interface_contacts.csv,L,CDR2,0,0,saved_per_model_table,
Native155,formal_msa,6,results/13_interface_analysis/formal_msa/interface_contacts.csv,L,CDR3,4,1,saved_per_model_table,
Native155,formal_msa,6,results/13_interface_analysis/formal_msa/interface_contacts.csv,L,FR1,0,0,saved_per_model_table,
Native155,formal_msa,6,results/13_interface_analysis/formal_msa/interface_contacts.csv,L,FR2,0,0,saved_per_model_table,
Native155,formal_msa,6,results/13_interface_analysis/formal_msa/interface_contacts.csv,L,FR3,0,0,saved_per_model_table,
Native155,formal_msa,6,results/13_interface_analysis/formal_msa/interface_contacts.csv,L,FR4,0,0,saved_per_model_table,
Native155,formal_msa,7,results/13_interface_analysis/formal_msa/interface_contacts.csv,H,CDR1,4,1,saved_per_model_table,
Native155,formal_msa,7,results/13_interface_analysis/formal_msa/interface_contacts.csv,H,CDR2,3,1,saved_per_model_table,
Native155,formal_msa,7,results/13_interface_analysis/formal_msa/interface_contacts.csv,H,CDR3,7,1,saved_per_model_table,
Native155,formal_msa,7,results/13_interface_analysis/formal_msa/interface_contacts.csv,H,FR1,0,0,saved_per_model_table,
Native155,formal_msa,7,results/13_interface_analysis/formal_msa/interface_contacts.csv,H,FR2,2,1,saved_per_model_table,
Native155,formal_msa,7,results/13_interface_analysis/formal_msa/interface_contacts.csv,H,FR3,3,1,saved_per_model_table,
Native155,formal_msa,7,results/13_interface_analysis/formal_msa/interface_contacts.csv,H,FR4,0,0,saved_per_model_table,
Native155,formal_msa,7,results/13_interface_analysis/formal_msa/interface_contacts.csv,L,CDR1,2,1,saved_per_model_table,
Native155,formal_msa,7,results/13_interface_analysis/formal_msa/interface_contacts.csv,L,CDR2,0,0,saved_per_model_table,
Native155,formal_msa,7,results/13_interface_analysis/formal_msa/interface_contacts.csv,L,CDR3,5,1,saved_per_model_table,
Native155,formal_msa,7,results/13_interface_analysis/formal_msa/interface_contacts.csv,L,FR1,0,0,saved_per_model_table,
Native155,formal_msa,7,results/13_interface_analysis/formal_msa/interface_contacts.csv,L,FR2,0,0,saved_per_model_table,
Native155,formal_msa,7,results/13_interface_analysis/formal_msa/interface_contacts.csv,L,FR3,0,0,saved_per_model_table,
Native155,formal_msa,7,results/13_interface_analysis/formal_msa/interface_contacts.csv,L,FR4,0,0,saved_per_model_table,
Native155,formal_msa,8,results/13_interface_analysis/formal_msa/interface_contacts.csv,H,CDR1,4,1,saved_per_model_table,
Native155,formal_msa,8,results/13_interface_analysis/formal_msa/interface_contacts.csv,H,CDR2,5,1,saved_per_model_table,
Native155,formal_msa,8,results/13_interface_analysis/formal_msa/interface_contacts.csv,H,CDR3,5,1,saved_per_model_table,
Native155,formal_msa,8,results/13_interface_analysis/formal_msa/interface_contacts.csv,H,FR1,0,0,saved_per_model_table,
Native155,formal_msa,8,results/13_interface_analysis/formal_msa/interface_contacts.csv,H,FR2,1,1,saved_per_model_table,
Native155,formal_msa,8,results/13_interface_analysis/formal_msa/interface_contacts.csv,H,FR3,0,0,saved_per_model_table,
Native155,formal_msa,8,results/13_interface_analysis/formal_msa/interface_contacts.csv,H,FR4,0,0,saved_per_model_table,
Native155,formal_msa,8,results/13_interface_analysis/formal_msa/interface_contacts.csv,L,CDR1,3,1,saved_per_model_table,
Native155,formal_msa,8,results/13_interface_analysis/formal_msa/interface_contacts.csv,L,CDR2,1,1,saved_per_model_table,
Native155,formal_msa,8,results/13_interface_analysis/formal_msa/interface_contacts.csv,L,CDR3,6,1,saved_per_model_table,
Native155,formal_msa,8,results/13_interface_analysis/formal_msa/interface_contacts.csv,L,FR1,0,0,saved_per_model_table,
Native155,formal_msa,8,results/13_interface_analysis/formal_msa/interface_contacts.csv,L,FR2,0,0,saved_per_model_table,
Native155,formal_msa,8,results/13_interface_analysis/formal_msa/interface_contacts.csv,L,FR3,1,1,saved_per_model_table,
Native155,formal_msa,8,results/13_interface_analysis/formal_msa/interface_contacts.csv,L,FR4,0,0,saved_per_model_table,
Native155,formal_msa,9,results/13_interface_analysis/formal_msa/interface_contacts.csv,H,CDR1,4,1,saved_per_model_table,
Native155,formal_msa,9,results/13_interface_analysis/formal_msa/interface_contacts.csv,H,CDR2,3,1,saved_per_model_table,
Native155,formal_msa,9,results/13_interface_analysis/formal_msa/interface_contacts.csv,H,CDR3,6,1,saved_per_model_table,
Native155,formal_msa,9,results/13_interface_analysis/formal_msa/interface_contacts.csv,H,FR1,0,0,saved_per_model_table,
Native155,formal_msa,9,results/13_interface_analysis/formal_msa/interface_contacts.csv,H,FR2,1,1,saved_per_model_table,
Native155,formal_msa,9,results/13_interface_analysis/formal_msa/interface_contacts.csv,H,FR3,3,1,saved_per_model_table,
Native155,formal_msa,9,results/13_interface_analysis/formal_msa/interface_contacts.csv,H,FR4,0,0,saved_per_model_table,
Native155,formal_msa,9,results/13_interface_analysis/formal_msa/interface_contacts.csv,L,CDR1,0,0,saved_per_model_table,
Native155,formal_msa,9,results/13_interface_analysis/formal_msa/interface_contacts.csv,L,CDR2,0,0,saved_per_model_table,
Native155,formal_msa,9,results/13_interface_analysis/formal_msa/interface_contacts.csv,L,CDR3,3,1,saved_per_model_table,
Native155,formal_msa,9,results/13_interface_analysis/formal_msa/interface_contacts.csv,L,FR1,0,0,saved_per_model_table,
Native155,formal_msa,9,results/13_interface_analysis/formal_msa/interface_contacts.csv,L,FR2,0,0,saved_per_model_table,
Native155,formal_msa,9,results/13_interface_analysis/formal_msa/interface_contacts.csv,L,FR3,1,1,saved_per_model_table,
Native155,formal_msa,9,results/13_interface_analysis/formal_msa/interface_contacts.csv,L,FR4,0,0,saved_per_model_table,
Native155,formal_msa,10,results/13_interface_analysis/formal_msa/interface_contacts.csv,H,CDR1,4,1,saved_per_model_table,
Native155,formal_msa,10,results/13_interface_analysis/formal_msa/interface_contacts.csv,H,CDR2,4,1,saved_per_model_table,
Native155,formal_msa,10,results/13_interface_analysis/formal_msa/interface_contacts.csv,H,CDR3,5,1,saved_per_model_table,
Native155,formal_msa,10,results/13_interface_analysis/formal_msa/interface_contacts.csv,H,FR1,0,0,saved_per_model_table,
Native155,formal_msa,10,results/13_interface_analysis/formal_msa/interface_contacts.csv,H,FR2,1,1,saved_per_model_table,
Native155,formal_msa,10,results/13_interface_analysis/formal_msa/interface_contacts.csv,H,FR3,1,1,saved_per_model_table,
Native155,formal_msa,10,results/13_interface_analysis/formal_msa/interface_contacts.csv,H,FR4,0,0,saved_per_model_table,
Native155,formal_msa,10,results/13_interface_analysis/formal_msa/interface_contacts.csv,L,CDR1,1,1,saved_per_model_table,
Native155,formal_msa,10,results/13_interface_analysis/formal_msa/interface_contacts.csv,L,CDR2,1,1,saved_per_model_table,
Native155,formal_msa,10,results/13_interface_analysis/formal_msa/interface_contacts.csv,L,CDR3,3,1,saved_per_model_table,
Native155,formal_msa,10,results/13_interface_analysis/formal_msa/interface_contacts.csv,L,FR1,0,0,saved_per_model_table,
Native155,formal_msa,10,results/13_interface_analysis/formal_msa/interface_contacts.csv,L,FR2,0,0,saved_per_model_table,
Native155,formal_msa,10,results/13_interface_analysis/formal_msa/interface_contacts.csv,L,FR3,1,1,saved_per_model_table,
Native155,formal_msa,10,results/13_interface_analysis/formal_msa/interface_contacts.csv,L,FR4,0,0,saved_per_model_table,
Native155,formal_msa,11,results/13_interface_analysis/formal_msa/interface_contacts.csv,H,CDR1,4,1,saved_per_model_table,
Native155,formal_msa,11,results/13_interface_analysis/formal_msa/interface_contacts.csv,H,CDR2,3,1,saved_per_model_table,
Native155,formal_msa,11,results/13_interface_analysis/formal_msa/interface_contacts.csv,H,CDR3,5,1,saved_per_model_table,
Native155,formal_msa,11,results/13_interface_analysis/formal_msa/interface_contacts.csv,H,FR1,0,0,saved_per_model_table,
Native155,formal_msa,11,results/13_interface_analysis/formal_msa/interface_contacts.csv,H,FR2,2,1,saved_per_model_table,
Native155,formal_msa,11,results/13_interface_analysis/formal_msa/interface_contacts.csv,H,FR3,2,1,saved_per_model_table,
Native155,formal_msa,11,results/13_interface_analysis/formal_msa/interface_contacts.csv,H,FR4,0,0,saved_per_model_table,
Native155,formal_msa,11,results/13_interface_analysis/formal_msa/interface_contacts.csv,L,CDR1,4,1,saved_per_model_table,
Native155,formal_msa,11,results/13_interface_analysis/formal_msa/interface_contacts.csv,L,CDR2,1,1,saved_per_model_table,
Native155,formal_msa,11,results/13_interface_analysis/formal_msa/interface_contacts.csv,L,CDR3,4,1,saved_per_model_table,
Native155,formal_msa,11,results/13_interface_analysis/formal_msa/interface_contacts.csv,L,FR1,0,0,saved_per_model_table,
Native155,formal_msa,11,results/13_interface_analysis/formal_msa/interface_contacts.csv,L,FR2,0,0,saved_per_model_table,
Native155,formal_msa,11,results/13_interface_analysis/formal_msa/interface_contacts.csv,L,FR3,0,0,saved_per_model_table,
Native155,formal_msa,11,results/13_interface_analysis/formal_msa/interface_contacts.csv,L,FR4,0,0,saved_per_model_table,
Native155,formal_msa,12,results/13_interface_analysis/formal_msa/interface_contacts.csv,H,CDR1,4,1,saved_per_model_table,
Native155,formal_msa,12,results/13_interface_analysis/formal_msa/interface_contacts.csv,H,CDR2,3,1,saved_per_model_table,
Native155,formal_msa,12,results/13_interface_analysis/formal_msa/interface_contacts.csv,H,CDR3,6,1,saved_per_model_table,
Native155,formal_msa,12,results/13_interface_analysis/formal_msa/interface_contacts.csv,H,FR1,0,0,saved_per_model_table,
Native155,formal_msa,12,results/13_interface_analysis/formal_msa/interface_contacts.csv,H,FR2,1,1,saved_per_model_table,
Native155,formal_msa,12,results/13_interface_analysis/formal_msa/interface_contacts.csv,H,FR3,1,1,saved_per_model_table,
Native155,formal_msa,12,results/13_interface_analysis/formal_msa/interface_contacts.csv,H,FR4,0,0,saved_per_model_table,
Native155,formal_msa,12,results/13_interface_analysis/formal_msa/interface_contacts.csv,L,CDR1,0,0,saved_per_model_table,
Native155,formal_msa,12,results/13_interface_analysis/formal_msa/interface_contacts.csv,L,CDR2,1,1,saved_per_model_table,
Native155,formal_msa,12,results/13_interface_analysis/formal_msa/interface_contacts.csv,L,CDR3,5,1,saved_per_model_table,
Native155,formal_msa,12,results/13_interface_analysis/formal_msa/interface_contacts.csv,L,FR1,0,0,saved_per_model_table,
Native155,formal_msa,12,results/13_interface_analysis/formal_msa/interface_contacts.csv,L,FR2,0,0,saved_per_model_table,
Native155,formal_msa,12,results/13_interface_analysis/formal_msa/interface_contacts.csv,L,FR3,1,1,saved_per_model_table,
Native155,formal_msa,12,results/13_interface_analysis/formal_msa/interface_contacts.csv,L,FR4,0,0,saved_per_model_table,
Native155,formal_msa,13,results/13_interface_analysis/formal_msa/interface_contacts.csv,H,CDR1,5,1,saved_per_model_table,
Native155,formal_msa,13,results/13_interface_analysis/formal_msa/interface_contacts.csv,H,CDR2,5,1,saved_per_model_table,
Native155,formal_msa,13,results/13_interface_analysis/formal_msa/interface_contacts.csv,H,CDR3,7,1,saved_per_model_table,
Native155,formal_msa,13,results/13_interface_analysis/formal_msa/interface_contacts.csv,H,FR1,0,0,saved_per_model_table,
Native155,formal_msa,13,results/13_interface_analysis/formal_msa/interface_contacts.csv,H,FR2,1,1,saved_per_model_table,
Native155,formal_msa,13,results/13_interface_analysis/formal_msa/interface_contacts.csv,H,FR3,2,1,saved_per_model_table,
Native155,formal_msa,13,results/13_interface_analysis/formal_msa/interface_contacts.csv,H,FR4,0,0,saved_per_model_table,
Native155,formal_msa,13,results/13_interface_analysis/formal_msa/interface_contacts.csv,L,CDR1,0,0,saved_per_model_table,
Native155,formal_msa,13,results/13_interface_analysis/formal_msa/interface_contacts.csv,L,CDR2,0,0,saved_per_model_table,
Native155,formal_msa,13,results/13_interface_analysis/formal_msa/interface_contacts.csv,L,CDR3,4,1,saved_per_model_table,
Native155,formal_msa,13,results/13_interface_analysis/formal_msa/interface_contacts.csv,L,FR1,0,0,saved_per_model_table,
Native155,formal_msa,13,results/13_interface_analysis/formal_msa/interface_contacts.csv,L,FR2,0,0,saved_per_model_table,
Native155,formal_msa,13,results/13_interface_analysis/formal_msa/interface_contacts.csv,L,FR3,0,0,saved_per_model_table,
Native155,formal_msa,13,results/13_interface_analysis/formal_msa/interface_contacts.csv,L,FR4,0,0,saved_per_model_table,
Native155,formal_msa,14,results/13_interface_analysis/formal_msa/interface_contacts.csv,H,CDR1,2,1,saved_per_model_table,
Native155,formal_msa,14,results/13_interface_analysis/formal_msa/interface_contacts.csv,H,CDR2,2,1,saved_per_model_table,
Native155,formal_msa,14,results/13_interface_analysis/formal_msa/interface_contacts.csv,H,CDR3,7,1,saved_per_model_table,
Native155,formal_msa,14,results/13_interface_analysis/formal_msa/interface_contacts.csv,H,FR1,0,0,saved_per_model_table,
Native155,formal_msa,14,results/13_interface_analysis/formal_msa/interface_contacts.csv,H,FR2,1,1,saved_per_model_table,
Native155,formal_msa,14,results/13_interface_analysis/formal_msa/interface_contacts.csv,H,FR3,1,1,saved_per_model_table,
Native155,formal_msa,14,results/13_interface_analysis/formal_msa/interface_contacts.csv,H,FR4,0,0,saved_per_model_table,
Native155,formal_msa,14,results/13_interface_analysis/formal_msa/interface_contacts.csv,L,CDR1,0,0,saved_per_model_table,
Native155,formal_msa,14,results/13_interface_analysis/formal_msa/interface_contacts.csv,L,CDR2,0,0,saved_per_model_table,
Native155,formal_msa,14,results/13_interface_analysis/formal_msa/interface_contacts.csv,L,CDR3,4,1,saved_per_model_table,
Native155,formal_msa,14,results/13_interface_analysis/formal_msa/interface_contacts.csv,L,FR1,0,0,saved_per_model_table,
Native155,formal_msa,14,results/13_interface_analysis/formal_msa/interface_contacts.csv,L,FR2,0,0,saved_per_model_table,
Native155,formal_msa,14,results/13_interface_analysis/formal_msa/interface_contacts.csv,L,FR3,0,0,saved_per_model_table,
Native155,formal_msa,14,results/13_interface_analysis/formal_msa/interface_contacts.csv,L,FR4,0,0,saved_per_model_table,
Native155,formal_msa,15,results/13_interface_analysis/formal_msa/interface_contacts.csv,H,CDR1,2,1,saved_per_model_table,
Native155,formal_msa,15,results/13_interface_analysis/formal_msa/interface_contacts.csv,H,CDR2,3,1,saved_per_model_table,
Native155,formal_msa,15,results/13_interface_analysis/formal_msa/interface_contacts.csv,H,CDR3,6,1,saved_per_model_table,
Native155,formal_msa,15,results/13_interface_analysis/formal_msa/interface_contacts.csv,H,FR1,0,0,saved_per_model_table,
Native155,formal_msa,15,results/13_interface_analysis/formal_msa/interface_contacts.csv,H,FR2,1,1,saved_per_model_table,
Native155,formal_msa,15,results/13_interface_analysis/formal_msa/interface_contacts.csv,H,FR3,1,1,saved_per_model_table,
Native155,formal_msa,15,results/13_interface_analysis/formal_msa/interface_contacts.csv,H,FR4,0,0,saved_per_model_table,
Native155,formal_msa,15,results/13_interface_analysis/formal_msa/interface_contacts.csv,L,CDR1,0,0,saved_per_model_table,
Native155,formal_msa,15,results/13_interface_analysis/formal_msa/interface_contacts.csv,L,CDR2,0,0,saved_per_model_table,
Native155,formal_msa,15,results/13_interface_analysis/formal_msa/interface_contacts.csv,L,CDR3,5,1,saved_per_model_table,
Native155,formal_msa,15,results/13_interface_analysis/formal_msa/interface_contacts.csv,L,FR1,0,0,saved_per_model_table,
Native155,formal_msa,15,results/13_interface_analysis/formal_msa/interface_contacts.csv,L,FR2,0,0,saved_per_model_table,
Native155,formal_msa,15,results/13_interface_analysis/formal_msa/interface_contacts.csv,L,FR3,0,0,saved_per_model_table,
Native155,formal_msa,15,results/13_interface_analysis/formal_msa/interface_contacts.csv,L,FR4,0,0,saved_per_model_table,
Immunogen134,empty,1,results/13_interface_analysis/formal/interface_contacts.csv,H,CDR1,5,1,saved_per_model_table,
Immunogen134,empty,1,results/13_interface_analysis/formal/interface_contacts.csv,H,CDR2,4,1,saved_per_model_table,
Immunogen134,empty,1,results/13_interface_analysis/formal/interface_contacts.csv,H,CDR3,5,1,saved_per_model_table,
Immunogen134,empty,1,results/13_interface_analysis/formal/interface_contacts.csv,H,FR1,0,0,saved_per_model_table,
Immunogen134,empty,1,results/13_interface_analysis/formal/interface_contacts.csv,H,FR2,1,1,saved_per_model_table,
Immunogen134,empty,1,results/13_interface_analysis/formal/interface_contacts.csv,H,FR3,1,1,saved_per_model_table,
Immunogen134,empty,1,results/13_interface_analysis/formal/interface_contacts.csv,H,FR4,0,0,saved_per_model_table,
Immunogen134,empty,1,results/13_interface_analysis/formal/interface_contacts.csv,L,CDR1,3,1,saved_per_model_table,
Immunogen134,empty,1,results/13_interface_analysis/formal/interface_contacts.csv,L,CDR2,1,1,saved_per_model_table,
Immunogen134,empty,1,results/13_interface_analysis/formal/interface_contacts.csv,L,CDR3,5,1,saved_per_model_table,
Immunogen134,empty,1,results/13_interface_analysis/formal/interface_contacts.csv,L,FR1,0,0,saved_per_model_table,
Immunogen134,empty,1,results/13_interface_analysis/formal/interface_contacts.csv,L,FR2,0,0,saved_per_model_table,
Immunogen134,empty,1,results/13_interface_analysis/formal/interface_contacts.csv,L,FR3,0,0,saved_per_model_table,
Immunogen134,empty,1,results/13_interface_analysis/formal/interface_contacts.csv,L,FR4,0,0,saved_per_model_table,
Immunogen134,empty,2,results/13_interface_analysis/formal/interface_contacts.csv,H,CDR1,3,1,saved_per_model_table,
Immunogen134,empty,2,results/13_interface_analysis/formal/interface_contacts.csv,H,CDR2,5,1,saved_per_model_table,
Immunogen134,empty,2,results/13_interface_analysis/formal/interface_contacts.csv,H,CDR3,7,1,saved_per_model_table,
Immunogen134,empty,2,results/13_interface_analysis/formal/interface_contacts.csv,H,FR1,0,0,saved_per_model_table,
Immunogen134,empty,2,results/13_interface_analysis/formal/interface_contacts.csv,H,FR2,1,1,saved_per_model_table,
Immunogen134,empty,2,results/13_interface_analysis/formal/interface_contacts.csv,H,FR3,1,1,saved_per_model_table,
Immunogen134,empty,2,results/13_interface_analysis/formal/interface_contacts.csv,H,FR4,0,0,saved_per_model_table,
Immunogen134,empty,2,results/13_interface_analysis/formal/interface_contacts.csv,L,CDR1,5,1,saved_per_model_table,
Immunogen134,empty,2,results/13_interface_analysis/formal/interface_contacts.csv,L,CDR2,1,1,saved_per_model_table,
Immunogen134,empty,2,results/13_interface_analysis/formal/interface_contacts.csv,L,CDR3,3,1,saved_per_model_table,
Immunogen134,empty,2,results/13_interface_analysis/formal/interface_contacts.csv,L,FR1,0,0,saved_per_model_table,
Immunogen134,empty,2,results/13_interface_analysis/formal/interface_contacts.csv,L,FR2,1,1,saved_per_model_table,
Immunogen134,empty,2,results/13_interface_analysis/formal/interface_contacts.csv,L,FR3,1,1,saved_per_model_table,
Immunogen134,empty,2,results/13_interface_analysis/formal/interface_contacts.csv,L,FR4,0,0,saved_per_model_table,
Immunogen134,empty,3,results/13_interface_analysis/formal/interface_contacts.csv,H,CDR1,4,1,saved_per_model_table,
Immunogen134,empty,3,results/13_interface_analysis/formal/interface_contacts.csv,H,CDR2,4,1,saved_per_model_table,
Immunogen134,empty,3,results/13_interface_analysis/formal/interface_contacts.csv,H,CDR3,8,1,saved_per_model_table,
Immunogen134,empty,3,results/13_interface_analysis/formal/interface_contacts.csv,H,FR1,1,1,saved_per_model_table,
Immunogen134,empty,3,results/13_interface_analysis/formal/interface_contacts.csv,H,FR2,1,1,saved_per_model_table,
Immunogen134,empty,3,results/13_interface_analysis/formal/interface_contacts.csv,H,FR3,0,0,saved_per_model_table,
Immunogen134,empty,3,results/13_interface_analysis/formal/interface_contacts.csv,H,FR4,0,0,saved_per_model_table,
Immunogen134,empty,3,results/13_interface_analysis/formal/interface_contacts.csv,L,CDR1,3,1,saved_per_model_table,
Immunogen134,empty,3,results/13_interface_analysis/formal/interface_contacts.csv,L,CDR2,1,1,saved_per_model_table,
Immunogen134,empty,3,results/13_interface_analysis/formal/interface_contacts.csv,L,CDR3,5,1,saved_per_model_table,
Immunogen134,empty,3,results/13_interface_analysis/formal/interface_contacts.csv,L,FR1,0,0,saved_per_model_table,
Immunogen134,empty,3,results/13_interface_analysis/formal/interface_contacts.csv,L,FR2,0,0,saved_per_model_table,
Immunogen134,empty,3,results/13_interface_analysis/formal/interface_contacts.csv,L,FR3,3,1,saved_per_model_table,
Immunogen134,empty,3,results/13_interface_analysis/formal/interface_contacts.csv,L,FR4,0,0,saved_per_model_table,
Immunogen134,empty,4,results/13_interface_analysis/formal/interface_contacts.csv,H,CDR1,4,1,saved_per_model_table,
Immunogen134,empty,4,results/13_interface_analysis/formal/interface_contacts.csv,H,CDR2,6,1,saved_per_model_table,
Immunogen134,empty,4,results/13_interface_analysis/formal/interface_contacts.csv,H,CDR3,5,1,saved_per_model_table,
Immunogen134,empty,4,results/13_interface_analysis/formal/interface_contacts.csv,H,FR1,0,0,saved_per_model_table,
Immunogen134,empty,4,results/13_interface_analysis/formal/interface_contacts.csv,H,FR2,0,0,saved_per_model_table,
Immunogen134,empty,4,results/13_interface_analysis/formal/interface_contacts.csv,H,FR3,3,1,saved_per_model_table,
Immunogen134,empty,4,results/13_interface_analysis/formal/interface_contacts.csv,H,FR4,0,0,saved_per_model_table,
Immunogen134,empty,4,results/13_interface_analysis/formal/interface_contacts.csv,L,CDR1,6,1,saved_per_model_table,
Immunogen134,empty,4,results/13_interface_analysis/formal/interface_contacts.csv,L,CDR2,1,1,saved_per_model_table,
Immunogen134,empty,4,results/13_interface_analysis/formal/interface_contacts.csv,L,CDR3,6,1,saved_per_model_table,
Immunogen134,empty,4,results/13_interface_analysis/formal/interface_contacts.csv,L,FR1,0,0,saved_per_model_table,
Immunogen134,empty,4,results/13_interface_analysis/formal/interface_contacts.csv,L,FR2,0,0,saved_per_model_table,
Immunogen134,empty,4,results/13_interface_analysis/formal/interface_contacts.csv,L,FR3,3,1,saved_per_model_table,
Immunogen134,empty,4,results/13_interface_analysis/formal/interface_contacts.csv,L,FR4,0,0,saved_per_model_table,
Immunogen134,empty,5,results/13_interface_analysis/formal/interface_contacts.csv,H,CDR1,4,1,saved_per_model_table,
Immunogen134,empty,5,results/13_interface_analysis/formal/interface_contacts.csv,H,CDR2,4,1,saved_per_model_table,
Immunogen134,empty,5,results/13_interface_analysis/formal/interface_contacts.csv,H,CDR3,7,1,saved_per_model_table,
Immunogen134,empty,5,results/13_interface_analysis/formal/interface_contacts.csv,H,FR1,0,0,saved_per_model_table,
Immunogen134,empty,5,results/13_interface_analysis/formal/interface_contacts.csv,H,FR2,1,1,saved_per_model_table,
Immunogen134,empty,5,results/13_interface_analysis/formal/interface_contacts.csv,H,FR3,1,1,saved_per_model_table,
Immunogen134,empty,5,results/13_interface_analysis/formal/interface_contacts.csv,H,FR4,0,0,saved_per_model_table,
Immunogen134,empty,5,results/13_interface_analysis/formal/interface_contacts.csv,L,CDR1,5,1,saved_per_model_table,
Immunogen134,empty,5,results/13_interface_analysis/formal/interface_contacts.csv,L,CDR2,1,1,saved_per_model_table,
Immunogen134,empty,5,results/13_interface_analysis/formal/interface_contacts.csv,L,CDR3,5,1,saved_per_model_table,
Immunogen134,empty,5,results/13_interface_analysis/formal/interface_contacts.csv,L,FR1,0,0,saved_per_model_table,
Immunogen134,empty,5,results/13_interface_analysis/formal/interface_contacts.csv,L,FR2,0,0,saved_per_model_table,
Immunogen134,empty,5,results/13_interface_analysis/formal/interface_contacts.csv,L,FR3,1,1,saved_per_model_table,
Immunogen134,empty,5,results/13_interface_analysis/formal/interface_contacts.csv,L,FR4,0,0,saved_per_model_table,
Immunogen134,empty,6,results/13_interface_analysis/formal/interface_contacts.csv,H,CDR1,4,1,saved_per_model_table,
Immunogen134,empty,6,results/13_interface_analysis/formal/interface_contacts.csv,H,CDR2,4,1,saved_per_model_table,
Immunogen134,empty,6,results/13_interface_analysis/formal/interface_contacts.csv,H,CDR3,6,1,saved_per_model_table,
Immunogen134,empty,6,results/13_interface_analysis/formal/interface_contacts.csv,H,FR1,0,0,saved_per_model_table,
Immunogen134,empty,6,results/13_interface_analysis/formal/interface_contacts.csv,H,FR2,1,1,saved_per_model_table,
Immunogen134,empty,6,results/13_interface_analysis/formal/interface_contacts.csv,H,FR3,1,1,saved_per_model_table,
Immunogen134,empty,6,results/13_interface_analysis/formal/interface_contacts.csv,H,FR4,0,0,saved_per_model_table,
Immunogen134,empty,6,results/13_interface_analysis/formal/interface_contacts.csv,L,CDR1,5,1,saved_per_model_table,
Immunogen134,empty,6,results/13_interface_analysis/formal/interface_contacts.csv,L,CDR2,1,1,saved_per_model_table,
Immunogen134,empty,6,results/13_interface_analysis/formal/interface_contacts.csv,L,CDR3,5,1,saved_per_model_table,
Immunogen134,empty,6,results/13_interface_analysis/formal/interface_contacts.csv,L,FR1,0,0,saved_per_model_table,
Immunogen134,empty,6,results/13_interface_analysis/formal/interface_contacts.csv,L,FR2,1,1,saved_per_model_table,
Immunogen134,empty,6,results/13_interface_analysis/formal/interface_contacts.csv,L,FR3,1,1,saved_per_model_table,
Immunogen134,empty,6,results/13_interface_analysis/formal/interface_contacts.csv,L,FR4,0,0,saved_per_model_table,
Immunogen134,empty,7,results/13_interface_analysis/formal/interface_contacts.csv,H,CDR1,4,1,saved_per_model_table,
Immunogen134,empty,7,results/13_interface_analysis/formal/interface_contacts.csv,H,CDR2,6,1,saved_per_model_table,
Immunogen134,empty,7,results/13_interface_analysis/formal/interface_contacts.csv,H,CDR3,5,1,saved_per_model_table,
Immunogen134,empty,7,results/13_interface_analysis/formal/interface_contacts.csv,H,FR1,0,0,saved_per_model_table,
Immunogen134,empty,7,results/13_interface_analysis/formal/interface_contacts.csv,H,FR2,1,1,saved_per_model_table,
Immunogen134,empty,7,results/13_interface_analysis/formal/interface_contacts.csv,H,FR3,2,1,saved_per_model_table,
Immunogen134,empty,7,results/13_interface_analysis/formal/interface_contacts.csv,H,FR4,0,0,saved_per_model_table,
Immunogen134,empty,7,results/13_interface_analysis/formal/interface_contacts.csv,L,CDR1,5,1,saved_per_model_table,
Immunogen134,empty,7,results/13_interface_analysis/formal/interface_contacts.csv,L,CDR2,1,1,saved_per_model_table,
Immunogen134,empty,7,results/13_interface_analysis/formal/interface_contacts.csv,L,CDR3,5,1,saved_per_model_table,
Immunogen134,empty,7,results/13_interface_analysis/formal/interface_contacts.csv,L,FR1,0,0,saved_per_model_table,
Immunogen134,empty,7,results/13_interface_analysis/formal/interface_contacts.csv,L,FR2,0,0,saved_per_model_table,
Immunogen134,empty,7,results/13_interface_analysis/formal/interface_contacts.csv,L,FR3,1,1,saved_per_model_table,
Immunogen134,empty,7,results/13_interface_analysis/formal/interface_contacts.csv,L,FR4,0,0,saved_per_model_table,
Immunogen134,empty,8,results/13_interface_analysis/formal/interface_contacts.csv,H,CDR1,4,1,saved_per_model_table,
Immunogen134,empty,8,results/13_interface_analysis/formal/interface_contacts.csv,H,CDR2,5,1,saved_per_model_table,
Immunogen134,empty,8,results/13_interface_analysis/formal/interface_contacts.csv,H,CDR3,7,1,saved_per_model_table,
Immunogen134,empty,8,results/13_interface_analysis/formal/interface_contacts.csv,H,FR1,0,0,saved_per_model_table,
Immunogen134,empty,8,results/13_interface_analysis/formal/interface_contacts.csv,H,FR2,1,1,saved_per_model_table,
Immunogen134,empty,8,results/13_interface_analysis/formal/interface_contacts.csv,H,FR3,1,1,saved_per_model_table,
Immunogen134,empty,8,results/13_interface_analysis/formal/interface_contacts.csv,H,FR4,0,0,saved_per_model_table,
Immunogen134,empty,8,results/13_interface_analysis/formal/interface_contacts.csv,L,CDR1,5,1,saved_per_model_table,
Immunogen134,empty,8,results/13_interface_analysis/formal/interface_contacts.csv,L,CDR2,2,1,saved_per_model_table,
Immunogen134,empty,8,results/13_interface_analysis/formal/interface_contacts.csv,L,CDR3,5,1,saved_per_model_table,
Immunogen134,empty,8,results/13_interface_analysis/formal/interface_contacts.csv,L,FR1,0,0,saved_per_model_table,
Immunogen134,empty,8,results/13_interface_analysis/formal/interface_contacts.csv,L,FR2,1,1,saved_per_model_table,
Immunogen134,empty,8,results/13_interface_analysis/formal/interface_contacts.csv,L,FR3,3,1,saved_per_model_table,
Immunogen134,empty,8,results/13_interface_analysis/formal/interface_contacts.csv,L,FR4,0,0,saved_per_model_table,
Immunogen134,empty,9,results/13_interface_analysis/formal/interface_contacts.csv,H,CDR1,3,1,saved_per_model_table,
Immunogen134,empty,9,results/13_interface_analysis/formal/interface_contacts.csv,H,CDR2,6,1,saved_per_model_table,
Immunogen134,empty,9,results/13_interface_analysis/formal/interface_contacts.csv,H,CDR3,6,1,saved_per_model_table,
Immunogen134,empty,9,results/13_interface_analysis/formal/interface_contacts.csv,H,FR1,0,0,saved_per_model_table,
Immunogen134,empty,9,results/13_interface_analysis/formal/interface_contacts.csv,H,FR2,1,1,saved_per_model_table,
Immunogen134,empty,9,results/13_interface_analysis/formal/interface_contacts.csv,H,FR3,0,0,saved_per_model_table,
Immunogen134,empty,9,results/13_interface_analysis/formal/interface_contacts.csv,H,FR4,0,0,saved_per_model_table,
Immunogen134,empty,9,results/13_interface_analysis/formal/interface_contacts.csv,L,CDR1,6,1,saved_per_model_table,
Immunogen134,empty,9,results/13_interface_analysis/formal/interface_contacts.csv,L,CDR2,1,1,saved_per_model_table,
Immunogen134,empty,9,results/13_interface_analysis/formal/interface_contacts.csv,L,CDR3,5,1,saved_per_model_table,
Immunogen134,empty,9,results/13_interface_analysis/formal/interface_contacts.csv,L,FR1,0,0,saved_per_model_table,
Immunogen134,empty,9,results/13_interface_analysis/formal/interface_contacts.csv,L,FR2,1,1,saved_per_model_table,
Immunogen134,empty,9,results/13_interface_analysis/formal/interface_contacts.csv,L,FR3,1,1,saved_per_model_table,
Immunogen134,empty,9,results/13_interface_analysis/formal/interface_contacts.csv,L,FR4,0,0,saved_per_model_table,
Immunogen134,empty,10,results/13_interface_analysis/formal/interface_contacts.csv,H,CDR1,4,1,saved_per_model_table,
Immunogen134,empty,10,results/13_interface_analysis/formal/interface_contacts.csv,H,CDR2,4,1,saved_per_model_table,
Immunogen134,empty,10,results/13_interface_analysis/formal/interface_contacts.csv,H,CDR3,5,1,saved_per_model_table,
Immunogen134,empty,10,results/13_interface_analysis/formal/interface_contacts.csv,H,FR1,0,0,saved_per_model_table,
Immunogen134,empty,10,results/13_interface_analysis/formal/interface_contacts.csv,H,FR2,1,1,saved_per_model_table,
Immunogen134,empty,10,results/13_interface_analysis/formal/interface_contacts.csv,H,FR3,1,1,saved_per_model_table,
Immunogen134,empty,10,results/13_interface_analysis/formal/interface_contacts.csv,H,FR4,0,0,saved_per_model_table,
Immunogen134,empty,10,results/13_interface_analysis/formal/interface_contacts.csv,L,CDR1,6,1,saved_per_model_table,
Immunogen134,empty,10,results/13_interface_analysis/formal/interface_contacts.csv,L,CDR2,2,1,saved_per_model_table,
Immunogen134,empty,10,results/13_interface_analysis/formal/interface_contacts.csv,L,CDR3,5,1,saved_per_model_table,
Immunogen134,empty,10,results/13_interface_analysis/formal/interface_contacts.csv,L,FR1,0,0,saved_per_model_table,
Immunogen134,empty,10,results/13_interface_analysis/formal/interface_contacts.csv,L,FR2,0,0,saved_per_model_table,
Immunogen134,empty,10,results/13_interface_analysis/formal/interface_contacts.csv,L,FR3,2,1,saved_per_model_table,
Immunogen134,empty,10,results/13_interface_analysis/formal/interface_contacts.csv,L,FR4,0,0,saved_per_model_table,
Immunogen134,empty,11,results/13_interface_analysis/formal/interface_contacts.csv,H,CDR1,4,1,saved_per_model_table,
Immunogen134,empty,11,results/13_interface_analysis/formal/interface_contacts.csv,H,CDR2,6,1,saved_per_model_table,
Immunogen134,empty,11,results/13_interface_analysis/formal/interface_contacts.csv,H,CDR3,4,1,saved_per_model_table,
Immunogen134,empty,11,results/13_interface_analysis/formal/interface_contacts.csv,H,FR1,0,0,saved_per_model_table,
Immunogen134,empty,11,results/13_interface_analysis/formal/interface_contacts.csv,H,FR2,1,1,saved_per_model_table,
Immunogen134,empty,11,results/13_interface_analysis/formal/interface_contacts.csv,H,FR3,1,1,saved_per_model_table,
Immunogen134,empty,11,results/13_interface_analysis/formal/interface_contacts.csv,H,FR4,0,0,saved_per_model_table,
Immunogen134,empty,11,results/13_interface_analysis/formal/interface_contacts.csv,L,CDR1,5,1,saved_per_model_table,
Immunogen134,empty,11,results/13_interface_analysis/formal/interface_contacts.csv,L,CDR2,1,1,saved_per_model_table,
Immunogen134,empty,11,results/13_interface_analysis/formal/interface_contacts.csv,L,CDR3,5,1,saved_per_model_table,
Immunogen134,empty,11,results/13_interface_analysis/formal/interface_contacts.csv,L,FR1,0,0,saved_per_model_table,
Immunogen134,empty,11,results/13_interface_analysis/formal/interface_contacts.csv,L,FR2,0,0,saved_per_model_table,
Immunogen134,empty,11,results/13_interface_analysis/formal/interface_contacts.csv,L,FR3,1,1,saved_per_model_table,
Immunogen134,empty,11,results/13_interface_analysis/formal/interface_contacts.csv,L,FR4,0,0,saved_per_model_table,
Immunogen134,empty,12,results/13_interface_analysis/formal/interface_contacts.csv,H,CDR1,4,1,saved_per_model_table,
Immunogen134,empty,12,results/13_interface_analysis/formal/interface_contacts.csv,H,CDR2,6,1,saved_per_model_table,
Immunogen134,empty,12,results/13_interface_analysis/formal/interface_contacts.csv,H,CDR3,5,1,saved_per_model_table,
Immunogen134,empty,12,results/13_interface_analysis/formal/interface_contacts.csv,H,FR1,0,0,saved_per_model_table,
Immunogen134,empty,12,results/13_interface_analysis/formal/interface_contacts.csv,H,FR2,1,1,saved_per_model_table,
Immunogen134,empty,12,results/13_interface_analysis/formal/interface_contacts.csv,H,FR3,1,1,saved_per_model_table,
Immunogen134,empty,12,results/13_interface_analysis/formal/interface_contacts.csv,H,FR4,0,0,saved_per_model_table,
Immunogen134,empty,12,results/13_interface_analysis/formal/interface_contacts.csv,L,CDR1,6,1,saved_per_model_table,
Immunogen134,empty,12,results/13_interface_analysis/formal/interface_contacts.csv,L,CDR2,1,1,saved_per_model_table,
Immunogen134,empty,12,results/13_interface_analysis/formal/interface_contacts.csv,L,CDR3,5,1,saved_per_model_table,
Immunogen134,empty,12,results/13_interface_analysis/formal/interface_contacts.csv,L,FR1,0,0,saved_per_model_table,
Immunogen134,empty,12,results/13_interface_analysis/formal/interface_contacts.csv,L,FR2,0,0,saved_per_model_table,
Immunogen134,empty,12,results/13_interface_analysis/formal/interface_contacts.csv,L,FR3,1,1,saved_per_model_table,
Immunogen134,empty,12,results/13_interface_analysis/formal/interface_contacts.csv,L,FR4,0,0,saved_per_model_table,
Immunogen134,empty,13,results/13_interface_analysis/formal/interface_contacts.csv,H,CDR1,2,1,saved_per_model_table,
Immunogen134,empty,13,results/13_interface_analysis/formal/interface_contacts.csv,H,CDR2,6,1,saved_per_model_table,
Immunogen134,empty,13,results/13_interface_analysis/formal/interface_contacts.csv,H,CDR3,6,1,saved_per_model_table,
Immunogen134,empty,13,results/13_interface_analysis/formal/interface_contacts.csv,H,FR1,0,0,saved_per_model_table,
Immunogen134,empty,13,results/13_interface_analysis/formal/interface_contacts.csv,H,FR2,1,1,saved_per_model_table,
Immunogen134,empty,13,results/13_interface_analysis/formal/interface_contacts.csv,H,FR3,1,1,saved_per_model_table,
Immunogen134,empty,13,results/13_interface_analysis/formal/interface_contacts.csv,H,FR4,0,0,saved_per_model_table,
Immunogen134,empty,13,results/13_interface_analysis/formal/interface_contacts.csv,L,CDR1,5,1,saved_per_model_table,
Immunogen134,empty,13,results/13_interface_analysis/formal/interface_contacts.csv,L,CDR2,1,1,saved_per_model_table,
Immunogen134,empty,13,results/13_interface_analysis/formal/interface_contacts.csv,L,CDR3,5,1,saved_per_model_table,
Immunogen134,empty,13,results/13_interface_analysis/formal/interface_contacts.csv,L,FR1,0,0,saved_per_model_table,
Immunogen134,empty,13,results/13_interface_analysis/formal/interface_contacts.csv,L,FR2,0,0,saved_per_model_table,
Immunogen134,empty,13,results/13_interface_analysis/formal/interface_contacts.csv,L,FR3,1,1,saved_per_model_table,
Immunogen134,empty,13,results/13_interface_analysis/formal/interface_contacts.csv,L,FR4,0,0,saved_per_model_table,
Immunogen134,empty,14,results/13_interface_analysis/formal/interface_contacts.csv,H,CDR1,5,1,saved_per_model_table,
Immunogen134,empty,14,results/13_interface_analysis/formal/interface_contacts.csv,H,CDR2,6,1,saved_per_model_table,
Immunogen134,empty,14,results/13_interface_analysis/formal/interface_contacts.csv,H,CDR3,6,1,saved_per_model_table,
Immunogen134,empty,14,results/13_interface_analysis/formal/interface_contacts.csv,H,FR1,0,0,saved_per_model_table,
Immunogen134,empty,14,results/13_interface_analysis/formal/interface_contacts.csv,H,FR2,2,1,saved_per_model_table,
Immunogen134,empty,14,results/13_interface_analysis/formal/interface_contacts.csv,H,FR3,1,1,saved_per_model_table,
Immunogen134,empty,14,results/13_interface_analysis/formal/interface_contacts.csv,H,FR4,0,0,saved_per_model_table,
Immunogen134,empty,14,results/13_interface_analysis/formal/interface_contacts.csv,L,CDR1,6,1,saved_per_model_table,
Immunogen134,empty,14,results/13_interface_analysis/formal/interface_contacts.csv,L,CDR2,1,1,saved_per_model_table,
Immunogen134,empty,14,results/13_interface_analysis/formal/interface_contacts.csv,L,CDR3,5,1,saved_per_model_table,
Immunogen134,empty,14,results/13_interface_analysis/formal/interface_contacts.csv,L,FR1,1,1,saved_per_model_table,
Immunogen134,empty,14,results/13_interface_analysis/formal/interface_contacts.csv,L,FR2,0,0,saved_per_model_table,
Immunogen134,empty,14,results/13_interface_analysis/formal/interface_contacts.csv,L,FR3,1,1,saved_per_model_table,
Immunogen134,empty,14,results/13_interface_analysis/formal/interface_contacts.csv,L,FR4,0,0,saved_per_model_table,
Immunogen134,empty,15,results/13_interface_analysis/formal/interface_contacts.csv,H,CDR1,2,1,saved_per_model_table,
Immunogen134,empty,15,results/13_interface_analysis/formal/interface_contacts.csv,H,CDR2,7,1,saved_per_model_table,
Immunogen134,empty,15,results/13_interface_analysis/formal/interface_contacts.csv,H,CDR3,5,1,saved_per_model_table,
Immunogen134,empty,15,results/13_interface_analysis/formal/interface_contacts.csv,H,FR1,0,0,saved_per_model_table,
Immunogen134,empty,15,results/13_interface_analysis/formal/interface_contacts.csv,H,FR2,1,1,saved_per_model_table,
Immunogen134,empty,15,results/13_interface_analysis/formal/interface_contacts.csv,H,FR3,1,1,saved_per_model_table,
Immunogen134,empty,15,results/13_interface_analysis/formal/interface_contacts.csv,H,FR4,0,0,saved_per_model_table,
Immunogen134,empty,15,results/13_interface_analysis/formal/interface_contacts.csv,L,CDR1,4,1,saved_per_model_table,
Immunogen134,empty,15,results/13_interface_analysis/formal/interface_contacts.csv,L,CDR2,1,1,saved_per_model_table,
Immunogen134,empty,15,results/13_interface_analysis/formal/interface_contacts.csv,L,CDR3,4,1,saved_per_model_table,
Immunogen134,empty,15,results/13_interface_analysis/formal/interface_contacts.csv,L,FR1,0,0,saved_per_model_table,
Immunogen134,empty,15,results/13_interface_analysis/formal/interface_contacts.csv,L,FR2,1,1,saved_per_model_table,
Immunogen134,empty,15,results/13_interface_analysis/formal/interface_contacts.csv,L,FR3,1,1,saved_per_model_table,
Immunogen134,empty,15,results/13_interface_analysis/formal/interface_contacts.csv,L,FR4,0,0,saved_per_model_table,
Immunogen134,formal_msa,1,results/13_interface_analysis/formal_msa/interface_contacts.csv,H,CDR1,4,1,saved_per_model_table,
Immunogen134,formal_msa,1,results/13_interface_analysis/formal_msa/interface_contacts.csv,H,CDR2,3,1,saved_per_model_table,
Immunogen134,formal_msa,1,results/13_interface_analysis/formal_msa/interface_contacts.csv,H,CDR3,5,1,saved_per_model_table,
Immunogen134,formal_msa,1,results/13_interface_analysis/formal_msa/interface_contacts.csv,H,FR1,0,0,saved_per_model_table,
Immunogen134,formal_msa,1,results/13_interface_analysis/formal_msa/interface_contacts.csv,H,FR2,1,1,saved_per_model_table,
Immunogen134,formal_msa,1,results/13_interface_analysis/formal_msa/interface_contacts.csv,H,FR3,2,1,saved_per_model_table,
Immunogen134,formal_msa,1,results/13_interface_analysis/formal_msa/interface_contacts.csv,H,FR4,0,0,saved_per_model_table,
Immunogen134,formal_msa,1,results/13_interface_analysis/formal_msa/interface_contacts.csv,L,CDR1,0,0,saved_per_model_table,
Immunogen134,formal_msa,1,results/13_interface_analysis/formal_msa/interface_contacts.csv,L,CDR2,0,0,saved_per_model_table,
Immunogen134,formal_msa,1,results/13_interface_analysis/formal_msa/interface_contacts.csv,L,CDR3,4,1,saved_per_model_table,
Immunogen134,formal_msa,1,results/13_interface_analysis/formal_msa/interface_contacts.csv,L,FR1,0,0,saved_per_model_table,
Immunogen134,formal_msa,1,results/13_interface_analysis/formal_msa/interface_contacts.csv,L,FR2,0,0,saved_per_model_table,
Immunogen134,formal_msa,1,results/13_interface_analysis/formal_msa/interface_contacts.csv,L,FR3,1,1,saved_per_model_table,
Immunogen134,formal_msa,1,results/13_interface_analysis/formal_msa/interface_contacts.csv,L,FR4,0,0,saved_per_model_table,
Immunogen134,formal_msa,2,results/13_interface_analysis/formal_msa/interface_contacts.csv,H,CDR1,4,1,saved_per_model_table,
Immunogen134,formal_msa,2,results/13_interface_analysis/formal_msa/interface_contacts.csv,H,CDR2,3,1,saved_per_model_table,
Immunogen134,formal_msa,2,results/13_interface_analysis/formal_msa/interface_contacts.csv,H,CDR3,6,1,saved_per_model_table,
Immunogen134,formal_msa,2,results/13_interface_analysis/formal_msa/interface_contacts.csv,H,FR1,0,0,saved_per_model_table,
Immunogen134,formal_msa,2,results/13_interface_analysis/formal_msa/interface_contacts.csv,H,FR2,1,1,saved_per_model_table,
Immunogen134,formal_msa,2,results/13_interface_analysis/formal_msa/interface_contacts.csv,H,FR3,2,1,saved_per_model_table,
Immunogen134,formal_msa,2,results/13_interface_analysis/formal_msa/interface_contacts.csv,H,FR4,0,0,saved_per_model_table,
Immunogen134,formal_msa,2,results/13_interface_analysis/formal_msa/interface_contacts.csv,L,CDR1,6,1,saved_per_model_table,
Immunogen134,formal_msa,2,results/13_interface_analysis/formal_msa/interface_contacts.csv,L,CDR2,1,1,saved_per_model_table,
Immunogen134,formal_msa,2,results/13_interface_analysis/formal_msa/interface_contacts.csv,L,CDR3,3,1,saved_per_model_table,
Immunogen134,formal_msa,2,results/13_interface_analysis/formal_msa/interface_contacts.csv,L,FR1,0,0,saved_per_model_table,
Immunogen134,formal_msa,2,results/13_interface_analysis/formal_msa/interface_contacts.csv,L,FR2,0,0,saved_per_model_table,
Immunogen134,formal_msa,2,results/13_interface_analysis/formal_msa/interface_contacts.csv,L,FR3,0,0,saved_per_model_table,
Immunogen134,formal_msa,2,results/13_interface_analysis/formal_msa/interface_contacts.csv,L,FR4,0,0,saved_per_model_table,
Immunogen134,formal_msa,3,results/13_interface_analysis/formal_msa/interface_contacts.csv,H,CDR1,4,1,saved_per_model_table,
Immunogen134,formal_msa,3,results/13_interface_analysis/formal_msa/interface_contacts.csv,H,CDR2,5,1,saved_per_model_table,
Immunogen134,formal_msa,3,results/13_interface_analysis/formal_msa/interface_contacts.csv,H,CDR3,7,1,saved_per_model_table,
Immunogen134,formal_msa,3,results/13_interface_analysis/formal_msa/interface_contacts.csv,H,FR1,0,0,saved_per_model_table,
Immunogen134,formal_msa,3,results/13_interface_analysis/formal_msa/interface_contacts.csv,H,FR2,1,1,saved_per_model_table,
Immunogen134,formal_msa,3,results/13_interface_analysis/formal_msa/interface_contacts.csv,H,FR3,0,0,saved_per_model_table,
Immunogen134,formal_msa,3,results/13_interface_analysis/formal_msa/interface_contacts.csv,H,FR4,0,0,saved_per_model_table,
Immunogen134,formal_msa,3,results/13_interface_analysis/formal_msa/interface_contacts.csv,L,CDR1,3,1,saved_per_model_table,
Immunogen134,formal_msa,3,results/13_interface_analysis/formal_msa/interface_contacts.csv,L,CDR2,1,1,saved_per_model_table,
Immunogen134,formal_msa,3,results/13_interface_analysis/formal_msa/interface_contacts.csv,L,CDR3,5,1,saved_per_model_table,
Immunogen134,formal_msa,3,results/13_interface_analysis/formal_msa/interface_contacts.csv,L,FR1,0,0,saved_per_model_table,
Immunogen134,formal_msa,3,results/13_interface_analysis/formal_msa/interface_contacts.csv,L,FR2,0,0,saved_per_model_table,
Immunogen134,formal_msa,3,results/13_interface_analysis/formal_msa/interface_contacts.csv,L,FR3,1,1,saved_per_model_table,
Immunogen134,formal_msa,3,results/13_interface_analysis/formal_msa/interface_contacts.csv,L,FR4,0,0,saved_per_model_table,
Immunogen134,formal_msa,4,results/13_interface_analysis/formal_msa/interface_contacts.csv,H,CDR1,4,1,saved_per_model_table,
Immunogen134,formal_msa,4,results/13_interface_analysis/formal_msa/interface_contacts.csv,H,CDR2,5,1,saved_per_model_table,
Immunogen134,formal_msa,4,results/13_interface_analysis/formal_msa/interface_contacts.csv,H,CDR3,4,1,saved_per_model_table,
Immunogen134,formal_msa,4,results/13_interface_analysis/formal_msa/interface_contacts.csv,H,FR1,0,0,saved_per_model_table,
Immunogen134,formal_msa,4,results/13_interface_analysis/formal_msa/interface_contacts.csv,H,FR2,1,1,saved_per_model_table,
Immunogen134,formal_msa,4,results/13_interface_analysis/formal_msa/interface_contacts.csv,H,FR3,1,1,saved_per_model_table,
Immunogen134,formal_msa,4,results/13_interface_analysis/formal_msa/interface_contacts.csv,H,FR4,0,0,saved_per_model_table,
Immunogen134,formal_msa,4,results/13_interface_analysis/formal_msa/interface_contacts.csv,L,CDR1,0,0,saved_per_model_table,
Immunogen134,formal_msa,4,results/13_interface_analysis/formal_msa/interface_contacts.csv,L,CDR2,0,0,saved_per_model_table,
Immunogen134,formal_msa,4,results/13_interface_analysis/formal_msa/interface_contacts.csv,L,CDR3,5,1,saved_per_model_table,
Immunogen134,formal_msa,4,results/13_interface_analysis/formal_msa/interface_contacts.csv,L,FR1,0,0,saved_per_model_table,
Immunogen134,formal_msa,4,results/13_interface_analysis/formal_msa/interface_contacts.csv,L,FR2,0,0,saved_per_model_table,
Immunogen134,formal_msa,4,results/13_interface_analysis/formal_msa/interface_contacts.csv,L,FR3,0,0,saved_per_model_table,
Immunogen134,formal_msa,4,results/13_interface_analysis/formal_msa/interface_contacts.csv,L,FR4,0,0,saved_per_model_table,
Immunogen134,formal_msa,5,results/13_interface_analysis/formal_msa/interface_contacts.csv,H,CDR1,4,1,saved_per_model_table,
Immunogen134,formal_msa,5,results/13_interface_analysis/formal_msa/interface_contacts.csv,H,CDR2,3,1,saved_per_model_table,
Immunogen134,formal_msa,5,results/13_interface_analysis/formal_msa/interface_contacts.csv,H,CDR3,6,1,saved_per_model_table,
Immunogen134,formal_msa,5,results/13_interface_analysis/formal_msa/interface_contacts.csv,H,FR1,0,0,saved_per_model_table,
Immunogen134,formal_msa,5,results/13_interface_analysis/formal_msa/interface_contacts.csv,H,FR2,1,1,saved_per_model_table,
Immunogen134,formal_msa,5,results/13_interface_analysis/formal_msa/interface_contacts.csv,H,FR3,2,1,saved_per_model_table,
Immunogen134,formal_msa,5,results/13_interface_analysis/formal_msa/interface_contacts.csv,H,FR4,0,0,saved_per_model_table,
Immunogen134,formal_msa,5,results/13_interface_analysis/formal_msa/interface_contacts.csv,L,CDR1,0,0,saved_per_model_table,
Immunogen134,formal_msa,5,results/13_interface_analysis/formal_msa/interface_contacts.csv,L,CDR2,1,1,saved_per_model_table,
Immunogen134,formal_msa,5,results/13_interface_analysis/formal_msa/interface_contacts.csv,L,CDR3,4,1,saved_per_model_table,
Immunogen134,formal_msa,5,results/13_interface_analysis/formal_msa/interface_contacts.csv,L,FR1,0,0,saved_per_model_table,
Immunogen134,formal_msa,5,results/13_interface_analysis/formal_msa/interface_contacts.csv,L,FR2,0,0,saved_per_model_table,
Immunogen134,formal_msa,5,results/13_interface_analysis/formal_msa/interface_contacts.csv,L,FR3,1,1,saved_per_model_table,
Immunogen134,formal_msa,5,results/13_interface_analysis/formal_msa/interface_contacts.csv,L,FR4,0,0,saved_per_model_table,
Immunogen134,formal_msa,6,results/13_interface_analysis/formal_msa/interface_contacts.csv,H,CDR1,4,1,saved_per_model_table,
Immunogen134,formal_msa,6,results/13_interface_analysis/formal_msa/interface_contacts.csv,H,CDR2,2,1,saved_per_model_table,
Immunogen134,formal_msa,6,results/13_interface_analysis/formal_msa/interface_contacts.csv,H,CDR3,6,1,saved_per_model_table,
Immunogen134,formal_msa,6,results/13_interface_analysis/formal_msa/interface_contacts.csv,H,FR1,0,0,saved_per_model_table,
Immunogen134,formal_msa,6,results/13_interface_analysis/formal_msa/interface_contacts.csv,H,FR2,1,1,saved_per_model_table,
Immunogen134,formal_msa,6,results/13_interface_analysis/formal_msa/interface_contacts.csv,H,FR3,2,1,saved_per_model_table,
Immunogen134,formal_msa,6,results/13_interface_analysis/formal_msa/interface_contacts.csv,H,FR4,0,0,saved_per_model_table,
Immunogen134,formal_msa,6,results/13_interface_analysis/formal_msa/interface_contacts.csv,L,CDR1,0,0,saved_per_model_table,
Immunogen134,formal_msa,6,results/13_interface_analysis/formal_msa/interface_contacts.csv,L,CDR2,0,0,saved_per_model_table,
Immunogen134,formal_msa,6,results/13_interface_analysis/formal_msa/interface_contacts.csv,L,CDR3,4,1,saved_per_model_table,
Immunogen134,formal_msa,6,results/13_interface_analysis/formal_msa/interface_contacts.csv,L,FR1,0,0,saved_per_model_table,
Immunogen134,formal_msa,6,results/13_interface_analysis/formal_msa/interface_contacts.csv,L,FR2,0,0,saved_per_model_table,
Immunogen134,formal_msa,6,results/13_interface_analysis/formal_msa/interface_contacts.csv,L,FR3,1,1,saved_per_model_table,
Immunogen134,formal_msa,6,results/13_interface_analysis/formal_msa/interface_contacts.csv,L,FR4,0,0,saved_per_model_table,
Immunogen134,formal_msa,7,results/13_interface_analysis/formal_msa/interface_contacts.csv,H,CDR1,4,1,saved_per_model_table,
Immunogen134,formal_msa,7,results/13_interface_analysis/formal_msa/interface_contacts.csv,H,CDR2,4,1,saved_per_model_table,
Immunogen134,formal_msa,7,results/13_interface_analysis/formal_msa/interface_contacts.csv,H,CDR3,6,1,saved_per_model_table,
Immunogen134,formal_msa,7,results/13_interface_analysis/formal_msa/interface_contacts.csv,H,FR1,0,0,saved_per_model_table,
Immunogen134,formal_msa,7,results/13_interface_analysis/formal_msa/interface_contacts.csv,H,FR2,1,1,saved_per_model_table,
Immunogen134,formal_msa,7,results/13_interface_analysis/formal_msa/interface_contacts.csv,H,FR3,1,1,saved_per_model_table,
Immunogen134,formal_msa,7,results/13_interface_analysis/formal_msa/interface_contacts.csv,H,FR4,0,0,saved_per_model_table,
Immunogen134,formal_msa,7,results/13_interface_analysis/formal_msa/interface_contacts.csv,L,CDR1,0,0,saved_per_model_table,
Immunogen134,formal_msa,7,results/13_interface_analysis/formal_msa/interface_contacts.csv,L,CDR2,0,0,saved_per_model_table,
Immunogen134,formal_msa,7,results/13_interface_analysis/formal_msa/interface_contacts.csv,L,CDR3,5,1,saved_per_model_table,
Immunogen134,formal_msa,7,results/13_interface_analysis/formal_msa/interface_contacts.csv,L,FR1,0,0,saved_per_model_table,
Immunogen134,formal_msa,7,results/13_interface_analysis/formal_msa/interface_contacts.csv,L,FR2,0,0,saved_per_model_table,
Immunogen134,formal_msa,7,results/13_interface_analysis/formal_msa/interface_contacts.csv,L,FR3,1,1,saved_per_model_table,
Immunogen134,formal_msa,7,results/13_interface_analysis/formal_msa/interface_contacts.csv,L,FR4,0,0,saved_per_model_table,
Immunogen134,formal_msa,8,results/13_interface_analysis/formal_msa/interface_contacts.csv,H,CDR1,4,1,saved_per_model_table,
Immunogen134,formal_msa,8,results/13_interface_analysis/formal_msa/interface_contacts.csv,H,CDR2,5,1,saved_per_model_table,
Immunogen134,formal_msa,8,results/13_interface_analysis/formal_msa/interface_contacts.csv,H,CDR3,5,1,saved_per_model_table,
Immunogen134,formal_msa,8,results/13_interface_analysis/formal_msa/interface_contacts.csv,H,FR1,0,0,saved_per_model_table,
Immunogen134,formal_msa,8,results/13_interface_analysis/formal_msa/interface_contacts.csv,H,FR2,1,1,saved_per_model_table,
Immunogen134,formal_msa,8,results/13_interface_analysis/formal_msa/interface_contacts.csv,H,FR3,1,1,saved_per_model_table,
Immunogen134,formal_msa,8,results/13_interface_analysis/formal_msa/interface_contacts.csv,H,FR4,0,0,saved_per_model_table,
Immunogen134,formal_msa,8,results/13_interface_analysis/formal_msa/interface_contacts.csv,L,CDR1,5,1,saved_per_model_table,
Immunogen134,formal_msa,8,results/13_interface_analysis/formal_msa/interface_contacts.csv,L,CDR2,1,1,saved_per_model_table,
Immunogen134,formal_msa,8,results/13_interface_analysis/formal_msa/interface_contacts.csv,L,CDR3,5,1,saved_per_model_table,
Immunogen134,formal_msa,8,results/13_interface_analysis/formal_msa/interface_contacts.csv,L,FR1,0,0,saved_per_model_table,
Immunogen134,formal_msa,8,results/13_interface_analysis/formal_msa/interface_contacts.csv,L,FR2,0,0,saved_per_model_table,
Immunogen134,formal_msa,8,results/13_interface_analysis/formal_msa/interface_contacts.csv,L,FR3,2,1,saved_per_model_table,
Immunogen134,formal_msa,8,results/13_interface_analysis/formal_msa/interface_contacts.csv,L,FR4,0,0,saved_per_model_table,
Immunogen134,formal_msa,9,results/13_interface_analysis/formal_msa/interface_contacts.csv,H,CDR1,4,1,saved_per_model_table,
Immunogen134,formal_msa,9,results/13_interface_analysis/formal_msa/interface_contacts.csv,H,CDR2,4,1,saved_per_model_table,
Immunogen134,formal_msa,9,results/13_interface_analysis/formal_msa/interface_contacts.csv,H,CDR3,6,1,saved_per_model_table,
Immunogen134,formal_msa,9,results/13_interface_analysis/formal_msa/interface_contacts.csv,H,FR1,0,0,saved_per_model_table,
Immunogen134,formal_msa,9,results/13_interface_analysis/formal_msa/interface_contacts.csv,H,FR2,1,1,saved_per_model_table,
Immunogen134,formal_msa,9,results/13_interface_analysis/formal_msa/interface_contacts.csv,H,FR3,1,1,saved_per_model_table,
Immunogen134,formal_msa,9,results/13_interface_analysis/formal_msa/interface_contacts.csv,H,FR4,0,0,saved_per_model_table,
Immunogen134,formal_msa,9,results/13_interface_analysis/formal_msa/interface_contacts.csv,L,CDR1,3,1,saved_per_model_table,
Immunogen134,formal_msa,9,results/13_interface_analysis/formal_msa/interface_contacts.csv,L,CDR2,1,1,saved_per_model_table,
Immunogen134,formal_msa,9,results/13_interface_analysis/formal_msa/interface_contacts.csv,L,CDR3,5,1,saved_per_model_table,
Immunogen134,formal_msa,9,results/13_interface_analysis/formal_msa/interface_contacts.csv,L,FR1,0,0,saved_per_model_table,
Immunogen134,formal_msa,9,results/13_interface_analysis/formal_msa/interface_contacts.csv,L,FR2,0,0,saved_per_model_table,
Immunogen134,formal_msa,9,results/13_interface_analysis/formal_msa/interface_contacts.csv,L,FR3,1,1,saved_per_model_table,
Immunogen134,formal_msa,9,results/13_interface_analysis/formal_msa/interface_contacts.csv,L,FR4,0,0,saved_per_model_table,
Immunogen134,formal_msa,10,results/13_interface_analysis/formal_msa/interface_contacts.csv,H,CDR1,4,1,saved_per_model_table,
Immunogen134,formal_msa,10,results/13_interface_analysis/formal_msa/interface_contacts.csv,H,CDR2,5,1,saved_per_model_table,
Immunogen134,formal_msa,10,results/13_interface_analysis/formal_msa/interface_contacts.csv,H,CDR3,6,1,saved_per_model_table,
Immunogen134,formal_msa,10,results/13_interface_analysis/formal_msa/interface_contacts.csv,H,FR1,0,0,saved_per_model_table,
Immunogen134,formal_msa,10,results/13_interface_analysis/formal_msa/interface_contacts.csv,H,FR2,1,1,saved_per_model_table,
Immunogen134,formal_msa,10,results/13_interface_analysis/formal_msa/interface_contacts.csv,H,FR3,0,0,saved_per_model_table,
Immunogen134,formal_msa,10,results/13_interface_analysis/formal_msa/interface_contacts.csv,H,FR4,0,0,saved_per_model_table,
Immunogen134,formal_msa,10,results/13_interface_analysis/formal_msa/interface_contacts.csv,L,CDR1,3,1,saved_per_model_table,
Immunogen134,formal_msa,10,results/13_interface_analysis/formal_msa/interface_contacts.csv,L,CDR2,1,1,saved_per_model_table,
Immunogen134,formal_msa,10,results/13_interface_analysis/formal_msa/interface_contacts.csv,L,CDR3,5,1,saved_per_model_table,
Immunogen134,formal_msa,10,results/13_interface_analysis/formal_msa/interface_contacts.csv,L,FR1,0,0,saved_per_model_table,
Immunogen134,formal_msa,10,results/13_interface_analysis/formal_msa/interface_contacts.csv,L,FR2,0,0,saved_per_model_table,
Immunogen134,formal_msa,10,results/13_interface_analysis/formal_msa/interface_contacts.csv,L,FR3,1,1,saved_per_model_table,
Immunogen134,formal_msa,10,results/13_interface_analysis/formal_msa/interface_contacts.csv,L,FR4,0,0,saved_per_model_table,
Immunogen134,formal_msa,11,results/13_interface_analysis/formal_msa/interface_contacts.csv,H,CDR1,3,1,saved_per_model_table,
Immunogen134,formal_msa,11,results/13_interface_analysis/formal_msa/interface_contacts.csv,H,CDR2,5,1,saved_per_model_table,
Immunogen134,formal_msa,11,results/13_interface_analysis/formal_msa/interface_contacts.csv,H,CDR3,5,1,saved_per_model_table,
Immunogen134,formal_msa,11,results/13_interface_analysis/formal_msa/interface_contacts.csv,H,FR1,0,0,saved_per_model_table,
Immunogen134,formal_msa,11,results/13_interface_analysis/formal_msa/interface_contacts.csv,H,FR2,0,0,saved_per_model_table,
Immunogen134,formal_msa,11,results/13_interface_analysis/formal_msa/interface_contacts.csv,H,FR3,1,1,saved_per_model_table,
Immunogen134,formal_msa,11,results/13_interface_analysis/formal_msa/interface_contacts.csv,H,FR4,0,0,saved_per_model_table,
Immunogen134,formal_msa,11,results/13_interface_analysis/formal_msa/interface_contacts.csv,L,CDR1,1,1,saved_per_model_table,
Immunogen134,formal_msa,11,results/13_interface_analysis/formal_msa/interface_contacts.csv,L,CDR2,1,1,saved_per_model_table,
Immunogen134,formal_msa,11,results/13_interface_analysis/formal_msa/interface_contacts.csv,L,CDR3,4,1,saved_per_model_table,
Immunogen134,formal_msa,11,results/13_interface_analysis/formal_msa/interface_contacts.csv,L,FR1,0,0,saved_per_model_table,
Immunogen134,formal_msa,11,results/13_interface_analysis/formal_msa/interface_contacts.csv,L,FR2,0,0,saved_per_model_table,
Immunogen134,formal_msa,11,results/13_interface_analysis/formal_msa/interface_contacts.csv,L,FR3,1,1,saved_per_model_table,
Immunogen134,formal_msa,11,results/13_interface_analysis/formal_msa/interface_contacts.csv,L,FR4,0,0,saved_per_model_table,
Immunogen134,formal_msa,12,results/13_interface_analysis/formal_msa/interface_contacts.csv,H,CDR1,4,1,saved_per_model_table,
Immunogen134,formal_msa,12,results/13_interface_analysis/formal_msa/interface_contacts.csv,H,CDR2,5,1,saved_per_model_table,
Immunogen134,formal_msa,12,results/13_interface_analysis/formal_msa/interface_contacts.csv,H,CDR3,6,1,saved_per_model_table,
Immunogen134,formal_msa,12,results/13_interface_analysis/formal_msa/interface_contacts.csv,H,FR1,0,0,saved_per_model_table,
Immunogen134,formal_msa,12,results/13_interface_analysis/formal_msa/interface_contacts.csv,H,FR2,1,1,saved_per_model_table,
Immunogen134,formal_msa,12,results/13_interface_analysis/formal_msa/interface_contacts.csv,H,FR3,1,1,saved_per_model_table,
Immunogen134,formal_msa,12,results/13_interface_analysis/formal_msa/interface_contacts.csv,H,FR4,0,0,saved_per_model_table,
Immunogen134,formal_msa,12,results/13_interface_analysis/formal_msa/interface_contacts.csv,L,CDR1,2,1,saved_per_model_table,
Immunogen134,formal_msa,12,results/13_interface_analysis/formal_msa/interface_contacts.csv,L,CDR2,1,1,saved_per_model_table,
Immunogen134,formal_msa,12,results/13_interface_analysis/formal_msa/interface_contacts.csv,L,CDR3,5,1,saved_per_model_table,
Immunogen134,formal_msa,12,results/13_interface_analysis/formal_msa/interface_contacts.csv,L,FR1,0,0,saved_per_model_table,
Immunogen134,formal_msa,12,results/13_interface_analysis/formal_msa/interface_contacts.csv,L,FR2,0,0,saved_per_model_table,
Immunogen134,formal_msa,12,results/13_interface_analysis/formal_msa/interface_contacts.csv,L,FR3,1,1,saved_per_model_table,
Immunogen134,formal_msa,12,results/13_interface_analysis/formal_msa/interface_contacts.csv,L,FR4,0,0,saved_per_model_table,
Immunogen134,formal_msa,13,results/13_interface_analysis/formal_msa/interface_contacts.csv,H,CDR1,5,1,saved_per_model_table,
Immunogen134,formal_msa,13,results/13_interface_analysis/formal_msa/interface_contacts.csv,H,CDR2,4,1,saved_per_model_table,
Immunogen134,formal_msa,13,results/13_interface_analysis/formal_msa/interface_contacts.csv,H,CDR3,6,1,saved_per_model_table,
Immunogen134,formal_msa,13,results/13_interface_analysis/formal_msa/interface_contacts.csv,H,FR1,0,0,saved_per_model_table,
Immunogen134,formal_msa,13,results/13_interface_analysis/formal_msa/interface_contacts.csv,H,FR2,1,1,saved_per_model_table,
Immunogen134,formal_msa,13,results/13_interface_analysis/formal_msa/interface_contacts.csv,H,FR3,1,1,saved_per_model_table,
Immunogen134,formal_msa,13,results/13_interface_analysis/formal_msa/interface_contacts.csv,H,FR4,0,0,saved_per_model_table,
Immunogen134,formal_msa,13,results/13_interface_analysis/formal_msa/interface_contacts.csv,L,CDR1,0,0,saved_per_model_table,
Immunogen134,formal_msa,13,results/13_interface_analysis/formal_msa/interface_contacts.csv,L,CDR2,1,1,saved_per_model_table,
Immunogen134,formal_msa,13,results/13_interface_analysis/formal_msa/interface_contacts.csv,L,CDR3,2,1,saved_per_model_table,
Immunogen134,formal_msa,13,results/13_interface_analysis/formal_msa/interface_contacts.csv,L,FR1,0,0,saved_per_model_table,
Immunogen134,formal_msa,13,results/13_interface_analysis/formal_msa/interface_contacts.csv,L,FR2,0,0,saved_per_model_table,
Immunogen134,formal_msa,13,results/13_interface_analysis/formal_msa/interface_contacts.csv,L,FR3,0,0,saved_per_model_table,
Immunogen134,formal_msa,13,results/13_interface_analysis/formal_msa/interface_contacts.csv,L,FR4,0,0,saved_per_model_table,
Immunogen134,formal_msa,14,results/13_interface_analysis/formal_msa/interface_contacts.csv,H,CDR1,4,1,saved_per_model_table,
Immunogen134,formal_msa,14,results/13_interface_analysis/formal_msa/interface_contacts.csv,H,CDR2,5,1,saved_per_model_table,
Immunogen134,formal_msa,14,results/13_interface_analysis/formal_msa/interface_contacts.csv,H,CDR3,7,1,saved_per_model_table,
Immunogen134,formal_msa,14,results/13_interface_analysis/formal_msa/interface_contacts.csv,H,FR1,0,0,saved_per_model_table,
Immunogen134,formal_msa,14,results/13_interface_analysis/formal_msa/interface_contacts.csv,H,FR2,1,1,saved_per_model_table,
Immunogen134,formal_msa,14,results/13_interface_analysis/formal_msa/interface_contacts.csv,H,FR3,0,0,saved_per_model_table,
Immunogen134,formal_msa,14,results/13_interface_analysis/formal_msa/interface_contacts.csv,H,FR4,0,0,saved_per_model_table,
Immunogen134,formal_msa,14,results/13_interface_analysis/formal_msa/interface_contacts.csv,L,CDR1,1,1,saved_per_model_table,
Immunogen134,formal_msa,14,results/13_interface_analysis/formal_msa/interface_contacts.csv,L,CDR2,1,1,saved_per_model_table,
Immunogen134,formal_msa,14,results/13_interface_analysis/formal_msa/interface_contacts.csv,L,CDR3,5,1,saved_per_model_table,
Immunogen134,formal_msa,14,results/13_interface_analysis/formal_msa/interface_contacts.csv,L,FR1,0,0,saved_per_model_table,
Immunogen134,formal_msa,14,results/13_interface_analysis/formal_msa/interface_contacts.csv,L,FR2,0,0,saved_per_model_table,
Immunogen134,formal_msa,14,results/13_interface_analysis/formal_msa/interface_contacts.csv,L,FR3,1,1,saved_per_model_table,
Immunogen134,formal_msa,14,results/13_interface_analysis/formal_msa/interface_contacts.csv,L,FR4,0,0,saved_per_model_table,
Immunogen134,formal_msa,15,results/13_interface_analysis/formal_msa/interface_contacts.csv,H,CDR1,4,1,saved_per_model_table,
Immunogen134,formal_msa,15,results/13_interface_analysis/formal_msa/interface_contacts.csv,H,CDR2,3,1,saved_per_model_table,
Immunogen134,formal_msa,15,results/13_interface_analysis/formal_msa/interface_contacts.csv,H,CDR3,4,1,saved_per_model_table,
Immunogen134,formal_msa,15,results/13_interface_analysis/formal_msa/interface_contacts.csv,H,FR1,0,0,saved_per_model_table,
Immunogen134,formal_msa,15,results/13_interface_analysis/formal_msa/interface_contacts.csv,H,FR2,2,1,saved_per_model_table,
Immunogen134,formal_msa,15,results/13_interface_analysis/formal_msa/interface_contacts.csv,H,FR3,4,1,saved_per_model_table,
Immunogen134,formal_msa,15,results/13_interface_analysis/formal_msa/interface_contacts.csv,H,FR4,0,0,saved_per_model_table,
Immunogen134,formal_msa,15,results/13_interface_analysis/formal_msa/interface_contacts.csv,L,CDR1,0,0,saved_per_model_table,
Immunogen134,formal_msa,15,results/13_interface_analysis/formal_msa/interface_contacts.csv,L,CDR2,1,1,saved_per_model_table,
Immunogen134,formal_msa,15,results/13_interface_analysis/formal_msa/interface_contacts.csv,L,CDR3,5,1,saved_per_model_table,
Immunogen134,formal_msa,15,results/13_interface_analysis/formal_msa/interface_contacts.csv,L,FR1,0,0,saved_per_model_table,
Immunogen134,formal_msa,15,results/13_interface_analysis/formal_msa/interface_contacts.csv,L,FR2,0,0,saved_per_model_table,
Immunogen134,formal_msa,15,results/13_interface_analysis/formal_msa/interface_contacts.csv,L,FR3,0,0,saved_per_model_table,
Immunogen134,formal_msa,15,results/13_interface_analysis/formal_msa/interface_contacts.csv,L,FR4,0,0,saved_per_model_table,
