construct,condition,seed,source_path,seed_left,seed_right,source_path_left,source_path_right,jaccard_legacy,jaccard_nonempty_union,interface_state,both_empty
Full181,empty,1;2,results/full181_supplement/full181_model_summary.csv,1,2,results/full181_supplement/raw/empty/seed1/boltz_results_full_blind/predictions/full_blind/full_blind_model_0.pdb,results/full181_supplement/raw/empty/seed2/boltz_results_full_blind/predictions/full_blind/full_blind_model_0.pdb,0.3111111111111111,0.3111111111111111,both_nonempty,0
Full181,empty,1;3,results/full181_supplement/full181_model_summary.csv,1,3,results/full181_supplement/raw/empty/seed1/boltz_results_full_blind/predictions/full_blind/full_blind_model_0.pdb,results/full181_supplement/raw/empty/seed3/boltz_results_full_blind/predictions/full_blind/full_blind_model_0.pdb,0.5833333333333334,0.5833333333333334,both_nonempty,0
Full181,empty,1;4,results/full181_supplement/full181_model_summary.csv,1,4,results/full181_supplement/raw/empty/seed1/boltz_results_full_blind/predictions/full_blind/full_blind_model_0.pdb,results/full181_supplement/raw/empty/seed4/boltz_results_full_blind/predictions/full_blind/full_blind_model_0.pdb,0.475,0.475,both_nonempty,0
Full181,empty,1;5,results/full181_supplement/full181_model_summary.csv,1,5,results/full181_supplement/raw/empty/seed1/boltz_results_full_blind/predictions/full_blind/full_blind_model_0.pdb,results/full181_supplement/raw/empty/seed5/boltz_results_full_blind/predictions/full_blind/full_blind_model_0.pdb,0.6216216216216216,0.6216216216216216,both_nonempty,0
Full181,empty,1;6,results/full181_supplement/full181_model_summary.csv,1,6,results/full181_supplement/raw/empty/seed1/boltz_results_full_blind/predictions/full_blind/full_blind_model_0.pdb,results/full181_supplement/raw/empty/seed6/boltz_results_full_blind/predictions/full_blind/full_blind_model_0.pdb,0.6176470588235294,0.6176470588235294,both_nonempty,0
Full181,empty,1;7,results/full181_supplement/full181_model_summary.csv,1,7,results/full181_supplement/raw/empty/seed1/boltz_results_full_blind/predictions/full_blind/full_blind_model_0.pdb,results/full181_supplement/raw/empty/seed7/boltz_results_full_blind/predictions/full_blind/full_blind_model_0.pdb,0.37209302325581395,0.37209302325581395,both_nonempty,0
Full181,empty,1;8,results/full181_supplement/full181_model_summary.csv,1,8,results/full181_supplement/raw/empty/seed1/boltz_results_full_blind/predictions/full_blind/full_blind_model_0.pdb,results/full181_supplement/raw/empty/seed8/boltz_results_full_blind/predictions/full_blind/full_blind_model_0.pdb,0.2727272727272727,0.2727272727272727,both_nonempty,0
Full181,empty,1;9,results/full181_supplement/full181_model_summary.csv,1,9,results/full181_supplement/raw/empty/seed1/boltz_results_full_blind/predictions/full_blind/full_blind_model_0.pdb,results/full181_supplement/raw/empty/seed9/boltz_results_full_blind/predictions/full_blind/full_blind_model_0.pdb,0.5833333333333334,0.5833333333333334,both_nonempty,0
Full181,empty,1;10,results/full181_supplement/full181_model_summary.csv,1,10,results/full181_supplement/raw/empty/seed1/boltz_results_full_blind/predictions/full_blind/full_blind_model_0.pdb,results/full181_supplement/raw/empty/seed10/boltz_results_full_blind/predictions/full_blind/full_blind_model_0.pdb,0.3409090909090909,0.3409090909090909,both_nonempty,0
Full181,empty,1;11,results/full181_supplement/full181_model_summary.csv,1,11,results/full181_supplement/raw/empty/seed1/boltz_results_full_blind/predictions/full_blind/full_blind_model_0.pdb,results/full181_supplement/raw/empty/seed11/boltz_results_full_blind/predictions/full_blind/full_blind_model_0.pdb,0.3953488372093023,0.3953488372093023,both_nonempty,0
Full181,empty,1;12,results/full181_supplement/full181_model_summary.csv,1,12,results/full181_supplement/raw/empty/seed1/boltz_results_full_blind/predictions/full_blind/full_blind_model_0.pdb,results/full181_supplement/raw/empty/seed12/boltz_results_full_blind/predictions/full_blind/full_blind_model_0.pdb,0.3684210526315789,0.3684210526315789,both_nonempty,0
Full181,empty,1;13,results/full181_supplement/full181_model_summary.csv,1,13,results/full181_supplement/raw/empty/seed1/boltz_results_full_blind/predictions/full_blind/full_blind_model_0.pdb,results/full181_supplement/raw/empty/seed13/boltz_results_full_blind/predictions/full_blind/full_blind_model_0.pdb,0.5641025641025641,0.5641025641025641,both_nonempty,0
Full181,empty,1;14,results/full181_supplement/full181_model_summary.csv,1,14,results/full181_supplement/raw/empty/seed1/boltz_results_full_blind/predictions/full_blind/full_blind_model_0.pdb,results/full181_supplement/raw/empty/seed14/boltz_results_full_blind/predictions/full_blind/full_blind_model_0.pdb,0.1951219512195122,0.1951219512195122,both_nonempty,0
Full181,empty,1;15,results/full181_supplement/full181_model_summary.csv,1,15,results/full181_supplement/raw/empty/seed1/boltz_results_full_blind/predictions/full_blind/full_blind_model_0.pdb,results/full181_supplement/raw/empty/seed15/boltz_results_full_blind/predictions/full_blind/full_blind_model_0.pdb,0.47058823529411764,0.47058823529411764,both_nonempty,0
Full181,empty,2;3,results/full181_supplement/full181_model_summary.csv,2,3,results/full181_supplement/raw/empty/seed2/boltz_results_full_blind/predictions/full_blind/full_blind_model_0.pdb,results/full181_supplement/raw/empty/seed3/boltz_results_full_blind/predictions/full_blind/full_blind_model_0.pdb,0.2857142857142857,0.2857142857142857,both_nonempty,0
Full181,empty,2;4,results/full181_supplement/full181_model_summary.csv,2,4,results/full181_supplement/raw/empty/seed2/boltz_results_full_blind/predictions/full_blind/full_blind_model_0.pdb,results/full181_supplement/raw/empty/seed4/boltz_results_full_blind/predictions/full_blind/full_blind_model_0.pdb,0.19148936170212766,0.19148936170212766,both_nonempty,0
Full181,empty,2;5,results/full181_supplement/full181_model_summary.csv,2,5,results/full181_supplement/raw/empty/seed2/boltz_results_full_blind/predictions/full_blind/full_blind_model_0.pdb,results/full181_supplement/raw/empty/seed5/boltz_results_full_blind/predictions/full_blind/full_blind_model_0.pdb,0.2391304347826087,0.2391304347826087,both_nonempty,0
Full181,empty,2;6,results/full181_supplement/full181_model_summary.csv,2,6,results/full181_supplement/raw/empty/seed2/boltz_results_full_blind/predictions/full_blind/full_blind_model_0.pdb,results/full181_supplement/raw/empty/seed6/boltz_results_full_blind/predictions/full_blind/full_blind_model_0.pdb,0.23809523809523808,0.23809523809523808,both_nonempty,0
Full181,empty,2;7,results/full181_supplement/full181_model_summary.csv,2,7,results/full181_supplement/raw/empty/seed2/boltz_results_full_blind/predictions/full_blind/full_blind_model_0.pdb,results/full181_supplement/raw/empty/seed7/boltz_results_full_blind/predictions/full_blind/full_blind_model_0.pdb,0.3023255813953488,0.3023255813953488,both_nonempty,0
Full181,empty,2;8,results/full181_supplement/full181_model_summary.csv,2,8,results/full181_supplement/raw/empty/seed2/boltz_results_full_blind/predictions/full_blind/full_blind_model_0.pdb,results/full181_supplement/raw/empty/seed8/boltz_results_full_blind/predictions/full_blind/full_blind_model_0.pdb,0.358974358974359,0.358974358974359,both_nonempty,0
Full181,empty,2;9,results/full181_supplement/full181_model_summary.csv,2,9,results/full181_supplement/raw/empty/seed2/boltz_results_full_blind/predictions/full_blind/full_blind_model_0.pdb,results/full181_supplement/raw/empty/seed9/boltz_results_full_blind/predictions/full_blind/full_blind_model_0.pdb,0.35,0.35,both_nonempty,0
Full181,empty,2;10,results/full181_supplement/full181_model_summary.csv,2,10,results/full181_supplement/raw/empty/seed2/boltz_results_full_blind/predictions/full_blind/full_blind_model_0.pdb,results/full181_supplement/raw/empty/seed10/boltz_results_full_blind/predictions/full_blind/full_blind_model_0.pdb,0.09803921568627451,0.09803921568627451,both_nonempty,0
Full181,empty,2;11,results/full181_supplement/full181_model_summary.csv,2,11,results/full181_supplement/raw/empty/seed2/boltz_results_full_blind/predictions/full_blind/full_blind_model_0.pdb,results/full181_supplement/raw/empty/seed11/boltz_results_full_blind/predictions/full_blind/full_blind_model_0.pdb,0.14,0.14,both_nonempty,0
Full181,empty,2;12,results/full181_supplement/full181_model_summary.csv,2,12,results/full181_supplement/raw/empty/seed2/boltz_results_full_blind/predictions/full_blind/full_blind_model_0.pdb,results/full181_supplement/raw/empty/seed12/boltz_results_full_blind/predictions/full_blind/full_blind_model_0.pdb,0.4,0.4,both_nonempty,0
Full181,empty,2;13,results/full181_supplement/full181_model_summary.csv,2,13,results/full181_supplement/raw/empty/seed2/boltz_results_full_blind/predictions/full_blind/full_blind_model_0.pdb,results/full181_supplement/raw/empty/seed13/boltz_results_full_blind/predictions/full_blind/full_blind_model_0.pdb,0.23404255319148937,0.23404255319148937,both_nonempty,0
Full181,empty,2;14,results/full181_supplement/full181_model_summary.csv,2,14,results/full181_supplement/raw/empty/seed2/boltz_results_full_blind/predictions/full_blind/full_blind_model_0.pdb,results/full181_supplement/raw/empty/seed14/boltz_results_full_blind/predictions/full_blind/full_blind_model_0.pdb,0.3939393939393939,0.3939393939393939,both_nonempty,0
Full181,empty,2;15,results/full181_supplement/full181_model_summary.csv,2,15,results/full181_supplement/raw/empty/seed2/boltz_results_full_blind/predictions/full_blind/full_blind_model_0.pdb,results/full181_supplement/raw/empty/seed15/boltz_results_full_blind/predictions/full_blind/full_blind_model_0.pdb,0.3055555555555556,0.3055555555555556,both_nonempty,0
Full181,empty,3;4,results/full181_supplement/full181_model_summary.csv,3,4,results/full181_supplement/raw/empty/seed3/boltz_results_full_blind/predictions/full_blind/full_blind_model_0.pdb,results/full181_supplement/raw/empty/seed4/boltz_results_full_blind/predictions/full_blind/full_blind_model_0.pdb,0.38461538461538464,0.38461538461538464,both_nonempty,0
Full181,empty,3;5,results/full181_supplement/full181_model_summary.csv,3,5,results/full181_supplement/raw/empty/seed3/boltz_results_full_blind/predictions/full_blind/full_blind_model_0.pdb,results/full181_supplement/raw/empty/seed5/boltz_results_full_blind/predictions/full_blind/full_blind_model_0.pdb,0.5714285714285714,0.5714285714285714,both_nonempty,0
Full181,empty,3;6,results/full181_supplement/full181_model_summary.csv,3,6,results/full181_supplement/raw/empty/seed3/boltz_results_full_blind/predictions/full_blind/full_blind_model_0.pdb,results/full181_supplement/raw/empty/seed6/boltz_results_full_blind/predictions/full_blind/full_blind_model_0.pdb,0.7857142857142857,0.7857142857142857,both_nonempty,0
Full181,empty,3;7,results/full181_supplement/full181_model_summary.csv,3,7,results/full181_supplement/raw/empty/seed3/boltz_results_full_blind/predictions/full_blind/full_blind_model_0.pdb,results/full181_supplement/raw/empty/seed7/boltz_results_full_blind/predictions/full_blind/full_blind_model_0.pdb,0.42105263157894735,0.42105263157894735,both_nonempty,0
Full181,empty,3;8,results/full181_supplement/full181_model_summary.csv,3,8,results/full181_supplement/raw/empty/seed3/boltz_results_full_blind/predictions/full_blind/full_blind_model_0.pdb,results/full181_supplement/raw/empty/seed8/boltz_results_full_blind/predictions/full_blind/full_blind_model_0.pdb,0.24390243902439024,0.24390243902439024,both_nonempty,0
Full181,empty,3;9,results/full181_supplement/full181_model_summary.csv,3,9,results/full181_supplement/raw/empty/seed3/boltz_results_full_blind/predictions/full_blind/full_blind_model_0.pdb,results/full181_supplement/raw/empty/seed9/boltz_results_full_blind/predictions/full_blind/full_blind_model_0.pdb,0.625,0.625,both_nonempty,0
Full181,empty,3;10,results/full181_supplement/full181_model_summary.csv,3,10,results/full181_supplement/raw/empty/seed3/boltz_results_full_blind/predictions/full_blind/full_blind_model_0.pdb,results/full181_supplement/raw/empty/seed10/boltz_results_full_blind/predictions/full_blind/full_blind_model_0.pdb,0.4594594594594595,0.4594594594594595,both_nonempty,0
Full181,empty,3;11,results/full181_supplement/full181_model_summary.csv,3,11,results/full181_supplement/raw/empty/seed3/boltz_results_full_blind/predictions/full_blind/full_blind_model_0.pdb,results/full181_supplement/raw/empty/seed11/boltz_results_full_blind/predictions/full_blind/full_blind_model_0.pdb,0.41025641025641024,0.41025641025641024,both_nonempty,0
Full181,empty,3;12,results/full181_supplement/full181_model_summary.csv,3,12,results/full181_supplement/raw/empty/seed3/boltz_results_full_blind/predictions/full_blind/full_blind_model_0.pdb,results/full181_supplement/raw/empty/seed12/boltz_results_full_blind/predictions/full_blind/full_blind_model_0.pdb,0.46875,0.46875,both_nonempty,0
Full181,empty,3;13,results/full181_supplement/full181_model_summary.csv,3,13,results/full181_supplement/raw/empty/seed3/boltz_results_full_blind/predictions/full_blind/full_blind_model_0.pdb,results/full181_supplement/raw/empty/seed13/boltz_results_full_blind/predictions/full_blind/full_blind_model_0.pdb,0.6470588235294118,0.6470588235294118,both_nonempty,0
Full181,empty,3;14,results/full181_supplement/full181_model_summary.csv,3,14,results/full181_supplement/raw/empty/seed3/boltz_results_full_blind/predictions/full_blind/full_blind_model_0.pdb,results/full181_supplement/raw/empty/seed14/boltz_results_full_blind/predictions/full_blind/full_blind_model_0.pdb,0.1,0.1,both_nonempty,0
Full181,empty,3;15,results/full181_supplement/full181_model_summary.csv,3,15,results/full181_supplement/raw/empty/seed3/boltz_results_full_blind/predictions/full_blind/full_blind_model_0.pdb,results/full181_supplement/raw/empty/seed15/boltz_results_full_blind/predictions/full_blind/full_blind_model_0.pdb,0.6071428571428571,0.6071428571428571,both_nonempty,0
Full181,empty,4;5,results/full181_supplement/full181_model_summary.csv,4,5,results/full181_supplement/raw/empty/seed4/boltz_results_full_blind/predictions/full_blind/full_blind_model_0.pdb,results/full181_supplement/raw/empty/seed5/boltz_results_full_blind/predictions/full_blind/full_blind_model_0.pdb,0.6285714285714286,0.6285714285714286,both_nonempty,0
Full181,empty,4;6,results/full181_supplement/full181_model_summary.csv,4,6,results/full181_supplement/raw/empty/seed4/boltz_results_full_blind/predictions/full_blind/full_blind_model_0.pdb,results/full181_supplement/raw/empty/seed6/boltz_results_full_blind/predictions/full_blind/full_blind_model_0.pdb,0.4444444444444444,0.4444444444444444,both_nonempty,0
Full181,empty,4;7,results/full181_supplement/full181_model_summary.csv,4,7,results/full181_supplement/raw/empty/seed4/boltz_results_full_blind/predictions/full_blind/full_blind_model_0.pdb,results/full181_supplement/raw/empty/seed7/boltz_results_full_blind/predictions/full_blind/full_blind_model_0.pdb,0.21739130434782608,0.21739130434782608,both_nonempty,0
Full181,empty,4;8,results/full181_supplement/full181_model_summary.csv,4,8,results/full181_supplement/raw/empty/seed4/boltz_results_full_blind/predictions/full_blind/full_blind_model_0.pdb,results/full181_supplement/raw/empty/seed8/boltz_results_full_blind/predictions/full_blind/full_blind_model_0.pdb,0.17777777777777778,0.17777777777777778,both_nonempty,0
Full181,empty,4;9,results/full181_supplement/full181_model_summary.csv,4,9,results/full181_supplement/raw/empty/seed4/boltz_results_full_blind/predictions/full_blind/full_blind_model_0.pdb,results/full181_supplement/raw/empty/seed9/boltz_results_full_blind/predictions/full_blind/full_blind_model_0.pdb,0.42105263157894735,0.42105263157894735,both_nonempty,0
Full181,empty,4;10,results/full181_supplement/full181_model_summary.csv,4,10,results/full181_supplement/raw/empty/seed4/boltz_results_full_blind/predictions/full_blind/full_blind_model_0.pdb,results/full181_supplement/raw/empty/seed10/boltz_results_full_blind/predictions/full_blind/full_blind_model_0.pdb,0.3333333333333333,0.3333333333333333,both_nonempty,0
Full181,empty,4;11,results/full181_supplement/full181_model_summary.csv,4,11,results/full181_supplement/raw/empty/seed4/boltz_results_full_blind/predictions/full_blind/full_blind_model_0.pdb,results/full181_supplement/raw/empty/seed11/boltz_results_full_blind/predictions/full_blind/full_blind_model_0.pdb,0.6285714285714286,0.6285714285714286,both_nonempty,0
Full181,empty,4;12,results/full181_supplement/full181_model_summary.csv,4,12,results/full181_supplement/raw/empty/seed4/boltz_results_full_blind/predictions/full_blind/full_blind_model_0.pdb,results/full181_supplement/raw/empty/seed12/boltz_results_full_blind/predictions/full_blind/full_blind_model_0.pdb,0.32432432432432434,0.32432432432432434,both_nonempty,0
Full181,empty,4;13,results/full181_supplement/full181_model_summary.csv,4,13,results/full181_supplement/raw/empty/seed4/boltz_results_full_blind/predictions/full_blind/full_blind_model_0.pdb,results/full181_supplement/raw/empty/seed13/boltz_results_full_blind/predictions/full_blind/full_blind_model_0.pdb,0.5263157894736842,0.5263157894736842,both_nonempty,0
Full181,empty,4;14,results/full181_supplement/full181_model_summary.csv,4,14,results/full181_supplement/raw/empty/seed4/boltz_results_full_blind/predictions/full_blind/full_blind_model_0.pdb,results/full181_supplement/raw/empty/seed14/boltz_results_full_blind/predictions/full_blind/full_blind_model_0.pdb,0.09523809523809523,0.09523809523809523,both_nonempty,0
Full181,empty,4;15,results/full181_supplement/full181_model_summary.csv,4,15,results/full181_supplement/raw/empty/seed4/boltz_results_full_blind/predictions/full_blind/full_blind_model_0.pdb,results/full181_supplement/raw/empty/seed15/boltz_results_full_blind/predictions/full_blind/full_blind_model_0.pdb,0.42424242424242425,0.42424242424242425,both_nonempty,0
Full181,empty,5;6,results/full181_supplement/full181_model_summary.csv,5,6,results/full181_supplement/raw/empty/seed5/boltz_results_full_blind/predictions/full_blind/full_blind_model_0.pdb,results/full181_supplement/raw/empty/seed6/boltz_results_full_blind/predictions/full_blind/full_blind_model_0.pdb,0.6060606060606061,0.6060606060606061,both_nonempty,0
Full181,empty,5;7,results/full181_supplement/full181_model_summary.csv,5,7,results/full181_supplement/raw/empty/seed5/boltz_results_full_blind/predictions/full_blind/full_blind_model_0.pdb,results/full181_supplement/raw/empty/seed7/boltz_results_full_blind/predictions/full_blind/full_blind_model_0.pdb,0.35714285714285715,0.35714285714285715,both_nonempty,0
Full181,empty,5;8,results/full181_supplement/full181_model_summary.csv,5,8,results/full181_supplement/raw/empty/seed5/boltz_results_full_blind/predictions/full_blind/full_blind_model_0.pdb,results/full181_supplement/raw/empty/seed8/boltz_results_full_blind/predictions/full_blind/full_blind_model_0.pdb,0.2558139534883721,0.2558139534883721,both_nonempty,0
Full181,empty,5;9,results/full181_supplement/full181_model_summary.csv,5,9,results/full181_supplement/raw/empty/seed5/boltz_results_full_blind/predictions/full_blind/full_blind_model_0.pdb,results/full181_supplement/raw/empty/seed9/boltz_results_full_blind/predictions/full_blind/full_blind_model_0.pdb,0.5277777777777778,0.5277777777777778,both_nonempty,0
Full181,empty,5;10,results/full181_supplement/full181_model_summary.csv,5,10,results/full181_supplement/raw/empty/seed5/boltz_results_full_blind/predictions/full_blind/full_blind_model_0.pdb,results/full181_supplement/raw/empty/seed10/boltz_results_full_blind/predictions/full_blind/full_blind_model_0.pdb,0.425,0.425,both_nonempty,0
Full181,empty,5;11,results/full181_supplement/full181_model_summary.csv,5,11,results/full181_supplement/raw/empty/seed5/boltz_results_full_blind/predictions/full_blind/full_blind_model_0.pdb,results/full181_supplement/raw/empty/seed11/boltz_results_full_blind/predictions/full_blind/full_blind_model_0.pdb,0.6111111111111112,0.6111111111111112,both_nonempty,0
Full181,empty,5;12,results/full181_supplement/full181_model_summary.csv,5,12,results/full181_supplement/raw/empty/seed5/boltz_results_full_blind/predictions/full_blind/full_blind_model_0.pdb,results/full181_supplement/raw/empty/seed12/boltz_results_full_blind/predictions/full_blind/full_blind_model_0.pdb,0.47058823529411764,0.47058823529411764,both_nonempty,0
Full181,empty,5;13,results/full181_supplement/full181_model_summary.csv,5,13,results/full181_supplement/raw/empty/seed5/boltz_results_full_blind/predictions/full_blind/full_blind_model_0.pdb,results/full181_supplement/raw/empty/seed13/boltz_results_full_blind/predictions/full_blind/full_blind_model_0.pdb,0.7352941176470589,0.7352941176470589,both_nonempty,0
Full181,empty,5;14,results/full181_supplement/full181_model_summary.csv,5,14,results/full181_supplement/raw/empty/seed5/boltz_results_full_blind/predictions/full_blind/full_blind_model_0.pdb,results/full181_supplement/raw/empty/seed14/boltz_results_full_blind/predictions/full_blind/full_blind_model_0.pdb,0.11904761904761904,0.11904761904761904,both_nonempty,0
Full181,empty,5;15,results/full181_supplement/full181_model_summary.csv,5,15,results/full181_supplement/raw/empty/seed5/boltz_results_full_blind/predictions/full_blind/full_blind_model_0.pdb,results/full181_supplement/raw/empty/seed15/boltz_results_full_blind/predictions/full_blind/full_blind_model_0.pdb,0.6,0.6,both_nonempty,0
Full181,empty,6;7,results/full181_supplement/full181_model_summary.csv,6,7,results/full181_supplement/raw/empty/seed6/boltz_results_full_blind/predictions/full_blind/full_blind_model_0.pdb,results/full181_supplement/raw/empty/seed7/boltz_results_full_blind/predictions/full_blind/full_blind_model_0.pdb,0.4857142857142857,0.4857142857142857,both_nonempty,0
Full181,empty,6;8,results/full181_supplement/full181_model_summary.csv,6,8,results/full181_supplement/raw/empty/seed6/boltz_results_full_blind/predictions/full_blind/full_blind_model_0.pdb,results/full181_supplement/raw/empty/seed8/boltz_results_full_blind/predictions/full_blind/full_blind_model_0.pdb,0.2894736842105263,0.2894736842105263,both_nonempty,0
Full181,empty,6;9,results/full181_supplement/full181_model_summary.csv,6,9,results/full181_supplement/raw/empty/seed6/boltz_results_full_blind/predictions/full_blind/full_blind_model_0.pdb,results/full181_supplement/raw/empty/seed9/boltz_results_full_blind/predictions/full_blind/full_blind_model_0.pdb,0.6666666666666666,0.6666666666666666,both_nonempty,0
Full181,empty,6;10,results/full181_supplement/full181_model_summary.csv,6,10,results/full181_supplement/raw/empty/seed6/boltz_results_full_blind/predictions/full_blind/full_blind_model_0.pdb,results/full181_supplement/raw/empty/seed10/boltz_results_full_blind/predictions/full_blind/full_blind_model_0.pdb,0.5294117647058824,0.5294117647058824,both_nonempty,0
Full181,empty,6;11,results/full181_supplement/full181_model_summary.csv,6,11,results/full181_supplement/raw/empty/seed6/boltz_results_full_blind/predictions/full_blind/full_blind_model_0.pdb,results/full181_supplement/raw/empty/seed11/boltz_results_full_blind/predictions/full_blind/full_blind_model_0.pdb,0.39473684210526316,0.39473684210526316,both_nonempty,0
Full181,empty,6;12,results/full181_supplement/full181_model_summary.csv,6,12,results/full181_supplement/raw/empty/seed6/boltz_results_full_blind/predictions/full_blind/full_blind_model_0.pdb,results/full181_supplement/raw/empty/seed12/boltz_results_full_blind/predictions/full_blind/full_blind_model_0.pdb,0.45161290322580644,0.45161290322580644,both_nonempty,0
Full181,empty,6;13,results/full181_supplement/full181_model_summary.csv,6,13,results/full181_supplement/raw/empty/seed6/boltz_results_full_blind/predictions/full_blind/full_blind_model_0.pdb,results/full181_supplement/raw/empty/seed13/boltz_results_full_blind/predictions/full_blind/full_blind_model_0.pdb,0.7419354838709677,0.7419354838709677,both_nonempty,0
Full181,empty,6;14,results/full181_supplement/full181_model_summary.csv,6,14,results/full181_supplement/raw/empty/seed6/boltz_results_full_blind/predictions/full_blind/full_blind_model_0.pdb,results/full181_supplement/raw/empty/seed14/boltz_results_full_blind/predictions/full_blind/full_blind_model_0.pdb,0.13513513513513514,0.13513513513513514,both_nonempty,0
Full181,empty,6;15,results/full181_supplement/full181_model_summary.csv,6,15,results/full181_supplement/raw/empty/seed6/boltz_results_full_blind/predictions/full_blind/full_blind_model_0.pdb,results/full181_supplement/raw/empty/seed15/boltz_results_full_blind/predictions/full_blind/full_blind_model_0.pdb,0.6538461538461539,0.6538461538461539,both_nonempty,0
Full181,empty,7;8,results/full181_supplement/full181_model_summary.csv,7,8,results/full181_supplement/raw/empty/seed7/boltz_results_full_blind/predictions/full_blind/full_blind_model_0.pdb,results/full181_supplement/raw/empty/seed8/boltz_results_full_blind/predictions/full_blind/full_blind_model_0.pdb,0.2619047619047619,0.2619047619047619,both_nonempty,0
Full181,empty,7;9,results/full181_supplement/full181_model_summary.csv,7,9,results/full181_supplement/raw/empty/seed7/boltz_results_full_blind/predictions/full_blind/full_blind_model_0.pdb,results/full181_supplement/raw/empty/seed9/boltz_results_full_blind/predictions/full_blind/full_blind_model_0.pdb,0.38461538461538464,0.38461538461538464,both_nonempty,0
Full181,empty,7;10,results/full181_supplement/full181_model_summary.csv,7,10,results/full181_supplement/raw/empty/seed7/boltz_results_full_blind/predictions/full_blind/full_blind_model_0.pdb,results/full181_supplement/raw/empty/seed10/boltz_results_full_blind/predictions/full_blind/full_blind_model_0.pdb,0.3023255813953488,0.3023255813953488,both_nonempty,0
Full181,empty,7;11,results/full181_supplement/full181_model_summary.csv,7,11,results/full181_supplement/raw/empty/seed7/boltz_results_full_blind/predictions/full_blind/full_blind_model_0.pdb,results/full181_supplement/raw/empty/seed11/boltz_results_full_blind/predictions/full_blind/full_blind_model_0.pdb,0.2391304347826087,0.2391304347826087,both_nonempty,0
Full181,empty,7;12,results/full181_supplement/full181_model_summary.csv,7,12,results/full181_supplement/raw/empty/seed7/boltz_results_full_blind/predictions/full_blind/full_blind_model_0.pdb,results/full181_supplement/raw/empty/seed12/boltz_results_full_blind/predictions/full_blind/full_blind_model_0.pdb,0.32432432432432434,0.32432432432432434,both_nonempty,0
Full181,empty,7;13,results/full181_supplement/full181_model_summary.csv,7,13,results/full181_supplement/raw/empty/seed7/boltz_results_full_blind/predictions/full_blind/full_blind_model_0.pdb,results/full181_supplement/raw/empty/seed13/boltz_results_full_blind/predictions/full_blind/full_blind_model_0.pdb,0.45,0.45,both_nonempty,0
Full181,empty,7;14,results/full181_supplement/full181_model_summary.csv,7,14,results/full181_supplement/raw/empty/seed7/boltz_results_full_blind/predictions/full_blind/full_blind_model_0.pdb,results/full181_supplement/raw/empty/seed14/boltz_results_full_blind/predictions/full_blind/full_blind_model_0.pdb,0.3142857142857143,0.3142857142857143,both_nonempty,0
Full181,empty,7;15,results/full181_supplement/full181_model_summary.csv,7,15,results/full181_supplement/raw/empty/seed7/boltz_results_full_blind/predictions/full_blind/full_blind_model_0.pdb,results/full181_supplement/raw/empty/seed15/boltz_results_full_blind/predictions/full_blind/full_blind_model_0.pdb,0.38235294117647056,0.38235294117647056,both_nonempty,0
Full181,empty,8;9,results/full181_supplement/full181_model_summary.csv,8,9,results/full181_supplement/raw/empty/seed8/boltz_results_full_blind/predictions/full_blind/full_blind_model_0.pdb,results/full181_supplement/raw/empty/seed9/boltz_results_full_blind/predictions/full_blind/full_blind_model_0.pdb,0.21428571428571427,0.21428571428571427,both_nonempty,0
Full181,empty,8;10,results/full181_supplement/full181_model_summary.csv,8,10,results/full181_supplement/raw/empty/seed8/boltz_results_full_blind/predictions/full_blind/full_blind_model_0.pdb,results/full181_supplement/raw/empty/seed10/boltz_results_full_blind/predictions/full_blind/full_blind_model_0.pdb,0.2619047619047619,0.2619047619047619,both_nonempty,0
Full181,empty,8;11,results/full181_supplement/full181_model_summary.csv,8,11,results/full181_supplement/raw/empty/seed8/boltz_results_full_blind/predictions/full_blind/full_blind_model_0.pdb,results/full181_supplement/raw/empty/seed11/boltz_results_full_blind/predictions/full_blind/full_blind_model_0.pdb,0.10204081632653061,0.10204081632653061,both_nonempty,0
Full181,empty,8;12,results/full181_supplement/full181_model_summary.csv,8,12,results/full181_supplement/raw/empty/seed8/boltz_results_full_blind/predictions/full_blind/full_blind_model_0.pdb,results/full181_supplement/raw/empty/seed12/boltz_results_full_blind/predictions/full_blind/full_blind_model_0.pdb,0.3142857142857143,0.3142857142857143,both_nonempty,0
Full181,empty,8;13,results/full181_supplement/full181_model_summary.csv,8,13,results/full181_supplement/raw/empty/seed8/boltz_results_full_blind/predictions/full_blind/full_blind_model_0.pdb,results/full181_supplement/raw/empty/seed13/boltz_results_full_blind/predictions/full_blind/full_blind_model_0.pdb,0.2222222222222222,0.2222222222222222,both_nonempty,0
Full181,empty,8;14,results/full181_supplement/full181_model_summary.csv,8,14,results/full181_supplement/raw/empty/seed8/boltz_results_full_blind/predictions/full_blind/full_blind_model_0.pdb,results/full181_supplement/raw/empty/seed14/boltz_results_full_blind/predictions/full_blind/full_blind_model_0.pdb,0.34375,0.34375,both_nonempty,0
Full181,empty,8;15,results/full181_supplement/full181_model_summary.csv,8,15,results/full181_supplement/raw/empty/seed8/boltz_results_full_blind/predictions/full_blind/full_blind_model_0.pdb,results/full181_supplement/raw/empty/seed15/boltz_results_full_blind/predictions/full_blind/full_blind_model_0.pdb,0.3333333333333333,0.3333333333333333,both_nonempty,0
Full181,empty,9;10,results/full181_supplement/full181_model_summary.csv,9,10,results/full181_supplement/raw/empty/seed9/boltz_results_full_blind/predictions/full_blind/full_blind_model_0.pdb,results/full181_supplement/raw/empty/seed10/boltz_results_full_blind/predictions/full_blind/full_blind_model_0.pdb,0.38461538461538464,0.38461538461538464,both_nonempty,0
Full181,empty,9;11,results/full181_supplement/full181_model_summary.csv,9,11,results/full181_supplement/raw/empty/seed9/boltz_results_full_blind/predictions/full_blind/full_blind_model_0.pdb,results/full181_supplement/raw/empty/seed11/boltz_results_full_blind/predictions/full_blind/full_blind_model_0.pdb,0.41025641025641024,0.41025641025641024,both_nonempty,0
Full181,empty,9;12,results/full181_supplement/full181_model_summary.csv,9,12,results/full181_supplement/raw/empty/seed9/boltz_results_full_blind/predictions/full_blind/full_blind_model_0.pdb,results/full181_supplement/raw/empty/seed12/boltz_results_full_blind/predictions/full_blind/full_blind_model_0.pdb,0.46875,0.46875,both_nonempty,0
Full181,empty,9;13,results/full181_supplement/full181_model_summary.csv,9,13,results/full181_supplement/raw/empty/seed9/boltz_results_full_blind/predictions/full_blind/full_blind_model_0.pdb,results/full181_supplement/raw/empty/seed13/boltz_results_full_blind/predictions/full_blind/full_blind_model_0.pdb,0.696969696969697,0.696969696969697,both_nonempty,0
Full181,empty,9;14,results/full181_supplement/full181_model_summary.csv,9,14,results/full181_supplement/raw/empty/seed9/boltz_results_full_blind/predictions/full_blind/full_blind_model_0.pdb,results/full181_supplement/raw/empty/seed14/boltz_results_full_blind/predictions/full_blind/full_blind_model_0.pdb,0.1,0.1,both_nonempty,0
Full181,empty,9;15,results/full181_supplement/full181_model_summary.csv,9,15,results/full181_supplement/raw/empty/seed9/boltz_results_full_blind/predictions/full_blind/full_blind_model_0.pdb,results/full181_supplement/raw/empty/seed15/boltz_results_full_blind/predictions/full_blind/full_blind_model_0.pdb,0.5517241379310345,0.5517241379310345,both_nonempty,0
Full181,empty,10;11,results/full181_supplement/full181_model_summary.csv,10,11,results/full181_supplement/raw/empty/seed10/boltz_results_full_blind/predictions/full_blind/full_blind_model_0.pdb,results/full181_supplement/raw/empty/seed11/boltz_results_full_blind/predictions/full_blind/full_blind_model_0.pdb,0.35714285714285715,0.35714285714285715,both_nonempty,0
Full181,empty,10;12,results/full181_supplement/full181_model_summary.csv,10,12,results/full181_supplement/raw/empty/seed10/boltz_results_full_blind/predictions/full_blind/full_blind_model_0.pdb,results/full181_supplement/raw/empty/seed12/boltz_results_full_blind/predictions/full_blind/full_blind_model_0.pdb,0.2564102564102564,0.2564102564102564,both_nonempty,0
Full181,empty,10;13,results/full181_supplement/full181_model_summary.csv,10,13,results/full181_supplement/raw/empty/seed10/boltz_results_full_blind/predictions/full_blind/full_blind_model_0.pdb,results/full181_supplement/raw/empty/seed13/boltz_results_full_blind/predictions/full_blind/full_blind_model_0.pdb,0.5263157894736842,0.5263157894736842,both_nonempty,0
Full181,empty,10;14,results/full181_supplement/full181_model_summary.csv,10,14,results/full181_supplement/raw/empty/seed10/boltz_results_full_blind/predictions/full_blind/full_blind_model_0.pdb,results/full181_supplement/raw/empty/seed14/boltz_results_full_blind/predictions/full_blind/full_blind_model_0.pdb,0.022222222222222223,0.022222222222222223,both_nonempty,0
Full181,empty,10;15,results/full181_supplement/full181_model_summary.csv,10,15,results/full181_supplement/raw/empty/seed10/boltz_results_full_blind/predictions/full_blind/full_blind_model_0.pdb,results/full181_supplement/raw/empty/seed15/boltz_results_full_blind/predictions/full_blind/full_blind_model_0.pdb,0.38235294117647056,0.38235294117647056,both_nonempty,0
Full181,empty,11;12,results/full181_supplement/full181_model_summary.csv,11,12,results/full181_supplement/raw/empty/seed11/boltz_results_full_blind/predictions/full_blind/full_blind_model_0.pdb,results/full181_supplement/raw/empty/seed12/boltz_results_full_blind/predictions/full_blind/full_blind_model_0.pdb,0.28205128205128205,0.28205128205128205,both_nonempty,0
Full181,empty,11;13,results/full181_supplement/full181_model_summary.csv,11,13,results/full181_supplement/raw/empty/seed11/boltz_results_full_blind/predictions/full_blind/full_blind_model_0.pdb,results/full181_supplement/raw/empty/seed13/boltz_results_full_blind/predictions/full_blind/full_blind_model_0.pdb,0.5526315789473685,0.5526315789473685,both_nonempty,0
Full181,empty,11;14,results/full181_supplement/full181_model_summary.csv,11,14,results/full181_supplement/raw/empty/seed11/boltz_results_full_blind/predictions/full_blind/full_blind_model_0.pdb,results/full181_supplement/raw/empty/seed14/boltz_results_full_blind/predictions/full_blind/full_blind_model_0.pdb,0.0,0.0,both_nonempty,0
Full181,empty,11;15,results/full181_supplement/full181_model_summary.csv,11,15,results/full181_supplement/raw/empty/seed11/boltz_results_full_blind/predictions/full_blind/full_blind_model_0.pdb,results/full181_supplement/raw/empty/seed15/boltz_results_full_blind/predictions/full_blind/full_blind_model_0.pdb,0.3333333333333333,0.3333333333333333,both_nonempty,0
Full181,empty,12;13,results/full181_supplement/full181_model_summary.csv,12,13,results/full181_supplement/raw/empty/seed12/boltz_results_full_blind/predictions/full_blind/full_blind_model_0.pdb,results/full181_supplement/raw/empty/seed13/boltz_results_full_blind/predictions/full_blind/full_blind_model_0.pdb,0.4166666666666667,0.4166666666666667,both_nonempty,0
Full181,empty,12;14,results/full181_supplement/full181_model_summary.csv,12,14,results/full181_supplement/raw/empty/seed12/boltz_results_full_blind/predictions/full_blind/full_blind_model_0.pdb,results/full181_supplement/raw/empty/seed14/boltz_results_full_blind/predictions/full_blind/full_blind_model_0.pdb,0.18181818181818182,0.18181818181818182,both_nonempty,0
Full181,empty,12;15,results/full181_supplement/full181_model_summary.csv,12,15,results/full181_supplement/raw/empty/seed12/boltz_results_full_blind/predictions/full_blind/full_blind_model_0.pdb,results/full181_supplement/raw/empty/seed15/boltz_results_full_blind/predictions/full_blind/full_blind_model_0.pdb,0.5384615384615384,0.5384615384615384,both_nonempty,0
Full181,empty,13;14,results/full181_supplement/full181_model_summary.csv,13,14,results/full181_supplement/raw/empty/seed13/boltz_results_full_blind/predictions/full_blind/full_blind_model_0.pdb,results/full181_supplement/raw/empty/seed14/boltz_results_full_blind/predictions/full_blind/full_blind_model_0.pdb,0.09090909090909091,0.09090909090909091,both_nonempty,0
Full181,empty,13;15,results/full181_supplement/full181_model_summary.csv,13,15,results/full181_supplement/raw/empty/seed13/boltz_results_full_blind/predictions/full_blind/full_blind_model_0.pdb,results/full181_supplement/raw/empty/seed15/boltz_results_full_blind/predictions/full_blind/full_blind_model_0.pdb,0.5806451612903226,0.5806451612903226,both_nonempty,0
Full181,empty,14;15,results/full181_supplement/full181_model_summary.csv,14,15,results/full181_supplement/raw/empty/seed14/boltz_results_full_blind/predictions/full_blind/full_blind_model_0.pdb,results/full181_supplement/raw/empty/seed15/boltz_results_full_blind/predictions/full_blind/full_blind_model_0.pdb,0.15625,0.15625,both_nonempty,0
Full181,formal_msa,1;2,results/full181_supplement/full181_model_summary.csv,1,2,results/full181_supplement/raw/formal_msa/seed1/boltz_results_full_blind_msa/predictions/full_blind_msa/full_blind_msa_model_0.pdb,results/full181_supplement/raw/formal_msa/seed2/boltz_results_full_blind_msa/predictions/full_blind_msa/full_blind_msa_model_0.pdb,0.0,0.0,both_nonempty,0
Full181,formal_msa,1;3,results/full181_supplement/full181_model_summary.csv,1,3,results/full181_supplement/raw/formal_msa/seed1/boltz_results_full_blind_msa/predictions/full_blind_msa/full_blind_msa_model_0.pdb,results/full181_supplement/raw/formal_msa/seed3/boltz_results_full_blind_msa/predictions/full_blind_msa/full_blind_msa_model_0.pdb,0.0,0.0,both_nonempty,0
Full181,formal_msa,1;4,results/full181_supplement/full181_model_summary.csv,1,4,results/full181_supplement/raw/formal_msa/seed1/boltz_results_full_blind_msa/predictions/full_blind_msa/full_blind_msa_model_0.pdb,results/full181_supplement/raw/formal_msa/seed4/boltz_results_full_blind_msa/predictions/full_blind_msa/full_blind_msa_model_0.pdb,0.0,0.0,both_nonempty,0
Full181,formal_msa,1;5,results/full181_supplement/full181_model_summary.csv,1,5,results/full181_supplement/raw/formal_msa/seed1/boltz_results_full_blind_msa/predictions/full_blind_msa/full_blind_msa_model_0.pdb,results/full181_supplement/raw/formal_msa/seed5/boltz_results_full_blind_msa/predictions/full_blind_msa/full_blind_msa_model_0.pdb,0.0,0.0,both_nonempty,0
Full181,formal_msa,1;6,results/full181_supplement/full181_model_summary.csv,1,6,results/full181_supplement/raw/formal_msa/seed1/boltz_results_full_blind_msa/predictions/full_blind_msa/full_blind_msa_model_0.pdb,results/full181_supplement/raw/formal_msa/seed6/boltz_results_full_blind_msa/predictions/full_blind_msa/full_blind_msa_model_0.pdb,0.0,0.0,both_nonempty,0
Full181,formal_msa,1;7,results/full181_supplement/full181_model_summary.csv,1,7,results/full181_supplement/raw/formal_msa/seed1/boltz_results_full_blind_msa/predictions/full_blind_msa/full_blind_msa_model_0.pdb,results/full181_supplement/raw/formal_msa/seed7/boltz_results_full_blind_msa/predictions/full_blind_msa/full_blind_msa_model_0.pdb,0.0,0.0,both_nonempty,0
Full181,formal_msa,1;8,results/full181_supplement/full181_model_summary.csv,1,8,results/full181_supplement/raw/formal_msa/seed1/boltz_results_full_blind_msa/predictions/full_blind_msa/full_blind_msa_model_0.pdb,results/full181_supplement/raw/formal_msa/seed8/boltz_results_full_blind_msa/predictions/full_blind_msa/full_blind_msa_model_0.pdb,0.7586206896551724,0.7586206896551724,both_nonempty,0
Full181,formal_msa,1;9,results/full181_supplement/full181_model_summary.csv,1,9,results/full181_supplement/raw/formal_msa/seed1/boltz_results_full_blind_msa/predictions/full_blind_msa/full_blind_msa_model_0.pdb,results/full181_supplement/raw/formal_msa/seed9/boltz_results_full_blind_msa/predictions/full_blind_msa/full_blind_msa_model_0.pdb,0.0,0.0,both_nonempty,0
Full181,formal_msa,1;10,results/full181_supplement/full181_model_summary.csv,1,10,results/full181_supplement/raw/formal_msa/seed1/boltz_results_full_blind_msa/predictions/full_blind_msa/full_blind_msa_model_0.pdb,results/full181_supplement/raw/formal_msa/seed10/boltz_results_full_blind_msa/predictions/full_blind_msa/full_blind_msa_model_0.pdb,0.0,0.0,both_nonempty,0
Full181,formal_msa,1;11,results/full181_supplement/full181_model_summary.csv,1,11,results/full181_supplement/raw/formal_msa/seed1/boltz_results_full_blind_msa/predictions/full_blind_msa/full_blind_msa_model_0.pdb,results/full181_supplement/raw/formal_msa/seed11/boltz_results_full_blind_msa/predictions/full_blind_msa/full_blind_msa_model_0.pdb,0.0,0.0,both_nonempty,0
Full181,formal_msa,1;12,results/full181_supplement/full181_model_summary.csv,1,12,results/full181_supplement/raw/formal_msa/seed1/boltz_results_full_blind_msa/predictions/full_blind_msa/full_blind_msa_model_0.pdb,results/full181_supplement/raw/formal_msa/seed12/boltz_results_full_blind_msa/predictions/full_blind_msa/full_blind_msa_model_0.pdb,0.39473684210526316,0.39473684210526316,both_nonempty,0
Full181,formal_msa,1;13,results/full181_supplement/full181_model_summary.csv,1,13,results/full181_supplement/raw/formal_msa/seed1/boltz_results_full_blind_msa/predictions/full_blind_msa/full_blind_msa_model_0.pdb,results/full181_supplement/raw/formal_msa/seed13/boltz_results_full_blind_msa/predictions/full_blind_msa/full_blind_msa_model_0.pdb,0.0,0.0,both_nonempty,0
Full181,formal_msa,1;14,results/full181_supplement/full181_model_summary.csv,1,14,results/full181_supplement/raw/formal_msa/seed1/boltz_results_full_blind_msa/predictions/full_blind_msa/full_blind_msa_model_0.pdb,results/full181_supplement/raw/formal_msa/seed14/boltz_results_full_blind_msa/predictions/full_blind_msa/full_blind_msa_model_0.pdb,0.025,0.025,both_nonempty,0
Full181,formal_msa,1;15,results/full181_supplement/full181_model_summary.csv,1,15,results/full181_supplement/raw/formal_msa/seed1/boltz_results_full_blind_msa/predictions/full_blind_msa/full_blind_msa_model_0.pdb,results/full181_supplement/raw/formal_msa/seed15/boltz_results_full_blind_msa/predictions/full_blind_msa/full_blind_msa_model_0.pdb,0.0,0.0,both_nonempty,0
Full181,formal_msa,2;3,results/full181_supplement/full181_model_summary.csv,2,3,results/full181_supplement/raw/formal_msa/seed2/boltz_results_full_blind_msa/predictions/full_blind_msa/full_blind_msa_model_0.pdb,results/full181_supplement/raw/formal_msa/seed3/boltz_results_full_blind_msa/predictions/full_blind_msa/full_blind_msa_model_0.pdb,0.5555555555555556,0.5555555555555556,both_nonempty,0
Full181,formal_msa,2;4,results/full181_supplement/full181_model_summary.csv,2,4,results/full181_supplement/raw/formal_msa/seed2/boltz_results_full_blind_msa/predictions/full_blind_msa/full_blind_msa_model_0.pdb,results/full181_supplement/raw/formal_msa/seed4/boltz_results_full_blind_msa/predictions/full_blind_msa/full_blind_msa_model_0.pdb,0.5294117647058824,0.5294117647058824,both_nonempty,0
Full181,formal_msa,2;5,results/full181_supplement/full181_model_summary.csv,2,5,results/full181_supplement/raw/formal_msa/seed2/boltz_results_full_blind_msa/predictions/full_blind_msa/full_blind_msa_model_0.pdb,results/full181_supplement/raw/formal_msa/seed5/boltz_results_full_blind_msa/predictions/full_blind_msa/full_blind_msa_model_0.pdb,0.5882352941176471,0.5882352941176471,both_nonempty,0
Full181,formal_msa,2;6,results/full181_supplement/full181_model_summary.csv,2,6,results/full181_supplement/raw/formal_msa/seed2/boltz_results_full_blind_msa/predictions/full_blind_msa/full_blind_msa_model_0.pdb,results/full181_supplement/raw/formal_msa/seed6/boltz_results_full_blind_msa/predictions/full_blind_msa/full_blind_msa_model_0.pdb,0.5555555555555556,0.5555555555555556,both_nonempty,0
Full181,formal_msa,2;7,results/full181_supplement/full181_model_summary.csv,2,7,results/full181_supplement/raw/formal_msa/seed2/boltz_results_full_blind_msa/predictions/full_blind_msa/full_blind_msa_model_0.pdb,results/full181_supplement/raw/formal_msa/seed7/boltz_results_full_blind_msa/predictions/full_blind_msa/full_blind_msa_model_0.pdb,0.8461538461538461,0.8461538461538461,both_nonempty,0
Full181,formal_msa,2;8,results/full181_supplement/full181_model_summary.csv,2,8,results/full181_supplement/raw/formal_msa/seed2/boltz_results_full_blind_msa/predictions/full_blind_msa/full_blind_msa_model_0.pdb,results/full181_supplement/raw/formal_msa/seed8/boltz_results_full_blind_msa/predictions/full_blind_msa/full_blind_msa_model_0.pdb,0.0,0.0,both_nonempty,0
Full181,formal_msa,2;9,results/full181_supplement/full181_model_summary.csv,2,9,results/full181_supplement/raw/formal_msa/seed2/boltz_results_full_blind_msa/predictions/full_blind_msa/full_blind_msa_model_0.pdb,results/full181_supplement/raw/formal_msa/seed9/boltz_results_full_blind_msa/predictions/full_blind_msa/full_blind_msa_model_0.pdb,0.6666666666666666,0.6666666666666666,both_nonempty,0
Full181,formal_msa,2;10,results/full181_supplement/full181_model_summary.csv,2,10,results/full181_supplement/raw/formal_msa/seed2/boltz_results_full_blind_msa/predictions/full_blind_msa/full_blind_msa_model_0.pdb,results/full181_supplement/raw/formal_msa/seed10/boltz_results_full_blind_msa/predictions/full_blind_msa/full_blind_msa_model_0.pdb,0.5882352941176471,0.5882352941176471,both_nonempty,0
Full181,formal_msa,2;11,results/full181_supplement/full181_model_summary.csv,2,11,results/full181_supplement/raw/formal_msa/seed2/boltz_results_full_blind_msa/predictions/full_blind_msa/full_blind_msa_model_0.pdb,results/full181_supplement/raw/formal_msa/seed11/boltz_results_full_blind_msa/predictions/full_blind_msa/full_blind_msa_model_0.pdb,0.7333333333333333,0.7333333333333333,both_nonempty,0
Full181,formal_msa,2;12,results/full181_supplement/full181_model_summary.csv,2,12,results/full181_supplement/raw/formal_msa/seed2/boltz_results_full_blind_msa/predictions/full_blind_msa/full_blind_msa_model_0.pdb,results/full181_supplement/raw/formal_msa/seed12/boltz_results_full_blind_msa/predictions/full_blind_msa/full_blind_msa_model_0.pdb,0.0,0.0,both_nonempty,0
Full181,formal_msa,2;13,results/full181_supplement/full181_model_summary.csv,2,13,results/full181_supplement/raw/formal_msa/seed2/boltz_results_full_blind_msa/predictions/full_blind_msa/full_blind_msa_model_0.pdb,results/full181_supplement/raw/formal_msa/seed13/boltz_results_full_blind_msa/predictions/full_blind_msa/full_blind_msa_model_0.pdb,0.5555555555555556,0.5555555555555556,both_nonempty,0
Full181,formal_msa,2;14,results/full181_supplement/full181_model_summary.csv,2,14,results/full181_supplement/raw/formal_msa/seed2/boltz_results_full_blind_msa/predictions/full_blind_msa/full_blind_msa_model_0.pdb,results/full181_supplement/raw/formal_msa/seed14/boltz_results_full_blind_msa/predictions/full_blind_msa/full_blind_msa_model_0.pdb,0.5625,0.5625,both_nonempty,0
Full181,formal_msa,2;15,results/full181_supplement/full181_model_summary.csv,2,15,results/full181_supplement/raw/formal_msa/seed2/boltz_results_full_blind_msa/predictions/full_blind_msa/full_blind_msa_model_0.pdb,results/full181_supplement/raw/formal_msa/seed15/boltz_results_full_blind_msa/predictions/full_blind_msa/full_blind_msa_model_0.pdb,0.5263157894736842,0.5263157894736842,both_nonempty,0
Full181,formal_msa,3;4,results/full181_supplement/full181_model_summary.csv,3,4,results/full181_supplement/raw/formal_msa/seed3/boltz_results_full_blind_msa/predictions/full_blind_msa/full_blind_msa_model_0.pdb,results/full181_supplement/raw/formal_msa/seed4/boltz_results_full_blind_msa/predictions/full_blind_msa/full_blind_msa_model_0.pdb,0.875,0.875,both_nonempty,0
Full181,formal_msa,3;5,results/full181_supplement/full181_model_summary.csv,3,5,results/full181_supplement/raw/formal_msa/seed3/boltz_results_full_blind_msa/predictions/full_blind_msa/full_blind_msa_model_0.pdb,results/full181_supplement/raw/formal_msa/seed5/boltz_results_full_blind_msa/predictions/full_blind_msa/full_blind_msa_model_0.pdb,0.7222222222222222,0.7222222222222222,both_nonempty,0
Full181,formal_msa,3;6,results/full181_supplement/full181_model_summary.csv,3,6,results/full181_supplement/raw/formal_msa/seed3/boltz_results_full_blind_msa/predictions/full_blind_msa/full_blind_msa_model_0.pdb,results/full181_supplement/raw/formal_msa/seed6/boltz_results_full_blind_msa/predictions/full_blind_msa/full_blind_msa_model_0.pdb,0.6842105263157895,0.6842105263157895,both_nonempty,0
Full181,formal_msa,3;7,results/full181_supplement/full181_model_summary.csv,3,7,results/full181_supplement/raw/formal_msa/seed3/boltz_results_full_blind_msa/predictions/full_blind_msa/full_blind_msa_model_0.pdb,results/full181_supplement/raw/formal_msa/seed7/boltz_results_full_blind_msa/predictions/full_blind_msa/full_blind_msa_model_0.pdb,0.5555555555555556,0.5555555555555556,both_nonempty,0
Full181,formal_msa,3;8,results/full181_supplement/full181_model_summary.csv,3,8,results/full181_supplement/raw/formal_msa/seed3/boltz_results_full_blind_msa/predictions/full_blind_msa/full_blind_msa_model_0.pdb,results/full181_supplement/raw/formal_msa/seed8/boltz_results_full_blind_msa/predictions/full_blind_msa/full_blind_msa_model_0.pdb,0.0,0.0,both_nonempty,0
Full181,formal_msa,3;9,results/full181_supplement/full181_model_summary.csv,3,9,results/full181_supplement/raw/formal_msa/seed3/boltz_results_full_blind_msa/predictions/full_blind_msa/full_blind_msa_model_0.pdb,results/full181_supplement/raw/formal_msa/seed9/boltz_results_full_blind_msa/predictions/full_blind_msa/full_blind_msa_model_0.pdb,0.7894736842105263,0.7894736842105263,both_nonempty,0
Full181,formal_msa,3;10,results/full181_supplement/full181_model_summary.csv,3,10,results/full181_supplement/raw/formal_msa/seed3/boltz_results_full_blind_msa/predictions/full_blind_msa/full_blind_msa_model_0.pdb,results/full181_supplement/raw/formal_msa/seed10/boltz_results_full_blind_msa/predictions/full_blind_msa/full_blind_msa_model_0.pdb,0.631578947368421,0.631578947368421,both_nonempty,0
Full181,formal_msa,3;11,results/full181_supplement/full181_model_summary.csv,3,11,results/full181_supplement/raw/formal_msa/seed3/boltz_results_full_blind_msa/predictions/full_blind_msa/full_blind_msa_model_0.pdb,results/full181_supplement/raw/formal_msa/seed11/boltz_results_full_blind_msa/predictions/full_blind_msa/full_blind_msa_model_0.pdb,0.5789473684210527,0.5789473684210527,both_nonempty,0
Full181,formal_msa,3;12,results/full181_supplement/full181_model_summary.csv,3,12,results/full181_supplement/raw/formal_msa/seed3/boltz_results_full_blind_msa/predictions/full_blind_msa/full_blind_msa_model_0.pdb,results/full181_supplement/raw/formal_msa/seed12/boltz_results_full_blind_msa/predictions/full_blind_msa/full_blind_msa_model_0.pdb,0.0,0.0,both_nonempty,0
Full181,formal_msa,3;13,results/full181_supplement/full181_model_summary.csv,3,13,results/full181_supplement/raw/formal_msa/seed3/boltz_results_full_blind_msa/predictions/full_blind_msa/full_blind_msa_model_0.pdb,results/full181_supplement/raw/formal_msa/seed13/boltz_results_full_blind_msa/predictions/full_blind_msa/full_blind_msa_model_0.pdb,0.6,0.6,both_nonempty,0
Full181,formal_msa,3;14,results/full181_supplement/full181_model_summary.csv,3,14,results/full181_supplement/raw/formal_msa/seed3/boltz_results_full_blind_msa/predictions/full_blind_msa/full_blind_msa_model_0.pdb,results/full181_supplement/raw/formal_msa/seed14/boltz_results_full_blind_msa/predictions/full_blind_msa/full_blind_msa_model_0.pdb,0.5263157894736842,0.5263157894736842,both_nonempty,0
Full181,formal_msa,3;15,results/full181_supplement/full181_model_summary.csv,3,15,results/full181_supplement/raw/formal_msa/seed3/boltz_results_full_blind_msa/predictions/full_blind_msa/full_blind_msa_model_0.pdb,results/full181_supplement/raw/formal_msa/seed15/boltz_results_full_blind_msa/predictions/full_blind_msa/full_blind_msa_model_0.pdb,0.7368421052631579,0.7368421052631579,both_nonempty,0
Full181,formal_msa,4;5,results/full181_supplement/full181_model_summary.csv,4,5,results/full181_supplement/raw/formal_msa/seed4/boltz_results_full_blind_msa/predictions/full_blind_msa/full_blind_msa_model_0.pdb,results/full181_supplement/raw/formal_msa/seed5/boltz_results_full_blind_msa/predictions/full_blind_msa/full_blind_msa_model_0.pdb,0.7058823529411765,0.7058823529411765,both_nonempty,0
Full181,formal_msa,4;6,results/full181_supplement/full181_model_summary.csv,4,6,results/full181_supplement/raw/formal_msa/seed4/boltz_results_full_blind_msa/predictions/full_blind_msa/full_blind_msa_model_0.pdb,results/full181_supplement/raw/formal_msa/seed6/boltz_results_full_blind_msa/predictions/full_blind_msa/full_blind_msa_model_0.pdb,0.6666666666666666,0.6666666666666666,both_nonempty,0
Full181,formal_msa,4;7,results/full181_supplement/full181_model_summary.csv,4,7,results/full181_supplement/raw/formal_msa/seed4/boltz_results_full_blind_msa/predictions/full_blind_msa/full_blind_msa_model_0.pdb,results/full181_supplement/raw/formal_msa/seed7/boltz_results_full_blind_msa/predictions/full_blind_msa/full_blind_msa_model_0.pdb,0.5294117647058824,0.5294117647058824,both_nonempty,0
Full181,formal_msa,4;8,results/full181_supplement/full181_model_summary.csv,4,8,results/full181_supplement/raw/formal_msa/seed4/boltz_results_full_blind_msa/predictions/full_blind_msa/full_blind_msa_model_0.pdb,results/full181_supplement/raw/formal_msa/seed8/boltz_results_full_blind_msa/predictions/full_blind_msa/full_blind_msa_model_0.pdb,0.0,0.0,both_nonempty,0
Full181,formal_msa,4;9,results/full181_supplement/full181_model_summary.csv,4,9,results/full181_supplement/raw/formal_msa/seed4/boltz_results_full_blind_msa/predictions/full_blind_msa/full_blind_msa_model_0.pdb,results/full181_supplement/raw/formal_msa/seed9/boltz_results_full_blind_msa/predictions/full_blind_msa/full_blind_msa_model_0.pdb,0.7777777777777778,0.7777777777777778,both_nonempty,0
Full181,formal_msa,4;10,results/full181_supplement/full181_model_summary.csv,4,10,results/full181_supplement/raw/formal_msa/seed4/boltz_results_full_blind_msa/predictions/full_blind_msa/full_blind_msa_model_0.pdb,results/full181_supplement/raw/formal_msa/seed10/boltz_results_full_blind_msa/predictions/full_blind_msa/full_blind_msa_model_0.pdb,0.6111111111111112,0.6111111111111112,both_nonempty,0
Full181,formal_msa,4;11,results/full181_supplement/full181_model_summary.csv,4,11,results/full181_supplement/raw/formal_msa/seed4/boltz_results_full_blind_msa/predictions/full_blind_msa/full_blind_msa_model_0.pdb,results/full181_supplement/raw/formal_msa/seed11/boltz_results_full_blind_msa/predictions/full_blind_msa/full_blind_msa_model_0.pdb,0.5555555555555556,0.5555555555555556,both_nonempty,0
Full181,formal_msa,4;12,results/full181_supplement/full181_model_summary.csv,4,12,results/full181_supplement/raw/formal_msa/seed4/boltz_results_full_blind_msa/predictions/full_blind_msa/full_blind_msa_model_0.pdb,results/full181_supplement/raw/formal_msa/seed12/boltz_results_full_blind_msa/predictions/full_blind_msa/full_blind_msa_model_0.pdb,0.0,0.0,both_nonempty,0
Full181,formal_msa,4;13,results/full181_supplement/full181_model_summary.csv,4,13,results/full181_supplement/raw/formal_msa/seed4/boltz_results_full_blind_msa/predictions/full_blind_msa/full_blind_msa_model_0.pdb,results/full181_supplement/raw/formal_msa/seed13/boltz_results_full_blind_msa/predictions/full_blind_msa/full_blind_msa_model_0.pdb,0.5789473684210527,0.5789473684210527,both_nonempty,0
Full181,formal_msa,4;14,results/full181_supplement/full181_model_summary.csv,4,14,results/full181_supplement/raw/formal_msa/seed4/boltz_results_full_blind_msa/predictions/full_blind_msa/full_blind_msa_model_0.pdb,results/full181_supplement/raw/formal_msa/seed14/boltz_results_full_blind_msa/predictions/full_blind_msa/full_blind_msa_model_0.pdb,0.5,0.5,both_nonempty,0
Full181,formal_msa,4;15,results/full181_supplement/full181_model_summary.csv,4,15,results/full181_supplement/raw/formal_msa/seed4/boltz_results_full_blind_msa/predictions/full_blind_msa/full_blind_msa_model_0.pdb,results/full181_supplement/raw/formal_msa/seed15/boltz_results_full_blind_msa/predictions/full_blind_msa/full_blind_msa_model_0.pdb,0.8235294117647058,0.8235294117647058,both_nonempty,0
Full181,formal_msa,5;6,results/full181_supplement/full181_model_summary.csv,5,6,results/full181_supplement/raw/formal_msa/seed5/boltz_results_full_blind_msa/predictions/full_blind_msa/full_blind_msa_model_0.pdb,results/full181_supplement/raw/formal_msa/seed6/boltz_results_full_blind_msa/predictions/full_blind_msa/full_blind_msa_model_0.pdb,0.8235294117647058,0.8235294117647058,both_nonempty,0
Full181,formal_msa,5;7,results/full181_supplement/full181_model_summary.csv,5,7,results/full181_supplement/raw/formal_msa/seed5/boltz_results_full_blind_msa/predictions/full_blind_msa/full_blind_msa_model_0.pdb,results/full181_supplement/raw/formal_msa/seed7/boltz_results_full_blind_msa/predictions/full_blind_msa/full_blind_msa_model_0.pdb,0.6875,0.6875,both_nonempty,0
Full181,formal_msa,5;8,results/full181_supplement/full181_model_summary.csv,5,8,results/full181_supplement/raw/formal_msa/seed5/boltz_results_full_blind_msa/predictions/full_blind_msa/full_blind_msa_model_0.pdb,results/full181_supplement/raw/formal_msa/seed8/boltz_results_full_blind_msa/predictions/full_blind_msa/full_blind_msa_model_0.pdb,0.0,0.0,both_nonempty,0
Full181,formal_msa,5;9,results/full181_supplement/full181_model_summary.csv,5,9,results/full181_supplement/raw/formal_msa/seed5/boltz_results_full_blind_msa/predictions/full_blind_msa/full_blind_msa_model_0.pdb,results/full181_supplement/raw/formal_msa/seed9/boltz_results_full_blind_msa/predictions/full_blind_msa/full_blind_msa_model_0.pdb,0.8333333333333334,0.8333333333333334,both_nonempty,0
Full181,formal_msa,5;10,results/full181_supplement/full181_model_summary.csv,5,10,results/full181_supplement/raw/formal_msa/seed5/boltz_results_full_blind_msa/predictions/full_blind_msa/full_blind_msa_model_0.pdb,results/full181_supplement/raw/formal_msa/seed10/boltz_results_full_blind_msa/predictions/full_blind_msa/full_blind_msa_model_0.pdb,0.6666666666666666,0.6666666666666666,both_nonempty,0
Full181,formal_msa,5;11,results/full181_supplement/full181_model_summary.csv,5,11,results/full181_supplement/raw/formal_msa/seed5/boltz_results_full_blind_msa/predictions/full_blind_msa/full_blind_msa_model_0.pdb,results/full181_supplement/raw/formal_msa/seed11/boltz_results_full_blind_msa/predictions/full_blind_msa/full_blind_msa_model_0.pdb,0.8125,0.8125,both_nonempty,0
Full181,formal_msa,5;12,results/full181_supplement/full181_model_summary.csv,5,12,results/full181_supplement/raw/formal_msa/seed5/boltz_results_full_blind_msa/predictions/full_blind_msa/full_blind_msa_model_0.pdb,results/full181_supplement/raw/formal_msa/seed12/boltz_results_full_blind_msa/predictions/full_blind_msa/full_blind_msa_model_0.pdb,0.0,0.0,both_nonempty,0
Full181,formal_msa,5;13,results/full181_supplement/full181_model_summary.csv,5,13,results/full181_supplement/raw/formal_msa/seed5/boltz_results_full_blind_msa/predictions/full_blind_msa/full_blind_msa_model_0.pdb,results/full181_supplement/raw/formal_msa/seed13/boltz_results_full_blind_msa/predictions/full_blind_msa/full_blind_msa_model_0.pdb,0.8235294117647058,0.8235294117647058,both_nonempty,0
Full181,formal_msa,5;14,results/full181_supplement/full181_model_summary.csv,5,14,results/full181_supplement/raw/formal_msa/seed5/boltz_results_full_blind_msa/predictions/full_blind_msa/full_blind_msa_model_0.pdb,results/full181_supplement/raw/formal_msa/seed14/boltz_results_full_blind_msa/predictions/full_blind_msa/full_blind_msa_model_0.pdb,0.6470588235294118,0.6470588235294118,both_nonempty,0
Full181,formal_msa,5;15,results/full181_supplement/full181_model_summary.csv,5,15,results/full181_supplement/raw/formal_msa/seed5/boltz_results_full_blind_msa/predictions/full_blind_msa/full_blind_msa_model_0.pdb,results/full181_supplement/raw/formal_msa/seed15/boltz_results_full_blind_msa/predictions/full_blind_msa/full_blind_msa_model_0.pdb,0.6842105263157895,0.6842105263157895,both_nonempty,0
Full181,formal_msa,6;7,results/full181_supplement/full181_model_summary.csv,6,7,results/full181_supplement/raw/formal_msa/seed6/boltz_results_full_blind_msa/predictions/full_blind_msa/full_blind_msa_model_0.pdb,results/full181_supplement/raw/formal_msa/seed7/boltz_results_full_blind_msa/predictions/full_blind_msa/full_blind_msa_model_0.pdb,0.6470588235294118,0.6470588235294118,both_nonempty,0
Full181,formal_msa,6;8,results/full181_supplement/full181_model_summary.csv,6,8,results/full181_supplement/raw/formal_msa/seed6/boltz_results_full_blind_msa/predictions/full_blind_msa/full_blind_msa_model_0.pdb,results/full181_supplement/raw/formal_msa/seed8/boltz_results_full_blind_msa/predictions/full_blind_msa/full_blind_msa_model_0.pdb,0.0,0.0,both_nonempty,0
Full181,formal_msa,6;9,results/full181_supplement/full181_model_summary.csv,6,9,results/full181_supplement/raw/formal_msa/seed6/boltz_results_full_blind_msa/predictions/full_blind_msa/full_blind_msa_model_0.pdb,results/full181_supplement/raw/formal_msa/seed9/boltz_results_full_blind_msa/predictions/full_blind_msa/full_blind_msa_model_0.pdb,0.7894736842105263,0.7894736842105263,both_nonempty,0
Full181,formal_msa,6;10,results/full181_supplement/full181_model_summary.csv,6,10,results/full181_supplement/raw/formal_msa/seed6/boltz_results_full_blind_msa/predictions/full_blind_msa/full_blind_msa_model_0.pdb,results/full181_supplement/raw/formal_msa/seed10/boltz_results_full_blind_msa/predictions/full_blind_msa/full_blind_msa_model_0.pdb,0.631578947368421,0.631578947368421,both_nonempty,0
Full181,formal_msa,6;11,results/full181_supplement/full181_model_summary.csv,6,11,results/full181_supplement/raw/formal_msa/seed6/boltz_results_full_blind_msa/predictions/full_blind_msa/full_blind_msa_model_0.pdb,results/full181_supplement/raw/formal_msa/seed11/boltz_results_full_blind_msa/predictions/full_blind_msa/full_blind_msa_model_0.pdb,0.7647058823529411,0.7647058823529411,both_nonempty,0
Full181,formal_msa,6;12,results/full181_supplement/full181_model_summary.csv,6,12,results/full181_supplement/raw/formal_msa/seed6/boltz_results_full_blind_msa/predictions/full_blind_msa/full_blind_msa_model_0.pdb,results/full181_supplement/raw/formal_msa/seed12/boltz_results_full_blind_msa/predictions/full_blind_msa/full_blind_msa_model_0.pdb,0.0,0.0,both_nonempty,0
Full181,formal_msa,6;13,results/full181_supplement/full181_model_summary.csv,6,13,results/full181_supplement/raw/formal_msa/seed6/boltz_results_full_blind_msa/predictions/full_blind_msa/full_blind_msa_model_0.pdb,results/full181_supplement/raw/formal_msa/seed13/boltz_results_full_blind_msa/predictions/full_blind_msa/full_blind_msa_model_0.pdb,0.7777777777777778,0.7777777777777778,both_nonempty,0
Full181,formal_msa,6;14,results/full181_supplement/full181_model_summary.csv,6,14,results/full181_supplement/raw/formal_msa/seed6/boltz_results_full_blind_msa/predictions/full_blind_msa/full_blind_msa_model_0.pdb,results/full181_supplement/raw/formal_msa/seed14/boltz_results_full_blind_msa/predictions/full_blind_msa/full_blind_msa_model_0.pdb,0.6111111111111112,0.6111111111111112,both_nonempty,0
Full181,formal_msa,6;15,results/full181_supplement/full181_model_summary.csv,6,15,results/full181_supplement/raw/formal_msa/seed6/boltz_results_full_blind_msa/predictions/full_blind_msa/full_blind_msa_model_0.pdb,results/full181_supplement/raw/formal_msa/seed15/boltz_results_full_blind_msa/predictions/full_blind_msa/full_blind_msa_model_0.pdb,0.7368421052631579,0.7368421052631579,both_nonempty,0
Full181,formal_msa,7;8,results/full181_supplement/full181_model_summary.csv,7,8,results/full181_supplement/raw/formal_msa/seed7/boltz_results_full_blind_msa/predictions/full_blind_msa/full_blind_msa_model_0.pdb,results/full181_supplement/raw/formal_msa/seed8/boltz_results_full_blind_msa/predictions/full_blind_msa/full_blind_msa_model_0.pdb,0.0,0.0,both_nonempty,0
Full181,formal_msa,7;9,results/full181_supplement/full181_model_summary.csv,7,9,results/full181_supplement/raw/formal_msa/seed7/boltz_results_full_blind_msa/predictions/full_blind_msa/full_blind_msa_model_0.pdb,results/full181_supplement/raw/formal_msa/seed9/boltz_results_full_blind_msa/predictions/full_blind_msa/full_blind_msa_model_0.pdb,0.6666666666666666,0.6666666666666666,both_nonempty,0
Full181,formal_msa,7;10,results/full181_supplement/full181_model_summary.csv,7,10,results/full181_supplement/raw/formal_msa/seed7/boltz_results_full_blind_msa/predictions/full_blind_msa/full_blind_msa_model_0.pdb,results/full181_supplement/raw/formal_msa/seed10/boltz_results_full_blind_msa/predictions/full_blind_msa/full_blind_msa_model_0.pdb,0.5,0.5,both_nonempty,0
Full181,formal_msa,7;11,results/full181_supplement/full181_model_summary.csv,7,11,results/full181_supplement/raw/formal_msa/seed7/boltz_results_full_blind_msa/predictions/full_blind_msa/full_blind_msa_model_0.pdb,results/full181_supplement/raw/formal_msa/seed11/boltz_results_full_blind_msa/predictions/full_blind_msa/full_blind_msa_model_0.pdb,0.7333333333333333,0.7333333333333333,both_nonempty,0
Full181,formal_msa,7;12,results/full181_supplement/full181_model_summary.csv,7,12,results/full181_supplement/raw/formal_msa/seed7/boltz_results_full_blind_msa/predictions/full_blind_msa/full_blind_msa_model_0.pdb,results/full181_supplement/raw/formal_msa/seed12/boltz_results_full_blind_msa/predictions/full_blind_msa/full_blind_msa_model_0.pdb,0.0,0.0,both_nonempty,0
Full181,formal_msa,7;13,results/full181_supplement/full181_model_summary.csv,7,13,results/full181_supplement/raw/formal_msa/seed7/boltz_results_full_blind_msa/predictions/full_blind_msa/full_blind_msa_model_0.pdb,results/full181_supplement/raw/formal_msa/seed13/boltz_results_full_blind_msa/predictions/full_blind_msa/full_blind_msa_model_0.pdb,0.6470588235294118,0.6470588235294118,both_nonempty,0
Full181,formal_msa,7;14,results/full181_supplement/full181_model_summary.csv,7,14,results/full181_supplement/raw/formal_msa/seed7/boltz_results_full_blind_msa/predictions/full_blind_msa/full_blind_msa_model_0.pdb,results/full181_supplement/raw/formal_msa/seed14/boltz_results_full_blind_msa/predictions/full_blind_msa/full_blind_msa_model_0.pdb,0.6666666666666666,0.6666666666666666,both_nonempty,0
Full181,formal_msa,7;15,results/full181_supplement/full181_model_summary.csv,7,15,results/full181_supplement/raw/formal_msa/seed7/boltz_results_full_blind_msa/predictions/full_blind_msa/full_blind_msa_model_0.pdb,results/full181_supplement/raw/formal_msa/seed15/boltz_results_full_blind_msa/predictions/full_blind_msa/full_blind_msa_model_0.pdb,0.5263157894736842,0.5263157894736842,both_nonempty,0
Full181,formal_msa,8;9,results/full181_supplement/full181_model_summary.csv,8,9,results/full181_supplement/raw/formal_msa/seed8/boltz_results_full_blind_msa/predictions/full_blind_msa/full_blind_msa_model_0.pdb,results/full181_supplement/raw/formal_msa/seed9/boltz_results_full_blind_msa/predictions/full_blind_msa/full_blind_msa_model_0.pdb,0.0,0.0,both_nonempty,0
Full181,formal_msa,8;10,results/full181_supplement/full181_model_summary.csv,8,10,results/full181_supplement/raw/formal_msa/seed8/boltz_results_full_blind_msa/predictions/full_blind_msa/full_blind_msa_model_0.pdb,results/full181_supplement/raw/formal_msa/seed10/boltz_results_full_blind_msa/predictions/full_blind_msa/full_blind_msa_model_0.pdb,0.0,0.0,both_nonempty,0
Full181,formal_msa,8;11,results/full181_supplement/full181_model_summary.csv,8,11,results/full181_supplement/raw/formal_msa/seed8/boltz_results_full_blind_msa/predictions/full_blind_msa/full_blind_msa_model_0.pdb,results/full181_supplement/raw/formal_msa/seed11/boltz_results_full_blind_msa/predictions/full_blind_msa/full_blind_msa_model_0.pdb,0.0,0.0,both_nonempty,0
Full181,formal_msa,8;12,results/full181_supplement/full181_model_summary.csv,8,12,results/full181_supplement/raw/formal_msa/seed8/boltz_results_full_blind_msa/predictions/full_blind_msa/full_blind_msa_model_0.pdb,results/full181_supplement/raw/formal_msa/seed12/boltz_results_full_blind_msa/predictions/full_blind_msa/full_blind_msa_model_0.pdb,0.37142857142857144,0.37142857142857144,both_nonempty,0
Full181,formal_msa,8;13,results/full181_supplement/full181_model_summary.csv,8,13,results/full181_supplement/raw/formal_msa/seed8/boltz_results_full_blind_msa/predictions/full_blind_msa/full_blind_msa_model_0.pdb,results/full181_supplement/raw/formal_msa/seed13/boltz_results_full_blind_msa/predictions/full_blind_msa/full_blind_msa_model_0.pdb,0.0,0.0,both_nonempty,0
Full181,formal_msa,8;14,results/full181_supplement/full181_model_summary.csv,8,14,results/full181_supplement/raw/formal_msa/seed8/boltz_results_full_blind_msa/predictions/full_blind_msa/full_blind_msa_model_0.pdb,results/full181_supplement/raw/formal_msa/seed14/boltz_results_full_blind_msa/predictions/full_blind_msa/full_blind_msa_model_0.pdb,0.0,0.0,both_nonempty,0
Full181,formal_msa,8;15,results/full181_supplement/full181_model_summary.csv,8,15,results/full181_supplement/raw/formal_msa/seed8/boltz_results_full_blind_msa/predictions/full_blind_msa/full_blind_msa_model_0.pdb,results/full181_supplement/raw/formal_msa/seed15/boltz_results_full_blind_msa/predictions/full_blind_msa/full_blind_msa_model_0.pdb,0.0,0.0,both_nonempty,0
Full181,formal_msa,9;10,results/full181_supplement/full181_model_summary.csv,9,10,results/full181_supplement/raw/formal_msa/seed9/boltz_results_full_blind_msa/predictions/full_blind_msa/full_blind_msa_model_0.pdb,results/full181_supplement/raw/formal_msa/seed10/boltz_results_full_blind_msa/predictions/full_blind_msa/full_blind_msa_model_0.pdb,0.7368421052631579,0.7368421052631579,both_nonempty,0
Full181,formal_msa,9;11,results/full181_supplement/full181_model_summary.csv,9,11,results/full181_supplement/raw/formal_msa/seed9/boltz_results_full_blind_msa/predictions/full_blind_msa/full_blind_msa_model_0.pdb,results/full181_supplement/raw/formal_msa/seed11/boltz_results_full_blind_msa/predictions/full_blind_msa/full_blind_msa_model_0.pdb,0.7777777777777778,0.7777777777777778,both_nonempty,0
Full181,formal_msa,9;12,results/full181_supplement/full181_model_summary.csv,9,12,results/full181_supplement/raw/formal_msa/seed9/boltz_results_full_blind_msa/predictions/full_blind_msa/full_blind_msa_model_0.pdb,results/full181_supplement/raw/formal_msa/seed12/boltz_results_full_blind_msa/predictions/full_blind_msa/full_blind_msa_model_0.pdb,0.0,0.0,both_nonempty,0
Full181,formal_msa,9;13,results/full181_supplement/full181_model_summary.csv,9,13,results/full181_supplement/raw/formal_msa/seed9/boltz_results_full_blind_msa/predictions/full_blind_msa/full_blind_msa_model_0.pdb,results/full181_supplement/raw/formal_msa/seed13/boltz_results_full_blind_msa/predictions/full_blind_msa/full_blind_msa_model_0.pdb,0.7,0.7,both_nonempty,0
Full181,formal_msa,9;14,results/full181_supplement/full181_model_summary.csv,9,14,results/full181_supplement/raw/formal_msa/seed9/boltz_results_full_blind_msa/predictions/full_blind_msa/full_blind_msa_model_0.pdb,results/full181_supplement/raw/formal_msa/seed14/boltz_results_full_blind_msa/predictions/full_blind_msa/full_blind_msa_model_0.pdb,0.55,0.55,both_nonempty,0
Full181,formal_msa,9;15,results/full181_supplement/full181_model_summary.csv,9,15,results/full181_supplement/raw/formal_msa/seed9/boltz_results_full_blind_msa/predictions/full_blind_msa/full_blind_msa_model_0.pdb,results/full181_supplement/raw/formal_msa/seed15/boltz_results_full_blind_msa/predictions/full_blind_msa/full_blind_msa_model_0.pdb,0.8421052631578947,0.8421052631578947,both_nonempty,0
Full181,formal_msa,10;11,results/full181_supplement/full181_model_summary.csv,10,11,results/full181_supplement/raw/formal_msa/seed10/boltz_results_full_blind_msa/predictions/full_blind_msa/full_blind_msa_model_0.pdb,results/full181_supplement/raw/formal_msa/seed11/boltz_results_full_blind_msa/predictions/full_blind_msa/full_blind_msa_model_0.pdb,0.6111111111111112,0.6111111111111112,both_nonempty,0
Full181,formal_msa,10;12,results/full181_supplement/full181_model_summary.csv,10,12,results/full181_supplement/raw/formal_msa/seed10/boltz_results_full_blind_msa/predictions/full_blind_msa/full_blind_msa_model_0.pdb,results/full181_supplement/raw/formal_msa/seed12/boltz_results_full_blind_msa/predictions/full_blind_msa/full_blind_msa_model_0.pdb,0.0,0.0,both_nonempty,0
Full181,formal_msa,10;13,results/full181_supplement/full181_model_summary.csv,10,13,results/full181_supplement/raw/formal_msa/seed10/boltz_results_full_blind_msa/predictions/full_blind_msa/full_blind_msa_model_0.pdb,results/full181_supplement/raw/formal_msa/seed13/boltz_results_full_blind_msa/predictions/full_blind_msa/full_blind_msa_model_0.pdb,0.55,0.55,both_nonempty,0
Full181,formal_msa,10;14,results/full181_supplement/full181_model_summary.csv,10,14,results/full181_supplement/raw/formal_msa/seed10/boltz_results_full_blind_msa/predictions/full_blind_msa/full_blind_msa_model_0.pdb,results/full181_supplement/raw/formal_msa/seed14/boltz_results_full_blind_msa/predictions/full_blind_msa/full_blind_msa_model_0.pdb,0.4,0.4,both_nonempty,0
Full181,formal_msa,10;15,results/full181_supplement/full181_model_summary.csv,10,15,results/full181_supplement/raw/formal_msa/seed10/boltz_results_full_blind_msa/predictions/full_blind_msa/full_blind_msa_model_0.pdb,results/full181_supplement/raw/formal_msa/seed15/boltz_results_full_blind_msa/predictions/full_blind_msa/full_blind_msa_model_0.pdb,0.6,0.6,both_nonempty,0
Full181,formal_msa,11;12,results/full181_supplement/full181_model_summary.csv,11,12,results/full181_supplement/raw/formal_msa/seed11/boltz_results_full_blind_msa/predictions/full_blind_msa/full_blind_msa_model_0.pdb,results/full181_supplement/raw/formal_msa/seed12/boltz_results_full_blind_msa/predictions/full_blind_msa/full_blind_msa_model_0.pdb,0.0,0.0,both_nonempty,0
Full181,formal_msa,11;13,results/full181_supplement/full181_model_summary.csv,11,13,results/full181_supplement/raw/formal_msa/seed11/boltz_results_full_blind_msa/predictions/full_blind_msa/full_blind_msa_model_0.pdb,results/full181_supplement/raw/formal_msa/seed13/boltz_results_full_blind_msa/predictions/full_blind_msa/full_blind_msa_model_0.pdb,0.7647058823529411,0.7647058823529411,both_nonempty,0
Full181,formal_msa,11;14,results/full181_supplement/full181_model_summary.csv,11,14,results/full181_supplement/raw/formal_msa/seed11/boltz_results_full_blind_msa/predictions/full_blind_msa/full_blind_msa_model_0.pdb,results/full181_supplement/raw/formal_msa/seed14/boltz_results_full_blind_msa/predictions/full_blind_msa/full_blind_msa_model_0.pdb,0.6875,0.6875,both_nonempty,0
Full181,formal_msa,11;15,results/full181_supplement/full181_model_summary.csv,11,15,results/full181_supplement/raw/formal_msa/seed11/boltz_results_full_blind_msa/predictions/full_blind_msa/full_blind_msa_model_0.pdb,results/full181_supplement/raw/formal_msa/seed15/boltz_results_full_blind_msa/predictions/full_blind_msa/full_blind_msa_model_0.pdb,0.631578947368421,0.631578947368421,both_nonempty,0
Full181,formal_msa,12;13,results/full181_supplement/full181_model_summary.csv,12,13,results/full181_supplement/raw/formal_msa/seed12/boltz_results_full_blind_msa/predictions/full_blind_msa/full_blind_msa_model_0.pdb,results/full181_supplement/raw/formal_msa/seed13/boltz_results_full_blind_msa/predictions/full_blind_msa/full_blind_msa_model_0.pdb,0.0,0.0,both_nonempty,0
Full181,formal_msa,12;14,results/full181_supplement/full181_model_summary.csv,12,14,results/full181_supplement/raw/formal_msa/seed12/boltz_results_full_blind_msa/predictions/full_blind_msa/full_blind_msa_model_0.pdb,results/full181_supplement/raw/formal_msa/seed14/boltz_results_full_blind_msa/predictions/full_blind_msa/full_blind_msa_model_0.pdb,0.0,0.0,both_nonempty,0
Full181,formal_msa,12;15,results/full181_supplement/full181_model_summary.csv,12,15,results/full181_supplement/raw/formal_msa/seed12/boltz_results_full_blind_msa/predictions/full_blind_msa/full_blind_msa_model_0.pdb,results/full181_supplement/raw/formal_msa/seed15/boltz_results_full_blind_msa/predictions/full_blind_msa/full_blind_msa_model_0.pdb,0.0,0.0,both_nonempty,0
Full181,formal_msa,13;14,results/full181_supplement/full181_model_summary.csv,13,14,results/full181_supplement/raw/formal_msa/seed13/boltz_results_full_blind_msa/predictions/full_blind_msa/full_blind_msa_model_0.pdb,results/full181_supplement/raw/formal_msa/seed14/boltz_results_full_blind_msa/predictions/full_blind_msa/full_blind_msa_model_0.pdb,0.6111111111111112,0.6111111111111112,both_nonempty,0
Full181,formal_msa,13;15,results/full181_supplement/full181_model_summary.csv,13,15,results/full181_supplement/raw/formal_msa/seed13/boltz_results_full_blind_msa/predictions/full_blind_msa/full_blind_msa_model_0.pdb,results/full181_supplement/raw/formal_msa/seed15/boltz_results_full_blind_msa/predictions/full_blind_msa/full_blind_msa_model_0.pdb,0.5714285714285714,0.5714285714285714,both_nonempty,0
Full181,formal_msa,14;15,results/full181_supplement/full181_model_summary.csv,14,15,results/full181_supplement/raw/formal_msa/seed14/boltz_results_full_blind_msa/predictions/full_blind_msa/full_blind_msa_model_0.pdb,results/full181_supplement/raw/formal_msa/seed15/boltz_results_full_blind_msa/predictions/full_blind_msa/full_blind_msa_model_0.pdb,0.5,0.5,both_nonempty,0
Native155,empty,1;2,results/13_interface_analysis/formal/complex_model_summary.csv,1,2,results/13_interface_analysis/formal/complex_model_summary.csv,results/13_interface_analysis/formal/complex_model_summary.csv,0.2222222222222222,0.2222222222222222,both_nonempty,0
Native155,empty,1;3,results/13_interface_analysis/formal/complex_model_summary.csv,1,3,results/13_interface_analysis/formal/complex_model_summary.csv,results/13_interface_analysis/formal/complex_model_summary.csv,0.17777777777777778,0.17777777777777778,both_nonempty,0
Native155,empty,1;4,results/13_interface_analysis/formal/complex_model_summary.csv,1,4,results/13_interface_analysis/formal/complex_model_summary.csv,results/13_interface_analysis/formal/complex_model_summary.csv,0.17142857142857143,0.17142857142857143,both_nonempty,0
Native155,empty,1;5,results/13_interface_analysis/formal/complex_model_summary.csv,1,5,results/13_interface_analysis/formal/complex_model_summary.csv,results/13_interface_analysis/formal/complex_model_summary.csv,0.20588235294117646,0.20588235294117646,both_nonempty,0
Native155,empty,1;6,results/13_interface_analysis/formal/complex_model_summary.csv,1,6,results/13_interface_analysis/formal/complex_model_summary.csv,results/13_interface_analysis/formal/complex_model_summary.csv,0.2222222222222222,0.2222222222222222,both_nonempty,0
Native155,empty,1;7,results/13_interface_analysis/formal/complex_model_summary.csv,1,7,results/13_interface_analysis/formal/complex_model_summary.csv,results/13_interface_analysis/formal/complex_model_summary.csv,0.1935483870967742,0.1935483870967742,both_nonempty,0
Native155,empty,1;8,results/13_interface_analysis/formal/complex_model_summary.csv,1,8,results/13_interface_analysis/formal/complex_model_summary.csv,results/13_interface_analysis/formal/complex_model_summary.csv,0.16129032258064516,0.16129032258064516,both_nonempty,0
Native155,empty,1;9,results/13_interface_analysis/formal/complex_model_summary.csv,1,9,results/13_interface_analysis/formal/complex_model_summary.csv,results/13_interface_analysis/formal/complex_model_summary.csv,0.1891891891891892,0.1891891891891892,both_nonempty,0
Native155,empty,1;10,results/13_interface_analysis/formal/complex_model_summary.csv,1,10,results/13_interface_analysis/formal/complex_model_summary.csv,results/13_interface_analysis/formal/complex_model_summary.csv,0.16666666666666666,0.16666666666666666,both_nonempty,0
Native155,empty,1;11,results/13_interface_analysis/formal/complex_model_summary.csv,1,11,results/13_interface_analysis/formal/complex_model_summary.csv,results/13_interface_analysis/formal/complex_model_summary.csv,0.34375,0.34375,both_nonempty,0
Native155,empty,1;12,results/13_interface_analysis/formal/complex_model_summary.csv,1,12,results/13_interface_analysis/formal/complex_model_summary.csv,results/13_interface_analysis/formal/complex_model_summary.csv,0.23333333333333334,0.23333333333333334,both_nonempty,0
Native155,empty,1;13,results/13_interface_analysis/formal/complex_model_summary.csv,1,13,results/13_interface_analysis/formal/complex_model_summary.csv,results/13_interface_analysis/formal/complex_model_summary.csv,0.5185185185185185,0.5185185185185185,both_nonempty,0
Native155,empty,1;14,results/13_interface_analysis/formal/complex_model_summary.csv,1,14,results/13_interface_analysis/formal/complex_model_summary.csv,results/13_interface_analysis/formal/complex_model_summary.csv,0.4583333333333333,0.4583333333333333,both_nonempty,0
Native155,empty,1;15,results/13_interface_analysis/formal/complex_model_summary.csv,1,15,results/13_interface_analysis/formal/complex_model_summary.csv,results/13_interface_analysis/formal/complex_model_summary.csv,0.2,0.2,both_nonempty,0
Native155,empty,2;3,results/13_interface_analysis/formal/complex_model_summary.csv,2,3,results/13_interface_analysis/formal/complex_model_summary.csv,results/13_interface_analysis/formal/complex_model_summary.csv,0.38636363636363635,0.38636363636363635,both_nonempty,0
Native155,empty,2;4,results/13_interface_analysis/formal/complex_model_summary.csv,2,4,results/13_interface_analysis/formal/complex_model_summary.csv,results/13_interface_analysis/formal/complex_model_summary.csv,0.53125,0.53125,both_nonempty,0
Native155,empty,2;5,results/13_interface_analysis/formal/complex_model_summary.csv,2,5,results/13_interface_analysis/formal/complex_model_summary.csv,results/13_interface_analysis/formal/complex_model_summary.csv,0.6333333333333333,0.6333333333333333,both_nonempty,0
Native155,empty,2;6,results/13_interface_analysis/formal/complex_model_summary.csv,2,6,results/13_interface_analysis/formal/complex_model_summary.csv,results/13_interface_analysis/formal/complex_model_summary.csv,0.8571428571428571,0.8571428571428571,both_nonempty,0
Native155,empty,2;7,results/13_interface_analysis/formal/complex_model_summary.csv,2,7,results/13_interface_analysis/formal/complex_model_summary.csv,results/13_interface_analysis/formal/complex_model_summary.csv,0.45161290322580644,0.45161290322580644,both_nonempty,0
Native155,empty,2;8,results/13_interface_analysis/formal/complex_model_summary.csv,2,8,results/13_interface_analysis/formal/complex_model_summary.csv,results/13_interface_analysis/formal/complex_model_summary.csv,0.3333333333333333,0.3333333333333333,both_nonempty,0
Native155,empty,2;9,results/13_interface_analysis/formal/complex_model_summary.csv,2,9,results/13_interface_analysis/formal/complex_model_summary.csv,results/13_interface_analysis/formal/complex_model_summary.csv,0.5757575757575758,0.5757575757575758,both_nonempty,0
Native155,empty,2;10,results/13_interface_analysis/formal/complex_model_summary.csv,2,10,results/13_interface_analysis/formal/complex_model_summary.csv,results/13_interface_analysis/formal/complex_model_summary.csv,0.5625,0.5625,both_nonempty,0
Native155,empty,2;11,results/13_interface_analysis/formal/complex_model_summary.csv,2,11,results/13_interface_analysis/formal/complex_model_summary.csv,results/13_interface_analysis/formal/complex_model_summary.csv,0.59375,0.59375,both_nonempty,0
Native155,empty,2;12,results/13_interface_analysis/formal/complex_model_summary.csv,2,12,results/13_interface_analysis/formal/complex_model_summary.csv,results/13_interface_analysis/formal/complex_model_summary.csv,0.7307692307692307,0.7307692307692307,both_nonempty,0
Native155,empty,2;13,results/13_interface_analysis/formal/complex_model_summary.csv,2,13,results/13_interface_analysis/formal/complex_model_summary.csv,results/13_interface_analysis/formal/complex_model_summary.csv,0.4,0.4,both_nonempty,0
Native155,empty,2;14,results/13_interface_analysis/formal/complex_model_summary.csv,2,14,results/13_interface_analysis/formal/complex_model_summary.csv,results/13_interface_analysis/formal/complex_model_summary.csv,0.3870967741935484,0.3870967741935484,both_nonempty,0
Native155,empty,2;15,results/13_interface_analysis/formal/complex_model_summary.csv,2,15,results/13_interface_analysis/formal/complex_model_summary.csv,results/13_interface_analysis/formal/complex_model_summary.csv,0.6129032258064516,0.6129032258064516,both_nonempty,0
Native155,empty,3;4,results/13_interface_analysis/formal/complex_model_summary.csv,3,4,results/13_interface_analysis/formal/complex_model_summary.csv,results/13_interface_analysis/formal/complex_model_summary.csv,0.3181818181818182,0.3181818181818182,both_nonempty,0
Native155,empty,3;5,results/13_interface_analysis/formal/complex_model_summary.csv,3,5,results/13_interface_analysis/formal/complex_model_summary.csv,results/13_interface_analysis/formal/complex_model_summary.csv,0.3488372093023256,0.3488372093023256,both_nonempty,0
Native155,empty,3;6,results/13_interface_analysis/formal/complex_model_summary.csv,3,6,results/13_interface_analysis/formal/complex_model_summary.csv,results/13_interface_analysis/formal/complex_model_summary.csv,0.4186046511627907,0.4186046511627907,both_nonempty,0
Native155,empty,3;7,results/13_interface_analysis/formal/complex_model_summary.csv,3,7,results/13_interface_analysis/formal/complex_model_summary.csv,results/13_interface_analysis/formal/complex_model_summary.csv,0.14893617021276595,0.14893617021276595,both_nonempty,0
Native155,empty,3;8,results/13_interface_analysis/formal/complex_model_summary.csv,3,8,results/13_interface_analysis/formal/complex_model_summary.csv,results/13_interface_analysis/formal/complex_model_summary.csv,0.08163265306122448,0.08163265306122448,both_nonempty,0
Native155,empty,3;9,results/13_interface_analysis/formal/complex_model_summary.csv,3,9,results/13_interface_analysis/formal/complex_model_summary.csv,results/13_interface_analysis/formal/complex_model_summary.csv,0.32608695652173914,0.32608695652173914,both_nonempty,0
Native155,empty,3;10,results/13_interface_analysis/formal/complex_model_summary.csv,3,10,results/13_interface_analysis/formal/complex_model_summary.csv,results/13_interface_analysis/formal/complex_model_summary.csv,0.40476190476190477,0.40476190476190477,both_nonempty,0
Native155,empty,3;11,results/13_interface_analysis/formal/complex_model_summary.csv,3,11,results/13_interface_analysis/formal/complex_model_summary.csv,results/13_interface_analysis/formal/complex_model_summary.csv,0.36363636363636365,0.36363636363636365,both_nonempty,0
Native155,empty,3;12,results/13_interface_analysis/formal/complex_model_summary.csv,3,12,results/13_interface_analysis/formal/complex_model_summary.csv,results/13_interface_analysis/formal/complex_model_summary.csv,0.38461538461538464,0.38461538461538464,both_nonempty,0
Native155,empty,3;13,results/13_interface_analysis/formal/complex_model_summary.csv,3,13,results/13_interface_analysis/formal/complex_model_summary.csv,results/13_interface_analysis/formal/complex_model_summary.csv,0.3181818181818182,0.3181818181818182,both_nonempty,0
Native155,empty,3;14,results/13_interface_analysis/formal/complex_model_summary.csv,3,14,results/13_interface_analysis/formal/complex_model_summary.csv,results/13_interface_analysis/formal/complex_model_summary.csv,0.18181818181818182,0.18181818181818182,both_nonempty,0
Native155,empty,3;15,results/13_interface_analysis/formal/complex_model_summary.csv,3,15,results/13_interface_analysis/formal/complex_model_summary.csv,results/13_interface_analysis/formal/complex_model_summary.csv,0.37209302325581395,0.37209302325581395,both_nonempty,0
Native155,empty,4;5,results/13_interface_analysis/formal/complex_model_summary.csv,4,5,results/13_interface_analysis/formal/complex_model_summary.csv,results/13_interface_analysis/formal/complex_model_summary.csv,0.7692307692307693,0.7692307692307693,both_nonempty,0
Native155,empty,4;6,results/13_interface_analysis/formal/complex_model_summary.csv,4,6,results/13_interface_analysis/formal/complex_model_summary.csv,results/13_interface_analysis/formal/complex_model_summary.csv,0.48484848484848486,0.48484848484848486,both_nonempty,0
Native155,empty,4;7,results/13_interface_analysis/formal/complex_model_summary.csv,4,7,results/13_interface_analysis/formal/complex_model_summary.csv,results/13_interface_analysis/formal/complex_model_summary.csv,0.5555555555555556,0.5555555555555556,both_nonempty,0
Native155,empty,4;8,results/13_interface_analysis/formal/complex_model_summary.csv,4,8,results/13_interface_analysis/formal/complex_model_summary.csv,results/13_interface_analysis/formal/complex_model_summary.csv,0.41379310344827586,0.41379310344827586,both_nonempty,0
Native155,empty,4;9,results/13_interface_analysis/formal/complex_model_summary.csv,4,9,results/13_interface_analysis/formal/complex_model_summary.csv,results/13_interface_analysis/formal/complex_model_summary.csv,0.8148148148148148,0.8148148148148148,both_nonempty,0
Native155,empty,4;10,results/13_interface_analysis/formal/complex_model_summary.csv,4,10,results/13_interface_analysis/formal/complex_model_summary.csv,results/13_interface_analysis/formal/complex_model_summary.csv,0.6785714285714286,0.6785714285714286,both_nonempty,0
Native155,empty,4;11,results/13_interface_analysis/formal/complex_model_summary.csv,4,11,results/13_interface_analysis/formal/complex_model_summary.csv,results/13_interface_analysis/formal/complex_model_summary.csv,0.4117647058823529,0.4117647058823529,both_nonempty,0
Native155,empty,4;12,results/13_interface_analysis/formal/complex_model_summary.csv,4,12,results/13_interface_analysis/formal/complex_model_summary.csv,results/13_interface_analysis/formal/complex_model_summary.csv,0.5555555555555556,0.5555555555555556,both_nonempty,0
Native155,empty,4;13,results/13_interface_analysis/formal/complex_model_summary.csv,4,13,results/13_interface_analysis/formal/complex_model_summary.csv,results/13_interface_analysis/formal/complex_model_summary.csv,0.3939393939393939,0.3939393939393939,both_nonempty,0
Native155,empty,4;14,results/13_interface_analysis/formal/complex_model_summary.csv,4,14,results/13_interface_analysis/formal/complex_model_summary.csv,results/13_interface_analysis/formal/complex_model_summary.csv,0.42857142857142855,0.42857142857142855,both_nonempty,0
Native155,empty,4;15,results/13_interface_analysis/formal/complex_model_summary.csv,4,15,results/13_interface_analysis/formal/complex_model_summary.csv,results/13_interface_analysis/formal/complex_model_summary.csv,0.8076923076923077,0.8076923076923077,both_nonempty,0
Native155,empty,5;6,results/13_interface_analysis/formal/complex_model_summary.csv,5,6,results/13_interface_analysis/formal/complex_model_summary.csv,results/13_interface_analysis/formal/complex_model_summary.csv,0.5806451612903226,0.5806451612903226,both_nonempty,0
Native155,empty,5;7,results/13_interface_analysis/formal/complex_model_summary.csv,5,7,results/13_interface_analysis/formal/complex_model_summary.csv,results/13_interface_analysis/formal/complex_model_summary.csv,0.5,0.5,both_nonempty,0
Native155,empty,5;8,results/13_interface_analysis/formal/complex_model_summary.csv,5,8,results/13_interface_analysis/formal/complex_model_summary.csv,results/13_interface_analysis/formal/complex_model_summary.csv,0.36666666666666664,0.36666666666666664,both_nonempty,0
Native155,empty,5;9,results/13_interface_analysis/formal/complex_model_summary.csv,5,9,results/13_interface_analysis/formal/complex_model_summary.csv,results/13_interface_analysis/formal/complex_model_summary.csv,0.8148148148148148,0.8148148148148148,both_nonempty,0
Native155,empty,5;10,results/13_interface_analysis/formal/complex_model_summary.csv,5,10,results/13_interface_analysis/formal/complex_model_summary.csv,results/13_interface_analysis/formal/complex_model_summary.csv,0.7407407407407407,0.7407407407407407,both_nonempty,0
Native155,empty,5;11,results/13_interface_analysis/formal/complex_model_summary.csv,5,11,results/13_interface_analysis/formal/complex_model_summary.csv,results/13_interface_analysis/formal/complex_model_summary.csv,0.45454545454545453,0.45454545454545453,both_nonempty,0
Native155,empty,5;12,results/13_interface_analysis/formal/complex_model_summary.csv,5,12,results/13_interface_analysis/formal/complex_model_summary.csv,results/13_interface_analysis/formal/complex_model_summary.csv,0.6153846153846154,0.6153846153846154,both_nonempty,0
Native155,empty,5;13,results/13_interface_analysis/formal/complex_model_summary.csv,5,13,results/13_interface_analysis/formal/complex_model_summary.csv,results/13_interface_analysis/formal/complex_model_summary.csv,0.3939393939393939,0.3939393939393939,both_nonempty,0
Native155,empty,5;14,results/13_interface_analysis/formal/complex_model_summary.csv,5,14,results/13_interface_analysis/formal/complex_model_summary.csv,results/13_interface_analysis/formal/complex_model_summary.csv,0.42857142857142855,0.42857142857142855,both_nonempty,0
Native155,empty,5;15,results/13_interface_analysis/formal/complex_model_summary.csv,5,15,results/13_interface_analysis/formal/complex_model_summary.csv,results/13_interface_analysis/formal/complex_model_summary.csv,0.8076923076923077,0.8076923076923077,both_nonempty,0
Native155,empty,6;7,results/13_interface_analysis/formal/complex_model_summary.csv,6,7,results/13_interface_analysis/formal/complex_model_summary.csv,results/13_interface_analysis/formal/complex_model_summary.csv,0.36363636363636365,0.36363636363636365,both_nonempty,0
Native155,empty,6;8,results/13_interface_analysis/formal/complex_model_summary.csv,6,8,results/13_interface_analysis/formal/complex_model_summary.csv,results/13_interface_analysis/formal/complex_model_summary.csv,0.2571428571428571,0.2571428571428571,both_nonempty,0
Native155,empty,6;9,results/13_interface_analysis/formal/complex_model_summary.csv,6,9,results/13_interface_analysis/formal/complex_model_summary.csv,results/13_interface_analysis/formal/complex_model_summary.csv,0.5757575757575758,0.5757575757575758,both_nonempty,0
Native155,empty,6;10,results/13_interface_analysis/formal/complex_model_summary.csv,6,10,results/13_interface_analysis/formal/complex_model_summary.csv,results/13_interface_analysis/formal/complex_model_summary.csv,0.5625,0.5625,both_nonempty,0
Native155,empty,6;11,results/13_interface_analysis/formal/complex_model_summary.csv,6,11,results/13_interface_analysis/formal/complex_model_summary.csv,results/13_interface_analysis/formal/complex_model_summary.csv,0.59375,0.59375,both_nonempty,0
Native155,empty,6;12,results/13_interface_analysis/formal/complex_model_summary.csv,6,12,results/13_interface_analysis/formal/complex_model_summary.csv,results/13_interface_analysis/formal/complex_model_summary.csv,0.7307692307692307,0.7307692307692307,both_nonempty,0
Native155,empty,6;13,results/13_interface_analysis/formal/complex_model_summary.csv,6,13,results/13_interface_analysis/formal/complex_model_summary.csv,results/13_interface_analysis/formal/complex_model_summary.csv,0.4411764705882353,0.4411764705882353,both_nonempty,0
Native155,empty,6;14,results/13_interface_analysis/formal/complex_model_summary.csv,6,14,results/13_interface_analysis/formal/complex_model_summary.csv,results/13_interface_analysis/formal/complex_model_summary.csv,0.3870967741935484,0.3870967741935484,both_nonempty,0
Native155,empty,6;15,results/13_interface_analysis/formal/complex_model_summary.csv,6,15,results/13_interface_analysis/formal/complex_model_summary.csv,results/13_interface_analysis/formal/complex_model_summary.csv,0.6129032258064516,0.6129032258064516,both_nonempty,0
Native155,empty,7;8,results/13_interface_analysis/formal/complex_model_summary.csv,7,8,results/13_interface_analysis/formal/complex_model_summary.csv,results/13_interface_analysis/formal/complex_model_summary.csv,0.7619047619047619,0.7619047619047619,both_nonempty,0
Native155,empty,7;9,results/13_interface_analysis/formal/complex_model_summary.csv,7,9,results/13_interface_analysis/formal/complex_model_summary.csv,results/13_interface_analysis/formal/complex_model_summary.csv,0.5,0.5,both_nonempty,0
Native155,empty,7;10,results/13_interface_analysis/formal/complex_model_summary.csv,7,10,results/13_interface_analysis/formal/complex_model_summary.csv,results/13_interface_analysis/formal/complex_model_summary.csv,0.34375,0.34375,both_nonempty,0
Native155,empty,7;11,results/13_interface_analysis/formal/complex_model_summary.csv,7,11,results/13_interface_analysis/formal/complex_model_summary.csv,results/13_interface_analysis/formal/complex_model_summary.csv,0.29411764705882354,0.29411764705882354,both_nonempty,0
Native155,empty,7;12,results/13_interface_analysis/formal/complex_model_summary.csv,7,12,results/13_interface_analysis/formal/complex_model_summary.csv,results/13_interface_analysis/formal/complex_model_summary.csv,0.4074074074074074,0.4074074074074074,both_nonempty,0
Native155,empty,7;13,results/13_interface_analysis/formal/complex_model_summary.csv,7,13,results/13_interface_analysis/formal/complex_model_summary.csv,results/13_interface_analysis/formal/complex_model_summary.csv,0.3548387096774194,0.3548387096774194,both_nonempty,0
Native155,empty,7;14,results/13_interface_analysis/formal/complex_model_summary.csv,7,14,results/13_interface_analysis/formal/complex_model_summary.csv,results/13_interface_analysis/formal/complex_model_summary.csv,0.44,0.44,both_nonempty,0
Native155,empty,7;15,results/13_interface_analysis/formal/complex_model_summary.csv,7,15,results/13_interface_analysis/formal/complex_model_summary.csv,results/13_interface_analysis/formal/complex_model_summary.csv,0.43333333333333335,0.43333333333333335,both_nonempty,0
Native155,empty,8;9,results/13_interface_analysis/formal/complex_model_summary.csv,8,9,results/13_interface_analysis/formal/complex_model_summary.csv,results/13_interface_analysis/formal/complex_model_summary.csv,0.375,0.375,both_nonempty,0
Native155,empty,8;10,results/13_interface_analysis/formal/complex_model_summary.csv,8,10,results/13_interface_analysis/formal/complex_model_summary.csv,results/13_interface_analysis/formal/complex_model_summary.csv,0.23529411764705882,0.23529411764705882,both_nonempty,0
Native155,empty,8;11,results/13_interface_analysis/formal/complex_model_summary.csv,8,11,results/13_interface_analysis/formal/complex_model_summary.csv,results/13_interface_analysis/formal/complex_model_summary.csv,0.22857142857142856,0.22857142857142856,both_nonempty,0
Native155,empty,8;12,results/13_interface_analysis/formal/complex_model_summary.csv,8,12,results/13_interface_analysis/formal/complex_model_summary.csv,results/13_interface_analysis/formal/complex_model_summary.csv,0.27586206896551724,0.27586206896551724,both_nonempty,0
Native155,empty,8;13,results/13_interface_analysis/formal/complex_model_summary.csv,8,13,results/13_interface_analysis/formal/complex_model_summary.csv,results/13_interface_analysis/formal/complex_model_summary.csv,0.28125,0.28125,both_nonempty,0
Native155,empty,8;14,results/13_interface_analysis/formal/complex_model_summary.csv,8,14,results/13_interface_analysis/formal/complex_model_summary.csv,results/13_interface_analysis/formal/complex_model_summary.csv,0.34615384615384615,0.34615384615384615,both_nonempty,0
Native155,empty,8;15,results/13_interface_analysis/formal/complex_model_summary.csv,8,15,results/13_interface_analysis/formal/complex_model_summary.csv,results/13_interface_analysis/formal/complex_model_summary.csv,0.3125,0.3125,both_nonempty,0
Native155,empty,9;10,results/13_interface_analysis/formal/complex_model_summary.csv,9,10,results/13_interface_analysis/formal/complex_model_summary.csv,results/13_interface_analysis/formal/complex_model_summary.csv,0.7241379310344828,0.7241379310344828,both_nonempty,0
Native155,empty,9;11,results/13_interface_analysis/formal/complex_model_summary.csv,9,11,results/13_interface_analysis/formal/complex_model_summary.csv,results/13_interface_analysis/formal/complex_model_summary.csv,0.45714285714285713,0.45714285714285713,both_nonempty,0
Native155,empty,9;12,results/13_interface_analysis/formal/complex_model_summary.csv,9,12,results/13_interface_analysis/formal/complex_model_summary.csv,results/13_interface_analysis/formal/complex_model_summary.csv,0.5517241379310345,0.5517241379310345,both_nonempty,0
Native155,empty,9;13,results/13_interface_analysis/formal/complex_model_summary.csv,9,13,results/13_interface_analysis/formal/complex_model_summary.csv,results/13_interface_analysis/formal/complex_model_summary.csv,0.4,0.4,both_nonempty,0
Native155,empty,9;14,results/13_interface_analysis/formal/complex_model_summary.csv,9,14,results/13_interface_analysis/formal/complex_model_summary.csv,results/13_interface_analysis/formal/complex_model_summary.csv,0.43333333333333335,0.43333333333333335,both_nonempty,0
Native155,empty,9;15,results/13_interface_analysis/formal/complex_model_summary.csv,9,15,results/13_interface_analysis/formal/complex_model_summary.csv,results/13_interface_analysis/formal/complex_model_summary.csv,0.7857142857142857,0.7857142857142857,both_nonempty,0
Native155,empty,10;11,results/13_interface_analysis/formal/complex_model_summary.csv,10,11,results/13_interface_analysis/formal/complex_model_summary.csv,results/13_interface_analysis/formal/complex_model_summary.csv,0.4,0.4,both_nonempty,0
Native155,empty,10;12,results/13_interface_analysis/formal/complex_model_summary.csv,10,12,results/13_interface_analysis/formal/complex_model_summary.csv,results/13_interface_analysis/formal/complex_model_summary.csv,0.5925925925925926,0.5925925925925926,both_nonempty,0
Native155,empty,10;13,results/13_interface_analysis/formal/complex_model_summary.csv,10,13,results/13_interface_analysis/formal/complex_model_summary.csv,results/13_interface_analysis/formal/complex_model_summary.csv,0.34285714285714286,0.34285714285714286,both_nonempty,0
Native155,empty,10;14,results/13_interface_analysis/formal/complex_model_summary.csv,10,14,results/13_interface_analysis/formal/complex_model_summary.csv,results/13_interface_analysis/formal/complex_model_summary.csv,0.3225806451612903,0.3225806451612903,both_nonempty,0
Native155,empty,10;15,results/13_interface_analysis/formal/complex_model_summary.csv,10,15,results/13_interface_analysis/formal/complex_model_summary.csv,results/13_interface_analysis/formal/complex_model_summary.csv,0.8461538461538461,0.8461538461538461,both_nonempty,0
Native155,empty,11;12,results/13_interface_analysis/formal/complex_model_summary.csv,11,12,results/13_interface_analysis/formal/complex_model_summary.csv,results/13_interface_analysis/formal/complex_model_summary.csv,0.5714285714285714,0.5714285714285714,both_nonempty,0
Native155,empty,11;13,results/13_interface_analysis/formal/complex_model_summary.csv,11,13,results/13_interface_analysis/formal/complex_model_summary.csv,results/13_interface_analysis/formal/complex_model_summary.csv,0.5,0.5,both_nonempty,0
Native155,empty,11;14,results/13_interface_analysis/formal/complex_model_summary.csv,11,14,results/13_interface_analysis/formal/complex_model_summary.csv,results/13_interface_analysis/formal/complex_model_summary.csv,0.6153846153846154,0.6153846153846154,both_nonempty,0
Native155,empty,11;15,results/13_interface_analysis/formal/complex_model_summary.csv,11,15,results/13_interface_analysis/formal/complex_model_summary.csv,results/13_interface_analysis/formal/complex_model_summary.csv,0.48484848484848486,0.48484848484848486,both_nonempty,0
Native155,empty,12;13,results/13_interface_analysis/formal/complex_model_summary.csv,12,13,results/13_interface_analysis/formal/complex_model_summary.csv,results/13_interface_analysis/formal/complex_model_summary.csv,0.4482758620689655,0.4482758620689655,both_nonempty,0
Native155,empty,12;14,results/13_interface_analysis/formal/complex_model_summary.csv,12,14,results/13_interface_analysis/formal/complex_model_summary.csv,results/13_interface_analysis/formal/complex_model_summary.csv,0.38461538461538464,0.38461538461538464,both_nonempty,0
Native155,empty,12;15,results/13_interface_analysis/formal/complex_model_summary.csv,12,15,results/13_interface_analysis/formal/complex_model_summary.csv,results/13_interface_analysis/formal/complex_model_summary.csv,0.6538461538461539,0.6538461538461539,both_nonempty,0
Native155,empty,13;14,results/13_interface_analysis/formal/complex_model_summary.csv,13,14,results/13_interface_analysis/formal/complex_model_summary.csv,results/13_interface_analysis/formal/complex_model_summary.csv,0.6,0.6,both_nonempty,0
Native155,empty,13;15,results/13_interface_analysis/formal/complex_model_summary.csv,13,15,results/13_interface_analysis/formal/complex_model_summary.csv,results/13_interface_analysis/formal/complex_model_summary.csv,0.38235294117647056,0.38235294117647056,both_nonempty,0
Native155,empty,14;15,results/13_interface_analysis/formal/complex_model_summary.csv,14,15,results/13_interface_analysis/formal/complex_model_summary.csv,results/13_interface_analysis/formal/complex_model_summary.csv,0.41379310344827586,0.41379310344827586,both_nonempty,0
Native155,formal_msa,1;2,results/13_interface_analysis/formal_msa/complex_model_summary.csv,1,2,results/13_interface_analysis/formal_msa/complex_model_summary.csv,results/13_interface_analysis/formal_msa/complex_model_summary.csv,0.0,0.0,both_nonempty,0
Native155,formal_msa,1;3,results/13_interface_analysis/formal_msa/complex_model_summary.csv,1,3,results/13_interface_analysis/formal_msa/complex_model_summary.csv,results/13_interface_analysis/formal_msa/complex_model_summary.csv,0.0,0.0,both_nonempty,0
Native155,formal_msa,1;4,results/13_interface_analysis/formal_msa/complex_model_summary.csv,1,4,results/13_interface_analysis/formal_msa/complex_model_summary.csv,results/13_interface_analysis/formal_msa/complex_model_summary.csv,0.7142857142857143,0.7142857142857143,both_nonempty,0
Native155,formal_msa,1;5,results/13_interface_analysis/formal_msa/complex_model_summary.csv,1,5,results/13_interface_analysis/formal_msa/complex_model_summary.csv,results/13_interface_analysis/formal_msa/complex_model_summary.csv,0.0,0.0,both_nonempty,0
Native155,formal_msa,1;6,results/13_interface_analysis/formal_msa/complex_model_summary.csv,1,6,results/13_interface_analysis/formal_msa/complex_model_summary.csv,results/13_interface_analysis/formal_msa/complex_model_summary.csv,0.0,0.0,both_nonempty,0
Native155,formal_msa,1;7,results/13_interface_analysis/formal_msa/complex_model_summary.csv,1,7,results/13_interface_analysis/formal_msa/complex_model_summary.csv,results/13_interface_analysis/formal_msa/complex_model_summary.csv,0.0,0.0,both_nonempty,0
Native155,formal_msa,1;8,results/13_interface_analysis/formal_msa/complex_model_summary.csv,1,8,results/13_interface_analysis/formal_msa/complex_model_summary.csv,results/13_interface_analysis/formal_msa/complex_model_summary.csv,0.6153846153846154,0.6153846153846154,both_nonempty,0
Native155,formal_msa,1;9,results/13_interface_analysis/formal_msa/complex_model_summary.csv,1,9,results/13_interface_analysis/formal_msa/complex_model_summary.csv,results/13_interface_analysis/formal_msa/complex_model_summary.csv,0.0,0.0,both_nonempty,0
Native155,formal_msa,1;10,results/13_interface_analysis/formal_msa/complex_model_summary.csv,1,10,results/13_interface_analysis/formal_msa/complex_model_summary.csv,results/13_interface_analysis/formal_msa/complex_model_summary.csv,0.0,0.0,both_nonempty,0
Native155,formal_msa,1;11,results/13_interface_analysis/formal_msa/complex_model_summary.csv,1,11,results/13_interface_analysis/formal_msa/complex_model_summary.csv,results/13_interface_analysis/formal_msa/complex_model_summary.csv,0.0,0.0,both_nonempty,0
Native155,formal_msa,1;12,results/13_interface_analysis/formal_msa/complex_model_summary.csv,1,12,results/13_interface_analysis/formal_msa/complex_model_summary.csv,results/13_interface_analysis/formal_msa/complex_model_summary.csv,0.0,0.0,both_nonempty,0
Native155,formal_msa,1;13,results/13_interface_analysis/formal_msa/complex_model_summary.csv,1,13,results/13_interface_analysis/formal_msa/complex_model_summary.csv,results/13_interface_analysis/formal_msa/complex_model_summary.csv,0.0,0.0,both_nonempty,0
Native155,formal_msa,1;14,results/13_interface_analysis/formal_msa/complex_model_summary.csv,1,14,results/13_interface_analysis/formal_msa/complex_model_summary.csv,results/13_interface_analysis/formal_msa/complex_model_summary.csv,0.0,0.0,both_nonempty,0
Native155,formal_msa,1;15,results/13_interface_analysis/formal_msa/complex_model_summary.csv,1,15,results/13_interface_analysis/formal_msa/complex_model_summary.csv,results/13_interface_analysis/formal_msa/complex_model_summary.csv,0.0,0.0,both_nonempty,0
Native155,formal_msa,2;3,results/13_interface_analysis/formal_msa/complex_model_summary.csv,2,3,results/13_interface_analysis/formal_msa/complex_model_summary.csv,results/13_interface_analysis/formal_msa/complex_model_summary.csv,0.5652173913043478,0.5652173913043478,both_nonempty,0
Native155,formal_msa,2;4,results/13_interface_analysis/formal_msa/complex_model_summary.csv,2,4,results/13_interface_analysis/formal_msa/complex_model_summary.csv,results/13_interface_analysis/formal_msa/complex_model_summary.csv,0.0,0.0,both_nonempty,0
Native155,formal_msa,2;5,results/13_interface_analysis/formal_msa/complex_model_summary.csv,2,5,results/13_interface_analysis/formal_msa/complex_model_summary.csv,results/13_interface_analysis/formal_msa/complex_model_summary.csv,0.43478260869565216,0.43478260869565216,both_nonempty,0
Native155,formal_msa,2;6,results/13_interface_analysis/formal_msa/complex_model_summary.csv,2,6,results/13_interface_analysis/formal_msa/complex_model_summary.csv,results/13_interface_analysis/formal_msa/complex_model_summary.csv,0.5454545454545454,0.5454545454545454,both_nonempty,0
Native155,formal_msa,2;7,results/13_interface_analysis/formal_msa/complex_model_summary.csv,2,7,results/13_interface_analysis/formal_msa/complex_model_summary.csv,results/13_interface_analysis/formal_msa/complex_model_summary.csv,0.5,0.5,both_nonempty,0
Native155,formal_msa,2;8,results/13_interface_analysis/formal_msa/complex_model_summary.csv,2,8,results/13_interface_analysis/formal_msa/complex_model_summary.csv,results/13_interface_analysis/formal_msa/complex_model_summary.csv,0.0,0.0,both_nonempty,0
Native155,formal_msa,2;9,results/13_interface_analysis/formal_msa/complex_model_summary.csv,2,9,results/13_interface_analysis/formal_msa/complex_model_summary.csv,results/13_interface_analysis/formal_msa/complex_model_summary.csv,0.6190476190476191,0.6190476190476191,both_nonempty,0
Native155,formal_msa,2;10,results/13_interface_analysis/formal_msa/complex_model_summary.csv,2,10,results/13_interface_analysis/formal_msa/complex_model_summary.csv,results/13_interface_analysis/formal_msa/complex_model_summary.csv,0.6190476190476191,0.6190476190476191,both_nonempty,0
Native155,formal_msa,2;11,results/13_interface_analysis/formal_msa/complex_model_summary.csv,2,11,results/13_interface_analysis/formal_msa/complex_model_summary.csv,results/13_interface_analysis/formal_msa/complex_model_summary.csv,0.5,0.5,both_nonempty,0
Native155,formal_msa,2;12,results/13_interface_analysis/formal_msa/complex_model_summary.csv,2,12,results/13_interface_analysis/formal_msa/complex_model_summary.csv,results/13_interface_analysis/formal_msa/complex_model_summary.csv,0.6363636363636364,0.6363636363636364,both_nonempty,0
Native155,formal_msa,2;13,results/13_interface_analysis/formal_msa/complex_model_summary.csv,2,13,results/13_interface_analysis/formal_msa/complex_model_summary.csv,results/13_interface_analysis/formal_msa/complex_model_summary.csv,0.4,0.4,both_nonempty,0
Native155,formal_msa,2;14,results/13_interface_analysis/formal_msa/complex_model_summary.csv,2,14,results/13_interface_analysis/formal_msa/complex_model_summary.csv,results/13_interface_analysis/formal_msa/complex_model_summary.csv,0.4090909090909091,0.4090909090909091,both_nonempty,0
Native155,formal_msa,2;15,results/13_interface_analysis/formal_msa/complex_model_summary.csv,2,15,results/13_interface_analysis/formal_msa/complex_model_summary.csv,results/13_interface_analysis/formal_msa/complex_model_summary.csv,0.75,0.75,both_nonempty,0
Native155,formal_msa,3;4,results/13_interface_analysis/formal_msa/complex_model_summary.csv,3,4,results/13_interface_analysis/formal_msa/complex_model_summary.csv,results/13_interface_analysis/formal_msa/complex_model_summary.csv,0.0,0.0,both_nonempty,0
Native155,formal_msa,3;5,results/13_interface_analysis/formal_msa/complex_model_summary.csv,3,5,results/13_interface_analysis/formal_msa/complex_model_summary.csv,results/13_interface_analysis/formal_msa/complex_model_summary.csv,0.55,0.55,both_nonempty,0
Native155,formal_msa,3;6,results/13_interface_analysis/formal_msa/complex_model_summary.csv,3,6,results/13_interface_analysis/formal_msa/complex_model_summary.csv,results/13_interface_analysis/formal_msa/complex_model_summary.csv,0.6,0.6,both_nonempty,0
Native155,formal_msa,3;7,results/13_interface_analysis/formal_msa/complex_model_summary.csv,3,7,results/13_interface_analysis/formal_msa/complex_model_summary.csv,results/13_interface_analysis/formal_msa/complex_model_summary.csv,0.5454545454545454,0.5454545454545454,both_nonempty,0
Native155,formal_msa,3;8,results/13_interface_analysis/formal_msa/complex_model_summary.csv,3,8,results/13_interface_analysis/formal_msa/complex_model_summary.csv,results/13_interface_analysis/formal_msa/complex_model_summary.csv,0.0,0.0,both_nonempty,0
Native155,formal_msa,3;9,results/13_interface_analysis/formal_msa/complex_model_summary.csv,3,9,results/13_interface_analysis/formal_msa/complex_model_summary.csv,results/13_interface_analysis/formal_msa/complex_model_summary.csv,0.6842105263157895,0.6842105263157895,both_nonempty,0
Native155,formal_msa,3;10,results/13_interface_analysis/formal_msa/complex_model_summary.csv,3,10,results/13_interface_analysis/formal_msa/complex_model_summary.csv,results/13_interface_analysis/formal_msa/complex_model_summary.csv,0.45454545454545453,0.45454545454545453,both_nonempty,0
Native155,formal_msa,3;11,results/13_interface_analysis/formal_msa/complex_model_summary.csv,3,11,results/13_interface_analysis/formal_msa/complex_model_summary.csv,results/13_interface_analysis/formal_msa/complex_model_summary.csv,0.7222222222222222,0.7222222222222222,both_nonempty,0
Native155,formal_msa,3;12,results/13_interface_analysis/formal_msa/complex_model_summary.csv,3,12,results/13_interface_analysis/formal_msa/complex_model_summary.csv,results/13_interface_analysis/formal_msa/complex_model_summary.csv,0.7,0.7,both_nonempty,0
Native155,formal_msa,3;13,results/13_interface_analysis/formal_msa/complex_model_summary.csv,3,13,results/13_interface_analysis/formal_msa/complex_model_summary.csv,results/13_interface_analysis/formal_msa/complex_model_summary.csv,0.5714285714285714,0.5714285714285714,both_nonempty,0
Native155,formal_msa,3;14,results/13_interface_analysis/formal_msa/complex_model_summary.csv,3,14,results/13_interface_analysis/formal_msa/complex_model_summary.csv,results/13_interface_analysis/formal_msa/complex_model_summary.csv,0.6111111111111112,0.6111111111111112,both_nonempty,0
Native155,formal_msa,3;15,results/13_interface_analysis/formal_msa/complex_model_summary.csv,3,15,results/13_interface_analysis/formal_msa/complex_model_summary.csv,results/13_interface_analysis/formal_msa/complex_model_summary.csv,0.7368421052631579,0.7368421052631579,both_nonempty,0
Native155,formal_msa,4;5,results/13_interface_analysis/formal_msa/complex_model_summary.csv,4,5,results/13_interface_analysis/formal_msa/complex_model_summary.csv,results/13_interface_analysis/formal_msa/complex_model_summary.csv,0.0,0.0,both_nonempty,0
Native155,formal_msa,4;6,results/13_interface_analysis/formal_msa/complex_model_summary.csv,4,6,results/13_interface_analysis/formal_msa/complex_model_summary.csv,results/13_interface_analysis/formal_msa/complex_model_summary.csv,0.0,0.0,both_nonempty,0
Native155,formal_msa,4;7,results/13_interface_analysis/formal_msa/complex_model_summary.csv,4,7,results/13_interface_analysis/formal_msa/complex_model_summary.csv,results/13_interface_analysis/formal_msa/complex_model_summary.csv,0.0,0.0,both_nonempty,0
Native155,formal_msa,4;8,results/13_interface_analysis/formal_msa/complex_model_summary.csv,4,8,results/13_interface_analysis/formal_msa/complex_model_summary.csv,results/13_interface_analysis/formal_msa/complex_model_summary.csv,0.5714285714285714,0.5714285714285714,both_nonempty,0
Native155,formal_msa,4;9,results/13_interface_analysis/formal_msa/complex_model_summary.csv,4,9,results/13_interface_analysis/formal_msa/complex_model_summary.csv,results/13_interface_analysis/formal_msa/complex_model_summary.csv,0.0,0.0,both_nonempty,0
Native155,formal_msa,4;10,results/13_interface_analysis/formal_msa/complex_model_summary.csv,4,10,results/13_interface_analysis/formal_msa/complex_model_summary.csv,results/13_interface_analysis/formal_msa/complex_model_summary.csv,0.0,0.0,both_nonempty,0
Native155,formal_msa,4;11,results/13_interface_analysis/formal_msa/complex_model_summary.csv,4,11,results/13_interface_analysis/formal_msa/complex_model_summary.csv,results/13_interface_analysis/formal_msa/complex_model_summary.csv,0.0,0.0,both_nonempty,0
Native155,formal_msa,4;12,results/13_interface_analysis/formal_msa/complex_model_summary.csv,4,12,results/13_interface_analysis/formal_msa/complex_model_summary.csv,results/13_interface_analysis/formal_msa/complex_model_summary.csv,0.0,0.0,both_nonempty,0
Native155,formal_msa,4;13,results/13_interface_analysis/formal_msa/complex_model_summary.csv,4,13,results/13_interface_analysis/formal_msa/complex_model_summary.csv,results/13_interface_analysis/formal_msa/complex_model_summary.csv,0.0,0.0,both_nonempty,0
Native155,formal_msa,4;14,results/13_interface_analysis/formal_msa/complex_model_summary.csv,4,14,results/13_interface_analysis/formal_msa/complex_model_summary.csv,results/13_interface_analysis/formal_msa/complex_model_summary.csv,0.0,0.0,both_nonempty,0
Native155,formal_msa,4;15,results/13_interface_analysis/formal_msa/complex_model_summary.csv,4,15,results/13_interface_analysis/formal_msa/complex_model_summary.csv,results/13_interface_analysis/formal_msa/complex_model_summary.csv,0.0,0.0,both_nonempty,0
Native155,formal_msa,5;6,results/13_interface_analysis/formal_msa/complex_model_summary.csv,5,6,results/13_interface_analysis/formal_msa/complex_model_summary.csv,results/13_interface_analysis/formal_msa/complex_model_summary.csv,0.8125,0.8125,both_nonempty,0
Native155,formal_msa,5;7,results/13_interface_analysis/formal_msa/complex_model_summary.csv,5,7,results/13_interface_analysis/formal_msa/complex_model_summary.csv,results/13_interface_analysis/formal_msa/complex_model_summary.csv,0.7222222222222222,0.7222222222222222,both_nonempty,0
Native155,formal_msa,5;8,results/13_interface_analysis/formal_msa/complex_model_summary.csv,5,8,results/13_interface_analysis/formal_msa/complex_model_summary.csv,results/13_interface_analysis/formal_msa/complex_model_summary.csv,0.0,0.0,both_nonempty,0
Native155,formal_msa,5;9,results/13_interface_analysis/formal_msa/complex_model_summary.csv,5,9,results/13_interface_analysis/formal_msa/complex_model_summary.csv,results/13_interface_analysis/formal_msa/complex_model_summary.csv,0.6111111111111112,0.6111111111111112,both_nonempty,0
Native155,formal_msa,5;10,results/13_interface_analysis/formal_msa/complex_model_summary.csv,5,10,results/13_interface_analysis/formal_msa/complex_model_summary.csv,results/13_interface_analysis/formal_msa/complex_model_summary.csv,0.45,0.45,both_nonempty,0
Native155,formal_msa,5;11,results/13_interface_analysis/formal_msa/complex_model_summary.csv,5,11,results/13_interface_analysis/formal_msa/complex_model_summary.csv,results/13_interface_analysis/formal_msa/complex_model_summary.csv,0.6470588235294118,0.6470588235294118,both_nonempty,0
Native155,formal_msa,5;12,results/13_interface_analysis/formal_msa/complex_model_summary.csv,5,12,results/13_interface_analysis/formal_msa/complex_model_summary.csv,results/13_interface_analysis/formal_msa/complex_model_summary.csv,0.47619047619047616,0.47619047619047616,both_nonempty,0
Native155,formal_msa,5;13,results/13_interface_analysis/formal_msa/complex_model_summary.csv,5,13,results/13_interface_analysis/formal_msa/complex_model_summary.csv,results/13_interface_analysis/formal_msa/complex_model_summary.csv,0.875,0.875,both_nonempty,0
Native155,formal_msa,5;14,results/13_interface_analysis/formal_msa/complex_model_summary.csv,5,14,results/13_interface_analysis/formal_msa/complex_model_summary.csv,results/13_interface_analysis/formal_msa/complex_model_summary.csv,0.625,0.625,both_nonempty,0
Native155,formal_msa,5;15,results/13_interface_analysis/formal_msa/complex_model_summary.csv,5,15,results/13_interface_analysis/formal_msa/complex_model_summary.csv,results/13_interface_analysis/formal_msa/complex_model_summary.csv,0.5,0.5,both_nonempty,0
Native155,formal_msa,6;7,results/13_interface_analysis/formal_msa/complex_model_summary.csv,6,7,results/13_interface_analysis/formal_msa/complex_model_summary.csv,results/13_interface_analysis/formal_msa/complex_model_summary.csv,0.7777777777777778,0.7777777777777778,both_nonempty,0
Native155,formal_msa,6;8,results/13_interface_analysis/formal_msa/complex_model_summary.csv,6,8,results/13_interface_analysis/formal_msa/complex_model_summary.csv,results/13_interface_analysis/formal_msa/complex_model_summary.csv,0.0,0.0,both_nonempty,0
Native155,formal_msa,6;9,results/13_interface_analysis/formal_msa/complex_model_summary.csv,6,9,results/13_interface_analysis/formal_msa/complex_model_summary.csv,results/13_interface_analysis/formal_msa/complex_model_summary.csv,0.7647058823529411,0.7647058823529411,both_nonempty,0
Native155,formal_msa,6;10,results/13_interface_analysis/formal_msa/complex_model_summary.csv,6,10,results/13_interface_analysis/formal_msa/complex_model_summary.csv,results/13_interface_analysis/formal_msa/complex_model_summary.csv,0.5789473684210527,0.5789473684210527,both_nonempty,0
Native155,formal_msa,6;11,results/13_interface_analysis/formal_msa/complex_model_summary.csv,6,11,results/13_interface_analysis/formal_msa/complex_model_summary.csv,results/13_interface_analysis/formal_msa/complex_model_summary.csv,0.7058823529411765,0.7058823529411765,both_nonempty,0
Native155,formal_msa,6;12,results/13_interface_analysis/formal_msa/complex_model_summary.csv,6,12,results/13_interface_analysis/formal_msa/complex_model_summary.csv,results/13_interface_analysis/formal_msa/complex_model_summary.csv,0.5238095238095238,0.5238095238095238,both_nonempty,0
Native155,formal_msa,6;13,results/13_interface_analysis/formal_msa/complex_model_summary.csv,6,13,results/13_interface_analysis/formal_msa/complex_model_summary.csv,results/13_interface_analysis/formal_msa/complex_model_summary.csv,0.7222222222222222,0.7222222222222222,both_nonempty,0
Native155,formal_msa,6;14,results/13_interface_analysis/formal_msa/complex_model_summary.csv,6,14,results/13_interface_analysis/formal_msa/complex_model_summary.csv,results/13_interface_analysis/formal_msa/complex_model_summary.csv,0.5882352941176471,0.5882352941176471,both_nonempty,0
Native155,formal_msa,6;15,results/13_interface_analysis/formal_msa/complex_model_summary.csv,6,15,results/13_interface_analysis/formal_msa/complex_model_summary.csv,results/13_interface_analysis/formal_msa/complex_model_summary.csv,0.631578947368421,0.631578947368421,both_nonempty,0
Native155,formal_msa,7;8,results/13_interface_analysis/formal_msa/complex_model_summary.csv,7,8,results/13_interface_analysis/formal_msa/complex_model_summary.csv,results/13_interface_analysis/formal_msa/complex_model_summary.csv,0.0,0.0,both_nonempty,0
Native155,formal_msa,7;9,results/13_interface_analysis/formal_msa/complex_model_summary.csv,7,9,results/13_interface_analysis/formal_msa/complex_model_summary.csv,results/13_interface_analysis/formal_msa/complex_model_summary.csv,0.6,0.6,both_nonempty,0
Native155,formal_msa,7;10,results/13_interface_analysis/formal_msa/complex_model_summary.csv,7,10,results/13_interface_analysis/formal_msa/complex_model_summary.csv,results/13_interface_analysis/formal_msa/complex_model_summary.csv,0.5238095238095238,0.5238095238095238,both_nonempty,0
Native155,formal_msa,7;11,results/13_interface_analysis/formal_msa/complex_model_summary.csv,7,11,results/13_interface_analysis/formal_msa/complex_model_summary.csv,results/13_interface_analysis/formal_msa/complex_model_summary.csv,0.7222222222222222,0.7222222222222222,both_nonempty,0
Native155,formal_msa,7;12,results/13_interface_analysis/formal_msa/complex_model_summary.csv,7,12,results/13_interface_analysis/formal_msa/complex_model_summary.csv,results/13_interface_analysis/formal_msa/complex_model_summary.csv,0.5454545454545454,0.5454545454545454,both_nonempty,0
Native155,formal_msa,7;13,results/13_interface_analysis/formal_msa/complex_model_summary.csv,7,13,results/13_interface_analysis/formal_msa/complex_model_summary.csv,results/13_interface_analysis/formal_msa/complex_model_summary.csv,0.65,0.65,both_nonempty,0
Native155,formal_msa,7;14,results/13_interface_analysis/formal_msa/complex_model_summary.csv,7,14,results/13_interface_analysis/formal_msa/complex_model_summary.csv,results/13_interface_analysis/formal_msa/complex_model_summary.csv,0.6111111111111112,0.6111111111111112,both_nonempty,0
Native155,formal_msa,7;15,results/13_interface_analysis/formal_msa/complex_model_summary.csv,7,15,results/13_interface_analysis/formal_msa/complex_model_summary.csv,results/13_interface_analysis/formal_msa/complex_model_summary.csv,0.5714285714285714,0.5714285714285714,both_nonempty,0
Native155,formal_msa,8;9,results/13_interface_analysis/formal_msa/complex_model_summary.csv,8,9,results/13_interface_analysis/formal_msa/complex_model_summary.csv,results/13_interface_analysis/formal_msa/complex_model_summary.csv,0.0,0.0,both_nonempty,0
Native155,formal_msa,8;10,results/13_interface_analysis/formal_msa/complex_model_summary.csv,8,10,results/13_interface_analysis/formal_msa/complex_model_summary.csv,results/13_interface_analysis/formal_msa/complex_model_summary.csv,0.0,0.0,both_nonempty,0
Native155,formal_msa,8;11,results/13_interface_analysis/formal_msa/complex_model_summary.csv,8,11,results/13_interface_analysis/formal_msa/complex_model_summary.csv,results/13_interface_analysis/formal_msa/complex_model_summary.csv,0.0,0.0,both_nonempty,0
Native155,formal_msa,8;12,results/13_interface_analysis/formal_msa/complex_model_summary.csv,8,12,results/13_interface_analysis/formal_msa/complex_model_summary.csv,results/13_interface_analysis/formal_msa/complex_model_summary.csv,0.0,0.0,both_nonempty,0
Native155,formal_msa,8;13,results/13_interface_analysis/formal_msa/complex_model_summary.csv,8,13,results/13_interface_analysis/formal_msa/complex_model_summary.csv,results/13_interface_analysis/formal_msa/complex_model_summary.csv,0.0,0.0,both_nonempty,0
Native155,formal_msa,8;14,results/13_interface_analysis/formal_msa/complex_model_summary.csv,8,14,results/13_interface_analysis/formal_msa/complex_model_summary.csv,results/13_interface_analysis/formal_msa/complex_model_summary.csv,0.0,0.0,both_nonempty,0
Native155,formal_msa,8;15,results/13_interface_analysis/formal_msa/complex_model_summary.csv,8,15,results/13_interface_analysis/formal_msa/complex_model_summary.csv,results/13_interface_analysis/formal_msa/complex_model_summary.csv,0.0,0.0,both_nonempty,0
Native155,formal_msa,9;10,results/13_interface_analysis/formal_msa/complex_model_summary.csv,9,10,results/13_interface_analysis/formal_msa/complex_model_summary.csv,results/13_interface_analysis/formal_msa/complex_model_summary.csv,0.6666666666666666,0.6666666666666666,both_nonempty,0
Native155,formal_msa,9;11,results/13_interface_analysis/formal_msa/complex_model_summary.csv,9,11,results/13_interface_analysis/formal_msa/complex_model_summary.csv,results/13_interface_analysis/formal_msa/complex_model_summary.csv,0.7058823529411765,0.7058823529411765,both_nonempty,0
Native155,formal_msa,9;12,results/13_interface_analysis/formal_msa/complex_model_summary.csv,9,12,results/13_interface_analysis/formal_msa/complex_model_summary.csv,results/13_interface_analysis/formal_msa/complex_model_summary.csv,0.6842105263157895,0.6842105263157895,both_nonempty,0
Native155,formal_msa,9;13,results/13_interface_analysis/formal_msa/complex_model_summary.csv,9,13,results/13_interface_analysis/formal_msa/complex_model_summary.csv,results/13_interface_analysis/formal_msa/complex_model_summary.csv,0.631578947368421,0.631578947368421,both_nonempty,0
Native155,formal_msa,9;14,results/13_interface_analysis/formal_msa/complex_model_summary.csv,9,14,results/13_interface_analysis/formal_msa/complex_model_summary.csv,results/13_interface_analysis/formal_msa/complex_model_summary.csv,0.6875,0.6875,both_nonempty,0
Native155,formal_msa,9;15,results/13_interface_analysis/formal_msa/complex_model_summary.csv,9,15,results/13_interface_analysis/formal_msa/complex_model_summary.csv,results/13_interface_analysis/formal_msa/complex_model_summary.csv,0.7222222222222222,0.7222222222222222,both_nonempty,0
Native155,formal_msa,10;11,results/13_interface_analysis/formal_msa/complex_model_summary.csv,10,11,results/13_interface_analysis/formal_msa/complex_model_summary.csv,results/13_interface_analysis/formal_msa/complex_model_summary.csv,0.5263157894736842,0.5263157894736842,both_nonempty,0
Native155,formal_msa,10;12,results/13_interface_analysis/formal_msa/complex_model_summary.csv,10,12,results/13_interface_analysis/formal_msa/complex_model_summary.csv,results/13_interface_analysis/formal_msa/complex_model_summary.csv,0.5238095238095238,0.5238095238095238,both_nonempty,0
Native155,formal_msa,10;13,results/13_interface_analysis/formal_msa/complex_model_summary.csv,10,13,results/13_interface_analysis/formal_msa/complex_model_summary.csv,results/13_interface_analysis/formal_msa/complex_model_summary.csv,0.4090909090909091,0.4090909090909091,both_nonempty,0
Native155,formal_msa,10;14,results/13_interface_analysis/formal_msa/complex_model_summary.csv,10,14,results/13_interface_analysis/formal_msa/complex_model_summary.csv,results/13_interface_analysis/formal_msa/complex_model_summary.csv,0.42105263157894735,0.42105263157894735,both_nonempty,0
Native155,formal_msa,10;15,results/13_interface_analysis/formal_msa/complex_model_summary.csv,10,15,results/13_interface_analysis/formal_msa/complex_model_summary.csv,results/13_interface_analysis/formal_msa/complex_model_summary.csv,0.55,0.55,both_nonempty,0
Native155,formal_msa,11;12,results/13_interface_analysis/formal_msa/complex_model_summary.csv,11,12,results/13_interface_analysis/formal_msa/complex_model_summary.csv,results/13_interface_analysis/formal_msa/complex_model_summary.csv,0.7222222222222222,0.7222222222222222,both_nonempty,0
Native155,formal_msa,11;13,results/13_interface_analysis/formal_msa/complex_model_summary.csv,11,13,results/13_interface_analysis/formal_msa/complex_model_summary.csv,results/13_interface_analysis/formal_msa/complex_model_summary.csv,0.5789473684210527,0.5789473684210527,both_nonempty,0
Native155,formal_msa,11;14,results/13_interface_analysis/formal_msa/complex_model_summary.csv,11,14,results/13_interface_analysis/formal_msa/complex_model_summary.csv,results/13_interface_analysis/formal_msa/complex_model_summary.csv,0.7333333333333333,0.7333333333333333,both_nonempty,0
Native155,formal_msa,11;15,results/13_interface_analysis/formal_msa/complex_model_summary.csv,11,15,results/13_interface_analysis/formal_msa/complex_model_summary.csv,results/13_interface_analysis/formal_msa/complex_model_summary.csv,0.5789473684210527,0.5789473684210527,both_nonempty,0
Native155,formal_msa,12;13,results/13_interface_analysis/formal_msa/complex_model_summary.csv,12,13,results/13_interface_analysis/formal_msa/complex_model_summary.csv,results/13_interface_analysis/formal_msa/complex_model_summary.csv,0.5,0.5,both_nonempty,0
Native155,formal_msa,12;14,results/13_interface_analysis/formal_msa/complex_model_summary.csv,12,14,results/13_interface_analysis/formal_msa/complex_model_summary.csv,results/13_interface_analysis/formal_msa/complex_model_summary.csv,0.6111111111111112,0.6111111111111112,both_nonempty,0
Native155,formal_msa,12;15,results/13_interface_analysis/formal_msa/complex_model_summary.csv,12,15,results/13_interface_analysis/formal_msa/complex_model_summary.csv,results/13_interface_analysis/formal_msa/complex_model_summary.csv,0.65,0.65,both_nonempty,0
Native155,formal_msa,13;14,results/13_interface_analysis/formal_msa/complex_model_summary.csv,13,14,results/13_interface_analysis/formal_msa/complex_model_summary.csv,results/13_interface_analysis/formal_msa/complex_model_summary.csv,0.6470588235294118,0.6470588235294118,both_nonempty,0
Native155,formal_msa,13;15,results/13_interface_analysis/formal_msa/complex_model_summary.csv,13,15,results/13_interface_analysis/formal_msa/complex_model_summary.csv,results/13_interface_analysis/formal_msa/complex_model_summary.csv,0.5238095238095238,0.5238095238095238,both_nonempty,0
Native155,formal_msa,14;15,results/13_interface_analysis/formal_msa/complex_model_summary.csv,14,15,results/13_interface_analysis/formal_msa/complex_model_summary.csv,results/13_interface_analysis/formal_msa/complex_model_summary.csv,0.5555555555555556,0.5555555555555556,both_nonempty,0
Immunogen134,empty,1;2,results/13_interface_analysis/formal/complex_model_summary.csv,1,2,results/13_interface_analysis/formal/complex_model_summary.csv,results/13_interface_analysis/formal/complex_model_summary.csv,0.018867924528301886,0.018867924528301886,both_nonempty,0
Immunogen134,empty,1;3,results/13_interface_analysis/formal/complex_model_summary.csv,1,3,results/13_interface_analysis/formal/complex_model_summary.csv,results/13_interface_analysis/formal/complex_model_summary.csv,0.275,0.275,both_nonempty,0
Immunogen134,empty,1;4,results/13_interface_analysis/formal/complex_model_summary.csv,1,4,results/13_interface_analysis/formal/complex_model_summary.csv,results/13_interface_analysis/formal/complex_model_summary.csv,0.26666666666666666,0.26666666666666666,both_nonempty,0
Immunogen134,empty,1;5,results/13_interface_analysis/formal/complex_model_summary.csv,1,5,results/13_interface_analysis/formal/complex_model_summary.csv,results/13_interface_analysis/formal/complex_model_summary.csv,0.3783783783783784,0.3783783783783784,both_nonempty,0
Immunogen134,empty,1;6,results/13_interface_analysis/formal/complex_model_summary.csv,1,6,results/13_interface_analysis/formal/complex_model_summary.csv,results/13_interface_analysis/formal/complex_model_summary.csv,0.1956521739130435,0.1956521739130435,both_nonempty,0
Immunogen134,empty,1;7,results/13_interface_analysis/formal/complex_model_summary.csv,1,7,results/13_interface_analysis/formal/complex_model_summary.csv,results/13_interface_analysis/formal/complex_model_summary.csv,0.0,0.0,both_nonempty,0
Immunogen134,empty,1;8,results/13_interface_analysis/formal/complex_model_summary.csv,1,8,results/13_interface_analysis/formal/complex_model_summary.csv,results/13_interface_analysis/formal/complex_model_summary.csv,0.15217391304347827,0.15217391304347827,both_nonempty,0
Immunogen134,empty,1;9,results/13_interface_analysis/formal/complex_model_summary.csv,1,9,results/13_interface_analysis/formal/complex_model_summary.csv,results/13_interface_analysis/formal/complex_model_summary.csv,0.0,0.0,both_nonempty,0
Immunogen134,empty,1;10,results/13_interface_analysis/formal/complex_model_summary.csv,1,10,results/13_interface_analysis/formal/complex_model_summary.csv,results/13_interface_analysis/formal/complex_model_summary.csv,0.22916666666666666,0.22916666666666666,both_nonempty,0
Immunogen134,empty,1;11,results/13_interface_analysis/formal/complex_model_summary.csv,1,11,results/13_interface_analysis/formal/complex_model_summary.csv,results/13_interface_analysis/formal/complex_model_summary.csv,0.0,0.0,both_nonempty,0
Immunogen134,empty,1;12,results/13_interface_analysis/formal/complex_model_summary.csv,1,12,results/13_interface_analysis/formal/complex_model_summary.csv,results/13_interface_analysis/formal/complex_model_summary.csv,0.0,0.0,both_nonempty,0
Immunogen134,empty,1;13,results/13_interface_analysis/formal/complex_model_summary.csv,1,13,results/13_interface_analysis/formal/complex_model_summary.csv,results/13_interface_analysis/formal/complex_model_summary.csv,0.0,0.0,both_nonempty,0
Immunogen134,empty,1;14,results/13_interface_analysis/formal/complex_model_summary.csv,1,14,results/13_interface_analysis/formal/complex_model_summary.csv,results/13_interface_analysis/formal/complex_model_summary.csv,0.4186046511627907,0.4186046511627907,both_nonempty,0
Immunogen134,empty,1;15,results/13_interface_analysis/formal/complex_model_summary.csv,1,15,results/13_interface_analysis/formal/complex_model_summary.csv,results/13_interface_analysis/formal/complex_model_summary.csv,0.3888888888888889,0.3888888888888889,both_nonempty,0
Immunogen134,empty,2;3,results/13_interface_analysis/formal/complex_model_summary.csv,2,3,results/13_interface_analysis/formal/complex_model_summary.csv,results/13_interface_analysis/formal/complex_model_summary.csv,0.03773584905660377,0.03773584905660377,both_nonempty,0
Immunogen134,empty,2;4,results/13_interface_analysis/formal/complex_model_summary.csv,2,4,results/13_interface_analysis/formal/complex_model_summary.csv,results/13_interface_analysis/formal/complex_model_summary.csv,0.2978723404255319,0.2978723404255319,both_nonempty,0
Immunogen134,empty,2;5,results/13_interface_analysis/formal/complex_model_summary.csv,2,5,results/13_interface_analysis/formal/complex_model_summary.csv,results/13_interface_analysis/formal/complex_model_summary.csv,0.1,0.1,both_nonempty,0
Immunogen134,empty,2;6,results/13_interface_analysis/formal/complex_model_summary.csv,2,6,results/13_interface_analysis/formal/complex_model_summary.csv,results/13_interface_analysis/formal/complex_model_summary.csv,0.18,0.18,both_nonempty,0
Immunogen134,empty,2;7,results/13_interface_analysis/formal/complex_model_summary.csv,2,7,results/13_interface_analysis/formal/complex_model_summary.csv,results/13_interface_analysis/formal/complex_model_summary.csv,0.22448979591836735,0.22448979591836735,both_nonempty,0
Immunogen134,empty,2;8,results/13_interface_analysis/formal/complex_model_summary.csv,2,8,results/13_interface_analysis/formal/complex_model_summary.csv,results/13_interface_analysis/formal/complex_model_summary.csv,0.32558139534883723,0.32558139534883723,both_nonempty,0
Immunogen134,empty,2;9,results/13_interface_analysis/formal/complex_model_summary.csv,2,9,results/13_interface_analysis/formal/complex_model_summary.csv,results/13_interface_analysis/formal/complex_model_summary.csv,0.30434782608695654,0.30434782608695654,both_nonempty,0
Immunogen134,empty,2;10,results/13_interface_analysis/formal/complex_model_summary.csv,2,10,results/13_interface_analysis/formal/complex_model_summary.csv,results/13_interface_analysis/formal/complex_model_summary.csv,0.21153846153846154,0.21153846153846154,both_nonempty,0
Immunogen134,empty,2;11,results/13_interface_analysis/formal/complex_model_summary.csv,2,11,results/13_interface_analysis/formal/complex_model_summary.csv,results/13_interface_analysis/formal/complex_model_summary.csv,0.22727272727272727,0.22727272727272727,both_nonempty,0
Immunogen134,empty,2;12,results/13_interface_analysis/formal/complex_model_summary.csv,2,12,results/13_interface_analysis/formal/complex_model_summary.csv,results/13_interface_analysis/formal/complex_model_summary.csv,0.25,0.25,both_nonempty,0
Immunogen134,empty,2;13,results/13_interface_analysis/formal/complex_model_summary.csv,2,13,results/13_interface_analysis/formal/complex_model_summary.csv,results/13_interface_analysis/formal/complex_model_summary.csv,0.2727272727272727,0.2727272727272727,both_nonempty,0
Immunogen134,empty,2;14,results/13_interface_analysis/formal/complex_model_summary.csv,2,14,results/13_interface_analysis/formal/complex_model_summary.csv,results/13_interface_analysis/formal/complex_model_summary.csv,0.06557377049180328,0.06557377049180328,both_nonempty,0
Immunogen134,empty,2;15,results/13_interface_analysis/formal/complex_model_summary.csv,2,15,results/13_interface_analysis/formal/complex_model_summary.csv,results/13_interface_analysis/formal/complex_model_summary.csv,0.038461538461538464,0.038461538461538464,both_nonempty,0
Immunogen134,empty,3;4,results/13_interface_analysis/formal/complex_model_summary.csv,3,4,results/13_interface_analysis/formal/complex_model_summary.csv,results/13_interface_analysis/formal/complex_model_summary.csv,0.23404255319148937,0.23404255319148937,both_nonempty,0
Immunogen134,empty,3;5,results/13_interface_analysis/formal/complex_model_summary.csv,3,5,results/13_interface_analysis/formal/complex_model_summary.csv,results/13_interface_analysis/formal/complex_model_summary.csv,0.18181818181818182,0.18181818181818182,both_nonempty,0
Immunogen134,empty,3;6,results/13_interface_analysis/formal/complex_model_summary.csv,3,6,results/13_interface_analysis/formal/complex_model_summary.csv,results/13_interface_analysis/formal/complex_model_summary.csv,0.14285714285714285,0.14285714285714285,both_nonempty,0
Immunogen134,empty,3;7,results/13_interface_analysis/formal/complex_model_summary.csv,3,7,results/13_interface_analysis/formal/complex_model_summary.csv,results/13_interface_analysis/formal/complex_model_summary.csv,0.0,0.0,both_nonempty,0
Immunogen134,empty,3;8,results/13_interface_analysis/formal/complex_model_summary.csv,3,8,results/13_interface_analysis/formal/complex_model_summary.csv,results/13_interface_analysis/formal/complex_model_summary.csv,0.14893617021276595,0.14893617021276595,both_nonempty,0
Immunogen134,empty,3;9,results/13_interface_analysis/formal/complex_model_summary.csv,3,9,results/13_interface_analysis/formal/complex_model_summary.csv,results/13_interface_analysis/formal/complex_model_summary.csv,0.017857142857142856,0.017857142857142856,both_nonempty,0
Immunogen134,empty,3;10,results/13_interface_analysis/formal/complex_model_summary.csv,3,10,results/13_interface_analysis/formal/complex_model_summary.csv,results/13_interface_analysis/formal/complex_model_summary.csv,0.22448979591836735,0.22448979591836735,both_nonempty,0
Immunogen134,empty,3;11,results/13_interface_analysis/formal/complex_model_summary.csv,3,11,results/13_interface_analysis/formal/complex_model_summary.csv,results/13_interface_analysis/formal/complex_model_summary.csv,0.0,0.0,both_nonempty,0
Immunogen134,empty,3;12,results/13_interface_analysis/formal/complex_model_summary.csv,3,12,results/13_interface_analysis/formal/complex_model_summary.csv,results/13_interface_analysis/formal/complex_model_summary.csv,0.0,0.0,both_nonempty,0
Immunogen134,empty,3;13,results/13_interface_analysis/formal/complex_model_summary.csv,3,13,results/13_interface_analysis/formal/complex_model_summary.csv,results/13_interface_analysis/formal/complex_model_summary.csv,0.0,0.0,both_nonempty,0
Immunogen134,empty,3;14,results/13_interface_analysis/formal/complex_model_summary.csv,3,14,results/13_interface_analysis/formal/complex_model_summary.csv,results/13_interface_analysis/formal/complex_model_summary.csv,0.4090909090909091,0.4090909090909091,both_nonempty,0
Immunogen134,empty,3;15,results/13_interface_analysis/formal/complex_model_summary.csv,3,15,results/13_interface_analysis/formal/complex_model_summary.csv,results/13_interface_analysis/formal/complex_model_summary.csv,0.5,0.5,both_nonempty,0
Immunogen134,empty,4;5,results/13_interface_analysis/formal/complex_model_summary.csv,4,5,results/13_interface_analysis/formal/complex_model_summary.csv,results/13_interface_analysis/formal/complex_model_summary.csv,0.38095238095238093,0.38095238095238093,both_nonempty,0
Immunogen134,empty,4;6,results/13_interface_analysis/formal/complex_model_summary.csv,4,6,results/13_interface_analysis/formal/complex_model_summary.csv,results/13_interface_analysis/formal/complex_model_summary.csv,0.24,0.24,both_nonempty,0
Immunogen134,empty,4;7,results/13_interface_analysis/formal/complex_model_summary.csv,4,7,results/13_interface_analysis/formal/complex_model_summary.csv,results/13_interface_analysis/formal/complex_model_summary.csv,0.18867924528301888,0.18867924528301888,both_nonempty,0
Immunogen134,empty,4;8,results/13_interface_analysis/formal/complex_model_summary.csv,4,8,results/13_interface_analysis/formal/complex_model_summary.csv,results/13_interface_analysis/formal/complex_model_summary.csv,0.3953488372093023,0.3953488372093023,both_nonempty,0
Immunogen134,empty,4;9,results/13_interface_analysis/formal/complex_model_summary.csv,4,9,results/13_interface_analysis/formal/complex_model_summary.csv,results/13_interface_analysis/formal/complex_model_summary.csv,0.21153846153846154,0.21153846153846154,both_nonempty,0
Immunogen134,empty,4;10,results/13_interface_analysis/formal/complex_model_summary.csv,4,10,results/13_interface_analysis/formal/complex_model_summary.csv,results/13_interface_analysis/formal/complex_model_summary.csv,0.5714285714285714,0.5714285714285714,both_nonempty,0
Immunogen134,empty,4;11,results/13_interface_analysis/formal/complex_model_summary.csv,4,11,results/13_interface_analysis/formal/complex_model_summary.csv,results/13_interface_analysis/formal/complex_model_summary.csv,0.1875,0.1875,both_nonempty,0
Immunogen134,empty,4;12,results/13_interface_analysis/formal/complex_model_summary.csv,4,12,results/13_interface_analysis/formal/complex_model_summary.csv,results/13_interface_analysis/formal/complex_model_summary.csv,0.20833333333333334,0.20833333333333334,both_nonempty,0
Immunogen134,empty,4;13,results/13_interface_analysis/formal/complex_model_summary.csv,4,13,results/13_interface_analysis/formal/complex_model_summary.csv,results/13_interface_analysis/formal/complex_model_summary.csv,0.20408163265306123,0.20408163265306123,both_nonempty,0
Immunogen134,empty,4;14,results/13_interface_analysis/formal/complex_model_summary.csv,4,14,results/13_interface_analysis/formal/complex_model_summary.csv,results/13_interface_analysis/formal/complex_model_summary.csv,0.2830188679245283,0.2830188679245283,both_nonempty,0
Immunogen134,empty,4;15,results/13_interface_analysis/formal/complex_model_summary.csv,4,15,results/13_interface_analysis/formal/complex_model_summary.csv,results/13_interface_analysis/formal/complex_model_summary.csv,0.29545454545454547,0.29545454545454547,both_nonempty,0
Immunogen134,empty,5;6,results/13_interface_analysis/formal/complex_model_summary.csv,5,6,results/13_interface_analysis/formal/complex_model_summary.csv,results/13_interface_analysis/formal/complex_model_summary.csv,0.14285714285714285,0.14285714285714285,both_nonempty,0
Immunogen134,empty,5;7,results/13_interface_analysis/formal/complex_model_summary.csv,5,7,results/13_interface_analysis/formal/complex_model_summary.csv,results/13_interface_analysis/formal/complex_model_summary.csv,0.14,0.14,both_nonempty,0
Immunogen134,empty,5;8,results/13_interface_analysis/formal/complex_model_summary.csv,5,8,results/13_interface_analysis/formal/complex_model_summary.csv,results/13_interface_analysis/formal/complex_model_summary.csv,0.2558139534883721,0.2558139534883721,both_nonempty,0
Immunogen134,empty,5;9,results/13_interface_analysis/formal/complex_model_summary.csv,5,9,results/13_interface_analysis/formal/complex_model_summary.csv,results/13_interface_analysis/formal/complex_model_summary.csv,0.07547169811320754,0.07547169811320754,both_nonempty,0
Immunogen134,empty,5;10,results/13_interface_analysis/formal/complex_model_summary.csv,5,10,results/13_interface_analysis/formal/complex_model_summary.csv,results/13_interface_analysis/formal/complex_model_summary.csv,0.25,0.25,both_nonempty,0
Immunogen134,empty,5;11,results/13_interface_analysis/formal/complex_model_summary.csv,5,11,results/13_interface_analysis/formal/complex_model_summary.csv,results/13_interface_analysis/formal/complex_model_summary.csv,0.13333333333333333,0.13333333333333333,both_nonempty,0
Immunogen134,empty,5;12,results/13_interface_analysis/formal/complex_model_summary.csv,5,12,results/13_interface_analysis/formal/complex_model_summary.csv,results/13_interface_analysis/formal/complex_model_summary.csv,0.15555555555555556,0.15555555555555556,both_nonempty,0
Immunogen134,empty,5;13,results/13_interface_analysis/formal/complex_model_summary.csv,5,13,results/13_interface_analysis/formal/complex_model_summary.csv,results/13_interface_analysis/formal/complex_model_summary.csv,0.1276595744680851,0.1276595744680851,both_nonempty,0
Immunogen134,empty,5;14,results/13_interface_analysis/formal/complex_model_summary.csv,5,14,results/13_interface_analysis/formal/complex_model_summary.csv,results/13_interface_analysis/formal/complex_model_summary.csv,0.2653061224489796,0.2653061224489796,both_nonempty,0
Immunogen134,empty,5;15,results/13_interface_analysis/formal/complex_model_summary.csv,5,15,results/13_interface_analysis/formal/complex_model_summary.csv,results/13_interface_analysis/formal/complex_model_summary.csv,0.34210526315789475,0.34210526315789475,both_nonempty,0
Immunogen134,empty,6;7,results/13_interface_analysis/formal/complex_model_summary.csv,6,7,results/13_interface_analysis/formal/complex_model_summary.csv,results/13_interface_analysis/formal/complex_model_summary.csv,0.35555555555555557,0.35555555555555557,both_nonempty,0
Immunogen134,empty,6;8,results/13_interface_analysis/formal/complex_model_summary.csv,6,8,results/13_interface_analysis/formal/complex_model_summary.csv,results/13_interface_analysis/formal/complex_model_summary.csv,0.4146341463414634,0.4146341463414634,both_nonempty,0
Immunogen134,empty,6;9,results/13_interface_analysis/formal/complex_model_summary.csv,6,9,results/13_interface_analysis/formal/complex_model_summary.csv,results/13_interface_analysis/formal/complex_model_summary.csv,0.32608695652173914,0.32608695652173914,both_nonempty,0
Immunogen134,empty,6;10,results/13_interface_analysis/formal/complex_model_summary.csv,6,10,results/13_interface_analysis/formal/complex_model_summary.csv,results/13_interface_analysis/formal/complex_model_summary.csv,0.14285714285714285,0.14285714285714285,both_nonempty,0
Immunogen134,empty,6;11,results/13_interface_analysis/formal/complex_model_summary.csv,6,11,results/13_interface_analysis/formal/complex_model_summary.csv,results/13_interface_analysis/formal/complex_model_summary.csv,0.34146341463414637,0.34146341463414637,both_nonempty,0
Immunogen134,empty,6;12,results/13_interface_analysis/formal/complex_model_summary.csv,6,12,results/13_interface_analysis/formal/complex_model_summary.csv,results/13_interface_analysis/formal/complex_model_summary.csv,0.3333333333333333,0.3333333333333333,both_nonempty,0
Immunogen134,empty,6;13,results/13_interface_analysis/formal/complex_model_summary.csv,6,13,results/13_interface_analysis/formal/complex_model_summary.csv,results/13_interface_analysis/formal/complex_model_summary.csv,0.32558139534883723,0.32558139534883723,both_nonempty,0
Immunogen134,empty,6;14,results/13_interface_analysis/formal/complex_model_summary.csv,6,14,results/13_interface_analysis/formal/complex_model_summary.csv,results/13_interface_analysis/formal/complex_model_summary.csv,0.1,0.1,both_nonempty,0
Immunogen134,empty,6;15,results/13_interface_analysis/formal/complex_model_summary.csv,6,15,results/13_interface_analysis/formal/complex_model_summary.csv,results/13_interface_analysis/formal/complex_model_summary.csv,0.1,0.1,both_nonempty,0
Immunogen134,empty,7;8,results/13_interface_analysis/formal/complex_model_summary.csv,7,8,results/13_interface_analysis/formal/complex_model_summary.csv,results/13_interface_analysis/formal/complex_model_summary.csv,0.2553191489361702,0.2553191489361702,both_nonempty,0
Immunogen134,empty,7;9,results/13_interface_analysis/formal/complex_model_summary.csv,7,9,results/13_interface_analysis/formal/complex_model_summary.csv,results/13_interface_analysis/formal/complex_model_summary.csv,0.5121951219512195,0.5121951219512195,both_nonempty,0
Immunogen134,empty,7;10,results/13_interface_analysis/formal/complex_model_summary.csv,7,10,results/13_interface_analysis/formal/complex_model_summary.csv,results/13_interface_analysis/formal/complex_model_summary.csv,0.14035087719298245,0.14035087719298245,both_nonempty,0
Immunogen134,empty,7;11,results/13_interface_analysis/formal/complex_model_summary.csv,7,11,results/13_interface_analysis/formal/complex_model_summary.csv,results/13_interface_analysis/formal/complex_model_summary.csv,0.75,0.75,both_nonempty,0
Immunogen134,empty,7;12,results/13_interface_analysis/formal/complex_model_summary.csv,7,12,results/13_interface_analysis/formal/complex_model_summary.csv,results/13_interface_analysis/formal/complex_model_summary.csv,0.78125,0.78125,both_nonempty,0
Immunogen134,empty,7;13,results/13_interface_analysis/formal/complex_model_summary.csv,7,13,results/13_interface_analysis/formal/complex_model_summary.csv,results/13_interface_analysis/formal/complex_model_summary.csv,0.7058823529411765,0.7058823529411765,both_nonempty,0
Immunogen134,empty,7;14,results/13_interface_analysis/formal/complex_model_summary.csv,7,14,results/13_interface_analysis/formal/complex_model_summary.csv,results/13_interface_analysis/formal/complex_model_summary.csv,0.0,0.0,both_nonempty,0
Immunogen134,empty,7;15,results/13_interface_analysis/formal/complex_model_summary.csv,7,15,results/13_interface_analysis/formal/complex_model_summary.csv,results/13_interface_analysis/formal/complex_model_summary.csv,0.01818181818181818,0.01818181818181818,both_nonempty,0
Immunogen134,empty,8;9,results/13_interface_analysis/formal/complex_model_summary.csv,8,9,results/13_interface_analysis/formal/complex_model_summary.csv,results/13_interface_analysis/formal/complex_model_summary.csv,0.2826086956521739,0.2826086956521739,both_nonempty,0
Immunogen134,empty,8;10,results/13_interface_analysis/formal/complex_model_summary.csv,8,10,results/13_interface_analysis/formal/complex_model_summary.csv,results/13_interface_analysis/formal/complex_model_summary.csv,0.2916666666666667,0.2916666666666667,both_nonempty,0
Immunogen134,empty,8;11,results/13_interface_analysis/formal/complex_model_summary.csv,8,11,results/13_interface_analysis/formal/complex_model_summary.csv,results/13_interface_analysis/formal/complex_model_summary.csv,0.23255813953488372,0.23255813953488372,both_nonempty,0
Immunogen134,empty,8;12,results/13_interface_analysis/formal/complex_model_summary.csv,8,12,results/13_interface_analysis/formal/complex_model_summary.csv,results/13_interface_analysis/formal/complex_model_summary.csv,0.2558139534883721,0.2558139534883721,both_nonempty,0
Immunogen134,empty,8;13,results/13_interface_analysis/formal/complex_model_summary.csv,8,13,results/13_interface_analysis/formal/complex_model_summary.csv,results/13_interface_analysis/formal/complex_model_summary.csv,0.30952380952380953,0.30952380952380953,both_nonempty,0
Immunogen134,empty,8;14,results/13_interface_analysis/formal/complex_model_summary.csv,8,14,results/13_interface_analysis/formal/complex_model_summary.csv,results/13_interface_analysis/formal/complex_model_summary.csv,0.12280701754385964,0.12280701754385964,both_nonempty,0
Immunogen134,empty,8;15,results/13_interface_analysis/formal/complex_model_summary.csv,8,15,results/13_interface_analysis/formal/complex_model_summary.csv,results/13_interface_analysis/formal/complex_model_summary.csv,0.15217391304347827,0.15217391304347827,both_nonempty,0
Immunogen134,empty,9;10,results/13_interface_analysis/formal/complex_model_summary.csv,9,10,results/13_interface_analysis/formal/complex_model_summary.csv,results/13_interface_analysis/formal/complex_model_summary.csv,0.18181818181818182,0.18181818181818182,both_nonempty,0
Immunogen134,empty,9;11,results/13_interface_analysis/formal/complex_model_summary.csv,9,11,results/13_interface_analysis/formal/complex_model_summary.csv,results/13_interface_analysis/formal/complex_model_summary.csv,0.5555555555555556,0.5555555555555556,both_nonempty,0
Immunogen134,empty,9;12,results/13_interface_analysis/formal/complex_model_summary.csv,9,12,results/13_interface_analysis/formal/complex_model_summary.csv,results/13_interface_analysis/formal/complex_model_summary.csv,0.5833333333333334,0.5833333333333334,both_nonempty,0
Immunogen134,empty,9;13,results/13_interface_analysis/formal/complex_model_summary.csv,9,13,results/13_interface_analysis/formal/complex_model_summary.csv,results/13_interface_analysis/formal/complex_model_summary.csv,0.5675675675675675,0.5675675675675675,both_nonempty,0
Immunogen134,empty,9;14,results/13_interface_analysis/formal/complex_model_summary.csv,9,14,results/13_interface_analysis/formal/complex_model_summary.csv,results/13_interface_analysis/formal/complex_model_summary.csv,0.0,0.0,both_nonempty,0
Immunogen134,empty,9;15,results/13_interface_analysis/formal/complex_model_summary.csv,9,15,results/13_interface_analysis/formal/complex_model_summary.csv,results/13_interface_analysis/formal/complex_model_summary.csv,0.037037037037037035,0.037037037037037035,both_nonempty,0
Immunogen134,empty,10;11,results/13_interface_analysis/formal/complex_model_summary.csv,10,11,results/13_interface_analysis/formal/complex_model_summary.csv,results/13_interface_analysis/formal/complex_model_summary.csv,0.11320754716981132,0.11320754716981132,both_nonempty,0
Immunogen134,empty,10;12,results/13_interface_analysis/formal/complex_model_summary.csv,10,12,results/13_interface_analysis/formal/complex_model_summary.csv,results/13_interface_analysis/formal/complex_model_summary.csv,0.1320754716981132,0.1320754716981132,both_nonempty,0
Immunogen134,empty,10;13,results/13_interface_analysis/formal/complex_model_summary.csv,10,13,results/13_interface_analysis/formal/complex_model_summary.csv,results/13_interface_analysis/formal/complex_model_summary.csv,0.1509433962264151,0.1509433962264151,both_nonempty,0
Immunogen134,empty,10;14,results/13_interface_analysis/formal/complex_model_summary.csv,10,14,results/13_interface_analysis/formal/complex_model_summary.csv,results/13_interface_analysis/formal/complex_model_summary.csv,0.22807017543859648,0.22807017543859648,both_nonempty,0
Immunogen134,empty,10;15,results/13_interface_analysis/formal/complex_model_summary.csv,10,15,results/13_interface_analysis/formal/complex_model_summary.csv,results/13_interface_analysis/formal/complex_model_summary.csv,0.2553191489361702,0.2553191489361702,both_nonempty,0
Immunogen134,empty,11;12,results/13_interface_analysis/formal/complex_model_summary.csv,11,12,results/13_interface_analysis/formal/complex_model_summary.csv,results/13_interface_analysis/formal/complex_model_summary.csv,0.8214285714285714,0.8214285714285714,both_nonempty,0
Immunogen134,empty,11;13,results/13_interface_analysis/formal/complex_model_summary.csv,11,13,results/13_interface_analysis/formal/complex_model_summary.csv,results/13_interface_analysis/formal/complex_model_summary.csv,0.6774193548387096,0.6774193548387096,both_nonempty,0
Immunogen134,empty,11;14,results/13_interface_analysis/formal/complex_model_summary.csv,11,14,results/13_interface_analysis/formal/complex_model_summary.csv,results/13_interface_analysis/formal/complex_model_summary.csv,0.0,0.0,both_nonempty,0
Immunogen134,empty,11;15,results/13_interface_analysis/formal/complex_model_summary.csv,11,15,results/13_interface_analysis/formal/complex_model_summary.csv,results/13_interface_analysis/formal/complex_model_summary.csv,0.02040816326530612,0.02040816326530612,both_nonempty,0
Immunogen134,empty,12;13,results/13_interface_analysis/formal/complex_model_summary.csv,12,13,results/13_interface_analysis/formal/complex_model_summary.csv,results/13_interface_analysis/formal/complex_model_summary.csv,0.7666666666666667,0.7666666666666667,both_nonempty,0
Immunogen134,empty,12;14,results/13_interface_analysis/formal/complex_model_summary.csv,12,14,results/13_interface_analysis/formal/complex_model_summary.csv,results/13_interface_analysis/formal/complex_model_summary.csv,0.0,0.0,both_nonempty,0
Immunogen134,empty,12;15,results/13_interface_analysis/formal/complex_model_summary.csv,12,15,results/13_interface_analysis/formal/complex_model_summary.csv,results/13_interface_analysis/formal/complex_model_summary.csv,0.02,0.02,both_nonempty,0
Immunogen134,empty,13;14,results/13_interface_analysis/formal/complex_model_summary.csv,13,14,results/13_interface_analysis/formal/complex_model_summary.csv,results/13_interface_analysis/formal/complex_model_summary.csv,0.0,0.0,both_nonempty,0
Immunogen134,empty,13;15,results/13_interface_analysis/formal/complex_model_summary.csv,13,15,results/13_interface_analysis/formal/complex_model_summary.csv,results/13_interface_analysis/formal/complex_model_summary.csv,0.04,0.04,both_nonempty,0
Immunogen134,empty,14;15,results/13_interface_analysis/formal/complex_model_summary.csv,14,15,results/13_interface_analysis/formal/complex_model_summary.csv,results/13_interface_analysis/formal/complex_model_summary.csv,0.4523809523809524,0.4523809523809524,both_nonempty,0
Immunogen134,formal_msa,1;2,results/13_interface_analysis/formal_msa/complex_model_summary.csv,1,2,results/13_interface_analysis/formal_msa/complex_model_summary.csv,results/13_interface_analysis/formal_msa/complex_model_summary.csv,0.0,0.0,both_nonempty,0
Immunogen134,formal_msa,1;3,results/13_interface_analysis/formal_msa/complex_model_summary.csv,1,3,results/13_interface_analysis/formal_msa/complex_model_summary.csv,results/13_interface_analysis/formal_msa/complex_model_summary.csv,0.0,0.0,both_nonempty,0
Immunogen134,formal_msa,1;4,results/13_interface_analysis/formal_msa/complex_model_summary.csv,1,4,results/13_interface_analysis/formal_msa/complex_model_summary.csv,results/13_interface_analysis/formal_msa/complex_model_summary.csv,0.55,0.55,both_nonempty,0
Immunogen134,formal_msa,1;5,results/13_interface_analysis/formal_msa/complex_model_summary.csv,1,5,results/13_interface_analysis/formal_msa/complex_model_summary.csv,results/13_interface_analysis/formal_msa/complex_model_summary.csv,0.7647058823529411,0.7647058823529411,both_nonempty,0
Immunogen134,formal_msa,1;6,results/13_interface_analysis/formal_msa/complex_model_summary.csv,1,6,results/13_interface_analysis/formal_msa/complex_model_summary.csv,results/13_interface_analysis/formal_msa/complex_model_summary.csv,0.7647058823529411,0.7647058823529411,both_nonempty,0
Immunogen134,formal_msa,1;7,results/13_interface_analysis/formal_msa/complex_model_summary.csv,1,7,results/13_interface_analysis/formal_msa/complex_model_summary.csv,results/13_interface_analysis/formal_msa/complex_model_summary.csv,0.7777777777777778,0.7777777777777778,both_nonempty,0
Immunogen134,formal_msa,1;8,results/13_interface_analysis/formal_msa/complex_model_summary.csv,1,8,results/13_interface_analysis/formal_msa/complex_model_summary.csv,results/13_interface_analysis/formal_msa/complex_model_summary.csv,0.0,0.0,both_nonempty,0
Immunogen134,formal_msa,1;9,results/13_interface_analysis/formal_msa/complex_model_summary.csv,1,9,results/13_interface_analysis/formal_msa/complex_model_summary.csv,results/13_interface_analysis/formal_msa/complex_model_summary.csv,0.0,0.0,both_nonempty,0
Immunogen134,formal_msa,1;10,results/13_interface_analysis/formal_msa/complex_model_summary.csv,1,10,results/13_interface_analysis/formal_msa/complex_model_summary.csv,results/13_interface_analysis/formal_msa/complex_model_summary.csv,0.0,0.0,both_nonempty,0
Immunogen134,formal_msa,1;11,results/13_interface_analysis/formal_msa/complex_model_summary.csv,1,11,results/13_interface_analysis/formal_msa/complex_model_summary.csv,results/13_interface_analysis/formal_msa/complex_model_summary.csv,0.6842105263157895,0.6842105263157895,both_nonempty,0
Immunogen134,formal_msa,1;12,results/13_interface_analysis/formal_msa/complex_model_summary.csv,1,12,results/13_interface_analysis/formal_msa/complex_model_summary.csv,results/13_interface_analysis/formal_msa/complex_model_summary.csv,0.0,0.0,both_nonempty,0
Immunogen134,formal_msa,1;13,results/13_interface_analysis/formal_msa/complex_model_summary.csv,1,13,results/13_interface_analysis/formal_msa/complex_model_summary.csv,results/13_interface_analysis/formal_msa/complex_model_summary.csv,0.631578947368421,0.631578947368421,both_nonempty,0
Immunogen134,formal_msa,1;14,results/13_interface_analysis/formal_msa/complex_model_summary.csv,1,14,results/13_interface_analysis/formal_msa/complex_model_summary.csv,results/13_interface_analysis/formal_msa/complex_model_summary.csv,0.0,0.0,both_nonempty,0
Immunogen134,formal_msa,1;15,results/13_interface_analysis/formal_msa/complex_model_summary.csv,1,15,results/13_interface_analysis/formal_msa/complex_model_summary.csv,results/13_interface_analysis/formal_msa/complex_model_summary.csv,0.7368421052631579,0.7368421052631579,both_nonempty,0
Immunogen134,formal_msa,2;3,results/13_interface_analysis/formal_msa/complex_model_summary.csv,2,3,results/13_interface_analysis/formal_msa/complex_model_summary.csv,results/13_interface_analysis/formal_msa/complex_model_summary.csv,0.45161290322580644,0.45161290322580644,both_nonempty,0
Immunogen134,formal_msa,2;4,results/13_interface_analysis/formal_msa/complex_model_summary.csv,2,4,results/13_interface_analysis/formal_msa/complex_model_summary.csv,results/13_interface_analysis/formal_msa/complex_model_summary.csv,0.0,0.0,both_nonempty,0
Immunogen134,formal_msa,2;5,results/13_interface_analysis/formal_msa/complex_model_summary.csv,2,5,results/13_interface_analysis/formal_msa/complex_model_summary.csv,results/13_interface_analysis/formal_msa/complex_model_summary.csv,0.0,0.0,both_nonempty,0
Immunogen134,formal_msa,2;6,results/13_interface_analysis/formal_msa/complex_model_summary.csv,2,6,results/13_interface_analysis/formal_msa/complex_model_summary.csv,results/13_interface_analysis/formal_msa/complex_model_summary.csv,0.0,0.0,both_nonempty,0
Immunogen134,formal_msa,2;7,results/13_interface_analysis/formal_msa/complex_model_summary.csv,2,7,results/13_interface_analysis/formal_msa/complex_model_summary.csv,results/13_interface_analysis/formal_msa/complex_model_summary.csv,0.0,0.0,both_nonempty,0
Immunogen134,formal_msa,2;8,results/13_interface_analysis/formal_msa/complex_model_summary.csv,2,8,results/13_interface_analysis/formal_msa/complex_model_summary.csv,results/13_interface_analysis/formal_msa/complex_model_summary.csv,0.8,0.8,both_nonempty,0
Immunogen134,formal_msa,2;9,results/13_interface_analysis/formal_msa/complex_model_summary.csv,2,9,results/13_interface_analysis/formal_msa/complex_model_summary.csv,results/13_interface_analysis/formal_msa/complex_model_summary.csv,0.5142857142857142,0.5142857142857142,both_nonempty,0
Immunogen134,formal_msa,2;10,results/13_interface_analysis/formal_msa/complex_model_summary.csv,2,10,results/13_interface_analysis/formal_msa/complex_model_summary.csv,results/13_interface_analysis/formal_msa/complex_model_summary.csv,0.45161290322580644,0.45161290322580644,both_nonempty,0
Immunogen134,formal_msa,2;11,results/13_interface_analysis/formal_msa/complex_model_summary.csv,2,11,results/13_interface_analysis/formal_msa/complex_model_summary.csv,results/13_interface_analysis/formal_msa/complex_model_summary.csv,0.0,0.0,both_nonempty,0
Immunogen134,formal_msa,2;12,results/13_interface_analysis/formal_msa/complex_model_summary.csv,2,12,results/13_interface_analysis/formal_msa/complex_model_summary.csv,results/13_interface_analysis/formal_msa/complex_model_summary.csv,0.5333333333333333,0.5333333333333333,both_nonempty,0
Immunogen134,formal_msa,2;13,results/13_interface_analysis/formal_msa/complex_model_summary.csv,2,13,results/13_interface_analysis/formal_msa/complex_model_summary.csv,results/13_interface_analysis/formal_msa/complex_model_summary.csv,0.0,0.0,both_nonempty,0
Immunogen134,formal_msa,2;14,results/13_interface_analysis/formal_msa/complex_model_summary.csv,2,14,results/13_interface_analysis/formal_msa/complex_model_summary.csv,results/13_interface_analysis/formal_msa/complex_model_summary.csv,0.5172413793103449,0.5172413793103449,both_nonempty,0
Immunogen134,formal_msa,2;15,results/13_interface_analysis/formal_msa/complex_model_summary.csv,2,15,results/13_interface_analysis/formal_msa/complex_model_summary.csv,results/13_interface_analysis/formal_msa/complex_model_summary.csv,0.0,0.0,both_nonempty,0
Immunogen134,formal_msa,3;4,results/13_interface_analysis/formal_msa/complex_model_summary.csv,3,4,results/13_interface_analysis/formal_msa/complex_model_summary.csv,results/13_interface_analysis/formal_msa/complex_model_summary.csv,0.0,0.0,both_nonempty,0
Immunogen134,formal_msa,3;5,results/13_interface_analysis/formal_msa/complex_model_summary.csv,3,5,results/13_interface_analysis/formal_msa/complex_model_summary.csv,results/13_interface_analysis/formal_msa/complex_model_summary.csv,0.0,0.0,both_nonempty,0
Immunogen134,formal_msa,3;6,results/13_interface_analysis/formal_msa/complex_model_summary.csv,3,6,results/13_interface_analysis/formal_msa/complex_model_summary.csv,results/13_interface_analysis/formal_msa/complex_model_summary.csv,0.0,0.0,both_nonempty,0
Immunogen134,formal_msa,3;7,results/13_interface_analysis/formal_msa/complex_model_summary.csv,3,7,results/13_interface_analysis/formal_msa/complex_model_summary.csv,results/13_interface_analysis/formal_msa/complex_model_summary.csv,0.0,0.0,both_nonempty,0
Immunogen134,formal_msa,3;8,results/13_interface_analysis/formal_msa/complex_model_summary.csv,3,8,results/13_interface_analysis/formal_msa/complex_model_summary.csv,results/13_interface_analysis/formal_msa/complex_model_summary.csv,0.6333333333333333,0.6333333333333333,both_nonempty,0
Immunogen134,formal_msa,3;9,results/13_interface_analysis/formal_msa/complex_model_summary.csv,3,9,results/13_interface_analysis/formal_msa/complex_model_summary.csv,results/13_interface_analysis/formal_msa/complex_model_summary.csv,0.6,0.6,both_nonempty,0
Immunogen134,formal_msa,3;10,results/13_interface_analysis/formal_msa/complex_model_summary.csv,3,10,results/13_interface_analysis/formal_msa/complex_model_summary.csv,results/13_interface_analysis/formal_msa/complex_model_summary.csv,0.9047619047619048,0.9047619047619048,both_nonempty,0
Immunogen134,formal_msa,3;11,results/13_interface_analysis/formal_msa/complex_model_summary.csv,3,11,results/13_interface_analysis/formal_msa/complex_model_summary.csv,results/13_interface_analysis/formal_msa/complex_model_summary.csv,0.0,0.0,both_nonempty,0
Immunogen134,formal_msa,3;12,results/13_interface_analysis/formal_msa/complex_model_summary.csv,3,12,results/13_interface_analysis/formal_msa/complex_model_summary.csv,results/13_interface_analysis/formal_msa/complex_model_summary.csv,0.782608695652174,0.782608695652174,both_nonempty,0
Immunogen134,formal_msa,3;13,results/13_interface_analysis/formal_msa/complex_model_summary.csv,3,13,results/13_interface_analysis/formal_msa/complex_model_summary.csv,results/13_interface_analysis/formal_msa/complex_model_summary.csv,0.0,0.0,both_nonempty,0
Immunogen134,formal_msa,3;14,results/13_interface_analysis/formal_msa/complex_model_summary.csv,3,14,results/13_interface_analysis/formal_msa/complex_model_summary.csv,results/13_interface_analysis/formal_msa/complex_model_summary.csv,0.6956521739130435,0.6956521739130435,both_nonempty,0
Immunogen134,formal_msa,3;15,results/13_interface_analysis/formal_msa/complex_model_summary.csv,3,15,results/13_interface_analysis/formal_msa/complex_model_summary.csv,results/13_interface_analysis/formal_msa/complex_model_summary.csv,0.0,0.0,both_nonempty,0
Immunogen134,formal_msa,4;5,results/13_interface_analysis/formal_msa/complex_model_summary.csv,4,5,results/13_interface_analysis/formal_msa/complex_model_summary.csv,results/13_interface_analysis/formal_msa/complex_model_summary.csv,0.631578947368421,0.631578947368421,both_nonempty,0
Immunogen134,formal_msa,4;6,results/13_interface_analysis/formal_msa/complex_model_summary.csv,4,6,results/13_interface_analysis/formal_msa/complex_model_summary.csv,results/13_interface_analysis/formal_msa/complex_model_summary.csv,0.631578947368421,0.631578947368421,both_nonempty,0
Immunogen134,formal_msa,4;7,results/13_interface_analysis/formal_msa/complex_model_summary.csv,4,7,results/13_interface_analysis/formal_msa/complex_model_summary.csv,results/13_interface_analysis/formal_msa/complex_model_summary.csv,0.5714285714285714,0.5714285714285714,both_nonempty,0
Immunogen134,formal_msa,4;8,results/13_interface_analysis/formal_msa/complex_model_summary.csv,4,8,results/13_interface_analysis/formal_msa/complex_model_summary.csv,results/13_interface_analysis/formal_msa/complex_model_summary.csv,0.0,0.0,both_nonempty,0
Immunogen134,formal_msa,4;9,results/13_interface_analysis/formal_msa/complex_model_summary.csv,4,9,results/13_interface_analysis/formal_msa/complex_model_summary.csv,results/13_interface_analysis/formal_msa/complex_model_summary.csv,0.0,0.0,both_nonempty,0
Immunogen134,formal_msa,4;10,results/13_interface_analysis/formal_msa/complex_model_summary.csv,4,10,results/13_interface_analysis/formal_msa/complex_model_summary.csv,results/13_interface_analysis/formal_msa/complex_model_summary.csv,0.0,0.0,both_nonempty,0
Immunogen134,formal_msa,4;11,results/13_interface_analysis/formal_msa/complex_model_summary.csv,4,11,results/13_interface_analysis/formal_msa/complex_model_summary.csv,results/13_interface_analysis/formal_msa/complex_model_summary.csv,0.5,0.5,both_nonempty,0
Immunogen134,formal_msa,4;12,results/13_interface_analysis/formal_msa/complex_model_summary.csv,4,12,results/13_interface_analysis/formal_msa/complex_model_summary.csv,results/13_interface_analysis/formal_msa/complex_model_summary.csv,0.0,0.0,both_nonempty,0
Immunogen134,formal_msa,4;13,results/13_interface_analysis/formal_msa/complex_model_summary.csv,4,13,results/13_interface_analysis/formal_msa/complex_model_summary.csv,results/13_interface_analysis/formal_msa/complex_model_summary.csv,0.6,0.6,both_nonempty,0
Immunogen134,formal_msa,4;14,results/13_interface_analysis/formal_msa/complex_model_summary.csv,4,14,results/13_interface_analysis/formal_msa/complex_model_summary.csv,results/13_interface_analysis/formal_msa/complex_model_summary.csv,0.0,0.0,both_nonempty,0
Immunogen134,formal_msa,4;15,results/13_interface_analysis/formal_msa/complex_model_summary.csv,4,15,results/13_interface_analysis/formal_msa/complex_model_summary.csv,results/13_interface_analysis/formal_msa/complex_model_summary.csv,0.6190476190476191,0.6190476190476191,both_nonempty,0
Immunogen134,formal_msa,5;6,results/13_interface_analysis/formal_msa/complex_model_summary.csv,5,6,results/13_interface_analysis/formal_msa/complex_model_summary.csv,results/13_interface_analysis/formal_msa/complex_model_summary.csv,1.0,1.0,both_nonempty,0
Immunogen134,formal_msa,5;7,results/13_interface_analysis/formal_msa/complex_model_summary.csv,5,7,results/13_interface_analysis/formal_msa/complex_model_summary.csv,results/13_interface_analysis/formal_msa/complex_model_summary.csv,0.7777777777777778,0.7777777777777778,both_nonempty,0
Immunogen134,formal_msa,5;8,results/13_interface_analysis/formal_msa/complex_model_summary.csv,5,8,results/13_interface_analysis/formal_msa/complex_model_summary.csv,results/13_interface_analysis/formal_msa/complex_model_summary.csv,0.0,0.0,both_nonempty,0
Immunogen134,formal_msa,5;9,results/13_interface_analysis/formal_msa/complex_model_summary.csv,5,9,results/13_interface_analysis/formal_msa/complex_model_summary.csv,results/13_interface_analysis/formal_msa/complex_model_summary.csv,0.0,0.0,both_nonempty,0
Immunogen134,formal_msa,5;10,results/13_interface_analysis/formal_msa/complex_model_summary.csv,5,10,results/13_interface_analysis/formal_msa/complex_model_summary.csv,results/13_interface_analysis/formal_msa/complex_model_summary.csv,0.0,0.0,both_nonempty,0
Immunogen134,formal_msa,5;11,results/13_interface_analysis/formal_msa/complex_model_summary.csv,5,11,results/13_interface_analysis/formal_msa/complex_model_summary.csv,results/13_interface_analysis/formal_msa/complex_model_summary.csv,0.6,0.6,both_nonempty,0
Immunogen134,formal_msa,5;12,results/13_interface_analysis/formal_msa/complex_model_summary.csv,5,12,results/13_interface_analysis/formal_msa/complex_model_summary.csv,results/13_interface_analysis/formal_msa/complex_model_summary.csv,0.0,0.0,both_nonempty,0
Immunogen134,formal_msa,5;13,results/13_interface_analysis/formal_msa/complex_model_summary.csv,5,13,results/13_interface_analysis/formal_msa/complex_model_summary.csv,results/13_interface_analysis/formal_msa/complex_model_summary.csv,0.7222222222222222,0.7222222222222222,both_nonempty,0
Immunogen134,formal_msa,5;14,results/13_interface_analysis/formal_msa/complex_model_summary.csv,5,14,results/13_interface_analysis/formal_msa/complex_model_summary.csv,results/13_interface_analysis/formal_msa/complex_model_summary.csv,0.0,0.0,both_nonempty,0
Immunogen134,formal_msa,5;15,results/13_interface_analysis/formal_msa/complex_model_summary.csv,5,15,results/13_interface_analysis/formal_msa/complex_model_summary.csv,results/13_interface_analysis/formal_msa/complex_model_summary.csv,0.65,0.65,both_nonempty,0
Immunogen134,formal_msa,6;7,results/13_interface_analysis/formal_msa/complex_model_summary.csv,6,7,results/13_interface_analysis/formal_msa/complex_model_summary.csv,results/13_interface_analysis/formal_msa/complex_model_summary.csv,0.7777777777777778,0.7777777777777778,both_nonempty,0
Immunogen134,formal_msa,6;8,results/13_interface_analysis/formal_msa/complex_model_summary.csv,6,8,results/13_interface_analysis/formal_msa/complex_model_summary.csv,results/13_interface_analysis/formal_msa/complex_model_summary.csv,0.0,0.0,both_nonempty,0
Immunogen134,formal_msa,6;9,results/13_interface_analysis/formal_msa/complex_model_summary.csv,6,9,results/13_interface_analysis/formal_msa/complex_model_summary.csv,results/13_interface_analysis/formal_msa/complex_model_summary.csv,0.0,0.0,both_nonempty,0
Immunogen134,formal_msa,6;10,results/13_interface_analysis/formal_msa/complex_model_summary.csv,6,10,results/13_interface_analysis/formal_msa/complex_model_summary.csv,results/13_interface_analysis/formal_msa/complex_model_summary.csv,0.0,0.0,both_nonempty,0
Immunogen134,formal_msa,6;11,results/13_interface_analysis/formal_msa/complex_model_summary.csv,6,11,results/13_interface_analysis/formal_msa/complex_model_summary.csv,results/13_interface_analysis/formal_msa/complex_model_summary.csv,0.6,0.6,both_nonempty,0
Immunogen134,formal_msa,6;12,results/13_interface_analysis/formal_msa/complex_model_summary.csv,6,12,results/13_interface_analysis/formal_msa/complex_model_summary.csv,results/13_interface_analysis/formal_msa/complex_model_summary.csv,0.0,0.0,both_nonempty,0
Immunogen134,formal_msa,6;13,results/13_interface_analysis/formal_msa/complex_model_summary.csv,6,13,results/13_interface_analysis/formal_msa/complex_model_summary.csv,results/13_interface_analysis/formal_msa/complex_model_summary.csv,0.7222222222222222,0.7222222222222222,both_nonempty,0
Immunogen134,formal_msa,6;14,results/13_interface_analysis/formal_msa/complex_model_summary.csv,6,14,results/13_interface_analysis/formal_msa/complex_model_summary.csv,results/13_interface_analysis/formal_msa/complex_model_summary.csv,0.0,0.0,both_nonempty,0
Immunogen134,formal_msa,6;15,results/13_interface_analysis/formal_msa/complex_model_summary.csv,6,15,results/13_interface_analysis/formal_msa/complex_model_summary.csv,results/13_interface_analysis/formal_msa/complex_model_summary.csv,0.65,0.65,both_nonempty,0
Immunogen134,formal_msa,7;8,results/13_interface_analysis/formal_msa/complex_model_summary.csv,7,8,results/13_interface_analysis/formal_msa/complex_model_summary.csv,results/13_interface_analysis/formal_msa/complex_model_summary.csv,0.0,0.0,both_nonempty,0
Immunogen134,formal_msa,7;9,results/13_interface_analysis/formal_msa/complex_model_summary.csv,7,9,results/13_interface_analysis/formal_msa/complex_model_summary.csv,results/13_interface_analysis/formal_msa/complex_model_summary.csv,0.0,0.0,both_nonempty,0
Immunogen134,formal_msa,7;10,results/13_interface_analysis/formal_msa/complex_model_summary.csv,7,10,results/13_interface_analysis/formal_msa/complex_model_summary.csv,results/13_interface_analysis/formal_msa/complex_model_summary.csv,0.0,0.0,both_nonempty,0
Immunogen134,formal_msa,7;11,results/13_interface_analysis/formal_msa/complex_model_summary.csv,7,11,results/13_interface_analysis/formal_msa/complex_model_summary.csv,results/13_interface_analysis/formal_msa/complex_model_summary.csv,0.7894736842105263,0.7894736842105263,both_nonempty,0
Immunogen134,formal_msa,7;12,results/13_interface_analysis/formal_msa/complex_model_summary.csv,7,12,results/13_interface_analysis/formal_msa/complex_model_summary.csv,results/13_interface_analysis/formal_msa/complex_model_summary.csv,0.0,0.0,both_nonempty,0
Immunogen134,formal_msa,7;13,results/13_interface_analysis/formal_msa/complex_model_summary.csv,7,13,results/13_interface_analysis/formal_msa/complex_model_summary.csv,results/13_interface_analysis/formal_msa/complex_model_summary.csv,0.8333333333333334,0.8333333333333334,both_nonempty,0
Immunogen134,formal_msa,7;14,results/13_interface_analysis/formal_msa/complex_model_summary.csv,7,14,results/13_interface_analysis/formal_msa/complex_model_summary.csv,results/13_interface_analysis/formal_msa/complex_model_summary.csv,0.0,0.0,both_nonempty,0
Immunogen134,formal_msa,7;15,results/13_interface_analysis/formal_msa/complex_model_summary.csv,7,15,results/13_interface_analysis/formal_msa/complex_model_summary.csv,results/13_interface_analysis/formal_msa/complex_model_summary.csv,0.75,0.75,both_nonempty,0
Immunogen134,formal_msa,8;9,results/13_interface_analysis/formal_msa/complex_model_summary.csv,8,9,results/13_interface_analysis/formal_msa/complex_model_summary.csv,results/13_interface_analysis/formal_msa/complex_model_summary.csv,0.6764705882352942,0.6764705882352942,both_nonempty,0
Immunogen134,formal_msa,8;10,results/13_interface_analysis/formal_msa/complex_model_summary.csv,8,10,results/13_interface_analysis/formal_msa/complex_model_summary.csv,results/13_interface_analysis/formal_msa/complex_model_summary.csv,0.6333333333333333,0.6333333333333333,both_nonempty,0
Immunogen134,formal_msa,8;11,results/13_interface_analysis/formal_msa/complex_model_summary.csv,8,11,results/13_interface_analysis/formal_msa/complex_model_summary.csv,results/13_interface_analysis/formal_msa/complex_model_summary.csv,0.0,0.0,both_nonempty,0
Immunogen134,formal_msa,8;12,results/13_interface_analysis/formal_msa/complex_model_summary.csv,8,12,results/13_interface_analysis/formal_msa/complex_model_summary.csv,results/13_interface_analysis/formal_msa/complex_model_summary.csv,0.6666666666666666,0.6666666666666666,both_nonempty,0
Immunogen134,formal_msa,8;13,results/13_interface_analysis/formal_msa/complex_model_summary.csv,8,13,results/13_interface_analysis/formal_msa/complex_model_summary.csv,results/13_interface_analysis/formal_msa/complex_model_summary.csv,0.0,0.0,both_nonempty,0
Immunogen134,formal_msa,8;14,results/13_interface_analysis/formal_msa/complex_model_summary.csv,8,14,results/13_interface_analysis/formal_msa/complex_model_summary.csv,results/13_interface_analysis/formal_msa/complex_model_summary.csv,0.6,0.6,both_nonempty,0
Immunogen134,formal_msa,8;15,results/13_interface_analysis/formal_msa/complex_model_summary.csv,8,15,results/13_interface_analysis/formal_msa/complex_model_summary.csv,results/13_interface_analysis/formal_msa/complex_model_summary.csv,0.0,0.0,both_nonempty,0
Immunogen134,formal_msa,9;10,results/13_interface_analysis/formal_msa/complex_model_summary.csv,9,10,results/13_interface_analysis/formal_msa/complex_model_summary.csv,results/13_interface_analysis/formal_msa/complex_model_summary.csv,0.5483870967741935,0.5483870967741935,both_nonempty,0
Immunogen134,formal_msa,9;11,results/13_interface_analysis/formal_msa/complex_model_summary.csv,9,11,results/13_interface_analysis/formal_msa/complex_model_summary.csv,results/13_interface_analysis/formal_msa/complex_model_summary.csv,0.0,0.0,both_nonempty,0
Immunogen134,formal_msa,9;12,results/13_interface_analysis/formal_msa/complex_model_summary.csv,9,12,results/13_interface_analysis/formal_msa/complex_model_summary.csv,results/13_interface_analysis/formal_msa/complex_model_summary.csv,0.5806451612903226,0.5806451612903226,both_nonempty,0
Immunogen134,formal_msa,9;13,results/13_interface_analysis/formal_msa/complex_model_summary.csv,9,13,results/13_interface_analysis/formal_msa/complex_model_summary.csv,results/13_interface_analysis/formal_msa/complex_model_summary.csv,0.0,0.0,both_nonempty,0
Immunogen134,formal_msa,9;14,results/13_interface_analysis/formal_msa/complex_model_summary.csv,9,14,results/13_interface_analysis/formal_msa/complex_model_summary.csv,results/13_interface_analysis/formal_msa/complex_model_summary.csv,0.5161290322580645,0.5161290322580645,both_nonempty,0
Immunogen134,formal_msa,9;15,results/13_interface_analysis/formal_msa/complex_model_summary.csv,9,15,results/13_interface_analysis/formal_msa/complex_model_summary.csv,results/13_interface_analysis/formal_msa/complex_model_summary.csv,0.0,0.0,both_nonempty,0
Immunogen134,formal_msa,10;11,results/13_interface_analysis/formal_msa/complex_model_summary.csv,10,11,results/13_interface_analysis/formal_msa/complex_model_summary.csv,results/13_interface_analysis/formal_msa/complex_model_summary.csv,0.0,0.0,both_nonempty,0
Immunogen134,formal_msa,10;12,results/13_interface_analysis/formal_msa/complex_model_summary.csv,10,12,results/13_interface_analysis/formal_msa/complex_model_summary.csv,results/13_interface_analysis/formal_msa/complex_model_summary.csv,0.8636363636363636,0.8636363636363636,both_nonempty,0
Immunogen134,formal_msa,10;13,results/13_interface_analysis/formal_msa/complex_model_summary.csv,10,13,results/13_interface_analysis/formal_msa/complex_model_summary.csv,results/13_interface_analysis/formal_msa/complex_model_summary.csv,0.0,0.0,both_nonempty,0
Immunogen134,formal_msa,10;14,results/13_interface_analysis/formal_msa/complex_model_summary.csv,10,14,results/13_interface_analysis/formal_msa/complex_model_summary.csv,results/13_interface_analysis/formal_msa/complex_model_summary.csv,0.7727272727272727,0.7727272727272727,both_nonempty,0
Immunogen134,formal_msa,10;15,results/13_interface_analysis/formal_msa/complex_model_summary.csv,10,15,results/13_interface_analysis/formal_msa/complex_model_summary.csv,results/13_interface_analysis/formal_msa/complex_model_summary.csv,0.0,0.0,both_nonempty,0
Immunogen134,formal_msa,11;12,results/13_interface_analysis/formal_msa/complex_model_summary.csv,11,12,results/13_interface_analysis/formal_msa/complex_model_summary.csv,results/13_interface_analysis/formal_msa/complex_model_summary.csv,0.0,0.0,both_nonempty,0
Immunogen134,formal_msa,11;13,results/13_interface_analysis/formal_msa/complex_model_summary.csv,11,13,results/13_interface_analysis/formal_msa/complex_model_summary.csv,results/13_interface_analysis/formal_msa/complex_model_summary.csv,0.65,0.65,both_nonempty,0
Immunogen134,formal_msa,11;14,results/13_interface_analysis/formal_msa/complex_model_summary.csv,11,14,results/13_interface_analysis/formal_msa/complex_model_summary.csv,results/13_interface_analysis/formal_msa/complex_model_summary.csv,0.0,0.0,both_nonempty,0
Immunogen134,formal_msa,11;15,results/13_interface_analysis/formal_msa/complex_model_summary.csv,11,15,results/13_interface_analysis/formal_msa/complex_model_summary.csv,results/13_interface_analysis/formal_msa/complex_model_summary.csv,0.75,0.75,both_nonempty,0
Immunogen134,formal_msa,12;13,results/13_interface_analysis/formal_msa/complex_model_summary.csv,12,13,results/13_interface_analysis/formal_msa/complex_model_summary.csv,results/13_interface_analysis/formal_msa/complex_model_summary.csv,0.0,0.0,both_nonempty,0
Immunogen134,formal_msa,12;14,results/13_interface_analysis/formal_msa/complex_model_summary.csv,12,14,results/13_interface_analysis/formal_msa/complex_model_summary.csv,results/13_interface_analysis/formal_msa/complex_model_summary.csv,0.8181818181818182,0.8181818181818182,both_nonempty,0
Immunogen134,formal_msa,12;15,results/13_interface_analysis/formal_msa/complex_model_summary.csv,12,15,results/13_interface_analysis/formal_msa/complex_model_summary.csv,results/13_interface_analysis/formal_msa/complex_model_summary.csv,0.0,0.0,both_nonempty,0
Immunogen134,formal_msa,13;14,results/13_interface_analysis/formal_msa/complex_model_summary.csv,13,14,results/13_interface_analysis/formal_msa/complex_model_summary.csv,results/13_interface_analysis/formal_msa/complex_model_summary.csv,0.0,0.0,both_nonempty,0
Immunogen134,formal_msa,13;15,results/13_interface_analysis/formal_msa/complex_model_summary.csv,13,15,results/13_interface_analysis/formal_msa/complex_model_summary.csv,results/13_interface_analysis/formal_msa/complex_model_summary.csv,0.7,0.7,both_nonempty,0
Immunogen134,formal_msa,14;15,results/13_interface_analysis/formal_msa/complex_model_summary.csv,14,15,results/13_interface_analysis/formal_msa/complex_model_summary.csv,results/13_interface_analysis/formal_msa/complex_model_summary.csv,0.0,0.0,both_nonempty,0
