2026-09-21T17:17:04.024365+00:00 rank=1 Start mode=smoke world=2 deadline=2026-09-21T17:46:23.490247+00:00
2026-09-21T17:20:35.043725+00:00 rank=1 extract train batch=1/32 local_rows=16
2026-09-21T17:20:37.710105+00:00 rank=1 extract train batch=21/32 local_rows=336
2026-09-21T17:20:46.125417+00:00 rank=1 extract validation batch=1/7 local_rows=16
2026-09-21T17:21:03.227824+00:00 rank=1 LoRA trainable parameters=656641 training={'warm_start': 'Frozen-baseline trained linear head; LoRA adapters start from PEFT default initialization.', 'baseline_checkpoint': '/mnt/pxh/teeth/inovate/output/smoke_esm2_650m_frozen_best.pt', 'baseline_checkpoint_sha256': '5f1880360933c33bcc0562ae54930f939ff939037135e5fbaac1abaa2e187742', 'optimizer': 'AdamW', 'learning_rate': 0.0001, 'global_batch_size': 32, 'gradient_accumulation_steps': 1, 'per_device_batch_size': 16, 'world_size': 2, 'precision': 'fp32 parameters, bf16 autocast on CUDA', 'drop_last': True, 'initial_seed': 42}
2026-09-21T17:21:24.911160+00:00 rank=1 lora epoch=1/1 batch=20/31 step=20 loss=0.687643 grad_norm=1.9891
2026-09-21T17:21:38.590555+00:00 rank=1 lora epoch=1 completed=True loss=0.6868064067056102 validation={'n': 200, 'positive_fraction': 0.41, 'mcc': 0.0, 'f1': 0.0, 'spearman_probability_label': 0.1984560558644403, 'threshold': 0.5}
2026-09-21T17:21:38.590704+00:00 rank=1 LoRA ended: completed_epochs=1 steps=31 selected_checkpoint=True
2026-09-21T17:21:38.641993+00:00 rank=1 Finished mode=smoke elapsed_seconds=277.8
2026-09-21T17:21:50.931198+00:00 rank=1 Start mode=extract world=2 deadline=2026-09-21T19:51:43.854605+00:00
2026-09-21T17:26:09.486168+00:00 rank=1 extract train batch=1/6250 local_rows=16
2026-09-21T17:26:10.749360+00:00 rank=1 extract train batch=21/6250 local_rows=336
2026-09-21T17:26:12.069277+00:00 rank=1 extract train batch=41/6250 local_rows=656
2026-09-21T17:26:13.493767+00:00 rank=1 extract train batch=61/6250 local_rows=976
2026-09-21T17:26:15.157573+00:00 rank=1 extract train batch=81/6250 local_rows=1296
2026-09-21T17:26:16.949283+00:00 rank=1 extract train batch=101/6250 local_rows=1616
2026-09-21T17:26:18.786898+00:00 rank=1 extract train batch=121/6250 local_rows=1936
2026-09-21T17:26:20.627091+00:00 rank=1 extract train batch=141/6250 local_rows=2256
2026-09-21T17:26:22.469073+00:00 rank=1 extract train batch=161/6250 local_rows=2576
2026-09-21T17:26:24.356505+00:00 rank=1 extract train batch=181/6250 local_rows=2896
2026-09-21T17:26:26.332706+00:00 rank=1 extract train batch=201/6250 local_rows=3216
2026-09-21T17:26:28.335393+00:00 rank=1 extract train batch=221/6250 local_rows=3536
2026-09-21T17:26:30.445811+00:00 rank=1 extract train batch=241/6250 local_rows=3856
2026-09-21T17:26:32.564050+00:00 rank=1 extract train batch=261/6250 local_rows=4176
2026-09-21T17:26:34.684723+00:00 rank=1 extract train batch=281/6250 local_rows=4496
2026-09-21T17:26:36.806208+00:00 rank=1 extract train batch=301/6250 local_rows=4816
2026-09-21T17:26:38.955401+00:00 rank=1 extract train batch=321/6250 local_rows=5136
2026-09-21T17:26:41.154069+00:00 rank=1 extract train batch=341/6250 local_rows=5456
2026-09-21T17:26:43.357401+00:00 rank=1 extract train batch=361/6250 local_rows=5776
2026-09-21T17:26:45.568165+00:00 rank=1 extract train batch=381/6250 local_rows=6096
2026-09-21T17:26:47.782377+00:00 rank=1 extract train batch=401/6250 local_rows=6416
2026-09-21T17:26:50.003346+00:00 rank=1 extract train batch=421/6250 local_rows=6736
2026-09-21T17:26:52.232689+00:00 rank=1 extract train batch=441/6250 local_rows=7056
2026-09-21T17:26:54.469266+00:00 rank=1 extract train batch=461/6250 local_rows=7376
2026-09-21T17:26:56.771729+00:00 rank=1 extract train batch=481/6250 local_rows=7696
2026-09-21T17:26:59.138333+00:00 rank=1 extract train batch=501/6250 local_rows=8016
2026-09-21T17:27:01.519047+00:00 rank=1 extract train batch=521/6250 local_rows=8336
2026-09-21T17:27:03.941001+00:00 rank=1 extract train batch=541/6250 local_rows=8656
2026-09-21T17:27:06.431107+00:00 rank=1 extract train batch=561/6250 local_rows=8976
2026-09-21T17:27:08.945100+00:00 rank=1 extract train batch=581/6250 local_rows=9296
2026-09-21T17:27:11.464506+00:00 rank=1 extract train batch=601/6250 local_rows=9616
2026-09-21T17:27:13.989011+00:00 rank=1 extract train batch=621/6250 local_rows=9936
2026-09-21T17:27:16.514404+00:00 rank=1 extract train batch=641/6250 local_rows=10256
2026-09-21T17:27:19.049781+00:00 rank=1 extract train batch=661/6250 local_rows=10576
2026-09-21T17:27:21.591979+00:00 rank=1 extract train batch=681/6250 local_rows=10896
2026-09-21T17:27:24.144255+00:00 rank=1 extract train batch=701/6250 local_rows=11216
2026-09-21T17:27:26.704551+00:00 rank=1 extract train batch=721/6250 local_rows=11536
2026-09-21T17:27:29.267292+00:00 rank=1 extract train batch=741/6250 local_rows=11856
2026-09-21T17:27:31.838520+00:00 rank=1 extract train batch=761/6250 local_rows=12176
2026-09-21T17:27:34.408916+00:00 rank=1 extract train batch=781/6250 local_rows=12496
2026-09-21T17:27:36.974936+00:00 rank=1 extract train batch=801/6250 local_rows=12816
2026-09-21T17:27:39.549810+00:00 rank=1 extract train batch=821/6250 local_rows=13136
2026-09-21T17:27:42.129844+00:00 rank=1 extract train batch=841/6250 local_rows=13456
2026-09-21T17:27:44.715216+00:00 rank=1 extract train batch=861/6250 local_rows=13776
2026-09-21T17:27:47.306045+00:00 rank=1 extract train batch=881/6250 local_rows=14096
2026-09-21T17:27:49.898551+00:00 rank=1 extract train batch=901/6250 local_rows=14416
2026-09-21T17:27:52.499641+00:00 rank=1 extract train batch=921/6250 local_rows=14736
2026-09-21T17:27:55.104240+00:00 rank=1 extract train batch=941/6250 local_rows=15056
2026-09-21T17:27:57.706536+00:00 rank=1 extract train batch=961/6250 local_rows=15376
2026-09-21T17:28:00.306159+00:00 rank=1 extract train batch=981/6250 local_rows=15696
2026-09-21T17:28:02.914267+00:00 rank=1 extract train batch=1001/6250 local_rows=16016
2026-09-21T17:28:05.531940+00:00 rank=1 extract train batch=1021/6250 local_rows=16336
2026-09-21T17:28:08.171277+00:00 rank=1 extract train batch=1041/6250 local_rows=16656
2026-09-21T17:28:10.808057+00:00 rank=1 extract train batch=1061/6250 local_rows=16976
2026-09-21T17:28:13.438956+00:00 rank=1 extract train batch=1081/6250 local_rows=17296
2026-09-21T17:28:16.074427+00:00 rank=1 extract train batch=1101/6250 local_rows=17616
2026-09-21T17:28:18.717209+00:00 rank=1 extract train batch=1121/6250 local_rows=17936
2026-09-21T17:28:21.356347+00:00 rank=1 extract train batch=1141/6250 local_rows=18256
2026-09-21T17:28:23.992398+00:00 rank=1 extract train batch=1161/6250 local_rows=18576
2026-09-21T17:28:26.634373+00:00 rank=1 extract train batch=1181/6250 local_rows=18896
2026-09-21T17:28:29.282090+00:00 rank=1 extract train batch=1201/6250 local_rows=19216
2026-09-21T17:28:31.937651+00:00 rank=1 extract train batch=1221/6250 local_rows=19536
2026-09-21T17:28:34.590554+00:00 rank=1 extract train batch=1241/6250 local_rows=19856
2026-09-21T17:28:37.243772+00:00 rank=1 extract train batch=1261/6250 local_rows=20176
2026-09-21T17:28:39.893239+00:00 rank=1 extract train batch=1281/6250 local_rows=20496
2026-09-21T17:28:42.549357+00:00 rank=1 extract train batch=1301/6250 local_rows=20816
2026-09-21T17:28:45.205376+00:00 rank=1 extract train batch=1321/6250 local_rows=21136
2026-09-21T17:28:47.857512+00:00 rank=1 extract train batch=1341/6250 local_rows=21456
2026-09-21T17:28:50.507946+00:00 rank=1 extract train batch=1361/6250 local_rows=21776
2026-09-21T17:28:53.155301+00:00 rank=1 extract train batch=1381/6250 local_rows=22096
2026-09-21T17:28:55.805088+00:00 rank=1 extract train batch=1401/6250 local_rows=22416
2026-09-21T17:28:58.459317+00:00 rank=1 extract train batch=1421/6250 local_rows=22736
2026-09-21T17:29:01.113443+00:00 rank=1 extract train batch=1441/6250 local_rows=23056
2026-09-21T17:29:03.760647+00:00 rank=1 extract train batch=1461/6250 local_rows=23376
2026-09-21T17:29:06.411439+00:00 rank=1 extract train batch=1481/6250 local_rows=23696
2026-09-21T17:29:09.069319+00:00 rank=1 extract train batch=1501/6250 local_rows=24016
2026-09-21T17:29:11.728633+00:00 rank=1 extract train batch=1521/6250 local_rows=24336
2026-09-21T17:29:14.387726+00:00 rank=1 extract train batch=1541/6250 local_rows=24656
2026-09-21T17:29:17.045177+00:00 rank=1 extract train batch=1561/6250 local_rows=24976
2026-09-21T17:29:19.704919+00:00 rank=1 extract train batch=1581/6250 local_rows=25296
2026-09-21T17:29:22.366642+00:00 rank=1 extract train batch=1601/6250 local_rows=25616
2026-09-21T17:29:25.025371+00:00 rank=1 extract train batch=1621/6250 local_rows=25936
2026-09-21T17:29:27.683396+00:00 rank=1 extract train batch=1641/6250 local_rows=26256
2026-09-21T17:29:30.343682+00:00 rank=1 extract train batch=1661/6250 local_rows=26576
2026-09-21T17:29:32.997614+00:00 rank=1 extract train batch=1681/6250 local_rows=26896
2026-09-21T17:29:35.654450+00:00 rank=1 extract train batch=1701/6250 local_rows=27216
2026-09-21T17:29:38.315596+00:00 rank=1 extract train batch=1721/6250 local_rows=27536
2026-09-21T17:29:40.980494+00:00 rank=1 extract train batch=1741/6250 local_rows=27856
2026-09-21T17:29:43.635421+00:00 rank=1 extract train batch=1761/6250 local_rows=28176
2026-09-21T17:29:46.291884+00:00 rank=1 extract train batch=1781/6250 local_rows=28496
2026-09-21T17:29:48.959466+00:00 rank=1 extract train batch=1801/6250 local_rows=28816
2026-09-21T17:29:51.632112+00:00 rank=1 extract train batch=1821/6250 local_rows=29136
2026-09-21T17:29:54.303454+00:00 rank=1 extract train batch=1841/6250 local_rows=29456
2026-09-21T17:29:56.966090+00:00 rank=1 extract train batch=1861/6250 local_rows=29776
2026-09-21T17:29:59.632995+00:00 rank=1 extract train batch=1881/6250 local_rows=30096
2026-09-21T17:30:02.289598+00:00 rank=1 extract train batch=1901/6250 local_rows=30416
2026-09-21T17:30:04.949687+00:00 rank=1 extract train batch=1921/6250 local_rows=30736
2026-09-21T17:30:07.609682+00:00 rank=1 extract train batch=1941/6250 local_rows=31056
2026-09-21T17:30:10.270049+00:00 rank=1 extract train batch=1961/6250 local_rows=31376
2026-09-21T17:30:12.923615+00:00 rank=1 extract train batch=1981/6250 local_rows=31696
2026-09-21T17:30:15.585596+00:00 rank=1 extract train batch=2001/6250 local_rows=32016
2026-09-21T17:30:18.246081+00:00 rank=1 extract train batch=2021/6250 local_rows=32336
2026-09-21T17:30:20.899309+00:00 rank=1 extract train batch=2041/6250 local_rows=32656
2026-09-21T17:30:23.552473+00:00 rank=1 extract train batch=2061/6250 local_rows=32976
2026-09-21T17:30:26.202622+00:00 rank=1 extract train batch=2081/6250 local_rows=33296
2026-09-21T17:30:28.860608+00:00 rank=1 extract train batch=2101/6250 local_rows=33616
2026-09-21T17:30:31.517688+00:00 rank=1 extract train batch=2121/6250 local_rows=33936
2026-09-21T17:30:34.170706+00:00 rank=1 extract train batch=2141/6250 local_rows=34256
2026-09-21T17:30:36.818245+00:00 rank=1 extract train batch=2161/6250 local_rows=34576
2026-09-21T17:30:39.472004+00:00 rank=1 extract train batch=2181/6250 local_rows=34896
2026-09-21T17:30:42.126125+00:00 rank=1 extract train batch=2201/6250 local_rows=35216
2026-09-21T17:30:45.237868+00:00 rank=1 extract train batch=2221/6250 local_rows=35536
2026-09-21T17:30:47.904419+00:00 rank=1 extract train batch=2241/6250 local_rows=35856
2026-09-21T17:30:50.562407+00:00 rank=1 extract train batch=2261/6250 local_rows=36176
2026-09-21T17:30:53.216928+00:00 rank=1 extract train batch=2281/6250 local_rows=36496
2026-09-21T17:30:55.870943+00:00 rank=1 extract train batch=2301/6250 local_rows=36816
2026-09-21T17:30:58.523689+00:00 rank=1 extract train batch=2321/6250 local_rows=37136
2026-09-21T17:31:01.172728+00:00 rank=1 extract train batch=2341/6250 local_rows=37456
2026-09-21T17:31:03.820106+00:00 rank=1 extract train batch=2361/6250 local_rows=37776
2026-09-21T17:31:06.469472+00:00 rank=1 extract train batch=2381/6250 local_rows=38096
2026-09-21T17:31:09.106765+00:00 rank=1 extract train batch=2401/6250 local_rows=38416
2026-09-21T17:31:11.745995+00:00 rank=1 extract train batch=2421/6250 local_rows=38736
2026-09-21T17:31:14.387488+00:00 rank=1 extract train batch=2441/6250 local_rows=39056
2026-09-21T17:31:17.024473+00:00 rank=1 extract train batch=2461/6250 local_rows=39376
2026-09-21T17:31:19.666533+00:00 rank=1 extract train batch=2481/6250 local_rows=39696
2026-09-21T17:31:22.310405+00:00 rank=1 extract train batch=2501/6250 local_rows=40016
2026-09-21T17:31:24.953511+00:00 rank=1 extract train batch=2521/6250 local_rows=40336
2026-09-21T17:31:27.595312+00:00 rank=1 extract train batch=2541/6250 local_rows=40656
2026-09-21T17:31:30.235568+00:00 rank=1 extract train batch=2561/6250 local_rows=40976
2026-09-21T17:31:32.875346+00:00 rank=1 extract train batch=2581/6250 local_rows=41296
2026-09-21T17:31:35.516808+00:00 rank=1 extract train batch=2601/6250 local_rows=41616
2026-09-21T17:31:38.159027+00:00 rank=1 extract train batch=2621/6250 local_rows=41936
2026-09-21T17:31:40.799580+00:00 rank=1 extract train batch=2641/6250 local_rows=42256
2026-09-21T17:31:43.439227+00:00 rank=1 extract train batch=2661/6250 local_rows=42576
2026-09-21T17:31:46.074024+00:00 rank=1 extract train batch=2681/6250 local_rows=42896
2026-09-21T17:31:48.710293+00:00 rank=1 extract train batch=2701/6250 local_rows=43216
2026-09-21T17:31:51.347122+00:00 rank=1 extract train batch=2721/6250 local_rows=43536
2026-09-21T17:31:53.983001+00:00 rank=1 extract train batch=2741/6250 local_rows=43856
2026-09-21T17:31:56.616203+00:00 rank=1 extract train batch=2761/6250 local_rows=44176
2026-09-21T17:31:59.249691+00:00 rank=1 extract train batch=2781/6250 local_rows=44496
2026-09-21T17:32:01.882346+00:00 rank=1 extract train batch=2801/6250 local_rows=44816
2026-09-21T17:32:04.520004+00:00 rank=1 extract train batch=2821/6250 local_rows=45136
2026-09-21T17:32:07.154944+00:00 rank=1 extract train batch=2841/6250 local_rows=45456
2026-09-21T17:32:09.790251+00:00 rank=1 extract train batch=2861/6250 local_rows=45776
2026-09-21T17:32:12.423836+00:00 rank=1 extract train batch=2881/6250 local_rows=46096
2026-09-21T17:32:15.052052+00:00 rank=1 extract train batch=2901/6250 local_rows=46416
2026-09-21T17:32:17.681763+00:00 rank=1 extract train batch=2921/6250 local_rows=46736
2026-09-21T17:32:20.302105+00:00 rank=1 extract train batch=2941/6250 local_rows=47056
2026-09-21T17:32:22.917802+00:00 rank=1 extract train batch=2961/6250 local_rows=47376
2026-09-21T17:32:25.542207+00:00 rank=1 extract train batch=2981/6250 local_rows=47696
2026-09-21T17:32:28.170205+00:00 rank=1 extract train batch=3001/6250 local_rows=48016
2026-09-21T17:32:30.799246+00:00 rank=1 extract train batch=3021/6250 local_rows=48336
2026-09-21T17:32:33.427604+00:00 rank=1 extract train batch=3041/6250 local_rows=48656
2026-09-21T17:32:36.051661+00:00 rank=1 extract train batch=3061/6250 local_rows=48976
2026-09-21T17:32:38.679561+00:00 rank=1 extract train batch=3081/6250 local_rows=49296
2026-09-21T17:32:41.307968+00:00 rank=1 extract train batch=3101/6250 local_rows=49616
2026-09-21T17:32:43.932339+00:00 rank=1 extract train batch=3121/6250 local_rows=49936
2026-09-21T17:32:46.556483+00:00 rank=1 extract train batch=3141/6250 local_rows=50256
2026-09-21T17:32:49.189224+00:00 rank=1 extract train batch=3161/6250 local_rows=50576
2026-09-21T17:32:51.816906+00:00 rank=1 extract train batch=3181/6250 local_rows=50896
2026-09-21T17:32:54.443097+00:00 rank=1 extract train batch=3201/6250 local_rows=51216
2026-09-21T17:32:57.062167+00:00 rank=1 extract train batch=3221/6250 local_rows=51536
2026-09-21T17:32:59.680123+00:00 rank=1 extract train batch=3241/6250 local_rows=51856
2026-09-21T17:33:02.308380+00:00 rank=1 extract train batch=3261/6250 local_rows=52176
2026-09-21T17:33:04.930874+00:00 rank=1 extract train batch=3281/6250 local_rows=52496
2026-09-21T17:33:07.547159+00:00 rank=1 extract train batch=3301/6250 local_rows=52816
2026-09-21T17:33:10.166844+00:00 rank=1 extract train batch=3321/6250 local_rows=53136
2026-09-21T17:33:12.794660+00:00 rank=1 extract train batch=3341/6250 local_rows=53456
2026-09-21T17:33:15.425858+00:00 rank=1 extract train batch=3361/6250 local_rows=53776
2026-09-21T17:33:18.066573+00:00 rank=1 extract train batch=3381/6250 local_rows=54096
2026-09-21T17:33:20.700349+00:00 rank=1 extract train batch=3401/6250 local_rows=54416
2026-09-21T17:33:23.324196+00:00 rank=1 extract train batch=3421/6250 local_rows=54736
2026-09-21T17:33:25.950116+00:00 rank=1 extract train batch=3441/6250 local_rows=55056
2026-09-21T17:33:28.581713+00:00 rank=1 extract train batch=3461/6250 local_rows=55376
2026-09-21T17:33:31.214691+00:00 rank=1 extract train batch=3481/6250 local_rows=55696
2026-09-21T17:33:33.850132+00:00 rank=1 extract train batch=3501/6250 local_rows=56016
2026-09-21T17:33:36.473561+00:00 rank=1 extract train batch=3521/6250 local_rows=56336
2026-09-21T17:33:39.094032+00:00 rank=1 extract train batch=3541/6250 local_rows=56656
2026-09-21T17:33:41.714937+00:00 rank=1 extract train batch=3561/6250 local_rows=56976
2026-09-21T17:33:44.336295+00:00 rank=1 extract train batch=3581/6250 local_rows=57296
2026-09-21T17:33:46.959467+00:00 rank=1 extract train batch=3601/6250 local_rows=57616
2026-09-21T17:33:49.582933+00:00 rank=1 extract train batch=3621/6250 local_rows=57936
2026-09-21T17:33:52.205372+00:00 rank=1 extract train batch=3641/6250 local_rows=58256
2026-09-21T17:33:54.833272+00:00 rank=1 extract train batch=3661/6250 local_rows=58576
2026-09-21T17:33:57.455395+00:00 rank=1 extract train batch=3681/6250 local_rows=58896
2026-09-21T17:34:00.081172+00:00 rank=1 extract train batch=3701/6250 local_rows=59216
2026-09-21T17:34:02.715976+00:00 rank=1 extract train batch=3721/6250 local_rows=59536
2026-09-21T17:34:05.345075+00:00 rank=1 extract train batch=3741/6250 local_rows=59856
2026-09-21T17:34:07.985139+00:00 rank=1 extract train batch=3761/6250 local_rows=60176
2026-09-21T17:34:10.628008+00:00 rank=1 extract train batch=3781/6250 local_rows=60496
2026-09-21T17:34:13.266360+00:00 rank=1 extract train batch=3801/6250 local_rows=60816
2026-09-21T17:34:15.907225+00:00 rank=1 extract train batch=3821/6250 local_rows=61136
2026-09-21T17:34:18.545046+00:00 rank=1 extract train batch=3841/6250 local_rows=61456
2026-09-21T17:34:21.191492+00:00 rank=1 extract train batch=3861/6250 local_rows=61776
2026-09-21T17:34:23.829562+00:00 rank=1 extract train batch=3881/6250 local_rows=62096
2026-09-21T17:34:26.466368+00:00 rank=1 extract train batch=3901/6250 local_rows=62416
2026-09-21T17:34:29.104271+00:00 rank=1 extract train batch=3921/6250 local_rows=62736
2026-09-21T17:34:31.743910+00:00 rank=1 extract train batch=3941/6250 local_rows=63056
2026-09-21T17:34:34.382338+00:00 rank=1 extract train batch=3961/6250 local_rows=63376
2026-09-21T17:34:37.017159+00:00 rank=1 extract train batch=3981/6250 local_rows=63696
2026-09-21T17:34:39.655775+00:00 rank=1 extract train batch=4001/6250 local_rows=64016
2026-09-21T17:34:42.294665+00:00 rank=1 extract train batch=4021/6250 local_rows=64336
2026-09-21T17:34:44.928037+00:00 rank=1 extract train batch=4041/6250 local_rows=64656
2026-09-21T17:34:47.659583+00:00 rank=1 extract train batch=4061/6250 local_rows=64976
2026-09-21T17:34:50.308866+00:00 rank=1 extract train batch=4081/6250 local_rows=65296
2026-09-21T17:34:52.935089+00:00 rank=1 extract train batch=4101/6250 local_rows=65616
2026-09-21T17:34:55.558396+00:00 rank=1 extract train batch=4121/6250 local_rows=65936
2026-09-21T17:34:58.184176+00:00 rank=1 extract train batch=4141/6250 local_rows=66256
2026-09-21T17:35:00.812589+00:00 rank=1 extract train batch=4161/6250 local_rows=66576
2026-09-21T17:35:03.445079+00:00 rank=1 extract train batch=4181/6250 local_rows=66896
2026-09-21T17:35:06.072474+00:00 rank=1 extract train batch=4201/6250 local_rows=67216
2026-09-21T17:35:08.696817+00:00 rank=1 extract train batch=4221/6250 local_rows=67536
2026-09-21T17:35:11.330492+00:00 rank=1 extract train batch=4241/6250 local_rows=67856
2026-09-21T17:35:13.955806+00:00 rank=1 extract train batch=4261/6250 local_rows=68176
2026-09-21T17:35:16.578828+00:00 rank=1 extract train batch=4281/6250 local_rows=68496
2026-09-21T17:35:19.199933+00:00 rank=1 extract train batch=4301/6250 local_rows=68816
2026-09-21T17:35:21.822370+00:00 rank=1 extract train batch=4321/6250 local_rows=69136
2026-09-21T17:35:24.447999+00:00 rank=1 extract train batch=4341/6250 local_rows=69456
2026-09-21T17:35:27.067341+00:00 rank=1 extract train batch=4361/6250 local_rows=69776
2026-09-21T17:35:29.693086+00:00 rank=1 extract train batch=4381/6250 local_rows=70096
2026-09-21T17:35:32.332733+00:00 rank=1 extract train batch=4401/6250 local_rows=70416
2026-09-21T17:35:34.994218+00:00 rank=1 extract train batch=4421/6250 local_rows=70736
2026-09-21T17:35:37.662572+00:00 rank=1 extract train batch=4441/6250 local_rows=71056
2026-09-21T17:35:40.323715+00:00 rank=1 extract train batch=4461/6250 local_rows=71376
2026-09-21T17:35:42.982992+00:00 rank=1 extract train batch=4481/6250 local_rows=71696
2026-09-21T17:35:45.643611+00:00 rank=1 extract train batch=4501/6250 local_rows=72016
2026-09-21T17:35:48.301384+00:00 rank=1 extract train batch=4521/6250 local_rows=72336
2026-09-21T17:35:50.963467+00:00 rank=1 extract train batch=4541/6250 local_rows=72656
2026-09-21T17:35:53.629288+00:00 rank=1 extract train batch=4561/6250 local_rows=72976
2026-09-21T17:35:56.298969+00:00 rank=1 extract train batch=4581/6250 local_rows=73296
2026-09-21T17:35:58.968319+00:00 rank=1 extract train batch=4601/6250 local_rows=73616
2026-09-21T17:36:01.625465+00:00 rank=1 extract train batch=4621/6250 local_rows=73936
2026-09-21T17:36:04.287778+00:00 rank=1 extract train batch=4641/6250 local_rows=74256
2026-09-21T17:36:06.957598+00:00 rank=1 extract train batch=4661/6250 local_rows=74576
2026-09-21T17:36:09.622581+00:00 rank=1 extract train batch=4681/6250 local_rows=74896
2026-09-21T17:36:12.295306+00:00 rank=1 extract train batch=4701/6250 local_rows=75216
2026-09-21T17:36:14.961942+00:00 rank=1 extract train batch=4721/6250 local_rows=75536
2026-09-21T17:36:17.630586+00:00 rank=1 extract train batch=4741/6250 local_rows=75856
2026-09-21T17:36:20.305423+00:00 rank=1 extract train batch=4761/6250 local_rows=76176
2026-09-21T17:36:22.972640+00:00 rank=1 extract train batch=4781/6250 local_rows=76496
2026-09-21T17:36:25.641035+00:00 rank=1 extract train batch=4801/6250 local_rows=76816
2026-09-21T17:36:28.312944+00:00 rank=1 extract train batch=4821/6250 local_rows=77136
2026-09-21T17:36:30.981170+00:00 rank=1 extract train batch=4841/6250 local_rows=77456
2026-09-21T17:36:33.647718+00:00 rank=1 extract train batch=4861/6250 local_rows=77776
2026-09-21T17:36:36.308116+00:00 rank=1 extract train batch=4881/6250 local_rows=78096
2026-09-21T17:36:38.967734+00:00 rank=1 extract train batch=4901/6250 local_rows=78416
2026-09-21T17:36:41.626056+00:00 rank=1 extract train batch=4921/6250 local_rows=78736
2026-09-21T17:36:44.292689+00:00 rank=1 extract train batch=4941/6250 local_rows=79056
2026-09-21T17:36:46.950522+00:00 rank=1 extract train batch=4961/6250 local_rows=79376
2026-09-21T17:36:49.611022+00:00 rank=1 extract train batch=4981/6250 local_rows=79696
2026-09-21T17:36:52.274540+00:00 rank=1 extract train batch=5001/6250 local_rows=80016
2026-09-21T17:36:54.946534+00:00 rank=1 extract train batch=5021/6250 local_rows=80336
2026-09-21T17:36:57.628023+00:00 rank=1 extract train batch=5041/6250 local_rows=80656
2026-09-21T17:37:00.307853+00:00 rank=1 extract train batch=5061/6250 local_rows=80976
2026-09-21T17:37:02.988244+00:00 rank=1 extract train batch=5081/6250 local_rows=81296
2026-09-21T17:37:05.667176+00:00 rank=1 extract train batch=5101/6250 local_rows=81616
2026-09-21T17:37:08.482780+00:00 rank=1 extract train batch=5121/6250 local_rows=81936
2026-09-21T17:37:11.548555+00:00 rank=1 extract train batch=5141/6250 local_rows=82256
2026-09-21T17:37:14.856178+00:00 rank=1 extract train batch=5161/6250 local_rows=82576
2026-09-21T17:37:18.554606+00:00 rank=1 extract train batch=5181/6250 local_rows=82896
2026-09-21T17:37:23.152493+00:00 rank=1 extract train batch=5201/6250 local_rows=83216
2026-09-21T17:37:28.036657+00:00 rank=1 extract train batch=5221/6250 local_rows=83536
2026-09-21T17:37:32.889821+00:00 rank=1 extract train batch=5241/6250 local_rows=83856
2026-09-21T17:37:37.758362+00:00 rank=1 extract train batch=5261/6250 local_rows=84176
2026-09-21T17:37:42.616043+00:00 rank=1 extract train batch=5281/6250 local_rows=84496
2026-09-21T17:37:47.485035+00:00 rank=1 extract train batch=5301/6250 local_rows=84816
2026-09-21T17:37:52.345629+00:00 rank=1 extract train batch=5321/6250 local_rows=85136
2026-09-21T17:37:57.221927+00:00 rank=1 extract train batch=5341/6250 local_rows=85456
2026-09-21T17:38:02.087279+00:00 rank=1 extract train batch=5361/6250 local_rows=85776
2026-09-21T17:38:06.945536+00:00 rank=1 extract train batch=5381/6250 local_rows=86096
2026-09-21T17:38:11.795191+00:00 rank=1 extract train batch=5401/6250 local_rows=86416
2026-09-21T17:38:16.662738+00:00 rank=1 extract train batch=5421/6250 local_rows=86736
2026-09-21T17:38:21.517857+00:00 rank=1 extract train batch=5441/6250 local_rows=87056
2026-09-21T17:38:26.365474+00:00 rank=1 extract train batch=5461/6250 local_rows=87376
2026-09-21T17:38:31.227798+00:00 rank=1 extract train batch=5481/6250 local_rows=87696
2026-09-21T17:38:36.069022+00:00 rank=1 extract train batch=5501/6250 local_rows=88016
2026-09-21T17:38:40.930394+00:00 rank=1 extract train batch=5521/6250 local_rows=88336
2026-09-21T17:38:45.787031+00:00 rank=1 extract train batch=5541/6250 local_rows=88656
2026-09-21T17:38:50.639730+00:00 rank=1 extract train batch=5561/6250 local_rows=88976
2026-09-21T17:38:55.495665+00:00 rank=1 extract train batch=5581/6250 local_rows=89296
2026-09-21T17:39:00.341183+00:00 rank=1 extract train batch=5601/6250 local_rows=89616
2026-09-21T17:39:05.197794+00:00 rank=1 extract train batch=5621/6250 local_rows=89936
2026-09-21T17:39:10.054314+00:00 rank=1 extract train batch=5641/6250 local_rows=90256
2026-09-21T17:39:14.908237+00:00 rank=1 extract train batch=5661/6250 local_rows=90576
2026-09-21T17:39:19.764374+00:00 rank=1 extract train batch=5681/6250 local_rows=90896
2026-09-21T17:39:24.608443+00:00 rank=1 extract train batch=5701/6250 local_rows=91216
2026-09-21T17:39:29.441763+00:00 rank=1 extract train batch=5721/6250 local_rows=91536
2026-09-21T17:39:34.276458+00:00 rank=1 extract train batch=5741/6250 local_rows=91856
2026-09-21T17:39:39.119748+00:00 rank=1 extract train batch=5761/6250 local_rows=92176
2026-09-21T17:39:43.955867+00:00 rank=1 extract train batch=5781/6250 local_rows=92496
2026-09-21T17:39:48.792025+00:00 rank=1 extract train batch=5801/6250 local_rows=92816
2026-09-21T17:39:53.628189+00:00 rank=1 extract train batch=5821/6250 local_rows=93136
2026-09-21T17:39:58.469734+00:00 rank=1 extract train batch=5841/6250 local_rows=93456
2026-09-21T17:40:03.303845+00:00 rank=1 extract train batch=5861/6250 local_rows=93776
2026-09-21T17:40:08.140935+00:00 rank=1 extract train batch=5881/6250 local_rows=94096
2026-09-21T17:40:13.001125+00:00 rank=1 extract train batch=5901/6250 local_rows=94416
2026-09-21T17:40:17.862127+00:00 rank=1 extract train batch=5921/6250 local_rows=94736
2026-09-21T17:40:22.723996+00:00 rank=1 extract train batch=5941/6250 local_rows=95056
2026-09-21T17:40:27.576698+00:00 rank=1 extract train batch=5961/6250 local_rows=95376
2026-09-21T17:40:32.433202+00:00 rank=1 extract train batch=5981/6250 local_rows=95696
2026-09-21T17:40:37.275079+00:00 rank=1 extract train batch=6001/6250 local_rows=96016
2026-09-21T17:40:42.131951+00:00 rank=1 extract train batch=6021/6250 local_rows=96336
2026-09-21T17:40:47.122910+00:00 rank=1 extract train batch=6041/6250 local_rows=96656
2026-09-21T17:40:52.410323+00:00 rank=1 extract train batch=6061/6250 local_rows=96976
2026-09-21T17:40:57.768047+00:00 rank=1 extract train batch=6081/6250 local_rows=97296
2026-09-21T17:41:03.119674+00:00 rank=1 extract train batch=6101/6250 local_rows=97616
2026-09-21T17:41:08.481806+00:00 rank=1 extract train batch=6121/6250 local_rows=97936
2026-09-21T17:41:13.982792+00:00 rank=1 extract train batch=6141/6250 local_rows=98256
2026-09-21T17:41:19.629827+00:00 rank=1 extract train batch=6161/6250 local_rows=98576
2026-09-21T17:41:25.349622+00:00 rank=1 extract train batch=6181/6250 local_rows=98896
2026-09-21T17:41:31.966633+00:00 rank=1 extract train batch=6201/6250 local_rows=99216
2026-09-21T17:41:43.686940+00:00 rank=1 extract train batch=6221/6250 local_rows=99536
2026-09-21T17:41:55.492678+00:00 rank=1 extract train batch=6241/6250 local_rows=99856
2026-09-21T17:56:15.623277+00:00 rank=1 extract validation batch=1/625 local_rows=16
2026-09-21T17:56:17.309522+00:00 rank=1 extract validation batch=21/625 local_rows=336
2026-09-21T17:56:19.405697+00:00 rank=1 extract validation batch=41/625 local_rows=656
2026-09-21T17:56:21.649289+00:00 rank=1 extract validation batch=61/625 local_rows=976
2026-09-21T17:56:24.089750+00:00 rank=1 extract validation batch=81/625 local_rows=1296
2026-09-21T17:56:26.539173+00:00 rank=1 extract validation batch=101/625 local_rows=1616
2026-09-21T17:56:29.007000+00:00 rank=1 extract validation batch=121/625 local_rows=1936
2026-09-21T17:56:31.490082+00:00 rank=1 extract validation batch=141/625 local_rows=2256
2026-09-21T17:56:33.976980+00:00 rank=1 extract validation batch=161/625 local_rows=2576
2026-09-21T17:56:36.467067+00:00 rank=1 extract validation batch=181/625 local_rows=2896
2026-09-21T17:56:38.962594+00:00 rank=1 extract validation batch=201/625 local_rows=3216
2026-09-21T17:56:41.460445+00:00 rank=1 extract validation batch=221/625 local_rows=3536
2026-09-21T17:56:43.963579+00:00 rank=1 extract validation batch=241/625 local_rows=3856
2026-09-21T17:56:46.469668+00:00 rank=1 extract validation batch=261/625 local_rows=4176
2026-09-21T17:56:48.980224+00:00 rank=1 extract validation batch=281/625 local_rows=4496
2026-09-21T17:56:51.493355+00:00 rank=1 extract validation batch=301/625 local_rows=4816
2026-09-21T17:56:54.012478+00:00 rank=1 extract validation batch=321/625 local_rows=5136
2026-09-21T17:56:56.535973+00:00 rank=1 extract validation batch=341/625 local_rows=5456
2026-09-21T17:56:59.062153+00:00 rank=1 extract validation batch=361/625 local_rows=5776
2026-09-21T17:57:01.595597+00:00 rank=1 extract validation batch=381/625 local_rows=6096
2026-09-21T17:57:04.133027+00:00 rank=1 extract validation batch=401/625 local_rows=6416
2026-09-21T17:57:06.675171+00:00 rank=1 extract validation batch=421/625 local_rows=6736
2026-09-21T17:57:09.228062+00:00 rank=1 extract validation batch=441/625 local_rows=7056
2026-09-21T17:57:11.816180+00:00 rank=1 extract validation batch=461/625 local_rows=7376
2026-09-21T17:57:14.416269+00:00 rank=1 extract validation batch=481/625 local_rows=7696
2026-09-21T17:57:17.021031+00:00 rank=1 extract validation batch=501/625 local_rows=8016
2026-09-21T17:57:20.166342+00:00 rank=1 extract validation batch=521/625 local_rows=8336
2026-09-21T17:57:24.921401+00:00 rank=1 extract validation batch=541/625 local_rows=8656
2026-09-21T17:57:29.694219+00:00 rank=1 extract validation batch=561/625 local_rows=8976
2026-09-21T17:57:34.479186+00:00 rank=1 extract validation batch=581/625 local_rows=9296
2026-09-21T17:57:39.296138+00:00 rank=1 extract validation batch=601/625 local_rows=9616
2026-09-21T17:57:45.676241+00:00 rank=1 extract validation batch=621/625 local_rows=9936
2026-09-21T17:59:14.186053+00:00 rank=1 Finished mode=extract elapsed_seconds=2243.5
2026-09-21T17:59:47.633334+00:00 rank=1 Start mode=lora world=2 deadline=2026-09-22T04:37:56.557353+00:00
2026-09-21T18:02:48.475100+00:00 rank=1 LoRA trainable parameters=656641 training={'warm_start': 'Frozen-baseline trained linear head; LoRA adapters start from PEFT default initialization.', 'baseline_checkpoint': '/mnt/pxh/teeth/inovate/output/esm2_650m_frozen_best.pt', 'baseline_checkpoint_sha256': '96f464f20930d9558e24dfd4a88c7d7a9db6b36fa3cfb76bbd7d8de1a4ca2940', 'optimizer': 'AdamW', 'learning_rate': 0.0001, 'global_batch_size': 32, 'gradient_accumulation_steps': 1, 'per_device_batch_size': 16, 'world_size': 2, 'precision': 'fp32 parameters, bf16 autocast on CUDA', 'drop_last': True, 'initial_seed': 42}
2026-09-21T18:03:14.231676+00:00 rank=1 lora epoch=1/15 batch=20/6249 step=20 loss=0.400086 grad_norm=1.4145
2026-09-21T18:03:34.755459+00:00 rank=1 lora epoch=1/15 batch=40/6249 step=40 loss=0.697609 grad_norm=0.7465
2026-09-21T18:03:56.055504+00:00 rank=1 lora epoch=1/15 batch=60/6249 step=60 loss=0.701680 grad_norm=0.0427
2026-09-21T18:04:17.985634+00:00 rank=1 lora epoch=1/15 batch=80/6249 step=80 loss=0.691666 grad_norm=0.2398
2026-09-21T18:04:39.536702+00:00 rank=1 lora epoch=1/15 batch=100/6249 step=100 loss=0.621984 grad_norm=0.4108
2026-09-21T18:04:58.985313+00:00 rank=1 lora epoch=1/15 batch=120/6249 step=120 loss=0.577603 grad_norm=2.4748
2026-09-21T18:05:18.223714+00:00 rank=1 lora epoch=1/15 batch=140/6249 step=140 loss=0.684740 grad_norm=0.2551
2026-09-21T18:05:40.260057+00:00 rank=1 lora epoch=1/15 batch=160/6249 step=160 loss=0.157226 grad_norm=0.8886
2026-09-21T18:05:58.822991+00:00 rank=1 lora epoch=1/15 batch=180/6249 step=180 loss=0.310237 grad_norm=0.9093
2026-09-21T18:06:18.817486+00:00 rank=1 lora epoch=1/15 batch=200/6249 step=200 loss=0.670778 grad_norm=0.3612
2026-09-21T18:06:37.876604+00:00 rank=1 lora epoch=1/15 batch=220/6249 step=220 loss=0.688047 grad_norm=0.5740
2026-09-21T18:06:57.585018+00:00 rank=1 lora epoch=1/15 batch=240/6249 step=240 loss=0.734171 grad_norm=0.8263
2026-09-21T18:07:19.715250+00:00 rank=1 lora epoch=1/15 batch=260/6249 step=260 loss=0.061226 grad_norm=0.4475
2026-09-21T18:07:38.887471+00:00 rank=1 lora epoch=1/15 batch=280/6249 step=280 loss=0.328775 grad_norm=0.3946
2026-09-21T18:08:00.074029+00:00 rank=1 lora epoch=1/15 batch=300/6249 step=300 loss=0.665127 grad_norm=0.7004
2026-09-21T18:08:19.132100+00:00 rank=1 lora epoch=1/15 batch=320/6249 step=320 loss=0.652137 grad_norm=0.6135
2026-09-21T18:08:37.157008+00:00 rank=1 lora epoch=1/15 batch=340/6249 step=340 loss=0.668954 grad_norm=1.0195
2026-09-21T18:08:54.730590+00:00 rank=1 lora epoch=1/15 batch=360/6249 step=360 loss=0.670653 grad_norm=0.5425
2026-09-21T18:09:14.890030+00:00 rank=1 lora epoch=1/15 batch=380/6249 step=380 loss=0.646789 grad_norm=1.0474
2026-09-21T18:09:35.632945+00:00 rank=1 lora epoch=1/15 batch=400/6249 step=400 loss=0.770831 grad_norm=0.8830
2026-09-21T18:09:54.463325+00:00 rank=1 lora epoch=1/15 batch=420/6249 step=420 loss=0.664364 grad_norm=0.2467
2026-09-21T18:10:15.456413+00:00 rank=1 lora epoch=1/15 batch=440/6249 step=440 loss=0.896424 grad_norm=2.7936
2026-09-21T18:10:35.431480+00:00 rank=1 lora epoch=1/15 batch=460/6249 step=460 loss=0.652150 grad_norm=0.8164
2026-09-21T18:10:53.025164+00:00 rank=1 lora epoch=1/15 batch=480/6249 step=480 loss=0.672309 grad_norm=0.5807
2026-09-21T18:11:13.255099+00:00 rank=1 lora epoch=1/15 batch=500/6249 step=500 loss=0.582268 grad_norm=0.8673
2026-09-21T18:11:35.058177+00:00 rank=1 lora epoch=1/15 batch=520/6249 step=520 loss=0.035400 grad_norm=0.2418
2026-09-21T18:11:53.874519+00:00 rank=1 lora epoch=1/15 batch=540/6249 step=540 loss=0.646805 grad_norm=0.5362
2026-09-21T18:12:16.584912+00:00 rank=1 lora epoch=1/15 batch=560/6249 step=560 loss=0.626863 grad_norm=0.3939
2026-09-21T18:12:35.401750+00:00 rank=1 lora epoch=1/15 batch=580/6249 step=580 loss=0.669113 grad_norm=0.9883
2026-09-21T18:12:53.802646+00:00 rank=1 lora epoch=1/15 batch=600/6249 step=600 loss=0.710975 grad_norm=0.1880
2026-09-21T18:13:11.606450+00:00 rank=1 lora epoch=1/15 batch=620/6249 step=620 loss=0.719754 grad_norm=0.4772
2026-09-21T18:13:29.867556+00:00 rank=1 lora epoch=1/15 batch=640/6249 step=640 loss=0.369681 grad_norm=0.5928
2026-09-21T18:13:50.951772+00:00 rank=1 lora epoch=1/15 batch=660/6249 step=660 loss=0.619338 grad_norm=0.4688
2026-09-21T18:14:10.857893+00:00 rank=1 lora epoch=1/15 batch=680/6249 step=680 loss=0.016260 grad_norm=0.1397
2026-09-21T18:14:31.192658+00:00 rank=1 lora epoch=1/15 batch=700/6249 step=700 loss=0.765090 grad_norm=0.9314
2026-09-21T18:14:50.424136+00:00 rank=1 lora epoch=1/15 batch=720/6249 step=720 loss=0.765174 grad_norm=1.7130
2026-09-21T18:15:09.935454+00:00 rank=1 lora epoch=1/15 batch=740/6249 step=740 loss=0.646228 grad_norm=0.2226
2026-09-21T18:15:27.515319+00:00 rank=1 lora epoch=1/15 batch=760/6249 step=760 loss=0.721998 grad_norm=0.6635
2026-09-21T18:15:47.482738+00:00 rank=1 lora epoch=1/15 batch=780/6249 step=780 loss=0.696887 grad_norm=0.6472
2026-09-21T18:16:10.488330+00:00 rank=1 lora epoch=1/15 batch=800/6249 step=800 loss=0.015858 grad_norm=0.1367
2026-09-21T18:16:30.116605+00:00 rank=1 lora epoch=1/15 batch=820/6249 step=820 loss=0.642198 grad_norm=0.3859
2026-09-21T18:16:51.000640+00:00 rank=1 lora epoch=1/15 batch=840/6249 step=840 loss=0.666658 grad_norm=0.4825
2026-09-21T18:17:12.091995+00:00 rank=1 lora epoch=1/15 batch=860/6249 step=860 loss=0.664911 grad_norm=0.4038
2026-09-21T18:17:32.036755+00:00 rank=1 lora epoch=1/15 batch=880/6249 step=880 loss=0.015474 grad_norm=0.2740
2026-09-21T18:17:54.543177+00:00 rank=1 lora epoch=1/15 batch=900/6249 step=900 loss=0.856170 grad_norm=0.7849
2026-09-21T18:18:14.485542+00:00 rank=1 lora epoch=1/15 batch=920/6249 step=920 loss=0.687916 grad_norm=0.8070
2026-09-21T18:18:33.296551+00:00 rank=1 lora epoch=1/15 batch=940/6249 step=940 loss=0.675530 grad_norm=0.2661
2026-09-21T18:18:52.799406+00:00 rank=1 lora epoch=1/15 batch=960/6249 step=960 loss=0.493026 grad_norm=0.3512
2026-09-21T18:19:10.767769+00:00 rank=1 lora epoch=1/15 batch=980/6249 step=980 loss=0.211298 grad_norm=0.5275
2026-09-21T18:19:30.063951+00:00 rank=1 lora epoch=1/15 batch=1000/6249 step=1000 loss=0.224284 grad_norm=0.2178
2026-09-21T18:19:51.145557+00:00 rank=1 lora epoch=1/15 batch=1020/6249 step=1020 loss=0.795234 grad_norm=1.7528
2026-09-21T18:20:09.457751+00:00 rank=1 lora epoch=1/15 batch=1040/6249 step=1040 loss=0.686800 grad_norm=0.5028
2026-09-21T18:20:27.289374+00:00 rank=1 lora epoch=1/15 batch=1060/6249 step=1060 loss=0.568252 grad_norm=0.6453
2026-09-21T18:20:50.341437+00:00 rank=1 lora epoch=1/15 batch=1080/6249 step=1080 loss=0.644795 grad_norm=0.3251
2026-09-21T18:21:09.194619+00:00 rank=1 lora epoch=1/15 batch=1100/6249 step=1100 loss=0.599964 grad_norm=0.4182
2026-09-21T18:21:27.036606+00:00 rank=1 lora epoch=1/15 batch=1120/6249 step=1120 loss=0.007504 grad_norm=0.0740
2026-09-21T18:21:47.337578+00:00 rank=1 lora epoch=1/15 batch=1140/6249 step=1140 loss=0.617207 grad_norm=0.5127
2026-09-21T18:22:06.482293+00:00 rank=1 lora epoch=1/15 batch=1160/6249 step=1160 loss=0.673462 grad_norm=0.2749
2026-09-21T18:22:26.686126+00:00 rank=1 lora epoch=1/15 batch=1180/6249 step=1180 loss=0.684313 grad_norm=1.0750
2026-09-21T18:22:44.343058+00:00 rank=1 lora epoch=1/15 batch=1200/6249 step=1200 loss=0.651167 grad_norm=0.6748
2026-09-21T18:23:04.088871+00:00 rank=1 lora epoch=1/15 batch=1220/6249 step=1220 loss=0.645251 grad_norm=1.3307
2026-09-21T18:23:24.437739+00:00 rank=1 lora epoch=1/15 batch=1240/6249 step=1240 loss=0.284506 grad_norm=0.3582
2026-09-21T18:23:43.718365+00:00 rank=1 lora epoch=1/15 batch=1260/6249 step=1260 loss=0.719790 grad_norm=0.3983
2026-09-21T18:24:05.004073+00:00 rank=1 lora epoch=1/15 batch=1280/6249 step=1280 loss=0.006706 grad_norm=0.0692
2026-09-21T18:24:23.997349+00:00 rank=1 lora epoch=1/15 batch=1300/6249 step=1300 loss=0.653382 grad_norm=0.3762
2026-09-21T18:24:42.160971+00:00 rank=1 lora epoch=1/15 batch=1320/6249 step=1320 loss=0.732964 grad_norm=1.2797
2026-09-21T18:25:02.329024+00:00 rank=1 lora epoch=1/15 batch=1340/6249 step=1340 loss=0.675056 grad_norm=0.2165
2026-09-21T18:25:21.909777+00:00 rank=1 lora epoch=1/15 batch=1360/6249 step=1360 loss=0.692558 grad_norm=0.8457
2026-09-21T18:25:41.824275+00:00 rank=1 lora epoch=1/15 batch=1380/6249 step=1380 loss=0.006476 grad_norm=0.5380
2026-09-21T18:26:00.338985+00:00 rank=1 lora epoch=1/15 batch=1400/6249 step=1400 loss=0.006892 grad_norm=0.0781
2026-09-21T18:26:20.946293+00:00 rank=1 lora epoch=1/15 batch=1420/6249 step=1420 loss=0.708777 grad_norm=0.2964
2026-09-21T18:26:42.793144+00:00 rank=1 lora epoch=1/15 batch=1440/6249 step=1440 loss=0.610336 grad_norm=0.9647
2026-09-21T18:27:01.950277+00:00 rank=1 lora epoch=1/15 batch=1460/6249 step=1460 loss=0.820033 grad_norm=0.9914
2026-09-21T18:27:20.841157+00:00 rank=1 lora epoch=1/15 batch=1480/6249 step=1480 loss=0.676074 grad_norm=0.4855
2026-09-21T18:27:39.405124+00:00 rank=1 lora epoch=1/15 batch=1500/6249 step=1500 loss=0.005400 grad_norm=0.0551
2026-09-21T18:27:58.077179+00:00 rank=1 lora epoch=1/15 batch=1520/6249 step=1520 loss=0.272229 grad_norm=0.5620
2026-09-21T18:28:18.091751+00:00 rank=1 lora epoch=1/15 batch=1540/6249 step=1540 loss=0.721969 grad_norm=1.3235
2026-09-21T18:28:38.694316+00:00 rank=1 lora epoch=1/15 batch=1560/6249 step=1560 loss=0.648102 grad_norm=0.4260
2026-09-21T18:28:58.297387+00:00 rank=1 lora epoch=1/15 batch=1580/6249 step=1580 loss=0.493512 grad_norm=0.6182
2026-09-21T18:29:16.424194+00:00 rank=1 lora epoch=1/15 batch=1600/6249 step=1600 loss=0.380692 grad_norm=0.7876
2026-09-21T18:29:35.881011+00:00 rank=1 lora epoch=1/15 batch=1620/6249 step=1620 loss=0.680583 grad_norm=0.3217
2026-09-21T18:29:57.476819+00:00 rank=1 lora epoch=1/15 batch=1640/6249 step=1640 loss=0.004570 grad_norm=0.0476
2026-09-21T18:30:16.211280+00:00 rank=1 lora epoch=1/15 batch=1660/6249 step=1660 loss=0.004430 grad_norm=0.0426
2026-09-21T18:30:33.929067+00:00 rank=1 lora epoch=1/15 batch=1680/6249 step=1680 loss=0.003986 grad_norm=0.0363
2026-09-21T18:30:52.347364+00:00 rank=1 lora epoch=1/15 batch=1700/6249 step=1700 loss=0.255199 grad_norm=0.4793
2026-09-21T18:31:12.487013+00:00 rank=1 lora epoch=1/15 batch=1720/6249 step=1720 loss=0.020412 grad_norm=0.1516
2026-09-21T18:31:31.992308+00:00 rank=1 lora epoch=1/15 batch=1740/6249 step=1740 loss=0.612885 grad_norm=0.7849
2026-09-21T18:31:50.852765+00:00 rank=1 lora epoch=1/15 batch=1760/6249 step=1760 loss=0.642113 grad_norm=0.8219
2026-09-21T18:32:09.761736+00:00 rank=1 lora epoch=1/15 batch=1780/6249 step=1780 loss=0.691013 grad_norm=0.9226
2026-09-21T18:32:28.078182+00:00 rank=1 lora epoch=1/15 batch=1800/6249 step=1800 loss=0.005666 grad_norm=0.1178
2026-09-21T18:32:45.510338+00:00 rank=1 lora epoch=1/15 batch=1820/6249 step=1820 loss=0.544666 grad_norm=0.3249
2026-09-21T18:33:10.624739+00:00 rank=1 lora epoch=1/15 batch=1840/6249 step=1840 loss=0.004427 grad_norm=0.0489
2026-09-21T18:33:29.897137+00:00 rank=1 lora epoch=1/15 batch=1860/6249 step=1860 loss=0.006080 grad_norm=0.1167
2026-09-21T18:33:46.922528+00:00 rank=1 lora epoch=1/15 batch=1880/6249 step=1880 loss=0.733220 grad_norm=0.6809
2026-09-21T18:34:08.297026+00:00 rank=1 lora epoch=1/15 batch=1900/6249 step=1900 loss=0.009948 grad_norm=0.1100
2026-09-21T18:34:27.450299+00:00 rank=1 lora epoch=1/15 batch=1920/6249 step=1920 loss=0.003647 grad_norm=0.3317
2026-09-21T18:34:50.083537+00:00 rank=1 lora epoch=1/15 batch=1940/6249 step=1940 loss=0.005904 grad_norm=0.0695
2026-09-21T18:35:11.754042+00:00 rank=1 lora epoch=1/15 batch=1960/6249 step=1960 loss=0.561313 grad_norm=0.8063
2026-09-21T18:35:28.781146+00:00 rank=1 lora epoch=1/15 batch=1980/6249 step=1980 loss=0.633612 grad_norm=0.3546
2026-09-21T18:35:46.303204+00:00 rank=1 lora epoch=1/15 batch=2000/6249 step=2000 loss=0.698889 grad_norm=1.6362
2026-09-21T18:38:53.757896+00:00 rank=1 interval validation step=2000 metrics={'n': 20000, 'positive_fraction': 0.4633, 'mcc': 0.44740361516697136, 'f1': 0.7193905678344109, 'spearman_probability_label': 0.5790435354580915, 'threshold': 0.5}
2026-09-21T18:39:12.170890+00:00 rank=1 lora epoch=1/15 batch=2020/6249 step=2020 loss=0.680873 grad_norm=0.4878
2026-09-21T18:39:32.089427+00:00 rank=1 lora epoch=1/15 batch=2040/6249 step=2040 loss=0.668938 grad_norm=0.4761
2026-09-21T18:39:52.654671+00:00 rank=1 lora epoch=1/15 batch=2060/6249 step=2060 loss=0.275107 grad_norm=0.1778
2026-09-21T18:40:11.743389+00:00 rank=1 lora epoch=1/15 batch=2080/6249 step=2080 loss=0.674896 grad_norm=0.7445
2026-09-21T18:40:30.222307+00:00 rank=1 lora epoch=1/15 batch=2100/6249 step=2100 loss=0.713747 grad_norm=0.4610
2026-09-21T18:40:47.950800+00:00 rank=1 lora epoch=1/15 batch=2120/6249 step=2120 loss=0.004861 grad_norm=0.1273
2026-09-21T18:41:09.265651+00:00 rank=1 lora epoch=1/15 batch=2140/6249 step=2140 loss=0.701752 grad_norm=1.4620
2026-09-21T18:41:29.276086+00:00 rank=1 lora epoch=1/15 batch=2160/6249 step=2160 loss=0.003305 grad_norm=0.0284
2026-09-21T18:41:46.470715+00:00 rank=1 lora epoch=1/15 batch=2180/6249 step=2180 loss=0.729219 grad_norm=0.5179
2026-09-21T18:42:05.634128+00:00 rank=1 lora epoch=1/15 batch=2200/6249 step=2200 loss=0.624045 grad_norm=0.7933
2026-09-21T18:42:24.978358+00:00 rank=1 lora epoch=1/15 batch=2220/6249 step=2220 loss=0.598630 grad_norm=1.1873
2026-09-21T18:42:44.034983+00:00 rank=1 lora epoch=1/15 batch=2240/6249 step=2240 loss=0.002722 grad_norm=0.0263
2026-09-21T18:43:06.130845+00:00 rank=1 lora epoch=1/15 batch=2260/6249 step=2260 loss=0.353164 grad_norm=1.0502
2026-09-21T18:43:30.489674+00:00 rank=1 lora epoch=1/15 batch=2280/6249 step=2280 loss=0.721788 grad_norm=0.7231
2026-09-21T18:43:49.019231+00:00 rank=1 lora epoch=1/15 batch=2300/6249 step=2300 loss=0.003639 grad_norm=0.0425
2026-09-21T18:44:10.403243+00:00 rank=1 lora epoch=1/15 batch=2320/6249 step=2320 loss=0.003134 grad_norm=0.0391
2026-09-21T18:44:31.336198+00:00 rank=1 lora epoch=1/15 batch=2340/6249 step=2340 loss=0.671980 grad_norm=1.1107
2026-09-21T18:44:50.124044+00:00 rank=1 lora epoch=1/15 batch=2360/6249 step=2360 loss=0.674911 grad_norm=0.4255
2026-09-21T18:45:09.799704+00:00 rank=1 lora epoch=1/15 batch=2380/6249 step=2380 loss=0.492829 grad_norm=1.7693
2026-09-21T18:45:27.253751+00:00 rank=1 lora epoch=1/15 batch=2400/6249 step=2400 loss=0.002408 grad_norm=0.0235
2026-09-21T18:45:45.168578+00:00 rank=1 lora epoch=1/15 batch=2420/6249 step=2420 loss=0.003604 grad_norm=0.0715
2026-09-21T18:46:04.482938+00:00 rank=1 lora epoch=1/15 batch=2440/6249 step=2440 loss=0.003011 grad_norm=0.0363
2026-09-21T18:46:22.700138+00:00 rank=1 lora epoch=1/15 batch=2460/6249 step=2460 loss=0.578574 grad_norm=1.0392
2026-09-21T18:46:43.530344+00:00 rank=1 lora epoch=1/15 batch=2480/6249 step=2480 loss=0.149591 grad_norm=0.6086
2026-09-21T18:47:02.973704+00:00 rank=1 lora epoch=1/15 batch=2500/6249 step=2500 loss=0.641645 grad_norm=0.3063
2026-09-21T18:47:22.749410+00:00 rank=1 lora epoch=1/15 batch=2520/6249 step=2520 loss=0.002833 grad_norm=0.0375
2026-09-21T18:47:41.329831+00:00 rank=1 lora epoch=1/15 batch=2540/6249 step=2540 loss=0.683854 grad_norm=0.5735
2026-09-21T18:48:00.125758+00:00 rank=1 lora epoch=1/15 batch=2560/6249 step=2560 loss=0.254172 grad_norm=0.6701
2026-09-21T18:48:17.510485+00:00 rank=1 lora epoch=1/15 batch=2580/6249 step=2580 loss=0.003911 grad_norm=0.0377
2026-09-21T18:48:36.005133+00:00 rank=1 lora epoch=1/15 batch=2600/6249 step=2600 loss=0.002085 grad_norm=0.0204
2026-09-21T18:48:57.626063+00:00 rank=1 lora epoch=1/15 batch=2620/6249 step=2620 loss=0.690831 grad_norm=0.9428
2026-09-21T18:49:16.040911+00:00 rank=1 lora epoch=1/15 batch=2640/6249 step=2640 loss=0.003674 grad_norm=0.0556
2026-09-21T18:49:37.422454+00:00 rank=1 lora epoch=1/15 batch=2660/6249 step=2660 loss=0.816887 grad_norm=3.3466
2026-09-21T18:49:56.112551+00:00 rank=1 lora epoch=1/15 batch=2680/6249 step=2680 loss=0.663831 grad_norm=0.6099
2026-09-21T18:50:13.921309+00:00 rank=1 lora epoch=1/15 batch=2700/6249 step=2700 loss=0.645952 grad_norm=0.3468
2026-09-21T18:50:32.719357+00:00 rank=1 lora epoch=1/15 batch=2720/6249 step=2720 loss=0.740265 grad_norm=0.4504
2026-09-21T18:50:52.936606+00:00 rank=1 lora epoch=1/15 batch=2740/6249 step=2740 loss=0.257205 grad_norm=0.3308
2026-09-21T18:51:13.959902+00:00 rank=1 lora epoch=1/15 batch=2760/6249 step=2760 loss=0.702944 grad_norm=0.3486
2026-09-21T18:51:33.702549+00:00 rank=1 lora epoch=1/15 batch=2780/6249 step=2780 loss=0.648957 grad_norm=0.2720
2026-09-21T18:51:54.365204+00:00 rank=1 lora epoch=1/15 batch=2800/6249 step=2800 loss=0.644658 grad_norm=0.8025
2026-09-21T18:52:15.143096+00:00 rank=1 lora epoch=1/15 batch=2820/6249 step=2820 loss=0.645612 grad_norm=0.9005
2026-09-21T18:52:36.359610+00:00 rank=1 lora epoch=1/15 batch=2840/6249 step=2840 loss=0.629605 grad_norm=1.6453
2026-09-21T18:52:57.659967+00:00 rank=1 lora epoch=1/15 batch=2860/6249 step=2860 loss=0.561429 grad_norm=1.4551
2026-09-21T18:53:18.546634+00:00 rank=1 lora epoch=1/15 batch=2880/6249 step=2880 loss=0.003268 grad_norm=0.0566
2026-09-21T18:53:38.376705+00:00 rank=1 lora epoch=1/15 batch=2900/6249 step=2900 loss=0.002688 grad_norm=0.2257
2026-09-21T18:53:57.216659+00:00 rank=1 lora epoch=1/15 batch=2920/6249 step=2920 loss=0.613409 grad_norm=0.4410
2026-09-21T18:54:17.085317+00:00 rank=1 lora epoch=1/15 batch=2940/6249 step=2940 loss=0.002139 grad_norm=0.1626
2026-09-21T18:54:34.994881+00:00 rank=1 lora epoch=1/15 batch=2960/6249 step=2960 loss=0.675770 grad_norm=0.6695
2026-09-21T18:54:52.444414+00:00 rank=1 lora epoch=1/15 batch=2980/6249 step=2980 loss=0.457803 grad_norm=0.4404
2026-09-21T18:55:11.825840+00:00 rank=1 lora epoch=1/15 batch=3000/6249 step=3000 loss=0.597560 grad_norm=0.5159
2026-09-21T18:55:30.741174+00:00 rank=1 lora epoch=1/15 batch=3020/6249 step=3020 loss=0.713992 grad_norm=1.1555
2026-09-21T18:55:51.990113+00:00 rank=1 lora epoch=1/15 batch=3040/6249 step=3040 loss=0.684808 grad_norm=0.5962
2026-09-21T18:56:09.737711+00:00 rank=1 lora epoch=1/15 batch=3060/6249 step=3060 loss=0.608852 grad_norm=1.1446
2026-09-21T18:56:28.983502+00:00 rank=1 lora epoch=1/15 batch=3080/6249 step=3080 loss=0.001900 grad_norm=0.0192
2026-09-21T18:56:49.389504+00:00 rank=1 lora epoch=1/15 batch=3100/6249 step=3100 loss=0.002640 grad_norm=0.0329
2026-09-21T18:57:10.648926+00:00 rank=1 lora epoch=1/15 batch=3120/6249 step=3120 loss=0.711606 grad_norm=0.2841
2026-09-21T18:57:29.425094+00:00 rank=1 lora epoch=1/15 batch=3140/6249 step=3140 loss=0.002154 grad_norm=0.0270
2026-09-21T18:57:48.750987+00:00 rank=1 lora epoch=1/15 batch=3160/6249 step=3160 loss=0.570531 grad_norm=0.5927
2026-09-21T18:58:07.787584+00:00 rank=1 lora epoch=1/15 batch=3180/6249 step=3180 loss=0.870076 grad_norm=2.3478
2026-09-21T18:58:24.341159+00:00 rank=1 lora epoch=1/15 batch=3200/6249 step=3200 loss=0.003785 grad_norm=3.9969
2026-09-21T18:58:43.439641+00:00 rank=1 lora epoch=1/15 batch=3220/6249 step=3220 loss=0.680098 grad_norm=0.8628
2026-09-21T18:59:03.057637+00:00 rank=1 lora epoch=1/15 batch=3240/6249 step=3240 loss=0.647158 grad_norm=0.8904
2026-09-21T18:59:24.069047+00:00 rank=1 lora epoch=1/15 batch=3260/6249 step=3260 loss=0.625835 grad_norm=0.5421
2026-09-21T18:59:40.844640+00:00 rank=1 lora epoch=1/15 batch=3280/6249 step=3280 loss=0.844261 grad_norm=0.7043
2026-09-21T18:59:58.291780+00:00 rank=1 lora epoch=1/15 batch=3300/6249 step=3300 loss=0.155742 grad_norm=0.7718
2026-09-21T19:00:18.877831+00:00 rank=1 lora epoch=1/15 batch=3320/6249 step=3320 loss=0.726414 grad_norm=0.7474
2026-09-21T19:00:40.054230+00:00 rank=1 lora epoch=1/15 batch=3340/6249 step=3340 loss=0.712370 grad_norm=0.9809
2026-09-21T19:01:02.183356+00:00 rank=1 lora epoch=1/15 batch=3360/6249 step=3360 loss=0.584001 grad_norm=1.9019
2026-09-21T19:01:22.557068+00:00 rank=1 lora epoch=1/15 batch=3380/6249 step=3380 loss=0.002107 grad_norm=0.0315
2026-09-21T19:01:42.299213+00:00 rank=1 lora epoch=1/15 batch=3400/6249 step=3400 loss=0.001423 grad_norm=0.0142
2026-09-21T19:02:03.535994+00:00 rank=1 lora epoch=1/15 batch=3420/6249 step=3420 loss=0.002850 grad_norm=0.0311
2026-09-21T19:02:22.455206+00:00 rank=1 lora epoch=1/15 batch=3440/6249 step=3440 loss=0.394646 grad_norm=0.5153
2026-09-21T19:02:43.355277+00:00 rank=1 lora epoch=1/15 batch=3460/6249 step=3460 loss=0.695137 grad_norm=0.5499
2026-09-21T19:03:01.963227+00:00 rank=1 lora epoch=1/15 batch=3480/6249 step=3480 loss=0.002819 grad_norm=0.0384
2026-09-21T19:03:19.957360+00:00 rank=1 lora epoch=1/15 batch=3500/6249 step=3500 loss=0.050617 grad_norm=0.3958
2026-09-21T19:03:38.837737+00:00 rank=1 lora epoch=1/15 batch=3520/6249 step=3520 loss=0.637130 grad_norm=0.3045
2026-09-21T19:03:59.602441+00:00 rank=1 lora epoch=1/15 batch=3540/6249 step=3540 loss=0.491485 grad_norm=1.1872
2026-09-21T19:04:18.917456+00:00 rank=1 lora epoch=1/15 batch=3560/6249 step=3560 loss=0.682844 grad_norm=0.7166
2026-09-21T19:04:40.232366+00:00 rank=1 lora epoch=1/15 batch=3580/6249 step=3580 loss=0.731474 grad_norm=1.0800
2026-09-21T19:04:57.947158+00:00 rank=1 lora epoch=1/15 batch=3600/6249 step=3600 loss=0.623938 grad_norm=0.4831
2026-09-21T19:05:17.858511+00:00 rank=1 lora epoch=1/15 batch=3620/6249 step=3620 loss=0.705787 grad_norm=0.5731
2026-09-21T19:05:37.524895+00:00 rank=1 lora epoch=1/15 batch=3640/6249 step=3640 loss=0.656272 grad_norm=0.6074
2026-09-21T19:06:04.893871+00:00 rank=1 lora epoch=1/15 batch=3660/6249 step=3660 loss=0.607481 grad_norm=0.9114
2026-09-21T19:06:23.552226+00:00 rank=1 lora epoch=1/15 batch=3680/6249 step=3680 loss=0.660763 grad_norm=0.5612
2026-09-21T19:06:42.384259+00:00 rank=1 lora epoch=1/15 batch=3700/6249 step=3700 loss=0.742903 grad_norm=1.8474
2026-09-21T19:07:00.595175+00:00 rank=1 lora epoch=1/15 batch=3720/6249 step=3720 loss=0.715914 grad_norm=0.7193
2026-09-21T19:07:20.994972+00:00 rank=1 lora epoch=1/15 batch=3740/6249 step=3740 loss=0.001741 grad_norm=0.0317
2026-09-21T19:07:39.933567+00:00 rank=1 lora epoch=1/15 batch=3760/6249 step=3760 loss=0.659851 grad_norm=0.2938
2026-09-21T19:08:00.254383+00:00 rank=1 lora epoch=1/15 batch=3780/6249 step=3780 loss=0.398706 grad_norm=0.2162
2026-09-21T19:08:18.722575+00:00 rank=1 lora epoch=1/15 batch=3800/6249 step=3800 loss=0.001528 grad_norm=0.0159
2026-09-21T19:08:39.377652+00:00 rank=1 lora epoch=1/15 batch=3820/6249 step=3820 loss=0.615309 grad_norm=0.2602
2026-09-21T19:08:58.384973+00:00 rank=1 lora epoch=1/15 batch=3840/6249 step=3840 loss=0.670537 grad_norm=0.6806
2026-09-21T19:09:16.865806+00:00 rank=1 lora epoch=1/15 batch=3860/6249 step=3860 loss=0.520881 grad_norm=0.7288
2026-09-21T19:09:38.962781+00:00 rank=1 lora epoch=1/15 batch=3880/6249 step=3880 loss=0.001381 grad_norm=0.0139
2026-09-21T19:10:00.009588+00:00 rank=1 lora epoch=1/15 batch=3900/6249 step=3900 loss=0.473693 grad_norm=0.9077
2026-09-21T19:10:19.923840+00:00 rank=1 lora epoch=1/15 batch=3920/6249 step=3920 loss=0.518594 grad_norm=0.4651
2026-09-21T19:10:38.061770+00:00 rank=1 lora epoch=1/15 batch=3940/6249 step=3940 loss=0.651902 grad_norm=0.3382
2026-09-21T19:10:57.075749+00:00 rank=1 lora epoch=1/15 batch=3960/6249 step=3960 loss=0.002160 grad_norm=0.0480
2026-09-21T19:11:14.707140+00:00 rank=1 lora epoch=1/15 batch=3980/6249 step=3980 loss=0.619365 grad_norm=0.6020
2026-09-21T19:11:32.004863+00:00 rank=1 lora epoch=1/15 batch=4000/6249 step=4000 loss=0.669092 grad_norm=0.7320
2026-09-21T19:14:39.881582+00:00 rank=1 interval validation step=4000 metrics={'n': 20000, 'positive_fraction': 0.4633, 'mcc': 0.44703982806622267, 'f1': 0.7208933002481389, 'spearman_probability_label': 0.5812261315117974, 'threshold': 0.5}
2026-09-21T19:14:58.788412+00:00 rank=1 lora epoch=1/15 batch=4020/6249 step=4020 loss=0.600664 grad_norm=1.5858
2026-09-21T19:15:18.983245+00:00 rank=1 lora epoch=1/15 batch=4040/6249 step=4040 loss=0.680287 grad_norm=0.2410
2026-09-21T19:15:37.693731+00:00 rank=1 lora epoch=1/15 batch=4060/6249 step=4060 loss=0.729513 grad_norm=1.1997
2026-09-21T19:15:56.434019+00:00 rank=1 lora epoch=1/15 batch=4080/6249 step=4080 loss=0.001356 grad_norm=0.0192
2026-09-21T19:16:14.625576+00:00 rank=1 lora epoch=1/15 batch=4100/6249 step=4100 loss=0.611446 grad_norm=0.5084
2026-09-21T19:16:37.698555+00:00 rank=1 lora epoch=1/15 batch=4120/6249 step=4120 loss=0.425922 grad_norm=0.5228
2026-09-21T19:16:57.977532+00:00 rank=1 lora epoch=1/15 batch=4140/6249 step=4140 loss=0.691372 grad_norm=1.0734
2026-09-21T19:17:20.385771+00:00 rank=1 lora epoch=1/15 batch=4160/6249 step=4160 loss=0.654523 grad_norm=0.3790
2026-09-21T19:17:41.189188+00:00 rank=1 lora epoch=1/15 batch=4180/6249 step=4180 loss=0.675094 grad_norm=0.8932
2026-09-21T19:18:00.320565+00:00 rank=1 lora epoch=1/15 batch=4200/6249 step=4200 loss=0.637838 grad_norm=0.5190
2026-09-21T19:18:20.953990+00:00 rank=1 lora epoch=1/15 batch=4220/6249 step=4220 loss=0.093925 grad_norm=0.8325
2026-09-21T19:18:44.214222+00:00 rank=1 lora epoch=1/15 batch=4240/6249 step=4240 loss=0.001406 grad_norm=0.0155
2026-09-21T19:19:05.575618+00:00 rank=1 lora epoch=1/15 batch=4260/6249 step=4260 loss=0.002165 grad_norm=0.0193
2026-09-21T19:19:27.596503+00:00 rank=1 lora epoch=1/15 batch=4280/6249 step=4280 loss=0.001789 grad_norm=0.0354
2026-09-21T19:19:47.197391+00:00 rank=1 lora epoch=1/15 batch=4300/6249 step=4300 loss=0.714876 grad_norm=0.9894
2026-09-21T19:20:06.672762+00:00 rank=1 lora epoch=1/15 batch=4320/6249 step=4320 loss=0.567584 grad_norm=0.6066
2026-09-21T19:20:30.767136+00:00 rank=1 lora epoch=1/15 batch=4340/6249 step=4340 loss=0.001782 grad_norm=0.0247
2026-09-21T19:20:52.268230+00:00 rank=1 lora epoch=1/15 batch=4360/6249 step=4360 loss=0.711124 grad_norm=1.0643
2026-09-21T19:21:15.105123+00:00 rank=1 lora epoch=1/15 batch=4380/6249 step=4380 loss=0.001151 grad_norm=0.0128
2026-09-21T19:21:33.829656+00:00 rank=1 lora epoch=1/15 batch=4400/6249 step=4400 loss=0.730211 grad_norm=1.3961
2026-09-21T19:21:54.248716+00:00 rank=1 lora epoch=1/15 batch=4420/6249 step=4420 loss=0.604965 grad_norm=0.8674
2026-09-21T19:22:14.845854+00:00 rank=1 lora epoch=1/15 batch=4440/6249 step=4440 loss=0.490030 grad_norm=0.3884
2026-09-21T19:22:33.268738+00:00 rank=1 lora epoch=1/15 batch=4460/6249 step=4460 loss=0.576027 grad_norm=0.7622
2026-09-21T19:22:53.637755+00:00 rank=1 lora epoch=1/15 batch=4480/6249 step=4480 loss=0.703059 grad_norm=0.8549
2026-09-21T19:23:12.435319+00:00 rank=1 lora epoch=1/15 batch=4500/6249 step=4500 loss=0.001107 grad_norm=0.0132
2026-09-21T19:23:29.978384+00:00 rank=1 lora epoch=1/15 batch=4520/6249 step=4520 loss=0.597441 grad_norm=0.4881
2026-09-21T19:23:52.737113+00:00 rank=1 lora epoch=1/15 batch=4540/6249 step=4540 loss=0.001285 grad_norm=0.0171
2026-09-21T19:24:11.243257+00:00 rank=1 lora epoch=1/15 batch=4560/6249 step=4560 loss=0.596784 grad_norm=0.5087
2026-09-21T19:24:29.325155+00:00 rank=1 lora epoch=1/15 batch=4580/6249 step=4580 loss=0.643826 grad_norm=0.3434
2026-09-21T19:24:46.566796+00:00 rank=1 lora epoch=1/15 batch=4600/6249 step=4600 loss=0.896146 grad_norm=1.9383
2026-09-21T19:25:06.148297+00:00 rank=1 lora epoch=1/15 batch=4620/6249 step=4620 loss=0.708325 grad_norm=0.3570
2026-09-21T19:25:26.382140+00:00 rank=1 lora epoch=1/15 batch=4640/6249 step=4640 loss=0.711657 grad_norm=1.0112
2026-09-21T19:25:47.759110+00:00 rank=1 lora epoch=1/15 batch=4660/6249 step=4660 loss=0.229413 grad_norm=2.2667
2026-09-21T19:26:07.289295+00:00 rank=1 lora epoch=1/15 batch=4680/6249 step=4680 loss=0.002115 grad_norm=0.0600
2026-09-21T19:26:29.151104+00:00 rank=1 lora epoch=1/15 batch=4700/6249 step=4700 loss=0.615235 grad_norm=0.6477
2026-09-21T19:26:53.026443+00:00 rank=1 lora epoch=1/15 batch=4720/6249 step=4720 loss=0.001644 grad_norm=0.0235
2026-09-21T19:27:14.608568+00:00 rank=1 lora epoch=1/15 batch=4740/6249 step=4740 loss=0.001585 grad_norm=0.0314
2026-09-21T19:27:35.419711+00:00 rank=1 lora epoch=1/15 batch=4760/6249 step=4760 loss=0.001182 grad_norm=0.0121
2026-09-21T19:27:56.885543+00:00 rank=1 lora epoch=1/15 batch=4780/6249 step=4780 loss=0.649210 grad_norm=0.7994
2026-09-21T19:28:20.862866+00:00 rank=1 lora epoch=1/15 batch=4800/6249 step=4800 loss=0.674423 grad_norm=2.9126
2026-09-21T19:28:44.646702+00:00 rank=1 lora epoch=1/15 batch=4820/6249 step=4820 loss=0.678582 grad_norm=0.2882
2026-09-21T19:29:02.643265+00:00 rank=1 lora epoch=1/15 batch=4840/6249 step=4840 loss=0.001250 grad_norm=0.3653
2026-09-21T19:29:20.568231+00:00 rank=1 lora epoch=1/15 batch=4860/6249 step=4860 loss=0.661798 grad_norm=0.6741
2026-09-21T19:29:39.055250+00:00 rank=1 lora epoch=1/15 batch=4880/6249 step=4880 loss=0.001343 grad_norm=0.0167
2026-09-21T19:29:58.414881+00:00 rank=1 lora epoch=1/15 batch=4900/6249 step=4900 loss=0.636865 grad_norm=0.8177
2026-09-21T19:30:18.993125+00:00 rank=1 lora epoch=1/15 batch=4920/6249 step=4920 loss=0.310887 grad_norm=1.5764
2026-09-21T19:30:40.059861+00:00 rank=1 lora epoch=1/15 batch=4940/6249 step=4940 loss=0.518584 grad_norm=1.0641
2026-09-21T19:30:59.271436+00:00 rank=1 lora epoch=1/15 batch=4960/6249 step=4960 loss=0.001434 grad_norm=0.0166
2026-09-21T19:31:19.608348+00:00 rank=1 lora epoch=1/15 batch=4980/6249 step=4980 loss=0.607474 grad_norm=0.4791
2026-09-21T19:31:41.153409+00:00 rank=1 lora epoch=1/15 batch=5000/6249 step=5000 loss=0.602506 grad_norm=0.6855
2026-09-21T19:31:59.880785+00:00 rank=1 lora epoch=1/15 batch=5020/6249 step=5020 loss=0.637474 grad_norm=0.5109
2026-09-21T19:32:18.758773+00:00 rank=1 lora epoch=1/15 batch=5040/6249 step=5040 loss=0.692954 grad_norm=0.4166
2026-09-21T19:32:38.047631+00:00 rank=1 lora epoch=1/15 batch=5060/6249 step=5060 loss=0.631526 grad_norm=0.4935
2026-09-21T19:33:02.567487+00:00 rank=1 lora epoch=1/15 batch=5080/6249 step=5080 loss=0.001602 grad_norm=0.0137
2026-09-21T19:33:21.703538+00:00 rank=1 lora epoch=1/15 batch=5100/6249 step=5100 loss=0.001659 grad_norm=0.0156
2026-09-21T19:33:42.521194+00:00 rank=1 lora epoch=1/15 batch=5120/6249 step=5120 loss=0.001110 grad_norm=0.0150
2026-09-21T19:34:04.958905+00:00 rank=1 lora epoch=1/15 batch=5140/6249 step=5140 loss=0.023802 grad_norm=0.6218
2026-09-21T19:34:23.205325+00:00 rank=1 lora epoch=1/15 batch=5160/6249 step=5160 loss=0.408439 grad_norm=1.4444
2026-09-21T19:34:39.845114+00:00 rank=1 lora epoch=1/15 batch=5180/6249 step=5180 loss=0.630219 grad_norm=0.4365
2026-09-21T19:34:58.426892+00:00 rank=1 lora epoch=1/15 batch=5200/6249 step=5200 loss=0.758415 grad_norm=1.6631
2026-09-21T19:35:18.819522+00:00 rank=1 lora epoch=1/15 batch=5220/6249 step=5220 loss=0.061220 grad_norm=0.5319
2026-09-21T19:35:39.315183+00:00 rank=1 lora epoch=1/15 batch=5240/6249 step=5240 loss=0.497313 grad_norm=1.1748
2026-09-21T19:35:59.562613+00:00 rank=1 lora epoch=1/15 batch=5260/6249 step=5260 loss=0.001098 grad_norm=0.0209
2026-09-21T19:36:19.368521+00:00 rank=1 lora epoch=1/15 batch=5280/6249 step=5280 loss=0.685140 grad_norm=0.1796
2026-09-21T19:36:37.895640+00:00 rank=1 lora epoch=1/15 batch=5300/6249 step=5300 loss=0.648622 grad_norm=0.4550
2026-09-21T19:36:58.742453+00:00 rank=1 lora epoch=1/15 batch=5320/6249 step=5320 loss=0.677551 grad_norm=0.3601
2026-09-21T19:37:16.314091+00:00 rank=1 lora epoch=1/15 batch=5340/6249 step=5340 loss=0.598736 grad_norm=0.6223
2026-09-21T19:37:35.456402+00:00 rank=1 lora epoch=1/15 batch=5360/6249 step=5360 loss=0.001231 grad_norm=0.0245
2026-09-21T19:37:54.458481+00:00 rank=1 lora epoch=1/15 batch=5380/6249 step=5380 loss=0.290681 grad_norm=0.7150
2026-09-21T19:38:12.297827+00:00 rank=1 lora epoch=1/15 batch=5400/6249 step=5400 loss=0.437817 grad_norm=3.6848
2026-09-21T19:38:33.313302+00:00 rank=1 lora epoch=1/15 batch=5420/6249 step=5420 loss=0.627877 grad_norm=0.7363
2026-09-21T19:38:51.864470+00:00 rank=1 lora epoch=1/15 batch=5440/6249 step=5440 loss=0.588359 grad_norm=1.2250
2026-09-21T19:39:10.945360+00:00 rank=1 lora epoch=1/15 batch=5460/6249 step=5460 loss=0.677974 grad_norm=1.3198
2026-09-21T19:39:31.502321+00:00 rank=1 lora epoch=1/15 batch=5480/6249 step=5480 loss=0.687262 grad_norm=0.5714
2026-09-21T19:39:51.219415+00:00 rank=1 lora epoch=1/15 batch=5500/6249 step=5500 loss=0.225988 grad_norm=0.9955
2026-09-21T19:40:13.058811+00:00 rank=1 lora epoch=1/15 batch=5520/6249 step=5520 loss=0.639302 grad_norm=1.0936
2026-09-21T19:40:30.362831+00:00 rank=1 lora epoch=1/15 batch=5540/6249 step=5540 loss=0.666917 grad_norm=0.8681
2026-09-21T19:40:51.431707+00:00 rank=1 lora epoch=1/15 batch=5560/6249 step=5560 loss=0.428118 grad_norm=1.1168
2026-09-21T19:41:11.235632+00:00 rank=1 lora epoch=1/15 batch=5580/6249 step=5580 loss=0.524470 grad_norm=0.1548
2026-09-21T19:41:27.710514+00:00 rank=1 lora epoch=1/15 batch=5600/6249 step=5600 loss=0.001712 grad_norm=0.0177
2026-09-21T19:41:44.872554+00:00 rank=1 lora epoch=1/15 batch=5620/6249 step=5620 loss=0.668341 grad_norm=0.3716
2026-09-21T19:42:05.955573+00:00 rank=1 lora epoch=1/15 batch=5640/6249 step=5640 loss=0.661842 grad_norm=0.3902
2026-09-21T19:42:25.718204+00:00 rank=1 lora epoch=1/15 batch=5660/6249 step=5660 loss=0.000979 grad_norm=0.0118
2026-09-21T19:42:42.746463+00:00 rank=1 lora epoch=1/15 batch=5680/6249 step=5680 loss=0.663803 grad_norm=0.7454
2026-09-21T19:43:04.719786+00:00 rank=1 lora epoch=1/15 batch=5700/6249 step=5700 loss=0.751047 grad_norm=0.9340
2026-09-21T19:43:23.835459+00:00 rank=1 lora epoch=1/15 batch=5720/6249 step=5720 loss=0.611748 grad_norm=0.2531
2026-09-21T19:43:41.881948+00:00 rank=1 lora epoch=1/15 batch=5740/6249 step=5740 loss=0.000803 grad_norm=0.0080
2026-09-21T19:44:01.175943+00:00 rank=1 lora epoch=1/15 batch=5760/6249 step=5760 loss=0.001105 grad_norm=0.0276
2026-09-21T19:44:20.946713+00:00 rank=1 lora epoch=1/15 batch=5780/6249 step=5780 loss=0.651072 grad_norm=0.4755
2026-09-21T19:44:39.288236+00:00 rank=1 lora epoch=1/15 batch=5800/6249 step=5800 loss=0.612623 grad_norm=0.3775
2026-09-21T19:45:01.875775+00:00 rank=1 lora epoch=1/15 batch=5820/6249 step=5820 loss=0.503784 grad_norm=0.5329
2026-09-21T19:45:22.951925+00:00 rank=1 lora epoch=1/15 batch=5840/6249 step=5840 loss=0.000705 grad_norm=0.0071
2026-09-21T19:45:42.040113+00:00 rank=1 lora epoch=1/15 batch=5860/6249 step=5860 loss=0.646985 grad_norm=0.9504
2026-09-21T19:46:02.096832+00:00 rank=1 lora epoch=1/15 batch=5880/6249 step=5880 loss=0.000717 grad_norm=0.0075
2026-09-21T19:46:19.785347+00:00 rank=1 lora epoch=1/15 batch=5900/6249 step=5900 loss=0.573794 grad_norm=0.8632
2026-09-21T19:46:41.178104+00:00 rank=1 lora epoch=1/15 batch=5920/6249 step=5920 loss=0.583543 grad_norm=0.4482
2026-09-21T19:46:58.520095+00:00 rank=1 lora epoch=1/15 batch=5940/6249 step=5940 loss=0.759101 grad_norm=1.7453
2026-09-21T19:47:20.399432+00:00 rank=1 lora epoch=1/15 batch=5960/6249 step=5960 loss=0.001355 grad_norm=0.0493
2026-09-21T19:47:37.473248+00:00 rank=1 lora epoch=1/15 batch=5980/6249 step=5980 loss=0.582498 grad_norm=0.5290
2026-09-21T19:47:57.386311+00:00 rank=1 lora epoch=1/15 batch=6000/6249 step=6000 loss=0.667262 grad_norm=0.9922
2026-09-21T19:51:05.352871+00:00 rank=1 interval validation step=6000 metrics={'n': 20000, 'positive_fraction': 0.4633, 'mcc': 0.4376996084877012, 'f1': 0.7027084327132029, 'spearman_probability_label': 0.5835653621149285, 'threshold': 0.5}
2026-09-21T19:51:26.880533+00:00 rank=1 lora epoch=1/15 batch=6020/6249 step=6020 loss=0.628407 grad_norm=0.4377
2026-09-21T19:51:47.195756+00:00 rank=1 lora epoch=1/15 batch=6040/6249 step=6040 loss=0.517048 grad_norm=0.3182
2026-09-21T19:52:06.582743+00:00 rank=1 lora epoch=1/15 batch=6060/6249 step=6060 loss=0.633702 grad_norm=0.7854
2026-09-21T19:52:27.852296+00:00 rank=1 lora epoch=1/15 batch=6080/6249 step=6080 loss=0.225452 grad_norm=0.2473
2026-09-21T19:52:46.019750+00:00 rank=1 lora epoch=1/15 batch=6100/6249 step=6100 loss=0.001265 grad_norm=0.0118
2026-09-21T19:53:05.010623+00:00 rank=1 lora epoch=1/15 batch=6120/6249 step=6120 loss=0.639714 grad_norm=0.3064
2026-09-21T19:53:24.873447+00:00 rank=1 lora epoch=1/15 batch=6140/6249 step=6140 loss=0.695831 grad_norm=0.6096
2026-09-21T19:53:43.375980+00:00 rank=1 lora epoch=1/15 batch=6160/6249 step=6160 loss=0.696814 grad_norm=0.5605
2026-09-21T19:54:10.333353+00:00 rank=1 lora epoch=1/15 batch=6180/6249 step=6180 loss=0.000943 grad_norm=0.1129
2026-09-21T19:54:30.953123+00:00 rank=1 lora epoch=1/15 batch=6200/6249 step=6200 loss=0.461425 grad_norm=0.1733
2026-09-21T19:54:49.972155+00:00 rank=1 lora epoch=1/15 batch=6220/6249 step=6220 loss=0.295030 grad_norm=2.2708
2026-09-21T19:55:07.116193+00:00 rank=1 lora epoch=1/15 batch=6240/6249 step=6240 loss=0.000991 grad_norm=0.0137
2026-09-21T19:58:22.027426+00:00 rank=1 lora epoch=1 completed=True loss=0.43841699567863535 validation={'n': 20000, 'positive_fraction': 0.4633, 'mcc': 0.4827478790694088, 'f1': 0.7469519104382903, 'spearman_probability_label': 0.5873508253452212, 'threshold': 0.5}
2026-09-21T19:58:32.651278+00:00 rank=1 lora epoch=2/15 batch=11/6249 step=6260 loss=0.173130 grad_norm=0.1100
2026-09-21T19:58:51.835864+00:00 rank=1 lora epoch=2/15 batch=31/6249 step=6280 loss=0.621695 grad_norm=0.8172
2026-09-21T19:59:15.126944+00:00 rank=1 lora epoch=2/15 batch=51/6249 step=6300 loss=0.002318 grad_norm=0.0383
2026-09-21T19:59:36.635345+00:00 rank=1 lora epoch=2/15 batch=71/6249 step=6320 loss=0.281931 grad_norm=0.0396
2026-09-21T19:59:55.773722+00:00 rank=1 lora epoch=2/15 batch=91/6249 step=6340 loss=0.593587 grad_norm=1.7684
2026-09-21T20:00:13.671804+00:00 rank=1 lora epoch=2/15 batch=111/6249 step=6360 loss=0.000743 grad_norm=0.1953
2026-09-21T20:00:33.014374+00:00 rank=1 lora epoch=2/15 batch=131/6249 step=6380 loss=0.643219 grad_norm=0.9840
2026-09-21T20:00:52.436223+00:00 rank=1 lora epoch=2/15 batch=151/6249 step=6400 loss=0.331154 grad_norm=0.4644
2026-09-21T20:01:14.603991+00:00 rank=1 lora epoch=2/15 batch=171/6249 step=6420 loss=0.309441 grad_norm=0.6970
2026-09-21T20:01:36.134928+00:00 rank=1 lora epoch=2/15 batch=191/6249 step=6440 loss=0.688215 grad_norm=1.6517
2026-09-21T20:01:55.145144+00:00 rank=1 lora epoch=2/15 batch=211/6249 step=6460 loss=0.716025 grad_norm=1.3107
2026-09-21T20:02:14.287745+00:00 rank=1 lora epoch=2/15 batch=231/6249 step=6480 loss=0.694733 grad_norm=0.6824
2026-09-21T20:02:34.523615+00:00 rank=1 lora epoch=2/15 batch=251/6249 step=6500 loss=0.583287 grad_norm=0.5511
2026-09-21T20:02:57.032260+00:00 rank=1 lora epoch=2/15 batch=271/6249 step=6520 loss=0.002348 grad_norm=0.0445
2026-09-21T20:03:14.345402+00:00 rank=1 lora epoch=2/15 batch=291/6249 step=6540 loss=0.688972 grad_norm=0.3343
2026-09-21T20:03:33.305827+00:00 rank=1 lora epoch=2/15 batch=311/6249 step=6560 loss=0.697440 grad_norm=0.4420
2026-09-21T20:03:52.566425+00:00 rank=1 lora epoch=2/15 batch=331/6249 step=6580 loss=0.001171 grad_norm=0.0226
2026-09-21T20:04:12.200142+00:00 rank=1 lora epoch=2/15 batch=351/6249 step=6600 loss=0.000996 grad_norm=0.0224
2026-09-21T20:04:33.800227+00:00 rank=1 lora epoch=2/15 batch=371/6249 step=6620 loss=0.000878 grad_norm=0.0150
2026-09-21T20:04:52.727813+00:00 rank=1 lora epoch=2/15 batch=391/6249 step=6640 loss=0.615926 grad_norm=0.2304
2026-09-21T20:05:12.922992+00:00 rank=1 lora epoch=2/15 batch=411/6249 step=6660 loss=0.001146 grad_norm=0.0143
2026-09-21T20:05:32.552516+00:00 rank=1 lora epoch=2/15 batch=431/6249 step=6680 loss=0.423336 grad_norm=1.8868
2026-09-21T20:05:52.071438+00:00 rank=1 lora epoch=2/15 batch=451/6249 step=6700 loss=0.322456 grad_norm=1.2915
2026-09-21T20:06:09.758167+00:00 rank=1 lora epoch=2/15 batch=471/6249 step=6720 loss=0.681429 grad_norm=0.6621
2026-09-21T20:06:29.994386+00:00 rank=1 lora epoch=2/15 batch=491/6249 step=6740 loss=0.650034 grad_norm=0.8164
2026-09-21T20:06:49.145456+00:00 rank=1 lora epoch=2/15 batch=511/6249 step=6760 loss=0.624896 grad_norm=2.1215
2026-09-21T20:07:06.537487+00:00 rank=1 lora epoch=2/15 batch=531/6249 step=6780 loss=0.001047 grad_norm=0.0259
2026-09-21T20:07:27.077573+00:00 rank=1 lora epoch=2/15 batch=551/6249 step=6800 loss=0.642889 grad_norm=1.5059
2026-09-21T20:07:47.958282+00:00 rank=1 lora epoch=2/15 batch=571/6249 step=6820 loss=0.615752 grad_norm=0.4218
2026-09-21T20:08:05.882471+00:00 rank=1 lora epoch=2/15 batch=591/6249 step=6840 loss=0.696184 grad_norm=0.9935
2026-09-21T20:08:24.948833+00:00 rank=1 lora epoch=2/15 batch=611/6249 step=6860 loss=0.640893 grad_norm=0.6509
2026-09-21T20:08:44.844321+00:00 rank=1 lora epoch=2/15 batch=631/6249 step=6880 loss=0.394082 grad_norm=0.3586
2026-09-21T20:09:06.697199+00:00 rank=1 lora epoch=2/15 batch=651/6249 step=6900 loss=0.001281 grad_norm=1.6108
2026-09-21T20:09:27.272045+00:00 rank=1 lora epoch=2/15 batch=671/6249 step=6920 loss=0.001333 grad_norm=0.0144
2026-09-21T20:09:45.991159+00:00 rank=1 lora epoch=2/15 batch=691/6249 step=6940 loss=0.605538 grad_norm=0.7064
2026-09-21T20:10:05.350826+00:00 rank=1 lora epoch=2/15 batch=711/6249 step=6960 loss=0.000747 grad_norm=0.0086
2026-09-21T20:10:21.433200+00:00 rank=1 lora epoch=2/15 batch=731/6249 step=6980 loss=0.610712 grad_norm=0.6501
2026-09-21T20:10:40.452056+00:00 rank=1 lora epoch=2/15 batch=751/6249 step=7000 loss=0.576628 grad_norm=0.2399
2026-09-21T20:11:00.162890+00:00 rank=1 lora epoch=2/15 batch=771/6249 step=7020 loss=0.765532 grad_norm=0.7865
2026-09-21T20:11:19.414608+00:00 rank=1 lora epoch=2/15 batch=791/6249 step=7040 loss=0.776505 grad_norm=0.8359
2026-09-21T20:11:38.526084+00:00 rank=1 lora epoch=2/15 batch=811/6249 step=7060 loss=0.001333 grad_norm=0.0130
2026-09-21T20:11:57.179353+00:00 rank=1 lora epoch=2/15 batch=831/6249 step=7080 loss=0.711819 grad_norm=1.3952
2026-09-21T20:12:14.560164+00:00 rank=1 lora epoch=2/15 batch=851/6249 step=7100 loss=0.704467 grad_norm=1.0509
2026-09-21T20:12:32.562612+00:00 rank=1 lora epoch=2/15 batch=871/6249 step=7120 loss=0.612261 grad_norm=0.2720
2026-09-21T20:12:52.621646+00:00 rank=1 lora epoch=2/15 batch=891/6249 step=7140 loss=0.565514 grad_norm=0.6496
2026-09-21T20:13:11.914940+00:00 rank=1 lora epoch=2/15 batch=911/6249 step=7160 loss=0.701364 grad_norm=0.4023
2026-09-21T20:13:31.578175+00:00 rank=1 lora epoch=2/15 batch=931/6249 step=7180 loss=0.655512 grad_norm=0.3609
2026-09-21T20:13:55.967877+00:00 rank=1 lora epoch=2/15 batch=951/6249 step=7200 loss=0.000822 grad_norm=0.0120
2026-09-21T20:14:14.292191+00:00 rank=1 lora epoch=2/15 batch=971/6249 step=7220 loss=0.001485 grad_norm=0.0178
2026-09-21T20:14:32.087798+00:00 rank=1 lora epoch=2/15 batch=991/6249 step=7240 loss=0.836767 grad_norm=1.0044
2026-09-21T20:14:51.752841+00:00 rank=1 lora epoch=2/15 batch=1011/6249 step=7260 loss=0.000862 grad_norm=0.0127
2026-09-21T20:15:09.455713+00:00 rank=1 lora epoch=2/15 batch=1031/6249 step=7280 loss=0.439054 grad_norm=0.4551
2026-09-21T20:15:27.255016+00:00 rank=1 lora epoch=2/15 batch=1051/6249 step=7300 loss=0.649895 grad_norm=1.4879
2026-09-21T20:15:45.344876+00:00 rank=1 lora epoch=2/15 batch=1071/6249 step=7320 loss=0.659023 grad_norm=0.4978
2026-09-21T20:16:05.433934+00:00 rank=1 lora epoch=2/15 batch=1091/6249 step=7340 loss=0.575751 grad_norm=0.3767
2026-09-21T20:16:24.654505+00:00 rank=1 lora epoch=2/15 batch=1111/6249 step=7360 loss=0.001253 grad_norm=0.0114
2026-09-21T20:16:45.972012+00:00 rank=1 lora epoch=2/15 batch=1131/6249 step=7380 loss=0.688895 grad_norm=0.5609
2026-09-21T20:17:05.944323+00:00 rank=1 lora epoch=2/15 batch=1151/6249 step=7400 loss=0.394186 grad_norm=1.1564
2026-09-21T20:17:25.178803+00:00 rank=1 lora epoch=2/15 batch=1171/6249 step=7420 loss=0.534290 grad_norm=1.0221
2026-09-21T20:17:47.889051+00:00 rank=1 lora epoch=2/15 batch=1191/6249 step=7440 loss=0.658471 grad_norm=0.4995
2026-09-21T20:18:08.108379+00:00 rank=1 lora epoch=2/15 batch=1211/6249 step=7460 loss=0.599187 grad_norm=0.3178
2026-09-21T20:18:29.638718+00:00 rank=1 lora epoch=2/15 batch=1231/6249 step=7480 loss=0.618765 grad_norm=0.6062
2026-09-21T20:18:48.298320+00:00 rank=1 lora epoch=2/15 batch=1251/6249 step=7500 loss=0.001026 grad_norm=0.5036
2026-09-21T20:19:07.949930+00:00 rank=1 lora epoch=2/15 batch=1271/6249 step=7520 loss=0.072625 grad_norm=1.5604
2026-09-21T20:19:27.714984+00:00 rank=1 lora epoch=2/15 batch=1291/6249 step=7540 loss=0.223376 grad_norm=0.9433
2026-09-21T20:19:46.657238+00:00 rank=1 lora epoch=2/15 batch=1311/6249 step=7560 loss=0.677126 grad_norm=0.2715
2026-09-21T20:20:07.083637+00:00 rank=1 lora epoch=2/15 batch=1331/6249 step=7580 loss=0.000694 grad_norm=0.0079
2026-09-21T20:20:24.641103+00:00 rank=1 lora epoch=2/15 batch=1351/6249 step=7600 loss=0.652039 grad_norm=0.4196
2026-09-21T20:20:44.297867+00:00 rank=1 lora epoch=2/15 batch=1371/6249 step=7620 loss=0.537058 grad_norm=0.5606
2026-09-21T20:21:01.778713+00:00 rank=1 lora epoch=2/15 batch=1391/6249 step=7640 loss=0.652712 grad_norm=0.6366
2026-09-21T20:21:21.423129+00:00 rank=1 lora epoch=2/15 batch=1411/6249 step=7660 loss=0.000853 grad_norm=0.0136
2026-09-21T20:21:41.343586+00:00 rank=1 lora epoch=2/15 batch=1431/6249 step=7680 loss=0.606911 grad_norm=0.3094
2026-09-21T20:22:00.768109+00:00 rank=1 lora epoch=2/15 batch=1451/6249 step=7700 loss=0.000951 grad_norm=0.0196
2026-09-21T20:22:21.525941+00:00 rank=1 lora epoch=2/15 batch=1471/6249 step=7720 loss=0.627338 grad_norm=0.3458
2026-09-21T20:22:43.280940+00:00 rank=1 lora epoch=2/15 batch=1491/6249 step=7740 loss=0.623719 grad_norm=0.6987
2026-09-21T20:23:03.383504+00:00 rank=1 lora epoch=2/15 batch=1511/6249 step=7760 loss=0.000670 grad_norm=0.0086
2026-09-21T20:23:24.963264+00:00 rank=1 lora epoch=2/15 batch=1531/6249 step=7780 loss=0.672081 grad_norm=0.2892
2026-09-21T20:23:46.665500+00:00 rank=1 lora epoch=2/15 batch=1551/6249 step=7800 loss=0.644901 grad_norm=0.4402
2026-09-21T20:24:04.111008+00:00 rank=1 lora epoch=2/15 batch=1571/6249 step=7820 loss=0.000618 grad_norm=0.1487
2026-09-21T20:24:26.094990+00:00 rank=1 lora epoch=2/15 batch=1591/6249 step=7840 loss=0.000656 grad_norm=0.2264
2026-09-21T20:24:45.069947+00:00 rank=1 lora epoch=2/15 batch=1611/6249 step=7860 loss=0.723281 grad_norm=0.4702
2026-09-21T20:25:04.463580+00:00 rank=1 lora epoch=2/15 batch=1631/6249 step=7880 loss=0.648006 grad_norm=1.0702
2026-09-21T20:25:23.335709+00:00 rank=1 lora epoch=2/15 batch=1651/6249 step=7900 loss=0.000664 grad_norm=0.0105
2026-09-21T20:25:44.306382+00:00 rank=1 lora epoch=2/15 batch=1671/6249 step=7920 loss=0.184776 grad_norm=0.7443
2026-09-21T20:26:04.833350+00:00 rank=1 lora epoch=2/15 batch=1691/6249 step=7940 loss=0.697262 grad_norm=0.8123
2026-09-21T20:26:26.935121+00:00 rank=1 lora epoch=2/15 batch=1711/6249 step=7960 loss=0.370003 grad_norm=0.5854
2026-09-21T20:26:46.178947+00:00 rank=1 lora epoch=2/15 batch=1731/6249 step=7980 loss=0.001355 grad_norm=0.0122
2026-09-21T20:27:04.282471+00:00 rank=1 lora epoch=2/15 batch=1751/6249 step=8000 loss=0.654565 grad_norm=0.2647
2026-09-21T20:30:11.425907+00:00 rank=1 interval validation step=8000 metrics={'n': 20000, 'positive_fraction': 0.4633, 'mcc': 0.44705954942280335, 'f1': 0.6521248589695374, 'spearman_probability_label': 0.5901734539231814, 'threshold': 0.5}
2026-09-21T20:30:32.627840+00:00 rank=1 lora epoch=2/15 batch=1771/6249 step=8020 loss=0.000717 grad_norm=0.0085
2026-09-21T20:30:53.452600+00:00 rank=1 lora epoch=2/15 batch=1791/6249 step=8040 loss=0.000794 grad_norm=0.0096
2026-09-21T20:31:14.885420+00:00 rank=1 lora epoch=2/15 batch=1811/6249 step=8060 loss=0.212027 grad_norm=0.2615
2026-09-21T20:31:35.205862+00:00 rank=1 lora epoch=2/15 batch=1831/6249 step=8080 loss=0.237370 grad_norm=0.7052
2026-09-21T20:31:55.186358+00:00 rank=1 lora epoch=2/15 batch=1851/6249 step=8100 loss=0.000627 grad_norm=0.0065
2026-09-21T20:32:13.756761+00:00 rank=1 lora epoch=2/15 batch=1871/6249 step=8120 loss=0.783513 grad_norm=0.7807
2026-09-21T20:32:35.202630+00:00 rank=1 lora epoch=2/15 batch=1891/6249 step=8140 loss=0.001832 grad_norm=0.0255
2026-09-21T20:32:55.755902+00:00 rank=1 lora epoch=2/15 batch=1911/6249 step=8160 loss=0.000912 grad_norm=0.0127
2026-09-21T20:33:16.449185+00:00 rank=1 lora epoch=2/15 batch=1931/6249 step=8180 loss=0.002757 grad_norm=1.3094
2026-09-21T20:33:35.355814+00:00 rank=1 lora epoch=2/15 batch=1951/6249 step=8200 loss=0.637456 grad_norm=0.5735
2026-09-21T20:33:55.140584+00:00 rank=1 lora epoch=2/15 batch=1971/6249 step=8220 loss=0.622685 grad_norm=0.9054
2026-09-21T20:34:16.760162+00:00 rank=1 lora epoch=2/15 batch=1991/6249 step=8240 loss=0.000586 grad_norm=0.0059
2026-09-21T20:34:35.135384+00:00 rank=1 lora epoch=2/15 batch=2011/6249 step=8260 loss=0.000577 grad_norm=0.4291
2026-09-21T20:34:57.693393+00:00 rank=1 lora epoch=2/15 batch=2031/6249 step=8280 loss=0.493353 grad_norm=0.3285
2026-09-21T20:35:14.382515+00:00 rank=1 lora epoch=2/15 batch=2051/6249 step=8300 loss=0.612728 grad_norm=0.2521
2026-09-21T20:35:33.509753+00:00 rank=1 lora epoch=2/15 batch=2071/6249 step=8320 loss=0.475049 grad_norm=0.6470
2026-09-21T20:35:53.729647+00:00 rank=1 lora epoch=2/15 batch=2091/6249 step=8340 loss=0.490443 grad_norm=0.1150
2026-09-21T20:36:12.541367+00:00 rank=1 lora epoch=2/15 batch=2111/6249 step=8360 loss=0.747517 grad_norm=0.8211
2026-09-21T20:36:32.177384+00:00 rank=1 lora epoch=2/15 batch=2131/6249 step=8380 loss=0.628192 grad_norm=0.4669
2026-09-21T20:36:51.688802+00:00 rank=1 lora epoch=2/15 batch=2151/6249 step=8400 loss=0.000953 grad_norm=0.0252
2026-09-21T20:37:09.877651+00:00 rank=1 lora epoch=2/15 batch=2171/6249 step=8420 loss=0.640735 grad_norm=0.7694
2026-09-21T20:37:27.844837+00:00 rank=1 lora epoch=2/15 batch=2191/6249 step=8440 loss=0.635407 grad_norm=0.3839
2026-09-21T20:37:46.993866+00:00 rank=1 lora epoch=2/15 batch=2211/6249 step=8460 loss=0.000536 grad_norm=0.0056
2026-09-21T20:38:07.432055+00:00 rank=1 lora epoch=2/15 batch=2231/6249 step=8480 loss=0.674827 grad_norm=0.3991
2026-09-21T20:38:26.043402+00:00 rank=1 lora epoch=2/15 batch=2251/6249 step=8500 loss=0.002753 grad_norm=0.0767
2026-09-21T20:38:51.229193+00:00 rank=1 lora epoch=2/15 batch=2271/6249 step=8520 loss=0.576460 grad_norm=0.3355
2026-09-21T20:39:11.504609+00:00 rank=1 lora epoch=2/15 batch=2291/6249 step=8540 loss=0.659543 grad_norm=0.9599
2026-09-21T20:39:31.362147+00:00 rank=1 lora epoch=2/15 batch=2311/6249 step=8560 loss=0.623655 grad_norm=1.3002
2026-09-21T20:39:49.680520+00:00 rank=1 lora epoch=2/15 batch=2331/6249 step=8580 loss=0.562448 grad_norm=1.0770
2026-09-21T20:40:07.229257+00:00 rank=1 lora epoch=2/15 batch=2351/6249 step=8600 loss=0.000592 grad_norm=0.0071
2026-09-21T20:40:24.448929+00:00 rank=1 lora epoch=2/15 batch=2371/6249 step=8620 loss=0.644768 grad_norm=0.2451
2026-09-21T20:40:44.359119+00:00 rank=1 lora epoch=2/15 batch=2391/6249 step=8640 loss=0.721606 grad_norm=0.3485
2026-09-21T20:41:04.943949+00:00 rank=1 lora epoch=2/15 batch=2411/6249 step=8660 loss=0.007355 grad_norm=0.2225
2026-09-21T20:41:24.247713+00:00 rank=1 lora epoch=2/15 batch=2431/6249 step=8680 loss=0.641885 grad_norm=1.0266
2026-09-21T20:41:42.565076+00:00 rank=1 lora epoch=2/15 batch=2451/6249 step=8700 loss=0.267576 grad_norm=1.1436
2026-09-21T20:42:03.362054+00:00 rank=1 lora epoch=2/15 batch=2471/6249 step=8720 loss=0.635504 grad_norm=1.1902
2026-09-21T20:42:22.070161+00:00 rank=1 lora epoch=2/15 batch=2491/6249 step=8740 loss=0.684975 grad_norm=0.7476
2026-09-21T20:42:44.036030+00:00 rank=1 lora epoch=2/15 batch=2511/6249 step=8760 loss=0.717243 grad_norm=0.7981
2026-09-21T20:43:03.203783+00:00 rank=1 lora epoch=2/15 batch=2531/6249 step=8780 loss=0.000708 grad_norm=0.0090
2026-09-21T20:43:24.012974+00:00 rank=1 lora epoch=2/15 batch=2551/6249 step=8800 loss=0.000705 grad_norm=0.0093
2026-09-21T20:43:43.317379+00:00 rank=1 lora epoch=2/15 batch=2571/6249 step=8820 loss=0.599638 grad_norm=0.4401
2026-09-21T20:44:08.132750+00:00 rank=1 lora epoch=2/15 batch=2591/6249 step=8840 loss=0.069477 grad_norm=0.2791
2026-09-21T20:44:26.776511+00:00 rank=1 lora epoch=2/15 batch=2611/6249 step=8860 loss=0.618689 grad_norm=0.4716
2026-09-21T20:44:47.186947+00:00 rank=1 lora epoch=2/15 batch=2631/6249 step=8880 loss=0.598126 grad_norm=1.0207
2026-09-21T20:45:12.633984+00:00 rank=1 lora epoch=2/15 batch=2651/6249 step=8900 loss=0.617894 grad_norm=0.4878
2026-09-21T20:45:31.228636+00:00 rank=1 lora epoch=2/15 batch=2671/6249 step=8920 loss=0.623914 grad_norm=1.3792
2026-09-21T20:45:50.866699+00:00 rank=1 lora epoch=2/15 batch=2691/6249 step=8940 loss=0.000644 grad_norm=0.0074
2026-09-21T20:46:10.724149+00:00 rank=1 lora epoch=2/15 batch=2711/6249 step=8960 loss=0.658712 grad_norm=0.2258
2026-09-21T20:46:28.838522+00:00 rank=1 lora epoch=2/15 batch=2731/6249 step=8980 loss=0.651711 grad_norm=0.2059
2026-09-21T20:46:47.048287+00:00 rank=1 lora epoch=2/15 batch=2751/6249 step=9000 loss=0.537111 grad_norm=0.2851
2026-09-21T20:47:05.644792+00:00 rank=1 lora epoch=2/15 batch=2771/6249 step=9020 loss=0.687433 grad_norm=0.6772
2026-09-21T20:47:29.884609+00:00 rank=1 lora epoch=2/15 batch=2791/6249 step=9040 loss=0.642861 grad_norm=0.4038
2026-09-21T20:47:50.435773+00:00 rank=1 lora epoch=2/15 batch=2811/6249 step=9060 loss=0.657749 grad_norm=0.5922
2026-09-21T20:48:08.904555+00:00 rank=1 lora epoch=2/15 batch=2831/6249 step=9080 loss=0.648440 grad_norm=1.5532
2026-09-21T20:48:28.455297+00:00 rank=1 lora epoch=2/15 batch=2851/6249 step=9100 loss=0.001279 grad_norm=0.0197
2026-09-21T20:48:48.276046+00:00 rank=1 lora epoch=2/15 batch=2871/6249 step=9120 loss=0.606257 grad_norm=0.2909
2026-09-21T20:49:07.525346+00:00 rank=1 lora epoch=2/15 batch=2891/6249 step=9140 loss=0.714443 grad_norm=0.4855
2026-09-21T20:49:25.375558+00:00 rank=1 lora epoch=2/15 batch=2911/6249 step=9160 loss=0.657412 grad_norm=0.2940
2026-09-21T20:49:44.804298+00:00 rank=1 lora epoch=2/15 batch=2931/6249 step=9180 loss=0.000888 grad_norm=0.0216
2026-09-21T20:50:06.836355+00:00 rank=1 lora epoch=2/15 batch=2951/6249 step=9200 loss=0.601534 grad_norm=0.3461
2026-09-21T20:50:26.382011+00:00 rank=1 lora epoch=2/15 batch=2971/6249 step=9220 loss=0.125819 grad_norm=1.9165
2026-09-21T20:50:45.708993+00:00 rank=1 lora epoch=2/15 batch=2991/6249 step=9240 loss=0.640398 grad_norm=0.6901
2026-09-21T20:51:06.814252+00:00 rank=1 lora epoch=2/15 batch=3011/6249 step=9260 loss=0.000530 grad_norm=0.0054
2026-09-21T20:51:26.564007+00:00 rank=1 lora epoch=2/15 batch=3031/6249 step=9280 loss=0.600108 grad_norm=1.4176
2026-09-21T20:51:47.640450+00:00 rank=1 lora epoch=2/15 batch=3051/6249 step=9300 loss=0.705597 grad_norm=0.5558
2026-09-21T20:52:07.881902+00:00 rank=1 lora epoch=2/15 batch=3071/6249 step=9320 loss=0.305882 grad_norm=0.2598
2026-09-21T20:52:25.938911+00:00 rank=1 lora epoch=2/15 batch=3091/6249 step=9340 loss=0.560124 grad_norm=0.5393
2026-09-21T20:52:47.974903+00:00 rank=1 lora epoch=2/15 batch=3111/6249 step=9360 loss=0.293984 grad_norm=0.5702
2026-09-21T20:53:08.775588+00:00 rank=1 lora epoch=2/15 batch=3131/6249 step=9380 loss=0.000531 grad_norm=0.0057
2026-09-21T20:53:28.217078+00:00 rank=1 lora epoch=2/15 batch=3151/6249 step=9400 loss=0.000682 grad_norm=0.0099
2026-09-21T20:53:47.345742+00:00 rank=1 lora epoch=2/15 batch=3171/6249 step=9420 loss=0.002406 grad_norm=0.0485
2026-09-21T20:54:09.780663+00:00 rank=1 lora epoch=2/15 batch=3191/6249 step=9440 loss=0.579492 grad_norm=1.1247
2026-09-21T20:54:32.574951+00:00 rank=1 lora epoch=2/15 batch=3211/6249 step=9460 loss=0.676813 grad_norm=0.4221
2026-09-21T20:54:50.013669+00:00 rank=1 lora epoch=2/15 batch=3231/6249 step=9480 loss=0.325609 grad_norm=0.6330
2026-09-21T20:55:13.690189+00:00 rank=1 lora epoch=2/15 batch=3251/6249 step=9500 loss=0.000505 grad_norm=0.0052
2026-09-21T20:55:34.886962+00:00 rank=1 lora epoch=2/15 batch=3271/6249 step=9520 loss=0.757876 grad_norm=1.4018
2026-09-21T20:55:53.277031+00:00 rank=1 lora epoch=2/15 batch=3291/6249 step=9540 loss=0.665754 grad_norm=1.0136
2026-09-21T20:56:12.527406+00:00 rank=1 lora epoch=2/15 batch=3311/6249 step=9560 loss=0.331646 grad_norm=1.9603
2026-09-21T20:56:34.629241+00:00 rank=1 lora epoch=2/15 batch=3331/6249 step=9580 loss=0.000556 grad_norm=0.0062
2026-09-21T20:56:55.242516+00:00 rank=1 lora epoch=2/15 batch=3351/6249 step=9600 loss=0.000857 grad_norm=2.1141
2026-09-21T20:57:13.488916+00:00 rank=1 lora epoch=2/15 batch=3371/6249 step=9620 loss=0.000625 grad_norm=0.0099
2026-09-21T20:57:32.630008+00:00 rank=1 lora epoch=2/15 batch=3391/6249 step=9640 loss=0.637117 grad_norm=0.2341
2026-09-21T20:57:51.844967+00:00 rank=1 lora epoch=2/15 batch=3411/6249 step=9660 loss=0.586866 grad_norm=0.9527
2026-09-21T20:58:10.147639+00:00 rank=1 lora epoch=2/15 batch=3431/6249 step=9680 loss=0.000668 grad_norm=0.0126
2026-09-21T20:58:28.921577+00:00 rank=1 lora epoch=2/15 batch=3451/6249 step=9700 loss=0.666094 grad_norm=0.3281
2026-09-21T20:58:52.773025+00:00 rank=1 lora epoch=2/15 batch=3471/6249 step=9720 loss=0.613531 grad_norm=0.3737
2026-09-21T20:59:12.674173+00:00 rank=1 lora epoch=2/15 batch=3491/6249 step=9740 loss=0.713254 grad_norm=0.6187
2026-09-21T20:59:31.886438+00:00 rank=1 lora epoch=2/15 batch=3511/6249 step=9760 loss=0.610049 grad_norm=0.3073
2026-09-21T20:59:52.859940+00:00 rank=1 lora epoch=2/15 batch=3531/6249 step=9780 loss=0.000629 grad_norm=0.1138
2026-09-21T21:00:12.381116+00:00 rank=1 lora epoch=2/15 batch=3551/6249 step=9800 loss=0.646767 grad_norm=0.3133
2026-09-21T21:00:31.625336+00:00 rank=1 lora epoch=2/15 batch=3571/6249 step=9820 loss=0.572256 grad_norm=0.2926
2026-09-21T21:00:48.938483+00:00 rank=1 lora epoch=2/15 batch=3591/6249 step=9840 loss=0.339704 grad_norm=1.9577
2026-09-21T21:01:08.196618+00:00 rank=1 lora epoch=2/15 batch=3611/6249 step=9860 loss=0.662724 grad_norm=1.2495
2026-09-21T21:01:28.506663+00:00 rank=1 lora epoch=2/15 batch=3631/6249 step=9880 loss=0.551641 grad_norm=0.8629
2026-09-21T21:01:47.397613+00:00 rank=1 lora epoch=2/15 batch=3651/6249 step=9900 loss=0.646207 grad_norm=0.3732
2026-09-21T21:02:06.131171+00:00 rank=1 lora epoch=2/15 batch=3671/6249 step=9920 loss=0.644110 grad_norm=0.2326
2026-09-21T21:02:27.124911+00:00 rank=1 lora epoch=2/15 batch=3691/6249 step=9940 loss=0.667905 grad_norm=0.2934
2026-09-21T21:02:46.285911+00:00 rank=1 lora epoch=2/15 batch=3711/6249 step=9960 loss=0.640437 grad_norm=0.4685
2026-09-21T21:03:03.812995+00:00 rank=1 lora epoch=2/15 batch=3731/6249 step=9980 loss=0.594600 grad_norm=0.8395
2026-09-21T21:03:25.073472+00:00 rank=1 lora epoch=2/15 batch=3751/6249 step=10000 loss=0.393210 grad_norm=1.8863
2026-09-21T21:06:32.223251+00:00 rank=1 interval validation step=10000 metrics={'n': 20000, 'positive_fraction': 0.4633, 'mcc': 0.46275662041848736, 'f1': 0.6348131926471564, 'spearman_probability_label': 0.5925082710635176, 'threshold': 0.5}
2026-09-21T21:06:32.271104+00:00 rank=1 Traceback (most recent call last):
  File "/mnt/pxh/teeth/inovate/scripts/train.py", line 417, in main
    elif args.mode=='lora':lora(config,deadline)
  File "/mnt/pxh/teeth/inovate/scripts/train.py", line 337, in lora
    with amp():logits=wrapped(x,mask);loss=torch.nn.functional.binary_cross_entropy_with_logits(logits.float(),y)
  File "/mnt/pxh/teeth/phase2/venv/lib/python3.10/site-packages/torch/nn/modules/module.py", line 1739, in _wrapped_call_impl
    return self._call_impl(*args, **kwargs)
  File "/mnt/pxh/teeth/phase2/venv/lib/python3.10/site-packages/torch/nn/modules/module.py", line 1750, in _call_impl
    return forward_call(*args, **kwargs)
  File "/mnt/pxh/teeth/phase2/venv/lib/python3.10/site-packages/torch/nn/parallel/distributed.py", line 1643, in forward
    else self._run_ddp_forward(*inputs, **kwargs)
  File "/mnt/pxh/teeth/phase2/venv/lib/python3.10/site-packages/torch/nn/parallel/distributed.py", line 1459, in _run_ddp_forward
    return self.module(*inputs, **kwargs)  # type: ignore[index]
  File "/mnt/pxh/teeth/phase2/venv/lib/python3.10/site-packages/torch/nn/modules/module.py", line 1739, in _wrapped_call_impl
    return self._call_impl(*args, **kwargs)
  File "/mnt/pxh/teeth/phase2/venv/lib/python3.10/site-packages/torch/nn/modules/module.py", line 1750, in _call_impl
    return forward_call(*args, **kwargs)
  File "/mnt/pxh/teeth/inovate/scripts/modeling.py", line 41, in forward
    features=self.features(input_ids,attention_mask)
  File "/mnt/pxh/teeth/inovate/scripts/modeling.py", line 37, in features
    hidden=self.backbone(input_ids=input_ids,attention_mask=attention_mask,return_dict=True).last_hidden_state
  File "/mnt/pxh/teeth/phase2/venv/lib/python3.10/site-packages/torch/nn/modules/module.py", line 1739, in _wrapped_call_impl
    return self._call_impl(*args, **kwargs)
  File "/mnt/pxh/teeth/phase2/venv/lib/python3.10/site-packages/torch/nn/modules/module.py", line 1750, in _call_impl
    return forward_call(*args, **kwargs)
  File "/mnt/pxh/teeth/inovate/.venv/lib/python3.10/site-packages/peft/peft_model.py", line 849, in forward
    return self.get_base_model()(*args, **kwargs)
  File "/mnt/pxh/teeth/phase2/venv/lib/python3.10/site-packages/torch/nn/modules/module.py", line 1739, in _wrapped_call_impl
    return self._call_impl(*args, **kwargs)
  File "/mnt/pxh/teeth/phase2/venv/lib/python3.10/site-packages/torch/nn/modules/module.py", line 1750, in _call_impl
    return forward_call(*args, **kwargs)
  File "/mnt/pxh/teeth/inovate/.venv/lib/python3.10/site-packages/transformers/models/esm/modeling_esm.py", line 907, in forward
    encoder_outputs = self.encoder(
  File "/mnt/pxh/teeth/phase2/venv/lib/python3.10/site-packages/torch/nn/modules/module.py", line 1739, in _wrapped_call_impl
    return self._call_impl(*args, **kwargs)
  File "/mnt/pxh/teeth/phase2/venv/lib/python3.10/site-packages/torch/nn/modules/module.py", line 1750, in _call_impl
    return forward_call(*args, **kwargs)
  File "/mnt/pxh/teeth/inovate/.venv/lib/python3.10/site-packages/transformers/models/esm/modeling_esm.py", line 601, in forward
    layer_outputs = self._gradient_checkpointing_func(
  File "/mnt/pxh/teeth/phase2/venv/lib/python3.10/site-packages/torch/_compile.py", line 32, in inner
    return disable_fn(*args, **kwargs)
  File "/mnt/pxh/teeth/phase2/venv/lib/python3.10/site-packages/torch/_dynamo/eval_frame.py", line 745, in _fn
    return fn(*args, **kwargs)
  File "/mnt/pxh/teeth/phase2/venv/lib/python3.10/site-packages/torch/utils/checkpoint.py", line 496, in checkpoint
    ret = function(*args, **kwargs)
  File "/mnt/pxh/teeth/phase2/venv/lib/python3.10/site-packages/torch/nn/modules/module.py", line 1739, in _wrapped_call_impl
    return self._call_impl(*args, **kwargs)
  File "/mnt/pxh/teeth/phase2/venv/lib/python3.10/site-packages/torch/nn/modules/module.py", line 1750, in _call_impl
    return forward_call(*args, **kwargs)
  File "/mnt/pxh/teeth/inovate/.venv/lib/python3.10/site-packages/transformers/models/esm/modeling_esm.py", line 502, in forward
    self_attention_outputs = self.attention(
  File "/mnt/pxh/teeth/phase2/venv/lib/python3.10/site-packages/torch/nn/modules/module.py", line 1739, in _wrapped_call_impl
    return self._call_impl(*args, **kwargs)
  File "/mnt/pxh/teeth/phase2/venv/lib/python3.10/site-packages/torch/nn/modules/module.py", line 1750, in _call_impl
    return forward_call(*args, **kwargs)
  File "/mnt/pxh/teeth/inovate/.venv/lib/python3.10/site-packages/transformers/models/esm/modeling_esm.py", line 436, in forward
    self_outputs = self.self(
  File "/mnt/pxh/teeth/phase2/venv/lib/python3.10/site-packages/torch/nn/modules/module.py", line 1739, in _wrapped_call_impl
    return self._call_impl(*args, **kwargs)
  File "/mnt/pxh/teeth/phase2/venv/lib/python3.10/site-packages/torch/nn/modules/module.py", line 1750, in _call_impl
    return forward_call(*args, **kwargs)
  File "/mnt/pxh/teeth/inovate/scripts/modeling.py", line 19, in _sdpa_forward
    if self.position_embedding_type=='rotary':q,k=self.rotary_embeddings(q,k)
  File "/mnt/pxh/teeth/phase2/venv/lib/python3.10/site-packages/torch/nn/modules/module.py", line 1739, in _wrapped_call_impl
    return self._call_impl(*args, **kwargs)
  File "/mnt/pxh/teeth/phase2/venv/lib/python3.10/site-packages/torch/nn/modules/module.py", line 1750, in _call_impl
    return forward_call(*args, **kwargs)
  File "/mnt/pxh/teeth/inovate/.venv/lib/python3.10/site-packages/transformers/models/esm/modeling_esm.py", line 118, in forward
    apply_rotary_pos_emb(q, self._cos_cached, self._sin_cached),
  File "/mnt/pxh/teeth/inovate/.venv/lib/python3.10/site-packages/transformers/models/esm/modeling_esm.py", line 53, in apply_rotary_pos_emb
    return (x * cos) + (rotate_half(x) * sin)
RuntimeError: Inference tensors cannot be saved for backward. To work around you can make a clone to get a normal tensor and use it in autograd.

2026-09-21T21:29:14.067532+00:00 rank=1 Start mode=lora world=2 deadline=2026-09-22T04:37:56.557353+00:00
2026-09-21T21:32:16.243811+00:00 rank=1 LoRA trainable parameters=656641 training={'warm_start': 'Continued LoRA and head weights from the archived checkpoint; original run started from the frozen baseline head.', 'baseline_checkpoint': '/mnt/pxh/teeth/inovate/output/esm2_650m_frozen_best.pt', 'baseline_checkpoint_sha256': '96f464f20930d9558e24dfd4a88c7d7a9db6b36fa3cfb76bbd7d8de1a4ca2940', 'optimizer': 'AdamW', 'learning_rate': 0.0001, 'global_batch_size': 32, 'gradient_accumulation_steps': 1, 'per_device_batch_size': 16, 'world_size': 2, 'precision': 'fp32 parameters, bf16 autocast on CUDA', 'drop_last': True, 'initial_seed': 42, 'recovery': {'reason': 'Rotary inference-cache failure repaired by no_grad validation', 'checkpoint': '/mnt/pxh/teeth/inovate/output/recovery_20260922_0520/esm2_650m_lora_latest.pt', 'checkpoint_sha256': '547046198775b2880214af4f47a7ee0fc49b6cac809a1ab0a6382bb898689dd3', 'from_global_step': 10000, 'prior_epochs_completed': 1, 'skipped_batches_in_resumed_epoch': 3751, 'optimizer_state_restored': False, 'rng_state_restored': False, 'note': 'Original checkpoint contained adapter/head weights but no optimizer or RNG state. AdamW and RNG restart; deterministic batch order resumes after consumed batches. Resumed-epoch loss averages only post-recovery batches.'}, 'data_identity': {'train': {'path': '/mnt/pxh/teeth/inovate/data/train.csv', 'sha256': 'ba09e4b491349a9d4c9ff54757644f5a9b9f8a52716537b6bf2a79733e83de3e'}, 'validation': {'path': '/mnt/pxh/teeth/inovate/data/validation.csv', 'sha256': '2b2347b980e1ddc7176b50c2e4ffd2a930b25e7b841964c945a13763cdc51ec6'}}}
2026-09-21T21:32:37.952191+00:00 rank=1 lora epoch=2/15 batch=3771/6249 step=10020 loss=0.000441 grad_norm=0.0051
2026-09-21T21:32:57.184044+00:00 rank=1 lora epoch=2/15 batch=3791/6249 step=10040 loss=0.424858 grad_norm=1.2758
2026-09-21T21:33:17.034755+00:00 rank=1 lora epoch=2/15 batch=3811/6249 step=10060 loss=0.702801 grad_norm=1.1129
2026-09-21T21:33:35.015062+00:00 rank=1 lora epoch=2/15 batch=3831/6249 step=10080 loss=0.610496 grad_norm=1.0990
2026-09-21T21:33:52.704279+00:00 rank=1 lora epoch=2/15 batch=3851/6249 step=10100 loss=0.669579 grad_norm=2.4003
2026-09-21T21:34:11.332660+00:00 rank=1 lora epoch=2/15 batch=3871/6249 step=10120 loss=0.617422 grad_norm=0.6234
2026-09-21T21:34:30.543706+00:00 rank=1 lora epoch=2/15 batch=3891/6249 step=10140 loss=0.539272 grad_norm=0.2000
2026-09-21T21:34:51.101154+00:00 rank=1 lora epoch=2/15 batch=3911/6249 step=10160 loss=0.609729 grad_norm=0.3739
2026-09-21T21:35:10.873364+00:00 rank=1 lora epoch=2/15 batch=3931/6249 step=10180 loss=0.639717 grad_norm=0.4533
2026-09-21T21:35:28.923168+00:00 rank=1 lora epoch=2/15 batch=3951/6249 step=10200 loss=0.856751 grad_norm=0.8590
2026-09-21T21:35:47.128891+00:00 rank=1 lora epoch=2/15 batch=3971/6249 step=10220 loss=0.001037 grad_norm=0.0139
2026-09-21T21:36:07.214274+00:00 rank=1 lora epoch=2/15 batch=3991/6249 step=10240 loss=0.448738 grad_norm=0.4911
2026-09-21T21:36:25.100072+00:00 rank=1 lora epoch=2/15 batch=4011/6249 step=10260 loss=0.650161 grad_norm=0.8761
2026-09-21T21:36:44.330719+00:00 rank=1 lora epoch=2/15 batch=4031/6249 step=10280 loss=0.640798 grad_norm=0.7440
2026-09-21T21:37:05.877896+00:00 rank=1 lora epoch=2/15 batch=4051/6249 step=10300 loss=0.528207 grad_norm=0.2461
2026-09-21T21:37:27.093140+00:00 rank=1 lora epoch=2/15 batch=4071/6249 step=10320 loss=0.000540 grad_norm=0.0114
2026-09-21T21:37:45.958533+00:00 rank=1 lora epoch=2/15 batch=4091/6249 step=10340 loss=0.000521 grad_norm=0.0065
2026-09-21T21:38:03.759365+00:00 rank=1 lora epoch=2/15 batch=4111/6249 step=10360 loss=0.698972 grad_norm=0.3043
2026-09-21T21:38:20.373222+00:00 rank=1 lora epoch=2/15 batch=4131/6249 step=10380 loss=0.653410 grad_norm=1.0371
2026-09-21T21:38:40.182721+00:00 rank=1 lora epoch=2/15 batch=4151/6249 step=10400 loss=0.588822 grad_norm=0.3330
2026-09-21T21:39:00.503460+00:00 rank=1 lora epoch=2/15 batch=4171/6249 step=10420 loss=0.661644 grad_norm=0.9330
2026-09-21T21:39:23.032329+00:00 rank=1 lora epoch=2/15 batch=4191/6249 step=10440 loss=0.000606 grad_norm=0.0082
2026-09-21T21:39:42.918867+00:00 rank=1 lora epoch=2/15 batch=4211/6249 step=10460 loss=0.002760 grad_norm=0.0424
2026-09-21T21:40:00.784949+00:00 rank=1 lora epoch=2/15 batch=4231/6249 step=10480 loss=0.681519 grad_norm=0.7769
2026-09-21T21:40:21.969486+00:00 rank=1 lora epoch=2/15 batch=4251/6249 step=10500 loss=0.000552 grad_norm=0.0071
2026-09-21T21:40:41.974277+00:00 rank=1 lora epoch=2/15 batch=4271/6249 step=10520 loss=0.569361 grad_norm=2.2754
2026-09-21T21:40:59.908286+00:00 rank=1 lora epoch=2/15 batch=4291/6249 step=10540 loss=0.000702 grad_norm=0.0097
2026-09-21T21:41:19.431000+00:00 rank=1 lora epoch=2/15 batch=4311/6249 step=10560 loss=0.657465 grad_norm=0.3512
2026-09-21T21:41:38.741751+00:00 rank=1 lora epoch=2/15 batch=4331/6249 step=10580 loss=0.582252 grad_norm=0.8851
2026-09-21T21:41:57.831469+00:00 rank=1 lora epoch=2/15 batch=4351/6249 step=10600 loss=0.337526 grad_norm=0.4501
2026-09-21T21:42:20.469973+00:00 rank=1 lora epoch=2/15 batch=4371/6249 step=10620 loss=0.407776 grad_norm=1.5533
2026-09-21T21:42:43.188645+00:00 rank=1 lora epoch=2/15 batch=4391/6249 step=10640 loss=0.245870 grad_norm=1.3654
2026-09-21T21:43:04.190373+00:00 rank=1 lora epoch=2/15 batch=4411/6249 step=10660 loss=0.633581 grad_norm=0.8936
2026-09-21T21:43:23.970066+00:00 rank=1 lora epoch=2/15 batch=4431/6249 step=10680 loss=0.144107 grad_norm=0.2706
2026-09-21T21:43:43.363382+00:00 rank=1 lora epoch=2/15 batch=4451/6249 step=10700 loss=0.292521 grad_norm=0.6116
2026-09-21T21:44:05.527741+00:00 rank=1 lora epoch=2/15 batch=4471/6249 step=10720 loss=0.602347 grad_norm=1.0800
2026-09-21T21:44:28.174295+00:00 rank=1 lora epoch=2/15 batch=4491/6249 step=10740 loss=0.000517 grad_norm=0.0078
2026-09-21T21:44:47.532690+00:00 rank=1 lora epoch=2/15 batch=4511/6249 step=10760 loss=0.679818 grad_norm=0.9098
2026-09-21T21:45:08.587116+00:00 rank=1 lora epoch=2/15 batch=4531/6249 step=10780 loss=0.699872 grad_norm=0.5716
2026-09-21T21:45:27.001182+00:00 rank=1 lora epoch=2/15 batch=4551/6249 step=10800 loss=0.000512 grad_norm=0.0070
2026-09-21T21:45:46.690051+00:00 rank=1 lora epoch=2/15 batch=4571/6249 step=10820 loss=0.645172 grad_norm=0.4888
2026-09-21T21:46:04.044353+00:00 rank=1 lora epoch=2/15 batch=4591/6249 step=10840 loss=0.616486 grad_norm=1.5502
2026-09-21T21:46:22.631770+00:00 rank=1 lora epoch=2/15 batch=4611/6249 step=10860 loss=0.196833 grad_norm=0.4507
2026-09-21T21:46:44.189644+00:00 rank=1 lora epoch=2/15 batch=4631/6249 step=10880 loss=0.000652 grad_norm=0.0074
2026-09-21T21:47:04.471855+00:00 rank=1 lora epoch=2/15 batch=4651/6249 step=10900 loss=0.775435 grad_norm=0.7360
2026-09-21T21:47:24.799651+00:00 rank=1 lora epoch=2/15 batch=4671/6249 step=10920 loss=0.710702 grad_norm=0.6436
2026-09-21T21:47:45.035326+00:00 rank=1 lora epoch=2/15 batch=4691/6249 step=10940 loss=0.000545 grad_norm=0.0095
2026-09-21T21:48:02.622142+00:00 rank=1 lora epoch=2/15 batch=4711/6249 step=10960 loss=0.000438 grad_norm=0.0054
2026-09-21T21:48:22.706844+00:00 rank=1 lora epoch=2/15 batch=4731/6249 step=10980 loss=0.000529 grad_norm=0.0117
2026-09-21T21:48:39.937140+00:00 rank=1 lora epoch=2/15 batch=4751/6249 step=11000 loss=0.000540 grad_norm=0.0131
2026-09-21T21:48:58.387718+00:00 rank=1 lora epoch=2/15 batch=4771/6249 step=11020 loss=0.563013 grad_norm=0.8429
2026-09-21T21:49:19.015168+00:00 rank=1 lora epoch=2/15 batch=4791/6249 step=11040 loss=0.000458 grad_norm=0.0074
2026-09-21T21:49:38.526206+00:00 rank=1 lora epoch=2/15 batch=4811/6249 step=11060 loss=0.000619 grad_norm=0.0273
2026-09-21T21:49:59.284491+00:00 rank=1 lora epoch=2/15 batch=4831/6249 step=11080 loss=0.702666 grad_norm=0.5500
2026-09-21T21:50:17.627228+00:00 rank=1 lora epoch=2/15 batch=4851/6249 step=11100 loss=0.564078 grad_norm=1.1789
2026-09-21T21:50:38.328472+00:00 rank=1 lora epoch=2/15 batch=4871/6249 step=11120 loss=0.229487 grad_norm=0.8260
2026-09-21T21:51:01.520270+00:00 rank=1 lora epoch=2/15 batch=4891/6249 step=11140 loss=0.581000 grad_norm=0.2453
2026-09-21T21:51:19.906915+00:00 rank=1 lora epoch=2/15 batch=4911/6249 step=11160 loss=0.602949 grad_norm=1.2499
2026-09-21T21:51:38.064773+00:00 rank=1 lora epoch=2/15 batch=4931/6249 step=11180 loss=0.621327 grad_norm=0.3675
2026-09-21T21:51:54.887446+00:00 rank=1 lora epoch=2/15 batch=4951/6249 step=11200 loss=0.576155 grad_norm=0.7136
2026-09-21T21:52:14.969887+00:00 rank=1 lora epoch=2/15 batch=4971/6249 step=11220 loss=0.734880 grad_norm=0.8798
2026-09-21T21:52:38.340918+00:00 rank=1 lora epoch=2/15 batch=4991/6249 step=11240 loss=0.563034 grad_norm=0.9926
2026-09-21T21:52:58.237020+00:00 rank=1 lora epoch=2/15 batch=5011/6249 step=11260 loss=0.000528 grad_norm=0.0078
2026-09-21T21:53:15.649052+00:00 rank=1 lora epoch=2/15 batch=5031/6249 step=11280 loss=0.549780 grad_norm=1.3685
2026-09-21T21:53:36.791290+00:00 rank=1 lora epoch=2/15 batch=5051/6249 step=11300 loss=0.596729 grad_norm=0.2592
2026-09-21T21:53:56.689968+00:00 rank=1 lora epoch=2/15 batch=5071/6249 step=11320 loss=0.000625 grad_norm=0.0150
2026-09-21T21:54:16.085155+00:00 rank=1 lora epoch=2/15 batch=5091/6249 step=11340 loss=0.600485 grad_norm=0.5732
2026-09-21T21:54:33.360757+00:00 rank=1 lora epoch=2/15 batch=5111/6249 step=11360 loss=0.678096 grad_norm=0.6958
2026-09-21T21:54:55.837613+00:00 rank=1 lora epoch=2/15 batch=5131/6249 step=11380 loss=0.735683 grad_norm=1.2631
2026-09-21T21:55:17.591318+00:00 rank=1 lora epoch=2/15 batch=5151/6249 step=11400 loss=0.000713 grad_norm=0.0109
2026-09-21T21:55:36.001431+00:00 rank=1 lora epoch=2/15 batch=5171/6249 step=11420 loss=0.660554 grad_norm=0.7380
2026-09-21T21:55:54.386989+00:00 rank=1 lora epoch=2/15 batch=5191/6249 step=11440 loss=0.720034 grad_norm=1.2924
2026-09-21T21:56:14.175658+00:00 rank=1 lora epoch=2/15 batch=5211/6249 step=11460 loss=0.002012 grad_norm=0.0381
2026-09-21T21:56:35.282395+00:00 rank=1 lora epoch=2/15 batch=5231/6249 step=11480 loss=0.554576 grad_norm=0.3809
2026-09-21T21:56:56.309634+00:00 rank=1 lora epoch=2/15 batch=5251/6249 step=11500 loss=0.623589 grad_norm=0.7257
2026-09-21T21:57:15.378830+00:00 rank=1 lora epoch=2/15 batch=5271/6249 step=11520 loss=0.000478 grad_norm=0.0072
2026-09-21T21:57:37.170210+00:00 rank=1 lora epoch=2/15 batch=5291/6249 step=11540 loss=0.000420 grad_norm=0.0044
2026-09-21T21:57:56.167646+00:00 rank=1 lora epoch=2/15 batch=5311/6249 step=11560 loss=0.724893 grad_norm=0.3828
2026-09-21T21:58:16.919973+00:00 rank=1 lora epoch=2/15 batch=5331/6249 step=11580 loss=0.000554 grad_norm=0.0077
2026-09-21T21:58:33.724368+00:00 rank=1 lora epoch=2/15 batch=5351/6249 step=11600 loss=0.000521 grad_norm=0.0067
2026-09-21T21:58:51.954178+00:00 rank=1 lora epoch=2/15 batch=5371/6249 step=11620 loss=0.000836 grad_norm=0.0192
2026-09-21T21:59:14.214691+00:00 rank=1 lora epoch=2/15 batch=5391/6249 step=11640 loss=0.000657 grad_norm=0.0107
2026-09-21T21:59:32.903852+00:00 rank=1 lora epoch=2/15 batch=5411/6249 step=11660 loss=0.691606 grad_norm=0.3553
2026-09-21T21:59:53.636769+00:00 rank=1 lora epoch=2/15 batch=5431/6249 step=11680 loss=0.607909 grad_norm=0.3042
2026-09-21T22:00:12.817921+00:00 rank=1 lora epoch=2/15 batch=5451/6249 step=11700 loss=0.424789 grad_norm=0.2943
2026-09-21T22:00:31.042447+00:00 rank=1 lora epoch=2/15 batch=5471/6249 step=11720 loss=0.398259 grad_norm=0.9198
2026-09-21T22:00:50.294797+00:00 rank=1 lora epoch=2/15 batch=5491/6249 step=11740 loss=0.000538 grad_norm=0.0093
2026-09-21T22:01:09.277810+00:00 rank=1 lora epoch=2/15 batch=5511/6249 step=11760 loss=0.651835 grad_norm=1.7241
2026-09-21T22:01:26.450248+00:00 rank=1 lora epoch=2/15 batch=5531/6249 step=11780 loss=0.618805 grad_norm=1.1300
2026-09-21T22:01:50.866500+00:00 rank=1 lora epoch=2/15 batch=5551/6249 step=11800 loss=0.350031 grad_norm=0.3789
2026-09-21T22:02:09.200796+00:00 rank=1 lora epoch=2/15 batch=5571/6249 step=11820 loss=0.000567 grad_norm=0.0082
2026-09-21T22:02:30.942688+00:00 rank=1 lora epoch=2/15 batch=5591/6249 step=11840 loss=0.000465 grad_norm=0.0056
2026-09-21T22:02:52.500655+00:00 rank=1 lora epoch=2/15 batch=5611/6249 step=11860 loss=0.566442 grad_norm=0.7445
2026-09-21T22:03:14.704733+00:00 rank=1 lora epoch=2/15 batch=5631/6249 step=11880 loss=0.572821 grad_norm=0.8862
2026-09-21T22:03:33.533113+00:00 rank=1 lora epoch=2/15 batch=5651/6249 step=11900 loss=0.002305 grad_norm=0.3163
2026-09-21T22:03:51.444212+00:00 rank=1 lora epoch=2/15 batch=5671/6249 step=11920 loss=0.638212 grad_norm=0.4772
2026-09-21T22:04:10.329994+00:00 rank=1 lora epoch=2/15 batch=5691/6249 step=11940 loss=0.648331 grad_norm=0.1899
2026-09-21T22:04:33.755440+00:00 rank=1 lora epoch=2/15 batch=5711/6249 step=11960 loss=0.537620 grad_norm=0.8833
2026-09-21T22:04:54.022863+00:00 rank=1 lora epoch=2/15 batch=5731/6249 step=11980 loss=0.142296 grad_norm=0.0233
2026-09-21T22:05:12.109721+00:00 rank=1 lora epoch=2/15 batch=5751/6249 step=12000 loss=0.558305 grad_norm=0.1823
2026-09-21T22:08:19.899925+00:00 rank=1 interval validation step=12000 metrics={'n': 20000, 'positive_fraction': 0.4633, 'mcc': 0.45469279473125124, 'f1': 0.7186906777487045, 'spearman_probability_label': 0.5960845972882338, 'threshold': 0.5}
2026-09-21T22:08:38.323678+00:00 rank=1 lora epoch=2/15 batch=5771/6249 step=12020 loss=0.604832 grad_norm=0.6955
2026-09-21T22:09:01.053672+00:00 rank=1 lora epoch=2/15 batch=5791/6249 step=12040 loss=0.000515 grad_norm=0.0084
2026-09-21T22:09:20.564865+00:00 rank=1 lora epoch=2/15 batch=5811/6249 step=12060 loss=0.613506 grad_norm=0.7964
2026-09-21T22:09:39.163368+00:00 rank=1 lora epoch=2/15 batch=5831/6249 step=12080 loss=0.000494 grad_norm=0.0072
2026-09-21T22:09:57.117712+00:00 rank=1 lora epoch=2/15 batch=5851/6249 step=12100 loss=0.641242 grad_norm=0.4381
2026-09-21T22:10:16.993036+00:00 rank=1 lora epoch=2/15 batch=5871/6249 step=12120 loss=0.537414 grad_norm=1.1597
2026-09-21T22:10:38.448992+00:00 rank=1 lora epoch=2/15 batch=5891/6249 step=12140 loss=0.688894 grad_norm=1.2328
2026-09-21T22:10:58.055891+00:00 rank=1 lora epoch=2/15 batch=5911/6249 step=12160 loss=0.671495 grad_norm=0.8322
2026-09-21T22:11:19.668421+00:00 rank=1 lora epoch=2/15 batch=5931/6249 step=12180 loss=0.557548 grad_norm=0.8543
2026-09-21T22:11:36.852666+00:00 rank=1 lora epoch=2/15 batch=5951/6249 step=12200 loss=0.660535 grad_norm=0.4225
2026-09-21T22:11:56.051439+00:00 rank=1 lora epoch=2/15 batch=5971/6249 step=12220 loss=0.000530 grad_norm=0.0101
2026-09-21T22:12:15.860347+00:00 rank=1 lora epoch=2/15 batch=5991/6249 step=12240 loss=0.634964 grad_norm=0.3462
2026-09-21T22:12:36.546691+00:00 rank=1 lora epoch=2/15 batch=6011/6249 step=12260 loss=0.649243 grad_norm=0.3564
2026-09-21T22:12:52.535439+00:00 rank=1 lora epoch=2/15 batch=6031/6249 step=12280 loss=0.693618 grad_norm=0.9751
2026-09-21T22:13:13.040752+00:00 rank=1 lora epoch=2/15 batch=6051/6249 step=12300 loss=0.000494 grad_norm=0.0088
2026-09-21T22:13:32.774037+00:00 rank=1 lora epoch=2/15 batch=6071/6249 step=12320 loss=0.614351 grad_norm=0.8234
2026-09-21T22:13:52.309283+00:00 rank=1 lora epoch=2/15 batch=6091/6249 step=12340 loss=0.415317 grad_norm=0.9611
2026-09-21T22:14:12.925183+00:00 rank=1 lora epoch=2/15 batch=6111/6249 step=12360 loss=0.001014 grad_norm=0.0117
2026-09-21T22:14:32.550991+00:00 rank=1 lora epoch=2/15 batch=6131/6249 step=12380 loss=0.000494 grad_norm=0.0069
2026-09-21T22:14:53.070890+00:00 rank=1 lora epoch=2/15 batch=6151/6249 step=12400 loss=0.683708 grad_norm=0.5680
2026-09-21T22:15:12.956953+00:00 rank=1 lora epoch=2/15 batch=6171/6249 step=12420 loss=0.000524 grad_norm=0.0086
2026-09-21T22:15:32.973953+00:00 rank=1 lora epoch=2/15 batch=6191/6249 step=12440 loss=0.716717 grad_norm=0.6763
2026-09-21T22:15:50.399675+00:00 rank=1 lora epoch=2/15 batch=6211/6249 step=12460 loss=0.581843 grad_norm=1.3979
2026-09-21T22:16:06.454797+00:00 rank=1 lora epoch=2/15 batch=6231/6249 step=12480 loss=0.756575 grad_norm=1.1373
2026-09-21T22:19:34.022102+00:00 rank=1 lora epoch=2 completed=True loss=0.4180933649049555 validation={'n': 20000, 'positive_fraction': 0.4633, 'mcc': 0.47776162203184375, 'f1': 0.7435481629059908, 'spearman_probability_label': 0.59095009450364, 'threshold': 0.5}
2026-09-21T22:19:35.916777+00:00 rank=1 lora epoch=3/15 batch=2/6249 step=12500 loss=0.581267 grad_norm=0.3131
2026-09-21T22:19:55.853121+00:00 rank=1 lora epoch=3/15 batch=22/6249 step=12520 loss=0.774299 grad_norm=1.2916
2026-09-21T22:20:17.453088+00:00 rank=1 lora epoch=3/15 batch=42/6249 step=12540 loss=0.430629 grad_norm=1.0150
2026-09-21T22:20:36.663829+00:00 rank=1 lora epoch=3/15 batch=62/6249 step=12560 loss=0.000392 grad_norm=0.0045
2026-09-21T22:20:54.308157+00:00 rank=1 lora epoch=3/15 batch=82/6249 step=12580 loss=0.257168 grad_norm=0.3811
2026-09-21T22:21:08.780794+00:00 rank=1 lora epoch=3/15 batch=102/6249 step=12600 loss=0.562742 grad_norm=0.3156
2026-09-21T22:21:20.681416+00:00 rank=1 lora epoch=3/15 batch=122/6249 step=12620 loss=0.609063 grad_norm=0.6986
2026-09-21T22:21:32.081690+00:00 rank=1 lora epoch=3/15 batch=142/6249 step=12640 loss=0.439153 grad_norm=1.0558
2026-09-21T22:21:41.257983+00:00 rank=1 lora epoch=3/15 batch=162/6249 step=12660 loss=0.000466 grad_norm=0.0063
2026-09-21T22:21:51.331089+00:00 rank=1 lora epoch=3/15 batch=182/6249 step=12680 loss=0.653816 grad_norm=0.3261
2026-09-21T22:22:04.480671+00:00 rank=1 lora epoch=3/15 batch=202/6249 step=12700 loss=0.626390 grad_norm=1.0012
2026-09-21T22:22:16.262605+00:00 rank=1 lora epoch=3/15 batch=222/6249 step=12720 loss=0.704750 grad_norm=0.9690
2026-09-21T22:22:25.687934+00:00 rank=1 lora epoch=3/15 batch=242/6249 step=12740 loss=0.723233 grad_norm=0.6576
2026-09-21T22:22:41.195834+00:00 rank=1 lora epoch=3/15 batch=262/6249 step=12760 loss=0.669983 grad_norm=0.8983
2026-09-21T22:22:50.844631+00:00 rank=1 lora epoch=3/15 batch=282/6249 step=12780 loss=0.663781 grad_norm=0.6382
2026-09-21T22:23:00.751725+00:00 rank=1 lora epoch=3/15 batch=302/6249 step=12800 loss=0.000598 grad_norm=0.0110
2026-09-21T22:23:12.483616+00:00 rank=1 lora epoch=3/15 batch=322/6249 step=12820 loss=0.639419 grad_norm=0.2706
2026-09-21T22:23:23.676235+00:00 rank=1 lora epoch=3/15 batch=342/6249 step=12840 loss=0.658462 grad_norm=0.4430
2026-09-21T22:23:34.175591+00:00 rank=1 lora epoch=3/15 batch=362/6249 step=12860 loss=0.000468 grad_norm=0.0064
2026-09-21T22:23:47.380333+00:00 rank=1 lora epoch=3/15 batch=382/6249 step=12880 loss=0.606570 grad_norm=0.6214
2026-09-21T22:23:58.051888+00:00 rank=1 lora epoch=3/15 batch=402/6249 step=12900 loss=0.610020 grad_norm=0.3614
2026-09-21T22:24:07.858154+00:00 rank=1 lora epoch=3/15 batch=422/6249 step=12920 loss=0.000672 grad_norm=0.0210
2026-09-21T22:24:20.411892+00:00 rank=1 lora epoch=3/15 batch=442/6249 step=12940 loss=0.000456 grad_norm=0.0085
2026-09-21T22:24:30.164816+00:00 rank=1 lora epoch=3/15 batch=462/6249 step=12960 loss=0.631477 grad_norm=0.5020
2026-09-21T22:24:39.899644+00:00 rank=1 lora epoch=3/15 batch=482/6249 step=12980 loss=0.260649 grad_norm=1.1447
2026-09-21T22:24:50.892745+00:00 rank=1 lora epoch=3/15 batch=502/6249 step=13000 loss=0.334707 grad_norm=1.0018
2026-09-21T22:25:00.550181+00:00 rank=1 lora epoch=3/15 batch=522/6249 step=13020 loss=0.540367 grad_norm=0.3980
2026-09-21T22:25:11.092747+00:00 rank=1 lora epoch=3/15 batch=542/6249 step=13040 loss=0.594796 grad_norm=1.3353
2026-09-21T22:25:24.381459+00:00 rank=1 lora epoch=3/15 batch=562/6249 step=13060 loss=0.000453 grad_norm=0.1444
2026-09-21T22:25:34.766764+00:00 rank=1 lora epoch=3/15 batch=582/6249 step=13080 loss=0.598064 grad_norm=1.0248
2026-09-21T22:25:45.527676+00:00 rank=1 lora epoch=3/15 batch=602/6249 step=13100 loss=0.704287 grad_norm=1.3816
2026-09-21T22:25:55.829437+00:00 rank=1 lora epoch=3/15 batch=622/6249 step=13120 loss=0.000478 grad_norm=0.0064
2026-09-21T22:26:06.289023+00:00 rank=1 lora epoch=3/15 batch=642/6249 step=13140 loss=0.435500 grad_norm=0.4843
2026-09-21T22:26:15.103037+00:00 rank=1 lora epoch=3/15 batch=662/6249 step=13160 loss=0.695039 grad_norm=0.1622
2026-09-21T22:26:26.585490+00:00 rank=1 lora epoch=3/15 batch=682/6249 step=13180 loss=0.001427 grad_norm=0.0252
2026-09-21T22:26:37.548408+00:00 rank=1 lora epoch=3/15 batch=702/6249 step=13200 loss=0.632838 grad_norm=0.6724
2026-09-21T22:26:48.490149+00:00 rank=1 lora epoch=3/15 batch=722/6249 step=13220 loss=0.671792 grad_norm=0.5769
2026-09-21T22:26:58.260860+00:00 rank=1 lora epoch=3/15 batch=742/6249 step=13240 loss=0.605655 grad_norm=0.9695
2026-09-21T22:27:08.901973+00:00 rank=1 lora epoch=3/15 batch=762/6249 step=13260 loss=0.682579 grad_norm=0.7566
2026-09-21T22:27:20.238095+00:00 rank=1 lora epoch=3/15 batch=782/6249 step=13280 loss=0.708680 grad_norm=0.4959
2026-09-21T22:27:32.381228+00:00 rank=1 lora epoch=3/15 batch=802/6249 step=13300 loss=0.603749 grad_norm=0.7701
2026-09-21T22:27:42.593610+00:00 rank=1 lora epoch=3/15 batch=822/6249 step=13320 loss=0.000504 grad_norm=0.0108
2026-09-21T22:27:52.302099+00:00 rank=1 lora epoch=3/15 batch=842/6249 step=13340 loss=0.587548 grad_norm=0.5502
2026-09-21T22:28:05.209921+00:00 rank=1 lora epoch=3/15 batch=862/6249 step=13360 loss=0.621491 grad_norm=0.3514
2026-09-21T22:28:16.549916+00:00 rank=1 lora epoch=3/15 batch=882/6249 step=13380 loss=0.103341 grad_norm=1.1119
2026-09-21T22:28:28.712412+00:00 rank=1 lora epoch=3/15 batch=902/6249 step=13400 loss=0.000395 grad_norm=0.0045
2026-09-21T22:28:38.493765+00:00 rank=1 lora epoch=3/15 batch=922/6249 step=13420 loss=0.694849 grad_norm=0.3025
2026-09-21T22:28:48.894864+00:00 rank=1 lora epoch=3/15 batch=942/6249 step=13440 loss=0.000388 grad_norm=0.0068
2026-09-21T22:29:03.161980+00:00 rank=1 lora epoch=3/15 batch=962/6249 step=13460 loss=0.699371 grad_norm=1.0365
2026-09-21T22:29:12.894975+00:00 rank=1 lora epoch=3/15 batch=982/6249 step=13480 loss=0.000422 grad_norm=0.0048
2026-09-21T22:29:24.916934+00:00 rank=1 lora epoch=3/15 batch=1002/6249 step=13500 loss=0.000440 grad_norm=0.0061
2026-09-21T22:29:36.480205+00:00 rank=1 lora epoch=3/15 batch=1022/6249 step=13520 loss=0.665655 grad_norm=1.3470
2026-09-21T22:29:45.993335+00:00 rank=1 lora epoch=3/15 batch=1042/6249 step=13540 loss=0.554561 grad_norm=0.6180
2026-09-21T22:29:56.184972+00:00 rank=1 lora epoch=3/15 batch=1062/6249 step=13560 loss=0.120620 grad_norm=0.6162
2026-09-21T22:30:06.291215+00:00 rank=1 lora epoch=3/15 batch=1082/6249 step=13580 loss=0.248033 grad_norm=0.9689
2026-09-21T22:30:17.827672+00:00 rank=1 lora epoch=3/15 batch=1102/6249 step=13600 loss=0.000388 grad_norm=0.0043
2026-09-21T22:30:26.937440+00:00 rank=1 lora epoch=3/15 batch=1122/6249 step=13620 loss=0.669562 grad_norm=0.3859
2026-09-21T22:30:39.295259+00:00 rank=1 lora epoch=3/15 batch=1142/6249 step=13640 loss=0.667506 grad_norm=1.0152
2026-09-21T22:30:50.987561+00:00 rank=1 lora epoch=3/15 batch=1162/6249 step=13660 loss=0.000487 grad_norm=0.0081
2026-09-21T22:31:01.562876+00:00 rank=1 lora epoch=3/15 batch=1182/6249 step=13680 loss=0.000590 grad_norm=0.0132
2026-09-21T22:31:12.466586+00:00 rank=1 lora epoch=3/15 batch=1202/6249 step=13700 loss=0.677264 grad_norm=0.2797
2026-09-21T22:31:23.284300+00:00 rank=1 lora epoch=3/15 batch=1222/6249 step=13720 loss=0.627408 grad_norm=1.0626
2026-09-21T22:31:37.107667+00:00 rank=1 lora epoch=3/15 batch=1242/6249 step=13740 loss=0.000815 grad_norm=0.0174
2026-09-21T22:31:46.325923+00:00 rank=1 lora epoch=3/15 batch=1262/6249 step=13760 loss=0.510496 grad_norm=1.2060
2026-09-21T22:31:55.608514+00:00 rank=1 lora epoch=3/15 batch=1282/6249 step=13780 loss=0.604455 grad_norm=0.4576
2026-09-21T22:32:06.676676+00:00 rank=1 lora epoch=3/15 batch=1302/6249 step=13800 loss=0.309455 grad_norm=0.4647
2026-09-21T22:32:18.080071+00:00 rank=1 lora epoch=3/15 batch=1322/6249 step=13820 loss=0.000393 grad_norm=0.0041
2026-09-21T22:32:29.439027+00:00 rank=1 lora epoch=3/15 batch=1342/6249 step=13840 loss=0.631181 grad_norm=0.8267
2026-09-21T22:32:41.928498+00:00 rank=1 lora epoch=3/15 batch=1362/6249 step=13860 loss=0.000410 grad_norm=0.0064
2026-09-21T22:32:52.943527+00:00 rank=1 lora epoch=3/15 batch=1382/6249 step=13880 loss=0.645192 grad_norm=0.3679
2026-09-21T22:33:03.694541+00:00 rank=1 lora epoch=3/15 batch=1402/6249 step=13900 loss=0.594937 grad_norm=0.5023
2026-09-21T22:33:14.018318+00:00 rank=1 lora epoch=3/15 batch=1422/6249 step=13920 loss=0.620963 grad_norm=1.1262
2026-09-21T22:33:24.478616+00:00 rank=1 lora epoch=3/15 batch=1442/6249 step=13940 loss=0.603303 grad_norm=0.9407
2026-09-21T22:33:36.312603+00:00 rank=1 lora epoch=3/15 batch=1462/6249 step=13960 loss=0.558355 grad_norm=0.1864
2026-09-21T22:33:45.649939+00:00 rank=1 lora epoch=3/15 batch=1482/6249 step=13980 loss=0.730182 grad_norm=0.3185
2026-09-21T22:33:58.249194+00:00 rank=1 lora epoch=3/15 batch=1502/6249 step=14000 loss=0.095807 grad_norm=0.4476
2026-09-21T22:35:35.512904+00:00 rank=1 interval validation step=14000 metrics={'n': 20000, 'positive_fraction': 0.4633, 'mcc': 0.49908265893815706, 'f1': 0.7543091899615969, 'spearman_probability_label': 0.5971478136869867, 'threshold': 0.5}
2026-09-21T22:35:47.638699+00:00 rank=1 lora epoch=3/15 batch=1522/6249 step=14020 loss=0.000384 grad_norm=0.0073
2026-09-21T22:35:57.605040+00:00 rank=1 lora epoch=3/15 batch=1542/6249 step=14040 loss=0.587597 grad_norm=0.7262
2026-09-21T22:36:08.385724+00:00 rank=1 lora epoch=3/15 batch=1562/6249 step=14060 loss=0.628329 grad_norm=0.2331
2026-09-21T22:36:20.415493+00:00 rank=1 lora epoch=3/15 batch=1582/6249 step=14080 loss=0.705132 grad_norm=0.9385
2026-09-21T22:36:32.670239+00:00 rank=1 lora epoch=3/15 batch=1602/6249 step=14100 loss=0.000360 grad_norm=0.3981
2026-09-21T22:36:45.819879+00:00 rank=1 lora epoch=3/15 batch=1622/6249 step=14120 loss=0.000672 grad_norm=0.0618
2026-09-21T22:36:58.144066+00:00 rank=1 lora epoch=3/15 batch=1642/6249 step=14140 loss=0.380435 grad_norm=0.3855
2026-09-21T22:37:07.791122+00:00 rank=1 lora epoch=3/15 batch=1662/6249 step=14160 loss=0.573099 grad_norm=0.4681
2026-09-21T22:37:18.834392+00:00 rank=1 lora epoch=3/15 batch=1682/6249 step=14180 loss=0.008932 grad_norm=0.0401
2026-09-21T22:37:28.233231+00:00 rank=1 lora epoch=3/15 batch=1702/6249 step=14200 loss=0.654291 grad_norm=0.4663
2026-09-21T22:37:38.617585+00:00 rank=1 lora epoch=3/15 batch=1722/6249 step=14220 loss=0.655227 grad_norm=0.5210
2026-09-21T22:37:49.164417+00:00 rank=1 lora epoch=3/15 batch=1742/6249 step=14240 loss=0.000702 grad_norm=0.0111
2026-09-21T22:38:00.371445+00:00 rank=1 lora epoch=3/15 batch=1762/6249 step=14260 loss=0.641037 grad_norm=0.9455
2026-09-21T22:38:10.395660+00:00 rank=1 lora epoch=3/15 batch=1782/6249 step=14280 loss=0.000678 grad_norm=0.0897
2026-09-21T22:38:20.324616+00:00 rank=1 lora epoch=3/15 batch=1802/6249 step=14300 loss=0.718748 grad_norm=0.5705
2026-09-21T22:38:32.754606+00:00 rank=1 lora epoch=3/15 batch=1822/6249 step=14320 loss=0.673919 grad_norm=0.6497
2026-09-21T22:38:44.480316+00:00 rank=1 lora epoch=3/15 batch=1842/6249 step=14340 loss=0.688193 grad_norm=0.3596
2026-09-21T22:38:54.082416+00:00 rank=1 lora epoch=3/15 batch=1862/6249 step=14360 loss=0.639761 grad_norm=1.1451
2026-09-21T22:39:03.628924+00:00 rank=1 lora epoch=3/15 batch=1882/6249 step=14380 loss=0.000774 grad_norm=0.0103
2026-09-21T22:39:13.532193+00:00 rank=1 lora epoch=3/15 batch=1902/6249 step=14400 loss=0.663171 grad_norm=0.6873
2026-09-21T22:39:25.755185+00:00 rank=1 lora epoch=3/15 batch=1922/6249 step=14420 loss=0.378059 grad_norm=2.3052
2026-09-21T22:39:37.338921+00:00 rank=1 lora epoch=3/15 batch=1942/6249 step=14440 loss=0.574750 grad_norm=0.3063
2026-09-21T22:39:54.569785+00:00 rank=1 lora epoch=3/15 batch=1962/6249 step=14460 loss=0.375540 grad_norm=0.3104
2026-09-21T22:40:04.597812+00:00 rank=1 lora epoch=3/15 batch=1982/6249 step=14480 loss=0.806747 grad_norm=0.8437
2026-09-21T22:40:16.230141+00:00 rank=1 lora epoch=3/15 batch=2002/6249 step=14500 loss=0.620379 grad_norm=0.2002
2026-09-21T22:40:26.435213+00:00 rank=1 lora epoch=3/15 batch=2022/6249 step=14520 loss=0.632566 grad_norm=0.4117
2026-09-21T22:40:38.980693+00:00 rank=1 lora epoch=3/15 batch=2042/6249 step=14540 loss=0.580742 grad_norm=0.4464
2026-09-21T22:40:49.333486+00:00 rank=1 lora epoch=3/15 batch=2062/6249 step=14560 loss=0.000490 grad_norm=0.0090
2026-09-21T22:41:00.648562+00:00 rank=1 lora epoch=3/15 batch=2082/6249 step=14580 loss=0.605422 grad_norm=0.1827
2026-09-21T22:41:12.729879+00:00 rank=1 lora epoch=3/15 batch=2102/6249 step=14600 loss=0.000397 grad_norm=0.0048
2026-09-21T22:41:25.396344+00:00 rank=1 lora epoch=3/15 batch=2122/6249 step=14620 loss=0.631433 grad_norm=0.2647
2026-09-21T22:41:35.829648+00:00 rank=1 lora epoch=3/15 batch=2142/6249 step=14640 loss=0.377480 grad_norm=2.2471
2026-09-21T22:41:49.175984+00:00 rank=1 lora epoch=3/15 batch=2162/6249 step=14660 loss=0.664251 grad_norm=0.4255
2026-09-21T22:42:01.172627+00:00 rank=1 lora epoch=3/15 batch=2182/6249 step=14680 loss=0.673248 grad_norm=0.2084
2026-09-21T22:42:13.413015+00:00 rank=1 lora epoch=3/15 batch=2202/6249 step=14700 loss=0.638916 grad_norm=0.4098
2026-09-21T22:42:22.842681+00:00 rank=1 lora epoch=3/15 batch=2222/6249 step=14720 loss=0.000312 grad_norm=0.0034
2026-09-21T22:42:37.218495+00:00 rank=1 lora epoch=3/15 batch=2242/6249 step=14740 loss=0.000413 grad_norm=0.0062
2026-09-21T22:42:48.947847+00:00 rank=1 lora epoch=3/15 batch=2262/6249 step=14760 loss=0.652950 grad_norm=0.2424
2026-09-21T22:42:59.794252+00:00 rank=1 lora epoch=3/15 batch=2282/6249 step=14780 loss=0.618529 grad_norm=1.0200
2026-09-21T22:43:12.917259+00:00 rank=1 lora epoch=3/15 batch=2302/6249 step=14800 loss=0.711598 grad_norm=0.2382
2026-09-21T22:43:23.856455+00:00 rank=1 lora epoch=3/15 batch=2322/6249 step=14820 loss=0.538962 grad_norm=0.3281
2026-09-21T22:43:34.673120+00:00 rank=1 lora epoch=3/15 batch=2342/6249 step=14840 loss=0.644285 grad_norm=0.8039
2026-09-21T22:43:45.194022+00:00 rank=1 lora epoch=3/15 batch=2362/6249 step=14860 loss=0.589551 grad_norm=0.9486
2026-09-21T22:43:54.614141+00:00 rank=1 lora epoch=3/15 batch=2382/6249 step=14880 loss=0.000672 grad_norm=0.0087
2026-09-21T22:44:04.100688+00:00 rank=1 lora epoch=3/15 batch=2402/6249 step=14900 loss=0.290907 grad_norm=0.6478
2026-09-21T22:44:18.623524+00:00 rank=1 lora epoch=3/15 batch=2422/6249 step=14920 loss=0.618629 grad_norm=0.5072
2026-09-21T22:44:30.157430+00:00 rank=1 lora epoch=3/15 batch=2442/6249 step=14940 loss=0.705242 grad_norm=1.0324
2026-09-21T22:44:41.262993+00:00 rank=1 lora epoch=3/15 batch=2462/6249 step=14960 loss=0.572173 grad_norm=0.9641
2026-09-21T22:44:50.898609+00:00 rank=1 lora epoch=3/15 batch=2482/6249 step=14980 loss=0.607982 grad_norm=2.7758
2026-09-21T22:45:05.571448+00:00 rank=1 lora epoch=3/15 batch=2502/6249 step=15000 loss=0.001394 grad_norm=0.0173
2026-09-21T22:45:15.580452+00:00 rank=1 lora epoch=3/15 batch=2522/6249 step=15020 loss=0.047031 grad_norm=0.2144
2026-09-21T22:45:25.465779+00:00 rank=1 lora epoch=3/15 batch=2542/6249 step=15040 loss=0.665585 grad_norm=0.8100
2026-09-21T22:45:36.571911+00:00 rank=1 lora epoch=3/15 batch=2562/6249 step=15060 loss=0.419647 grad_norm=1.1020
2026-09-21T22:45:46.996950+00:00 rank=1 lora epoch=3/15 batch=2582/6249 step=15080 loss=0.193383 grad_norm=0.8405
2026-09-21T22:45:58.415192+00:00 rank=1 lora epoch=3/15 batch=2602/6249 step=15100 loss=0.717511 grad_norm=0.5703
2026-09-21T22:46:08.761236+00:00 rank=1 lora epoch=3/15 batch=2622/6249 step=15120 loss=0.557002 grad_norm=0.3830
2026-09-21T22:46:21.255509+00:00 rank=1 lora epoch=3/15 batch=2642/6249 step=15140 loss=0.000370 grad_norm=0.0055
2026-09-21T22:46:32.970208+00:00 rank=1 lora epoch=3/15 batch=2662/6249 step=15160 loss=0.609891 grad_norm=0.5418
2026-09-21T22:46:42.796791+00:00 rank=1 lora epoch=3/15 batch=2682/6249 step=15180 loss=0.603988 grad_norm=0.6326
2026-09-21T22:46:53.385428+00:00 rank=1 lora epoch=3/15 batch=2702/6249 step=15200 loss=0.625183 grad_norm=0.8397
2026-09-21T22:47:03.471058+00:00 rank=1 lora epoch=3/15 batch=2722/6249 step=15220 loss=0.000686 grad_norm=0.0081
2026-09-21T22:47:14.072306+00:00 rank=1 lora epoch=3/15 batch=2742/6249 step=15240 loss=0.449995 grad_norm=1.2016
2026-09-21T22:47:25.117799+00:00 rank=1 lora epoch=3/15 batch=2762/6249 step=15260 loss=0.658886 grad_norm=0.8288
2026-09-21T22:47:36.431137+00:00 rank=1 lora epoch=3/15 batch=2782/6249 step=15280 loss=0.512217 grad_norm=0.4052
2026-09-21T22:47:46.617090+00:00 rank=1 lora epoch=3/15 batch=2802/6249 step=15300 loss=0.640168 grad_norm=0.3003
2026-09-21T22:47:58.845044+00:00 rank=1 lora epoch=3/15 batch=2822/6249 step=15320 loss=0.687360 grad_norm=0.1834
2026-09-21T22:48:08.570621+00:00 rank=1 lora epoch=3/15 batch=2842/6249 step=15340 loss=0.000330 grad_norm=0.0036
2026-09-21T22:48:18.965022+00:00 rank=1 lora epoch=3/15 batch=2862/6249 step=15360 loss=0.001051 grad_norm=0.0208
2026-09-21T22:48:28.850435+00:00 rank=1 lora epoch=3/15 batch=2882/6249 step=15380 loss=0.653969 grad_norm=0.6241
2026-09-21T22:48:39.362858+00:00 rank=1 lora epoch=3/15 batch=2902/6249 step=15400 loss=0.624702 grad_norm=0.1188
2026-09-21T22:48:50.335691+00:00 rank=1 lora epoch=3/15 batch=2922/6249 step=15420 loss=0.657580 grad_norm=1.0821
2026-09-21T22:49:03.865716+00:00 rank=1 lora epoch=3/15 batch=2942/6249 step=15440 loss=0.000295 grad_norm=0.0756
2026-09-21T22:49:14.687653+00:00 rank=1 lora epoch=3/15 batch=2962/6249 step=15460 loss=0.601782 grad_norm=0.2395
2026-09-21T22:49:26.339556+00:00 rank=1 lora epoch=3/15 batch=2982/6249 step=15480 loss=0.598202 grad_norm=0.7149
2026-09-21T22:49:37.664206+00:00 rank=1 lora epoch=3/15 batch=3002/6249 step=15500 loss=0.000455 grad_norm=0.0070
2026-09-21T22:49:48.439740+00:00 rank=1 lora epoch=3/15 batch=3022/6249 step=15520 loss=0.000387 grad_norm=0.0055
2026-09-21T22:49:59.820172+00:00 rank=1 lora epoch=3/15 batch=3042/6249 step=15540 loss=0.698111 grad_norm=0.9599
2026-09-21T22:50:11.589502+00:00 rank=1 lora epoch=3/15 batch=3062/6249 step=15560 loss=0.581752 grad_norm=0.8393
2026-09-21T22:50:21.419726+00:00 rank=1 lora epoch=3/15 batch=3082/6249 step=15580 loss=0.118907 grad_norm=0.5703
2026-09-21T22:50:33.269428+00:00 rank=1 lora epoch=3/15 batch=3102/6249 step=15600 loss=0.691798 grad_norm=0.3654
2026-09-21T22:50:43.538434+00:00 rank=1 lora epoch=3/15 batch=3122/6249 step=15620 loss=0.023285 grad_norm=0.1132
2026-09-21T22:50:55.705874+00:00 rank=1 lora epoch=3/15 batch=3142/6249 step=15640 loss=0.000403 grad_norm=0.0058
2026-09-21T22:51:05.050265+00:00 rank=1 lora epoch=3/15 batch=3162/6249 step=15660 loss=0.560660 grad_norm=0.3332
2026-09-21T22:51:15.368154+00:00 rank=1 lora epoch=3/15 batch=3182/6249 step=15680 loss=0.001180 grad_norm=0.0218
2026-09-21T22:51:26.744836+00:00 rank=1 lora epoch=3/15 batch=3202/6249 step=15700 loss=0.390702 grad_norm=0.8570
2026-09-21T22:51:36.531788+00:00 rank=1 lora epoch=3/15 batch=3222/6249 step=15720 loss=0.655803 grad_norm=0.9745
2026-09-21T22:51:46.406813+00:00 rank=1 lora epoch=3/15 batch=3242/6249 step=15740 loss=0.745593 grad_norm=1.3179
2026-09-21T22:51:56.949183+00:00 rank=1 lora epoch=3/15 batch=3262/6249 step=15760 loss=0.635148 grad_norm=0.5394
2026-09-21T22:52:07.511034+00:00 rank=1 lora epoch=3/15 batch=3282/6249 step=15780 loss=0.720791 grad_norm=0.4784
2026-09-21T22:52:19.899382+00:00 rank=1 lora epoch=3/15 batch=3302/6249 step=15800 loss=0.445502 grad_norm=0.3987
2026-09-21T22:52:30.599945+00:00 rank=1 lora epoch=3/15 batch=3322/6249 step=15820 loss=0.000582 grad_norm=0.0111
2026-09-21T22:52:40.641987+00:00 rank=1 lora epoch=3/15 batch=3342/6249 step=15840 loss=0.238011 grad_norm=0.7281
2026-09-21T22:52:51.967632+00:00 rank=1 lora epoch=3/15 batch=3362/6249 step=15860 loss=0.000386 grad_norm=0.0052
2026-09-21T22:53:03.765634+00:00 rank=1 lora epoch=3/15 batch=3382/6249 step=15880 loss=0.659648 grad_norm=0.4232
2026-09-21T22:53:14.061933+00:00 rank=1 lora epoch=3/15 batch=3402/6249 step=15900 loss=0.000537 grad_norm=0.0164
2026-09-21T22:53:24.375770+00:00 rank=1 lora epoch=3/15 batch=3422/6249 step=15920 loss=0.280460 grad_norm=0.4528
2026-09-21T22:53:34.228857+00:00 rank=1 lora epoch=3/15 batch=3442/6249 step=15940 loss=0.689317 grad_norm=0.6282
2026-09-21T22:53:46.592406+00:00 rank=1 lora epoch=3/15 batch=3462/6249 step=15960 loss=0.000314 grad_norm=0.0062
2026-09-21T22:54:00.013191+00:00 rank=1 lora epoch=3/15 batch=3482/6249 step=15980 loss=0.000382 grad_norm=0.0055
2026-09-21T22:54:10.445810+00:00 rank=1 lora epoch=3/15 batch=3502/6249 step=16000 loss=0.667237 grad_norm=1.5170
2026-09-21T22:55:48.106810+00:00 rank=1 interval validation step=16000 metrics={'n': 20000, 'positive_fraction': 0.4633, 'mcc': 0.4470833623634412, 'f1': 0.6859892312979723, 'spearman_probability_label': 0.5961609410229971, 'threshold': 0.5}
2026-09-21T22:55:59.204028+00:00 rank=1 lora epoch=3/15 batch=3522/6249 step=16020 loss=0.000388 grad_norm=0.0057
2026-09-21T22:56:12.310488+00:00 rank=1 lora epoch=3/15 batch=3542/6249 step=16040 loss=0.585460 grad_norm=0.9403
2026-09-21T22:56:22.991437+00:00 rank=1 lora epoch=3/15 batch=3562/6249 step=16060 loss=0.199383 grad_norm=0.1479
2026-09-21T22:56:33.842378+00:00 rank=1 lora epoch=3/15 batch=3582/6249 step=16080 loss=0.000322 grad_norm=0.4488
2026-09-21T22:56:46.976466+00:00 rank=1 lora epoch=3/15 batch=3602/6249 step=16100 loss=0.656211 grad_norm=1.0386
2026-09-21T22:56:57.539158+00:00 rank=1 lora epoch=3/15 batch=3622/6249 step=16120 loss=0.663743 grad_norm=0.5267
2026-09-21T22:57:09.795810+00:00 rank=1 lora epoch=3/15 batch=3642/6249 step=16140 loss=0.000438 grad_norm=0.0130
2026-09-21T22:57:20.148571+00:00 rank=1 lora epoch=3/15 batch=3662/6249 step=16160 loss=0.618178 grad_norm=0.5915
2026-09-21T22:57:29.262030+00:00 rank=1 lora epoch=3/15 batch=3682/6249 step=16180 loss=0.000521 grad_norm=0.8681
2026-09-21T22:57:40.577488+00:00 rank=1 lora epoch=3/15 batch=3702/6249 step=16200 loss=0.588677 grad_norm=1.2470
2026-09-21T22:57:50.885747+00:00 rank=1 lora epoch=3/15 batch=3722/6249 step=16220 loss=0.588101 grad_norm=0.6270
2026-09-21T22:58:00.840211+00:00 rank=1 lora epoch=3/15 batch=3742/6249 step=16240 loss=0.211446 grad_norm=0.4059
2026-09-21T22:58:11.474543+00:00 rank=1 lora epoch=3/15 batch=3762/6249 step=16260 loss=0.717738 grad_norm=1.2123
2026-09-21T22:58:22.396511+00:00 rank=1 lora epoch=3/15 batch=3782/6249 step=16280 loss=0.604182 grad_norm=0.3585
2026-09-21T22:58:32.892463+00:00 rank=1 lora epoch=3/15 batch=3802/6249 step=16300 loss=0.657397 grad_norm=0.3485
2026-09-21T22:58:44.068878+00:00 rank=1 lora epoch=3/15 batch=3822/6249 step=16320 loss=0.000831 grad_norm=0.0131
2026-09-21T22:58:55.206246+00:00 rank=1 lora epoch=3/15 batch=3842/6249 step=16340 loss=0.729606 grad_norm=0.6896
2026-09-21T22:59:05.378365+00:00 rank=1 lora epoch=3/15 batch=3862/6249 step=16360 loss=0.641126 grad_norm=0.2751
2026-09-21T22:59:15.404368+00:00 rank=1 lora epoch=3/15 batch=3882/6249 step=16380 loss=0.624799 grad_norm=1.5189
2026-09-21T22:59:24.802325+00:00 rank=1 lora epoch=3/15 batch=3902/6249 step=16400 loss=0.638055 grad_norm=0.3817
2026-09-21T22:59:35.599348+00:00 rank=1 lora epoch=3/15 batch=3922/6249 step=16420 loss=0.000371 grad_norm=0.0047
2026-09-21T22:59:47.536025+00:00 rank=1 lora epoch=3/15 batch=3942/6249 step=16440 loss=0.684335 grad_norm=0.2255
2026-09-21T22:59:58.211572+00:00 rank=1 lora epoch=3/15 batch=3962/6249 step=16460 loss=0.602247 grad_norm=0.6768
2026-09-21T23:00:10.648820+00:00 rank=1 lora epoch=3/15 batch=3982/6249 step=16480 loss=0.649989 grad_norm=0.8235
2026-09-21T23:00:20.600133+00:00 rank=1 lora epoch=3/15 batch=4002/6249 step=16500 loss=0.711559 grad_norm=0.3345
2026-09-21T23:00:31.541885+00:00 rank=1 lora epoch=3/15 batch=4022/6249 step=16520 loss=0.000339 grad_norm=0.0035
2026-09-21T23:00:42.609336+00:00 rank=1 lora epoch=3/15 batch=4042/6249 step=16540 loss=0.688251 grad_norm=0.1428
2026-09-21T23:00:53.301311+00:00 rank=1 lora epoch=3/15 batch=4062/6249 step=16560 loss=0.617051 grad_norm=0.3046
2026-09-21T23:01:05.139784+00:00 rank=1 lora epoch=3/15 batch=4082/6249 step=16580 loss=0.000368 grad_norm=0.0043
2026-09-21T23:01:14.767453+00:00 rank=1 lora epoch=3/15 batch=4102/6249 step=16600 loss=0.565654 grad_norm=0.2111
2026-09-21T23:01:25.301514+00:00 rank=1 lora epoch=3/15 batch=4122/6249 step=16620 loss=0.656824 grad_norm=0.3438
2026-09-21T23:01:35.082153+00:00 rank=1 lora epoch=3/15 batch=4142/6249 step=16640 loss=0.000395 grad_norm=0.0054
2026-09-21T23:01:44.696432+00:00 rank=1 lora epoch=3/15 batch=4162/6249 step=16660 loss=0.000594 grad_norm=0.0079
2026-09-21T23:01:57.377075+00:00 rank=1 lora epoch=3/15 batch=4182/6249 step=16680 loss=0.000287 grad_norm=0.0959
2026-09-21T23:02:06.310208+00:00 rank=1 lora epoch=3/15 batch=4202/6249 step=16700 loss=0.000512 grad_norm=0.0066
2026-09-21T23:02:16.496079+00:00 rank=1 lora epoch=3/15 batch=4222/6249 step=16720 loss=0.000344 grad_norm=0.0040
2026-09-21T23:02:28.303209+00:00 rank=1 lora epoch=3/15 batch=4242/6249 step=16740 loss=0.665788 grad_norm=0.7342
2026-09-21T23:02:38.037359+00:00 rank=1 lora epoch=3/15 batch=4262/6249 step=16760 loss=0.606611 grad_norm=1.4920
2026-09-21T23:02:49.649284+00:00 rank=1 lora epoch=3/15 batch=4282/6249 step=16780 loss=0.614884 grad_norm=1.0490
2026-09-21T23:03:02.410931+00:00 rank=1 lora epoch=3/15 batch=4302/6249 step=16800 loss=0.654389 grad_norm=0.3736
2026-09-21T23:03:13.396425+00:00 rank=1 lora epoch=3/15 batch=4322/6249 step=16820 loss=0.000633 grad_norm=0.0072
2026-09-21T23:03:24.241193+00:00 rank=1 lora epoch=3/15 batch=4342/6249 step=16840 loss=0.703952 grad_norm=0.8214
2026-09-21T23:03:34.571528+00:00 rank=1 lora epoch=3/15 batch=4362/6249 step=16860 loss=0.290442 grad_norm=1.2334
2026-09-21T23:03:46.506458+00:00 rank=1 lora epoch=3/15 batch=4382/6249 step=16880 loss=0.704204 grad_norm=1.2588
2026-09-21T23:03:58.746530+00:00 rank=1 lora epoch=3/15 batch=4402/6249 step=16900 loss=0.000294 grad_norm=0.0042
2026-09-21T23:04:10.715246+00:00 rank=1 lora epoch=3/15 batch=4422/6249 step=16920 loss=0.000308 grad_norm=0.0042
2026-09-21T23:04:21.759612+00:00 rank=1 lora epoch=3/15 batch=4442/6249 step=16940 loss=0.611078 grad_norm=0.2505
2026-09-21T23:04:31.867533+00:00 rank=1 lora epoch=3/15 batch=4462/6249 step=16960 loss=0.734430 grad_norm=1.0494
2026-09-21T23:04:42.725210+00:00 rank=1 lora epoch=3/15 batch=4482/6249 step=16980 loss=0.625735 grad_norm=0.4096
2026-09-21T23:04:54.879998+00:00 rank=1 lora epoch=3/15 batch=4502/6249 step=17000 loss=0.642582 grad_norm=0.3020
2026-09-21T23:05:06.155085+00:00 rank=1 lora epoch=3/15 batch=4522/6249 step=17020 loss=0.682946 grad_norm=0.2017
2026-09-21T23:05:16.561115+00:00 rank=1 lora epoch=3/15 batch=4542/6249 step=17040 loss=0.677277 grad_norm=0.3146
2026-09-21T23:05:26.150467+00:00 rank=1 lora epoch=3/15 batch=4562/6249 step=17060 loss=0.527465 grad_norm=0.3146
2026-09-21T23:05:37.317529+00:00 rank=1 lora epoch=3/15 batch=4582/6249 step=17080 loss=0.857979 grad_norm=0.7635
2026-09-21T23:05:47.031787+00:00 rank=1 lora epoch=3/15 batch=4602/6249 step=17100 loss=0.570241 grad_norm=0.5498
2026-09-21T23:05:56.898803+00:00 rank=1 lora epoch=3/15 batch=4622/6249 step=17120 loss=0.553541 grad_norm=1.2982
2026-09-21T23:06:07.613345+00:00 rank=1 lora epoch=3/15 batch=4642/6249 step=17140 loss=0.664397 grad_norm=0.1546
2026-09-21T23:06:18.576661+00:00 rank=1 lora epoch=3/15 batch=4662/6249 step=17160 loss=0.598016 grad_norm=0.5994
2026-09-21T23:06:27.687060+00:00 rank=1 lora epoch=3/15 batch=4682/6249 step=17180 loss=0.347923 grad_norm=0.6957
2026-09-21T23:06:38.197781+00:00 rank=1 lora epoch=3/15 batch=4702/6249 step=17200 loss=0.271685 grad_norm=0.5131
2026-09-21T23:06:49.802623+00:00 rank=1 lora epoch=3/15 batch=4722/6249 step=17220 loss=0.632471 grad_norm=0.7911
2026-09-21T23:07:00.619533+00:00 rank=1 lora epoch=3/15 batch=4742/6249 step=17240 loss=0.636577 grad_norm=0.1756
2026-09-21T23:07:16.691397+00:00 rank=1 lora epoch=3/15 batch=4762/6249 step=17260 loss=0.633313 grad_norm=0.7031
2026-09-21T23:07:29.535310+00:00 rank=1 lora epoch=3/15 batch=4782/6249 step=17280 loss=0.699334 grad_norm=1.0470
2026-09-21T23:07:39.133760+00:00 rank=1 lora epoch=3/15 batch=4802/6249 step=17300 loss=0.606333 grad_norm=0.5986
2026-09-21T23:07:51.092939+00:00 rank=1 lora epoch=3/15 batch=4822/6249 step=17320 loss=0.711426 grad_norm=1.3266
2026-09-21T23:08:01.940591+00:00 rank=1 lora epoch=3/15 batch=4842/6249 step=17340 loss=0.002777 grad_norm=0.0947
2026-09-21T23:08:12.372995+00:00 rank=1 lora epoch=3/15 batch=4862/6249 step=17360 loss=0.633359 grad_norm=0.4481
2026-09-21T23:08:24.089116+00:00 rank=1 lora epoch=3/15 batch=4882/6249 step=17380 loss=0.621744 grad_norm=0.4853
2026-09-21T23:08:33.976242+00:00 rank=1 lora epoch=3/15 batch=4902/6249 step=17400 loss=0.001043 grad_norm=0.0179
2026-09-21T23:08:47.279158+00:00 rank=1 lora epoch=3/15 batch=4922/6249 step=17420 loss=0.572563 grad_norm=0.2195
2026-09-21T23:08:57.729393+00:00 rank=1 lora epoch=3/15 batch=4942/6249 step=17440 loss=0.000776 grad_norm=0.0163
2026-09-21T23:09:09.071138+00:00 rank=1 lora epoch=3/15 batch=4962/6249 step=17460 loss=0.637319 grad_norm=0.4334
2026-09-21T23:09:23.447311+00:00 rank=1 lora epoch=3/15 batch=4982/6249 step=17480 loss=0.523593 grad_norm=0.8659
2026-09-21T23:09:33.503699+00:00 rank=1 lora epoch=3/15 batch=5002/6249 step=17500 loss=0.000770 grad_norm=0.0124
2026-09-21T23:09:43.433557+00:00 rank=1 lora epoch=3/15 batch=5022/6249 step=17520 loss=0.000369 grad_norm=0.0042
2026-09-21T23:09:52.801729+00:00 rank=1 lora epoch=3/15 batch=5042/6249 step=17540 loss=0.597506 grad_norm=0.5930
2026-09-21T23:10:03.300859+00:00 rank=1 lora epoch=3/15 batch=5062/6249 step=17560 loss=0.000994 grad_norm=0.0177
2026-09-21T23:10:15.591615+00:00 rank=1 lora epoch=3/15 batch=5082/6249 step=17580 loss=0.000602 grad_norm=0.2695
2026-09-21T23:10:29.276683+00:00 rank=1 lora epoch=3/15 batch=5102/6249 step=17600 loss=0.613127 grad_norm=0.4667
2026-09-21T23:10:41.397409+00:00 rank=1 lora epoch=3/15 batch=5122/6249 step=17620 loss=0.567080 grad_norm=0.4207
2026-09-21T23:10:51.591934+00:00 rank=1 lora epoch=3/15 batch=5142/6249 step=17640 loss=0.161567 grad_norm=0.8384
2026-09-21T23:11:02.513738+00:00 rank=1 lora epoch=3/15 batch=5162/6249 step=17660 loss=0.685744 grad_norm=0.4173
2026-09-21T23:11:11.737497+00:00 rank=1 lora epoch=3/15 batch=5182/6249 step=17680 loss=0.669766 grad_norm=0.4977
2026-09-21T23:11:23.085580+00:00 rank=1 lora epoch=3/15 batch=5202/6249 step=17700 loss=0.723183 grad_norm=0.9253
2026-09-21T23:11:35.077932+00:00 rank=1 lora epoch=3/15 batch=5222/6249 step=17720 loss=0.000366 grad_norm=0.0054
2026-09-21T23:11:44.574023+00:00 rank=1 lora epoch=3/15 batch=5242/6249 step=17740 loss=0.657032 grad_norm=0.1461
2026-09-21T23:11:55.857249+00:00 rank=1 lora epoch=3/15 batch=5262/6249 step=17760 loss=0.167176 grad_norm=1.3620
2026-09-21T23:12:05.491155+00:00 rank=1 lora epoch=3/15 batch=5282/6249 step=17780 loss=0.246449 grad_norm=0.2866
2026-09-21T23:12:18.420330+00:00 rank=1 lora epoch=3/15 batch=5302/6249 step=17800 loss=0.574262 grad_norm=0.3738
2026-09-21T23:12:27.668736+00:00 rank=1 lora epoch=3/15 batch=5322/6249 step=17820 loss=0.003151 grad_norm=0.4604
2026-09-21T23:12:38.473643+00:00 rank=1 lora epoch=3/15 batch=5342/6249 step=17840 loss=0.501965 grad_norm=0.4852
2026-09-21T23:12:47.927128+00:00 rank=1 lora epoch=3/15 batch=5362/6249 step=17860 loss=0.000467 grad_norm=0.0716
2026-09-21T23:12:57.414220+00:00 rank=1 lora epoch=3/15 batch=5382/6249 step=17880 loss=0.000363 grad_norm=0.0046
2026-09-21T23:13:09.181968+00:00 rank=1 lora epoch=3/15 batch=5402/6249 step=17900 loss=0.696609 grad_norm=0.3128
2026-09-21T23:13:18.449712+00:00 rank=1 lora epoch=3/15 batch=5422/6249 step=17920 loss=0.558487 grad_norm=0.5065
2026-09-21T23:13:32.488947+00:00 rank=1 lora epoch=3/15 batch=5442/6249 step=17940 loss=0.407582 grad_norm=1.3211
2026-09-21T23:13:42.585135+00:00 rank=1 lora epoch=3/15 batch=5462/6249 step=17960 loss=0.131861 grad_norm=0.1659
2026-09-21T23:13:52.351684+00:00 rank=1 lora epoch=3/15 batch=5482/6249 step=17980 loss=0.000271 grad_norm=0.0032
2026-09-21T23:14:02.862937+00:00 rank=1 lora epoch=3/15 batch=5502/6249 step=18000 loss=0.562801 grad_norm=0.1476
2026-09-21T23:15:40.226204+00:00 rank=1 interval validation step=18000 metrics={'n': 20000, 'positive_fraction': 0.4633, 'mcc': 0.45366785328795584, 'f1': 0.7158572021585721, 'spearman_probability_label': 0.5967508959547265, 'threshold': 0.5}
2026-09-21T23:15:53.729983+00:00 rank=1 lora epoch=3/15 batch=5522/6249 step=18020 loss=0.704431 grad_norm=0.2024
2026-09-21T23:16:03.918439+00:00 rank=1 lora epoch=3/15 batch=5542/6249 step=18040 loss=0.677459 grad_norm=0.2941
2026-09-21T23:16:14.468893+00:00 rank=1 lora epoch=3/15 batch=5562/6249 step=18060 loss=0.000722 grad_norm=0.0230
2026-09-21T23:16:24.883365+00:00 rank=1 lora epoch=3/15 batch=5582/6249 step=18080 loss=0.620836 grad_norm=0.5179
2026-09-21T23:16:36.082387+00:00 rank=1 lora epoch=3/15 batch=5602/6249 step=18100 loss=0.646731 grad_norm=1.0785
2026-09-21T23:16:48.627251+00:00 rank=1 lora epoch=3/15 batch=5622/6249 step=18120 loss=0.497295 grad_norm=0.2980
2026-09-21T23:17:01.249920+00:00 rank=1 lora epoch=3/15 batch=5642/6249 step=18140 loss=0.638705 grad_norm=0.7323
2026-09-21T23:17:11.190137+00:00 rank=1 lora epoch=3/15 batch=5662/6249 step=18160 loss=0.000525 grad_norm=0.0113
2026-09-21T23:17:21.036332+00:00 rank=1 lora epoch=3/15 batch=5682/6249 step=18180 loss=0.605129 grad_norm=0.2919
2026-09-21T23:17:32.767288+00:00 rank=1 lora epoch=3/15 batch=5702/6249 step=18200 loss=0.000408 grad_norm=0.0078
2026-09-21T23:17:42.391968+00:00 rank=1 lora epoch=3/15 batch=5722/6249 step=18220 loss=0.576362 grad_norm=0.7979
2026-09-21T23:17:53.203772+00:00 rank=1 lora epoch=3/15 batch=5742/6249 step=18240 loss=0.672476 grad_norm=1.5619
2026-09-21T23:18:04.084824+00:00 rank=1 lora epoch=3/15 batch=5762/6249 step=18260 loss=0.592590 grad_norm=1.3111
2026-09-21T23:18:13.825358+00:00 rank=1 lora epoch=3/15 batch=5782/6249 step=18280 loss=0.648882 grad_norm=1.0914
2026-09-21T23:18:23.863496+00:00 rank=1 lora epoch=3/15 batch=5802/6249 step=18300 loss=0.649848 grad_norm=0.3115
2026-09-21T23:18:33.671198+00:00 rank=1 lora epoch=3/15 batch=5822/6249 step=18320 loss=0.648368 grad_norm=0.2812
2026-09-21T23:18:43.389538+00:00 rank=1 lora epoch=3/15 batch=5842/6249 step=18340 loss=0.749924 grad_norm=0.8701
2026-09-21T23:18:53.096005+00:00 rank=1 lora epoch=3/15 batch=5862/6249 step=18360 loss=0.000482 grad_norm=0.0058
2026-09-21T23:19:02.373040+00:00 rank=1 lora epoch=3/15 batch=5882/6249 step=18380 loss=0.588828 grad_norm=0.3276
2026-09-21T23:19:12.742951+00:00 rank=1 lora epoch=3/15 batch=5902/6249 step=18400 loss=0.473069 grad_norm=0.3313
2026-09-21T23:19:23.787053+00:00 rank=1 lora epoch=3/15 batch=5922/6249 step=18420 loss=0.196679 grad_norm=0.1042
2026-09-21T23:19:35.865829+00:00 rank=1 lora epoch=3/15 batch=5942/6249 step=18440 loss=0.693252 grad_norm=1.3031
2026-09-21T23:19:49.332298+00:00 rank=1 lora epoch=3/15 batch=5962/6249 step=18460 loss=0.648677 grad_norm=0.5319
2026-09-21T23:20:02.205567+00:00 rank=1 lora epoch=3/15 batch=5982/6249 step=18480 loss=0.000410 grad_norm=0.0042
2026-09-21T23:20:13.099677+00:00 rank=1 lora epoch=3/15 batch=6002/6249 step=18500 loss=0.243876 grad_norm=0.7408
2026-09-21T23:20:22.844463+00:00 rank=1 lora epoch=3/15 batch=6022/6249 step=18520 loss=0.000288 grad_norm=0.0041
2026-09-21T23:20:34.857478+00:00 rank=1 lora epoch=3/15 batch=6042/6249 step=18540 loss=0.000317 grad_norm=0.0049
2026-09-21T23:20:47.256901+00:00 rank=1 lora epoch=3/15 batch=6062/6249 step=18560 loss=0.622474 grad_norm=0.5326
2026-09-21T23:20:57.231118+00:00 rank=1 lora epoch=3/15 batch=6082/6249 step=18580 loss=0.000564 grad_norm=0.0070
2026-09-21T23:21:07.774562+00:00 rank=1 lora epoch=3/15 batch=6102/6249 step=18600 loss=0.485575 grad_norm=0.2629
2026-09-21T23:21:18.281690+00:00 rank=1 lora epoch=3/15 batch=6122/6249 step=18620 loss=0.597755 grad_norm=0.2913
2026-09-21T23:21:30.199567+00:00 rank=1 lora epoch=3/15 batch=6142/6249 step=18640 loss=0.491429 grad_norm=0.3077
2026-09-21T23:21:42.341826+00:00 rank=1 lora epoch=3/15 batch=6162/6249 step=18660 loss=0.664322 grad_norm=0.1710
2026-09-21T23:21:53.823697+00:00 rank=1 lora epoch=3/15 batch=6182/6249 step=18680 loss=0.788824 grad_norm=0.7161
2026-09-21T23:22:03.858940+00:00 rank=1 lora epoch=3/15 batch=6202/6249 step=18700 loss=0.613356 grad_norm=0.4549
2026-09-21T23:22:14.462083+00:00 rank=1 lora epoch=3/15 batch=6222/6249 step=18720 loss=0.706602 grad_norm=0.4344
2026-09-21T23:22:24.961296+00:00 rank=1 lora epoch=3/15 batch=6242/6249 step=18740 loss=0.643924 grad_norm=0.3526
2026-09-21T23:24:06.006622+00:00 rank=1 lora epoch=3 completed=True loss=0.41405898630706095 validation={'n': 20000, 'positive_fraction': 0.4633, 'mcc': 0.4499191531617498, 'f1': 0.6788548586208923, 'spearman_probability_label': 0.5974324063557082, 'threshold': 0.5}
2026-09-21T23:24:12.549946+00:00 rank=1 lora epoch=4/15 batch=13/6249 step=18760 loss=0.625908 grad_norm=1.1682
2026-09-21T23:24:21.920860+00:00 rank=1 lora epoch=4/15 batch=33/6249 step=18780 loss=0.628698 grad_norm=0.4727
2026-09-21T23:24:35.725897+00:00 rank=1 lora epoch=4/15 batch=53/6249 step=18800 loss=0.679385 grad_norm=0.2935
2026-09-21T23:24:46.146156+00:00 rank=1 lora epoch=4/15 batch=73/6249 step=18820 loss=0.585228 grad_norm=0.2026
2026-09-21T23:24:56.928159+00:00 rank=1 lora epoch=4/15 batch=93/6249 step=18840 loss=0.662182 grad_norm=0.5858
2026-09-21T23:25:09.066242+00:00 rank=1 lora epoch=4/15 batch=113/6249 step=18860 loss=0.595839 grad_norm=0.8224
2026-09-21T23:25:20.269389+00:00 rank=1 lora epoch=4/15 batch=133/6249 step=18880 loss=0.608566 grad_norm=0.6101
2026-09-21T23:25:30.849907+00:00 rank=1 lora epoch=4/15 batch=153/6249 step=18900 loss=0.693873 grad_norm=0.4564
2026-09-21T23:25:40.489342+00:00 rank=1 lora epoch=4/15 batch=173/6249 step=18920 loss=0.663771 grad_norm=0.4467
2026-09-21T23:25:53.464061+00:00 rank=1 lora epoch=4/15 batch=193/6249 step=18940 loss=0.666682 grad_norm=0.2794
2026-09-21T23:26:03.978839+00:00 rank=1 lora epoch=4/15 batch=213/6249 step=18960 loss=0.584612 grad_norm=0.3920
2026-09-21T23:26:14.477181+00:00 rank=1 lora epoch=4/15 batch=233/6249 step=18980 loss=0.323300 grad_norm=0.2359
2026-09-21T23:26:25.898320+00:00 rank=1 lora epoch=4/15 batch=253/6249 step=19000 loss=0.637603 grad_norm=0.8862
2026-09-21T23:26:38.283739+00:00 rank=1 lora epoch=4/15 batch=273/6249 step=19020 loss=0.622946 grad_norm=0.4734
2026-09-21T23:26:52.783998+00:00 rank=1 lora epoch=4/15 batch=293/6249 step=19040 loss=0.000389 grad_norm=0.0045
2026-09-21T23:27:02.452123+00:00 rank=1 lora epoch=4/15 batch=313/6249 step=19060 loss=0.530584 grad_norm=0.9540
2026-09-21T23:27:14.023635+00:00 rank=1 lora epoch=4/15 batch=333/6249 step=19080 loss=0.627669 grad_norm=0.8769
2026-09-21T23:27:27.752639+00:00 rank=1 lora epoch=4/15 batch=353/6249 step=19100 loss=0.411473 grad_norm=0.3567
2026-09-21T23:27:41.000859+00:00 rank=1 lora epoch=4/15 batch=373/6249 step=19120 loss=0.603084 grad_norm=1.2353
2026-09-21T23:27:51.464343+00:00 rank=1 lora epoch=4/15 batch=393/6249 step=19140 loss=0.000881 grad_norm=0.0180
2026-09-21T23:28:01.431238+00:00 rank=1 lora epoch=4/15 batch=413/6249 step=19160 loss=0.651540 grad_norm=0.1894
2026-09-21T23:28:11.815866+00:00 rank=1 lora epoch=4/15 batch=433/6249 step=19180 loss=0.641140 grad_norm=0.9195
2026-09-21T23:28:21.488372+00:00 rank=1 lora epoch=4/15 batch=453/6249 step=19200 loss=0.000368 grad_norm=0.0051
2026-09-21T23:28:33.302659+00:00 rank=1 lora epoch=4/15 batch=473/6249 step=19220 loss=0.000662 grad_norm=0.0151
2026-09-21T23:28:46.861274+00:00 rank=1 lora epoch=4/15 batch=493/6249 step=19240 loss=0.661638 grad_norm=0.3050
2026-09-21T23:28:58.573354+00:00 rank=1 lora epoch=4/15 batch=513/6249 step=19260 loss=0.001401 grad_norm=0.9991
2026-09-21T23:29:09.988229+00:00 rank=1 lora epoch=4/15 batch=533/6249 step=19280 loss=0.000476 grad_norm=0.0067
2026-09-21T23:29:21.822994+00:00 rank=1 lora epoch=4/15 batch=553/6249 step=19300 loss=0.030857 grad_norm=0.1430
2026-09-21T23:29:30.894653+00:00 rank=1 lora epoch=4/15 batch=573/6249 step=19320 loss=0.651373 grad_norm=0.5040
2026-09-21T23:29:43.749540+00:00 rank=1 lora epoch=4/15 batch=593/6249 step=19340 loss=0.676313 grad_norm=0.3186
2026-09-21T23:29:55.360257+00:00 rank=1 lora epoch=4/15 batch=613/6249 step=19360 loss=0.000314 grad_norm=0.0033
2026-09-21T23:30:06.863939+00:00 rank=1 lora epoch=4/15 batch=633/6249 step=19380 loss=0.000273 grad_norm=0.0029
2026-09-21T23:30:15.977851+00:00 rank=1 lora epoch=4/15 batch=653/6249 step=19400 loss=0.634909 grad_norm=0.7556
2026-09-21T23:30:27.461465+00:00 rank=1 lora epoch=4/15 batch=673/6249 step=19420 loss=0.000328 grad_norm=0.0036
2026-09-21T23:30:37.711460+00:00 rank=1 lora epoch=4/15 batch=693/6249 step=19440 loss=0.643666 grad_norm=0.5740
2026-09-21T23:30:49.887623+00:00 rank=1 lora epoch=4/15 batch=713/6249 step=19460 loss=0.000347 grad_norm=0.0045
2026-09-21T23:30:59.262814+00:00 rank=1 lora epoch=4/15 batch=733/6249 step=19480 loss=0.345655 grad_norm=0.4520
2026-09-21T23:31:11.477714+00:00 rank=1 lora epoch=4/15 batch=753/6249 step=19500 loss=0.564678 grad_norm=0.8142
2026-09-21T23:31:25.907526+00:00 rank=1 lora epoch=4/15 batch=773/6249 step=19520 loss=0.000642 grad_norm=0.0114
2026-09-21T23:31:35.373486+00:00 rank=1 lora epoch=4/15 batch=793/6249 step=19540 loss=0.647650 grad_norm=0.7171
2026-09-21T23:31:46.205762+00:00 rank=1 lora epoch=4/15 batch=813/6249 step=19560 loss=0.671816 grad_norm=1.0796
2026-09-21T23:31:59.800881+00:00 rank=1 lora epoch=4/15 batch=833/6249 step=19580 loss=0.000325 grad_norm=0.0034
2026-09-21T23:32:12.721473+00:00 rank=1 lora epoch=4/15 batch=853/6249 step=19600 loss=0.648235 grad_norm=0.4142
2026-09-21T23:32:24.260417+00:00 rank=1 lora epoch=4/15 batch=873/6249 step=19620 loss=0.000928 grad_norm=0.0129
2026-09-21T23:32:35.286842+00:00 rank=1 lora epoch=4/15 batch=893/6249 step=19640 loss=0.167122 grad_norm=0.0674
2026-09-21T23:32:47.374010+00:00 rank=1 lora epoch=4/15 batch=913/6249 step=19660 loss=0.660965 grad_norm=0.4611
2026-09-21T23:32:57.202180+00:00 rank=1 lora epoch=4/15 batch=933/6249 step=19680 loss=0.676244 grad_norm=1.4909
2026-09-21T23:33:10.292806+00:00 rank=1 lora epoch=4/15 batch=953/6249 step=19700 loss=0.258522 grad_norm=0.6620
2026-09-21T23:33:20.915199+00:00 rank=1 lora epoch=4/15 batch=973/6249 step=19720 loss=0.657975 grad_norm=0.4746
2026-09-21T23:33:32.536663+00:00 rank=1 lora epoch=4/15 batch=993/6249 step=19740 loss=0.000384 grad_norm=0.0054
2026-09-21T23:33:43.121034+00:00 rank=1 lora epoch=4/15 batch=1013/6249 step=19760 loss=0.626013 grad_norm=0.4504
2026-09-21T23:33:54.606762+00:00 rank=1 lora epoch=4/15 batch=1033/6249 step=19780 loss=0.000356 grad_norm=0.0069
2026-09-21T23:34:08.816462+00:00 rank=1 lora epoch=4/15 batch=1053/6249 step=19800 loss=0.000364 grad_norm=0.2075
2026-09-21T23:34:19.949306+00:00 rank=1 lora epoch=4/15 batch=1073/6249 step=19820 loss=0.617411 grad_norm=0.9114
2026-09-21T23:34:30.678742+00:00 rank=1 lora epoch=4/15 batch=1093/6249 step=19840 loss=0.000404 grad_norm=0.0113
2026-09-21T23:34:40.271885+00:00 rank=1 lora epoch=4/15 batch=1113/6249 step=19860 loss=0.000302 grad_norm=0.0034
2026-09-21T23:34:49.183587+00:00 rank=1 lora epoch=4/15 batch=1133/6249 step=19880 loss=0.665792 grad_norm=0.3180
2026-09-21T23:35:00.422088+00:00 rank=1 lora epoch=4/15 batch=1153/6249 step=19900 loss=0.644696 grad_norm=0.8367
2026-09-21T23:35:12.202347+00:00 rank=1 lora epoch=4/15 batch=1173/6249 step=19920 loss=0.287227 grad_norm=0.8849
2026-09-21T23:35:24.222049+00:00 rank=1 lora epoch=4/15 batch=1193/6249 step=19940 loss=0.563469 grad_norm=0.7237
2026-09-21T23:35:35.983056+00:00 rank=1 lora epoch=4/15 batch=1213/6249 step=19960 loss=0.000402 grad_norm=0.0061
2026-09-21T23:35:46.644575+00:00 rank=1 lora epoch=4/15 batch=1233/6249 step=19980 loss=0.601889 grad_norm=0.5850
2026-09-21T23:35:57.754635+00:00 rank=1 lora epoch=4/15 batch=1253/6249 step=20000 loss=0.000275 grad_norm=0.0029
2026-09-21T23:37:35.521010+00:00 rank=1 interval validation step=20000 metrics={'n': 20000, 'positive_fraction': 0.4633, 'mcc': 0.4618858073312885, 'f1': 0.727968586907898, 'spearman_probability_label': 0.5967578163816524, 'threshold': 0.5}
2026-09-21T23:37:46.140321+00:00 rank=1 lora epoch=4/15 batch=1273/6249 step=20020 loss=0.695802 grad_norm=0.8826
2026-09-21T23:37:57.711732+00:00 rank=1 lora epoch=4/15 batch=1293/6249 step=20040 loss=0.665923 grad_norm=0.1775
2026-09-21T23:38:07.141431+00:00 rank=1 lora epoch=4/15 batch=1313/6249 step=20060 loss=0.639074 grad_norm=0.4955
2026-09-21T23:38:16.800235+00:00 rank=1 lora epoch=4/15 batch=1333/6249 step=20080 loss=0.581433 grad_norm=0.2374
2026-09-21T23:38:26.875781+00:00 rank=1 lora epoch=4/15 batch=1353/6249 step=20100 loss=0.568129 grad_norm=1.5876
2026-09-21T23:38:37.371281+00:00 rank=1 lora epoch=4/15 batch=1373/6249 step=20120 loss=0.000396 grad_norm=0.0176
2026-09-21T23:38:47.584518+00:00 rank=1 lora epoch=4/15 batch=1393/6249 step=20140 loss=0.000535 grad_norm=0.0057
2026-09-21T23:38:58.735194+00:00 rank=1 lora epoch=4/15 batch=1413/6249 step=20160 loss=0.606863 grad_norm=1.3651
2026-09-21T23:39:11.620682+00:00 rank=1 lora epoch=4/15 batch=1433/6249 step=20180 loss=0.047636 grad_norm=0.2174
2026-09-21T23:39:22.082248+00:00 rank=1 lora epoch=4/15 batch=1453/6249 step=20200 loss=0.620567 grad_norm=0.1887
2026-09-21T23:39:34.165637+00:00 rank=1 lora epoch=4/15 batch=1473/6249 step=20220 loss=0.000430 grad_norm=0.0071
2026-09-21T23:39:45.142676+00:00 rank=1 lora epoch=4/15 batch=1493/6249 step=20240 loss=0.736850 grad_norm=1.4744
2026-09-21T23:39:54.553867+00:00 rank=1 lora epoch=4/15 batch=1513/6249 step=20260 loss=0.000553 grad_norm=1.3668
2026-09-21T23:40:05.188087+00:00 rank=1 lora epoch=4/15 batch=1533/6249 step=20280 loss=0.666795 grad_norm=0.3182
2026-09-21T23:40:15.898724+00:00 rank=1 lora epoch=4/15 batch=1553/6249 step=20300 loss=0.182893 grad_norm=1.2596
2026-09-21T23:40:26.520681+00:00 rank=1 lora epoch=4/15 batch=1573/6249 step=20320 loss=0.607014 grad_norm=0.3611
2026-09-21T23:40:36.101043+00:00 rank=1 lora epoch=4/15 batch=1593/6249 step=20340 loss=0.683125 grad_norm=0.2942
2026-09-21T23:40:45.744732+00:00 rank=1 lora epoch=4/15 batch=1613/6249 step=20360 loss=0.050520 grad_norm=1.1541
2026-09-21T23:40:55.602238+00:00 rank=1 lora epoch=4/15 batch=1633/6249 step=20380 loss=0.023556 grad_norm=1.9511
2026-09-21T23:41:05.969951+00:00 rank=1 lora epoch=4/15 batch=1653/6249 step=20400 loss=0.533336 grad_norm=0.8864
2026-09-21T23:41:17.186435+00:00 rank=1 lora epoch=4/15 batch=1673/6249 step=20420 loss=0.663450 grad_norm=0.8523
2026-09-21T23:41:27.358434+00:00 rank=1 lora epoch=4/15 batch=1693/6249 step=20440 loss=0.646895 grad_norm=0.8095
2026-09-21T23:41:38.329127+00:00 rank=1 lora epoch=4/15 batch=1713/6249 step=20460 loss=0.000858 grad_norm=0.0145
2026-09-21T23:41:48.811367+00:00 rank=1 lora epoch=4/15 batch=1733/6249 step=20480 loss=0.678718 grad_norm=0.4194
2026-09-21T23:41:58.591170+00:00 rank=1 lora epoch=4/15 batch=1753/6249 step=20500 loss=0.698072 grad_norm=0.2806
2026-09-21T23:42:09.353403+00:00 rank=1 lora epoch=4/15 batch=1773/6249 step=20520 loss=0.000696 grad_norm=0.0292
2026-09-21T23:42:19.564070+00:00 rank=1 lora epoch=4/15 batch=1793/6249 step=20540 loss=0.467567 grad_norm=0.2770
2026-09-21T23:42:30.001558+00:00 rank=1 lora epoch=4/15 batch=1813/6249 step=20560 loss=0.661747 grad_norm=0.3260
2026-09-21T23:42:44.246565+00:00 rank=1 lora epoch=4/15 batch=1833/6249 step=20580 loss=0.623285 grad_norm=0.0736
2026-09-21T23:42:53.619263+00:00 rank=1 lora epoch=4/15 batch=1853/6249 step=20600 loss=0.603431 grad_norm=0.4855
2026-09-21T23:43:03.179504+00:00 rank=1 lora epoch=4/15 batch=1873/6249 step=20620 loss=0.624175 grad_norm=0.4156
2026-09-21T23:43:13.791055+00:00 rank=1 lora epoch=4/15 batch=1893/6249 step=20640 loss=0.422019 grad_norm=1.1508
2026-09-21T23:43:23.423592+00:00 rank=1 lora epoch=4/15 batch=1913/6249 step=20660 loss=0.556690 grad_norm=0.6471
2026-09-21T23:43:33.366183+00:00 rank=1 lora epoch=4/15 batch=1933/6249 step=20680 loss=0.284245 grad_norm=0.2667
2026-09-21T23:43:46.375373+00:00 rank=1 lora epoch=4/15 batch=1953/6249 step=20700 loss=0.613239 grad_norm=0.3191
2026-09-21T23:43:57.144549+00:00 rank=1 lora epoch=4/15 batch=1973/6249 step=20720 loss=0.000823 grad_norm=1.6850
2026-09-21T23:44:08.164133+00:00 rank=1 lora epoch=4/15 batch=1993/6249 step=20740 loss=0.000299 grad_norm=0.0033
2026-09-21T23:44:20.411510+00:00 rank=1 lora epoch=4/15 batch=2013/6249 step=20760 loss=0.686760 grad_norm=0.5481
2026-09-21T23:44:29.995459+00:00 rank=1 lora epoch=4/15 batch=2033/6249 step=20780 loss=0.628060 grad_norm=0.5385
2026-09-21T23:44:39.240857+00:00 rank=1 lora epoch=4/15 batch=2053/6249 step=20800 loss=0.430057 grad_norm=3.0365
2026-09-21T23:44:50.548834+00:00 rank=1 lora epoch=4/15 batch=2073/6249 step=20820 loss=0.624560 grad_norm=1.4836
2026-09-21T23:45:00.243358+00:00 rank=1 lora epoch=4/15 batch=2093/6249 step=20840 loss=0.904145 grad_norm=0.7379
2026-09-21T23:45:13.455261+00:00 rank=1 lora epoch=4/15 batch=2113/6249 step=20860 loss=0.731968 grad_norm=0.9388
2026-09-21T23:45:24.255952+00:00 rank=1 lora epoch=4/15 batch=2133/6249 step=20880 loss=0.690044 grad_norm=0.9939
2026-09-21T23:45:35.567153+00:00 rank=1 lora epoch=4/15 batch=2153/6249 step=20900 loss=0.000277 grad_norm=0.0031
2026-09-21T23:45:46.608416+00:00 rank=1 lora epoch=4/15 batch=2173/6249 step=20920 loss=0.000892 grad_norm=0.0167
2026-09-21T23:45:58.105288+00:00 rank=1 lora epoch=4/15 batch=2193/6249 step=20940 loss=0.675071 grad_norm=0.2192
2026-09-21T23:46:08.321015+00:00 rank=1 lora epoch=4/15 batch=2213/6249 step=20960 loss=0.680386 grad_norm=0.7020
2026-09-21T23:46:23.645892+00:00 rank=1 lora epoch=4/15 batch=2233/6249 step=20980 loss=0.567226 grad_norm=0.8320
2026-09-21T23:46:33.281801+00:00 rank=1 lora epoch=4/15 batch=2253/6249 step=21000 loss=0.000818 grad_norm=0.0148
2026-09-21T23:46:43.666952+00:00 rank=1 lora epoch=4/15 batch=2273/6249 step=21020 loss=0.397182 grad_norm=3.0435
2026-09-21T23:46:53.850689+00:00 rank=1 lora epoch=4/15 batch=2293/6249 step=21040 loss=0.000348 grad_norm=0.0065
2026-09-21T23:47:07.063857+00:00 rank=1 lora epoch=4/15 batch=2313/6249 step=21060 loss=0.584761 grad_norm=0.4270
2026-09-21T23:47:16.976128+00:00 rank=1 lora epoch=4/15 batch=2333/6249 step=21080 loss=0.590703 grad_norm=0.4346
2026-09-21T23:47:30.093983+00:00 rank=1 lora epoch=4/15 batch=2353/6249 step=21100 loss=0.003135 grad_norm=0.2813
2026-09-21T23:47:42.509756+00:00 rank=1 lora epoch=4/15 batch=2373/6249 step=21120 loss=0.528289 grad_norm=0.5196
2026-09-21T23:47:52.878586+00:00 rank=1 lora epoch=4/15 batch=2393/6249 step=21140 loss=0.679847 grad_norm=0.8167
2026-09-21T23:48:03.119253+00:00 rank=1 lora epoch=4/15 batch=2413/6249 step=21160 loss=0.000271 grad_norm=0.0029
2026-09-21T23:48:12.444804+00:00 rank=1 lora epoch=4/15 batch=2433/6249 step=21180 loss=0.000282 grad_norm=0.0030
2026-09-21T23:48:21.909884+00:00 rank=1 lora epoch=4/15 batch=2453/6249 step=21200 loss=0.328261 grad_norm=0.3410
2026-09-21T23:48:32.462174+00:00 rank=1 lora epoch=4/15 batch=2473/6249 step=21220 loss=0.665772 grad_norm=1.0238
2026-09-21T23:48:41.755224+00:00 rank=1 lora epoch=4/15 batch=2493/6249 step=21240 loss=0.642337 grad_norm=0.4839
2026-09-21T23:48:53.032212+00:00 rank=1 lora epoch=4/15 batch=2513/6249 step=21260 loss=0.711131 grad_norm=1.7880
2026-09-21T23:49:05.473115+00:00 rank=1 lora epoch=4/15 batch=2533/6249 step=21280 loss=0.587083 grad_norm=0.4782
2026-09-21T23:49:18.048450+00:00 rank=1 lora epoch=4/15 batch=2553/6249 step=21300 loss=0.599452 grad_norm=0.6460
2026-09-21T23:49:29.972951+00:00 rank=1 lora epoch=4/15 batch=2573/6249 step=21320 loss=0.707031 grad_norm=0.9687
2026-09-21T23:49:44.387920+00:00 rank=1 lora epoch=4/15 batch=2593/6249 step=21340 loss=0.661177 grad_norm=2.1611
2026-09-21T23:49:56.663066+00:00 rank=1 lora epoch=4/15 batch=2613/6249 step=21360 loss=0.684205 grad_norm=0.7391
2026-09-21T23:50:06.796265+00:00 rank=1 lora epoch=4/15 batch=2633/6249 step=21380 loss=0.525015 grad_norm=0.3323
2026-09-21T23:50:17.996933+00:00 rank=1 lora epoch=4/15 batch=2653/6249 step=21400 loss=0.000461 grad_norm=0.0079
2026-09-21T23:50:28.883684+00:00 rank=1 lora epoch=4/15 batch=2673/6249 step=21420 loss=0.590780 grad_norm=0.7036
2026-09-21T23:50:42.382765+00:00 rank=1 lora epoch=4/15 batch=2693/6249 step=21440 loss=0.554524 grad_norm=0.6043
2026-09-21T23:50:56.261023+00:00 rank=1 lora epoch=4/15 batch=2713/6249 step=21460 loss=0.801189 grad_norm=0.5979
2026-09-21T23:51:07.253024+00:00 rank=1 lora epoch=4/15 batch=2733/6249 step=21480 loss=0.000407 grad_norm=0.0038
2026-09-21T23:51:18.686721+00:00 rank=1 lora epoch=4/15 batch=2753/6249 step=21500 loss=0.609038 grad_norm=0.7946
2026-09-21T23:51:31.082197+00:00 rank=1 lora epoch=4/15 batch=2773/6249 step=21520 loss=0.000288 grad_norm=0.0032
2026-09-21T23:51:40.397746+00:00 rank=1 lora epoch=4/15 batch=2793/6249 step=21540 loss=0.001007 grad_norm=0.0109
2026-09-21T23:51:50.479093+00:00 rank=1 lora epoch=4/15 batch=2813/6249 step=21560 loss=0.000408 grad_norm=0.0058
2026-09-21T23:52:00.464308+00:00 rank=1 lora epoch=4/15 batch=2833/6249 step=21580 loss=0.000275 grad_norm=0.0029
2026-09-21T23:52:10.693024+00:00 rank=1 lora epoch=4/15 batch=2853/6249 step=21600 loss=0.569479 grad_norm=0.1502
2026-09-21T23:52:20.707266+00:00 rank=1 lora epoch=4/15 batch=2873/6249 step=21620 loss=0.000774 grad_norm=0.0108
2026-09-21T23:52:30.833169+00:00 rank=1 lora epoch=4/15 batch=2893/6249 step=21640 loss=0.651566 grad_norm=0.1892
2026-09-21T23:52:40.116475+00:00 rank=1 lora epoch=4/15 batch=2913/6249 step=21660 loss=0.087876 grad_norm=0.7370
2026-09-21T23:52:50.709319+00:00 rank=1 lora epoch=4/15 batch=2933/6249 step=21680 loss=0.000262 grad_norm=0.0027
2026-09-21T23:53:01.762603+00:00 rank=1 lora epoch=4/15 batch=2953/6249 step=21700 loss=0.256258 grad_norm=0.8006
2026-09-21T23:53:12.243767+00:00 rank=1 lora epoch=4/15 batch=2973/6249 step=21720 loss=0.000257 grad_norm=0.0025
2026-09-21T23:53:26.327520+00:00 rank=1 lora epoch=4/15 batch=2993/6249 step=21740 loss=0.119954 grad_norm=1.1219
2026-09-21T23:53:35.618828+00:00 rank=1 lora epoch=4/15 batch=3013/6249 step=21760 loss=0.659629 grad_norm=0.7626
2026-09-21T23:53:45.715946+00:00 rank=1 lora epoch=4/15 batch=3033/6249 step=21780 loss=0.350376 grad_norm=0.1706
2026-09-21T23:53:58.400772+00:00 rank=1 lora epoch=4/15 batch=3053/6249 step=21800 loss=0.709368 grad_norm=3.9994
2026-09-21T23:54:09.289158+00:00 rank=1 lora epoch=4/15 batch=3073/6249 step=21820 loss=0.626346 grad_norm=0.2353
2026-09-21T23:54:21.776840+00:00 rank=1 lora epoch=4/15 batch=3093/6249 step=21840 loss=0.660287 grad_norm=0.7272
2026-09-21T23:54:32.833692+00:00 rank=1 lora epoch=4/15 batch=3113/6249 step=21860 loss=0.429063 grad_norm=0.3717
2026-09-21T23:54:42.990908+00:00 rank=1 lora epoch=4/15 batch=3133/6249 step=21880 loss=0.000413 grad_norm=0.0043
2026-09-21T23:54:53.231967+00:00 rank=1 lora epoch=4/15 batch=3153/6249 step=21900 loss=0.650975 grad_norm=0.7360
2026-09-21T23:55:04.220375+00:00 rank=1 lora epoch=4/15 batch=3173/6249 step=21920 loss=0.248495 grad_norm=2.6844
2026-09-21T23:55:15.620907+00:00 rank=1 lora epoch=4/15 batch=3193/6249 step=21940 loss=0.000342 grad_norm=0.0051
2026-09-21T23:55:27.050284+00:00 rank=1 lora epoch=4/15 batch=3213/6249 step=21960 loss=0.000225 grad_norm=0.0029
2026-09-21T23:55:37.006967+00:00 rank=1 lora epoch=4/15 batch=3233/6249 step=21980 loss=0.414612 grad_norm=1.4161
2026-09-21T23:55:47.099491+00:00 rank=1 lora epoch=4/15 batch=3253/6249 step=22000 loss=0.630653 grad_norm=0.6535
2026-09-21T23:57:24.847816+00:00 rank=1 interval validation step=22000 metrics={'n': 20000, 'positive_fraction': 0.4633, 'mcc': 0.47549309901196374, 'f1': 0.6226752996280479, 'spearman_probability_label': 0.5969075688016812, 'threshold': 0.5}
2026-09-21T23:57:34.723676+00:00 rank=1 lora epoch=4/15 batch=3273/6249 step=22020 loss=0.711496 grad_norm=0.4354
2026-09-21T23:57:45.708500+00:00 rank=1 lora epoch=4/15 batch=3293/6249 step=22040 loss=0.690536 grad_norm=0.1468
2026-09-21T23:57:55.787881+00:00 rank=1 lora epoch=4/15 batch=3313/6249 step=22060 loss=0.000566 grad_norm=0.0058
2026-09-21T23:58:09.842375+00:00 rank=1 lora epoch=4/15 batch=3333/6249 step=22080 loss=0.617375 grad_norm=0.7237
2026-09-21T23:58:18.965184+00:00 rank=1 lora epoch=4/15 batch=3353/6249 step=22100 loss=0.002160 grad_norm=0.0313
2026-09-21T23:58:28.805741+00:00 rank=1 lora epoch=4/15 batch=3373/6249 step=22120 loss=0.533779 grad_norm=0.9796
2026-09-21T23:58:40.190207+00:00 rank=1 lora epoch=4/15 batch=3393/6249 step=22140 loss=0.698802 grad_norm=0.3177
2026-09-21T23:58:52.319692+00:00 rank=1 lora epoch=4/15 batch=3413/6249 step=22160 loss=0.000913 grad_norm=0.0297
2026-09-21T23:59:04.715739+00:00 rank=1 lora epoch=4/15 batch=3433/6249 step=22180 loss=0.000511 grad_norm=0.0222
2026-09-21T23:59:17.512314+00:00 rank=1 lora epoch=4/15 batch=3453/6249 step=22200 loss=0.000240 grad_norm=0.0034
2026-09-21T23:59:27.728984+00:00 rank=1 lora epoch=4/15 batch=3473/6249 step=22220 loss=0.083208 grad_norm=0.8619
2026-09-21T23:59:38.308374+00:00 rank=1 lora epoch=4/15 batch=3493/6249 step=22240 loss=0.000998 grad_norm=0.0461
2026-09-21T23:59:47.520512+00:00 rank=1 lora epoch=4/15 batch=3513/6249 step=22260 loss=0.618877 grad_norm=0.5863
2026-09-21T23:59:59.698263+00:00 rank=1 lora epoch=4/15 batch=3533/6249 step=22280 loss=0.222753 grad_norm=2.2786
2026-09-22T00:00:09.857756+00:00 rank=1 lora epoch=4/15 batch=3553/6249 step=22300 loss=0.000253 grad_norm=0.0028
2026-09-22T00:00:19.737724+00:00 rank=1 lora epoch=4/15 batch=3573/6249 step=22320 loss=0.731152 grad_norm=0.4723
2026-09-22T00:00:33.137841+00:00 rank=1 lora epoch=4/15 batch=3593/6249 step=22340 loss=0.000470 grad_norm=0.0077
2026-09-22T00:00:44.615691+00:00 rank=1 lora epoch=4/15 batch=3613/6249 step=22360 loss=0.000610 grad_norm=0.0097
2026-09-22T00:00:56.622357+00:00 rank=1 lora epoch=4/15 batch=3633/6249 step=22380 loss=0.698995 grad_norm=0.4220
2026-09-22T00:01:07.101402+00:00 rank=1 lora epoch=4/15 batch=3653/6249 step=22400 loss=0.000259 grad_norm=0.0029
2026-09-22T00:01:19.101783+00:00 rank=1 lora epoch=4/15 batch=3673/6249 step=22420 loss=0.000251 grad_norm=0.0035
2026-09-22T00:01:29.428417+00:00 rank=1 lora epoch=4/15 batch=3693/6249 step=22440 loss=0.119343 grad_norm=0.0438
2026-09-22T00:01:40.087427+00:00 rank=1 lora epoch=4/15 batch=3713/6249 step=22460 loss=0.000301 grad_norm=0.0070
2026-09-22T00:01:50.076829+00:00 rank=1 lora epoch=4/15 batch=3733/6249 step=22480 loss=0.590730 grad_norm=1.4020
2026-09-22T00:02:03.995683+00:00 rank=1 lora epoch=4/15 batch=3753/6249 step=22500 loss=0.642226 grad_norm=0.9847
2026-09-22T00:02:13.590705+00:00 rank=1 lora epoch=4/15 batch=3773/6249 step=22520 loss=0.653665 grad_norm=0.3764
2026-09-22T00:02:24.967092+00:00 rank=1 lora epoch=4/15 batch=3793/6249 step=22540 loss=0.602046 grad_norm=0.3293
2026-09-22T00:02:40.300719+00:00 rank=1 lora epoch=4/15 batch=3813/6249 step=22560 loss=0.634791 grad_norm=0.3650
2026-09-22T00:02:49.726679+00:00 rank=1 lora epoch=4/15 batch=3833/6249 step=22580 loss=0.000211 grad_norm=0.0021
2026-09-22T00:03:00.786198+00:00 rank=1 lora epoch=4/15 batch=3853/6249 step=22600 loss=0.277277 grad_norm=1.3660
2026-09-22T00:03:11.540654+00:00 rank=1 lora epoch=4/15 batch=3873/6249 step=22620 loss=0.600119 grad_norm=0.2480
2026-09-22T00:03:22.091675+00:00 rank=1 lora epoch=4/15 batch=3893/6249 step=22640 loss=0.570950 grad_norm=0.6131
2026-09-22T00:03:34.043606+00:00 rank=1 lora epoch=4/15 batch=3913/6249 step=22660 loss=0.392431 grad_norm=0.7979
2026-09-22T00:03:45.727724+00:00 rank=1 lora epoch=4/15 batch=3933/6249 step=22680 loss=0.000702 grad_norm=0.0076
2026-09-22T00:03:57.543550+00:00 rank=1 lora epoch=4/15 batch=3953/6249 step=22700 loss=0.687747 grad_norm=0.1366
2026-09-22T00:04:10.436865+00:00 rank=1 lora epoch=4/15 batch=3973/6249 step=22720 loss=0.000386 grad_norm=0.0053
2026-09-22T00:04:22.193287+00:00 rank=1 lora epoch=4/15 batch=3993/6249 step=22740 loss=0.537155 grad_norm=1.4192
2026-09-22T00:04:34.338794+00:00 rank=1 lora epoch=4/15 batch=4013/6249 step=22760 loss=0.705150 grad_norm=0.3131
2026-09-22T00:04:44.487819+00:00 rank=1 lora epoch=4/15 batch=4033/6249 step=22780 loss=0.710051 grad_norm=0.8424
2026-09-22T00:04:54.243896+00:00 rank=1 lora epoch=4/15 batch=4053/6249 step=22800 loss=0.000794 grad_norm=0.0132
2026-09-22T00:05:05.229625+00:00 rank=1 lora epoch=4/15 batch=4073/6249 step=22820 loss=0.000337 grad_norm=0.0048
2026-09-22T00:05:15.088542+00:00 rank=1 lora epoch=4/15 batch=4093/6249 step=22840 loss=0.653392 grad_norm=1.4495
2026-09-22T00:05:25.816127+00:00 rank=1 lora epoch=4/15 batch=4113/6249 step=22860 loss=0.284387 grad_norm=0.4596
2026-09-22T00:05:37.252992+00:00 rank=1 lora epoch=4/15 batch=4133/6249 step=22880 loss=0.219102 grad_norm=1.4146
2026-09-22T00:05:47.120512+00:00 rank=1 lora epoch=4/15 batch=4153/6249 step=22900 loss=0.000281 grad_norm=0.0032
2026-09-22T00:05:57.844574+00:00 rank=1 lora epoch=4/15 batch=4173/6249 step=22920 loss=0.670270 grad_norm=0.7455
2026-09-22T00:06:07.354659+00:00 rank=1 lora epoch=4/15 batch=4193/6249 step=22940 loss=0.000292 grad_norm=0.2034
2026-09-22T00:06:18.587421+00:00 rank=1 lora epoch=4/15 batch=4213/6249 step=22960 loss=0.512011 grad_norm=1.4553
2026-09-22T00:06:29.003667+00:00 rank=1 lora epoch=4/15 batch=4233/6249 step=22980 loss=0.759663 grad_norm=0.3697
2026-09-22T00:06:38.938157+00:00 rank=1 lora epoch=4/15 batch=4253/6249 step=23000 loss=0.652038 grad_norm=0.2171
2026-09-22T00:06:49.040617+00:00 rank=1 lora epoch=4/15 batch=4273/6249 step=23020 loss=0.558495 grad_norm=0.0906
2026-09-22T00:07:00.594006+00:00 rank=1 lora epoch=4/15 batch=4293/6249 step=23040 loss=0.747764 grad_norm=0.5673
2026-09-22T00:07:09.745818+00:00 rank=1 lora epoch=4/15 batch=4313/6249 step=23060 loss=0.000379 grad_norm=0.0104
2026-09-22T00:07:20.107169+00:00 rank=1 lora epoch=4/15 batch=4333/6249 step=23080 loss=0.615339 grad_norm=0.6465
2026-09-22T00:07:30.569510+00:00 rank=1 lora epoch=4/15 batch=4353/6249 step=23100 loss=0.514655 grad_norm=0.5860
2026-09-22T00:07:41.651263+00:00 rank=1 lora epoch=4/15 batch=4373/6249 step=23120 loss=0.000271 grad_norm=0.0036
2026-09-22T00:07:53.670388+00:00 rank=1 lora epoch=4/15 batch=4393/6249 step=23140 loss=0.754500 grad_norm=0.7567
2026-09-22T00:08:04.179587+00:00 rank=1 lora epoch=4/15 batch=4413/6249 step=23160 loss=0.268272 grad_norm=0.8137
2026-09-22T00:08:13.792638+00:00 rank=1 lora epoch=4/15 batch=4433/6249 step=23180 loss=0.000604 grad_norm=0.0070
2026-09-22T00:08:25.791556+00:00 rank=1 lora epoch=4/15 batch=4453/6249 step=23200 loss=0.571383 grad_norm=0.3605
2026-09-22T00:08:38.407510+00:00 rank=1 lora epoch=4/15 batch=4473/6249 step=23220 loss=0.317310 grad_norm=0.2038
2026-09-22T00:08:47.972805+00:00 rank=1 lora epoch=4/15 batch=4493/6249 step=23240 loss=0.160474 grad_norm=0.1226
2026-09-22T00:08:57.862047+00:00 rank=1 lora epoch=4/15 batch=4513/6249 step=23260 loss=0.597730 grad_norm=0.1744
2026-09-22T00:09:07.110043+00:00 rank=1 lora epoch=4/15 batch=4533/6249 step=23280 loss=0.601156 grad_norm=1.1215
2026-09-22T00:09:19.203343+00:00 rank=1 lora epoch=4/15 batch=4553/6249 step=23300 loss=0.663240 grad_norm=0.5085
2026-09-22T00:09:32.411366+00:00 rank=1 lora epoch=4/15 batch=4573/6249 step=23320 loss=0.000466 grad_norm=0.0081
2026-09-22T00:09:42.985149+00:00 rank=1 lora epoch=4/15 batch=4593/6249 step=23340 loss=0.326363 grad_norm=0.3013
2026-09-22T00:09:55.542580+00:00 rank=1 lora epoch=4/15 batch=4613/6249 step=23360 loss=0.261463 grad_norm=0.6060
2026-09-22T00:10:08.242214+00:00 rank=1 lora epoch=4/15 batch=4633/6249 step=23380 loss=0.000275 grad_norm=0.0032
2026-09-22T00:10:18.678855+00:00 rank=1 lora epoch=4/15 batch=4653/6249 step=23400 loss=0.548734 grad_norm=0.7953
2026-09-22T00:10:28.225045+00:00 rank=1 lora epoch=4/15 batch=4673/6249 step=23420 loss=0.543753 grad_norm=1.9807
2026-09-22T00:10:39.378762+00:00 rank=1 lora epoch=4/15 batch=4693/6249 step=23440 loss=0.673741 grad_norm=0.5137
2026-09-22T00:10:48.518475+00:00 rank=1 lora epoch=4/15 batch=4713/6249 step=23460 loss=0.628962 grad_norm=0.4395
2026-09-22T00:10:58.185208+00:00 rank=1 lora epoch=4/15 batch=4733/6249 step=23480 loss=0.613296 grad_norm=0.4702
2026-09-22T00:11:09.554612+00:00 rank=1 lora epoch=4/15 batch=4753/6249 step=23500 loss=0.663102 grad_norm=0.1326
2026-09-22T00:11:23.644891+00:00 rank=1 lora epoch=4/15 batch=4773/6249 step=23520 loss=0.000395 grad_norm=0.0123
2026-09-22T00:11:35.953285+00:00 rank=1 lora epoch=4/15 batch=4793/6249 step=23540 loss=0.704642 grad_norm=0.7916
2026-09-22T00:11:46.094341+00:00 rank=1 lora epoch=4/15 batch=4813/6249 step=23560 loss=0.573553 grad_norm=0.8384
2026-09-22T00:11:54.919449+00:00 rank=1 lora epoch=4/15 batch=4833/6249 step=23580 loss=0.468130 grad_norm=1.8887
2026-09-22T00:12:05.720742+00:00 rank=1 lora epoch=4/15 batch=4853/6249 step=23600 loss=0.677729 grad_norm=0.2777
2026-09-22T00:12:18.556806+00:00 rank=1 lora epoch=4/15 batch=4873/6249 step=23620 loss=0.000442 grad_norm=0.0149
2026-09-22T00:12:29.109349+00:00 rank=1 lora epoch=4/15 batch=4893/6249 step=23640 loss=0.591680 grad_norm=0.3269
2026-09-22T00:12:40.213503+00:00 rank=1 lora epoch=4/15 batch=4913/6249 step=23660 loss=0.252324 grad_norm=0.8937
2026-09-22T00:12:52.451254+00:00 rank=1 lora epoch=4/15 batch=4933/6249 step=23680 loss=0.700383 grad_norm=2.8185
2026-09-22T00:13:05.430924+00:00 rank=1 lora epoch=4/15 batch=4953/6249 step=23700 loss=0.684381 grad_norm=0.2628
2026-09-22T00:13:16.521858+00:00 rank=1 lora epoch=4/15 batch=4973/6249 step=23720 loss=0.695861 grad_norm=1.0545
2026-09-22T00:13:30.462154+00:00 rank=1 lora epoch=4/15 batch=4993/6249 step=23740 loss=0.000258 grad_norm=0.0038
2026-09-22T00:13:42.459698+00:00 rank=1 lora epoch=4/15 batch=5013/6249 step=23760 loss=0.536556 grad_norm=0.1965
2026-09-22T00:13:51.625264+00:00 rank=1 lora epoch=4/15 batch=5033/6249 step=23780 loss=0.735320 grad_norm=0.4938
2026-09-22T00:14:03.007857+00:00 rank=1 lora epoch=4/15 batch=5053/6249 step=23800 loss=0.285491 grad_norm=0.8739
2026-09-22T00:14:13.969661+00:00 rank=1 lora epoch=4/15 batch=5073/6249 step=23820 loss=0.899480 grad_norm=0.6082
2026-09-22T00:14:22.931137+00:00 rank=1 lora epoch=4/15 batch=5093/6249 step=23840 loss=0.000521 grad_norm=0.0058
2026-09-22T00:14:34.772307+00:00 rank=1 lora epoch=4/15 batch=5113/6249 step=23860 loss=0.533050 grad_norm=0.6388
2026-09-22T00:14:44.976261+00:00 rank=1 lora epoch=4/15 batch=5133/6249 step=23880 loss=0.665133 grad_norm=0.5007
2026-09-22T00:14:57.646835+00:00 rank=1 lora epoch=4/15 batch=5153/6249 step=23900 loss=0.000672 grad_norm=0.0058
2026-09-22T00:15:07.142111+00:00 rank=1 lora epoch=4/15 batch=5173/6249 step=23920 loss=0.619556 grad_norm=0.4820
2026-09-22T00:15:23.009862+00:00 rank=1 lora epoch=4/15 batch=5193/6249 step=23940 loss=0.645693 grad_norm=0.7914
2026-09-22T00:15:33.314888+00:00 rank=1 lora epoch=4/15 batch=5213/6249 step=23960 loss=0.000272 grad_norm=0.0029
2026-09-22T00:15:44.156946+00:00 rank=1 lora epoch=4/15 batch=5233/6249 step=23980 loss=0.302011 grad_norm=0.2118
2026-09-22T00:15:54.942062+00:00 rank=1 lora epoch=4/15 batch=5253/6249 step=24000 loss=0.000270 grad_norm=0.0781
2026-09-22T00:17:32.709990+00:00 rank=1 interval validation step=24000 metrics={'n': 20000, 'positive_fraction': 0.4633, 'mcc': 0.4621993792021617, 'f1': 0.6388633074595448, 'spearman_probability_label': 0.5961761845091084, 'threshold': 0.5}
2026-09-22T00:17:45.187794+00:00 rank=1 lora epoch=4/15 batch=5273/6249 step=24020 loss=0.641754 grad_norm=0.3750
2026-09-22T00:17:53.916488+00:00 rank=1 lora epoch=4/15 batch=5293/6249 step=24040 loss=0.000247 grad_norm=0.0025
2026-09-22T00:18:03.052509+00:00 rank=1 lora epoch=4/15 batch=5313/6249 step=24060 loss=0.315398 grad_norm=1.1192
2026-09-22T00:18:13.740295+00:00 rank=1 lora epoch=4/15 batch=5333/6249 step=24080 loss=0.661239 grad_norm=0.2057
2026-09-22T00:18:27.512942+00:00 rank=1 lora epoch=4/15 batch=5353/6249 step=24100 loss=0.000431 grad_norm=0.0057
2026-09-22T00:18:38.042906+00:00 rank=1 lora epoch=4/15 batch=5373/6249 step=24120 loss=0.654158 grad_norm=1.3151
2026-09-22T00:18:48.294460+00:00 rank=1 lora epoch=4/15 batch=5393/6249 step=24140 loss=0.616867 grad_norm=0.1432
2026-09-22T00:18:58.695754+00:00 rank=1 lora epoch=4/15 batch=5413/6249 step=24160 loss=0.564410 grad_norm=0.6871
2026-09-22T00:19:09.780742+00:00 rank=1 lora epoch=4/15 batch=5433/6249 step=24180 loss=0.699386 grad_norm=0.3387
2026-09-22T00:19:20.329771+00:00 rank=1 lora epoch=4/15 batch=5453/6249 step=24200 loss=0.000248 grad_norm=0.0032
2026-09-22T00:19:31.174236+00:00 rank=1 lora epoch=4/15 batch=5473/6249 step=24220 loss=0.698185 grad_norm=0.7119
2026-09-22T00:19:43.222045+00:00 rank=1 lora epoch=4/15 batch=5493/6249 step=24240 loss=0.638005 grad_norm=0.2513
2026-09-22T00:19:53.279098+00:00 rank=1 lora epoch=4/15 batch=5513/6249 step=24260 loss=0.644018 grad_norm=0.6814
2026-09-22T00:20:06.078718+00:00 rank=1 lora epoch=4/15 batch=5533/6249 step=24280 loss=0.083848 grad_norm=0.3393
2026-09-22T00:20:15.624010+00:00 rank=1 lora epoch=4/15 batch=5553/6249 step=24300 loss=0.620985 grad_norm=0.2121
2026-09-22T00:20:25.617125+00:00 rank=1 lora epoch=4/15 batch=5573/6249 step=24320 loss=0.763394 grad_norm=0.8131
2026-09-22T00:20:36.276225+00:00 rank=1 lora epoch=4/15 batch=5593/6249 step=24340 loss=0.000375 grad_norm=0.0071
2026-09-22T00:20:47.433754+00:00 rank=1 lora epoch=4/15 batch=5613/6249 step=24360 loss=0.720299 grad_norm=1.1791
2026-09-22T00:20:58.859107+00:00 rank=1 lora epoch=4/15 batch=5633/6249 step=24380 loss=0.599675 grad_norm=0.9073
2026-09-22T00:21:09.940058+00:00 rank=1 lora epoch=4/15 batch=5653/6249 step=24400 loss=0.000221 grad_norm=0.0030
2026-09-22T00:21:19.762664+00:00 rank=1 lora epoch=4/15 batch=5673/6249 step=24420 loss=0.681177 grad_norm=0.7793
2026-09-22T00:21:31.781057+00:00 rank=1 lora epoch=4/15 batch=5693/6249 step=24440 loss=0.643384 grad_norm=0.2798
2026-09-22T00:21:41.781179+00:00 rank=1 lora epoch=4/15 batch=5713/6249 step=24460 loss=0.051979 grad_norm=0.2508
2026-09-22T00:21:53.705153+00:00 rank=1 lora epoch=4/15 batch=5733/6249 step=24480 loss=0.000270 grad_norm=0.0038
2026-09-22T00:22:03.403565+00:00 rank=1 lora epoch=4/15 batch=5753/6249 step=24500 loss=0.640287 grad_norm=0.7770
2026-09-22T00:22:14.945074+00:00 rank=1 lora epoch=4/15 batch=5773/6249 step=24520 loss=0.628980 grad_norm=1.0452
2026-09-22T00:22:26.566833+00:00 rank=1 lora epoch=4/15 batch=5793/6249 step=24540 loss=0.668647 grad_norm=0.7271
2026-09-22T00:22:35.924071+00:00 rank=1 lora epoch=4/15 batch=5813/6249 step=24560 loss=0.666289 grad_norm=0.7973
2026-09-22T00:22:45.736874+00:00 rank=1 lora epoch=4/15 batch=5833/6249 step=24580 loss=0.651990 grad_norm=1.0811
2026-09-22T00:22:55.417153+00:00 rank=1 lora epoch=4/15 batch=5853/6249 step=24600 loss=0.000225 grad_norm=0.0025
2026-09-22T00:23:06.791613+00:00 rank=1 lora epoch=4/15 batch=5873/6249 step=24620 loss=0.000395 grad_norm=0.0066
2026-09-22T00:23:16.687864+00:00 rank=1 lora epoch=4/15 batch=5893/6249 step=24640 loss=0.689468 grad_norm=0.6199
2026-09-22T00:23:26.737877+00:00 rank=1 lora epoch=4/15 batch=5913/6249 step=24660 loss=0.628730 grad_norm=0.1731
2026-09-22T00:23:36.876878+00:00 rank=1 lora epoch=4/15 batch=5933/6249 step=24680 loss=0.642703 grad_norm=0.7472
2026-09-22T00:23:49.850758+00:00 rank=1 lora epoch=4/15 batch=5953/6249 step=24700 loss=0.703418 grad_norm=0.4575
2026-09-22T00:24:00.195953+00:00 rank=1 lora epoch=4/15 batch=5973/6249 step=24720 loss=0.588571 grad_norm=0.2493
2026-09-22T00:24:10.410023+00:00 rank=1 lora epoch=4/15 batch=5993/6249 step=24740 loss=0.000203 grad_norm=0.0022
2026-09-22T00:24:21.149558+00:00 rank=1 lora epoch=4/15 batch=6013/6249 step=24760 loss=0.608746 grad_norm=0.2804
2026-09-22T00:24:35.263755+00:00 rank=1 lora epoch=4/15 batch=6033/6249 step=24780 loss=0.604259 grad_norm=0.1982
2026-09-22T00:24:48.283040+00:00 rank=1 lora epoch=4/15 batch=6053/6249 step=24800 loss=0.001498 grad_norm=0.1138
2026-09-22T00:24:59.206923+00:00 rank=1 lora epoch=4/15 batch=6073/6249 step=24820 loss=0.605764 grad_norm=0.3417
2026-09-22T00:25:09.727328+00:00 rank=1 lora epoch=4/15 batch=6093/6249 step=24840 loss=0.710806 grad_norm=1.1905
2026-09-22T00:25:21.713571+00:00 rank=1 lora epoch=4/15 batch=6113/6249 step=24860 loss=0.000218 grad_norm=0.0025
2026-09-22T00:25:31.645928+00:00 rank=1 lora epoch=4/15 batch=6133/6249 step=24880 loss=0.532857 grad_norm=0.4100
2026-09-22T00:25:40.938974+00:00 rank=1 lora epoch=4/15 batch=6153/6249 step=24900 loss=0.634334 grad_norm=0.7631
2026-09-22T00:25:52.037042+00:00 rank=1 lora epoch=4/15 batch=6173/6249 step=24920 loss=0.000357 grad_norm=0.0056
2026-09-22T00:26:03.093869+00:00 rank=1 lora epoch=4/15 batch=6193/6249 step=24940 loss=0.608824 grad_norm=1.4830
2026-09-22T00:26:16.420810+00:00 rank=1 lora epoch=4/15 batch=6213/6249 step=24960 loss=0.538496 grad_norm=0.0547
2026-09-22T00:26:26.023832+00:00 rank=1 lora epoch=4/15 batch=6233/6249 step=24980 loss=0.109515 grad_norm=2.6141
2026-09-22T00:28:11.624371+00:00 rank=1 lora epoch=4 completed=True loss=0.41212138940269816 validation={'n': 20000, 'positive_fraction': 0.4633, 'mcc': 0.4802565122806728, 'f1': 0.7441426304489872, 'spearman_probability_label': 0.5969115496033477, 'threshold': 0.5}
2026-09-22T00:28:11.624553+00:00 rank=1 LoRA ended: completed_epochs=4 steps=24996 selected_checkpoint=True
2026-09-22T00:28:11.804612+00:00 rank=1 Finished mode=lora elapsed_seconds=10738.0
2026-09-22T00:28:19.977842+00:00 rank=1 Start mode=evaluate world=2 deadline=2026-09-22T01:13:13.687400+00:00
2026-09-22T00:30:19.615753+00:00 rank=1 Finished mode=evaluate elapsed_seconds=119.9
2026-09-22T00:30:30.405871+00:00 rank=1 Start mode=evaluate world=2 deadline=2026-09-22T01:15:23.825171+00:00
2026-09-22T00:32:27.446268+00:00 rank=1 Finished mode=evaluate elapsed_seconds=117.4
