route,seed,antigen_local,antigen_project,antigen_resname,antibody_chain,antibody_local,antibody_resname,antibody_region,min_distance_A,contact_4p5,contact_5p0
immunogen_blind,1,44,70,GLN,H,102,ASP,CDR3,2.787,1,1
immunogen_blind,1,47,73,ARG,H,102,ASP,CDR3,3.518,1,1
immunogen_blind,1,47,73,ARG,L,53,ARG,FR3,4.274,1,1
immunogen_blind,1,48,74,ASN,L,50,TRP,CDR2,4.932,0,1
immunogen_blind,1,106,132,ASN,L,93,TYR,CDR3,4.625,0,1
immunogen_blind,1,106,132,ASN,H,61,GLN,FR3,3.137,1,1
immunogen_blind,1,107,133,SER,L,92,SER,CDR3,4.327,1,1
immunogen_blind,1,109,135,LEU,L,93,TYR,CDR3,2.931,1,1
immunogen_blind,1,109,135,LEU,H,58,SER,FR3,4.259,1,1
immunogen_blind,1,109,135,LEU,H,59,TYR,FR3,4.854,0,1
immunogen_blind,1,110,136,PRO,L,92,SER,CDR3,2.703,1,1
immunogen_blind,1,110,136,PRO,L,93,TYR,CDR3,1.839,1,1
immunogen_blind,1,110,136,PRO,L,95,TYR,CDR3,4.143,1,1
immunogen_blind,1,110,136,PRO,L,90,TYR,CDR3,4.879,0,1
immunogen_blind,1,110,136,PRO,L,91,SER,CDR3,3.706,1,1
immunogen_blind,1,111,137,ILE,L,93,TYR,CDR3,4.8,0,1
immunogen_blind,1,113,139,GLU,L,93,TYR,CDR3,2.521,1,1
immunogen_blind,1,113,139,GLU,H,104,TRP,CDR3,4.682,0,1
immunogen_blind,1,113,139,GLU,H,35,TYR,FR2,2.964,1,1
immunogen_blind,1,113,139,GLU,L,95,TYR,CDR3,4.099,1,1
immunogen_blind,1,113,139,GLU,H,50,ILE,CDR2,2.728,1,1
immunogen_blind,1,113,139,GLU,H,33,ASN,CDR1,3.056,1,1
immunogen_blind,1,113,139,GLU,H,58,SER,FR3,4.71,0,1
immunogen_blind,1,114,140,SER,L,95,TYR,CDR3,4.991,0,1
immunogen_blind,1,114,140,SER,H,104,TRP,CDR3,3.143,1,1
immunogen_blind,1,116,142,HIS,H,33,ASN,CDR1,3.622,1,1
immunogen_blind,1,116,142,HIS,H,54,ASN,CDR2,2.816,1,1
immunogen_blind,1,116,142,HIS,H,56,ASP,CDR2,4.763,0,1
immunogen_blind,1,116,142,HIS,H,52,PRO,CDR2,3.872,1,1
immunogen_blind,1,117,143,GLN,H,104,TRP,CDR3,2.138,1,1
immunogen_blind,1,117,143,GLN,H,100,ILE,CDR3,2.138,1,1
immunogen_blind,1,117,143,GLN,H,98,TRP,CDR3,3.086,1,1
immunogen_blind,1,117,143,GLN,H,33,ASN,CDR1,2.105,1,1
immunogen_blind,1,117,143,GLN,H,35,TYR,FR2,3.733,1,1
immunogen_blind,1,117,143,GLN,H,99,GLU,CDR3,4.908,0,1
immunogen_blind,1,117,143,GLN,H,50,ILE,CDR2,4.202,1,1
immunogen_blind,1,118,144,ARG,H,104,TRP,CDR3,3.179,1,1
immunogen_blind,1,120,146,LEU,H,100,ILE,CDR3,3.615,1,1
immunogen_blind,1,120,146,LEU,H,31,ASP,CDR1,3.934,1,1
immunogen_blind,1,120,146,LEU,H,32,TYR,CDR1,4.745,0,1
immunogen_blind,1,120,146,LEU,H,33,ASN,CDR1,3.873,1,1
immunogen_blind,1,120,146,LEU,H,30,THR,CDR1,4.637,0,1
immunogen_blind,1,121,147,LEU,H,100,ILE,CDR3,2.968,1,1
immunogen_blind,1,121,147,LEU,H,101,THR,CDR3,3.7,1,1
immunogen_blind,1,121,147,LEU,H,104,TRP,CDR3,4.989,0,1
immunogen_blind,1,123,149,ARG,H,30,THR,CDR1,2.862,1,1
immunogen_blind,1,123,149,ARG,H,31,ASP,CDR1,4.616,0,1
immunogen_blind,1,124,150,ARG,H,31,ASP,CDR1,4.244,1,1
immunogen_blind,1,124,150,ARG,H,32,TYR,CDR1,3.722,1,1
immunogen_blind,1,124,150,ARG,H,101,THR,CDR3,4.077,1,1
immunogen_blind,10,14,40,VAL,H,56,ASP,CDR2,3.109,1,1
immunogen_blind,10,17,43,GLU,H,54,ASN,CDR2,2.468,1,1
immunogen_blind,10,17,43,GLU,H,56,ASP,CDR2,3.155,1,1
immunogen_blind,10,17,43,GLU,H,52,PRO,CDR2,4.27,1,1
immunogen_blind,10,66,92,LEU,H,104,TRP,CDR3,2.779,1,1
immunogen_blind,10,66,92,LEU,L,50,TRP,CDR2,3.167,1,1
immunogen_blind,10,67,93,ASN,L,50,TRP,CDR2,3.163,1,1
immunogen_blind,10,67,93,ASN,L,53,ARG,FR3,4.743,0,1
immunogen_blind,10,67,93,ASN,L,31,THR,CDR1,3.582,1,1
immunogen_blind,10,70,96,PHE,H,104,TRP,CDR3,2.558,1,1
immunogen_blind,10,70,96,PHE,H,101,THR,CDR3,2.844,1,1
immunogen_blind,10,70,96,PHE,H,100,ILE,CDR3,4.714,0,1
immunogen_blind,10,70,96,PHE,H,102,ASP,CDR3,4.989,0,1
immunogen_blind,10,71,97,LYS,H,101,THR,CDR3,4.209,1,1
immunogen_blind,10,71,97,LYS,H,104,TRP,CDR3,4.439,1,1
immunogen_blind,10,71,97,LYS,H,102,ASP,CDR3,3.884,1,1
immunogen_blind,10,71,97,LYS,L,53,ARG,FR3,0.852,1,1
immunogen_blind,10,71,97,LYS,L,50,TRP,CDR2,4.669,0,1
immunogen_blind,10,72,98,ASN,L,53,ARG,FR3,4.642,0,1
immunogen_blind,10,74,100,HIS,H,101,THR,CDR3,1.752,1,1
immunogen_blind,10,74,100,HIS,H,102,ASP,CDR3,2.568,1,1
immunogen_blind,10,74,100,HIS,H,99,GLU,CDR3,3.235,1,1
immunogen_blind,10,74,100,HIS,H,100,ILE,CDR3,4.879,0,1
immunogen_blind,10,74,100,HIS,H,103,PRO,CDR3,4.801,0,1
immunogen_blind,10,81,107,LYS,H,31,ASP,CDR1,4.564,0,1
immunogen_blind,10,83,109,LEU,H,31,ASP,CDR1,3.224,1,1
immunogen_blind,10,83,109,LEU,H,101,THR,CDR3,3.152,1,1
immunogen_blind,10,83,109,LEU,H,32,TYR,CDR1,3.205,1,1
immunogen_blind,10,84,110,ARG,H,30,THR,CDR1,2.614,1,1
immunogen_blind,10,84,110,ARG,H,31,ASP,CDR1,3.099,1,1
immunogen_blind,10,84,110,ARG,H,32,TYR,CDR1,4.571,0,1
immunogen_blind,10,84,110,ARG,H,53,TYR,CDR2,2.951,1,1
immunogen_blind,10,84,110,ARG,H,33,ASN,CDR1,2.671,1,1
immunogen_blind,10,84,110,ARG,H,52,PRO,CDR2,1.125,1,1
immunogen_blind,10,84,110,ARG,H,54,ASN,CDR2,3.254,1,1
immunogen_blind,10,86,112,PHE,H,100,ILE,CDR3,3.811,1,1
immunogen_blind,10,86,112,PHE,H,101,THR,CDR3,3.413,1,1
immunogen_blind,10,86,112,PHE,H,104,TRP,CDR3,4.672,0,1
immunogen_blind,10,87,113,SER,H,100,ILE,CDR3,2.388,1,1
immunogen_blind,10,87,113,SER,H,33,ASN,CDR1,3.317,1,1
immunogen_blind,10,87,113,SER,H,31,ASP,CDR1,4.415,1,1
immunogen_blind,10,87,113,SER,H,98,TRP,CDR3,3.861,1,1
immunogen_blind,10,88,114,THR,H,33,ASN,CDR1,4.4,1,1
immunogen_blind,10,88,114,THR,H,100,ILE,CDR3,4.209,1,1
immunogen_blind,10,88,114,THR,H,52,PRO,CDR2,4.646,0,1
immunogen_blind,10,90,116,ALA,H,100,ILE,CDR3,3.086,1,1
immunogen_blind,10,90,116,ALA,H,104,TRP,CDR3,2.816,1,1
immunogen_blind,10,91,117,ASN,H,100,ILE,CDR3,3.482,1,1
immunogen_blind,10,91,117,ASN,H,104,TRP,CDR3,4.793,0,1
immunogen_blind,10,91,117,ASN,L,93,TYR,CDR3,3.71,1,1
immunogen_blind,10,91,117,ASN,L,95,TYR,CDR3,3.772,1,1
immunogen_blind,10,91,117,ASN,H,33,ASN,CDR1,2.831,1,1
immunogen_blind,10,91,117,ASN,H,35,TYR,FR2,2.965,1,1
immunogen_blind,10,91,117,ASN,H,98,TRP,CDR3,2.58,1,1
immunogen_blind,10,91,117,ASN,H,50,ILE,CDR2,3.735,1,1
immunogen_blind,10,94,120,ILE,L,90,TYR,CDR3,2.286,1,1
immunogen_blind,10,94,120,ILE,L,91,SER,CDR3,2.449,1,1
immunogen_blind,10,94,120,ILE,L,92,SER,CDR3,3.708,1,1
immunogen_blind,10,94,120,ILE,L,95,TYR,CDR3,3.903,1,1
immunogen_blind,10,94,120,ILE,H,104,TRP,CDR3,3.426,1,1
immunogen_blind,10,94,120,ILE,H,98,TRP,CDR3,3.826,1,1
immunogen_blind,10,94,120,ILE,H,100,ILE,CDR3,4.962,0,1
immunogen_blind,10,95,121,VAL,L,91,SER,CDR3,4.385,1,1
immunogen_blind,10,95,121,VAL,L,92,SER,CDR3,4.951,0,1
immunogen_blind,10,95,121,VAL,L,93,TYR,CDR3,3.361,1,1
immunogen_blind,10,97,123,MET,L,91,SER,CDR3,4.324,1,1
immunogen_blind,10,98,124,SER,L,91,SER,CDR3,2.479,1,1
immunogen_blind,10,98,124,SER,L,92,SER,CDR3,2.441,1,1
immunogen_blind,10,98,124,SER,L,27,GLN,CDR1,3.89,1,1
immunogen_blind,10,98,124,SER,L,93,TYR,CDR3,4.008,1,1
immunogen_blind,10,99,125,GLN,L,92,SER,CDR3,4.97,0,1
immunogen_blind,10,101,127,GLN,L,27,GLN,CDR1,2.927,1,1
immunogen_blind,10,101,127,GLN,L,28,ASP,CDR1,4.755,0,1
immunogen_blind,10,104,130,LYS,L,28,ASP,CDR1,3.8,1,1
immunogen_blind,11,44,70,GLN,H,104,TRP,CDR3,2.975,1,1
immunogen_blind,11,44,70,GLN,H,102,ASP,CDR3,4.674,0,1
immunogen_blind,11,45,71,VAL,H,104,TRP,CDR3,4.257,1,1
immunogen_blind,11,47,73,ARG,H,104,TRP,CDR3,3.427,1,1
immunogen_blind,11,47,73,ARG,L,50,TRP,CDR2,4.387,1,1
immunogen_blind,11,47,73,ARG,L,53,ARG,FR3,3.461,1,1
immunogen_blind,11,48,74,ASN,L,31,THR,CDR1,3.416,1,1
immunogen_blind,11,48,74,ASN,L,50,TRP,CDR2,2.628,1,1
immunogen_blind,11,48,74,ASN,H,104,TRP,CDR3,4.754,0,1
immunogen_blind,11,48,74,ASN,L,53,ARG,FR3,1.911,1,1
immunogen_blind,11,49,75,VAL,L,50,TRP,CDR2,4.695,0,1
immunogen_blind,11,53,79,GLU,L,50,TRP,CDR2,4.125,1,1
immunogen_blind,11,106,132,ASN,H,58,SER,FR3,4.515,0,1
immunogen_blind,11,106,132,ASN,L,93,TYR,CDR3,4.913,0,1
immunogen_blind,11,107,133,SER,L,93,TYR,CDR3,4.055,1,1
immunogen_blind,11,109,135,LEU,L,93,TYR,CDR3,3.717,1,1
immunogen_blind,11,109,135,LEU,H,58,SER,FR3,2.789,1,1
immunogen_blind,11,109,135,LEU,H,56,ASP,CDR2,4.361,1,1
immunogen_blind,11,109,135,LEU,H,50,ILE,CDR2,4.423,1,1
immunogen_blind,11,109,135,LEU,H,57,THR,CDR2,4.3,1,1
immunogen_blind,11,110,136,PRO,L,93,TYR,CDR3,2.034,1,1
immunogen_blind,11,110,136,PRO,L,95,TYR,CDR3,3.356,1,1
immunogen_blind,11,110,136,PRO,L,92,SER,CDR3,3.963,1,1
immunogen_blind,11,111,137,ILE,L,95,TYR,CDR3,4.74,0,1
immunogen_blind,11,111,137,ILE,L,91,SER,CDR3,3.471,1,1
immunogen_blind,11,111,137,ILE,L,92,SER,CDR3,4.644,0,1
immunogen_blind,11,113,139,GLU,H,100,ILE,CDR3,3.312,1,1
immunogen_blind,11,113,139,GLU,H,33,ASN,CDR1,2.331,1,1
immunogen_blind,11,113,139,GLU,H,35,TYR,FR2,4.508,0,1
immunogen_blind,11,113,139,GLU,H,50,ILE,CDR2,3.887,1,1
immunogen_blind,11,113,139,GLU,L,93,TYR,CDR3,4.428,1,1
immunogen_blind,11,113,139,GLU,H,52,PRO,CDR2,4.613,0,1
immunogen_blind,11,113,139,GLU,H,53,TYR,CDR2,3.457,1,1
immunogen_blind,11,113,139,GLU,H,54,ASN,CDR2,3.672,1,1
immunogen_blind,11,114,140,SER,H,100,ILE,CDR3,3.057,1,1
immunogen_blind,11,114,140,SER,H,98,TRP,CDR3,4.53,0,1
immunogen_blind,11,114,140,SER,H,104,TRP,CDR3,3.805,1,1
immunogen_blind,11,114,140,SER,L,95,TYR,CDR3,4.709,0,1
immunogen_blind,11,115,141,ALA,H,100,ILE,CDR3,4.938,0,1
immunogen_blind,11,116,142,HIS,H,53,TYR,CDR2,1.379,1,1
immunogen_blind,11,116,142,HIS,H,54,ASN,CDR2,4.631,0,1
immunogen_blind,11,117,143,GLN,H,100,ILE,CDR3,2.454,1,1
immunogen_blind,11,117,143,GLN,H,101,THR,CDR3,3.634,1,1
immunogen_blind,11,117,143,GLN,H,33,ASN,CDR1,3.459,1,1
immunogen_blind,11,117,143,GLN,H,98,TRP,CDR3,4.327,1,1
immunogen_blind,11,117,143,GLN,H,31,ASP,CDR1,3.351,1,1
immunogen_blind,11,117,143,GLN,H,32,TYR,CDR1,4.423,1,1
immunogen_blind,11,117,143,GLN,H,53,TYR,CDR2,3.67,1,1
immunogen_blind,11,118,144,ARG,H,100,ILE,CDR3,4.311,1,1
immunogen_blind,11,118,144,ARG,H,104,TRP,CDR3,2.125,1,1
immunogen_blind,11,118,144,ARG,L,50,TRP,CDR2,2.54,1,1
immunogen_blind,11,120,146,LEU,H,53,TYR,CDR2,3.741,1,1
immunogen_blind,11,120,146,LEU,H,31,ASP,CDR1,4.364,1,1
immunogen_blind,11,121,147,LEU,H,101,THR,CDR3,2.401,1,1
immunogen_blind,11,121,147,LEU,H,102,ASP,CDR3,3.293,1,1
immunogen_blind,11,124,150,ARG,H,102,ASP,CDR3,4.118,1,1
immunogen_blind,12,1,27,GLN,H,56,ASP,CDR2,3.403,1,1
immunogen_blind,12,12,38,GLY,H,58,SER,FR3,4.488,1,1
immunogen_blind,12,13,39,VAL,H,56,ASP,CDR2,4.726,0,1
immunogen_blind,12,14,40,VAL,H,56,ASP,CDR2,1.17,1,1
immunogen_blind,12,14,40,VAL,H,54,ASN,CDR2,4.572,0,1
immunogen_blind,12,17,43,GLU,H,54,ASN,CDR2,1.101,1,1
immunogen_blind,12,17,43,GLU,H,56,ASP,CDR2,3.633,1,1
immunogen_blind,12,63,89,LYS,L,30,GLY,CDR1,4.878,0,1
immunogen_blind,12,65,91,TYR,H,104,TRP,CDR3,4.509,0,1
immunogen_blind,12,66,92,LEU,H,104,TRP,CDR3,2.675,1,1
immunogen_blind,12,66,92,LEU,L,50,TRP,CDR2,4.434,1,1
immunogen_blind,12,67,93,ASN,H,104,TRP,CDR3,4.686,0,1
immunogen_blind,12,67,93,ASN,L,50,TRP,CDR2,3.47,1,1
immunogen_blind,12,67,93,ASN,L,31,THR,CDR1,4.884,0,1
immunogen_blind,12,70,96,PHE,H,104,TRP,CDR3,2.853,1,1
immunogen_blind,12,70,96,PHE,H,101,THR,CDR3,4.708,0,1
immunogen_blind,12,70,96,PHE,H,100,ILE,CDR3,4.88,0,1
immunogen_blind,12,71,97,LYS,H,104,TRP,CDR3,4.151,1,1
immunogen_blind,12,71,97,LYS,H,101,THR,CDR3,4.636,0,1
immunogen_blind,12,71,97,LYS,H,102,ASP,CDR3,3.961,1,1
immunogen_blind,12,71,97,LYS,L,53,ARG,FR3,2.594,1,1
immunogen_blind,12,71,97,LYS,L,50,TRP,CDR2,4.29,1,1
immunogen_blind,12,74,100,HIS,H,101,THR,CDR3,1.442,1,1
immunogen_blind,12,74,100,HIS,H,102,ASP,CDR3,4.916,0,1
immunogen_blind,12,74,100,HIS,H,99,GLU,CDR3,3.892,1,1
immunogen_blind,12,74,100,HIS,H,100,ILE,CDR3,4.888,0,1
immunogen_blind,12,74,100,HIS,H,32,TYR,CDR1,4.015,1,1
immunogen_blind,12,83,109,LEU,H,31,ASP,CDR1,3.644,1,1
immunogen_blind,12,83,109,LEU,H,32,TYR,CDR1,3.175,1,1
immunogen_blind,12,83,109,LEU,H,101,THR,CDR3,4.823,0,1
immunogen_blind,12,84,110,ARG,H,30,THR,CDR1,2.212,1,1
immunogen_blind,12,84,110,ARG,H,31,ASP,CDR1,3.441,1,1
immunogen_blind,12,84,110,ARG,H,53,TYR,CDR2,2.133,1,1
immunogen_blind,12,84,110,ARG,H,32,TYR,CDR1,4.641,0,1
immunogen_blind,12,84,110,ARG,H,33,ASN,CDR1,4.332,1,1
immunogen_blind,12,84,110,ARG,H,52,PRO,CDR2,3.983,1,1
immunogen_blind,12,84,110,ARG,H,54,ASN,CDR2,3.737,1,1
immunogen_blind,12,86,112,PHE,H,100,ILE,CDR3,3.07,1,1
immunogen_blind,12,87,113,SER,H,100,ILE,CDR3,3.222,1,1
immunogen_blind,12,87,113,SER,H,33,ASN,CDR1,4.144,1,1
immunogen_blind,12,87,113,SER,H,31,ASP,CDR1,3.655,1,1
immunogen_blind,12,87,113,SER,H,32,TYR,CDR1,4.42,1,1
immunogen_blind,12,87,113,SER,H,98,TRP,CDR3,4.773,0,1
immunogen_blind,12,88,114,THR,H,33,ASN,CDR1,4.73,0,1
immunogen_blind,12,88,114,THR,H,100,ILE,CDR3,4.864,0,1
immunogen_blind,12,89,115,LEU,H,100,ILE,CDR3,4.86,0,1
immunogen_blind,12,90,116,ALA,H,100,ILE,CDR3,1.939,1,1
immunogen_blind,12,90,116,ALA,H,104,TRP,CDR3,4.23,1,1
immunogen_blind,12,91,117,ASN,H,100,ILE,CDR3,4.0,1,1
immunogen_blind,12,91,117,ASN,L,93,TYR,CDR3,4.496,1,1
immunogen_blind,12,91,117,ASN,H,33,ASN,CDR1,2.492,1,1
immunogen_blind,12,91,117,ASN,H,35,TYR,FR2,3.539,1,1
immunogen_blind,12,91,117,ASN,H,50,ILE,CDR2,4.304,1,1
immunogen_blind,12,91,117,ASN,H,98,TRP,CDR3,2.745,1,1
immunogen_blind,12,94,120,ILE,L,93,TYR,CDR3,4.588,0,1
immunogen_blind,12,94,120,ILE,L,91,SER,CDR3,4.238,1,1
immunogen_blind,12,94,120,ILE,L,90,TYR,CDR3,3.497,1,1
immunogen_blind,12,94,120,ILE,L,95,TYR,CDR3,3.12,1,1
immunogen_blind,12,94,120,ILE,H,98,TRP,CDR3,3.53,1,1
immunogen_blind,12,94,120,ILE,H,104,TRP,CDR3,4.342,1,1
immunogen_blind,12,95,121,VAL,L,93,TYR,CDR3,2.434,1,1
immunogen_blind,12,97,123,MET,L,91,SER,CDR3,4.483,1,1
immunogen_blind,12,98,124,SER,L,91,SER,CDR3,3.294,1,1
immunogen_blind,12,98,124,SER,L,92,SER,CDR3,2.976,1,1
immunogen_blind,12,98,124,SER,L,93,TYR,CDR3,3.443,1,1
immunogen_blind,12,99,125,GLN,L,93,TYR,CDR3,4.748,0,1
immunogen_blind,12,101,127,GLN,L,27,GLN,CDR1,3.585,1,1
immunogen_blind,12,101,127,GLN,L,92,SER,CDR3,3.839,1,1
immunogen_blind,12,104,130,LYS,L,28,ASP,CDR1,2.943,1,1
immunogen_blind,13,44,70,GLN,H,102,ASP,CDR3,2.675,1,1
immunogen_blind,13,45,71,VAL,H,102,ASP,CDR3,4.63,0,1
immunogen_blind,13,47,73,ARG,H,104,TRP,CDR3,4.767,0,1
immunogen_blind,13,47,73,ARG,L,53,ARG,FR3,4.757,0,1
immunogen_blind,13,48,74,ASN,L,50,TRP,CDR2,4.318,1,1
immunogen_blind,13,53,79,GLU,H,104,TRP,CDR3,4.014,1,1
immunogen_blind,13,106,132,ASN,H,64,LYS,FR3,4.621,0,1
immunogen_blind,13,109,135,LEU,L,93,TYR,CDR3,3.936,1,1
immunogen_blind,13,109,135,LEU,H,58,SER,FR3,2.466,1,1
immunogen_blind,13,109,135,LEU,H,56,ASP,CDR2,4.316,1,1
immunogen_blind,13,109,135,LEU,H,57,THR,CDR2,3.686,1,1
immunogen_blind,13,110,136,PRO,L,93,TYR,CDR3,2.139,1,1
immunogen_blind,13,110,136,PRO,L,95,TYR,CDR3,4.793,0,1
immunogen_blind,13,110,136,PRO,L,92,SER,CDR3,4.989,0,1
immunogen_blind,13,113,139,GLU,H,33,ASN,CDR1,3.969,1,1
immunogen_blind,13,113,139,GLU,H,35,TYR,FR2,1.908,1,1
immunogen_blind,13,113,139,GLU,H,50,ILE,CDR2,1.686,1,1
immunogen_blind,13,113,139,GLU,L,93,TYR,CDR3,1.203,1,1
immunogen_blind,13,113,139,GLU,L,95,TYR,CDR3,3.803,1,1
immunogen_blind,13,114,140,SER,H,104,TRP,CDR3,3.994,1,1
immunogen_blind,13,116,142,HIS,H,53,TYR,CDR2,1.569,1,1
immunogen_blind,13,116,142,HIS,H,54,ASN,CDR2,4.739,0,1
immunogen_blind,13,116,142,HIS,H,33,ASN,CDR1,4.071,1,1
immunogen_blind,13,117,143,GLN,H,100,ILE,CDR3,3.379,1,1
immunogen_blind,13,117,143,GLN,H,104,TRP,CDR3,2.969,1,1
immunogen_blind,13,117,143,GLN,H,98,TRP,CDR3,1.683,1,1
immunogen_blind,13,117,143,GLN,H,33,ASN,CDR1,3.434,1,1
immunogen_blind,13,117,143,GLN,H,35,TYR,FR2,3.194,1,1
immunogen_blind,13,117,143,GLN,H,99,GLU,CDR3,4.532,0,1
immunogen_blind,13,117,143,GLN,H,50,ILE,CDR2,4.511,0,1
immunogen_blind,13,118,144,ARG,H,104,TRP,CDR3,1.999,1,1
immunogen_blind,13,118,144,ARG,L,50,TRP,CDR2,4.428,1,1
immunogen_blind,13,119,145,PHE,H,53,TYR,CDR2,4.014,1,1
immunogen_blind,13,120,146,LEU,H,100,ILE,CDR3,2.838,1,1
immunogen_blind,13,120,146,LEU,H,31,ASP,CDR1,2.766,1,1
immunogen_blind,13,120,146,LEU,H,53,TYR,CDR2,4.077,1,1
immunogen_blind,13,120,146,LEU,H,30,THR,CDR1,4.264,1,1
immunogen_blind,13,120,146,LEU,H,32,TYR,CDR1,4.149,1,1
immunogen_blind,13,120,146,LEU,H,33,ASN,CDR1,4.93,0,1
immunogen_blind,13,121,147,LEU,H,100,ILE,CDR3,3.478,1,1
immunogen_blind,13,121,147,LEU,H,101,THR,CDR3,3.505,1,1
immunogen_blind,13,121,147,LEU,H,102,ASP,CDR3,4.054,1,1
immunogen_blind,13,123,149,ARG,H,31,ASP,CDR1,2.689,1,1
immunogen_blind,13,123,149,ARG,H,30,THR,CDR1,3.236,1,1
immunogen_blind,13,123,149,ARG,H,53,TYR,CDR2,4.489,1,1
immunogen_blind,13,124,150,ARG,H,32,TYR,CDR1,1.21,1,1
immunogen_blind,13,124,150,ARG,H,101,THR,CDR3,2.479,1,1
immunogen_blind,13,124,150,ARG,H,100,ILE,CDR3,3.658,1,1
immunogen_blind,13,124,150,ARG,H,99,GLU,CDR3,4.06,1,1
immunogen_blind,13,124,150,ARG,H,31,ASP,CDR1,4.851,0,1
immunogen_blind,13,127,153,LYS,H,31,ASP,CDR1,3.404,1,1
immunogen_blind,13,127,153,LYS,H,28,SER,CDR1,4.493,1,1
immunogen_blind,14,1,27,GLN,H,56,ASP,CDR2,3.48,1,1
immunogen_blind,14,14,40,VAL,H,56,ASP,CDR2,1.774,1,1
immunogen_blind,14,17,43,GLU,H,54,ASN,CDR2,1.646,1,1
immunogen_blind,14,17,43,GLU,H,56,ASP,CDR2,3.621,1,1
immunogen_blind,14,17,43,GLU,H,52,PRO,CDR2,4.62,0,1
immunogen_blind,14,65,91,TYR,H,104,TRP,CDR3,4.988,0,1
immunogen_blind,14,66,92,LEU,H,104,TRP,CDR3,1.896,1,1
immunogen_blind,14,66,92,LEU,L,50,TRP,CDR2,2.564,1,1
immunogen_blind,14,66,92,LEU,L,91,SER,CDR3,4.989,0,1
immunogen_blind,14,67,93,ASN,H,104,TRP,CDR3,4.766,0,1
immunogen_blind,14,67,93,ASN,L,50,TRP,CDR2,3.02,1,1
immunogen_blind,14,67,93,ASN,L,31,THR,CDR1,3.98,1,1
immunogen_blind,14,67,93,ASN,L,32,ALA,CDR1,4.851,0,1
immunogen_blind,14,67,93,ASN,L,30,GLY,CDR1,4.868,0,1
immunogen_blind,14,70,96,PHE,H,101,THR,CDR3,2.299,1,1
immunogen_blind,14,70,96,PHE,H,100,ILE,CDR3,4.548,0,1
immunogen_blind,14,70,96,PHE,H,102,ASP,CDR3,4.426,1,1
immunogen_blind,14,70,96,PHE,H,104,TRP,CDR3,3.85,1,1
immunogen_blind,14,71,97,LYS,H,101,THR,CDR3,3.946,1,1
immunogen_blind,14,71,97,LYS,L,50,TRP,CDR2,3.131,1,1
immunogen_blind,14,71,97,LYS,H,102,ASP,CDR3,3.757,1,1
immunogen_blind,14,71,97,LYS,L,53,ARG,FR3,2.984,1,1
immunogen_blind,14,71,97,LYS,L,31,THR,CDR1,4.785,0,1
immunogen_blind,14,72,98,ASN,L,53,ARG,FR3,2.707,1,1
immunogen_blind,14,74,100,HIS,H,101,THR,CDR3,1.678,1,1
immunogen_blind,14,74,100,HIS,H,102,ASP,CDR3,2.022,1,1
immunogen_blind,14,74,100,HIS,H,103,PRO,CDR3,3.949,1,1
immunogen_blind,14,74,100,HIS,H,99,GLU,CDR3,3.105,1,1
immunogen_blind,14,74,100,HIS,H,100,ILE,CDR3,4.925,0,1
immunogen_blind,14,75,101,SER,H,102,ASP,CDR3,4.566,0,1
immunogen_blind,14,77,103,ILE,H,101,THR,CDR3,4.549,0,1
immunogen_blind,14,81,107,LYS,H,31,ASP,CDR1,4.601,0,1
immunogen_blind,14,83,109,LEU,H,31,ASP,CDR1,3.374,1,1
immunogen_blind,14,83,109,LEU,H,101,THR,CDR3,3.411,1,1
immunogen_blind,14,83,109,LEU,H,32,TYR,CDR1,2.939,1,1
immunogen_blind,14,84,110,ARG,H,30,THR,CDR1,2.229,1,1
immunogen_blind,14,84,110,ARG,H,31,ASP,CDR1,3.073,1,1
immunogen_blind,14,84,110,ARG,H,32,TYR,CDR1,2.531,1,1
immunogen_blind,14,84,110,ARG,H,53,TYR,CDR2,2.636,1,1
immunogen_blind,14,84,110,ARG,H,33,ASN,CDR1,1.316,1,1
immunogen_blind,14,84,110,ARG,H,52,PRO,CDR2,3.478,1,1
immunogen_blind,14,84,110,ARG,H,34,ILE,FR2,4.949,0,1
immunogen_blind,14,84,110,ARG,H,51,ASP,CDR2,4.968,0,1
immunogen_blind,14,86,112,PHE,H,101,THR,CDR3,2.961,1,1
immunogen_blind,14,86,112,PHE,H,100,ILE,CDR3,4.306,1,1
immunogen_blind,14,87,113,SER,H,100,ILE,CDR3,2.84,1,1
immunogen_blind,14,87,113,SER,H,101,THR,CDR3,4.282,1,1
immunogen_blind,14,87,113,SER,H,33,ASN,CDR1,3.367,1,1
immunogen_blind,14,87,113,SER,H,31,ASP,CDR1,4.811,0,1
immunogen_blind,14,87,113,SER,H,98,TRP,CDR3,4.16,1,1
immunogen_blind,14,88,114,THR,H,33,ASN,CDR1,4.587,0,1
immunogen_blind,14,88,114,THR,H,54,ASN,CDR2,4.903,0,1
immunogen_blind,14,90,116,ALA,H,100,ILE,CDR3,2.846,1,1
immunogen_blind,14,90,116,ALA,H,104,TRP,CDR3,3.59,1,1
immunogen_blind,14,91,117,ASN,H,100,ILE,CDR3,2.935,1,1
immunogen_blind,14,91,117,ASN,H,104,TRP,CDR3,4.344,1,1
immunogen_blind,14,91,117,ASN,L,93,TYR,CDR3,3.624,1,1
immunogen_blind,14,91,117,ASN,L,95,TYR,CDR3,3.658,1,1
immunogen_blind,14,91,117,ASN,H,33,ASN,CDR1,2.624,1,1
immunogen_blind,14,91,117,ASN,H,35,TYR,FR2,2.792,1,1
immunogen_blind,14,91,117,ASN,H,50,ILE,CDR2,3.313,1,1
immunogen_blind,14,91,117,ASN,H,98,TRP,CDR3,3.282,1,1
immunogen_blind,14,94,120,ILE,L,91,SER,CDR3,3.82,1,1
immunogen_blind,14,94,120,ILE,L,92,SER,CDR3,3.73,1,1
immunogen_blind,14,94,120,ILE,L,93,TYR,CDR3,4.083,1,1
immunogen_blind,14,94,120,ILE,H,104,TRP,CDR3,2.648,1,1
immunogen_blind,14,94,120,ILE,L,90,TYR,CDR3,3.655,1,1
immunogen_blind,14,94,120,ILE,L,95,TYR,CDR3,3.252,1,1
immunogen_blind,14,94,120,ILE,H,100,ILE,CDR3,3.917,1,1
immunogen_blind,14,94,120,ILE,H,98,TRP,CDR3,4.532,0,1
immunogen_blind,14,95,121,VAL,L,93,TYR,CDR3,2.296,1,1
immunogen_blind,14,95,121,VAL,H,58,SER,FR3,4.915,0,1
immunogen_blind,14,97,123,MET,L,91,SER,CDR3,3.114,1,1
immunogen_blind,14,98,124,SER,L,91,SER,CDR3,4.824,0,1
immunogen_blind,14,98,124,SER,L,92,SER,CDR3,2.92,1,1
immunogen_blind,14,98,124,SER,L,93,TYR,CDR3,3.795,1,1
immunogen_blind,14,101,127,GLN,L,27,GLN,CDR1,4.697,0,1
immunogen_blind,15,44,70,GLN,H,101,THR,CDR3,3.453,1,1
immunogen_blind,15,48,74,ASN,L,50,TRP,CDR2,4.463,1,1
immunogen_blind,15,48,74,ASN,L,53,ARG,FR3,4.643,0,1
immunogen_blind,15,53,79,GLU,H,104,TRP,CDR3,3.487,1,1
immunogen_blind,15,106,132,ASN,H,58,SER,FR3,3.095,1,1
immunogen_blind,15,106,132,ASN,L,93,TYR,CDR3,3.206,1,1
immunogen_blind,15,106,132,ASN,L,94,PRO,CDR3,4.966,0,1
immunogen_blind,15,106,132,ASN,H,59,TYR,FR3,4.164,1,1
immunogen_blind,15,106,132,ASN,H,61,GLN,FR3,4.315,1,1
immunogen_blind,15,106,132,ASN,H,64,LYS,FR3,4.479,1,1
immunogen_blind,15,107,133,SER,L,93,TYR,CDR3,3.428,1,1
immunogen_blind,15,107,133,SER,L,92,SER,CDR3,3.543,1,1
immunogen_blind,15,108,134,MET,L,93,TYR,CDR3,4.118,1,1
immunogen_blind,15,109,135,LEU,L,93,TYR,CDR3,2.013,1,1
immunogen_blind,15,109,135,LEU,H,58,SER,FR3,3.042,1,1
immunogen_blind,15,109,135,LEU,H,47,TRP,FR2,3.557,1,1
immunogen_blind,15,109,135,LEU,H,50,ILE,CDR2,3.26,1,1
immunogen_blind,15,109,135,LEU,H,59,TYR,FR3,4.997,0,1
immunogen_blind,15,110,136,PRO,L,93,TYR,CDR3,1.568,1,1
immunogen_blind,15,110,136,PRO,L,95,TYR,CDR3,2.95,1,1
immunogen_blind,15,110,136,PRO,L,90,TYR,CDR3,4.087,1,1
immunogen_blind,15,110,136,PRO,L,91,SER,CDR3,4.249,1,1
immunogen_blind,15,110,136,PRO,L,92,SER,CDR3,3.13,1,1
immunogen_blind,15,111,137,ILE,L,93,TYR,CDR3,4.121,1,1
immunogen_blind,15,111,137,ILE,L,91,SER,CDR3,4.313,1,1
immunogen_blind,15,111,137,ILE,H,104,TRP,CDR3,4.489,1,1
immunogen_blind,15,113,139,GLU,L,93,TYR,CDR3,3.295,1,1
immunogen_blind,15,113,139,GLU,H,33,ASN,CDR1,1.544,1,1
immunogen_blind,15,113,139,GLU,H,35,TYR,FR2,2.754,1,1
immunogen_blind,15,113,139,GLU,H,100,ILE,CDR3,3.616,1,1
immunogen_blind,15,113,139,GLU,H,50,ILE,CDR2,3.097,1,1
immunogen_blind,15,113,139,GLU,H,98,TRP,CDR3,4.374,1,1
immunogen_blind,15,113,139,GLU,H,52,PRO,CDR2,4.244,1,1
immunogen_blind,15,114,140,SER,H,100,ILE,CDR3,2.965,1,1
immunogen_blind,15,114,140,SER,H,98,TRP,CDR3,4.953,0,1
immunogen_blind,15,114,140,SER,H,104,TRP,CDR3,2.475,1,1
immunogen_blind,15,115,141,ALA,H,100,ILE,CDR3,4.801,0,1
immunogen_blind,15,116,142,HIS,H,33,ASN,CDR1,3.939,1,1
immunogen_blind,15,116,142,HIS,H,54,ASN,CDR2,3.415,1,1
immunogen_blind,15,117,143,GLN,H,100,ILE,CDR3,2.124,1,1
immunogen_blind,15,117,143,GLN,H,33,ASN,CDR1,3.294,1,1
immunogen_blind,15,117,143,GLN,H,98,TRP,CDR3,4.17,1,1
immunogen_blind,15,117,143,GLN,H,31,ASP,CDR1,2.985,1,1
immunogen_blind,15,117,143,GLN,H,32,TYR,CDR1,3.71,1,1
immunogen_blind,15,118,144,ARG,H,100,ILE,CDR3,3.942,1,1
immunogen_blind,15,118,144,ARG,H,104,TRP,CDR3,3.689,1,1
immunogen_blind,15,120,146,LEU,H,31,ASP,CDR1,2.823,1,1
immunogen_blind,15,120,146,LEU,H,30,THR,CDR1,3.654,1,1
immunogen_blind,15,120,146,LEU,H,32,TYR,CDR1,4.224,1,1
immunogen_blind,15,121,147,LEU,H,101,THR,CDR3,3.743,1,1
immunogen_blind,15,121,147,LEU,H,100,ILE,CDR3,4.36,1,1
immunogen_blind,15,123,149,ARG,H,30,THR,CDR1,4.387,1,1
immunogen_blind,15,123,149,ARG,H,31,ASP,CDR1,4.419,1,1
immunogen_blind,15,124,150,ARG,H,31,ASP,CDR1,2.455,1,1
immunogen_blind,15,124,150,ARG,H,32,TYR,CDR1,4.08,1,1
immunogen_blind,2,1,27,GLN,L,27,GLN,CDR1,4.305,1,1
immunogen_blind,2,11,37,THR,L,28,ASP,CDR1,4.188,1,1
immunogen_blind,2,12,38,GLY,L,91,SER,CDR3,4.445,1,1
immunogen_blind,2,66,92,LEU,H,102,ASP,CDR3,4.714,0,1
immunogen_blind,2,66,92,LEU,L,50,TRP,CDR2,4.681,0,1
immunogen_blind,2,67,93,ASN,H,102,ASP,CDR3,3.559,1,1
immunogen_blind,2,70,96,PHE,H,100,ILE,CDR3,4.65,0,1
immunogen_blind,2,70,96,PHE,H,101,THR,CDR3,4.982,0,1
immunogen_blind,2,70,96,PHE,H,104,TRP,CDR3,3.972,1,1
immunogen_blind,2,71,97,LYS,H,101,THR,CDR3,4.086,1,1
immunogen_blind,2,71,97,LYS,H,102,ASP,CDR3,4.807,0,1
immunogen_blind,2,74,100,HIS,H,100,ILE,CDR3,2.351,1,1
immunogen_blind,2,74,100,HIS,H,101,THR,CDR3,4.397,1,1
immunogen_blind,2,74,100,HIS,H,31,ASP,CDR1,2.889,1,1
immunogen_blind,2,74,100,HIS,H,32,TYR,CDR1,3.431,1,1
immunogen_blind,2,75,101,SER,H,31,ASP,CDR1,4.272,1,1
immunogen_blind,2,77,103,ILE,H,53,TYR,CDR2,3.781,1,1
immunogen_blind,2,78,104,ALA,H,53,TYR,CDR2,1.94,1,1
immunogen_blind,2,78,104,ALA,H,30,THR,CDR1,3.792,1,1
immunogen_blind,2,78,104,ALA,H,31,ASP,CDR1,3.002,1,1
immunogen_blind,2,79,105,LYS,H,31,ASP,CDR1,4.796,0,1
immunogen_blind,2,79,105,LYS,H,53,TYR,CDR2,3.966,1,1
immunogen_blind,2,80,106,PHE,H,53,TYR,CDR2,3.893,1,1
immunogen_blind,2,81,107,LYS,H,53,TYR,CDR2,2.664,1,1
immunogen_blind,2,81,107,LYS,H,54,ASN,CDR2,2.583,1,1
immunogen_blind,2,81,107,LYS,H,56,ASP,CDR2,4.819,0,1
immunogen_blind,2,81,107,LYS,H,73,LYS,FR3,3.668,1,1
immunogen_blind,2,82,108,VAL,H,53,TYR,CDR2,3.6,1,1
immunogen_blind,2,82,108,VAL,H,54,ASN,CDR2,3.903,1,1
immunogen_blind,2,83,109,LEU,H,53,TYR,CDR2,3.498,1,1
immunogen_blind,2,83,109,LEU,H,54,ASN,CDR2,4.045,1,1
immunogen_blind,2,83,109,LEU,H,33,ASN,CDR1,3.539,1,1
immunogen_blind,2,83,109,LEU,H,31,ASP,CDR1,3.326,1,1
immunogen_blind,2,83,109,LEU,H,100,ILE,CDR3,3.094,1,1
immunogen_blind,2,83,109,LEU,H,30,THR,CDR1,4.029,1,1
immunogen_blind,2,83,109,LEU,H,32,TYR,CDR1,3.689,1,1
immunogen_blind,2,84,110,ARG,H,33,ASN,CDR1,4.466,1,1
immunogen_blind,2,84,110,ARG,H,54,ASN,CDR2,4.311,1,1
immunogen_blind,2,84,110,ARG,H,52,PRO,CDR2,4.558,0,1
immunogen_blind,2,84,110,ARG,H,56,ASP,CDR2,3.535,1,1
immunogen_blind,2,84,110,ARG,H,58,SER,FR3,4.175,1,1
immunogen_blind,2,86,112,PHE,H,104,TRP,CDR3,3.762,1,1
immunogen_blind,2,86,112,PHE,H,100,ILE,CDR3,4.228,1,1
immunogen_blind,2,87,113,SER,H,104,TRP,CDR3,3.237,1,1
immunogen_blind,2,87,113,SER,H,100,ILE,CDR3,4.083,1,1
immunogen_blind,2,87,113,SER,H,33,ASN,CDR1,4.12,1,1
immunogen_blind,2,87,113,SER,H,98,TRP,CDR3,3.845,1,1
immunogen_blind,2,87,113,SER,H,35,TYR,FR2,4.313,1,1
immunogen_blind,2,87,113,SER,L,93,TYR,CDR3,4.971,0,1
immunogen_blind,2,90,116,ALA,H,104,TRP,CDR3,2.103,1,1
immunogen_blind,2,90,116,ALA,H,100,ILE,CDR3,4.912,0,1
immunogen_blind,2,91,117,ASN,H,104,TRP,CDR3,3.115,1,1
immunogen_blind,2,91,117,ASN,L,95,TYR,CDR3,2.967,1,1
immunogen_blind,2,91,117,ASN,H,98,TRP,CDR3,3.336,1,1
immunogen_blind,2,91,117,ASN,H,35,TYR,FR2,4.896,0,1
immunogen_blind,2,91,117,ASN,L,93,TYR,CDR3,4.517,0,1
immunogen_blind,2,94,120,ILE,L,50,TRP,CDR2,4.523,0,1
immunogen_blind,2,94,120,ILE,H,103,PRO,CDR3,3.146,1,1
immunogen_blind,2,94,120,ILE,H,104,TRP,CDR3,3.529,1,1
immunogen_blind,2,94,120,ILE,L,32,ALA,CDR1,4.702,0,1
immunogen_blind,2,94,120,ILE,L,90,TYR,CDR3,3.993,1,1
immunogen_blind,2,95,121,VAL,L,91,SER,CDR3,3.142,1,1
immunogen_blind,2,95,121,VAL,L,32,ALA,CDR1,4.698,0,1
immunogen_blind,2,95,121,VAL,L,90,TYR,CDR3,4.494,1,1
immunogen_blind,2,97,123,MET,L,50,TRP,CDR2,3.643,1,1
immunogen_blind,2,98,124,SER,L,31,THR,CDR1,2.697,1,1
immunogen_blind,2,98,124,SER,L,50,TRP,CDR2,3.316,1,1
immunogen_blind,2,98,124,SER,L,30,GLY,CDR1,3.601,1,1
immunogen_blind,2,98,124,SER,L,32,ALA,CDR1,4.289,1,1
immunogen_blind,2,98,124,SER,L,29,VAL,CDR1,4.206,1,1
immunogen_blind,2,99,125,GLN,L,30,GLY,CDR1,3.547,1,1
immunogen_blind,2,99,125,GLN,L,28,ASP,CDR1,3.566,1,1
immunogen_blind,2,99,125,GLN,L,29,VAL,CDR1,3.988,1,1
immunogen_blind,3,14,40,VAL,H,56,ASP,CDR2,1.975,1,1
immunogen_blind,3,17,43,GLU,H,54,ASN,CDR2,2.329,1,1
immunogen_blind,3,17,43,GLU,H,56,ASP,CDR2,3.184,1,1
immunogen_blind,3,17,43,GLU,H,52,PRO,CDR2,4.131,1,1
immunogen_blind,3,63,89,LYS,L,30,GLY,CDR1,4.685,0,1
immunogen_blind,3,66,92,LEU,H,104,TRP,CDR3,2.823,1,1
immunogen_blind,3,66,92,LEU,L,50,TRP,CDR2,3.949,1,1
immunogen_blind,3,66,92,LEU,H,101,THR,CDR3,4.82,0,1
immunogen_blind,3,67,93,ASN,L,53,ARG,FR3,4.967,0,1
immunogen_blind,3,67,93,ASN,L,31,THR,CDR1,4.272,1,1
immunogen_blind,3,67,93,ASN,L,50,TRP,CDR2,3.767,1,1
immunogen_blind,3,70,96,PHE,H,101,THR,CDR3,3.766,1,1
immunogen_blind,3,70,96,PHE,H,102,ASP,CDR3,3.783,1,1
immunogen_blind,3,70,96,PHE,H,100,ILE,CDR3,4.627,0,1
immunogen_blind,3,70,96,PHE,H,104,TRP,CDR3,3.462,1,1
immunogen_blind,3,71,97,LYS,H,101,THR,CDR3,4.114,1,1
immunogen_blind,3,71,97,LYS,H,102,ASP,CDR3,2.434,1,1
immunogen_blind,3,71,97,LYS,H,104,TRP,CDR3,4.856,0,1
immunogen_blind,3,71,97,LYS,L,53,ARG,FR3,1.839,1,1
immunogen_blind,3,71,97,LYS,L,50,TRP,CDR2,4.974,0,1
immunogen_blind,3,72,98,ASN,H,102,ASP,CDR3,4.67,0,1
immunogen_blind,3,74,100,HIS,H,101,THR,CDR3,1.953,1,1
immunogen_blind,3,74,100,HIS,H,102,ASP,CDR3,3.234,1,1
immunogen_blind,3,74,100,HIS,H,103,PRO,CDR3,4.479,1,1
immunogen_blind,3,74,100,HIS,H,99,GLU,CDR3,3.508,1,1
immunogen_blind,3,74,100,HIS,H,32,TYR,CDR1,4.774,0,1
immunogen_blind,3,81,107,LYS,H,31,ASP,CDR1,3.861,1,1
immunogen_blind,3,82,108,VAL,H,31,ASP,CDR1,4.69,0,1
immunogen_blind,3,83,109,LEU,H,31,ASP,CDR1,2.935,1,1
immunogen_blind,3,83,109,LEU,H,101,THR,CDR3,4.551,0,1
immunogen_blind,3,83,109,LEU,H,32,TYR,CDR1,2.694,1,1
immunogen_blind,3,84,110,ARG,H,30,THR,CDR1,2.007,1,1
immunogen_blind,3,84,110,ARG,H,31,ASP,CDR1,2.538,1,1
immunogen_blind,3,84,110,ARG,H,32,TYR,CDR1,4.001,1,1
immunogen_blind,3,84,110,ARG,H,33,ASN,CDR1,4.843,0,1
immunogen_blind,3,84,110,ARG,H,53,TYR,CDR2,2.629,1,1
immunogen_blind,3,84,110,ARG,H,54,ASN,CDR2,2.577,1,1
immunogen_blind,3,84,110,ARG,H,52,PRO,CDR2,4.051,1,1
immunogen_blind,3,85,111,SER,H,31,ASP,CDR1,4.879,0,1
immunogen_blind,3,86,112,PHE,H,101,THR,CDR3,3.028,1,1
immunogen_blind,3,86,112,PHE,H,100,ILE,CDR3,3.303,1,1
immunogen_blind,3,87,113,SER,H,100,ILE,CDR3,1.355,1,1
immunogen_blind,3,87,113,SER,H,101,THR,CDR3,4.13,1,1
immunogen_blind,3,87,113,SER,H,33,ASN,CDR1,3.295,1,1
immunogen_blind,3,87,113,SER,H,31,ASP,CDR1,4.076,1,1
immunogen_blind,3,87,113,SER,H,32,TYR,CDR1,4.629,0,1
immunogen_blind,3,87,113,SER,H,98,TRP,CDR3,3.976,1,1
immunogen_blind,3,88,114,THR,H,33,ASN,CDR1,4.436,1,1
immunogen_blind,3,88,114,THR,H,100,ILE,CDR3,3.206,1,1
immunogen_blind,3,89,115,LEU,H,100,ILE,CDR3,4.502,0,1
immunogen_blind,3,90,116,ALA,H,100,ILE,CDR3,3.107,1,1
immunogen_blind,3,90,116,ALA,H,104,TRP,CDR3,2.013,1,1
immunogen_blind,3,90,116,ALA,H,101,THR,CDR3,4.625,0,1
immunogen_blind,3,91,117,ASN,H,100,ILE,CDR3,2.419,1,1
immunogen_blind,3,91,117,ASN,H,104,TRP,CDR3,3.861,1,1
immunogen_blind,3,91,117,ASN,H,98,TRP,CDR3,2.278,1,1
immunogen_blind,3,91,117,ASN,L,93,TYR,CDR3,4.233,1,1
immunogen_blind,3,91,117,ASN,L,95,TYR,CDR3,4.267,1,1
immunogen_blind,3,91,117,ASN,H,33,ASN,CDR1,2.707,1,1
immunogen_blind,3,91,117,ASN,H,35,TYR,FR2,3.181,1,1
immunogen_blind,3,91,117,ASN,H,50,ILE,CDR2,3.826,1,1
immunogen_blind,3,94,120,ILE,L,90,TYR,CDR3,2.563,1,1
immunogen_blind,3,94,120,ILE,L,91,SER,CDR3,3.231,1,1
immunogen_blind,3,94,120,ILE,L,92,SER,CDR3,4.681,0,1
immunogen_blind,3,94,120,ILE,H,104,TRP,CDR3,2.793,1,1
immunogen_blind,3,94,120,ILE,L,95,TYR,CDR3,3.914,1,1
immunogen_blind,3,94,120,ILE,H,98,TRP,CDR3,3.79,1,1
immunogen_blind,3,94,120,ILE,H,100,ILE,CDR3,4.983,0,1
immunogen_blind,3,95,121,VAL,L,91,SER,CDR3,4.949,0,1
immunogen_blind,3,95,121,VAL,L,93,TYR,CDR3,2.831,1,1
immunogen_blind,3,95,121,VAL,L,95,TYR,CDR3,4.826,0,1
immunogen_blind,3,97,123,MET,L,91,SER,CDR3,4.509,0,1
immunogen_blind,3,97,123,MET,L,50,TRP,CDR2,4.849,0,1
immunogen_blind,3,98,124,SER,L,91,SER,CDR3,1.778,1,1
immunogen_blind,3,98,124,SER,L,92,SER,CDR3,3.075,1,1
immunogen_blind,3,98,124,SER,L,93,TYR,CDR3,4.194,1,1
immunogen_blind,3,99,125,GLN,L,91,SER,CDR3,4.968,0,1
immunogen_blind,3,101,127,GLN,L,27,GLN,CDR1,2.623,1,1
immunogen_blind,3,101,127,GLN,L,28,ASP,CDR1,4.495,1,1
immunogen_blind,3,104,130,LYS,L,28,ASP,CDR1,2.828,1,1
immunogen_blind,4,53,79,GLU,H,104,TRP,CDR3,4.257,1,1
immunogen_blind,4,63,89,LYS,H,56,ASP,CDR2,3.847,1,1
immunogen_blind,4,106,132,ASN,L,92,SER,CDR3,2.66,1,1
immunogen_blind,4,106,132,ASN,L,93,TYR,CDR3,3.021,1,1
immunogen_blind,4,106,132,ASN,L,91,SER,CDR3,3.553,1,1
immunogen_blind,4,106,132,ASN,L,94,PRO,CDR3,4.797,0,1
immunogen_blind,4,107,133,SER,L,91,SER,CDR3,3.628,1,1
immunogen_blind,4,107,133,SER,L,92,SER,CDR3,3.871,1,1
immunogen_blind,4,108,134,MET,L,91,SER,CDR3,4.725,0,1
immunogen_blind,4,109,135,LEU,L,91,SER,CDR3,4.39,1,1
immunogen_blind,4,109,135,LEU,L,93,TYR,CDR3,1.737,1,1
immunogen_blind,4,109,135,LEU,L,95,TYR,CDR3,4.268,1,1
immunogen_blind,4,109,135,LEU,L,92,SER,CDR3,3.456,1,1
immunogen_blind,4,109,135,LEU,L,94,PRO,CDR3,4.96,0,1
immunogen_blind,4,110,136,PRO,L,90,TYR,CDR3,2.76,1,1
immunogen_blind,4,110,136,PRO,L,91,SER,CDR3,2.713,1,1
immunogen_blind,4,110,136,PRO,L,95,TYR,CDR3,4.506,0,1
immunogen_blind,4,110,136,PRO,H,104,TRP,CDR3,3.012,1,1
immunogen_blind,4,110,136,PRO,L,50,TRP,CDR2,4.993,0,1
immunogen_blind,4,110,136,PRO,L,92,SER,CDR3,4.125,1,1
immunogen_blind,4,111,137,ILE,H,104,TRP,CDR3,4.317,1,1
immunogen_blind,4,112,138,SER,L,93,TYR,CDR3,4.915,0,1
immunogen_blind,4,113,139,GLU,H,35,TYR,FR2,2.565,1,1
immunogen_blind,4,113,139,GLU,H,98,TRP,CDR3,4.027,1,1
immunogen_blind,4,113,139,GLU,L,93,TYR,CDR3,3.129,1,1
immunogen_blind,4,113,139,GLU,L,95,TYR,CDR3,3.629,1,1
immunogen_blind,4,113,139,GLU,H,50,ILE,CDR2,2.971,1,1
immunogen_blind,4,113,139,GLU,H,33,ASN,CDR1,2.984,1,1
immunogen_blind,4,114,140,SER,H,104,TRP,CDR3,2.473,1,1
immunogen_blind,4,116,142,HIS,H,33,ASN,CDR1,2.909,1,1
immunogen_blind,4,116,142,HIS,H,52,PRO,CDR2,3.515,1,1
immunogen_blind,4,116,142,HIS,H,54,ASN,CDR2,2.836,1,1
immunogen_blind,4,116,142,HIS,H,56,ASP,CDR2,4.869,0,1
immunogen_blind,4,116,142,HIS,H,53,TYR,CDR2,4.424,1,1
immunogen_blind,4,117,143,GLN,H,100,ILE,CDR3,1.964,1,1
immunogen_blind,4,117,143,GLN,H,33,ASN,CDR1,2.733,1,1
immunogen_blind,4,117,143,GLN,H,98,TRP,CDR3,3.125,1,1
immunogen_blind,4,117,143,GLN,H,99,GLU,CDR3,4.346,1,1
immunogen_blind,4,117,143,GLN,H,31,ASP,CDR1,3.838,1,1
immunogen_blind,4,117,143,GLN,H,32,TYR,CDR1,4.561,0,1
immunogen_blind,4,119,145,PHE,H,54,ASN,CDR2,2.758,1,1
immunogen_blind,4,120,146,LEU,H,100,ILE,CDR3,2.852,1,1
immunogen_blind,4,120,146,LEU,H,31,ASP,CDR1,3.189,1,1
immunogen_blind,4,120,146,LEU,H,30,THR,CDR1,3.106,1,1
immunogen_blind,4,120,146,LEU,H,32,TYR,CDR1,3.893,1,1
immunogen_blind,4,120,146,LEU,H,33,ASN,CDR1,4.294,1,1
immunogen_blind,4,120,146,LEU,H,53,TYR,CDR2,4.49,1,1
immunogen_blind,4,123,149,ARG,H,30,THR,CDR1,3.0,1,1
immunogen_blind,4,123,149,ARG,H,53,TYR,CDR2,3.536,1,1
immunogen_blind,4,123,149,ARG,H,54,ASN,CDR2,3.704,1,1
immunogen_blind,4,123,149,ARG,H,73,LYS,FR3,3.635,1,1
immunogen_blind,4,124,150,ARG,H,31,ASP,CDR1,3.093,1,1
immunogen_blind,4,127,153,LYS,H,30,THR,CDR1,3.308,1,1
immunogen_blind,5,44,70,GLN,H,102,ASP,CDR3,4.917,0,1
immunogen_blind,5,47,73,ARG,H,102,ASP,CDR3,1.858,1,1
immunogen_blind,5,47,73,ARG,L,53,ARG,FR3,2.837,1,1
immunogen_blind,5,47,73,ARG,L,50,TRP,CDR2,3.627,1,1
immunogen_blind,5,53,79,GLU,H,104,TRP,CDR3,3.213,1,1
immunogen_blind,5,106,132,ASN,L,93,TYR,CDR3,4.499,1,1
immunogen_blind,5,106,132,ASN,H,64,LYS,FR3,3.78,1,1
immunogen_blind,5,106,132,ASN,H,61,GLN,FR3,4.871,0,1
immunogen_blind,5,109,135,LEU,L,93,TYR,CDR3,2.379,1,1
immunogen_blind,5,109,135,LEU,H,58,SER,FR3,3.458,1,1
immunogen_blind,5,110,136,PRO,L,93,TYR,CDR3,2.717,1,1
immunogen_blind,5,110,136,PRO,L,95,TYR,CDR3,3.933,1,1
immunogen_blind,5,110,136,PRO,L,90,TYR,CDR3,4.72,0,1
immunogen_blind,5,110,136,PRO,L,91,SER,CDR3,3.989,1,1
immunogen_blind,5,110,136,PRO,L,92,SER,CDR3,3.183,1,1
immunogen_blind,5,113,139,GLU,L,93,TYR,CDR3,3.132,1,1
immunogen_blind,5,113,139,GLU,H,33,ASN,CDR1,2.416,1,1
immunogen_blind,5,113,139,GLU,H,35,TYR,FR2,2.74,1,1
immunogen_blind,5,113,139,GLU,H,50,ILE,CDR2,2.607,1,1
immunogen_blind,5,113,139,GLU,L,95,TYR,CDR3,4.311,1,1
immunogen_blind,5,113,139,GLU,H,98,TRP,CDR3,3.818,1,1
immunogen_blind,5,113,139,GLU,H,52,PRO,CDR2,4.586,0,1
immunogen_blind,5,114,140,SER,H,104,TRP,CDR3,3.235,1,1
immunogen_blind,5,116,142,HIS,H,33,ASN,CDR1,3.285,1,1
immunogen_blind,5,116,142,HIS,H,53,TYR,CDR2,2.711,1,1
immunogen_blind,5,116,142,HIS,H,54,ASN,CDR2,4.422,1,1
immunogen_blind,5,116,142,HIS,H,52,PRO,CDR2,4.72,0,1
immunogen_blind,5,117,143,GLN,H,100,ILE,CDR3,3.335,1,1
immunogen_blind,5,117,143,GLN,H,98,TRP,CDR3,1.37,1,1
immunogen_blind,5,117,143,GLN,H,33,ASN,CDR1,4.343,1,1
immunogen_blind,5,117,143,GLN,H,99,GLU,CDR3,3.737,1,1
immunogen_blind,5,117,143,GLN,H,104,TRP,CDR3,3.681,1,1
immunogen_blind,5,117,143,GLN,H,35,TYR,FR2,4.045,1,1
immunogen_blind,5,118,144,ARG,H,100,ILE,CDR3,4.812,0,1
immunogen_blind,5,118,144,ARG,H,104,TRP,CDR3,3.35,1,1
immunogen_blind,5,120,146,LEU,H,31,ASP,CDR1,2.663,1,1
immunogen_blind,5,120,146,LEU,H,100,ILE,CDR3,3.279,1,1
immunogen_blind,5,120,146,LEU,H,30,THR,CDR1,3.74,1,1
immunogen_blind,5,120,146,LEU,H,32,TYR,CDR1,3.897,1,1
immunogen_blind,5,120,146,LEU,H,33,ASN,CDR1,4.722,0,1
immunogen_blind,5,120,146,LEU,H,53,TYR,CDR2,4.494,1,1
immunogen_blind,5,121,147,LEU,H,100,ILE,CDR3,3.115,1,1
immunogen_blind,5,121,147,LEU,H,101,THR,CDR3,4.061,1,1
immunogen_blind,5,123,149,ARG,H,53,TYR,CDR2,2.218,1,1
immunogen_blind,5,123,149,ARG,H,31,ASP,CDR1,3.226,1,1
immunogen_blind,5,123,149,ARG,H,30,THR,CDR1,2.779,1,1
immunogen_blind,5,124,150,ARG,H,31,ASP,CDR1,4.783,0,1
immunogen_blind,5,124,150,ARG,H,32,TYR,CDR1,3.075,1,1
immunogen_blind,5,124,150,ARG,H,100,ILE,CDR3,3.049,1,1
immunogen_blind,5,124,150,ARG,H,101,THR,CDR3,4.332,1,1
immunogen_blind,5,127,153,LYS,H,28,SER,CDR1,4.917,0,1
immunogen_blind,5,127,153,LYS,H,30,THR,CDR1,4.858,0,1
immunogen_blind,5,127,153,LYS,H,31,ASP,CDR1,4.196,1,1
immunogen_blind,6,47,73,ARG,H,102,ASP,CDR3,4.108,1,1
immunogen_blind,6,47,73,ARG,L,53,ARG,FR3,4.022,1,1
immunogen_blind,6,48,74,ASN,H,102,ASP,CDR3,4.74,0,1
immunogen_blind,6,53,79,GLU,H,104,TRP,CDR3,4.148,1,1
immunogen_blind,6,106,132,ASN,L,93,TYR,CDR3,4.799,0,1
immunogen_blind,6,106,132,ASN,H,64,LYS,FR3,3.209,1,1
immunogen_blind,6,106,132,ASN,H,58,SER,FR3,4.826,0,1
immunogen_blind,6,106,132,ASN,H,61,GLN,FR3,4.788,0,1
immunogen_blind,6,109,135,LEU,L,93,TYR,CDR3,2.427,1,1
immunogen_blind,6,109,135,LEU,H,58,SER,FR3,2.189,1,1
immunogen_blind,6,109,135,LEU,H,47,TRP,FR2,4.807,0,1
immunogen_blind,6,109,135,LEU,H,50,ILE,CDR2,4.759,0,1
immunogen_blind,6,110,136,PRO,L,93,TYR,CDR3,3.544,1,1
immunogen_blind,6,110,136,PRO,L,95,TYR,CDR3,4.357,1,1
immunogen_blind,6,110,136,PRO,H,104,TRP,CDR3,4.983,0,1
immunogen_blind,6,110,136,PRO,L,91,SER,CDR3,4.319,1,1
immunogen_blind,6,110,136,PRO,L,92,SER,CDR3,3.984,1,1
immunogen_blind,6,113,139,GLU,H,33,ASN,CDR1,4.34,1,1
immunogen_blind,6,113,139,GLU,H,35,TYR,FR2,1.402,1,1
immunogen_blind,6,113,139,GLU,L,93,TYR,CDR3,2.008,1,1
immunogen_blind,6,113,139,GLU,H,50,ILE,CDR2,3.857,1,1
immunogen_blind,6,113,139,GLU,H,98,TRP,CDR3,3.468,1,1
immunogen_blind,6,113,139,GLU,L,95,TYR,CDR3,2.685,1,1
immunogen_blind,6,114,140,SER,H,104,TRP,CDR3,2.846,1,1
immunogen_blind,6,116,142,HIS,H,33,ASN,CDR1,3.723,1,1
immunogen_blind,6,116,142,HIS,H,53,TYR,CDR2,3.035,1,1
immunogen_blind,6,116,142,HIS,H,54,ASN,CDR2,4.533,0,1
immunogen_blind,6,116,142,HIS,H,52,PRO,CDR2,4.65,0,1
immunogen_blind,6,117,143,GLN,H,100,ILE,CDR3,3.588,1,1
immunogen_blind,6,117,143,GLN,H,98,TRP,CDR3,1.601,1,1
immunogen_blind,6,117,143,GLN,H,99,GLU,CDR3,3.381,1,1
immunogen_blind,6,117,143,GLN,H,33,ASN,CDR1,3.976,1,1
immunogen_blind,6,117,143,GLN,H,104,TRP,CDR3,3.729,1,1
immunogen_blind,6,117,143,GLN,H,101,THR,CDR3,4.635,0,1
immunogen_blind,6,117,143,GLN,H,103,PRO,CDR3,4.757,0,1
immunogen_blind,6,117,143,GLN,H,35,TYR,FR2,4.352,1,1
immunogen_blind,6,118,144,ARG,H,100,ILE,CDR3,4.873,0,1
immunogen_blind,6,118,144,ARG,H,102,ASP,CDR3,4.1,1,1
immunogen_blind,6,118,144,ARG,H,104,TRP,CDR3,4.849,0,1
immunogen_blind,6,120,146,LEU,H,100,ILE,CDR3,2.887,1,1
immunogen_blind,6,120,146,LEU,H,31,ASP,CDR1,2.986,1,1
immunogen_blind,6,120,146,LEU,H,30,THR,CDR1,3.761,1,1
immunogen_blind,6,120,146,LEU,H,32,TYR,CDR1,4.21,1,1
immunogen_blind,6,120,146,LEU,H,33,ASN,CDR1,4.868,0,1
immunogen_blind,6,120,146,LEU,H,53,TYR,CDR2,4.571,0,1
immunogen_blind,6,121,147,LEU,H,100,ILE,CDR3,3.625,1,1
immunogen_blind,6,121,147,LEU,H,101,THR,CDR3,4.201,1,1
immunogen_blind,6,121,147,LEU,H,102,ASP,CDR3,4.77,0,1
immunogen_blind,6,123,149,ARG,H,53,TYR,CDR2,2.472,1,1
immunogen_blind,6,123,149,ARG,H,31,ASP,CDR1,3.522,1,1
immunogen_blind,6,123,149,ARG,H,30,THR,CDR1,2.917,1,1
immunogen_blind,6,124,150,ARG,H,31,ASP,CDR1,3.71,1,1
immunogen_blind,6,124,150,ARG,H,100,ILE,CDR3,3.186,1,1
immunogen_blind,6,124,150,ARG,H,32,TYR,CDR1,3.504,1,1
immunogen_blind,6,124,150,ARG,H,101,THR,CDR3,4.946,0,1
immunogen_blind,6,127,153,LYS,H,28,SER,CDR1,4.812,0,1
immunogen_blind,6,127,153,LYS,H,30,THR,CDR1,4.547,0,1
immunogen_blind,6,127,153,LYS,H,31,ASP,CDR1,4.214,1,1
immunogen_blind,7,44,70,GLN,H,102,ASP,CDR3,4.424,1,1
immunogen_blind,7,44,70,GLN,H,101,THR,CDR3,4.682,0,1
immunogen_blind,7,47,73,ARG,H,102,ASP,CDR3,2.03,1,1
immunogen_blind,7,47,73,ARG,H,104,TRP,CDR3,3.823,1,1
immunogen_blind,7,47,73,ARG,L,53,ARG,FR3,4.007,1,1
immunogen_blind,7,48,74,ASN,H,104,TRP,CDR3,4.281,1,1
immunogen_blind,7,48,74,ASN,L,53,ARG,FR3,3.283,1,1
immunogen_blind,7,48,74,ASN,H,102,ASP,CDR3,4.078,1,1
immunogen_blind,7,53,79,GLU,H,104,TRP,CDR3,3.93,1,1
immunogen_blind,7,106,132,ASN,L,93,TYR,CDR3,4.811,0,1
immunogen_blind,7,107,133,SER,L,92,SER,CDR3,4.5,1,1
immunogen_blind,7,109,135,LEU,L,93,TYR,CDR3,2.535,1,1
immunogen_blind,7,109,135,LEU,H,58,SER,FR3,3.619,1,1
immunogen_blind,7,110,136,PRO,L,93,TYR,CDR3,2.376,1,1
immunogen_blind,7,110,136,PRO,L,95,TYR,CDR3,3.901,1,1
immunogen_blind,7,110,136,PRO,L,90,TYR,CDR3,4.43,1,1
immunogen_blind,7,110,136,PRO,L,91,SER,CDR3,3.776,1,1
immunogen_blind,7,110,136,PRO,L,92,SER,CDR3,2.993,1,1
immunogen_blind,7,113,139,GLU,L,93,TYR,CDR3,2.64,1,1
immunogen_blind,7,113,139,GLU,H,35,TYR,FR2,2.909,1,1
immunogen_blind,7,113,139,GLU,L,95,TYR,CDR3,4.663,0,1
immunogen_blind,7,113,139,GLU,H,33,ASN,CDR1,2.597,1,1
immunogen_blind,7,113,139,GLU,H,50,ILE,CDR2,2.617,1,1
immunogen_blind,7,113,139,GLU,H,56,ASP,CDR2,4.868,0,1
immunogen_blind,7,114,140,SER,H,104,TRP,CDR3,3.646,1,1
immunogen_blind,7,116,142,HIS,H,33,ASN,CDR1,3.698,1,1
immunogen_blind,7,116,142,HIS,H,54,ASN,CDR2,2.693,1,1
immunogen_blind,7,116,142,HIS,H,52,PRO,CDR2,4.493,1,1
immunogen_blind,7,116,142,HIS,H,53,TYR,CDR2,4.779,0,1
immunogen_blind,7,117,143,GLN,H,100,ILE,CDR3,3.054,1,1
immunogen_blind,7,117,143,GLN,H,98,TRP,CDR3,1.595,1,1
immunogen_blind,7,117,143,GLN,H,104,TRP,CDR3,3.771,1,1
immunogen_blind,7,117,143,GLN,H,33,ASN,CDR1,3.862,1,1
immunogen_blind,7,117,143,GLN,H,35,TYR,FR2,2.757,1,1
immunogen_blind,7,117,143,GLN,H,99,GLU,CDR3,3.928,1,1
immunogen_blind,7,117,143,GLN,H,50,ILE,CDR2,4.546,0,1
immunogen_blind,7,118,144,ARG,H,100,ILE,CDR3,4.873,0,1
immunogen_blind,7,118,144,ARG,H,104,TRP,CDR3,0.98,1,1
immunogen_blind,7,118,144,ARG,L,50,TRP,CDR2,4.849,0,1
immunogen_blind,7,119,145,PHE,H,53,TYR,CDR2,4.724,0,1
immunogen_blind,7,120,146,LEU,H,31,ASP,CDR1,3.478,1,1
immunogen_blind,7,120,146,LEU,H,100,ILE,CDR3,3.947,1,1
immunogen_blind,7,120,146,LEU,H,53,TYR,CDR2,2.868,1,1
immunogen_blind,7,120,146,LEU,H,30,THR,CDR1,4.23,1,1
immunogen_blind,7,120,146,LEU,H,32,TYR,CDR1,4.419,1,1
immunogen_blind,7,120,146,LEU,H,33,ASN,CDR1,4.023,1,1
immunogen_blind,7,121,147,LEU,H,100,ILE,CDR3,2.813,1,1
immunogen_blind,7,121,147,LEU,H,101,THR,CDR3,4.067,1,1
immunogen_blind,7,123,149,ARG,H,53,TYR,CDR2,1.366,1,1
immunogen_blind,7,123,149,ARG,H,31,ASP,CDR1,4.941,0,1
immunogen_blind,7,123,149,ARG,H,30,THR,CDR1,3.359,1,1
immunogen_blind,7,124,150,ARG,H,31,ASP,CDR1,3.697,1,1
immunogen_blind,7,124,150,ARG,H,32,TYR,CDR1,2.405,1,1
immunogen_blind,7,124,150,ARG,H,100,ILE,CDR3,4.361,1,1
immunogen_blind,7,124,150,ARG,H,27,TYR,CDR1,4.996,0,1
immunogen_blind,7,127,153,LYS,H,31,ASP,CDR1,4.558,0,1
immunogen_blind,7,127,153,LYS,H,30,THR,CDR1,4.358,1,1
immunogen_blind,8,1,27,GLN,L,28,ASP,CDR1,2.965,1,1
immunogen_blind,8,11,37,THR,L,28,ASP,CDR1,4.101,1,1
immunogen_blind,8,11,37,THR,L,30,GLY,CDR1,3.611,1,1
immunogen_blind,8,11,37,THR,L,31,THR,CDR1,4.694,0,1
immunogen_blind,8,11,37,THR,L,67,SER,FR3,4.198,1,1
immunogen_blind,8,12,38,GLY,L,28,ASP,CDR1,3.74,1,1
immunogen_blind,8,12,38,GLY,L,29,VAL,CDR1,3.708,1,1
immunogen_blind,8,12,38,GLY,L,30,GLY,CDR1,3.161,1,1
immunogen_blind,8,12,38,GLY,L,91,SER,CDR3,3.207,1,1
immunogen_blind,8,14,40,VAL,L,91,SER,CDR3,4.485,1,1
immunogen_blind,8,14,40,VAL,L,92,SER,CDR3,4.885,0,1
immunogen_blind,8,17,43,GLU,L,92,SER,CDR3,3.542,1,1
immunogen_blind,8,17,43,GLU,L,91,SER,CDR3,4.593,0,1
immunogen_blind,8,59,85,HIS,L,53,ARG,FR3,4.948,0,1
immunogen_blind,8,66,92,LEU,H,104,TRP,CDR3,3.11,1,1
immunogen_blind,8,66,92,LEU,H,101,THR,CDR3,4.185,1,1
immunogen_blind,8,66,92,LEU,H,102,ASP,CDR3,4.736,0,1
immunogen_blind,8,66,92,LEU,H,100,ILE,CDR3,4.825,0,1
immunogen_blind,8,67,93,ASN,H,102,ASP,CDR3,3.646,1,1
immunogen_blind,8,70,96,PHE,H,101,THR,CDR3,4.924,0,1
immunogen_blind,8,70,96,PHE,H,104,TRP,CDR3,4.346,1,1
immunogen_blind,8,71,97,LYS,H,101,THR,CDR3,3.109,1,1
immunogen_blind,8,74,100,HIS,H,31,ASP,CDR1,3.535,1,1
immunogen_blind,8,74,100,HIS,H,100,ILE,CDR3,3.594,1,1
immunogen_blind,8,74,100,HIS,H,30,THR,CDR1,3.523,1,1
immunogen_blind,8,74,100,HIS,H,32,TYR,CDR1,3.955,1,1
immunogen_blind,8,74,100,HIS,H,53,TYR,CDR2,3.892,1,1
immunogen_blind,8,74,100,HIS,H,33,ASN,CDR1,3.586,1,1
immunogen_blind,8,75,101,SER,H,30,THR,CDR1,4.96,0,1
immunogen_blind,8,75,101,SER,H,31,ASP,CDR1,4.879,0,1
immunogen_blind,8,77,103,ILE,H,54,ASN,CDR2,4.008,1,1
immunogen_blind,8,78,104,ALA,H,54,ASN,CDR2,1.791,1,1
immunogen_blind,8,78,104,ALA,H,53,TYR,CDR2,4.978,0,1
immunogen_blind,8,79,105,LYS,H,54,ASN,CDR2,3.94,1,1
immunogen_blind,8,80,106,PHE,H,54,ASN,CDR2,4.128,1,1
immunogen_blind,8,81,107,LYS,H,54,ASN,CDR2,2.87,1,1
immunogen_blind,8,81,107,LYS,H,56,ASP,CDR2,2.331,1,1
immunogen_blind,8,82,108,VAL,H,54,ASN,CDR2,4.419,1,1
immunogen_blind,8,82,108,VAL,H,56,ASP,CDR2,3.437,1,1
immunogen_blind,8,83,109,LEU,H,56,ASP,CDR2,3.704,1,1
immunogen_blind,8,83,109,LEU,H,33,ASN,CDR1,2.455,1,1
immunogen_blind,8,83,109,LEU,H,52,PRO,CDR2,3.13,1,1
immunogen_blind,8,83,109,LEU,H,50,ILE,CDR2,4.387,1,1
immunogen_blind,8,83,109,LEU,H,100,ILE,CDR3,4.815,0,1
immunogen_blind,8,83,109,LEU,H,53,TYR,CDR2,4.846,0,1
immunogen_blind,8,84,110,ARG,H,56,ASP,CDR2,4.64,0,1
immunogen_blind,8,84,110,ARG,L,93,TYR,CDR3,3.41,1,1
immunogen_blind,8,84,110,ARG,H,58,SER,FR3,3.574,1,1
immunogen_blind,8,86,112,PHE,H,100,ILE,CDR3,3.609,1,1
immunogen_blind,8,87,113,SER,H,100,ILE,CDR3,4.027,1,1
immunogen_blind,8,87,113,SER,H,35,TYR,FR2,3.776,1,1
immunogen_blind,8,87,113,SER,L,93,TYR,CDR3,3.667,1,1
immunogen_blind,8,87,113,SER,H,98,TRP,CDR3,3.901,1,1
immunogen_blind,8,87,113,SER,L,95,TYR,CDR3,4.067,1,1
immunogen_blind,8,88,114,THR,L,93,TYR,CDR3,4.093,1,1
immunogen_blind,8,90,116,ALA,H,104,TRP,CDR3,2.957,1,1
immunogen_blind,8,90,116,ALA,H,100,ILE,CDR3,4.1,1,1
immunogen_blind,8,91,117,ASN,H,104,TRP,CDR3,3.465,1,1
immunogen_blind,8,91,117,ASN,L,50,TRP,CDR2,3.109,1,1
immunogen_blind,8,91,117,ASN,L,90,TYR,CDR3,4.125,1,1
immunogen_blind,8,91,117,ASN,L,95,TYR,CDR3,2.405,1,1
immunogen_blind,8,91,117,ASN,H,98,TRP,CDR3,3.118,1,1
immunogen_blind,8,92,118,ASN,L,91,SER,CDR3,4.59,0,1
immunogen_blind,8,94,120,ILE,L,50,TRP,CDR2,1.497,1,1
immunogen_blind,8,94,120,ILE,H,104,TRP,CDR3,1.203,1,1
immunogen_blind,8,94,120,ILE,L,90,TYR,CDR3,4.955,0,1
immunogen_blind,8,94,120,ILE,H,100,ILE,CDR3,4.496,1,1
immunogen_blind,8,94,120,ILE,H,101,THR,CDR3,4.907,0,1
immunogen_blind,8,94,120,ILE,H,103,PRO,CDR3,4.711,0,1
immunogen_blind,8,95,121,VAL,L,50,TRP,CDR2,2.541,1,1
immunogen_blind,8,95,121,VAL,L,31,THR,CDR1,4.158,1,1
immunogen_blind,8,95,121,VAL,L,32,ALA,CDR1,3.543,1,1
immunogen_blind,8,95,121,VAL,L,29,VAL,CDR1,4.88,0,1
immunogen_blind,8,95,121,VAL,L,30,GLY,CDR1,4.651,0,1
immunogen_blind,8,97,123,MET,L,53,ARG,FR3,4.539,0,1
immunogen_blind,8,97,123,MET,H,102,ASP,CDR3,4.4,1,1
immunogen_blind,8,98,124,SER,L,53,ARG,FR3,4.145,1,1
immunogen_blind,8,98,124,SER,L,31,THR,CDR1,2.603,1,1
immunogen_blind,8,98,124,SER,L,50,TRP,CDR2,3.792,1,1
immunogen_blind,8,99,125,GLN,L,31,THR,CDR1,3.336,1,1
immunogen_blind,8,99,125,GLN,L,30,GLY,CDR1,3.932,1,1
immunogen_blind,8,99,125,GLN,L,67,SER,FR3,3.834,1,1
immunogen_blind,8,101,127,GLN,L,53,ARG,FR3,4.355,1,1
immunogen_blind,9,1,27,GLN,H,56,ASP,CDR2,4.364,1,1
immunogen_blind,9,11,37,THR,L,92,SER,CDR3,4.075,1,1
immunogen_blind,9,11,37,THR,L,93,TYR,CDR3,4.878,0,1
immunogen_blind,9,12,38,GLY,L,93,TYR,CDR3,2.106,1,1
immunogen_blind,9,13,39,VAL,L,93,TYR,CDR3,4.269,1,1
immunogen_blind,9,14,40,VAL,L,93,TYR,CDR3,3.971,1,1
immunogen_blind,9,14,40,VAL,H,56,ASP,CDR2,3.421,1,1
immunogen_blind,9,14,40,VAL,H,58,SER,FR3,4.136,1,1
immunogen_blind,9,16,42,PRO,H,56,ASP,CDR2,3.481,1,1
immunogen_blind,9,17,43,GLU,H,56,ASP,CDR2,3.754,1,1
immunogen_blind,9,17,43,GLU,H,54,ASN,CDR2,4.766,0,1
immunogen_blind,9,17,43,GLU,H,52,PRO,CDR2,2.647,1,1
immunogen_blind,9,17,43,GLU,H,33,ASN,CDR1,4.159,1,1
immunogen_blind,9,17,43,GLU,H,50,ILE,CDR2,4.568,0,1
immunogen_blind,9,20,46,GLU,H,54,ASN,CDR2,2.781,1,1
immunogen_blind,9,66,92,LEU,L,50,TRP,CDR2,4.132,1,1
immunogen_blind,9,66,92,LEU,H,104,TRP,CDR3,4.848,0,1
immunogen_blind,9,70,96,PHE,H,104,TRP,CDR3,3.691,1,1
immunogen_blind,9,70,96,PHE,H,101,THR,CDR3,4.531,0,1
immunogen_blind,9,71,97,LYS,L,53,ARG,FR3,2.227,1,1
immunogen_blind,9,71,97,LYS,L,50,TRP,CDR2,3.577,1,1
immunogen_blind,9,71,97,LYS,H,104,TRP,CDR3,4.504,0,1
immunogen_blind,9,74,100,HIS,H,101,THR,CDR3,2.347,1,1
immunogen_blind,9,74,100,HIS,H,102,ASP,CDR3,3.327,1,1
immunogen_blind,9,74,100,HIS,H,99,GLU,CDR3,4.094,1,1
immunogen_blind,9,81,107,LYS,H,31,ASP,CDR1,3.211,1,1
immunogen_blind,9,82,108,VAL,H,31,ASP,CDR1,4.401,1,1
immunogen_blind,9,83,109,LEU,H,31,ASP,CDR1,2.893,1,1
immunogen_blind,9,83,109,LEU,H,101,THR,CDR3,3.428,1,1
immunogen_blind,9,83,109,LEU,H,100,ILE,CDR3,4.951,0,1
immunogen_blind,9,83,109,LEU,H,32,TYR,CDR1,3.173,1,1
immunogen_blind,9,84,110,ARG,H,30,THR,CDR1,1.918,1,1
immunogen_blind,9,84,110,ARG,H,31,ASP,CDR1,2.037,1,1
immunogen_blind,9,84,110,ARG,H,32,TYR,CDR1,3.245,1,1
immunogen_blind,9,84,110,ARG,H,33,ASN,CDR1,3.975,1,1
immunogen_blind,9,84,110,ARG,H,53,TYR,CDR2,1.873,1,1
immunogen_blind,9,84,110,ARG,H,52,PRO,CDR2,3.706,1,1
immunogen_blind,9,84,110,ARG,H,54,ASN,CDR2,3.604,1,1
immunogen_blind,9,85,111,SER,H,31,ASP,CDR1,4.442,1,1
immunogen_blind,9,86,112,PHE,H,100,ILE,CDR3,3.753,1,1
immunogen_blind,9,86,112,PHE,H,101,THR,CDR3,4.126,1,1
immunogen_blind,9,86,112,PHE,H,104,TRP,CDR3,4.361,1,1
immunogen_blind,9,87,113,SER,H,100,ILE,CDR3,1.911,1,1
immunogen_blind,9,87,113,SER,H,101,THR,CDR3,3.4,1,1
immunogen_blind,9,87,113,SER,H,104,TRP,CDR3,4.298,1,1
immunogen_blind,9,87,113,SER,H,98,TRP,CDR3,4.27,1,1
immunogen_blind,9,87,113,SER,H,31,ASP,CDR1,4.226,1,1
immunogen_blind,9,87,113,SER,H,32,TYR,CDR1,4.285,1,1
immunogen_blind,9,87,113,SER,H,99,GLU,CDR3,4.827,0,1
immunogen_blind,9,88,114,THR,H,33,ASN,CDR1,3.317,1,1
immunogen_blind,9,88,114,THR,H,100,ILE,CDR3,3.882,1,1
immunogen_blind,9,89,115,LEU,H,100,ILE,CDR3,4.613,0,1
immunogen_blind,9,90,116,ALA,H,100,ILE,CDR3,2.56,1,1
immunogen_blind,9,90,116,ALA,H,104,TRP,CDR3,1.71,1,1
immunogen_blind,9,91,117,ASN,H,100,ILE,CDR3,1.77,1,1
immunogen_blind,9,91,117,ASN,H,104,TRP,CDR3,3.63,1,1
immunogen_blind,9,91,117,ASN,H,98,TRP,CDR3,2.965,1,1
immunogen_blind,9,91,117,ASN,L,95,TYR,CDR3,2.678,1,1
immunogen_blind,9,91,117,ASN,H,35,TYR,FR2,3.06,1,1
immunogen_blind,9,91,117,ASN,L,93,TYR,CDR3,2.998,1,1
immunogen_blind,9,91,117,ASN,L,90,TYR,CDR3,4.718,0,1
immunogen_blind,9,92,118,ASN,H,100,ILE,CDR3,4.394,1,1
immunogen_blind,9,92,118,ASN,L,93,TYR,CDR3,4.631,0,1
immunogen_blind,9,94,120,ILE,L,50,TRP,CDR2,3.452,1,1
immunogen_blind,9,94,120,ILE,L,90,TYR,CDR3,3.616,1,1
immunogen_blind,9,94,120,ILE,L,91,SER,CDR3,4.101,1,1
immunogen_blind,9,94,120,ILE,H,104,TRP,CDR3,3.735,1,1
immunogen_blind,9,94,120,ILE,L,32,ALA,CDR1,3.909,1,1
immunogen_blind,9,94,120,ILE,H,100,ILE,CDR3,4.394,1,1
immunogen_blind,9,95,121,VAL,L,90,TYR,CDR3,3.691,1,1
immunogen_blind,9,95,121,VAL,L,91,SER,CDR3,2.88,1,1
immunogen_blind,9,95,121,VAL,L,92,SER,CDR3,3.842,1,1
immunogen_blind,9,95,121,VAL,L,93,TYR,CDR3,4.483,1,1
immunogen_blind,9,95,121,VAL,L,95,TYR,CDR3,3.533,1,1
immunogen_blind,9,96,122,ILE,L,91,SER,CDR3,4.611,0,1
immunogen_blind,9,97,123,MET,L,50,TRP,CDR2,4.761,0,1
immunogen_blind,9,98,124,SER,L,29,VAL,CDR1,3.869,1,1
immunogen_blind,9,98,124,SER,L,91,SER,CDR3,2.587,1,1
immunogen_blind,9,98,124,SER,L,28,ASP,CDR1,3.937,1,1
immunogen_blind,9,98,124,SER,L,30,GLY,CDR1,4.768,0,1
immunogen_blind,9,98,124,SER,L,32,ALA,CDR1,4.896,0,1
immunogen_blind,9,98,124,SER,L,92,SER,CDR3,4.343,1,1
immunogen_blind,9,99,125,GLN,L,91,SER,CDR3,4.107,1,1
immunogen_blind,9,99,125,GLN,L,92,SER,CDR3,2.437,1,1
immunogen_blind,9,101,127,GLN,L,28,ASP,CDR1,3.528,1,1
native_blind,1,11,37,THR,L,28,ASP,CDR1,3.516,1,1
native_blind,1,12,38,GLY,L,28,ASP,CDR1,4.923,0,1
native_blind,1,63,89,LYS,H,102,ASP,CDR3,3.809,1,1
native_blind,1,63,89,LYS,L,53,ARG,FR3,4.793,0,1
native_blind,1,66,92,LEU,H,102,ASP,CDR3,4.62,0,1
native_blind,1,66,92,LEU,H,100,ILE,CDR3,4.269,1,1
native_blind,1,66,92,LEU,H,101,THR,CDR3,4.574,0,1
native_blind,1,66,92,LEU,H,104,TRP,CDR3,4.603,0,1
native_blind,1,66,92,LEU,L,50,TRP,CDR2,4.204,1,1
native_blind,1,67,93,ASN,H,102,ASP,CDR3,2.162,1,1
native_blind,1,67,93,ASN,H,101,THR,CDR3,4.483,1,1
native_blind,1,70,96,PHE,H,100,ILE,CDR3,4.628,0,1
native_blind,1,70,96,PHE,H,104,TRP,CDR3,4.188,1,1
native_blind,1,71,97,LYS,H,100,ILE,CDR3,4.365,1,1
native_blind,1,71,97,LYS,H,101,THR,CDR3,2.924,1,1
native_blind,1,74,100,HIS,H,31,ASP,CDR1,3.36,1,1
native_blind,1,74,100,HIS,H,100,ILE,CDR3,2.731,1,1
native_blind,1,74,100,HIS,H,30,THR,CDR1,4.058,1,1
native_blind,1,74,100,HIS,H,32,TYR,CDR1,4.11,1,1
native_blind,1,74,100,HIS,H,33,ASN,CDR1,3.075,1,1
native_blind,1,74,100,HIS,H,53,TYR,CDR2,4.275,1,1
native_blind,1,75,101,SER,H,30,THR,CDR1,3.816,1,1
native_blind,1,75,101,SER,H,31,ASP,CDR1,3.555,1,1
native_blind,1,77,103,ILE,H,54,ASN,CDR2,4.941,0,1
native_blind,1,78,104,ALA,H,52,PRO,CDR2,3.771,1,1
native_blind,1,78,104,ALA,H,54,ASN,CDR2,2.762,1,1
native_blind,1,78,104,ALA,H,53,TYR,CDR2,4.421,1,1
native_blind,1,79,105,LYS,H,54,ASN,CDR2,4.89,0,1
native_blind,1,80,106,PHE,H,54,ASN,CDR2,4.602,0,1
native_blind,1,81,107,LYS,H,54,ASN,CDR2,3.026,1,1
native_blind,1,81,107,LYS,H,56,ASP,CDR2,3.224,1,1
native_blind,1,81,107,LYS,H,55,ASP,CDR2,3.927,1,1
native_blind,1,82,108,VAL,H,54,ASN,CDR2,4.374,1,1
native_blind,1,82,108,VAL,H,56,ASP,CDR2,3.322,1,1
native_blind,1,83,109,LEU,H,54,ASN,CDR2,4.84,0,1
native_blind,1,83,109,LEU,H,56,ASP,CDR2,2.771,1,1
native_blind,1,83,109,LEU,H,52,PRO,CDR2,2.123,1,1
native_blind,1,83,109,LEU,H,33,ASN,CDR1,3.162,1,1
native_blind,1,83,109,LEU,H,50,ILE,CDR2,4.909,0,1
native_blind,1,84,110,ARG,H,56,ASP,CDR2,3.109,1,1
native_blind,1,84,110,ARG,H,58,SER,FR3,3.0,1,1
native_blind,1,84,110,ARG,H,57,THR,CDR2,2.321,1,1
native_blind,1,86,112,PHE,H,104,TRP,CDR3,4.131,1,1
native_blind,1,86,112,PHE,H,100,ILE,CDR3,3.513,1,1
native_blind,1,87,113,SER,H,104,TRP,CDR3,3.912,1,1
native_blind,1,87,113,SER,L,93,TYR,CDR3,3.911,1,1
native_blind,1,87,113,SER,H,33,ASN,CDR1,4.382,1,1
native_blind,1,87,113,SER,H,35,TYR,FR2,4.89,0,1
native_blind,1,90,116,ALA,H,104,TRP,CDR3,2.424,1,1
native_blind,1,91,117,ASN,H,104,TRP,CDR3,3.493,1,1
native_blind,1,91,117,ASN,L,91,SER,CDR3,4.183,1,1
native_blind,1,91,117,ASN,L,90,TYR,CDR3,3.912,1,1
native_blind,1,91,117,ASN,L,95,TYR,CDR3,2.551,1,1
native_blind,1,91,117,ASN,H,98,TRP,CDR3,4.122,1,1
native_blind,1,91,117,ASN,L,93,TYR,CDR3,3.692,1,1
native_blind,1,94,120,ILE,L,50,TRP,CDR2,3.212,1,1
native_blind,1,94,120,ILE,H,104,TRP,CDR3,3.669,1,1
native_blind,1,94,120,ILE,L,32,ALA,CDR1,4.164,1,1
native_blind,1,94,120,ILE,L,90,TYR,CDR3,4.02,1,1
native_blind,1,94,120,ILE,H,103,PRO,CDR3,4.961,0,1
native_blind,1,95,121,VAL,L,30,GLY,CDR1,4.99,0,1
native_blind,1,95,121,VAL,L,91,SER,CDR3,3.467,1,1
native_blind,1,95,121,VAL,L,29,VAL,CDR1,4.542,0,1
native_blind,1,95,121,VAL,L,32,ALA,CDR1,4.734,0,1
native_blind,1,97,123,MET,L,50,TRP,CDR2,2.032,1,1
native_blind,1,97,123,MET,H,102,ASP,CDR3,3.839,1,1
native_blind,1,98,124,SER,L,31,THR,CDR1,2.369,1,1
native_blind,1,98,124,SER,L,50,TRP,CDR2,4.307,1,1
native_blind,1,98,124,SER,L,30,GLY,CDR1,3.465,1,1
native_blind,1,98,124,SER,L,32,ALA,CDR1,4.611,0,1
native_blind,1,98,124,SER,L,29,VAL,CDR1,4.602,0,1
native_blind,1,99,125,GLN,L,30,GLY,CDR1,4.151,1,1
native_blind,1,99,125,GLN,L,28,ASP,CDR1,3.36,1,1
native_blind,1,101,127,GLN,L,31,THR,CDR1,4.371,1,1
native_blind,10,43,69,PRO,H,104,TRP,CDR3,4.996,0,1
native_blind,10,44,70,GLN,H,104,TRP,CDR3,1.699,1,1
native_blind,10,44,70,GLN,H,101,THR,CDR3,3.178,1,1
native_blind,10,44,70,GLN,H,102,ASP,CDR3,2.582,1,1
native_blind,10,44,70,GLN,H,103,PRO,CDR3,4.84,0,1
native_blind,10,45,71,VAL,H,104,TRP,CDR3,3.688,1,1
native_blind,10,47,73,ARG,H,104,TRP,CDR3,4.766,0,1
native_blind,10,47,73,ARG,L,50,TRP,CDR2,3.663,1,1
native_blind,10,47,73,ARG,L,53,ARG,FR3,1.708,1,1
native_blind,10,47,73,ARG,H,102,ASP,CDR3,3.085,1,1
native_blind,10,47,73,ARG,L,49,TYR,FR2,4.647,0,1
native_blind,10,48,74,ASN,L,50,TRP,CDR2,3.397,1,1
native_blind,10,48,74,ASN,L,31,THR,CDR1,3.684,1,1
native_blind,10,109,135,LEU,L,93,TYR,CDR3,3.738,1,1
native_blind,10,109,135,LEU,H,58,SER,FR3,3.024,1,1
native_blind,10,109,135,LEU,H,56,ASP,CDR2,3.481,1,1
native_blind,10,109,135,LEU,H,57,THR,CDR2,3.303,1,1
native_blind,10,109,135,LEU,H,52,PRO,CDR2,4.858,0,1
native_blind,10,110,136,PRO,H,58,SER,FR3,4.252,1,1
native_blind,10,110,136,PRO,L,93,TYR,CDR3,1.366,1,1
native_blind,10,110,136,PRO,L,95,TYR,CDR3,4.149,1,1
native_blind,10,111,137,ILE,L,93,TYR,CDR3,4.194,1,1
native_blind,10,111,137,ILE,L,91,SER,CDR3,4.454,1,1
native_blind,10,113,139,GLU,H,33,ASN,CDR1,4.236,1,1
native_blind,10,113,139,GLU,H,35,TYR,FR2,3.87,1,1
native_blind,10,113,139,GLU,H,50,ILE,CDR2,2.643,1,1
native_blind,10,113,139,GLU,L,93,TYR,CDR3,2.17,1,1
native_blind,10,113,139,GLU,H,52,PRO,CDR2,3.607,1,1
native_blind,10,113,139,GLU,H,56,ASP,CDR2,3.704,1,1
native_blind,10,113,139,GLU,H,58,SER,FR3,3.882,1,1
native_blind,10,113,139,GLU,H,57,THR,CDR2,4.923,0,1
native_blind,10,114,140,SER,H,98,TRP,CDR3,4.786,0,1
native_blind,10,114,140,SER,H,104,TRP,CDR3,4.165,1,1
native_blind,10,114,140,SER,L,95,TYR,CDR3,4.467,1,1
native_blind,10,116,142,HIS,H,33,ASN,CDR1,4.986,0,1
native_blind,10,117,143,GLN,H,100,ILE,CDR3,2.476,1,1
native_blind,10,117,143,GLN,H,98,TRP,CDR3,1.411,1,1
native_blind,10,117,143,GLN,H,104,TRP,CDR3,3.997,1,1
native_blind,10,117,143,GLN,H,33,ASN,CDR1,2.552,1,1
native_blind,10,117,143,GLN,H,35,TYR,FR2,3.212,1,1
native_blind,10,117,143,GLN,H,99,GLU,CDR3,4.789,0,1
native_blind,10,117,143,GLN,H,50,ILE,CDR2,4.277,1,1
native_blind,10,118,144,ARG,H,100,ILE,CDR3,4.235,1,1
native_blind,10,118,144,ARG,H,104,TRP,CDR3,3.109,1,1
native_blind,10,118,144,ARG,L,50,TRP,CDR2,3.589,1,1
native_blind,10,120,146,LEU,H,100,ILE,CDR3,3.045,1,1
native_blind,10,120,146,LEU,H,31,ASP,CDR1,3.085,1,1
native_blind,10,120,146,LEU,H,30,THR,CDR1,4.107,1,1
native_blind,10,120,146,LEU,H,32,TYR,CDR1,4.548,0,1
native_blind,10,121,147,LEU,H,100,ILE,CDR3,2.732,1,1
native_blind,10,121,147,LEU,H,101,THR,CDR3,2.476,1,1
native_blind,10,121,147,LEU,H,102,ASP,CDR3,4.565,0,1
native_blind,10,121,147,LEU,H,104,TRP,CDR3,4.088,1,1
native_blind,10,123,149,ARG,H,31,ASP,CDR1,4.111,1,1
native_blind,10,124,150,ARG,H,32,TYR,CDR1,2.067,1,1
native_blind,10,124,150,ARG,H,31,ASP,CDR1,3.78,1,1
native_blind,10,124,150,ARG,H,100,ILE,CDR3,4.502,0,1
native_blind,10,124,150,ARG,H,101,THR,CDR3,3.106,1,1
native_blind,10,124,150,ARG,H,99,GLU,CDR3,4.64,0,1
native_blind,11,1,27,GLN,L,28,ASP,CDR1,3.28,1,1
native_blind,11,1,27,GLN,L,29,VAL,CDR1,2.799,1,1
native_blind,11,1,27,GLN,L,30,GLY,CDR1,2.602,1,1
native_blind,11,1,27,GLN,L,91,SER,CDR3,3.199,1,1
native_blind,11,1,27,GLN,L,32,ALA,CDR1,4.741,0,1
native_blind,11,1,27,GLN,L,50,TRP,CDR2,4.246,1,1
native_blind,11,2,28,GLU,L,28,ASP,CDR1,3.779,1,1
native_blind,11,2,28,GLU,L,91,SER,CDR3,3.455,1,1
native_blind,11,2,28,GLU,L,92,SER,CDR3,4.541,0,1
native_blind,11,2,28,GLU,L,27,GLN,CDR1,1.985,1,1
native_blind,11,2,28,GLU,L,2,ILE,FR1,4.659,0,1
native_blind,11,106,132,ASN,L,93,TYR,CDR3,4.072,1,1
native_blind,11,106,132,ASN,H,58,SER,FR3,3.665,1,1
native_blind,11,106,132,ASN,H,59,TYR,FR3,4.631,0,1
native_blind,11,106,132,ASN,H,61,GLN,FR3,4.187,1,1
native_blind,11,106,132,ASN,H,64,LYS,FR3,4.854,0,1
native_blind,11,107,133,SER,L,92,SER,CDR3,4.849,0,1
native_blind,11,109,135,LEU,L,93,TYR,CDR3,2.709,1,1
native_blind,11,109,135,LEU,H,58,SER,FR3,2.189,1,1
native_blind,11,109,135,LEU,H,56,ASP,CDR2,4.814,0,1
native_blind,11,109,135,LEU,H,47,TRP,FR2,4.171,1,1
native_blind,11,109,135,LEU,H,50,ILE,CDR2,4.663,0,1
native_blind,11,110,136,PRO,L,93,TYR,CDR3,2.375,1,1
native_blind,11,110,136,PRO,L,95,TYR,CDR3,4.069,1,1
native_blind,11,110,136,PRO,L,90,TYR,CDR3,4.528,0,1
native_blind,11,110,136,PRO,L,91,SER,CDR3,3.699,1,1
native_blind,11,110,136,PRO,L,92,SER,CDR3,3.188,1,1
native_blind,11,111,137,ILE,L,93,TYR,CDR3,4.898,0,1
native_blind,11,112,138,SER,H,56,ASP,CDR2,4.786,0,1
native_blind,11,113,139,GLU,H,53,TYR,CDR2,3.438,1,1
native_blind,11,113,139,GLU,L,93,TYR,CDR3,3.13,1,1
native_blind,11,113,139,GLU,H,104,TRP,CDR3,4.566,0,1
native_blind,11,113,139,GLU,H,35,TYR,FR2,3.009,1,1
native_blind,11,113,139,GLU,L,95,TYR,CDR3,4.035,1,1
native_blind,11,113,139,GLU,H,33,ASN,CDR1,2.824,1,1
native_blind,11,113,139,GLU,H,50,ILE,CDR2,3.275,1,1
native_blind,11,113,139,GLU,H,98,TRP,CDR3,3.288,1,1
native_blind,11,114,140,SER,H,104,TRP,CDR3,3.428,1,1
native_blind,11,116,142,HIS,H,53,TYR,CDR2,0.917,1,1
native_blind,11,116,142,HIS,H,54,ASN,CDR2,2.083,1,1
native_blind,11,116,142,HIS,H,33,ASN,CDR1,4.208,1,1
native_blind,11,117,143,GLN,H,53,TYR,CDR2,4.049,1,1
native_blind,11,117,143,GLN,H,104,TRP,CDR3,1.174,1,1
native_blind,11,117,143,GLN,H,100,ILE,CDR3,3.402,1,1
native_blind,11,117,143,GLN,H,98,TRP,CDR3,1.746,1,1
native_blind,11,117,143,GLN,H,99,GLU,CDR3,3.546,1,1
native_blind,11,117,143,GLN,H,101,THR,CDR3,4.573,0,1
native_blind,11,117,143,GLN,H,35,TYR,FR2,4.596,0,1
native_blind,11,118,144,ARG,H,100,ILE,CDR3,4.665,0,1
native_blind,11,118,144,ARG,H,104,TRP,CDR3,3.964,1,1
native_blind,11,120,146,LEU,H,100,ILE,CDR3,3.585,1,1
native_blind,11,120,146,LEU,H,31,ASP,CDR1,3.243,1,1
native_blind,11,120,146,LEU,H,53,TYR,CDR2,3.879,1,1
native_blind,11,120,146,LEU,H,30,THR,CDR1,4.456,1,1
native_blind,11,120,146,LEU,H,32,TYR,CDR1,4.725,0,1
native_blind,11,121,147,LEU,H,100,ILE,CDR3,3.922,1,1
native_blind,11,121,147,LEU,H,101,THR,CDR3,3.879,1,1
native_blind,11,123,149,ARG,H,31,ASP,CDR1,3.95,1,1
native_blind,11,123,149,ARG,H,30,THR,CDR1,3.245,1,1
native_blind,11,123,149,ARG,H,54,ASN,CDR2,4.222,1,1
native_blind,11,124,150,ARG,H,31,ASP,CDR1,4.386,1,1
native_blind,11,124,150,ARG,H,100,ILE,CDR3,3.374,1,1
native_blind,11,124,150,ARG,H,32,TYR,CDR1,3.979,1,1
native_blind,11,124,150,ARG,H,101,THR,CDR3,3.632,1,1
native_blind,11,127,153,LYS,H,30,THR,CDR1,4.866,0,1
native_blind,12,1,27,GLN,L,27,GLN,CDR1,4.866,0,1
native_blind,12,1,27,GLN,L,91,SER,CDR3,2.512,1,1
native_blind,12,1,27,GLN,L,28,ASP,CDR1,4.932,0,1
native_blind,12,1,27,GLN,L,92,SER,CDR3,4.573,0,1
native_blind,12,2,28,GLU,L,92,SER,CDR3,3.964,1,1
native_blind,12,44,70,GLN,H,102,ASP,CDR3,4.852,0,1
native_blind,12,44,70,GLN,H,104,TRP,CDR3,4.654,0,1
native_blind,12,47,73,ARG,H,104,TRP,CDR3,4.4,1,1
native_blind,12,47,73,ARG,H,102,ASP,CDR3,4.009,1,1
native_blind,12,48,74,ASN,H,104,TRP,CDR3,4.328,1,1
native_blind,12,48,74,ASN,L,50,TRP,CDR2,4.899,0,1
native_blind,12,48,74,ASN,L,53,ARG,FR3,4.25,1,1
native_blind,12,53,79,GLU,H,104,TRP,CDR3,4.182,1,1
native_blind,12,106,132,ASN,H,58,SER,FR3,4.249,1,1
native_blind,12,106,132,ASN,L,93,TYR,CDR3,4.068,1,1
native_blind,12,107,133,SER,L,92,SER,CDR3,4.881,0,1
native_blind,12,107,133,SER,L,93,TYR,CDR3,4.719,0,1
native_blind,12,108,134,MET,L,93,TYR,CDR3,4.965,0,1
native_blind,12,109,135,LEU,L,93,TYR,CDR3,2.867,1,1
native_blind,12,109,135,LEU,H,58,SER,FR3,2.858,1,1
native_blind,12,109,135,LEU,H,50,ILE,CDR2,3.846,1,1
native_blind,12,110,136,PRO,L,93,TYR,CDR3,2.121,1,1
native_blind,12,110,136,PRO,L,95,TYR,CDR3,3.432,1,1
native_blind,12,110,136,PRO,L,90,TYR,CDR3,4.456,1,1
native_blind,12,110,136,PRO,L,91,SER,CDR3,4.677,0,1
native_blind,12,110,136,PRO,L,92,SER,CDR3,3.759,1,1
native_blind,12,111,137,ILE,L,91,SER,CDR3,4.504,0,1
native_blind,12,112,138,SER,H,53,TYR,CDR2,3.222,1,1
native_blind,12,113,139,GLU,H,53,TYR,CDR2,4.16,1,1
native_blind,12,113,139,GLU,H,98,TRP,CDR3,4.749,0,1
native_blind,12,113,139,GLU,H,33,ASN,CDR1,4.398,1,1
native_blind,12,113,139,GLU,H,35,TYR,FR2,1.873,1,1
native_blind,12,113,139,GLU,H,50,ILE,CDR2,2.003,1,1
native_blind,12,113,139,GLU,L,93,TYR,CDR3,1.863,1,1
native_blind,12,113,139,GLU,L,95,TYR,CDR3,3.31,1,1
native_blind,12,113,139,GLU,H,52,PRO,CDR2,4.808,0,1
native_blind,12,114,140,SER,H,98,TRP,CDR3,4.474,1,1
native_blind,12,114,140,SER,H,104,TRP,CDR3,4.01,1,1
native_blind,12,116,142,HIS,H,53,TYR,CDR2,2.151,1,1
native_blind,12,116,142,HIS,H,54,ASN,CDR2,3.916,1,1
native_blind,12,116,142,HIS,H,33,ASN,CDR1,4.995,0,1
native_blind,12,117,143,GLN,H,100,ILE,CDR3,1.995,1,1
native_blind,12,117,143,GLN,H,98,TRP,CDR3,3.507,1,1
native_blind,12,117,143,GLN,H,99,GLU,CDR3,4.25,1,1
native_blind,12,117,143,GLN,H,104,TRP,CDR3,4.507,0,1
native_blind,12,117,143,GLN,H,33,ASN,CDR1,2.717,1,1
native_blind,12,117,143,GLN,H,31,ASP,CDR1,3.338,1,1
native_blind,12,117,143,GLN,H,32,TYR,CDR1,4.38,1,1
native_blind,12,117,143,GLN,H,53,TYR,CDR2,4.611,0,1
native_blind,12,118,144,ARG,H,100,ILE,CDR3,4.346,1,1
native_blind,12,118,144,ARG,H,104,TRP,CDR3,1.233,1,1
native_blind,12,118,144,ARG,L,50,TRP,CDR2,4.305,1,1
native_blind,12,120,146,LEU,H,31,ASP,CDR1,3.147,1,1
native_blind,12,120,146,LEU,H,100,ILE,CDR3,4.85,0,1
native_blind,12,120,146,LEU,H,30,THR,CDR1,4.37,1,1
native_blind,12,120,146,LEU,H,32,TYR,CDR1,4.793,0,1
native_blind,12,120,146,LEU,H,53,TYR,CDR2,4.545,0,1
native_blind,12,121,147,LEU,H,100,ILE,CDR3,3.146,1,1
native_blind,12,121,147,LEU,H,101,THR,CDR3,3.995,1,1
native_blind,12,123,149,ARG,H,31,ASP,CDR1,4.61,0,1
native_blind,12,124,150,ARG,H,31,ASP,CDR1,3.989,1,1
native_blind,12,124,150,ARG,H,100,ILE,CDR3,2.568,1,1
native_blind,12,124,150,ARG,H,32,TYR,CDR1,3.9,1,1
native_blind,13,56,82,TYR,H,53,TYR,CDR2,3.812,1,1
native_blind,13,60,86,SER,H,53,TYR,CDR2,4.284,1,1
native_blind,13,104,130,LYS,H,56,ASP,CDR2,4.326,1,1
native_blind,13,106,132,ASN,H,58,SER,FR3,2.783,1,1
native_blind,13,106,132,ASN,L,93,TYR,CDR3,3.482,1,1
native_blind,13,106,132,ASN,H,57,THR,CDR2,4.826,0,1
native_blind,13,106,132,ASN,H,59,TYR,FR3,4.485,1,1
native_blind,13,106,132,ASN,H,61,GLN,FR3,4.669,0,1
native_blind,13,106,132,ASN,H,64,LYS,FR3,4.83,0,1
native_blind,13,109,135,LEU,L,93,TYR,CDR3,2.235,1,1
native_blind,13,109,135,LEU,H,50,ILE,CDR2,3.437,1,1
native_blind,13,109,135,LEU,H,58,SER,FR3,3.434,1,1
native_blind,13,109,135,LEU,H,52,PRO,CDR2,4.179,1,1
native_blind,13,110,136,PRO,L,93,TYR,CDR3,3.488,1,1
native_blind,13,110,136,PRO,L,95,TYR,CDR3,4.3,1,1
native_blind,13,110,136,PRO,L,90,TYR,CDR3,4.973,0,1
native_blind,13,110,136,PRO,L,91,SER,CDR3,3.891,1,1
native_blind,13,110,136,PRO,L,92,SER,CDR3,3.977,1,1
native_blind,13,112,138,SER,H,53,TYR,CDR2,2.355,1,1
native_blind,13,112,138,SER,H,54,ASN,CDR2,4.315,1,1
native_blind,13,113,139,GLU,H,53,TYR,CDR2,3.814,1,1
native_blind,13,113,139,GLU,H,104,TRP,CDR3,3.526,1,1
native_blind,13,113,139,GLU,H,35,TYR,FR2,1.779,1,1
native_blind,13,113,139,GLU,H,98,TRP,CDR3,4.032,1,1
native_blind,13,113,139,GLU,L,93,TYR,CDR3,1.964,1,1
native_blind,13,113,139,GLU,L,95,TYR,CDR3,2.123,1,1
native_blind,13,113,139,GLU,H,33,ASN,CDR1,4.414,1,1
native_blind,13,113,139,GLU,H,50,ILE,CDR2,2.56,1,1
native_blind,13,114,140,SER,H,104,TRP,CDR3,3.433,1,1
native_blind,13,115,141,ALA,H,53,TYR,CDR2,4.794,0,1
native_blind,13,116,142,HIS,H,53,TYR,CDR2,2.102,1,1
native_blind,13,116,142,HIS,H,100,ILE,CDR3,3.334,1,1
native_blind,13,116,142,HIS,H,31,ASP,CDR1,4.136,1,1
native_blind,13,116,142,HIS,H,33,ASN,CDR1,4.223,1,1
native_blind,13,116,142,HIS,H,30,THR,CDR1,4.702,0,1
native_blind,13,117,143,GLN,H,100,ILE,CDR3,2.574,1,1
native_blind,13,117,143,GLN,H,101,THR,CDR3,3.817,1,1
native_blind,13,117,143,GLN,H,104,TRP,CDR3,1.691,1,1
native_blind,13,117,143,GLN,H,98,TRP,CDR3,2.765,1,1
native_blind,13,117,143,GLN,H,99,GLU,CDR3,3.37,1,1
native_blind,13,117,143,GLN,H,103,PRO,CDR3,3.538,1,1
native_blind,13,117,143,GLN,H,102,ASP,CDR3,3.761,1,1
native_blind,13,118,144,ARG,H,100,ILE,CDR3,4.654,0,1
native_blind,13,120,146,LEU,H,31,ASP,CDR1,2.718,1,1
native_blind,13,120,146,LEU,H,100,ILE,CDR3,1.738,1,1
native_blind,13,120,146,LEU,H,32,TYR,CDR1,4.872,0,1
native_blind,13,121,147,LEU,H,101,THR,CDR3,3.395,1,1
native_blind,13,121,147,LEU,H,102,ASP,CDR3,4.957,0,1
native_blind,13,123,149,ARG,H,31,ASP,CDR1,1.779,1,1
native_blind,13,123,149,ARG,H,30,THR,CDR1,3.695,1,1
native_blind,13,124,150,ARG,H,32,TYR,CDR1,3.224,1,1
native_blind,13,124,150,ARG,H,101,THR,CDR3,2.54,1,1
native_blind,13,124,150,ARG,H,99,GLU,CDR3,4.359,1,1
native_blind,13,127,153,LYS,H,31,ASP,CDR1,3.515,1,1
native_blind,13,127,153,LYS,H,28,SER,CDR1,4.336,1,1
native_blind,14,1,27,GLN,L,92,SER,CDR3,3.723,1,1
native_blind,14,1,27,GLN,L,91,SER,CDR3,3.706,1,1
native_blind,14,1,27,GLN,L,93,TYR,CDR3,4.988,0,1
native_blind,14,106,132,ASN,L,93,TYR,CDR3,3.971,1,1
native_blind,14,106,132,ASN,H,58,SER,FR3,3.357,1,1
native_blind,14,109,135,LEU,L,93,TYR,CDR3,3.072,1,1
native_blind,14,109,135,LEU,H,58,SER,FR3,3.292,1,1
native_blind,14,109,135,LEU,H,50,ILE,CDR2,3.64,1,1
native_blind,14,109,135,LEU,H,52,PRO,CDR2,4.989,0,1
native_blind,14,110,136,PRO,L,93,TYR,CDR3,2.953,1,1
native_blind,14,110,136,PRO,L,95,TYR,CDR3,4.145,1,1
native_blind,14,110,136,PRO,H,104,TRP,CDR3,3.484,1,1
native_blind,14,110,136,PRO,L,90,TYR,CDR3,4.721,0,1
native_blind,14,110,136,PRO,L,91,SER,CDR3,4.473,1,1
native_blind,14,110,136,PRO,L,92,SER,CDR3,4.387,1,1
native_blind,14,112,138,SER,H,53,TYR,CDR2,2.812,1,1
native_blind,14,113,139,GLU,H,53,TYR,CDR2,3.448,1,1
native_blind,14,113,139,GLU,H,98,TRP,CDR3,3.67,1,1
native_blind,14,113,139,GLU,H,33,ASN,CDR1,4.167,1,1
native_blind,14,113,139,GLU,H,35,TYR,FR2,2.248,1,1
native_blind,14,113,139,GLU,H,50,ILE,CDR2,2.265,1,1
native_blind,14,113,139,GLU,L,93,TYR,CDR3,2.637,1,1
native_blind,14,113,139,GLU,L,95,TYR,CDR3,3.277,1,1
native_blind,14,113,139,GLU,H,104,TRP,CDR3,4.643,0,1
native_blind,14,114,140,SER,H,103,PRO,CDR3,3.838,1,1
native_blind,14,114,140,SER,H,104,TRP,CDR3,3.812,1,1
native_blind,14,116,142,HIS,H,53,TYR,CDR2,2.513,1,1
native_blind,14,116,142,HIS,H,54,ASN,CDR2,4.942,0,1
native_blind,14,117,143,GLN,H,100,ILE,CDR3,2.021,1,1
native_blind,14,117,143,GLN,H,101,THR,CDR3,4.052,1,1
native_blind,14,117,143,GLN,H,103,PRO,CDR3,2.399,1,1
native_blind,14,117,143,GLN,H,99,GLU,CDR3,2.873,1,1
native_blind,14,117,143,GLN,H,98,TRP,CDR3,2.935,1,1
native_blind,14,117,143,GLN,H,102,ASP,CDR3,3.558,1,1
native_blind,14,117,143,GLN,H,104,TRP,CDR3,4.468,1,1
native_blind,14,118,144,ARG,H,100,ILE,CDR3,4.607,0,1
native_blind,14,120,146,LEU,H,100,ILE,CDR3,2.782,1,1
native_blind,14,120,146,LEU,H,31,ASP,CDR1,3.334,1,1
native_blind,14,121,147,LEU,H,101,THR,CDR3,3.697,1,1
native_blind,14,123,149,ARG,H,31,ASP,CDR1,3.706,1,1
native_blind,14,123,149,ARG,H,30,THR,CDR1,4.756,0,1
native_blind,14,124,150,ARG,H,101,THR,CDR3,4.978,0,1
native_blind,15,44,70,GLN,H,102,ASP,CDR3,3.511,1,1
native_blind,15,53,79,GLU,H,104,TRP,CDR3,3.671,1,1
native_blind,15,56,82,TYR,H,53,TYR,CDR2,4.751,0,1
native_blind,15,106,132,ASN,H,58,SER,FR3,3.464,1,1
native_blind,15,106,132,ASN,L,93,TYR,CDR3,3.224,1,1
native_blind,15,106,132,ASN,H,59,TYR,FR3,4.821,0,1
native_blind,15,107,133,SER,L,93,TYR,CDR3,3.744,1,1
native_blind,15,107,133,SER,L,92,SER,CDR3,3.48,1,1
native_blind,15,108,134,MET,L,93,TYR,CDR3,4.585,0,1
native_blind,15,109,135,LEU,L,93,TYR,CDR3,2.576,1,1
native_blind,15,109,135,LEU,L,95,TYR,CDR3,4.904,0,1
native_blind,15,109,135,LEU,H,58,SER,FR3,2.982,1,1
native_blind,15,109,135,LEU,H,50,ILE,CDR2,3.38,1,1
native_blind,15,109,135,LEU,H,52,PRO,CDR2,4.567,0,1
native_blind,15,109,135,LEU,H,47,TRP,FR2,4.917,0,1
native_blind,15,110,136,PRO,L,93,TYR,CDR3,1.95,1,1
native_blind,15,110,136,PRO,L,95,TYR,CDR3,3.19,1,1
native_blind,15,110,136,PRO,L,90,TYR,CDR3,3.789,1,1
native_blind,15,110,136,PRO,L,91,SER,CDR3,3.871,1,1
native_blind,15,110,136,PRO,L,92,SER,CDR3,3.045,1,1
native_blind,15,111,137,ILE,L,91,SER,CDR3,3.93,1,1
native_blind,15,111,137,ILE,L,93,TYR,CDR3,4.935,0,1
native_blind,15,112,138,SER,H,53,TYR,CDR2,2.975,1,1
native_blind,15,113,139,GLU,H,53,TYR,CDR2,3.116,1,1
native_blind,15,113,139,GLU,H,98,TRP,CDR3,3.242,1,1
native_blind,15,113,139,GLU,H,104,TRP,CDR3,4.76,0,1
native_blind,15,113,139,GLU,H,35,TYR,FR2,3.199,1,1
native_blind,15,113,139,GLU,L,93,TYR,CDR3,3.989,1,1
native_blind,15,113,139,GLU,L,95,TYR,CDR3,4.509,0,1
native_blind,15,113,139,GLU,H,33,ASN,CDR1,2.444,1,1
native_blind,15,113,139,GLU,H,50,ILE,CDR2,4.069,1,1
native_blind,15,113,139,GLU,H,52,PRO,CDR2,4.476,1,1
native_blind,15,113,139,GLU,H,100,ILE,CDR3,4.164,1,1
native_blind,15,114,140,SER,H,98,TRP,CDR3,4.878,0,1
native_blind,15,114,140,SER,H,104,TRP,CDR3,2.958,1,1
native_blind,15,116,142,HIS,H,53,TYR,CDR2,2.843,1,1
native_blind,15,116,142,HIS,H,33,ASN,CDR1,4.731,0,1
native_blind,15,117,143,GLN,H,100,ILE,CDR3,3.076,1,1
native_blind,15,117,143,GLN,H,104,TRP,CDR3,1.839,1,1
native_blind,15,117,143,GLN,H,98,TRP,CDR3,1.36,1,1
native_blind,15,117,143,GLN,H,99,GLU,CDR3,2.958,1,1
native_blind,15,117,143,GLN,H,101,THR,CDR3,4.402,1,1
native_blind,15,118,144,ARG,H,100,ILE,CDR3,4.498,1,1
native_blind,15,118,144,ARG,H,104,TRP,CDR3,2.691,1,1
native_blind,15,118,144,ARG,H,102,ASP,CDR3,4.304,1,1
native_blind,15,120,146,LEU,H,100,ILE,CDR3,3.255,1,1
native_blind,15,120,146,LEU,H,31,ASP,CDR1,3.424,1,1
native_blind,15,121,147,LEU,H,100,ILE,CDR3,4.12,1,1
native_blind,15,121,147,LEU,H,101,THR,CDR3,4.358,1,1
native_blind,15,121,147,LEU,H,102,ASP,CDR3,4.632,0,1
native_blind,15,123,149,ARG,H,31,ASP,CDR1,4.759,0,1
native_blind,15,124,150,ARG,H,31,ASP,CDR1,3.495,1,1
native_blind,15,124,150,ARG,H,100,ILE,CDR3,3.219,1,1
native_blind,15,124,150,ARG,H,101,THR,CDR3,4.671,0,1
native_blind,15,124,150,ARG,H,32,TYR,CDR1,4.691,0,1
native_blind,2,44,70,GLN,H,101,THR,CDR3,3.202,1,1
native_blind,2,44,70,GLN,H,102,ASP,CDR3,3.474,1,1
native_blind,2,45,71,VAL,H,101,THR,CDR3,4.84,0,1
native_blind,2,47,73,ARG,H,104,TRP,CDR3,4.082,1,1
native_blind,2,47,73,ARG,L,53,ARG,FR3,3.972,1,1
native_blind,2,47,73,ARG,H,102,ASP,CDR3,1.528,1,1
native_blind,2,48,74,ASN,L,50,TRP,CDR2,2.82,1,1
native_blind,2,48,74,ASN,H,104,TRP,CDR3,2.908,1,1
native_blind,2,48,74,ASN,L,53,ARG,FR3,2.35,1,1
native_blind,2,49,75,VAL,H,104,TRP,CDR3,3.572,1,1
native_blind,2,50,76,SER,H,104,TRP,CDR3,4.376,1,1
native_blind,2,50,76,SER,L,50,TRP,CDR2,4.671,0,1
native_blind,2,53,79,GLU,H,104,TRP,CDR3,2.208,1,1
native_blind,2,53,79,GLU,L,50,TRP,CDR2,4.512,0,1
native_blind,2,106,132,ASN,H,58,SER,FR3,4.915,0,1
native_blind,2,106,132,ASN,L,93,TYR,CDR3,4.28,1,1
native_blind,2,107,133,SER,L,93,TYR,CDR3,3.36,1,1
native_blind,2,107,133,SER,L,92,SER,CDR3,3.942,1,1
native_blind,2,108,134,MET,L,93,TYR,CDR3,4.947,0,1
native_blind,2,109,135,LEU,L,93,TYR,CDR3,3.362,1,1
native_blind,2,109,135,LEU,H,58,SER,FR3,2.519,1,1
native_blind,2,109,135,LEU,H,50,ILE,CDR2,4.268,1,1
native_blind,2,109,135,LEU,H,57,THR,CDR2,4.975,0,1
native_blind,2,110,136,PRO,L,93,TYR,CDR3,1.025,1,1
native_blind,2,110,136,PRO,L,95,TYR,CDR3,2.831,1,1
native_blind,2,110,136,PRO,H,35,TYR,FR2,4.895,0,1
native_blind,2,110,136,PRO,L,90,TYR,CDR3,4.919,0,1
native_blind,2,110,136,PRO,L,92,SER,CDR3,3.681,1,1
native_blind,2,111,137,ILE,L,93,TYR,CDR3,4.306,1,1
native_blind,2,111,137,ILE,L,95,TYR,CDR3,4.631,0,1
native_blind,2,111,137,ILE,L,91,SER,CDR3,3.047,1,1
native_blind,2,111,137,ILE,L,92,SER,CDR3,4.923,0,1
native_blind,2,113,139,GLU,H,100,ILE,CDR3,3.042,1,1
native_blind,2,113,139,GLU,H,33,ASN,CDR1,2.067,1,1
native_blind,2,113,139,GLU,H,35,TYR,FR2,4.231,1,1
native_blind,2,113,139,GLU,H,50,ILE,CDR2,3.71,1,1
native_blind,2,113,139,GLU,L,93,TYR,CDR3,4.757,0,1
native_blind,2,113,139,GLU,H,52,PRO,CDR2,3.699,1,1
native_blind,2,113,139,GLU,H,53,TYR,CDR2,3.585,1,1
native_blind,2,113,139,GLU,H,54,ASN,CDR2,4.925,0,1
native_blind,2,114,140,SER,H,98,TRP,CDR3,3.888,1,1
native_blind,2,114,140,SER,H,100,ILE,CDR3,2.944,1,1
native_blind,2,114,140,SER,H,104,TRP,CDR3,4.903,0,1
native_blind,2,115,141,ALA,H,100,ILE,CDR3,4.619,0,1
native_blind,2,116,142,HIS,H,53,TYR,CDR2,2.368,1,1
native_blind,2,116,142,HIS,H,100,ILE,CDR3,4.87,0,1
native_blind,2,116,142,HIS,H,54,ASN,CDR2,4.744,0,1
native_blind,2,117,143,GLN,H,53,TYR,CDR2,1.928,1,1
native_blind,2,117,143,GLN,H,100,ILE,CDR3,2.146,1,1
native_blind,2,117,143,GLN,H,101,THR,CDR3,3.832,1,1
native_blind,2,117,143,GLN,H,31,ASP,CDR1,2.224,1,1
native_blind,2,117,143,GLN,H,33,ASN,CDR1,3.074,1,1
native_blind,2,117,143,GLN,H,98,TRP,CDR3,4.938,0,1
native_blind,2,117,143,GLN,H,32,TYR,CDR1,3.921,1,1
native_blind,2,117,143,GLN,H,30,THR,CDR1,4.906,0,1
native_blind,2,118,144,ARG,H,100,ILE,CDR3,3.647,1,1
native_blind,2,118,144,ARG,H,101,THR,CDR3,4.958,0,1
native_blind,2,118,144,ARG,H,104,TRP,CDR3,1.199,1,1
native_blind,2,118,144,ARG,L,50,TRP,CDR2,4.141,1,1
native_blind,2,120,146,LEU,H,53,TYR,CDR2,2.22,1,1
native_blind,2,120,146,LEU,H,30,THR,CDR1,4.316,1,1
native_blind,2,120,146,LEU,H,31,ASP,CDR1,4.927,0,1
native_blind,2,121,147,LEU,H,101,THR,CDR3,3.959,1,1
native_blind,2,124,150,ARG,H,31,ASP,CDR1,1.986,1,1
native_blind,3,1,27,GLN,H,104,TRP,CDR3,4.759,0,1
native_blind,3,1,27,GLN,L,50,TRP,CDR2,4.648,0,1
native_blind,3,2,28,GLU,L,50,TRP,CDR2,1.873,1,1
native_blind,3,2,28,GLU,L,29,VAL,CDR1,3.783,1,1
native_blind,3,2,28,GLU,L,31,THR,CDR1,3.642,1,1
native_blind,3,2,28,GLU,L,32,ALA,CDR1,2.507,1,1
native_blind,3,2,28,GLU,L,91,SER,CDR3,3.648,1,1
native_blind,3,2,28,GLU,L,90,TYR,CDR3,4.394,1,1
native_blind,3,2,28,GLU,H,104,TRP,CDR3,4.865,0,1
native_blind,3,3,29,PHE,L,91,SER,CDR3,2.021,1,1
native_blind,3,3,29,PHE,L,92,SER,CDR3,4.18,1,1
native_blind,3,44,70,GLN,H,102,ASP,CDR3,4.661,0,1
native_blind,3,53,79,GLU,H,104,TRP,CDR3,4.239,1,1
native_blind,3,106,132,ASN,L,93,TYR,CDR3,2.915,1,1
native_blind,3,106,132,ASN,H,59,TYR,FR3,4.521,0,1
native_blind,3,106,132,ASN,H,61,GLN,FR3,3.195,1,1
native_blind,3,106,132,ASN,H,64,LYS,FR3,3.953,1,1
native_blind,3,106,132,ASN,H,58,SER,FR3,4.704,0,1
native_blind,3,107,133,SER,L,93,TYR,CDR3,4.423,1,1
native_blind,3,107,133,SER,L,92,SER,CDR3,3.857,1,1
native_blind,3,107,133,SER,L,91,SER,CDR3,4.974,0,1
native_blind,3,108,134,MET,L,93,TYR,CDR3,4.574,0,1
native_blind,3,109,135,LEU,L,93,TYR,CDR3,1.998,1,1
native_blind,3,109,135,LEU,L,95,TYR,CDR3,4.458,1,1
native_blind,3,109,135,LEU,H,58,SER,FR3,2.674,1,1
native_blind,3,109,135,LEU,H,47,TRP,FR2,4.709,0,1
native_blind,3,109,135,LEU,H,59,TYR,FR3,4.869,0,1
native_blind,3,110,136,PRO,L,93,TYR,CDR3,2.675,1,1
native_blind,3,110,136,PRO,L,95,TYR,CDR3,3.426,1,1
native_blind,3,110,136,PRO,L,90,TYR,CDR3,3.586,1,1
native_blind,3,110,136,PRO,L,91,SER,CDR3,3.444,1,1
native_blind,3,110,136,PRO,L,92,SER,CDR3,2.988,1,1
native_blind,3,112,138,SER,H,56,ASP,CDR2,3.812,1,1
native_blind,3,113,139,GLU,H,35,TYR,FR2,2.982,1,1
native_blind,3,113,139,GLU,H,98,TRP,CDR3,3.147,1,1
native_blind,3,113,139,GLU,L,93,TYR,CDR3,3.92,1,1
native_blind,3,113,139,GLU,L,95,TYR,CDR3,4.13,1,1
native_blind,3,113,139,GLU,H,33,ASN,CDR1,2.481,1,1
native_blind,3,113,139,GLU,H,50,ILE,CDR2,3.197,1,1
native_blind,3,113,139,GLU,H,100,ILE,CDR3,4.691,0,1
native_blind,3,114,140,SER,H,104,TRP,CDR3,3.411,1,1
native_blind,3,116,142,HIS,H,33,ASN,CDR1,3.214,1,1
native_blind,3,116,142,HIS,H,54,ASN,CDR2,3.307,1,1
native_blind,3,116,142,HIS,H,52,PRO,CDR2,4.933,0,1
native_blind,3,116,142,HIS,H,53,TYR,CDR2,4.669,0,1
native_blind,3,117,143,GLN,H,100,ILE,CDR3,3.336,1,1
native_blind,3,117,143,GLN,H,99,GLU,CDR3,3.083,1,1
native_blind,3,117,143,GLN,H,104,TRP,CDR3,2.035,1,1
native_blind,3,117,143,GLN,H,98,TRP,CDR3,1.719,1,1
native_blind,3,117,143,GLN,H,101,THR,CDR3,4.907,0,1
native_blind,3,117,143,GLN,H,102,ASP,CDR3,4.336,1,1
native_blind,3,118,144,ARG,H,100,ILE,CDR3,4.681,0,1
native_blind,3,118,144,ARG,H,102,ASP,CDR3,4.615,0,1
native_blind,3,118,144,ARG,H,104,TRP,CDR3,3.933,1,1
native_blind,3,120,146,LEU,H,100,ILE,CDR3,3.461,1,1
native_blind,3,120,146,LEU,H,31,ASP,CDR1,2.775,1,1
native_blind,3,120,146,LEU,H,30,THR,CDR1,3.939,1,1
native_blind,3,120,146,LEU,H,32,TYR,CDR1,4.234,1,1
native_blind,3,121,147,LEU,H,100,ILE,CDR3,4.024,1,1
native_blind,3,121,147,LEU,H,101,THR,CDR3,4.153,1,1
native_blind,3,121,147,LEU,H,102,ASP,CDR3,4.615,0,1
native_blind,3,123,149,ARG,H,31,ASP,CDR1,3.937,1,1
native_blind,3,123,149,ARG,H,30,THR,CDR1,2.953,1,1
native_blind,3,124,150,ARG,H,31,ASP,CDR1,3.688,1,1
native_blind,3,124,150,ARG,H,100,ILE,CDR3,2.78,1,1
native_blind,3,124,150,ARG,H,32,TYR,CDR1,3.955,1,1
native_blind,3,124,150,ARG,H,101,THR,CDR3,3.813,1,1
native_blind,4,11,37,THR,L,92,SER,CDR3,4.548,0,1
native_blind,4,11,37,THR,L,91,SER,CDR3,4.154,1,1
native_blind,4,11,37,THR,L,27,GLN,CDR1,4.561,0,1
native_blind,4,12,38,GLY,L,92,SER,CDR3,3.325,1,1
native_blind,4,12,38,GLY,L,91,SER,CDR3,4.689,0,1
native_blind,4,12,38,GLY,L,93,TYR,CDR3,4.193,1,1
native_blind,4,14,40,VAL,L,93,TYR,CDR3,4.854,0,1
native_blind,4,17,43,GLU,H,56,ASP,CDR2,4.942,0,1
native_blind,4,17,43,GLU,L,93,TYR,CDR3,4.455,1,1
native_blind,4,20,46,GLU,H,56,ASP,CDR2,3.423,1,1
native_blind,4,20,46,GLU,H,54,ASN,CDR2,3.983,1,1
native_blind,4,20,46,GLU,H,55,ASP,CDR2,4.931,0,1
native_blind,4,63,89,LYS,L,53,ARG,FR3,4.705,0,1
native_blind,4,66,92,LEU,H,104,TRP,CDR3,3.338,1,1
native_blind,4,66,92,LEU,L,50,TRP,CDR2,4.233,1,1
native_blind,4,67,93,ASN,L,53,ARG,FR3,3.816,1,1
native_blind,4,67,93,ASN,H,102,ASP,CDR3,4.056,1,1
native_blind,4,70,96,PHE,H,101,THR,CDR3,4.382,1,1
native_blind,4,71,97,LYS,H,101,THR,CDR3,4.465,1,1
native_blind,4,71,97,LYS,H,102,ASP,CDR3,4.872,0,1
native_blind,4,74,100,HIS,H,101,THR,CDR3,3.132,1,1
native_blind,4,74,100,HIS,H,100,ILE,CDR3,2.969,1,1
native_blind,4,74,100,HIS,H,32,TYR,CDR1,3.062,1,1
native_blind,4,74,100,HIS,H,99,GLU,CDR3,4.015,1,1
native_blind,4,74,100,HIS,H,31,ASP,CDR1,4.957,0,1
native_blind,4,77,103,ILE,H,31,ASP,CDR1,4.85,0,1
native_blind,4,77,103,ILE,H,100,ILE,CDR3,4.95,0,1
native_blind,4,78,104,ALA,H,31,ASP,CDR1,3.025,1,1
native_blind,4,78,104,ALA,H,28,SER,CDR1,4.938,0,1
native_blind,4,81,107,LYS,H,31,ASP,CDR1,4.533,0,1
native_blind,4,81,107,LYS,H,30,THR,CDR1,3.292,1,1
native_blind,4,81,107,LYS,H,28,SER,CDR1,4.632,0,1
native_blind,4,83,109,LEU,H,30,THR,CDR1,3.764,1,1
native_blind,4,83,109,LEU,H,31,ASP,CDR1,1.429,1,1
native_blind,4,83,109,LEU,H,100,ILE,CDR3,2.413,1,1
native_blind,4,83,109,LEU,H,32,TYR,CDR1,3.421,1,1
native_blind,4,84,110,ARG,H,30,THR,CDR1,3.97,1,1
native_blind,4,84,110,ARG,H,31,ASP,CDR1,4.495,1,1
native_blind,4,84,110,ARG,H,33,ASN,CDR1,2.555,1,1
native_blind,4,84,110,ARG,H,54,ASN,CDR2,3.589,1,1
native_blind,4,84,110,ARG,H,53,TYR,CDR2,0.568,1,1
native_blind,4,84,110,ARG,H,56,ASP,CDR2,4.681,0,1
native_blind,4,84,110,ARG,H,51,ASP,CDR2,1.652,1,1
native_blind,4,84,110,ARG,H,52,PRO,CDR2,3.273,1,1
native_blind,4,84,110,ARG,H,32,TYR,CDR1,4.122,1,1
native_blind,4,84,110,ARG,H,71,VAL,FR3,4.26,1,1
native_blind,4,84,110,ARG,H,34,ILE,FR2,4.758,0,1
native_blind,4,85,111,SER,H,54,ASN,CDR2,2.56,1,1
native_blind,4,85,111,SER,H,56,ASP,CDR2,4.448,1,1
native_blind,4,86,112,PHE,H,100,ILE,CDR3,3.185,1,1
native_blind,4,86,112,PHE,H,101,THR,CDR3,4.848,0,1
native_blind,4,87,113,SER,H,100,ILE,CDR3,2.347,1,1
native_blind,4,87,113,SER,H,33,ASN,CDR1,2.895,1,1
native_blind,4,87,113,SER,H,98,TRP,CDR3,3.833,1,1
native_blind,4,88,114,THR,H,33,ASN,CDR1,4.164,1,1
native_blind,4,88,114,THR,H,56,ASP,CDR2,3.821,1,1
native_blind,4,90,116,ALA,H,100,ILE,CDR3,3.392,1,1
native_blind,4,90,116,ALA,H,104,TRP,CDR3,3.649,1,1
native_blind,4,91,117,ASN,H,104,TRP,CDR3,3.988,1,1
native_blind,4,91,117,ASN,H,98,TRP,CDR3,2.269,1,1
native_blind,4,91,117,ASN,L,95,TYR,CDR3,4.484,1,1
native_blind,4,91,117,ASN,H,35,TYR,FR2,3.666,1,1
native_blind,4,91,117,ASN,H,99,GLU,CDR3,4.159,1,1
native_blind,4,91,117,ASN,H,100,ILE,CDR3,4.874,0,1
native_blind,4,91,117,ASN,H,33,ASN,CDR1,4.294,1,1
native_blind,4,94,120,ILE,H,104,TRP,CDR3,0.788,1,1
native_blind,4,94,120,ILE,L,50,TRP,CDR2,3.813,1,1
native_blind,4,94,120,ILE,L,90,TYR,CDR3,3.537,1,1
native_blind,4,94,120,ILE,L,32,ALA,CDR1,4.845,0,1
native_blind,4,94,120,ILE,H,101,THR,CDR3,4.861,0,1
native_blind,4,95,121,VAL,L,90,TYR,CDR3,3.516,1,1
native_blind,4,95,121,VAL,L,91,SER,CDR3,2.51,1,1
native_blind,4,95,121,VAL,L,92,SER,CDR3,4.487,1,1
native_blind,4,95,121,VAL,L,95,TYR,CDR3,4.494,1,1
native_blind,4,97,123,MET,L,50,TRP,CDR2,2.739,1,1
native_blind,4,98,124,SER,L,50,TRP,CDR2,4.4,1,1
native_blind,4,98,124,SER,L,29,VAL,CDR1,3.596,1,1
native_blind,4,98,124,SER,L,30,GLY,CDR1,2.755,1,1
native_blind,4,98,124,SER,L,31,THR,CDR1,3.982,1,1
native_blind,4,98,124,SER,L,32,ALA,CDR1,3.459,1,1
native_blind,4,98,124,SER,L,28,ASP,CDR1,4.8,0,1
native_blind,4,98,124,SER,L,91,SER,CDR3,3.326,1,1
native_blind,4,99,125,GLN,L,30,GLY,CDR1,4.851,0,1
native_blind,4,99,125,GLN,L,28,ASP,CDR1,4.71,0,1
native_blind,4,99,125,GLN,L,91,SER,CDR3,3.219,1,1
native_blind,4,99,125,GLN,L,92,SER,CDR3,4.298,1,1
native_blind,4,101,127,GLN,L,28,ASP,CDR1,4.572,0,1
native_blind,4,101,127,GLN,L,30,GLY,CDR1,3.581,1,1
native_blind,4,101,127,GLN,L,31,THR,CDR1,3.883,1,1
native_blind,4,101,127,GLN,L,67,SER,FR3,4.789,0,1
native_blind,5,56,82,TYR,H,53,TYR,CDR2,4.753,0,1
native_blind,5,60,86,SER,H,53,TYR,CDR2,3.087,1,1
native_blind,5,104,130,LYS,H,56,ASP,CDR2,2.845,1,1
native_blind,5,104,130,LYS,H,54,ASN,CDR2,4.812,0,1
native_blind,5,106,132,ASN,H,58,SER,FR3,3.243,1,1
native_blind,5,106,132,ASN,L,93,TYR,CDR3,4.531,0,1
native_blind,5,106,132,ASN,H,61,GLN,FR3,3.005,1,1
native_blind,5,106,132,ASN,H,59,TYR,FR3,4.565,0,1
native_blind,5,106,132,ASN,H,64,LYS,FR3,2.817,1,1
native_blind,5,109,135,LEU,L,93,TYR,CDR3,2.949,1,1
native_blind,5,109,135,LEU,H,58,SER,FR3,3.207,1,1
native_blind,5,109,135,LEU,H,50,ILE,CDR2,4.012,1,1
native_blind,5,109,135,LEU,H,47,TRP,FR2,3.667,1,1
native_blind,5,110,136,PRO,L,93,TYR,CDR3,2.656,1,1
native_blind,5,110,136,PRO,L,95,TYR,CDR3,4.732,0,1
native_blind,5,110,136,PRO,L,91,SER,CDR3,4.367,1,1
native_blind,5,110,136,PRO,L,92,SER,CDR3,3.717,1,1
native_blind,5,112,138,SER,H,53,TYR,CDR2,4.682,0,1
native_blind,5,113,139,GLU,L,93,TYR,CDR3,3.304,1,1
native_blind,5,113,139,GLU,H,104,TRP,CDR3,4.321,1,1
native_blind,5,113,139,GLU,H,35,TYR,FR2,2.995,1,1
native_blind,5,113,139,GLU,L,95,TYR,CDR3,4.288,1,1
native_blind,5,113,139,GLU,H,33,ASN,CDR1,2.827,1,1
native_blind,5,113,139,GLU,H,50,ILE,CDR2,3.071,1,1
native_blind,5,113,139,GLU,H,98,TRP,CDR3,3.097,1,1
native_blind,5,114,140,SER,H,104,TRP,CDR3,3.863,1,1
native_blind,5,116,142,HIS,H,53,TYR,CDR2,2.29,1,1
native_blind,5,116,142,HIS,H,33,ASN,CDR1,3.406,1,1
native_blind,5,116,142,HIS,H,30,THR,CDR1,4.974,0,1
native_blind,5,116,142,HIS,H,31,ASP,CDR1,4.903,0,1
native_blind,5,117,143,GLN,H,100,ILE,CDR3,3.295,1,1
native_blind,5,117,143,GLN,H,104,TRP,CDR3,0.299,1,1
native_blind,5,117,143,GLN,H,98,TRP,CDR3,1.73,1,1
native_blind,5,117,143,GLN,H,99,GLU,CDR3,3.794,1,1
native_blind,5,117,143,GLN,H,35,TYR,FR2,4.999,0,1
native_blind,5,120,146,LEU,H,100,ILE,CDR3,3.082,1,1
native_blind,5,120,146,LEU,H,31,ASP,CDR1,2.677,1,1
native_blind,5,120,146,LEU,H,32,TYR,CDR1,4.537,0,1
native_blind,5,120,146,LEU,H,30,THR,CDR1,4.529,0,1
native_blind,5,121,147,LEU,H,100,ILE,CDR3,4.456,1,1
native_blind,5,121,147,LEU,H,101,THR,CDR3,3.685,1,1
native_blind,5,121,147,LEU,H,102,ASP,CDR3,4.818,0,1
native_blind,5,123,149,ARG,H,31,ASP,CDR1,2.46,1,1
native_blind,5,123,149,ARG,H,30,THR,CDR1,2.984,1,1
native_blind,5,124,150,ARG,H,101,THR,CDR3,2.108,1,1
native_blind,5,124,150,ARG,H,32,TYR,CDR1,3.592,1,1
native_blind,5,124,150,ARG,H,100,ILE,CDR3,3.18,1,1
native_blind,5,124,150,ARG,H,99,GLU,CDR3,4.681,0,1
native_blind,5,127,153,LYS,H,31,ASP,CDR1,3.282,1,1
native_blind,5,127,153,LYS,H,28,SER,CDR1,4.036,1,1
native_blind,6,44,70,GLN,H,102,ASP,CDR3,3.624,1,1
native_blind,6,63,89,LYS,H,55,ASP,CDR2,4.959,0,1
native_blind,6,104,130,LYS,H,56,ASP,CDR2,4.255,1,1
native_blind,6,106,132,ASN,L,93,TYR,CDR3,3.977,1,1
native_blind,6,106,132,ASN,H,58,SER,FR3,4.158,1,1
native_blind,6,106,132,ASN,H,57,THR,CDR2,4.433,1,1
native_blind,6,106,132,ASN,H,64,LYS,FR3,4.561,0,1
native_blind,6,109,135,LEU,L,93,TYR,CDR3,2.443,1,1
native_blind,6,109,135,LEU,H,58,SER,FR3,2.836,1,1
native_blind,6,109,135,LEU,H,56,ASP,CDR2,4.632,0,1
native_blind,6,109,135,LEU,H,50,ILE,CDR2,4.009,1,1
native_blind,6,110,136,PRO,L,93,TYR,CDR3,3.518,1,1
native_blind,6,110,136,PRO,L,95,TYR,CDR3,4.208,1,1
native_blind,6,110,136,PRO,H,104,TRP,CDR3,3.886,1,1
native_blind,6,110,136,PRO,L,90,TYR,CDR3,4.865,0,1
native_blind,6,110,136,PRO,L,91,SER,CDR3,3.87,1,1
native_blind,6,110,136,PRO,L,92,SER,CDR3,3.643,1,1
native_blind,6,112,138,SER,H,54,ASN,CDR2,4.966,0,1
native_blind,6,112,138,SER,H,56,ASP,CDR2,4.777,0,1
native_blind,6,113,139,GLU,H,35,TYR,FR2,3.675,1,1
native_blind,6,113,139,GLU,L,93,TYR,CDR3,4.438,1,1
native_blind,6,113,139,GLU,L,95,TYR,CDR3,4.781,0,1
native_blind,6,113,139,GLU,H,33,ASN,CDR1,2.169,1,1
native_blind,6,113,139,GLU,H,50,ILE,CDR2,3.606,1,1
native_blind,6,113,139,GLU,H,98,TRP,CDR3,3.464,1,1
native_blind,6,113,139,GLU,H,52,PRO,CDR2,4.71,0,1
native_blind,6,114,140,SER,H,104,TRP,CDR3,2.609,1,1
native_blind,6,116,142,HIS,H,54,ASN,CDR2,3.664,1,1
native_blind,6,116,142,HIS,H,33,ASN,CDR1,3.835,1,1
native_blind,6,116,142,HIS,H,30,THR,CDR1,4.991,0,1
native_blind,6,117,143,GLN,H,100,ILE,CDR3,2.818,1,1
native_blind,6,117,143,GLN,H,101,THR,CDR3,3.402,1,1
native_blind,6,117,143,GLN,H,99,GLU,CDR3,2.921,1,1
native_blind,6,117,143,GLN,H,104,TRP,CDR3,2.503,1,1
native_blind,6,117,143,GLN,H,98,TRP,CDR3,1.812,1,1
native_blind,6,117,143,GLN,H,103,PRO,CDR3,3.741,1,1
native_blind,6,117,143,GLN,H,102,ASP,CDR3,4.483,1,1
native_blind,6,118,144,ARG,H,100,ILE,CDR3,4.276,1,1
native_blind,6,120,146,LEU,H,100,ILE,CDR3,3.298,1,1
native_blind,6,120,146,LEU,H,31,ASP,CDR1,2.664,1,1
native_blind,6,120,146,LEU,H,30,THR,CDR1,4.158,1,1
native_blind,6,120,146,LEU,H,32,TYR,CDR1,4.297,1,1
native_blind,6,121,147,LEU,H,100,ILE,CDR3,4.241,1,1
native_blind,6,121,147,LEU,H,101,THR,CDR3,3.793,1,1
native_blind,6,121,147,LEU,H,102,ASP,CDR3,3.231,1,1
native_blind,6,123,149,ARG,H,31,ASP,CDR1,3.12,1,1
native_blind,6,123,149,ARG,H,30,THR,CDR1,2.746,1,1
native_blind,6,124,150,ARG,H,31,ASP,CDR1,4.923,0,1
native_blind,6,124,150,ARG,H,32,TYR,CDR1,2.992,1,1
native_blind,6,124,150,ARG,H,100,ILE,CDR3,3.122,1,1
native_blind,6,124,150,ARG,H,101,THR,CDR3,3.171,1,1
native_blind,6,124,150,ARG,H,99,GLU,CDR3,4.605,0,1
native_blind,6,127,153,LYS,H,31,ASP,CDR1,3.938,1,1
native_blind,6,127,153,LYS,H,28,SER,CDR1,4.073,1,1
native_blind,6,127,153,LYS,H,30,THR,CDR1,4.307,1,1
native_blind,7,1,27,GLN,L,27,GLN,CDR1,3.489,1,1
native_blind,7,1,27,GLN,L,28,ASP,CDR1,4.157,1,1
native_blind,7,63,89,LYS,H,54,ASN,CDR2,4.808,0,1
native_blind,7,104,130,LYS,H,56,ASP,CDR2,2.311,1,1
native_blind,7,106,132,ASN,L,93,TYR,CDR3,3.127,1,1
native_blind,7,106,132,ASN,H,58,SER,FR3,3.011,1,1
native_blind,7,106,132,ASN,H,59,TYR,FR3,3.841,1,1
native_blind,7,106,132,ASN,H,61,GLN,FR3,4.125,1,1
native_blind,7,106,132,ASN,H,64,LYS,FR3,4.97,0,1
native_blind,7,107,133,SER,L,92,SER,CDR3,4.764,0,1
native_blind,7,108,134,MET,L,93,TYR,CDR3,4.903,0,1
native_blind,7,109,135,LEU,L,93,TYR,CDR3,2.09,1,1
native_blind,7,109,135,LEU,L,95,TYR,CDR3,4.43,1,1
native_blind,7,109,135,LEU,H,58,SER,FR3,2.518,1,1
native_blind,7,109,135,LEU,H,47,TRP,FR2,4.424,1,1
native_blind,7,110,136,PRO,L,93,TYR,CDR3,3.018,1,1
native_blind,7,110,136,PRO,L,95,TYR,CDR3,3.704,1,1
native_blind,7,110,136,PRO,H,104,TRP,CDR3,2.186,1,1
native_blind,7,110,136,PRO,L,90,TYR,CDR3,3.956,1,1
native_blind,7,110,136,PRO,L,91,SER,CDR3,3.297,1,1
native_blind,7,110,136,PRO,L,92,SER,CDR3,3.407,1,1
native_blind,7,111,137,ILE,H,104,TRP,CDR3,4.263,1,1
native_blind,7,112,138,SER,H,56,ASP,CDR2,4.687,0,1
native_blind,7,113,139,GLU,H,104,TRP,CDR3,3.792,1,1
native_blind,7,113,139,GLU,H,35,TYR,FR2,1.423,1,1
native_blind,7,113,139,GLU,H,98,TRP,CDR3,3.336,1,1
native_blind,7,113,139,GLU,L,93,TYR,CDR3,1.811,1,1
native_blind,7,113,139,GLU,L,95,TYR,CDR3,2.225,1,1
native_blind,7,113,139,GLU,H,33,ASN,CDR1,4.268,1,1
native_blind,7,113,139,GLU,H,50,ILE,CDR2,3.242,1,1
native_blind,7,114,140,SER,H,104,TRP,CDR3,2.325,1,1
native_blind,7,115,141,ALA,H,104,TRP,CDR3,4.927,0,1
native_blind,7,116,142,HIS,H,100,ILE,CDR3,4.546,0,1
native_blind,7,116,142,HIS,H,33,ASN,CDR1,3.135,1,1
native_blind,7,116,142,HIS,H,53,TYR,CDR2,2.197,1,1
native_blind,7,116,142,HIS,H,54,ASN,CDR2,4.94,0,1
native_blind,7,116,142,HIS,H,52,PRO,CDR2,4.672,0,1
native_blind,7,117,143,GLN,H,100,ILE,CDR3,2.552,1,1
native_blind,7,117,143,GLN,H,101,THR,CDR3,3.21,1,1
native_blind,7,117,143,GLN,H,104,TRP,CDR3,2.184,1,1
native_blind,7,117,143,GLN,H,98,TRP,CDR3,2.474,1,1
native_blind,7,117,143,GLN,H,99,GLU,CDR3,2.794,1,1
native_blind,7,117,143,GLN,H,103,PRO,CDR3,3.384,1,1
native_blind,7,117,143,GLN,H,102,ASP,CDR3,3.845,1,1
native_blind,7,118,144,ARG,H,100,ILE,CDR3,4.437,1,1
native_blind,7,119,145,PHE,H,53,TYR,CDR2,2.199,1,1
native_blind,7,120,146,LEU,H,31,ASP,CDR1,2.614,1,1
native_blind,7,120,146,LEU,H,100,ILE,CDR3,1.927,1,1
native_blind,7,120,146,LEU,H,30,THR,CDR1,3.631,1,1
native_blind,7,120,146,LEU,H,53,TYR,CDR2,3.552,1,1
native_blind,7,120,146,LEU,H,32,TYR,CDR1,4.048,1,1
native_blind,7,121,147,LEU,H,100,ILE,CDR3,4.96,0,1
native_blind,7,121,147,LEU,H,101,THR,CDR3,4.003,1,1
native_blind,7,121,147,LEU,H,102,ASP,CDR3,4.418,1,1
native_blind,7,123,149,ARG,H,31,ASP,CDR1,3.435,1,1
native_blind,7,123,149,ARG,H,53,TYR,CDR2,2.521,1,1
native_blind,7,123,149,ARG,H,30,THR,CDR1,1.932,1,1
native_blind,7,124,150,ARG,H,31,ASP,CDR1,4.095,1,1
native_blind,7,124,150,ARG,H,101,THR,CDR3,3.138,1,1
native_blind,7,124,150,ARG,H,32,TYR,CDR1,3.307,1,1
native_blind,7,127,153,LYS,H,31,ASP,CDR1,4.754,0,1
native_blind,7,127,153,LYS,H,28,SER,CDR1,4.679,0,1
native_blind,7,127,153,LYS,H,30,THR,CDR1,3.597,1,1
native_blind,8,66,92,LEU,H,101,THR,CDR3,3.047,1,1
native_blind,8,66,92,LEU,H,100,ILE,CDR3,3.873,1,1
native_blind,8,67,93,ASN,H,101,THR,CDR3,4.341,1,1
native_blind,8,67,93,ASN,H,31,ASP,CDR1,4.935,0,1
native_blind,8,68,94,THR,H,53,TYR,CDR2,4.714,0,1
native_blind,8,69,95,VAL,H,100,ILE,CDR3,4.838,0,1
native_blind,8,70,96,PHE,H,100,ILE,CDR3,1.986,1,1
native_blind,8,70,96,PHE,H,104,TRP,CDR3,4.773,0,1
native_blind,8,71,97,LYS,H,100,ILE,CDR3,1.837,1,1
native_blind,8,71,97,LYS,H,53,TYR,CDR2,3.094,1,1
native_blind,8,71,97,LYS,H,33,ASN,CDR1,4.113,1,1
native_blind,8,71,97,LYS,H,31,ASP,CDR1,0.596,1,1
native_blind,8,71,97,LYS,H,32,TYR,CDR1,2.302,1,1
native_blind,8,71,97,LYS,H,30,THR,CDR1,2.537,1,1
native_blind,8,72,98,ASN,H,53,TYR,CDR2,0.592,1,1
native_blind,8,72,98,ASN,H,100,ILE,CDR3,4.137,1,1
native_blind,8,72,98,ASN,H,54,ASN,CDR2,4.014,1,1
native_blind,8,72,98,ASN,H,30,THR,CDR1,4.641,0,1
native_blind,8,74,100,HIS,H,100,ILE,CDR3,3.293,1,1
native_blind,8,74,100,HIS,L,93,TYR,CDR3,3.598,1,1
native_blind,8,74,100,HIS,H,33,ASN,CDR1,4.061,1,1
native_blind,8,74,100,HIS,H,35,TYR,FR2,2.696,1,1
native_blind,8,74,100,HIS,H,98,TRP,CDR3,2.893,1,1
native_blind,8,74,100,HIS,H,104,TRP,CDR3,3.266,1,1
native_blind,8,74,100,HIS,H,50,ILE,CDR2,4.229,1,1
native_blind,8,74,100,HIS,L,95,TYR,CDR3,3.361,1,1
native_blind,8,75,101,SER,H,33,ASN,CDR1,4.498,1,1
native_blind,8,75,101,SER,H,50,ILE,CDR2,4.378,1,1
native_blind,8,75,101,SER,L,93,TYR,CDR3,4.988,0,1
native_blind,8,75,101,SER,H,52,PRO,CDR2,4.047,1,1
native_blind,8,75,101,SER,H,56,ASP,CDR2,4.364,1,1
native_blind,8,75,101,SER,H,54,ASN,CDR2,4.268,1,1
native_blind,8,76,102,LYS,H,56,ASP,CDR2,2.403,1,1
native_blind,8,76,102,LYS,H,54,ASN,CDR2,4.448,1,1
native_blind,8,78,104,ALA,L,93,TYR,CDR3,2.023,1,1
native_blind,8,79,105,LYS,L,93,TYR,CDR3,4.598,0,1
native_blind,8,81,107,LYS,L,91,SER,CDR3,4.919,0,1
native_blind,8,81,107,LYS,L,92,SER,CDR3,4.755,0,1
native_blind,8,81,107,LYS,L,93,TYR,CDR3,2.842,1,1
native_blind,8,81,107,LYS,L,94,PRO,CDR3,4.45,1,1
native_blind,8,82,108,VAL,L,91,SER,CDR3,4.799,0,1
native_blind,8,83,109,LEU,L,91,SER,CDR3,3.268,1,1
native_blind,8,83,109,LEU,L,90,TYR,CDR3,2.439,1,1
native_blind,8,83,109,LEU,L,92,SER,CDR3,4.382,1,1
native_blind,8,83,109,LEU,L,95,TYR,CDR3,2.743,1,1
native_blind,8,83,109,LEU,H,104,TRP,CDR3,4.106,1,1
native_blind,8,84,110,ARG,L,90,TYR,CDR3,4.968,0,1
native_blind,8,84,110,ARG,L,91,SER,CDR3,3.368,1,1
native_blind,8,84,110,ARG,L,50,TRP,CDR2,4.837,0,1
native_blind,8,84,110,ARG,L,29,VAL,CDR1,3.837,1,1
native_blind,8,84,110,ARG,L,30,GLY,CDR1,3.15,1,1
native_blind,8,84,110,ARG,L,28,ASP,CDR1,3.092,1,1
native_blind,8,84,110,ARG,L,31,THR,CDR1,4.891,0,1
native_blind,8,86,112,PHE,H,104,TRP,CDR3,2.638,1,1
native_blind,8,86,112,PHE,H,100,ILE,CDR3,4.664,0,1
native_blind,8,87,113,SER,H,104,TRP,CDR3,3.003,1,1
native_blind,8,87,113,SER,L,50,TRP,CDR2,1.985,1,1
native_blind,8,87,113,SER,L,90,TYR,CDR3,4.189,1,1
native_blind,8,88,114,THR,L,50,TRP,CDR2,3.654,1,1
native_blind,8,90,116,ALA,H,100,ILE,CDR3,3.646,1,1
native_blind,8,90,116,ALA,H,104,TRP,CDR3,2.952,1,1
native_blind,8,91,117,ASN,L,50,TRP,CDR2,3.0,1,1
native_blind,8,91,117,ASN,L,53,ARG,FR3,2.147,1,1
native_blind,8,91,117,ASN,L,49,TYR,FR2,4.527,0,1
native_blind,8,94,120,ILE,H,102,ASP,CDR3,2.408,1,1
native_blind,8,94,120,ILE,L,53,ARG,FR3,4.508,0,1
native_blind,8,94,120,ILE,H,101,THR,CDR3,3.067,1,1
native_blind,8,94,120,ILE,H,100,ILE,CDR3,4.728,0,1
native_blind,8,95,121,VAL,L,53,ARG,FR3,2.616,1,1
native_blind,9,44,70,GLN,H,102,ASP,CDR3,3.593,1,1
native_blind,9,44,70,GLN,H,104,TRP,CDR3,4.37,1,1
native_blind,9,47,73,ARG,H,102,ASP,CDR3,3.253,1,1
native_blind,9,47,73,ARG,L,53,ARG,FR3,4.144,1,1
native_blind,9,56,82,TYR,H,53,TYR,CDR2,4.895,0,1
native_blind,9,60,86,SER,H,53,TYR,CDR2,4.742,0,1
native_blind,9,106,132,ASN,H,58,SER,FR3,3.035,1,1
native_blind,9,106,132,ASN,L,93,TYR,CDR3,4.682,0,1
native_blind,9,106,132,ASN,H,59,TYR,FR3,4.038,1,1
native_blind,9,106,132,ASN,H,64,LYS,FR3,3.558,1,1
native_blind,9,106,132,ASN,H,57,THR,CDR2,4.908,0,1
native_blind,9,109,135,LEU,L,93,TYR,CDR3,2.769,1,1
native_blind,9,109,135,LEU,H,58,SER,FR3,1.815,1,1
native_blind,9,109,135,LEU,H,50,ILE,CDR2,3.911,1,1
native_blind,9,109,135,LEU,H,57,THR,CDR2,4.602,0,1
native_blind,9,109,135,LEU,H,59,TYR,FR3,4.958,0,1
native_blind,9,110,136,PRO,L,93,TYR,CDR3,2.343,1,1
native_blind,9,110,136,PRO,L,95,TYR,CDR3,4.016,1,1
native_blind,9,110,136,PRO,L,91,SER,CDR3,4.744,0,1
native_blind,9,110,136,PRO,L,92,SER,CDR3,3.651,1,1
native_blind,9,112,138,SER,H,53,TYR,CDR2,4.243,1,1
native_blind,9,113,139,GLU,L,93,TYR,CDR3,3.052,1,1
native_blind,9,113,139,GLU,H,98,TRP,CDR3,4.866,0,1
native_blind,9,113,139,GLU,H,104,TRP,CDR3,4.679,0,1
native_blind,9,113,139,GLU,H,35,TYR,FR2,3.619,1,1
native_blind,9,113,139,GLU,H,50,ILE,CDR2,3.09,1,1
native_blind,9,113,139,GLU,L,95,TYR,CDR3,4.683,0,1
native_blind,9,113,139,GLU,H,33,ASN,CDR1,2.195,1,1
native_blind,9,113,139,GLU,H,52,PRO,CDR2,2.899,1,1
native_blind,9,113,139,GLU,H,53,TYR,CDR2,3.927,1,1
native_blind,9,114,140,SER,H,104,TRP,CDR3,3.208,1,1
native_blind,9,116,142,HIS,H,53,TYR,CDR2,2.696,1,1
native_blind,9,116,142,HIS,H,33,ASN,CDR1,3.512,1,1
native_blind,9,117,143,GLN,H,104,TRP,CDR3,3.015,1,1
native_blind,9,117,143,GLN,H,100,ILE,CDR3,3.518,1,1
native_blind,9,117,143,GLN,H,98,TRP,CDR3,2.617,1,1
native_blind,9,117,143,GLN,H,99,GLU,CDR3,3.445,1,1
native_blind,9,117,143,GLN,H,33,ASN,CDR1,2.982,1,1
native_blind,9,118,144,ARG,H,104,TRP,CDR3,3.216,1,1
native_blind,9,118,144,ARG,L,50,TRP,CDR2,4.951,0,1
native_blind,9,120,146,LEU,H,100,ILE,CDR3,3.037,1,1
native_blind,9,120,146,LEU,H,31,ASP,CDR1,2.567,1,1
native_blind,9,120,146,LEU,H,32,TYR,CDR1,4.339,1,1
native_blind,9,120,146,LEU,H,30,THR,CDR1,4.766,0,1
native_blind,9,121,147,LEU,H,100,ILE,CDR3,2.728,1,1
native_blind,9,121,147,LEU,H,101,THR,CDR3,3.359,1,1
native_blind,9,121,147,LEU,H,102,ASP,CDR3,4.299,1,1
native_blind,9,121,147,LEU,H,104,TRP,CDR3,4.554,0,1
native_blind,9,123,149,ARG,H,31,ASP,CDR1,2.945,1,1
native_blind,9,123,149,ARG,H,30,THR,CDR1,3.62,1,1
native_blind,9,124,150,ARG,H,100,ILE,CDR3,1.813,1,1
native_blind,9,124,150,ARG,H,32,TYR,CDR1,2.34,1,1
native_blind,9,124,150,ARG,H,101,THR,CDR3,3.813,1,1
