construct,condition,seed,source_path,status,failure_reason,antibody_chain,region,paratope_residues_4p5,participates_4p5,local_residues,remote_source_path,server_source_path,source_inventory_path,source_condition,raw_validation_status,saved_comparison_status,evidence_level
Native155,empty,1,D:\IL-24(teeth）\phase2_release\results\full181_supplement\server_baseline_snapshot\results\12_complex_prediction\formal\native_blind_seed1\boltz_results_native_blind\predictions\native_blind\native_blind_model_0.pdb,complete,,H,FR1,0,0,,/home/xinlab/home/ws/phase2/results/12_complex_prediction/formal/native_blind_seed1/boltz_results_native_blind/predictions/native_blind/native_blind_model_0.pdb,/home/xinlab/home/ws/phase2/results/12_complex_prediction/formal/native_blind_seed1/boltz_results_native_blind/predictions/native_blind/native_blind_model_0.pdb,D:\IL-24(teeth）\phase2_release\results\full181_supplement\server_baseline_snapshot\server_source_inventory.json,formal,passed,matched_at_saved_precision,recomputed_server_original_unrelaxed_PDB
Native155,empty,1,D:\IL-24(teeth）\phase2_release\results\full181_supplement\server_baseline_snapshot\results\12_complex_prediction\formal\native_blind_seed1\boltz_results_native_blind\predictions\native_blind\native_blind_model_0.pdb,complete,,H,CDR1,4,1,30;31;32;33,/home/xinlab/home/ws/phase2/results/12_complex_prediction/formal/native_blind_seed1/boltz_results_native_blind/predictions/native_blind/native_blind_model_0.pdb,/home/xinlab/home/ws/phase2/results/12_complex_prediction/formal/native_blind_seed1/boltz_results_native_blind/predictions/native_blind/native_blind_model_0.pdb,D:\IL-24(teeth）\phase2_release\results\full181_supplement\server_baseline_snapshot\server_source_inventory.json,formal,passed,matched_at_saved_precision,recomputed_server_original_unrelaxed_PDB
Native155,empty,1,D:\IL-24(teeth）\phase2_release\results\full181_supplement\server_baseline_snapshot\results\12_complex_prediction\formal\native_blind_seed1\boltz_results_native_blind\predictions\native_blind\native_blind_model_0.pdb,complete,,H,FR2,1,1,35,/home/xinlab/home/ws/phase2/results/12_complex_prediction/formal/native_blind_seed1/boltz_results_native_blind/predictions/native_blind/native_blind_model_0.pdb,/home/xinlab/home/ws/phase2/results/12_complex_prediction/formal/native_blind_seed1/boltz_results_native_blind/predictions/native_blind/native_blind_model_0.pdb,D:\IL-24(teeth）\phase2_release\results\full181_supplement\server_baseline_snapshot\server_source_inventory.json,formal,passed,matched_at_saved_precision,recomputed_server_original_unrelaxed_PDB
Native155,empty,1,D:\IL-24(teeth）\phase2_release\results\full181_supplement\server_baseline_snapshot\results\12_complex_prediction\formal\native_blind_seed1\boltz_results_native_blind\predictions\native_blind\native_blind_model_0.pdb,complete,,H,CDR2,3,1,53;54;56,/home/xinlab/home/ws/phase2/results/12_complex_prediction/formal/native_blind_seed1/boltz_results_native_blind/predictions/native_blind/native_blind_model_0.pdb,/home/xinlab/home/ws/phase2/results/12_complex_prediction/formal/native_blind_seed1/boltz_results_native_blind/predictions/native_blind/native_blind_model_0.pdb,D:\IL-24(teeth）\phase2_release\results\full181_supplement\server_baseline_snapshot\server_source_inventory.json,formal,passed,matched_at_saved_precision,recomputed_server_original_unrelaxed_PDB
Native155,empty,1,D:\IL-24(teeth）\phase2_release\results\full181_supplement\server_baseline_snapshot\results\12_complex_prediction\formal\native_blind_seed1\boltz_results_native_blind\predictions\native_blind\native_blind_model_0.pdb,complete,,H,FR3,0,0,,/home/xinlab/home/ws/phase2/results/12_complex_prediction/formal/native_blind_seed1/boltz_results_native_blind/predictions/native_blind/native_blind_model_0.pdb,/home/xinlab/home/ws/phase2/results/12_complex_prediction/formal/native_blind_seed1/boltz_results_native_blind/predictions/native_blind/native_blind_model_0.pdb,D:\IL-24(teeth）\phase2_release\results\full181_supplement\server_baseline_snapshot\server_source_inventory.json,formal,passed,matched_at_saved_precision,recomputed_server_original_unrelaxed_PDB
Native155,empty,1,D:\IL-24(teeth）\phase2_release\results\full181_supplement\server_baseline_snapshot\results\12_complex_prediction\formal\native_blind_seed1\boltz_results_native_blind\predictions\native_blind\native_blind_model_0.pdb,complete,,H,CDR3,7,1,98;99;100;101;102;103;104,/home/xinlab/home/ws/phase2/results/12_complex_prediction/formal/native_blind_seed1/boltz_results_native_blind/predictions/native_blind/native_blind_model_0.pdb,/home/xinlab/home/ws/phase2/results/12_complex_prediction/formal/native_blind_seed1/boltz_results_native_blind/predictions/native_blind/native_blind_model_0.pdb,D:\IL-24(teeth）\phase2_release\results\full181_supplement\server_baseline_snapshot\server_source_inventory.json,formal,passed,matched_at_saved_precision,recomputed_server_original_unrelaxed_PDB
Native155,empty,1,D:\IL-24(teeth）\phase2_release\results\full181_supplement\server_baseline_snapshot\results\12_complex_prediction\formal\native_blind_seed1\boltz_results_native_blind\predictions\native_blind\native_blind_model_0.pdb,complete,,H,FR4,0,0,,/home/xinlab/home/ws/phase2/results/12_complex_prediction/formal/native_blind_seed1/boltz_results_native_blind/predictions/native_blind/native_blind_model_0.pdb,/home/xinlab/home/ws/phase2/results/12_complex_prediction/formal/native_blind_seed1/boltz_results_native_blind/predictions/native_blind/native_blind_model_0.pdb,D:\IL-24(teeth）\phase2_release\results\full181_supplement\server_baseline_snapshot\server_source_inventory.json,formal,passed,matched_at_saved_precision,recomputed_server_original_unrelaxed_PDB
Native155,empty,1,D:\IL-24(teeth）\phase2_release\results\full181_supplement\server_baseline_snapshot\results\12_complex_prediction\formal\native_blind_seed1\boltz_results_native_blind\predictions\native_blind\native_blind_model_0.pdb,complete,,L,FR1,0,0,,/home/xinlab/home/ws/phase2/results/12_complex_prediction/formal/native_blind_seed1/boltz_results_native_blind/predictions/native_blind/native_blind_model_0.pdb,/home/xinlab/home/ws/phase2/results/12_complex_prediction/formal/native_blind_seed1/boltz_results_native_blind/predictions/native_blind/native_blind_model_0.pdb,D:\IL-24(teeth）\phase2_release\results\full181_supplement\server_baseline_snapshot\server_source_inventory.json,formal,passed,matched_at_saved_precision,recomputed_server_original_unrelaxed_PDB
Native155,empty,1,D:\IL-24(teeth）\phase2_release\results\full181_supplement\server_baseline_snapshot\results\12_complex_prediction\formal\native_blind_seed1\boltz_results_native_blind\predictions\native_blind\native_blind_model_0.pdb,complete,,L,CDR1,2,1,29;32,/home/xinlab/home/ws/phase2/results/12_complex_prediction/formal/native_blind_seed1/boltz_results_native_blind/predictions/native_blind/native_blind_model_0.pdb,/home/xinlab/home/ws/phase2/results/12_complex_prediction/formal/native_blind_seed1/boltz_results_native_blind/predictions/native_blind/native_blind_model_0.pdb,D:\IL-24(teeth）\phase2_release\results\full181_supplement\server_baseline_snapshot\server_source_inventory.json,formal,passed,matched_at_saved_precision,recomputed_server_original_unrelaxed_PDB
Native155,empty,1,D:\IL-24(teeth）\phase2_release\results\full181_supplement\server_baseline_snapshot\results\12_complex_prediction\formal\native_blind_seed1\boltz_results_native_blind\predictions\native_blind\native_blind_model_0.pdb,complete,,L,FR2,1,1,33,/home/xinlab/home/ws/phase2/results/12_complex_prediction/formal/native_blind_seed1/boltz_results_native_blind/predictions/native_blind/native_blind_model_0.pdb,/home/xinlab/home/ws/phase2/results/12_complex_prediction/formal/native_blind_seed1/boltz_results_native_blind/predictions/native_blind/native_blind_model_0.pdb,D:\IL-24(teeth）\phase2_release\results\full181_supplement\server_baseline_snapshot\server_source_inventory.json,formal,passed,matched_at_saved_precision,recomputed_server_original_unrelaxed_PDB
Native155,empty,1,D:\IL-24(teeth）\phase2_release\results\full181_supplement\server_baseline_snapshot\results\12_complex_prediction\formal\native_blind_seed1\boltz_results_native_blind\predictions\native_blind\native_blind_model_0.pdb,complete,,L,CDR2,1,1,50,/home/xinlab/home/ws/phase2/results/12_complex_prediction/formal/native_blind_seed1/boltz_results_native_blind/predictions/native_blind/native_blind_model_0.pdb,/home/xinlab/home/ws/phase2/results/12_complex_prediction/formal/native_blind_seed1/boltz_results_native_blind/predictions/native_blind/native_blind_model_0.pdb,D:\IL-24(teeth）\phase2_release\results\full181_supplement\server_baseline_snapshot\server_source_inventory.json,formal,passed,matched_at_saved_precision,recomputed_server_original_unrelaxed_PDB
Native155,empty,1,D:\IL-24(teeth）\phase2_release\results\full181_supplement\server_baseline_snapshot\results\12_complex_prediction\formal\native_blind_seed1\boltz_results_native_blind\predictions\native_blind\native_blind_model_0.pdb,complete,,L,FR3,1,1,53,/home/xinlab/home/ws/phase2/results/12_complex_prediction/formal/native_blind_seed1/boltz_results_native_blind/predictions/native_blind/native_blind_model_0.pdb,/home/xinlab/home/ws/phase2/results/12_complex_prediction/formal/native_blind_seed1/boltz_results_native_blind/predictions/native_blind/native_blind_model_0.pdb,D:\IL-24(teeth）\phase2_release\results\full181_supplement\server_baseline_snapshot\server_source_inventory.json,formal,passed,matched_at_saved_precision,recomputed_server_original_unrelaxed_PDB
Native155,empty,1,D:\IL-24(teeth）\phase2_release\results\full181_supplement\server_baseline_snapshot\results\12_complex_prediction\formal\native_blind_seed1\boltz_results_native_blind\predictions\native_blind\native_blind_model_0.pdb,complete,,L,CDR3,4,1,90;91;93;95,/home/xinlab/home/ws/phase2/results/12_complex_prediction/formal/native_blind_seed1/boltz_results_native_blind/predictions/native_blind/native_blind_model_0.pdb,/home/xinlab/home/ws/phase2/results/12_complex_prediction/formal/native_blind_seed1/boltz_results_native_blind/predictions/native_blind/native_blind_model_0.pdb,D:\IL-24(teeth）\phase2_release\results\full181_supplement\server_baseline_snapshot\server_source_inventory.json,formal,passed,matched_at_saved_precision,recomputed_server_original_unrelaxed_PDB
Native155,empty,1,D:\IL-24(teeth）\phase2_release\results\full181_supplement\server_baseline_snapshot\results\12_complex_prediction\formal\native_blind_seed1\boltz_results_native_blind\predictions\native_blind\native_blind_model_0.pdb,complete,,L,FR4,0,0,,/home/xinlab/home/ws/phase2/results/12_complex_prediction/formal/native_blind_seed1/boltz_results_native_blind/predictions/native_blind/native_blind_model_0.pdb,/home/xinlab/home/ws/phase2/results/12_complex_prediction/formal/native_blind_seed1/boltz_results_native_blind/predictions/native_blind/native_blind_model_0.pdb,D:\IL-24(teeth）\phase2_release\results\full181_supplement\server_baseline_snapshot\server_source_inventory.json,formal,passed,matched_at_saved_precision,recomputed_server_original_unrelaxed_PDB
Native155,empty,2,D:\IL-24(teeth）\phase2_release\results\full181_supplement\server_baseline_snapshot\results\12_complex_prediction\formal\native_blind_seed2\boltz_results_native_blind\predictions\native_blind\native_blind_model_0.pdb,complete,,H,FR1,0,0,,/home/xinlab/home/ws/phase2/results/12_complex_prediction/formal/native_blind_seed2/boltz_results_native_blind/predictions/native_blind/native_blind_model_0.pdb,/home/xinlab/home/ws/phase2/results/12_complex_prediction/formal/native_blind_seed2/boltz_results_native_blind/predictions/native_blind/native_blind_model_0.pdb,D:\IL-24(teeth）\phase2_release\results\full181_supplement\server_baseline_snapshot\server_source_inventory.json,formal,passed,matched_at_saved_precision,recomputed_server_original_unrelaxed_PDB
Native155,empty,2,D:\IL-24(teeth）\phase2_release\results\full181_supplement\server_baseline_snapshot\results\12_complex_prediction\formal\native_blind_seed2\boltz_results_native_blind\predictions\native_blind\native_blind_model_0.pdb,complete,,H,CDR1,3,1,31;32;33,/home/xinlab/home/ws/phase2/results/12_complex_prediction/formal/native_blind_seed2/boltz_results_native_blind/predictions/native_blind/native_blind_model_0.pdb,/home/xinlab/home/ws/phase2/results/12_complex_prediction/formal/native_blind_seed2/boltz_results_native_blind/predictions/native_blind/native_blind_model_0.pdb,D:\IL-24(teeth）\phase2_release\results\full181_supplement\server_baseline_snapshot\server_source_inventory.json,formal,passed,matched_at_saved_precision,recomputed_server_original_unrelaxed_PDB
Native155,empty,2,D:\IL-24(teeth）\phase2_release\results\full181_supplement\server_baseline_snapshot\results\12_complex_prediction\formal\native_blind_seed2\boltz_results_native_blind\predictions\native_blind\native_blind_model_0.pdb,complete,,H,FR2,1,1,35,/home/xinlab/home/ws/phase2/results/12_complex_prediction/formal/native_blind_seed2/boltz_results_native_blind/predictions/native_blind/native_blind_model_0.pdb,/home/xinlab/home/ws/phase2/results/12_complex_prediction/formal/native_blind_seed2/boltz_results_native_blind/predictions/native_blind/native_blind_model_0.pdb,D:\IL-24(teeth）\phase2_release\results\full181_supplement\server_baseline_snapshot\server_source_inventory.json,formal,passed,matched_at_saved_precision,recomputed_server_original_unrelaxed_PDB
Native155,empty,2,D:\IL-24(teeth）\phase2_release\results\full181_supplement\server_baseline_snapshot\results\12_complex_prediction\formal\native_blind_seed2\boltz_results_native_blind\predictions\native_blind\native_blind_model_0.pdb,complete,,H,CDR2,4,1,50;53;54;56,/home/xinlab/home/ws/phase2/results/12_complex_prediction/formal/native_blind_seed2/boltz_results_native_blind/predictions/native_blind/native_blind_model_0.pdb,/home/xinlab/home/ws/phase2/results/12_complex_prediction/formal/native_blind_seed2/boltz_results_native_blind/predictions/native_blind/native_blind_model_0.pdb,D:\IL-24(teeth）\phase2_release\results\full181_supplement\server_baseline_snapshot\server_source_inventory.json,formal,passed,matched_at_saved_precision,recomputed_server_original_unrelaxed_PDB
Native155,empty,2,D:\IL-24(teeth）\phase2_release\results\full181_supplement\server_baseline_snapshot\results\12_complex_prediction\formal\native_blind_seed2\boltz_results_native_blind\predictions\native_blind\native_blind_model_0.pdb,complete,,H,FR3,1,1,58,/home/xinlab/home/ws/phase2/results/12_complex_prediction/formal/native_blind_seed2/boltz_results_native_blind/predictions/native_blind/native_blind_model_0.pdb,/home/xinlab/home/ws/phase2/results/12_complex_prediction/formal/native_blind_seed2/boltz_results_native_blind/predictions/native_blind/native_blind_model_0.pdb,D:\IL-24(teeth）\phase2_release\results\full181_supplement\server_baseline_snapshot\server_source_inventory.json,formal,passed,matched_at_saved_precision,recomputed_server_original_unrelaxed_PDB
Native155,empty,2,D:\IL-24(teeth）\phase2_release\results\full181_supplement\server_baseline_snapshot\results\12_complex_prediction\formal\native_blind_seed2\boltz_results_native_blind\predictions\native_blind\native_blind_model_0.pdb,complete,,H,CDR3,6,1,98;100;101;102;103;104,/home/xinlab/home/ws/phase2/results/12_complex_prediction/formal/native_blind_seed2/boltz_results_native_blind/predictions/native_blind/native_blind_model_0.pdb,/home/xinlab/home/ws/phase2/results/12_complex_prediction/formal/native_blind_seed2/boltz_results_native_blind/predictions/native_blind/native_blind_model_0.pdb,D:\IL-24(teeth）\phase2_release\results\full181_supplement\server_baseline_snapshot\server_source_inventory.json,formal,passed,matched_at_saved_precision,recomputed_server_original_unrelaxed_PDB
Native155,empty,2,D:\IL-24(teeth）\phase2_release\results\full181_supplement\server_baseline_snapshot\results\12_complex_prediction\formal\native_blind_seed2\boltz_results_native_blind\predictions\native_blind\native_blind_model_0.pdb,complete,,H,FR4,0,0,,/home/xinlab/home/ws/phase2/results/12_complex_prediction/formal/native_blind_seed2/boltz_results_native_blind/predictions/native_blind/native_blind_model_0.pdb,/home/xinlab/home/ws/phase2/results/12_complex_prediction/formal/native_blind_seed2/boltz_results_native_blind/predictions/native_blind/native_blind_model_0.pdb,D:\IL-24(teeth）\phase2_release\results\full181_supplement\server_baseline_snapshot\server_source_inventory.json,formal,passed,matched_at_saved_precision,recomputed_server_original_unrelaxed_PDB
Native155,empty,2,D:\IL-24(teeth）\phase2_release\results\full181_supplement\server_baseline_snapshot\results\12_complex_prediction\formal\native_blind_seed2\boltz_results_native_blind\predictions\native_blind\native_blind_model_0.pdb,complete,,L,FR1,1,1,2,/home/xinlab/home/ws/phase2/results/12_complex_prediction/formal/native_blind_seed2/boltz_results_native_blind/predictions/native_blind/native_blind_model_0.pdb,/home/xinlab/home/ws/phase2/results/12_complex_prediction/formal/native_blind_seed2/boltz_results_native_blind/predictions/native_blind/native_blind_model_0.pdb,D:\IL-24(teeth）\phase2_release\results\full181_supplement\server_baseline_snapshot\server_source_inventory.json,formal,passed,matched_at_saved_precision,recomputed_server_original_unrelaxed_PDB
Native155,empty,2,D:\IL-24(teeth）\phase2_release\results\full181_supplement\server_baseline_snapshot\results\12_complex_prediction\formal\native_blind_seed2\boltz_results_native_blind\predictions\native_blind\native_blind_model_0.pdb,complete,,L,CDR1,4,1,28;29;30;31,/home/xinlab/home/ws/phase2/results/12_complex_prediction/formal/native_blind_seed2/boltz_results_native_blind/predictions/native_blind/native_blind_model_0.pdb,/home/xinlab/home/ws/phase2/results/12_complex_prediction/formal/native_blind_seed2/boltz_results_native_blind/predictions/native_blind/native_blind_model_0.pdb,D:\IL-24(teeth）\phase2_release\results\full181_supplement\server_baseline_snapshot\server_source_inventory.json,formal,passed,matched_at_saved_precision,recomputed_server_original_unrelaxed_PDB
Native155,empty,2,D:\IL-24(teeth）\phase2_release\results\full181_supplement\server_baseline_snapshot\results\12_complex_prediction\formal\native_blind_seed2\boltz_results_native_blind\predictions\native_blind\native_blind_model_0.pdb,complete,,L,FR2,1,1,49,/home/xinlab/home/ws/phase2/results/12_complex_prediction/formal/native_blind_seed2/boltz_results_native_blind/predictions/native_blind/native_blind_model_0.pdb,/home/xinlab/home/ws/phase2/results/12_complex_prediction/formal/native_blind_seed2/boltz_results_native_blind/predictions/native_blind/native_blind_model_0.pdb,D:\IL-24(teeth）\phase2_release\results\full181_supplement\server_baseline_snapshot\server_source_inventory.json,formal,passed,matched_at_saved_precision,recomputed_server_original_unrelaxed_PDB
Native155,empty,2,D:\IL-24(teeth）\phase2_release\results\full181_supplement\server_baseline_snapshot\results\12_complex_prediction\formal\native_blind_seed2\boltz_results_native_blind\predictions\native_blind\native_blind_model_0.pdb,complete,,L,CDR2,1,1,50,/home/xinlab/home/ws/phase2/results/12_complex_prediction/formal/native_blind_seed2/boltz_results_native_blind/predictions/native_blind/native_blind_model_0.pdb,/home/xinlab/home/ws/phase2/results/12_complex_prediction/formal/native_blind_seed2/boltz_results_native_blind/predictions/native_blind/native_blind_model_0.pdb,D:\IL-24(teeth）\phase2_release\results\full181_supplement\server_baseline_snapshot\server_source_inventory.json,formal,passed,matched_at_saved_precision,recomputed_server_original_unrelaxed_PDB
Native155,empty,2,D:\IL-24(teeth）\phase2_release\results\full181_supplement\server_baseline_snapshot\results\12_complex_prediction\formal\native_blind_seed2\boltz_results_native_blind\predictions\native_blind\native_blind_model_0.pdb,complete,,L,FR3,1,1,53,/home/xinlab/home/ws/phase2/results/12_complex_prediction/formal/native_blind_seed2/boltz_results_native_blind/predictions/native_blind/native_blind_model_0.pdb,/home/xinlab/home/ws/phase2/results/12_complex_prediction/formal/native_blind_seed2/boltz_results_native_blind/predictions/native_blind/native_blind_model_0.pdb,D:\IL-24(teeth）\phase2_release\results\full181_supplement\server_baseline_snapshot\server_source_inventory.json,formal,passed,matched_at_saved_precision,recomputed_server_original_unrelaxed_PDB
Native155,empty,2,D:\IL-24(teeth）\phase2_release\results\full181_supplement\server_baseline_snapshot\results\12_complex_prediction\formal\native_blind_seed2\boltz_results_native_blind\predictions\native_blind\native_blind_model_0.pdb,complete,,L,CDR3,5,1,90;91;92;93;95,/home/xinlab/home/ws/phase2/results/12_complex_prediction/formal/native_blind_seed2/boltz_results_native_blind/predictions/native_blind/native_blind_model_0.pdb,/home/xinlab/home/ws/phase2/results/12_complex_prediction/formal/native_blind_seed2/boltz_results_native_blind/predictions/native_blind/native_blind_model_0.pdb,D:\IL-24(teeth）\phase2_release\results\full181_supplement\server_baseline_snapshot\server_source_inventory.json,formal,passed,matched_at_saved_precision,recomputed_server_original_unrelaxed_PDB
Native155,empty,2,D:\IL-24(teeth）\phase2_release\results\full181_supplement\server_baseline_snapshot\results\12_complex_prediction\formal\native_blind_seed2\boltz_results_native_blind\predictions\native_blind\native_blind_model_0.pdb,complete,,L,FR4,0,0,,/home/xinlab/home/ws/phase2/results/12_complex_prediction/formal/native_blind_seed2/boltz_results_native_blind/predictions/native_blind/native_blind_model_0.pdb,/home/xinlab/home/ws/phase2/results/12_complex_prediction/formal/native_blind_seed2/boltz_results_native_blind/predictions/native_blind/native_blind_model_0.pdb,D:\IL-24(teeth）\phase2_release\results\full181_supplement\server_baseline_snapshot\server_source_inventory.json,formal,passed,matched_at_saved_precision,recomputed_server_original_unrelaxed_PDB
Native155,empty,3,D:\IL-24(teeth）\phase2_release\results\full181_supplement\server_baseline_snapshot\results\12_complex_prediction\formal\native_blind_seed3\boltz_results_native_blind\predictions\native_blind\native_blind_model_0.pdb,complete,,H,FR1,0,0,,/home/xinlab/home/ws/phase2/results/12_complex_prediction/formal/native_blind_seed3/boltz_results_native_blind/predictions/native_blind/native_blind_model_0.pdb,/home/xinlab/home/ws/phase2/results/12_complex_prediction/formal/native_blind_seed3/boltz_results_native_blind/predictions/native_blind/native_blind_model_0.pdb,D:\IL-24(teeth）\phase2_release\results\full181_supplement\server_baseline_snapshot\server_source_inventory.json,formal,passed,matched_at_saved_precision,recomputed_server_original_unrelaxed_PDB
Native155,empty,3,D:\IL-24(teeth）\phase2_release\results\full181_supplement\server_baseline_snapshot\results\12_complex_prediction\formal\native_blind_seed3\boltz_results_native_blind\predictions\native_blind\native_blind_model_0.pdb,complete,,H,CDR1,3,1,30;31;33,/home/xinlab/home/ws/phase2/results/12_complex_prediction/formal/native_blind_seed3/boltz_results_native_blind/predictions/native_blind/native_blind_model_0.pdb,/home/xinlab/home/ws/phase2/results/12_complex_prediction/formal/native_blind_seed3/boltz_results_native_blind/predictions/native_blind/native_blind_model_0.pdb,D:\IL-24(teeth）\phase2_release\results\full181_supplement\server_baseline_snapshot\server_source_inventory.json,formal,passed,matched_at_saved_precision,recomputed_server_original_unrelaxed_PDB
Native155,empty,3,D:\IL-24(teeth）\phase2_release\results\full181_supplement\server_baseline_snapshot\results\12_complex_prediction\formal\native_blind_seed3\boltz_results_native_blind\predictions\native_blind\native_blind_model_0.pdb,complete,,H,FR2,1,1,35,/home/xinlab/home/ws/phase2/results/12_complex_prediction/formal/native_blind_seed3/boltz_results_native_blind/predictions/native_blind/native_blind_model_0.pdb,/home/xinlab/home/ws/phase2/results/12_complex_prediction/formal/native_blind_seed3/boltz_results_native_blind/predictions/native_blind/native_blind_model_0.pdb,D:\IL-24(teeth）\phase2_release\results\full181_supplement\server_baseline_snapshot\server_source_inventory.json,formal,passed,matched_at_saved_precision,recomputed_server_original_unrelaxed_PDB
Native155,empty,3,D:\IL-24(teeth）\phase2_release\results\full181_supplement\server_baseline_snapshot\results\12_complex_prediction\formal\native_blind_seed3\boltz_results_native_blind\predictions\native_blind\native_blind_model_0.pdb,complete,,H,CDR2,6,1,50;51;53;54;56;57,/home/xinlab/home/ws/phase2/results/12_complex_prediction/formal/native_blind_seed3/boltz_results_native_blind/predictions/native_blind/native_blind_model_0.pdb,/home/xinlab/home/ws/phase2/results/12_complex_prediction/formal/native_blind_seed3/boltz_results_native_blind/predictions/native_blind/native_blind_model_0.pdb,D:\IL-24(teeth）\phase2_release\results\full181_supplement\server_baseline_snapshot\server_source_inventory.json,formal,passed,matched_at_saved_precision,recomputed_server_original_unrelaxed_PDB
Native155,empty,3,D:\IL-24(teeth）\phase2_release\results\full181_supplement\server_baseline_snapshot\results\12_complex_prediction\formal\native_blind_seed3\boltz_results_native_blind\predictions\native_blind\native_blind_model_0.pdb,complete,,H,FR3,4,1,58;59;61;64,/home/xinlab/home/ws/phase2/results/12_complex_prediction/formal/native_blind_seed3/boltz_results_native_blind/predictions/native_blind/native_blind_model_0.pdb,/home/xinlab/home/ws/phase2/results/12_complex_prediction/formal/native_blind_seed3/boltz_results_native_blind/predictions/native_blind/native_blind_model_0.pdb,D:\IL-24(teeth）\phase2_release\results\full181_supplement\server_baseline_snapshot\server_source_inventory.json,formal,passed,matched_at_saved_precision,recomputed_server_original_unrelaxed_PDB
Native155,empty,3,D:\IL-24(teeth）\phase2_release\results\full181_supplement\server_baseline_snapshot\results\12_complex_prediction\formal\native_blind_seed3\boltz_results_native_blind\predictions\native_blind\native_blind_model_0.pdb,complete,,H,CDR3,5,1,98;100;101;102;104,/home/xinlab/home/ws/phase2/results/12_complex_prediction/formal/native_blind_seed3/boltz_results_native_blind/predictions/native_blind/native_blind_model_0.pdb,/home/xinlab/home/ws/phase2/results/12_complex_prediction/formal/native_blind_seed3/boltz_results_native_blind/predictions/native_blind/native_blind_model_0.pdb,D:\IL-24(teeth）\phase2_release\results\full181_supplement\server_baseline_snapshot\server_source_inventory.json,formal,passed,matched_at_saved_precision,recomputed_server_original_unrelaxed_PDB
Native155,empty,3,D:\IL-24(teeth）\phase2_release\results\full181_supplement\server_baseline_snapshot\results\12_complex_prediction\formal\native_blind_seed3\boltz_results_native_blind\predictions\native_blind\native_blind_model_0.pdb,complete,,H,FR4,0,0,,/home/xinlab/home/ws/phase2/results/12_complex_prediction/formal/native_blind_seed3/boltz_results_native_blind/predictions/native_blind/native_blind_model_0.pdb,/home/xinlab/home/ws/phase2/results/12_complex_prediction/formal/native_blind_seed3/boltz_results_native_blind/predictions/native_blind/native_blind_model_0.pdb,D:\IL-24(teeth）\phase2_release\results\full181_supplement\server_baseline_snapshot\server_source_inventory.json,formal,passed,matched_at_saved_precision,recomputed_server_original_unrelaxed_PDB
Native155,empty,3,D:\IL-24(teeth）\phase2_release\results\full181_supplement\server_baseline_snapshot\results\12_complex_prediction\formal\native_blind_seed3\boltz_results_native_blind\predictions\native_blind\native_blind_model_0.pdb,complete,,L,FR1,0,0,,/home/xinlab/home/ws/phase2/results/12_complex_prediction/formal/native_blind_seed3/boltz_results_native_blind/predictions/native_blind/native_blind_model_0.pdb,/home/xinlab/home/ws/phase2/results/12_complex_prediction/formal/native_blind_seed3/boltz_results_native_blind/predictions/native_blind/native_blind_model_0.pdb,D:\IL-24(teeth）\phase2_release\results\full181_supplement\server_baseline_snapshot\server_source_inventory.json,formal,passed,matched_at_saved_precision,recomputed_server_original_unrelaxed_PDB
Native155,empty,3,D:\IL-24(teeth）\phase2_release\results\full181_supplement\server_baseline_snapshot\results\12_complex_prediction\formal\native_blind_seed3\boltz_results_native_blind\predictions\native_blind\native_blind_model_0.pdb,complete,,L,CDR1,3,1,30;31;32,/home/xinlab/home/ws/phase2/results/12_complex_prediction/formal/native_blind_seed3/boltz_results_native_blind/predictions/native_blind/native_blind_model_0.pdb,/home/xinlab/home/ws/phase2/results/12_complex_prediction/formal/native_blind_seed3/boltz_results_native_blind/predictions/native_blind/native_blind_model_0.pdb,D:\IL-24(teeth）\phase2_release\results\full181_supplement\server_baseline_snapshot\server_source_inventory.json,formal,passed,matched_at_saved_precision,recomputed_server_original_unrelaxed_PDB
Native155,empty,3,D:\IL-24(teeth）\phase2_release\results\full181_supplement\server_baseline_snapshot\results\12_complex_prediction\formal\native_blind_seed3\boltz_results_native_blind\predictions\native_blind\native_blind_model_0.pdb,complete,,L,FR2,1,1,49,/home/xinlab/home/ws/phase2/results/12_complex_prediction/formal/native_blind_seed3/boltz_results_native_blind/predictions/native_blind/native_blind_model_0.pdb,/home/xinlab/home/ws/phase2/results/12_complex_prediction/formal/native_blind_seed3/boltz_results_native_blind/predictions/native_blind/native_blind_model_0.pdb,D:\IL-24(teeth）\phase2_release\results\full181_supplement\server_baseline_snapshot\server_source_inventory.json,formal,passed,matched_at_saved_precision,recomputed_server_original_unrelaxed_PDB
Native155,empty,3,D:\IL-24(teeth）\phase2_release\results\full181_supplement\server_baseline_snapshot\results\12_complex_prediction\formal\native_blind_seed3\boltz_results_native_blind\predictions\native_blind\native_blind_model_0.pdb,complete,,L,CDR2,2,1,50;52,/home/xinlab/home/ws/phase2/results/12_complex_prediction/formal/native_blind_seed3/boltz_results_native_blind/predictions/native_blind/native_blind_model_0.pdb,/home/xinlab/home/ws/phase2/results/12_complex_prediction/formal/native_blind_seed3/boltz_results_native_blind/predictions/native_blind/native_blind_model_0.pdb,D:\IL-24(teeth）\phase2_release\results\full181_supplement\server_baseline_snapshot\server_source_inventory.json,formal,passed,matched_at_saved_precision,recomputed_server_original_unrelaxed_PDB
Native155,empty,3,D:\IL-24(teeth）\phase2_release\results\full181_supplement\server_baseline_snapshot\results\12_complex_prediction\formal\native_blind_seed3\boltz_results_native_blind\predictions\native_blind\native_blind_model_0.pdb,complete,,L,FR3,2,1,53;67,/home/xinlab/home/ws/phase2/results/12_complex_prediction/formal/native_blind_seed3/boltz_results_native_blind/predictions/native_blind/native_blind_model_0.pdb,/home/xinlab/home/ws/phase2/results/12_complex_prediction/formal/native_blind_seed3/boltz_results_native_blind/predictions/native_blind/native_blind_model_0.pdb,D:\IL-24(teeth）\phase2_release\results\full181_supplement\server_baseline_snapshot\server_source_inventory.json,formal,passed,matched_at_saved_precision,recomputed_server_original_unrelaxed_PDB
Native155,empty,3,D:\IL-24(teeth）\phase2_release\results\full181_supplement\server_baseline_snapshot\results\12_complex_prediction\formal\native_blind_seed3\boltz_results_native_blind\predictions\native_blind\native_blind_model_0.pdb,complete,,L,CDR3,5,1,90;91;92;93;95,/home/xinlab/home/ws/phase2/results/12_complex_prediction/formal/native_blind_seed3/boltz_results_native_blind/predictions/native_blind/native_blind_model_0.pdb,/home/xinlab/home/ws/phase2/results/12_complex_prediction/formal/native_blind_seed3/boltz_results_native_blind/predictions/native_blind/native_blind_model_0.pdb,D:\IL-24(teeth）\phase2_release\results\full181_supplement\server_baseline_snapshot\server_source_inventory.json,formal,passed,matched_at_saved_precision,recomputed_server_original_unrelaxed_PDB
Native155,empty,3,D:\IL-24(teeth）\phase2_release\results\full181_supplement\server_baseline_snapshot\results\12_complex_prediction\formal\native_blind_seed3\boltz_results_native_blind\predictions\native_blind\native_blind_model_0.pdb,complete,,L,FR4,0,0,,/home/xinlab/home/ws/phase2/results/12_complex_prediction/formal/native_blind_seed3/boltz_results_native_blind/predictions/native_blind/native_blind_model_0.pdb,/home/xinlab/home/ws/phase2/results/12_complex_prediction/formal/native_blind_seed3/boltz_results_native_blind/predictions/native_blind/native_blind_model_0.pdb,D:\IL-24(teeth）\phase2_release\results\full181_supplement\server_baseline_snapshot\server_source_inventory.json,formal,passed,matched_at_saved_precision,recomputed_server_original_unrelaxed_PDB
Native155,empty,4,D:\IL-24(teeth）\phase2_release\results\full181_supplement\server_baseline_snapshot\results\12_complex_prediction\formal\native_blind_seed4\boltz_results_native_blind\predictions\native_blind\native_blind_model_0.pdb,complete,,H,FR1,0,0,,/home/xinlab/home/ws/phase2/results/12_complex_prediction/formal/native_blind_seed4/boltz_results_native_blind/predictions/native_blind/native_blind_model_0.pdb,/home/xinlab/home/ws/phase2/results/12_complex_prediction/formal/native_blind_seed4/boltz_results_native_blind/predictions/native_blind/native_blind_model_0.pdb,D:\IL-24(teeth）\phase2_release\results\full181_supplement\server_baseline_snapshot\server_source_inventory.json,formal,passed,matched_at_saved_precision,recomputed_server_original_unrelaxed_PDB
Native155,empty,4,D:\IL-24(teeth）\phase2_release\results\full181_supplement\server_baseline_snapshot\results\12_complex_prediction\formal\native_blind_seed4\boltz_results_native_blind\predictions\native_blind\native_blind_model_0.pdb,complete,,H,CDR1,4,1,30;31;32;33,/home/xinlab/home/ws/phase2/results/12_complex_prediction/formal/native_blind_seed4/boltz_results_native_blind/predictions/native_blind/native_blind_model_0.pdb,/home/xinlab/home/ws/phase2/results/12_complex_prediction/formal/native_blind_seed4/boltz_results_native_blind/predictions/native_blind/native_blind_model_0.pdb,D:\IL-24(teeth）\phase2_release\results\full181_supplement\server_baseline_snapshot\server_source_inventory.json,formal,passed,matched_at_saved_precision,recomputed_server_original_unrelaxed_PDB
Native155,empty,4,D:\IL-24(teeth）\phase2_release\results\full181_supplement\server_baseline_snapshot\results\12_complex_prediction\formal\native_blind_seed4\boltz_results_native_blind\predictions\native_blind\native_blind_model_0.pdb,complete,,H,FR2,1,1,35,/home/xinlab/home/ws/phase2/results/12_complex_prediction/formal/native_blind_seed4/boltz_results_native_blind/predictions/native_blind/native_blind_model_0.pdb,/home/xinlab/home/ws/phase2/results/12_complex_prediction/formal/native_blind_seed4/boltz_results_native_blind/predictions/native_blind/native_blind_model_0.pdb,D:\IL-24(teeth）\phase2_release\results\full181_supplement\server_baseline_snapshot\server_source_inventory.json,formal,passed,matched_at_saved_precision,recomputed_server_original_unrelaxed_PDB
Native155,empty,4,D:\IL-24(teeth）\phase2_release\results\full181_supplement\server_baseline_snapshot\results\12_complex_prediction\formal\native_blind_seed4\boltz_results_native_blind\predictions\native_blind\native_blind_model_0.pdb,complete,,H,CDR2,4,1,50;53;54;56,/home/xinlab/home/ws/phase2/results/12_complex_prediction/formal/native_blind_seed4/boltz_results_native_blind/predictions/native_blind/native_blind_model_0.pdb,/home/xinlab/home/ws/phase2/results/12_complex_prediction/formal/native_blind_seed4/boltz_results_native_blind/predictions/native_blind/native_blind_model_0.pdb,D:\IL-24(teeth）\phase2_release\results\full181_supplement\server_baseline_snapshot\server_source_inventory.json,formal,passed,matched_at_saved_precision,recomputed_server_original_unrelaxed_PDB
Native155,empty,4,D:\IL-24(teeth）\phase2_release\results\full181_supplement\server_baseline_snapshot\results\12_complex_prediction\formal\native_blind_seed4\boltz_results_native_blind\predictions\native_blind\native_blind_model_0.pdb,complete,,H,FR3,0,0,,/home/xinlab/home/ws/phase2/results/12_complex_prediction/formal/native_blind_seed4/boltz_results_native_blind/predictions/native_blind/native_blind_model_0.pdb,/home/xinlab/home/ws/phase2/results/12_complex_prediction/formal/native_blind_seed4/boltz_results_native_blind/predictions/native_blind/native_blind_model_0.pdb,D:\IL-24(teeth）\phase2_release\results\full181_supplement\server_baseline_snapshot\server_source_inventory.json,formal,passed,matched_at_saved_precision,recomputed_server_original_unrelaxed_PDB
Native155,empty,4,D:\IL-24(teeth）\phase2_release\results\full181_supplement\server_baseline_snapshot\results\12_complex_prediction\formal\native_blind_seed4\boltz_results_native_blind\predictions\native_blind\native_blind_model_0.pdb,complete,,H,CDR3,5,1,98;100;101;102;104,/home/xinlab/home/ws/phase2/results/12_complex_prediction/formal/native_blind_seed4/boltz_results_native_blind/predictions/native_blind/native_blind_model_0.pdb,/home/xinlab/home/ws/phase2/results/12_complex_prediction/formal/native_blind_seed4/boltz_results_native_blind/predictions/native_blind/native_blind_model_0.pdb,D:\IL-24(teeth）\phase2_release\results\full181_supplement\server_baseline_snapshot\server_source_inventory.json,formal,passed,matched_at_saved_precision,recomputed_server_original_unrelaxed_PDB
Native155,empty,4,D:\IL-24(teeth）\phase2_release\results\full181_supplement\server_baseline_snapshot\results\12_complex_prediction\formal\native_blind_seed4\boltz_results_native_blind\predictions\native_blind\native_blind_model_0.pdb,complete,,H,FR4,0,0,,/home/xinlab/home/ws/phase2/results/12_complex_prediction/formal/native_blind_seed4/boltz_results_native_blind/predictions/native_blind/native_blind_model_0.pdb,/home/xinlab/home/ws/phase2/results/12_complex_prediction/formal/native_blind_seed4/boltz_results_native_blind/predictions/native_blind/native_blind_model_0.pdb,D:\IL-24(teeth）\phase2_release\results\full181_supplement\server_baseline_snapshot\server_source_inventory.json,formal,passed,matched_at_saved_precision,recomputed_server_original_unrelaxed_PDB
Native155,empty,4,D:\IL-24(teeth）\phase2_release\results\full181_supplement\server_baseline_snapshot\results\12_complex_prediction\formal\native_blind_seed4\boltz_results_native_blind\predictions\native_blind\native_blind_model_0.pdb,complete,,L,FR1,0,0,,/home/xinlab/home/ws/phase2/results/12_complex_prediction/formal/native_blind_seed4/boltz_results_native_blind/predictions/native_blind/native_blind_model_0.pdb,/home/xinlab/home/ws/phase2/results/12_complex_prediction/formal/native_blind_seed4/boltz_results_native_blind/predictions/native_blind/native_blind_model_0.pdb,D:\IL-24(teeth）\phase2_release\results\full181_supplement\server_baseline_snapshot\server_source_inventory.json,formal,passed,matched_at_saved_precision,recomputed_server_original_unrelaxed_PDB
Native155,empty,4,D:\IL-24(teeth）\phase2_release\results\full181_supplement\server_baseline_snapshot\results\12_complex_prediction\formal\native_blind_seed4\boltz_results_native_blind\predictions\native_blind\native_blind_model_0.pdb,complete,,L,CDR1,5,1,28;29;30;31;32,/home/xinlab/home/ws/phase2/results/12_complex_prediction/formal/native_blind_seed4/boltz_results_native_blind/predictions/native_blind/native_blind_model_0.pdb,/home/xinlab/home/ws/phase2/results/12_complex_prediction/formal/native_blind_seed4/boltz_results_native_blind/predictions/native_blind/native_blind_model_0.pdb,D:\IL-24(teeth）\phase2_release\results\full181_supplement\server_baseline_snapshot\server_source_inventory.json,formal,passed,matched_at_saved_precision,recomputed_server_original_unrelaxed_PDB
Native155,empty,4,D:\IL-24(teeth）\phase2_release\results\full181_supplement\server_baseline_snapshot\results\12_complex_prediction\formal\native_blind_seed4\boltz_results_native_blind\predictions\native_blind\native_blind_model_0.pdb,complete,,L,FR2,0,0,,/home/xinlab/home/ws/phase2/results/12_complex_prediction/formal/native_blind_seed4/boltz_results_native_blind/predictions/native_blind/native_blind_model_0.pdb,/home/xinlab/home/ws/phase2/results/12_complex_prediction/formal/native_blind_seed4/boltz_results_native_blind/predictions/native_blind/native_blind_model_0.pdb,D:\IL-24(teeth）\phase2_release\results\full181_supplement\server_baseline_snapshot\server_source_inventory.json,formal,passed,matched_at_saved_precision,recomputed_server_original_unrelaxed_PDB
Native155,empty,4,D:\IL-24(teeth）\phase2_release\results\full181_supplement\server_baseline_snapshot\results\12_complex_prediction\formal\native_blind_seed4\boltz_results_native_blind\predictions\native_blind\native_blind_model_0.pdb,complete,,L,CDR2,1,1,50,/home/xinlab/home/ws/phase2/results/12_complex_prediction/formal/native_blind_seed4/boltz_results_native_blind/predictions/native_blind/native_blind_model_0.pdb,/home/xinlab/home/ws/phase2/results/12_complex_prediction/formal/native_blind_seed4/boltz_results_native_blind/predictions/native_blind/native_blind_model_0.pdb,D:\IL-24(teeth）\phase2_release\results\full181_supplement\server_baseline_snapshot\server_source_inventory.json,formal,passed,matched_at_saved_precision,recomputed_server_original_unrelaxed_PDB
Native155,empty,4,D:\IL-24(teeth）\phase2_release\results\full181_supplement\server_baseline_snapshot\results\12_complex_prediction\formal\native_blind_seed4\boltz_results_native_blind\predictions\native_blind\native_blind_model_0.pdb,complete,,L,FR3,3,1,53;67;68,/home/xinlab/home/ws/phase2/results/12_complex_prediction/formal/native_blind_seed4/boltz_results_native_blind/predictions/native_blind/native_blind_model_0.pdb,/home/xinlab/home/ws/phase2/results/12_complex_prediction/formal/native_blind_seed4/boltz_results_native_blind/predictions/native_blind/native_blind_model_0.pdb,D:\IL-24(teeth）\phase2_release\results\full181_supplement\server_baseline_snapshot\server_source_inventory.json,formal,passed,matched_at_saved_precision,recomputed_server_original_unrelaxed_PDB
Native155,empty,4,D:\IL-24(teeth）\phase2_release\results\full181_supplement\server_baseline_snapshot\results\12_complex_prediction\formal\native_blind_seed4\boltz_results_native_blind\predictions\native_blind\native_blind_model_0.pdb,complete,,L,CDR3,5,1,90;91;92;93;95,/home/xinlab/home/ws/phase2/results/12_complex_prediction/formal/native_blind_seed4/boltz_results_native_blind/predictions/native_blind/native_blind_model_0.pdb,/home/xinlab/home/ws/phase2/results/12_complex_prediction/formal/native_blind_seed4/boltz_results_native_blind/predictions/native_blind/native_blind_model_0.pdb,D:\IL-24(teeth）\phase2_release\results\full181_supplement\server_baseline_snapshot\server_source_inventory.json,formal,passed,matched_at_saved_precision,recomputed_server_original_unrelaxed_PDB
Native155,empty,4,D:\IL-24(teeth）\phase2_release\results\full181_supplement\server_baseline_snapshot\results\12_complex_prediction\formal\native_blind_seed4\boltz_results_native_blind\predictions\native_blind\native_blind_model_0.pdb,complete,,L,FR4,0,0,,/home/xinlab/home/ws/phase2/results/12_complex_prediction/formal/native_blind_seed4/boltz_results_native_blind/predictions/native_blind/native_blind_model_0.pdb,/home/xinlab/home/ws/phase2/results/12_complex_prediction/formal/native_blind_seed4/boltz_results_native_blind/predictions/native_blind/native_blind_model_0.pdb,D:\IL-24(teeth）\phase2_release\results\full181_supplement\server_baseline_snapshot\server_source_inventory.json,formal,passed,matched_at_saved_precision,recomputed_server_original_unrelaxed_PDB
Native155,empty,5,D:\IL-24(teeth）\phase2_release\results\full181_supplement\server_baseline_snapshot\results\12_complex_prediction\formal\native_blind_seed5\boltz_results_native_blind\predictions\native_blind\native_blind_model_0.pdb,complete,,H,FR1,0,0,,/home/xinlab/home/ws/phase2/results/12_complex_prediction/formal/native_blind_seed5/boltz_results_native_blind/predictions/native_blind/native_blind_model_0.pdb,/home/xinlab/home/ws/phase2/results/12_complex_prediction/formal/native_blind_seed5/boltz_results_native_blind/predictions/native_blind/native_blind_model_0.pdb,D:\IL-24(teeth）\phase2_release\results\full181_supplement\server_baseline_snapshot\server_source_inventory.json,formal,passed,matched_at_saved_precision,recomputed_server_original_unrelaxed_PDB
Native155,empty,5,D:\IL-24(teeth）\phase2_release\results\full181_supplement\server_baseline_snapshot\results\12_complex_prediction\formal\native_blind_seed5\boltz_results_native_blind\predictions\native_blind\native_blind_model_0.pdb,complete,,H,CDR1,3,1,31;32;33,/home/xinlab/home/ws/phase2/results/12_complex_prediction/formal/native_blind_seed5/boltz_results_native_blind/predictions/native_blind/native_blind_model_0.pdb,/home/xinlab/home/ws/phase2/results/12_complex_prediction/formal/native_blind_seed5/boltz_results_native_blind/predictions/native_blind/native_blind_model_0.pdb,D:\IL-24(teeth）\phase2_release\results\full181_supplement\server_baseline_snapshot\server_source_inventory.json,formal,passed,matched_at_saved_precision,recomputed_server_original_unrelaxed_PDB
Native155,empty,5,D:\IL-24(teeth）\phase2_release\results\full181_supplement\server_baseline_snapshot\results\12_complex_prediction\formal\native_blind_seed5\boltz_results_native_blind\predictions\native_blind\native_blind_model_0.pdb,complete,,H,FR2,1,1,35,/home/xinlab/home/ws/phase2/results/12_complex_prediction/formal/native_blind_seed5/boltz_results_native_blind/predictions/native_blind/native_blind_model_0.pdb,/home/xinlab/home/ws/phase2/results/12_complex_prediction/formal/native_blind_seed5/boltz_results_native_blind/predictions/native_blind/native_blind_model_0.pdb,D:\IL-24(teeth）\phase2_release\results\full181_supplement\server_baseline_snapshot\server_source_inventory.json,formal,passed,matched_at_saved_precision,recomputed_server_original_unrelaxed_PDB
Native155,empty,5,D:\IL-24(teeth）\phase2_release\results\full181_supplement\server_baseline_snapshot\results\12_complex_prediction\formal\native_blind_seed5\boltz_results_native_blind\predictions\native_blind\native_blind_model_0.pdb,complete,,H,CDR2,4,1,50;53;54;56,/home/xinlab/home/ws/phase2/results/12_complex_prediction/formal/native_blind_seed5/boltz_results_native_blind/predictions/native_blind/native_blind_model_0.pdb,/home/xinlab/home/ws/phase2/results/12_complex_prediction/formal/native_blind_seed5/boltz_results_native_blind/predictions/native_blind/native_blind_model_0.pdb,D:\IL-24(teeth）\phase2_release\results\full181_supplement\server_baseline_snapshot\server_source_inventory.json,formal,passed,matched_at_saved_precision,recomputed_server_original_unrelaxed_PDB
Native155,empty,5,D:\IL-24(teeth）\phase2_release\results\full181_supplement\server_baseline_snapshot\results\12_complex_prediction\formal\native_blind_seed5\boltz_results_native_blind\predictions\native_blind\native_blind_model_0.pdb,complete,,H,FR3,0,0,,/home/xinlab/home/ws/phase2/results/12_complex_prediction/formal/native_blind_seed5/boltz_results_native_blind/predictions/native_blind/native_blind_model_0.pdb,/home/xinlab/home/ws/phase2/results/12_complex_prediction/formal/native_blind_seed5/boltz_results_native_blind/predictions/native_blind/native_blind_model_0.pdb,D:\IL-24(teeth）\phase2_release\results\full181_supplement\server_baseline_snapshot\server_source_inventory.json,formal,passed,matched_at_saved_precision,recomputed_server_original_unrelaxed_PDB
Native155,empty,5,D:\IL-24(teeth）\phase2_release\results\full181_supplement\server_baseline_snapshot\results\12_complex_prediction\formal\native_blind_seed5\boltz_results_native_blind\predictions\native_blind\native_blind_model_0.pdb,complete,,H,CDR3,6,1,98;99;100;101;102;104,/home/xinlab/home/ws/phase2/results/12_complex_prediction/formal/native_blind_seed5/boltz_results_native_blind/predictions/native_blind/native_blind_model_0.pdb,/home/xinlab/home/ws/phase2/results/12_complex_prediction/formal/native_blind_seed5/boltz_results_native_blind/predictions/native_blind/native_blind_model_0.pdb,D:\IL-24(teeth）\phase2_release\results\full181_supplement\server_baseline_snapshot\server_source_inventory.json,formal,passed,matched_at_saved_precision,recomputed_server_original_unrelaxed_PDB
Native155,empty,5,D:\IL-24(teeth）\phase2_release\results\full181_supplement\server_baseline_snapshot\results\12_complex_prediction\formal\native_blind_seed5\boltz_results_native_blind\predictions\native_blind\native_blind_model_0.pdb,complete,,H,FR4,0,0,,/home/xinlab/home/ws/phase2/results/12_complex_prediction/formal/native_blind_seed5/boltz_results_native_blind/predictions/native_blind/native_blind_model_0.pdb,/home/xinlab/home/ws/phase2/results/12_complex_prediction/formal/native_blind_seed5/boltz_results_native_blind/predictions/native_blind/native_blind_model_0.pdb,D:\IL-24(teeth）\phase2_release\results\full181_supplement\server_baseline_snapshot\server_source_inventory.json,formal,passed,matched_at_saved_precision,recomputed_server_original_unrelaxed_PDB
Native155,empty,5,D:\IL-24(teeth）\phase2_release\results\full181_supplement\server_baseline_snapshot\results\12_complex_prediction\formal\native_blind_seed5\boltz_results_native_blind\predictions\native_blind\native_blind_model_0.pdb,complete,,L,FR1,0,0,,/home/xinlab/home/ws/phase2/results/12_complex_prediction/formal/native_blind_seed5/boltz_results_native_blind/predictions/native_blind/native_blind_model_0.pdb,/home/xinlab/home/ws/phase2/results/12_complex_prediction/formal/native_blind_seed5/boltz_results_native_blind/predictions/native_blind/native_blind_model_0.pdb,D:\IL-24(teeth）\phase2_release\results\full181_supplement\server_baseline_snapshot\server_source_inventory.json,formal,passed,matched_at_saved_precision,recomputed_server_original_unrelaxed_PDB
Native155,empty,5,D:\IL-24(teeth）\phase2_release\results\full181_supplement\server_baseline_snapshot\results\12_complex_prediction\formal\native_blind_seed5\boltz_results_native_blind\predictions\native_blind\native_blind_model_0.pdb,complete,,L,CDR1,4,1,28;29;30;31,/home/xinlab/home/ws/phase2/results/12_complex_prediction/formal/native_blind_seed5/boltz_results_native_blind/predictions/native_blind/native_blind_model_0.pdb,/home/xinlab/home/ws/phase2/results/12_complex_prediction/formal/native_blind_seed5/boltz_results_native_blind/predictions/native_blind/native_blind_model_0.pdb,D:\IL-24(teeth）\phase2_release\results\full181_supplement\server_baseline_snapshot\server_source_inventory.json,formal,passed,matched_at_saved_precision,recomputed_server_original_unrelaxed_PDB
Native155,empty,5,D:\IL-24(teeth）\phase2_release\results\full181_supplement\server_baseline_snapshot\results\12_complex_prediction\formal\native_blind_seed5\boltz_results_native_blind\predictions\native_blind\native_blind_model_0.pdb,complete,,L,FR2,0,0,,/home/xinlab/home/ws/phase2/results/12_complex_prediction/formal/native_blind_seed5/boltz_results_native_blind/predictions/native_blind/native_blind_model_0.pdb,/home/xinlab/home/ws/phase2/results/12_complex_prediction/formal/native_blind_seed5/boltz_results_native_blind/predictions/native_blind/native_blind_model_0.pdb,D:\IL-24(teeth）\phase2_release\results\full181_supplement\server_baseline_snapshot\server_source_inventory.json,formal,passed,matched_at_saved_precision,recomputed_server_original_unrelaxed_PDB
Native155,empty,5,D:\IL-24(teeth）\phase2_release\results\full181_supplement\server_baseline_snapshot\results\12_complex_prediction\formal\native_blind_seed5\boltz_results_native_blind\predictions\native_blind\native_blind_model_0.pdb,complete,,L,CDR2,1,1,50,/home/xinlab/home/ws/phase2/results/12_complex_prediction/formal/native_blind_seed5/boltz_results_native_blind/predictions/native_blind/native_blind_model_0.pdb,/home/xinlab/home/ws/phase2/results/12_complex_prediction/formal/native_blind_seed5/boltz_results_native_blind/predictions/native_blind/native_blind_model_0.pdb,D:\IL-24(teeth）\phase2_release\results\full181_supplement\server_baseline_snapshot\server_source_inventory.json,formal,passed,matched_at_saved_precision,recomputed_server_original_unrelaxed_PDB
Native155,empty,5,D:\IL-24(teeth）\phase2_release\results\full181_supplement\server_baseline_snapshot\results\12_complex_prediction\formal\native_blind_seed5\boltz_results_native_blind\predictions\native_blind\native_blind_model_0.pdb,complete,,L,FR3,2,1,67;68,/home/xinlab/home/ws/phase2/results/12_complex_prediction/formal/native_blind_seed5/boltz_results_native_blind/predictions/native_blind/native_blind_model_0.pdb,/home/xinlab/home/ws/phase2/results/12_complex_prediction/formal/native_blind_seed5/boltz_results_native_blind/predictions/native_blind/native_blind_model_0.pdb,D:\IL-24(teeth）\phase2_release\results\full181_supplement\server_baseline_snapshot\server_source_inventory.json,formal,passed,matched_at_saved_precision,recomputed_server_original_unrelaxed_PDB
Native155,empty,5,D:\IL-24(teeth）\phase2_release\results\full181_supplement\server_baseline_snapshot\results\12_complex_prediction\formal\native_blind_seed5\boltz_results_native_blind\predictions\native_blind\native_blind_model_0.pdb,complete,,L,CDR3,5,1,90;91;92;93;95,/home/xinlab/home/ws/phase2/results/12_complex_prediction/formal/native_blind_seed5/boltz_results_native_blind/predictions/native_blind/native_blind_model_0.pdb,/home/xinlab/home/ws/phase2/results/12_complex_prediction/formal/native_blind_seed5/boltz_results_native_blind/predictions/native_blind/native_blind_model_0.pdb,D:\IL-24(teeth）\phase2_release\results\full181_supplement\server_baseline_snapshot\server_source_inventory.json,formal,passed,matched_at_saved_precision,recomputed_server_original_unrelaxed_PDB
Native155,empty,5,D:\IL-24(teeth）\phase2_release\results\full181_supplement\server_baseline_snapshot\results\12_complex_prediction\formal\native_blind_seed5\boltz_results_native_blind\predictions\native_blind\native_blind_model_0.pdb,complete,,L,FR4,0,0,,/home/xinlab/home/ws/phase2/results/12_complex_prediction/formal/native_blind_seed5/boltz_results_native_blind/predictions/native_blind/native_blind_model_0.pdb,/home/xinlab/home/ws/phase2/results/12_complex_prediction/formal/native_blind_seed5/boltz_results_native_blind/predictions/native_blind/native_blind_model_0.pdb,D:\IL-24(teeth）\phase2_release\results\full181_supplement\server_baseline_snapshot\server_source_inventory.json,formal,passed,matched_at_saved_precision,recomputed_server_original_unrelaxed_PDB
Native155,empty,6,D:\IL-24(teeth）\phase2_release\results\full181_supplement\server_baseline_snapshot\results\12_complex_prediction\formal\native_blind_seed6\boltz_results_native_blind\predictions\native_blind\native_blind_model_0.pdb,complete,,H,FR1,0,0,,/home/xinlab/home/ws/phase2/results/12_complex_prediction/formal/native_blind_seed6/boltz_results_native_blind/predictions/native_blind/native_blind_model_0.pdb,/home/xinlab/home/ws/phase2/results/12_complex_prediction/formal/native_blind_seed6/boltz_results_native_blind/predictions/native_blind/native_blind_model_0.pdb,D:\IL-24(teeth）\phase2_release\results\full181_supplement\server_baseline_snapshot\server_source_inventory.json,formal,passed,matched_at_saved_precision,recomputed_server_original_unrelaxed_PDB
Native155,empty,6,D:\IL-24(teeth）\phase2_release\results\full181_supplement\server_baseline_snapshot\results\12_complex_prediction\formal\native_blind_seed6\boltz_results_native_blind\predictions\native_blind\native_blind_model_0.pdb,complete,,H,CDR1,3,1,31;32;33,/home/xinlab/home/ws/phase2/results/12_complex_prediction/formal/native_blind_seed6/boltz_results_native_blind/predictions/native_blind/native_blind_model_0.pdb,/home/xinlab/home/ws/phase2/results/12_complex_prediction/formal/native_blind_seed6/boltz_results_native_blind/predictions/native_blind/native_blind_model_0.pdb,D:\IL-24(teeth）\phase2_release\results\full181_supplement\server_baseline_snapshot\server_source_inventory.json,formal,passed,matched_at_saved_precision,recomputed_server_original_unrelaxed_PDB
Native155,empty,6,D:\IL-24(teeth）\phase2_release\results\full181_supplement\server_baseline_snapshot\results\12_complex_prediction\formal\native_blind_seed6\boltz_results_native_blind\predictions\native_blind\native_blind_model_0.pdb,complete,,H,FR2,1,1,35,/home/xinlab/home/ws/phase2/results/12_complex_prediction/formal/native_blind_seed6/boltz_results_native_blind/predictions/native_blind/native_blind_model_0.pdb,/home/xinlab/home/ws/phase2/results/12_complex_prediction/formal/native_blind_seed6/boltz_results_native_blind/predictions/native_blind/native_blind_model_0.pdb,D:\IL-24(teeth）\phase2_release\results\full181_supplement\server_baseline_snapshot\server_source_inventory.json,formal,passed,matched_at_saved_precision,recomputed_server_original_unrelaxed_PDB
Native155,empty,6,D:\IL-24(teeth）\phase2_release\results\full181_supplement\server_baseline_snapshot\results\12_complex_prediction\formal\native_blind_seed6\boltz_results_native_blind\predictions\native_blind\native_blind_model_0.pdb,complete,,H,CDR2,4,1,50;53;54;56,/home/xinlab/home/ws/phase2/results/12_complex_prediction/formal/native_blind_seed6/boltz_results_native_blind/predictions/native_blind/native_blind_model_0.pdb,/home/xinlab/home/ws/phase2/results/12_complex_prediction/formal/native_blind_seed6/boltz_results_native_blind/predictions/native_blind/native_blind_model_0.pdb,D:\IL-24(teeth）\phase2_release\results\full181_supplement\server_baseline_snapshot\server_source_inventory.json,formal,passed,matched_at_saved_precision,recomputed_server_original_unrelaxed_PDB
Native155,empty,6,D:\IL-24(teeth）\phase2_release\results\full181_supplement\server_baseline_snapshot\results\12_complex_prediction\formal\native_blind_seed6\boltz_results_native_blind\predictions\native_blind\native_blind_model_0.pdb,complete,,H,FR3,1,1,58,/home/xinlab/home/ws/phase2/results/12_complex_prediction/formal/native_blind_seed6/boltz_results_native_blind/predictions/native_blind/native_blind_model_0.pdb,/home/xinlab/home/ws/phase2/results/12_complex_prediction/formal/native_blind_seed6/boltz_results_native_blind/predictions/native_blind/native_blind_model_0.pdb,D:\IL-24(teeth）\phase2_release\results\full181_supplement\server_baseline_snapshot\server_source_inventory.json,formal,passed,matched_at_saved_precision,recomputed_server_original_unrelaxed_PDB
Native155,empty,6,D:\IL-24(teeth）\phase2_release\results\full181_supplement\server_baseline_snapshot\results\12_complex_prediction\formal\native_blind_seed6\boltz_results_native_blind\predictions\native_blind\native_blind_model_0.pdb,complete,,H,CDR3,5,1,98;100;101;102;104,/home/xinlab/home/ws/phase2/results/12_complex_prediction/formal/native_blind_seed6/boltz_results_native_blind/predictions/native_blind/native_blind_model_0.pdb,/home/xinlab/home/ws/phase2/results/12_complex_prediction/formal/native_blind_seed6/boltz_results_native_blind/predictions/native_blind/native_blind_model_0.pdb,D:\IL-24(teeth）\phase2_release\results\full181_supplement\server_baseline_snapshot\server_source_inventory.json,formal,passed,matched_at_saved_precision,recomputed_server_original_unrelaxed_PDB
Native155,empty,6,D:\IL-24(teeth）\phase2_release\results\full181_supplement\server_baseline_snapshot\results\12_complex_prediction\formal\native_blind_seed6\boltz_results_native_blind\predictions\native_blind\native_blind_model_0.pdb,complete,,H,FR4,0,0,,/home/xinlab/home/ws/phase2/results/12_complex_prediction/formal/native_blind_seed6/boltz_results_native_blind/predictions/native_blind/native_blind_model_0.pdb,/home/xinlab/home/ws/phase2/results/12_complex_prediction/formal/native_blind_seed6/boltz_results_native_blind/predictions/native_blind/native_blind_model_0.pdb,D:\IL-24(teeth）\phase2_release\results\full181_supplement\server_baseline_snapshot\server_source_inventory.json,formal,passed,matched_at_saved_precision,recomputed_server_original_unrelaxed_PDB
Native155,empty,6,D:\IL-24(teeth）\phase2_release\results\full181_supplement\server_baseline_snapshot\results\12_complex_prediction\formal\native_blind_seed6\boltz_results_native_blind\predictions\native_blind\native_blind_model_0.pdb,complete,,L,FR1,0,0,,/home/xinlab/home/ws/phase2/results/12_complex_prediction/formal/native_blind_seed6/boltz_results_native_blind/predictions/native_blind/native_blind_model_0.pdb,/home/xinlab/home/ws/phase2/results/12_complex_prediction/formal/native_blind_seed6/boltz_results_native_blind/predictions/native_blind/native_blind_model_0.pdb,D:\IL-24(teeth）\phase2_release\results\full181_supplement\server_baseline_snapshot\server_source_inventory.json,formal,passed,matched_at_saved_precision,recomputed_server_original_unrelaxed_PDB
Native155,empty,6,D:\IL-24(teeth）\phase2_release\results\full181_supplement\server_baseline_snapshot\results\12_complex_prediction\formal\native_blind_seed6\boltz_results_native_blind\predictions\native_blind\native_blind_model_0.pdb,complete,,L,CDR1,5,1,27;28;29;30;31,/home/xinlab/home/ws/phase2/results/12_complex_prediction/formal/native_blind_seed6/boltz_results_native_blind/predictions/native_blind/native_blind_model_0.pdb,/home/xinlab/home/ws/phase2/results/12_complex_prediction/formal/native_blind_seed6/boltz_results_native_blind/predictions/native_blind/native_blind_model_0.pdb,D:\IL-24(teeth）\phase2_release\results\full181_supplement\server_baseline_snapshot\server_source_inventory.json,formal,passed,matched_at_saved_precision,recomputed_server_original_unrelaxed_PDB
Native155,empty,6,D:\IL-24(teeth）\phase2_release\results\full181_supplement\server_baseline_snapshot\results\12_complex_prediction\formal\native_blind_seed6\boltz_results_native_blind\predictions\native_blind\native_blind_model_0.pdb,complete,,L,FR2,1,1,49,/home/xinlab/home/ws/phase2/results/12_complex_prediction/formal/native_blind_seed6/boltz_results_native_blind/predictions/native_blind/native_blind_model_0.pdb,/home/xinlab/home/ws/phase2/results/12_complex_prediction/formal/native_blind_seed6/boltz_results_native_blind/predictions/native_blind/native_blind_model_0.pdb,D:\IL-24(teeth）\phase2_release\results\full181_supplement\server_baseline_snapshot\server_source_inventory.json,formal,passed,matched_at_saved_precision,recomputed_server_original_unrelaxed_PDB
Native155,empty,6,D:\IL-24(teeth）\phase2_release\results\full181_supplement\server_baseline_snapshot\results\12_complex_prediction\formal\native_blind_seed6\boltz_results_native_blind\predictions\native_blind\native_blind_model_0.pdb,complete,,L,CDR2,1,1,50,/home/xinlab/home/ws/phase2/results/12_complex_prediction/formal/native_blind_seed6/boltz_results_native_blind/predictions/native_blind/native_blind_model_0.pdb,/home/xinlab/home/ws/phase2/results/12_complex_prediction/formal/native_blind_seed6/boltz_results_native_blind/predictions/native_blind/native_blind_model_0.pdb,D:\IL-24(teeth）\phase2_release\results\full181_supplement\server_baseline_snapshot\server_source_inventory.json,formal,passed,matched_at_saved_precision,recomputed_server_original_unrelaxed_PDB
Native155,empty,6,D:\IL-24(teeth）\phase2_release\results\full181_supplement\server_baseline_snapshot\results\12_complex_prediction\formal\native_blind_seed6\boltz_results_native_blind\predictions\native_blind\native_blind_model_0.pdb,complete,,L,FR3,1,1,53,/home/xinlab/home/ws/phase2/results/12_complex_prediction/formal/native_blind_seed6/boltz_results_native_blind/predictions/native_blind/native_blind_model_0.pdb,/home/xinlab/home/ws/phase2/results/12_complex_prediction/formal/native_blind_seed6/boltz_results_native_blind/predictions/native_blind/native_blind_model_0.pdb,D:\IL-24(teeth）\phase2_release\results\full181_supplement\server_baseline_snapshot\server_source_inventory.json,formal,passed,matched_at_saved_precision,recomputed_server_original_unrelaxed_PDB
Native155,empty,6,D:\IL-24(teeth）\phase2_release\results\full181_supplement\server_baseline_snapshot\results\12_complex_prediction\formal\native_blind_seed6\boltz_results_native_blind\predictions\native_blind\native_blind_model_0.pdb,complete,,L,CDR3,5,1,90;91;92;93;95,/home/xinlab/home/ws/phase2/results/12_complex_prediction/formal/native_blind_seed6/boltz_results_native_blind/predictions/native_blind/native_blind_model_0.pdb,/home/xinlab/home/ws/phase2/results/12_complex_prediction/formal/native_blind_seed6/boltz_results_native_blind/predictions/native_blind/native_blind_model_0.pdb,D:\IL-24(teeth）\phase2_release\results\full181_supplement\server_baseline_snapshot\server_source_inventory.json,formal,passed,matched_at_saved_precision,recomputed_server_original_unrelaxed_PDB
Native155,empty,6,D:\IL-24(teeth）\phase2_release\results\full181_supplement\server_baseline_snapshot\results\12_complex_prediction\formal\native_blind_seed6\boltz_results_native_blind\predictions\native_blind\native_blind_model_0.pdb,complete,,L,FR4,0,0,,/home/xinlab/home/ws/phase2/results/12_complex_prediction/formal/native_blind_seed6/boltz_results_native_blind/predictions/native_blind/native_blind_model_0.pdb,/home/xinlab/home/ws/phase2/results/12_complex_prediction/formal/native_blind_seed6/boltz_results_native_blind/predictions/native_blind/native_blind_model_0.pdb,D:\IL-24(teeth）\phase2_release\results\full181_supplement\server_baseline_snapshot\server_source_inventory.json,formal,passed,matched_at_saved_precision,recomputed_server_original_unrelaxed_PDB
Native155,empty,7,D:\IL-24(teeth）\phase2_release\results\full181_supplement\server_baseline_snapshot\results\12_complex_prediction\formal\native_blind_seed7\boltz_results_native_blind\predictions\native_blind\native_blind_model_0.pdb,complete,,H,FR1,0,0,,/home/xinlab/home/ws/phase2/results/12_complex_prediction/formal/native_blind_seed7/boltz_results_native_blind/predictions/native_blind/native_blind_model_0.pdb,/home/xinlab/home/ws/phase2/results/12_complex_prediction/formal/native_blind_seed7/boltz_results_native_blind/predictions/native_blind/native_blind_model_0.pdb,D:\IL-24(teeth）\phase2_release\results\full181_supplement\server_baseline_snapshot\server_source_inventory.json,formal,passed,matched_at_saved_precision,recomputed_server_original_unrelaxed_PDB
Native155,empty,7,D:\IL-24(teeth）\phase2_release\results\full181_supplement\server_baseline_snapshot\results\12_complex_prediction\formal\native_blind_seed7\boltz_results_native_blind\predictions\native_blind\native_blind_model_0.pdb,complete,,H,CDR1,4,1,30;31;32;33,/home/xinlab/home/ws/phase2/results/12_complex_prediction/formal/native_blind_seed7/boltz_results_native_blind/predictions/native_blind/native_blind_model_0.pdb,/home/xinlab/home/ws/phase2/results/12_complex_prediction/formal/native_blind_seed7/boltz_results_native_blind/predictions/native_blind/native_blind_model_0.pdb,D:\IL-24(teeth）\phase2_release\results\full181_supplement\server_baseline_snapshot\server_source_inventory.json,formal,passed,matched_at_saved_precision,recomputed_server_original_unrelaxed_PDB
Native155,empty,7,D:\IL-24(teeth）\phase2_release\results\full181_supplement\server_baseline_snapshot\results\12_complex_prediction\formal\native_blind_seed7\boltz_results_native_blind\predictions\native_blind\native_blind_model_0.pdb,complete,,H,FR2,0,0,,/home/xinlab/home/ws/phase2/results/12_complex_prediction/formal/native_blind_seed7/boltz_results_native_blind/predictions/native_blind/native_blind_model_0.pdb,/home/xinlab/home/ws/phase2/results/12_complex_prediction/formal/native_blind_seed7/boltz_results_native_blind/predictions/native_blind/native_blind_model_0.pdb,D:\IL-24(teeth）\phase2_release\results\full181_supplement\server_baseline_snapshot\server_source_inventory.json,formal,passed,matched_at_saved_precision,recomputed_server_original_unrelaxed_PDB
Native155,empty,7,D:\IL-24(teeth）\phase2_release\results\full181_supplement\server_baseline_snapshot\results\12_complex_prediction\formal\native_blind_seed7\boltz_results_native_blind\predictions\native_blind\native_blind_model_0.pdb,complete,,H,CDR2,4,1,50;53;54;56,/home/xinlab/home/ws/phase2/results/12_complex_prediction/formal/native_blind_seed7/boltz_results_native_blind/predictions/native_blind/native_blind_model_0.pdb,/home/xinlab/home/ws/phase2/results/12_complex_prediction/formal/native_blind_seed7/boltz_results_native_blind/predictions/native_blind/native_blind_model_0.pdb,D:\IL-24(teeth）\phase2_release\results\full181_supplement\server_baseline_snapshot\server_source_inventory.json,formal,passed,matched_at_saved_precision,recomputed_server_original_unrelaxed_PDB
Native155,empty,7,D:\IL-24(teeth）\phase2_release\results\full181_supplement\server_baseline_snapshot\results\12_complex_prediction\formal\native_blind_seed7\boltz_results_native_blind\predictions\native_blind\native_blind_model_0.pdb,complete,,H,FR3,1,1,58,/home/xinlab/home/ws/phase2/results/12_complex_prediction/formal/native_blind_seed7/boltz_results_native_blind/predictions/native_blind/native_blind_model_0.pdb,/home/xinlab/home/ws/phase2/results/12_complex_prediction/formal/native_blind_seed7/boltz_results_native_blind/predictions/native_blind/native_blind_model_0.pdb,D:\IL-24(teeth）\phase2_release\results\full181_supplement\server_baseline_snapshot\server_source_inventory.json,formal,passed,matched_at_saved_precision,recomputed_server_original_unrelaxed_PDB
Native155,empty,7,D:\IL-24(teeth）\phase2_release\results\full181_supplement\server_baseline_snapshot\results\12_complex_prediction\formal\native_blind_seed7\boltz_results_native_blind\predictions\native_blind\native_blind_model_0.pdb,complete,,H,CDR3,6,1,98;100;101;102;103;104,/home/xinlab/home/ws/phase2/results/12_complex_prediction/formal/native_blind_seed7/boltz_results_native_blind/predictions/native_blind/native_blind_model_0.pdb,/home/xinlab/home/ws/phase2/results/12_complex_prediction/formal/native_blind_seed7/boltz_results_native_blind/predictions/native_blind/native_blind_model_0.pdb,D:\IL-24(teeth）\phase2_release\results\full181_supplement\server_baseline_snapshot\server_source_inventory.json,formal,passed,matched_at_saved_precision,recomputed_server_original_unrelaxed_PDB
Native155,empty,7,D:\IL-24(teeth）\phase2_release\results\full181_supplement\server_baseline_snapshot\results\12_complex_prediction\formal\native_blind_seed7\boltz_results_native_blind\predictions\native_blind\native_blind_model_0.pdb,complete,,H,FR4,0,0,,/home/xinlab/home/ws/phase2/results/12_complex_prediction/formal/native_blind_seed7/boltz_results_native_blind/predictions/native_blind/native_blind_model_0.pdb,/home/xinlab/home/ws/phase2/results/12_complex_prediction/formal/native_blind_seed7/boltz_results_native_blind/predictions/native_blind/native_blind_model_0.pdb,D:\IL-24(teeth）\phase2_release\results\full181_supplement\server_baseline_snapshot\server_source_inventory.json,formal,passed,matched_at_saved_precision,recomputed_server_original_unrelaxed_PDB
Native155,empty,7,D:\IL-24(teeth）\phase2_release\results\full181_supplement\server_baseline_snapshot\results\12_complex_prediction\formal\native_blind_seed7\boltz_results_native_blind\predictions\native_blind\native_blind_model_0.pdb,complete,,L,FR1,0,0,,/home/xinlab/home/ws/phase2/results/12_complex_prediction/formal/native_blind_seed7/boltz_results_native_blind/predictions/native_blind/native_blind_model_0.pdb,/home/xinlab/home/ws/phase2/results/12_complex_prediction/formal/native_blind_seed7/boltz_results_native_blind/predictions/native_blind/native_blind_model_0.pdb,D:\IL-24(teeth）\phase2_release\results\full181_supplement\server_baseline_snapshot\server_source_inventory.json,formal,passed,matched_at_saved_precision,recomputed_server_original_unrelaxed_PDB
Native155,empty,7,D:\IL-24(teeth）\phase2_release\results\full181_supplement\server_baseline_snapshot\results\12_complex_prediction\formal\native_blind_seed7\boltz_results_native_blind\predictions\native_blind\native_blind_model_0.pdb,complete,,L,CDR1,3,1,30;31;32,/home/xinlab/home/ws/phase2/results/12_complex_prediction/formal/native_blind_seed7/boltz_results_native_blind/predictions/native_blind/native_blind_model_0.pdb,/home/xinlab/home/ws/phase2/results/12_complex_prediction/formal/native_blind_seed7/boltz_results_native_blind/predictions/native_blind/native_blind_model_0.pdb,D:\IL-24(teeth）\phase2_release\results\full181_supplement\server_baseline_snapshot\server_source_inventory.json,formal,passed,matched_at_saved_precision,recomputed_server_original_unrelaxed_PDB
Native155,empty,7,D:\IL-24(teeth）\phase2_release\results\full181_supplement\server_baseline_snapshot\results\12_complex_prediction\formal\native_blind_seed7\boltz_results_native_blind\predictions\native_blind\native_blind_model_0.pdb,complete,,L,FR2,1,1,49,/home/xinlab/home/ws/phase2/results/12_complex_prediction/formal/native_blind_seed7/boltz_results_native_blind/predictions/native_blind/native_blind_model_0.pdb,/home/xinlab/home/ws/phase2/results/12_complex_prediction/formal/native_blind_seed7/boltz_results_native_blind/predictions/native_blind/native_blind_model_0.pdb,D:\IL-24(teeth）\phase2_release\results\full181_supplement\server_baseline_snapshot\server_source_inventory.json,formal,passed,matched_at_saved_precision,recomputed_server_original_unrelaxed_PDB
Native155,empty,7,D:\IL-24(teeth）\phase2_release\results\full181_supplement\server_baseline_snapshot\results\12_complex_prediction\formal\native_blind_seed7\boltz_results_native_blind\predictions\native_blind\native_blind_model_0.pdb,complete,,L,CDR2,1,1,50,/home/xinlab/home/ws/phase2/results/12_complex_prediction/formal/native_blind_seed7/boltz_results_native_blind/predictions/native_blind/native_blind_model_0.pdb,/home/xinlab/home/ws/phase2/results/12_complex_prediction/formal/native_blind_seed7/boltz_results_native_blind/predictions/native_blind/native_blind_model_0.pdb,D:\IL-24(teeth）\phase2_release\results\full181_supplement\server_baseline_snapshot\server_source_inventory.json,formal,passed,matched_at_saved_precision,recomputed_server_original_unrelaxed_PDB
Native155,empty,7,D:\IL-24(teeth）\phase2_release\results\full181_supplement\server_baseline_snapshot\results\12_complex_prediction\formal\native_blind_seed7\boltz_results_native_blind\predictions\native_blind\native_blind_model_0.pdb,complete,,L,FR3,1,1,53,/home/xinlab/home/ws/phase2/results/12_complex_prediction/formal/native_blind_seed7/boltz_results_native_blind/predictions/native_blind/native_blind_model_0.pdb,/home/xinlab/home/ws/phase2/results/12_complex_prediction/formal/native_blind_seed7/boltz_results_native_blind/predictions/native_blind/native_blind_model_0.pdb,D:\IL-24(teeth）\phase2_release\results\full181_supplement\server_baseline_snapshot\server_source_inventory.json,formal,passed,matched_at_saved_precision,recomputed_server_original_unrelaxed_PDB
Native155,empty,7,D:\IL-24(teeth）\phase2_release\results\full181_supplement\server_baseline_snapshot\results\12_complex_prediction\formal\native_blind_seed7\boltz_results_native_blind\predictions\native_blind\native_blind_model_0.pdb,complete,,L,CDR3,5,1,90;91;92;93;95,/home/xinlab/home/ws/phase2/results/12_complex_prediction/formal/native_blind_seed7/boltz_results_native_blind/predictions/native_blind/native_blind_model_0.pdb,/home/xinlab/home/ws/phase2/results/12_complex_prediction/formal/native_blind_seed7/boltz_results_native_blind/predictions/native_blind/native_blind_model_0.pdb,D:\IL-24(teeth）\phase2_release\results\full181_supplement\server_baseline_snapshot\server_source_inventory.json,formal,passed,matched_at_saved_precision,recomputed_server_original_unrelaxed_PDB
Native155,empty,7,D:\IL-24(teeth）\phase2_release\results\full181_supplement\server_baseline_snapshot\results\12_complex_prediction\formal\native_blind_seed7\boltz_results_native_blind\predictions\native_blind\native_blind_model_0.pdb,complete,,L,FR4,0,0,,/home/xinlab/home/ws/phase2/results/12_complex_prediction/formal/native_blind_seed7/boltz_results_native_blind/predictions/native_blind/native_blind_model_0.pdb,/home/xinlab/home/ws/phase2/results/12_complex_prediction/formal/native_blind_seed7/boltz_results_native_blind/predictions/native_blind/native_blind_model_0.pdb,D:\IL-24(teeth）\phase2_release\results\full181_supplement\server_baseline_snapshot\server_source_inventory.json,formal,passed,matched_at_saved_precision,recomputed_server_original_unrelaxed_PDB
Native155,empty,8,D:\IL-24(teeth）\phase2_release\results\full181_supplement\server_baseline_snapshot\results\12_complex_prediction\formal\native_blind_seed8\boltz_results_native_blind\predictions\native_blind\native_blind_model_0.pdb,complete,,H,FR1,0,0,,/home/xinlab/home/ws/phase2/results/12_complex_prediction/formal/native_blind_seed8/boltz_results_native_blind/predictions/native_blind/native_blind_model_0.pdb,/home/xinlab/home/ws/phase2/results/12_complex_prediction/formal/native_blind_seed8/boltz_results_native_blind/predictions/native_blind/native_blind_model_0.pdb,D:\IL-24(teeth）\phase2_release\results\full181_supplement\server_baseline_snapshot\server_source_inventory.json,formal,passed,matched_at_saved_precision,recomputed_server_original_unrelaxed_PDB
Native155,empty,8,D:\IL-24(teeth）\phase2_release\results\full181_supplement\server_baseline_snapshot\results\12_complex_prediction\formal\native_blind_seed8\boltz_results_native_blind\predictions\native_blind\native_blind_model_0.pdb,complete,,H,CDR1,4,1,30;31;32;33,/home/xinlab/home/ws/phase2/results/12_complex_prediction/formal/native_blind_seed8/boltz_results_native_blind/predictions/native_blind/native_blind_model_0.pdb,/home/xinlab/home/ws/phase2/results/12_complex_prediction/formal/native_blind_seed8/boltz_results_native_blind/predictions/native_blind/native_blind_model_0.pdb,D:\IL-24(teeth）\phase2_release\results\full181_supplement\server_baseline_snapshot\server_source_inventory.json,formal,passed,matched_at_saved_precision,recomputed_server_original_unrelaxed_PDB
Native155,empty,8,D:\IL-24(teeth）\phase2_release\results\full181_supplement\server_baseline_snapshot\results\12_complex_prediction\formal\native_blind_seed8\boltz_results_native_blind\predictions\native_blind\native_blind_model_0.pdb,complete,,H,FR2,1,1,35,/home/xinlab/home/ws/phase2/results/12_complex_prediction/formal/native_blind_seed8/boltz_results_native_blind/predictions/native_blind/native_blind_model_0.pdb,/home/xinlab/home/ws/phase2/results/12_complex_prediction/formal/native_blind_seed8/boltz_results_native_blind/predictions/native_blind/native_blind_model_0.pdb,D:\IL-24(teeth）\phase2_release\results\full181_supplement\server_baseline_snapshot\server_source_inventory.json,formal,passed,matched_at_saved_precision,recomputed_server_original_unrelaxed_PDB
Native155,empty,8,D:\IL-24(teeth）\phase2_release\results\full181_supplement\server_baseline_snapshot\results\12_complex_prediction\formal\native_blind_seed8\boltz_results_native_blind\predictions\native_blind\native_blind_model_0.pdb,complete,,H,CDR2,3,1,53;54;56,/home/xinlab/home/ws/phase2/results/12_complex_prediction/formal/native_blind_seed8/boltz_results_native_blind/predictions/native_blind/native_blind_model_0.pdb,/home/xinlab/home/ws/phase2/results/12_complex_prediction/formal/native_blind_seed8/boltz_results_native_blind/predictions/native_blind/native_blind_model_0.pdb,D:\IL-24(teeth）\phase2_release\results\full181_supplement\server_baseline_snapshot\server_source_inventory.json,formal,passed,matched_at_saved_precision,recomputed_server_original_unrelaxed_PDB
Native155,empty,8,D:\IL-24(teeth）\phase2_release\results\full181_supplement\server_baseline_snapshot\results\12_complex_prediction\formal\native_blind_seed8\boltz_results_native_blind\predictions\native_blind\native_blind_model_0.pdb,complete,,H,FR3,1,1,58,/home/xinlab/home/ws/phase2/results/12_complex_prediction/formal/native_blind_seed8/boltz_results_native_blind/predictions/native_blind/native_blind_model_0.pdb,/home/xinlab/home/ws/phase2/results/12_complex_prediction/formal/native_blind_seed8/boltz_results_native_blind/predictions/native_blind/native_blind_model_0.pdb,D:\IL-24(teeth）\phase2_release\results\full181_supplement\server_baseline_snapshot\server_source_inventory.json,formal,passed,matched_at_saved_precision,recomputed_server_original_unrelaxed_PDB
Native155,empty,8,D:\IL-24(teeth）\phase2_release\results\full181_supplement\server_baseline_snapshot\results\12_complex_prediction\formal\native_blind_seed8\boltz_results_native_blind\predictions\native_blind\native_blind_model_0.pdb,complete,,H,CDR3,6,1,98;99;100;101;102;104,/home/xinlab/home/ws/phase2/results/12_complex_prediction/formal/native_blind_seed8/boltz_results_native_blind/predictions/native_blind/native_blind_model_0.pdb,/home/xinlab/home/ws/phase2/results/12_complex_prediction/formal/native_blind_seed8/boltz_results_native_blind/predictions/native_blind/native_blind_model_0.pdb,D:\IL-24(teeth）\phase2_release\results\full181_supplement\server_baseline_snapshot\server_source_inventory.json,formal,passed,matched_at_saved_precision,recomputed_server_original_unrelaxed_PDB
Native155,empty,8,D:\IL-24(teeth）\phase2_release\results\full181_supplement\server_baseline_snapshot\results\12_complex_prediction\formal\native_blind_seed8\boltz_results_native_blind\predictions\native_blind\native_blind_model_0.pdb,complete,,H,FR4,0,0,,/home/xinlab/home/ws/phase2/results/12_complex_prediction/formal/native_blind_seed8/boltz_results_native_blind/predictions/native_blind/native_blind_model_0.pdb,/home/xinlab/home/ws/phase2/results/12_complex_prediction/formal/native_blind_seed8/boltz_results_native_blind/predictions/native_blind/native_blind_model_0.pdb,D:\IL-24(teeth）\phase2_release\results\full181_supplement\server_baseline_snapshot\server_source_inventory.json,formal,passed,matched_at_saved_precision,recomputed_server_original_unrelaxed_PDB
Native155,empty,8,D:\IL-24(teeth）\phase2_release\results\full181_supplement\server_baseline_snapshot\results\12_complex_prediction\formal\native_blind_seed8\boltz_results_native_blind\predictions\native_blind\native_blind_model_0.pdb,complete,,L,FR1,0,0,,/home/xinlab/home/ws/phase2/results/12_complex_prediction/formal/native_blind_seed8/boltz_results_native_blind/predictions/native_blind/native_blind_model_0.pdb,/home/xinlab/home/ws/phase2/results/12_complex_prediction/formal/native_blind_seed8/boltz_results_native_blind/predictions/native_blind/native_blind_model_0.pdb,D:\IL-24(teeth）\phase2_release\results\full181_supplement\server_baseline_snapshot\server_source_inventory.json,formal,passed,matched_at_saved_precision,recomputed_server_original_unrelaxed_PDB
Native155,empty,8,D:\IL-24(teeth）\phase2_release\results\full181_supplement\server_baseline_snapshot\results\12_complex_prediction\formal\native_blind_seed8\boltz_results_native_blind\predictions\native_blind\native_blind_model_0.pdb,complete,,L,CDR1,1,1,31,/home/xinlab/home/ws/phase2/results/12_complex_prediction/formal/native_blind_seed8/boltz_results_native_blind/predictions/native_blind/native_blind_model_0.pdb,/home/xinlab/home/ws/phase2/results/12_complex_prediction/formal/native_blind_seed8/boltz_results_native_blind/predictions/native_blind/native_blind_model_0.pdb,D:\IL-24(teeth）\phase2_release\results\full181_supplement\server_baseline_snapshot\server_source_inventory.json,formal,passed,matched_at_saved_precision,recomputed_server_original_unrelaxed_PDB
Native155,empty,8,D:\IL-24(teeth）\phase2_release\results\full181_supplement\server_baseline_snapshot\results\12_complex_prediction\formal\native_blind_seed8\boltz_results_native_blind\predictions\native_blind\native_blind_model_0.pdb,complete,,L,FR2,0,0,,/home/xinlab/home/ws/phase2/results/12_complex_prediction/formal/native_blind_seed8/boltz_results_native_blind/predictions/native_blind/native_blind_model_0.pdb,/home/xinlab/home/ws/phase2/results/12_complex_prediction/formal/native_blind_seed8/boltz_results_native_blind/predictions/native_blind/native_blind_model_0.pdb,D:\IL-24(teeth）\phase2_release\results\full181_supplement\server_baseline_snapshot\server_source_inventory.json,formal,passed,matched_at_saved_precision,recomputed_server_original_unrelaxed_PDB
Native155,empty,8,D:\IL-24(teeth）\phase2_release\results\full181_supplement\server_baseline_snapshot\results\12_complex_prediction\formal\native_blind_seed8\boltz_results_native_blind\predictions\native_blind\native_blind_model_0.pdb,complete,,L,CDR2,1,1,50,/home/xinlab/home/ws/phase2/results/12_complex_prediction/formal/native_blind_seed8/boltz_results_native_blind/predictions/native_blind/native_blind_model_0.pdb,/home/xinlab/home/ws/phase2/results/12_complex_prediction/formal/native_blind_seed8/boltz_results_native_blind/predictions/native_blind/native_blind_model_0.pdb,D:\IL-24(teeth）\phase2_release\results\full181_supplement\server_baseline_snapshot\server_source_inventory.json,formal,passed,matched_at_saved_precision,recomputed_server_original_unrelaxed_PDB
Native155,empty,8,D:\IL-24(teeth）\phase2_release\results\full181_supplement\server_baseline_snapshot\results\12_complex_prediction\formal\native_blind_seed8\boltz_results_native_blind\predictions\native_blind\native_blind_model_0.pdb,complete,,L,FR3,1,1,53,/home/xinlab/home/ws/phase2/results/12_complex_prediction/formal/native_blind_seed8/boltz_results_native_blind/predictions/native_blind/native_blind_model_0.pdb,/home/xinlab/home/ws/phase2/results/12_complex_prediction/formal/native_blind_seed8/boltz_results_native_blind/predictions/native_blind/native_blind_model_0.pdb,D:\IL-24(teeth）\phase2_release\results\full181_supplement\server_baseline_snapshot\server_source_inventory.json,formal,passed,matched_at_saved_precision,recomputed_server_original_unrelaxed_PDB
Native155,empty,8,D:\IL-24(teeth）\phase2_release\results\full181_supplement\server_baseline_snapshot\results\12_complex_prediction\formal\native_blind_seed8\boltz_results_native_blind\predictions\native_blind\native_blind_model_0.pdb,complete,,L,CDR3,5,1,90;91;92;93;95,/home/xinlab/home/ws/phase2/results/12_complex_prediction/formal/native_blind_seed8/boltz_results_native_blind/predictions/native_blind/native_blind_model_0.pdb,/home/xinlab/home/ws/phase2/results/12_complex_prediction/formal/native_blind_seed8/boltz_results_native_blind/predictions/native_blind/native_blind_model_0.pdb,D:\IL-24(teeth）\phase2_release\results\full181_supplement\server_baseline_snapshot\server_source_inventory.json,formal,passed,matched_at_saved_precision,recomputed_server_original_unrelaxed_PDB
Native155,empty,8,D:\IL-24(teeth）\phase2_release\results\full181_supplement\server_baseline_snapshot\results\12_complex_prediction\formal\native_blind_seed8\boltz_results_native_blind\predictions\native_blind\native_blind_model_0.pdb,complete,,L,FR4,0,0,,/home/xinlab/home/ws/phase2/results/12_complex_prediction/formal/native_blind_seed8/boltz_results_native_blind/predictions/native_blind/native_blind_model_0.pdb,/home/xinlab/home/ws/phase2/results/12_complex_prediction/formal/native_blind_seed8/boltz_results_native_blind/predictions/native_blind/native_blind_model_0.pdb,D:\IL-24(teeth）\phase2_release\results\full181_supplement\server_baseline_snapshot\server_source_inventory.json,formal,passed,matched_at_saved_precision,recomputed_server_original_unrelaxed_PDB
Native155,empty,9,D:\IL-24(teeth）\phase2_release\results\full181_supplement\server_baseline_snapshot\results\12_complex_prediction\formal\native_blind_seed9\boltz_results_native_blind\predictions\native_blind\native_blind_model_0.pdb,complete,,H,FR1,0,0,,/home/xinlab/home/ws/phase2/results/12_complex_prediction/formal/native_blind_seed9/boltz_results_native_blind/predictions/native_blind/native_blind_model_0.pdb,/home/xinlab/home/ws/phase2/results/12_complex_prediction/formal/native_blind_seed9/boltz_results_native_blind/predictions/native_blind/native_blind_model_0.pdb,D:\IL-24(teeth）\phase2_release\results\full181_supplement\server_baseline_snapshot\server_source_inventory.json,formal,passed,matched_at_saved_precision,recomputed_server_original_unrelaxed_PDB
Native155,empty,9,D:\IL-24(teeth）\phase2_release\results\full181_supplement\server_baseline_snapshot\results\12_complex_prediction\formal\native_blind_seed9\boltz_results_native_blind\predictions\native_blind\native_blind_model_0.pdb,complete,,H,CDR1,3,1,31;32;33,/home/xinlab/home/ws/phase2/results/12_complex_prediction/formal/native_blind_seed9/boltz_results_native_blind/predictions/native_blind/native_blind_model_0.pdb,/home/xinlab/home/ws/phase2/results/12_complex_prediction/formal/native_blind_seed9/boltz_results_native_blind/predictions/native_blind/native_blind_model_0.pdb,D:\IL-24(teeth）\phase2_release\results\full181_supplement\server_baseline_snapshot\server_source_inventory.json,formal,passed,matched_at_saved_precision,recomputed_server_original_unrelaxed_PDB
Native155,empty,9,D:\IL-24(teeth）\phase2_release\results\full181_supplement\server_baseline_snapshot\results\12_complex_prediction\formal\native_blind_seed9\boltz_results_native_blind\predictions\native_blind\native_blind_model_0.pdb,complete,,H,FR2,1,1,35,/home/xinlab/home/ws/phase2/results/12_complex_prediction/formal/native_blind_seed9/boltz_results_native_blind/predictions/native_blind/native_blind_model_0.pdb,/home/xinlab/home/ws/phase2/results/12_complex_prediction/formal/native_blind_seed9/boltz_results_native_blind/predictions/native_blind/native_blind_model_0.pdb,D:\IL-24(teeth）\phase2_release\results\full181_supplement\server_baseline_snapshot\server_source_inventory.json,formal,passed,matched_at_saved_precision,recomputed_server_original_unrelaxed_PDB
Native155,empty,9,D:\IL-24(teeth）\phase2_release\results\full181_supplement\server_baseline_snapshot\results\12_complex_prediction\formal\native_blind_seed9\boltz_results_native_blind\predictions\native_blind\native_blind_model_0.pdb,complete,,H,CDR2,4,1,50;53;54;56,/home/xinlab/home/ws/phase2/results/12_complex_prediction/formal/native_blind_seed9/boltz_results_native_blind/predictions/native_blind/native_blind_model_0.pdb,/home/xinlab/home/ws/phase2/results/12_complex_prediction/formal/native_blind_seed9/boltz_results_native_blind/predictions/native_blind/native_blind_model_0.pdb,D:\IL-24(teeth）\phase2_release\results\full181_supplement\server_baseline_snapshot\server_source_inventory.json,formal,passed,matched_at_saved_precision,recomputed_server_original_unrelaxed_PDB
Native155,empty,9,D:\IL-24(teeth）\phase2_release\results\full181_supplement\server_baseline_snapshot\results\12_complex_prediction\formal\native_blind_seed9\boltz_results_native_blind\predictions\native_blind\native_blind_model_0.pdb,complete,,H,FR3,0,0,,/home/xinlab/home/ws/phase2/results/12_complex_prediction/formal/native_blind_seed9/boltz_results_native_blind/predictions/native_blind/native_blind_model_0.pdb,/home/xinlab/home/ws/phase2/results/12_complex_prediction/formal/native_blind_seed9/boltz_results_native_blind/predictions/native_blind/native_blind_model_0.pdb,D:\IL-24(teeth）\phase2_release\results\full181_supplement\server_baseline_snapshot\server_source_inventory.json,formal,passed,matched_at_saved_precision,recomputed_server_original_unrelaxed_PDB
Native155,empty,9,D:\IL-24(teeth）\phase2_release\results\full181_supplement\server_baseline_snapshot\results\12_complex_prediction\formal\native_blind_seed9\boltz_results_native_blind\predictions\native_blind\native_blind_model_0.pdb,complete,,H,CDR3,5,1,98;100;101;102;104,/home/xinlab/home/ws/phase2/results/12_complex_prediction/formal/native_blind_seed9/boltz_results_native_blind/predictions/native_blind/native_blind_model_0.pdb,/home/xinlab/home/ws/phase2/results/12_complex_prediction/formal/native_blind_seed9/boltz_results_native_blind/predictions/native_blind/native_blind_model_0.pdb,D:\IL-24(teeth）\phase2_release\results\full181_supplement\server_baseline_snapshot\server_source_inventory.json,formal,passed,matched_at_saved_precision,recomputed_server_original_unrelaxed_PDB
Native155,empty,9,D:\IL-24(teeth）\phase2_release\results\full181_supplement\server_baseline_snapshot\results\12_complex_prediction\formal\native_blind_seed9\boltz_results_native_blind\predictions\native_blind\native_blind_model_0.pdb,complete,,H,FR4,0,0,,/home/xinlab/home/ws/phase2/results/12_complex_prediction/formal/native_blind_seed9/boltz_results_native_blind/predictions/native_blind/native_blind_model_0.pdb,/home/xinlab/home/ws/phase2/results/12_complex_prediction/formal/native_blind_seed9/boltz_results_native_blind/predictions/native_blind/native_blind_model_0.pdb,D:\IL-24(teeth）\phase2_release\results\full181_supplement\server_baseline_snapshot\server_source_inventory.json,formal,passed,matched_at_saved_precision,recomputed_server_original_unrelaxed_PDB
Native155,empty,9,D:\IL-24(teeth）\phase2_release\results\full181_supplement\server_baseline_snapshot\results\12_complex_prediction\formal\native_blind_seed9\boltz_results_native_blind\predictions\native_blind\native_blind_model_0.pdb,complete,,L,FR1,0,0,,/home/xinlab/home/ws/phase2/results/12_complex_prediction/formal/native_blind_seed9/boltz_results_native_blind/predictions/native_blind/native_blind_model_0.pdb,/home/xinlab/home/ws/phase2/results/12_complex_prediction/formal/native_blind_seed9/boltz_results_native_blind/predictions/native_blind/native_blind_model_0.pdb,D:\IL-24(teeth）\phase2_release\results\full181_supplement\server_baseline_snapshot\server_source_inventory.json,formal,passed,matched_at_saved_precision,recomputed_server_original_unrelaxed_PDB
Native155,empty,9,D:\IL-24(teeth）\phase2_release\results\full181_supplement\server_baseline_snapshot\results\12_complex_prediction\formal\native_blind_seed9\boltz_results_native_blind\predictions\native_blind\native_blind_model_0.pdb,complete,,L,CDR1,5,1,28;29;30;31;32,/home/xinlab/home/ws/phase2/results/12_complex_prediction/formal/native_blind_seed9/boltz_results_native_blind/predictions/native_blind/native_blind_model_0.pdb,/home/xinlab/home/ws/phase2/results/12_complex_prediction/formal/native_blind_seed9/boltz_results_native_blind/predictions/native_blind/native_blind_model_0.pdb,D:\IL-24(teeth）\phase2_release\results\full181_supplement\server_baseline_snapshot\server_source_inventory.json,formal,passed,matched_at_saved_precision,recomputed_server_original_unrelaxed_PDB
Native155,empty,9,D:\IL-24(teeth）\phase2_release\results\full181_supplement\server_baseline_snapshot\results\12_complex_prediction\formal\native_blind_seed9\boltz_results_native_blind\predictions\native_blind\native_blind_model_0.pdb,complete,,L,FR2,0,0,,/home/xinlab/home/ws/phase2/results/12_complex_prediction/formal/native_blind_seed9/boltz_results_native_blind/predictions/native_blind/native_blind_model_0.pdb,/home/xinlab/home/ws/phase2/results/12_complex_prediction/formal/native_blind_seed9/boltz_results_native_blind/predictions/native_blind/native_blind_model_0.pdb,D:\IL-24(teeth）\phase2_release\results\full181_supplement\server_baseline_snapshot\server_source_inventory.json,formal,passed,matched_at_saved_precision,recomputed_server_original_unrelaxed_PDB
Native155,empty,9,D:\IL-24(teeth）\phase2_release\results\full181_supplement\server_baseline_snapshot\results\12_complex_prediction\formal\native_blind_seed9\boltz_results_native_blind\predictions\native_blind\native_blind_model_0.pdb,complete,,L,CDR2,1,1,50,/home/xinlab/home/ws/phase2/results/12_complex_prediction/formal/native_blind_seed9/boltz_results_native_blind/predictions/native_blind/native_blind_model_0.pdb,/home/xinlab/home/ws/phase2/results/12_complex_prediction/formal/native_blind_seed9/boltz_results_native_blind/predictions/native_blind/native_blind_model_0.pdb,D:\IL-24(teeth）\phase2_release\results\full181_supplement\server_baseline_snapshot\server_source_inventory.json,formal,passed,matched_at_saved_precision,recomputed_server_original_unrelaxed_PDB
Native155,empty,9,D:\IL-24(teeth）\phase2_release\results\full181_supplement\server_baseline_snapshot\results\12_complex_prediction\formal\native_blind_seed9\boltz_results_native_blind\predictions\native_blind\native_blind_model_0.pdb,complete,,L,FR3,2,1,53;67,/home/xinlab/home/ws/phase2/results/12_complex_prediction/formal/native_blind_seed9/boltz_results_native_blind/predictions/native_blind/native_blind_model_0.pdb,/home/xinlab/home/ws/phase2/results/12_complex_prediction/formal/native_blind_seed9/boltz_results_native_blind/predictions/native_blind/native_blind_model_0.pdb,D:\IL-24(teeth）\phase2_release\results\full181_supplement\server_baseline_snapshot\server_source_inventory.json,formal,passed,matched_at_saved_precision,recomputed_server_original_unrelaxed_PDB
Native155,empty,9,D:\IL-24(teeth）\phase2_release\results\full181_supplement\server_baseline_snapshot\results\12_complex_prediction\formal\native_blind_seed9\boltz_results_native_blind\predictions\native_blind\native_blind_model_0.pdb,complete,,L,CDR3,5,1,90;91;92;93;95,/home/xinlab/home/ws/phase2/results/12_complex_prediction/formal/native_blind_seed9/boltz_results_native_blind/predictions/native_blind/native_blind_model_0.pdb,/home/xinlab/home/ws/phase2/results/12_complex_prediction/formal/native_blind_seed9/boltz_results_native_blind/predictions/native_blind/native_blind_model_0.pdb,D:\IL-24(teeth）\phase2_release\results\full181_supplement\server_baseline_snapshot\server_source_inventory.json,formal,passed,matched_at_saved_precision,recomputed_server_original_unrelaxed_PDB
Native155,empty,9,D:\IL-24(teeth）\phase2_release\results\full181_supplement\server_baseline_snapshot\results\12_complex_prediction\formal\native_blind_seed9\boltz_results_native_blind\predictions\native_blind\native_blind_model_0.pdb,complete,,L,FR4,0,0,,/home/xinlab/home/ws/phase2/results/12_complex_prediction/formal/native_blind_seed9/boltz_results_native_blind/predictions/native_blind/native_blind_model_0.pdb,/home/xinlab/home/ws/phase2/results/12_complex_prediction/formal/native_blind_seed9/boltz_results_native_blind/predictions/native_blind/native_blind_model_0.pdb,D:\IL-24(teeth）\phase2_release\results\full181_supplement\server_baseline_snapshot\server_source_inventory.json,formal,passed,matched_at_saved_precision,recomputed_server_original_unrelaxed_PDB
Native155,empty,10,D:\IL-24(teeth）\phase2_release\results\full181_supplement\server_baseline_snapshot\results\12_complex_prediction\formal\native_blind_seed10\boltz_results_native_blind\predictions\native_blind\native_blind_model_0.pdb,complete,,H,FR1,0,0,,/home/xinlab/home/ws/phase2/results/12_complex_prediction/formal/native_blind_seed10/boltz_results_native_blind/predictions/native_blind/native_blind_model_0.pdb,/home/xinlab/home/ws/phase2/results/12_complex_prediction/formal/native_blind_seed10/boltz_results_native_blind/predictions/native_blind/native_blind_model_0.pdb,D:\IL-24(teeth）\phase2_release\results\full181_supplement\server_baseline_snapshot\server_source_inventory.json,formal,passed,matched_at_saved_precision,recomputed_server_original_unrelaxed_PDB
Native155,empty,10,D:\IL-24(teeth）\phase2_release\results\full181_supplement\server_baseline_snapshot\results\12_complex_prediction\formal\native_blind_seed10\boltz_results_native_blind\predictions\native_blind\native_blind_model_0.pdb,complete,,H,CDR1,3,1,31;32;33,/home/xinlab/home/ws/phase2/results/12_complex_prediction/formal/native_blind_seed10/boltz_results_native_blind/predictions/native_blind/native_blind_model_0.pdb,/home/xinlab/home/ws/phase2/results/12_complex_prediction/formal/native_blind_seed10/boltz_results_native_blind/predictions/native_blind/native_blind_model_0.pdb,D:\IL-24(teeth）\phase2_release\results\full181_supplement\server_baseline_snapshot\server_source_inventory.json,formal,passed,matched_at_saved_precision,recomputed_server_original_unrelaxed_PDB
Native155,empty,10,D:\IL-24(teeth）\phase2_release\results\full181_supplement\server_baseline_snapshot\results\12_complex_prediction\formal\native_blind_seed10\boltz_results_native_blind\predictions\native_blind\native_blind_model_0.pdb,complete,,H,FR2,1,1,35,/home/xinlab/home/ws/phase2/results/12_complex_prediction/formal/native_blind_seed10/boltz_results_native_blind/predictions/native_blind/native_blind_model_0.pdb,/home/xinlab/home/ws/phase2/results/12_complex_prediction/formal/native_blind_seed10/boltz_results_native_blind/predictions/native_blind/native_blind_model_0.pdb,D:\IL-24(teeth）\phase2_release\results\full181_supplement\server_baseline_snapshot\server_source_inventory.json,formal,passed,matched_at_saved_precision,recomputed_server_original_unrelaxed_PDB
Native155,empty,10,D:\IL-24(teeth）\phase2_release\results\full181_supplement\server_baseline_snapshot\results\12_complex_prediction\formal\native_blind_seed10\boltz_results_native_blind\predictions\native_blind\native_blind_model_0.pdb,complete,,H,CDR2,4,1,50;53;54;56,/home/xinlab/home/ws/phase2/results/12_complex_prediction/formal/native_blind_seed10/boltz_results_native_blind/predictions/native_blind/native_blind_model_0.pdb,/home/xinlab/home/ws/phase2/results/12_complex_prediction/formal/native_blind_seed10/boltz_results_native_blind/predictions/native_blind/native_blind_model_0.pdb,D:\IL-24(teeth）\phase2_release\results\full181_supplement\server_baseline_snapshot\server_source_inventory.json,formal,passed,matched_at_saved_precision,recomputed_server_original_unrelaxed_PDB
Native155,empty,10,D:\IL-24(teeth）\phase2_release\results\full181_supplement\server_baseline_snapshot\results\12_complex_prediction\formal\native_blind_seed10\boltz_results_native_blind\predictions\native_blind\native_blind_model_0.pdb,complete,,H,FR3,1,1,58,/home/xinlab/home/ws/phase2/results/12_complex_prediction/formal/native_blind_seed10/boltz_results_native_blind/predictions/native_blind/native_blind_model_0.pdb,/home/xinlab/home/ws/phase2/results/12_complex_prediction/formal/native_blind_seed10/boltz_results_native_blind/predictions/native_blind/native_blind_model_0.pdb,D:\IL-24(teeth）\phase2_release\results\full181_supplement\server_baseline_snapshot\server_source_inventory.json,formal,passed,matched_at_saved_precision,recomputed_server_original_unrelaxed_PDB
Native155,empty,10,D:\IL-24(teeth）\phase2_release\results\full181_supplement\server_baseline_snapshot\results\12_complex_prediction\formal\native_blind_seed10\boltz_results_native_blind\predictions\native_blind\native_blind_model_0.pdb,complete,,H,CDR3,6,1,98;100;101;102;103;104,/home/xinlab/home/ws/phase2/results/12_complex_prediction/formal/native_blind_seed10/boltz_results_native_blind/predictions/native_blind/native_blind_model_0.pdb,/home/xinlab/home/ws/phase2/results/12_complex_prediction/formal/native_blind_seed10/boltz_results_native_blind/predictions/native_blind/native_blind_model_0.pdb,D:\IL-24(teeth）\phase2_release\results\full181_supplement\server_baseline_snapshot\server_source_inventory.json,formal,passed,matched_at_saved_precision,recomputed_server_original_unrelaxed_PDB
Native155,empty,10,D:\IL-24(teeth）\phase2_release\results\full181_supplement\server_baseline_snapshot\results\12_complex_prediction\formal\native_blind_seed10\boltz_results_native_blind\predictions\native_blind\native_blind_model_0.pdb,complete,,H,FR4,0,0,,/home/xinlab/home/ws/phase2/results/12_complex_prediction/formal/native_blind_seed10/boltz_results_native_blind/predictions/native_blind/native_blind_model_0.pdb,/home/xinlab/home/ws/phase2/results/12_complex_prediction/formal/native_blind_seed10/boltz_results_native_blind/predictions/native_blind/native_blind_model_0.pdb,D:\IL-24(teeth）\phase2_release\results\full181_supplement\server_baseline_snapshot\server_source_inventory.json,formal,passed,matched_at_saved_precision,recomputed_server_original_unrelaxed_PDB
Native155,empty,10,D:\IL-24(teeth）\phase2_release\results\full181_supplement\server_baseline_snapshot\results\12_complex_prediction\formal\native_blind_seed10\boltz_results_native_blind\predictions\native_blind\native_blind_model_0.pdb,complete,,L,FR1,0,0,,/home/xinlab/home/ws/phase2/results/12_complex_prediction/formal/native_blind_seed10/boltz_results_native_blind/predictions/native_blind/native_blind_model_0.pdb,/home/xinlab/home/ws/phase2/results/12_complex_prediction/formal/native_blind_seed10/boltz_results_native_blind/predictions/native_blind/native_blind_model_0.pdb,D:\IL-24(teeth）\phase2_release\results\full181_supplement\server_baseline_snapshot\server_source_inventory.json,formal,passed,matched_at_saved_precision,recomputed_server_original_unrelaxed_PDB
Native155,empty,10,D:\IL-24(teeth）\phase2_release\results\full181_supplement\server_baseline_snapshot\results\12_complex_prediction\formal\native_blind_seed10\boltz_results_native_blind\predictions\native_blind\native_blind_model_0.pdb,complete,,L,CDR1,2,1,28;31,/home/xinlab/home/ws/phase2/results/12_complex_prediction/formal/native_blind_seed10/boltz_results_native_blind/predictions/native_blind/native_blind_model_0.pdb,/home/xinlab/home/ws/phase2/results/12_complex_prediction/formal/native_blind_seed10/boltz_results_native_blind/predictions/native_blind/native_blind_model_0.pdb,D:\IL-24(teeth）\phase2_release\results\full181_supplement\server_baseline_snapshot\server_source_inventory.json,formal,passed,matched_at_saved_precision,recomputed_server_original_unrelaxed_PDB
Native155,empty,10,D:\IL-24(teeth）\phase2_release\results\full181_supplement\server_baseline_snapshot\results\12_complex_prediction\formal\native_blind_seed10\boltz_results_native_blind\predictions\native_blind\native_blind_model_0.pdb,complete,,L,FR2,0,0,,/home/xinlab/home/ws/phase2/results/12_complex_prediction/formal/native_blind_seed10/boltz_results_native_blind/predictions/native_blind/native_blind_model_0.pdb,/home/xinlab/home/ws/phase2/results/12_complex_prediction/formal/native_blind_seed10/boltz_results_native_blind/predictions/native_blind/native_blind_model_0.pdb,D:\IL-24(teeth）\phase2_release\results\full181_supplement\server_baseline_snapshot\server_source_inventory.json,formal,passed,matched_at_saved_precision,recomputed_server_original_unrelaxed_PDB
Native155,empty,10,D:\IL-24(teeth）\phase2_release\results\full181_supplement\server_baseline_snapshot\results\12_complex_prediction\formal\native_blind_seed10\boltz_results_native_blind\predictions\native_blind\native_blind_model_0.pdb,complete,,L,CDR2,2,1,50;52,/home/xinlab/home/ws/phase2/results/12_complex_prediction/formal/native_blind_seed10/boltz_results_native_blind/predictions/native_blind/native_blind_model_0.pdb,/home/xinlab/home/ws/phase2/results/12_complex_prediction/formal/native_blind_seed10/boltz_results_native_blind/predictions/native_blind/native_blind_model_0.pdb,D:\IL-24(teeth）\phase2_release\results\full181_supplement\server_baseline_snapshot\server_source_inventory.json,formal,passed,matched_at_saved_precision,recomputed_server_original_unrelaxed_PDB
Native155,empty,10,D:\IL-24(teeth）\phase2_release\results\full181_supplement\server_baseline_snapshot\results\12_complex_prediction\formal\native_blind_seed10\boltz_results_native_blind\predictions\native_blind\native_blind_model_0.pdb,complete,,L,FR3,3,1,53;66;67,/home/xinlab/home/ws/phase2/results/12_complex_prediction/formal/native_blind_seed10/boltz_results_native_blind/predictions/native_blind/native_blind_model_0.pdb,/home/xinlab/home/ws/phase2/results/12_complex_prediction/formal/native_blind_seed10/boltz_results_native_blind/predictions/native_blind/native_blind_model_0.pdb,D:\IL-24(teeth）\phase2_release\results\full181_supplement\server_baseline_snapshot\server_source_inventory.json,formal,passed,matched_at_saved_precision,recomputed_server_original_unrelaxed_PDB
Native155,empty,10,D:\IL-24(teeth）\phase2_release\results\full181_supplement\server_baseline_snapshot\results\12_complex_prediction\formal\native_blind_seed10\boltz_results_native_blind\predictions\native_blind\native_blind_model_0.pdb,complete,,L,CDR3,5,1,90;91;92;93;95,/home/xinlab/home/ws/phase2/results/12_complex_prediction/formal/native_blind_seed10/boltz_results_native_blind/predictions/native_blind/native_blind_model_0.pdb,/home/xinlab/home/ws/phase2/results/12_complex_prediction/formal/native_blind_seed10/boltz_results_native_blind/predictions/native_blind/native_blind_model_0.pdb,D:\IL-24(teeth）\phase2_release\results\full181_supplement\server_baseline_snapshot\server_source_inventory.json,formal,passed,matched_at_saved_precision,recomputed_server_original_unrelaxed_PDB
Native155,empty,10,D:\IL-24(teeth）\phase2_release\results\full181_supplement\server_baseline_snapshot\results\12_complex_prediction\formal\native_blind_seed10\boltz_results_native_blind\predictions\native_blind\native_blind_model_0.pdb,complete,,L,FR4,0,0,,/home/xinlab/home/ws/phase2/results/12_complex_prediction/formal/native_blind_seed10/boltz_results_native_blind/predictions/native_blind/native_blind_model_0.pdb,/home/xinlab/home/ws/phase2/results/12_complex_prediction/formal/native_blind_seed10/boltz_results_native_blind/predictions/native_blind/native_blind_model_0.pdb,D:\IL-24(teeth）\phase2_release\results\full181_supplement\server_baseline_snapshot\server_source_inventory.json,formal,passed,matched_at_saved_precision,recomputed_server_original_unrelaxed_PDB
Native155,empty,11,D:\IL-24(teeth）\phase2_release\results\full181_supplement\server_baseline_snapshot\results\12_complex_prediction\formal\native_blind_seed11\boltz_results_native_blind\predictions\native_blind\native_blind_model_0.pdb,complete,,H,FR1,0,0,,/home/xinlab/home/ws/phase2/results/12_complex_prediction/formal/native_blind_seed11/boltz_results_native_blind/predictions/native_blind/native_blind_model_0.pdb,/home/xinlab/home/ws/phase2/results/12_complex_prediction/formal/native_blind_seed11/boltz_results_native_blind/predictions/native_blind/native_blind_model_0.pdb,D:\IL-24(teeth）\phase2_release\results\full181_supplement\server_baseline_snapshot\server_source_inventory.json,formal,passed,matched_at_saved_precision,recomputed_server_original_unrelaxed_PDB
Native155,empty,11,D:\IL-24(teeth）\phase2_release\results\full181_supplement\server_baseline_snapshot\results\12_complex_prediction\formal\native_blind_seed11\boltz_results_native_blind\predictions\native_blind\native_blind_model_0.pdb,complete,,H,CDR1,5,1,29;30;31;32;33,/home/xinlab/home/ws/phase2/results/12_complex_prediction/formal/native_blind_seed11/boltz_results_native_blind/predictions/native_blind/native_blind_model_0.pdb,/home/xinlab/home/ws/phase2/results/12_complex_prediction/formal/native_blind_seed11/boltz_results_native_blind/predictions/native_blind/native_blind_model_0.pdb,D:\IL-24(teeth）\phase2_release\results\full181_supplement\server_baseline_snapshot\server_source_inventory.json,formal,passed,matched_at_saved_precision,recomputed_server_original_unrelaxed_PDB
Native155,empty,11,D:\IL-24(teeth）\phase2_release\results\full181_supplement\server_baseline_snapshot\results\12_complex_prediction\formal\native_blind_seed11\boltz_results_native_blind\predictions\native_blind\native_blind_model_0.pdb,complete,,H,FR2,0,0,,/home/xinlab/home/ws/phase2/results/12_complex_prediction/formal/native_blind_seed11/boltz_results_native_blind/predictions/native_blind/native_blind_model_0.pdb,/home/xinlab/home/ws/phase2/results/12_complex_prediction/formal/native_blind_seed11/boltz_results_native_blind/predictions/native_blind/native_blind_model_0.pdb,D:\IL-24(teeth）\phase2_release\results\full181_supplement\server_baseline_snapshot\server_source_inventory.json,formal,passed,matched_at_saved_precision,recomputed_server_original_unrelaxed_PDB
Native155,empty,11,D:\IL-24(teeth）\phase2_release\results\full181_supplement\server_baseline_snapshot\results\12_complex_prediction\formal\native_blind_seed11\boltz_results_native_blind\predictions\native_blind\native_blind_model_0.pdb,complete,,H,CDR2,4,1,50;53;54;56,/home/xinlab/home/ws/phase2/results/12_complex_prediction/formal/native_blind_seed11/boltz_results_native_blind/predictions/native_blind/native_blind_model_0.pdb,/home/xinlab/home/ws/phase2/results/12_complex_prediction/formal/native_blind_seed11/boltz_results_native_blind/predictions/native_blind/native_blind_model_0.pdb,D:\IL-24(teeth）\phase2_release\results\full181_supplement\server_baseline_snapshot\server_source_inventory.json,formal,passed,matched_at_saved_precision,recomputed_server_original_unrelaxed_PDB
Native155,empty,11,D:\IL-24(teeth）\phase2_release\results\full181_supplement\server_baseline_snapshot\results\12_complex_prediction\formal\native_blind_seed11\boltz_results_native_blind\predictions\native_blind\native_blind_model_0.pdb,complete,,H,FR3,1,1,58,/home/xinlab/home/ws/phase2/results/12_complex_prediction/formal/native_blind_seed11/boltz_results_native_blind/predictions/native_blind/native_blind_model_0.pdb,/home/xinlab/home/ws/phase2/results/12_complex_prediction/formal/native_blind_seed11/boltz_results_native_blind/predictions/native_blind/native_blind_model_0.pdb,D:\IL-24(teeth）\phase2_release\results\full181_supplement\server_baseline_snapshot\server_source_inventory.json,formal,passed,matched_at_saved_precision,recomputed_server_original_unrelaxed_PDB
Native155,empty,11,D:\IL-24(teeth）\phase2_release\results\full181_supplement\server_baseline_snapshot\results\12_complex_prediction\formal\native_blind_seed11\boltz_results_native_blind\predictions\native_blind\native_blind_model_0.pdb,complete,,H,CDR3,6,1,98;100;101;102;103;104,/home/xinlab/home/ws/phase2/results/12_complex_prediction/formal/native_blind_seed11/boltz_results_native_blind/predictions/native_blind/native_blind_model_0.pdb,/home/xinlab/home/ws/phase2/results/12_complex_prediction/formal/native_blind_seed11/boltz_results_native_blind/predictions/native_blind/native_blind_model_0.pdb,D:\IL-24(teeth）\phase2_release\results\full181_supplement\server_baseline_snapshot\server_source_inventory.json,formal,passed,matched_at_saved_precision,recomputed_server_original_unrelaxed_PDB
Native155,empty,11,D:\IL-24(teeth）\phase2_release\results\full181_supplement\server_baseline_snapshot\results\12_complex_prediction\formal\native_blind_seed11\boltz_results_native_blind\predictions\native_blind\native_blind_model_0.pdb,complete,,H,FR4,0,0,,/home/xinlab/home/ws/phase2/results/12_complex_prediction/formal/native_blind_seed11/boltz_results_native_blind/predictions/native_blind/native_blind_model_0.pdb,/home/xinlab/home/ws/phase2/results/12_complex_prediction/formal/native_blind_seed11/boltz_results_native_blind/predictions/native_blind/native_blind_model_0.pdb,D:\IL-24(teeth）\phase2_release\results\full181_supplement\server_baseline_snapshot\server_source_inventory.json,formal,passed,matched_at_saved_precision,recomputed_server_original_unrelaxed_PDB
Native155,empty,11,D:\IL-24(teeth）\phase2_release\results\full181_supplement\server_baseline_snapshot\results\12_complex_prediction\formal\native_blind_seed11\boltz_results_native_blind\predictions\native_blind\native_blind_model_0.pdb,complete,,L,FR1,0,0,,/home/xinlab/home/ws/phase2/results/12_complex_prediction/formal/native_blind_seed11/boltz_results_native_blind/predictions/native_blind/native_blind_model_0.pdb,/home/xinlab/home/ws/phase2/results/12_complex_prediction/formal/native_blind_seed11/boltz_results_native_blind/predictions/native_blind/native_blind_model_0.pdb,D:\IL-24(teeth）\phase2_release\results\full181_supplement\server_baseline_snapshot\server_source_inventory.json,formal,passed,matched_at_saved_precision,recomputed_server_original_unrelaxed_PDB
Native155,empty,11,D:\IL-24(teeth）\phase2_release\results\full181_supplement\server_baseline_snapshot\results\12_complex_prediction\formal\native_blind_seed11\boltz_results_native_blind\predictions\native_blind\native_blind_model_0.pdb,complete,,L,CDR1,5,1,27;28;29;30;32,/home/xinlab/home/ws/phase2/results/12_complex_prediction/formal/native_blind_seed11/boltz_results_native_blind/predictions/native_blind/native_blind_model_0.pdb,/home/xinlab/home/ws/phase2/results/12_complex_prediction/formal/native_blind_seed11/boltz_results_native_blind/predictions/native_blind/native_blind_model_0.pdb,D:\IL-24(teeth）\phase2_release\results\full181_supplement\server_baseline_snapshot\server_source_inventory.json,formal,passed,matched_at_saved_precision,recomputed_server_original_unrelaxed_PDB
Native155,empty,11,D:\IL-24(teeth）\phase2_release\results\full181_supplement\server_baseline_snapshot\results\12_complex_prediction\formal\native_blind_seed11\boltz_results_native_blind\predictions\native_blind\native_blind_model_0.pdb,complete,,L,FR2,0,0,,/home/xinlab/home/ws/phase2/results/12_complex_prediction/formal/native_blind_seed11/boltz_results_native_blind/predictions/native_blind/native_blind_model_0.pdb,/home/xinlab/home/ws/phase2/results/12_complex_prediction/formal/native_blind_seed11/boltz_results_native_blind/predictions/native_blind/native_blind_model_0.pdb,D:\IL-24(teeth）\phase2_release\results\full181_supplement\server_baseline_snapshot\server_source_inventory.json,formal,passed,matched_at_saved_precision,recomputed_server_original_unrelaxed_PDB
Native155,empty,11,D:\IL-24(teeth）\phase2_release\results\full181_supplement\server_baseline_snapshot\results\12_complex_prediction\formal\native_blind_seed11\boltz_results_native_blind\predictions\native_blind\native_blind_model_0.pdb,complete,,L,CDR2,1,1,50,/home/xinlab/home/ws/phase2/results/12_complex_prediction/formal/native_blind_seed11/boltz_results_native_blind/predictions/native_blind/native_blind_model_0.pdb,/home/xinlab/home/ws/phase2/results/12_complex_prediction/formal/native_blind_seed11/boltz_results_native_blind/predictions/native_blind/native_blind_model_0.pdb,D:\IL-24(teeth）\phase2_release\results\full181_supplement\server_baseline_snapshot\server_source_inventory.json,formal,passed,matched_at_saved_precision,recomputed_server_original_unrelaxed_PDB
Native155,empty,11,D:\IL-24(teeth）\phase2_release\results\full181_supplement\server_baseline_snapshot\results\12_complex_prediction\formal\native_blind_seed11\boltz_results_native_blind\predictions\native_blind\native_blind_model_0.pdb,complete,,L,FR3,1,1,53,/home/xinlab/home/ws/phase2/results/12_complex_prediction/formal/native_blind_seed11/boltz_results_native_blind/predictions/native_blind/native_blind_model_0.pdb,/home/xinlab/home/ws/phase2/results/12_complex_prediction/formal/native_blind_seed11/boltz_results_native_blind/predictions/native_blind/native_blind_model_0.pdb,D:\IL-24(teeth）\phase2_release\results\full181_supplement\server_baseline_snapshot\server_source_inventory.json,formal,passed,matched_at_saved_precision,recomputed_server_original_unrelaxed_PDB
Native155,empty,11,D:\IL-24(teeth）\phase2_release\results\full181_supplement\server_baseline_snapshot\results\12_complex_prediction\formal\native_blind_seed11\boltz_results_native_blind\predictions\native_blind\native_blind_model_0.pdb,complete,,L,CDR3,5,1,90;91;92;93;95,/home/xinlab/home/ws/phase2/results/12_complex_prediction/formal/native_blind_seed11/boltz_results_native_blind/predictions/native_blind/native_blind_model_0.pdb,/home/xinlab/home/ws/phase2/results/12_complex_prediction/formal/native_blind_seed11/boltz_results_native_blind/predictions/native_blind/native_blind_model_0.pdb,D:\IL-24(teeth）\phase2_release\results\full181_supplement\server_baseline_snapshot\server_source_inventory.json,formal,passed,matched_at_saved_precision,recomputed_server_original_unrelaxed_PDB
Native155,empty,11,D:\IL-24(teeth）\phase2_release\results\full181_supplement\server_baseline_snapshot\results\12_complex_prediction\formal\native_blind_seed11\boltz_results_native_blind\predictions\native_blind\native_blind_model_0.pdb,complete,,L,FR4,0,0,,/home/xinlab/home/ws/phase2/results/12_complex_prediction/formal/native_blind_seed11/boltz_results_native_blind/predictions/native_blind/native_blind_model_0.pdb,/home/xinlab/home/ws/phase2/results/12_complex_prediction/formal/native_blind_seed11/boltz_results_native_blind/predictions/native_blind/native_blind_model_0.pdb,D:\IL-24(teeth）\phase2_release\results\full181_supplement\server_baseline_snapshot\server_source_inventory.json,formal,passed,matched_at_saved_precision,recomputed_server_original_unrelaxed_PDB
Native155,empty,12,D:\IL-24(teeth）\phase2_release\results\full181_supplement\server_baseline_snapshot\results\12_complex_prediction\formal\native_blind_seed12\boltz_results_native_blind\predictions\native_blind\native_blind_model_0.pdb,complete,,H,FR1,0,0,,/home/xinlab/home/ws/phase2/results/12_complex_prediction/formal/native_blind_seed12/boltz_results_native_blind/predictions/native_blind/native_blind_model_0.pdb,/home/xinlab/home/ws/phase2/results/12_complex_prediction/formal/native_blind_seed12/boltz_results_native_blind/predictions/native_blind/native_blind_model_0.pdb,D:\IL-24(teeth）\phase2_release\results\full181_supplement\server_baseline_snapshot\server_source_inventory.json,formal,passed,matched_at_saved_precision,recomputed_server_original_unrelaxed_PDB
Native155,empty,12,D:\IL-24(teeth）\phase2_release\results\full181_supplement\server_baseline_snapshot\results\12_complex_prediction\formal\native_blind_seed12\boltz_results_native_blind\predictions\native_blind\native_blind_model_0.pdb,complete,,H,CDR1,4,1,30;31;32;33,/home/xinlab/home/ws/phase2/results/12_complex_prediction/formal/native_blind_seed12/boltz_results_native_blind/predictions/native_blind/native_blind_model_0.pdb,/home/xinlab/home/ws/phase2/results/12_complex_prediction/formal/native_blind_seed12/boltz_results_native_blind/predictions/native_blind/native_blind_model_0.pdb,D:\IL-24(teeth）\phase2_release\results\full181_supplement\server_baseline_snapshot\server_source_inventory.json,formal,passed,matched_at_saved_precision,recomputed_server_original_unrelaxed_PDB
Native155,empty,12,D:\IL-24(teeth）\phase2_release\results\full181_supplement\server_baseline_snapshot\results\12_complex_prediction\formal\native_blind_seed12\boltz_results_native_blind\predictions\native_blind\native_blind_model_0.pdb,complete,,H,FR2,1,1,35,/home/xinlab/home/ws/phase2/results/12_complex_prediction/formal/native_blind_seed12/boltz_results_native_blind/predictions/native_blind/native_blind_model_0.pdb,/home/xinlab/home/ws/phase2/results/12_complex_prediction/formal/native_blind_seed12/boltz_results_native_blind/predictions/native_blind/native_blind_model_0.pdb,D:\IL-24(teeth）\phase2_release\results\full181_supplement\server_baseline_snapshot\server_source_inventory.json,formal,passed,matched_at_saved_precision,recomputed_server_original_unrelaxed_PDB
Native155,empty,12,D:\IL-24(teeth）\phase2_release\results\full181_supplement\server_baseline_snapshot\results\12_complex_prediction\formal\native_blind_seed12\boltz_results_native_blind\predictions\native_blind\native_blind_model_0.pdb,complete,,H,CDR2,4,1,50;53;54;56,/home/xinlab/home/ws/phase2/results/12_complex_prediction/formal/native_blind_seed12/boltz_results_native_blind/predictions/native_blind/native_blind_model_0.pdb,/home/xinlab/home/ws/phase2/results/12_complex_prediction/formal/native_blind_seed12/boltz_results_native_blind/predictions/native_blind/native_blind_model_0.pdb,D:\IL-24(teeth）\phase2_release\results\full181_supplement\server_baseline_snapshot\server_source_inventory.json,formal,passed,matched_at_saved_precision,recomputed_server_original_unrelaxed_PDB
Native155,empty,12,D:\IL-24(teeth）\phase2_release\results\full181_supplement\server_baseline_snapshot\results\12_complex_prediction\formal\native_blind_seed12\boltz_results_native_blind\predictions\native_blind\native_blind_model_0.pdb,complete,,H,FR3,1,1,58,/home/xinlab/home/ws/phase2/results/12_complex_prediction/formal/native_blind_seed12/boltz_results_native_blind/predictions/native_blind/native_blind_model_0.pdb,/home/xinlab/home/ws/phase2/results/12_complex_prediction/formal/native_blind_seed12/boltz_results_native_blind/predictions/native_blind/native_blind_model_0.pdb,D:\IL-24(teeth）\phase2_release\results\full181_supplement\server_baseline_snapshot\server_source_inventory.json,formal,passed,matched_at_saved_precision,recomputed_server_original_unrelaxed_PDB
Native155,empty,12,D:\IL-24(teeth）\phase2_release\results\full181_supplement\server_baseline_snapshot\results\12_complex_prediction\formal\native_blind_seed12\boltz_results_native_blind\predictions\native_blind\native_blind_model_0.pdb,complete,,H,CDR3,5,1,99;100;101;102;104,/home/xinlab/home/ws/phase2/results/12_complex_prediction/formal/native_blind_seed12/boltz_results_native_blind/predictions/native_blind/native_blind_model_0.pdb,/home/xinlab/home/ws/phase2/results/12_complex_prediction/formal/native_blind_seed12/boltz_results_native_blind/predictions/native_blind/native_blind_model_0.pdb,D:\IL-24(teeth）\phase2_release\results\full181_supplement\server_baseline_snapshot\server_source_inventory.json,formal,passed,matched_at_saved_precision,recomputed_server_original_unrelaxed_PDB
Native155,empty,12,D:\IL-24(teeth）\phase2_release\results\full181_supplement\server_baseline_snapshot\results\12_complex_prediction\formal\native_blind_seed12\boltz_results_native_blind\predictions\native_blind\native_blind_model_0.pdb,complete,,H,FR4,0,0,,/home/xinlab/home/ws/phase2/results/12_complex_prediction/formal/native_blind_seed12/boltz_results_native_blind/predictions/native_blind/native_blind_model_0.pdb,/home/xinlab/home/ws/phase2/results/12_complex_prediction/formal/native_blind_seed12/boltz_results_native_blind/predictions/native_blind/native_blind_model_0.pdb,D:\IL-24(teeth）\phase2_release\results\full181_supplement\server_baseline_snapshot\server_source_inventory.json,formal,passed,matched_at_saved_precision,recomputed_server_original_unrelaxed_PDB
Native155,empty,12,D:\IL-24(teeth）\phase2_release\results\full181_supplement\server_baseline_snapshot\results\12_complex_prediction\formal\native_blind_seed12\boltz_results_native_blind\predictions\native_blind\native_blind_model_0.pdb,complete,,L,FR1,0,0,,/home/xinlab/home/ws/phase2/results/12_complex_prediction/formal/native_blind_seed12/boltz_results_native_blind/predictions/native_blind/native_blind_model_0.pdb,/home/xinlab/home/ws/phase2/results/12_complex_prediction/formal/native_blind_seed12/boltz_results_native_blind/predictions/native_blind/native_blind_model_0.pdb,D:\IL-24(teeth）\phase2_release\results\full181_supplement\server_baseline_snapshot\server_source_inventory.json,formal,passed,matched_at_saved_precision,recomputed_server_original_unrelaxed_PDB
Native155,empty,12,D:\IL-24(teeth）\phase2_release\results\full181_supplement\server_baseline_snapshot\results\12_complex_prediction\formal\native_blind_seed12\boltz_results_native_blind\predictions\native_blind\native_blind_model_0.pdb,complete,,L,CDR1,5,1,28;29;30;31;32,/home/xinlab/home/ws/phase2/results/12_complex_prediction/formal/native_blind_seed12/boltz_results_native_blind/predictions/native_blind/native_blind_model_0.pdb,/home/xinlab/home/ws/phase2/results/12_complex_prediction/formal/native_blind_seed12/boltz_results_native_blind/predictions/native_blind/native_blind_model_0.pdb,D:\IL-24(teeth）\phase2_release\results\full181_supplement\server_baseline_snapshot\server_source_inventory.json,formal,passed,matched_at_saved_precision,recomputed_server_original_unrelaxed_PDB
Native155,empty,12,D:\IL-24(teeth）\phase2_release\results\full181_supplement\server_baseline_snapshot\results\12_complex_prediction\formal\native_blind_seed12\boltz_results_native_blind\predictions\native_blind\native_blind_model_0.pdb,complete,,L,FR2,0,0,,/home/xinlab/home/ws/phase2/results/12_complex_prediction/formal/native_blind_seed12/boltz_results_native_blind/predictions/native_blind/native_blind_model_0.pdb,/home/xinlab/home/ws/phase2/results/12_complex_prediction/formal/native_blind_seed12/boltz_results_native_blind/predictions/native_blind/native_blind_model_0.pdb,D:\IL-24(teeth）\phase2_release\results\full181_supplement\server_baseline_snapshot\server_source_inventory.json,formal,passed,matched_at_saved_precision,recomputed_server_original_unrelaxed_PDB
Native155,empty,12,D:\IL-24(teeth）\phase2_release\results\full181_supplement\server_baseline_snapshot\results\12_complex_prediction\formal\native_blind_seed12\boltz_results_native_blind\predictions\native_blind\native_blind_model_0.pdb,complete,,L,CDR2,1,1,50,/home/xinlab/home/ws/phase2/results/12_complex_prediction/formal/native_blind_seed12/boltz_results_native_blind/predictions/native_blind/native_blind_model_0.pdb,/home/xinlab/home/ws/phase2/results/12_complex_prediction/formal/native_blind_seed12/boltz_results_native_blind/predictions/native_blind/native_blind_model_0.pdb,D:\IL-24(teeth）\phase2_release\results\full181_supplement\server_baseline_snapshot\server_source_inventory.json,formal,passed,matched_at_saved_precision,recomputed_server_original_unrelaxed_PDB
Native155,empty,12,D:\IL-24(teeth）\phase2_release\results\full181_supplement\server_baseline_snapshot\results\12_complex_prediction\formal\native_blind_seed12\boltz_results_native_blind\predictions\native_blind\native_blind_model_0.pdb,complete,,L,FR3,1,1,53,/home/xinlab/home/ws/phase2/results/12_complex_prediction/formal/native_blind_seed12/boltz_results_native_blind/predictions/native_blind/native_blind_model_0.pdb,/home/xinlab/home/ws/phase2/results/12_complex_prediction/formal/native_blind_seed12/boltz_results_native_blind/predictions/native_blind/native_blind_model_0.pdb,D:\IL-24(teeth）\phase2_release\results\full181_supplement\server_baseline_snapshot\server_source_inventory.json,formal,passed,matched_at_saved_precision,recomputed_server_original_unrelaxed_PDB
Native155,empty,12,D:\IL-24(teeth）\phase2_release\results\full181_supplement\server_baseline_snapshot\results\12_complex_prediction\formal\native_blind_seed12\boltz_results_native_blind\predictions\native_blind\native_blind_model_0.pdb,complete,,L,CDR3,5,1,90;91;92;93;95,/home/xinlab/home/ws/phase2/results/12_complex_prediction/formal/native_blind_seed12/boltz_results_native_blind/predictions/native_blind/native_blind_model_0.pdb,/home/xinlab/home/ws/phase2/results/12_complex_prediction/formal/native_blind_seed12/boltz_results_native_blind/predictions/native_blind/native_blind_model_0.pdb,D:\IL-24(teeth）\phase2_release\results\full181_supplement\server_baseline_snapshot\server_source_inventory.json,formal,passed,matched_at_saved_precision,recomputed_server_original_unrelaxed_PDB
Native155,empty,12,D:\IL-24(teeth）\phase2_release\results\full181_supplement\server_baseline_snapshot\results\12_complex_prediction\formal\native_blind_seed12\boltz_results_native_blind\predictions\native_blind\native_blind_model_0.pdb,complete,,L,FR4,0,0,,/home/xinlab/home/ws/phase2/results/12_complex_prediction/formal/native_blind_seed12/boltz_results_native_blind/predictions/native_blind/native_blind_model_0.pdb,/home/xinlab/home/ws/phase2/results/12_complex_prediction/formal/native_blind_seed12/boltz_results_native_blind/predictions/native_blind/native_blind_model_0.pdb,D:\IL-24(teeth）\phase2_release\results\full181_supplement\server_baseline_snapshot\server_source_inventory.json,formal,passed,matched_at_saved_precision,recomputed_server_original_unrelaxed_PDB
Native155,empty,13,D:\IL-24(teeth）\phase2_release\results\full181_supplement\server_baseline_snapshot\results\12_complex_prediction\formal\native_blind_seed13\boltz_results_native_blind\predictions\native_blind\native_blind_model_0.pdb,complete,,H,FR1,0,0,,/home/xinlab/home/ws/phase2/results/12_complex_prediction/formal/native_blind_seed13/boltz_results_native_blind/predictions/native_blind/native_blind_model_0.pdb,/home/xinlab/home/ws/phase2/results/12_complex_prediction/formal/native_blind_seed13/boltz_results_native_blind/predictions/native_blind/native_blind_model_0.pdb,D:\IL-24(teeth）\phase2_release\results\full181_supplement\server_baseline_snapshot\server_source_inventory.json,formal,passed,matched_at_saved_precision,recomputed_server_original_unrelaxed_PDB
Native155,empty,13,D:\IL-24(teeth）\phase2_release\results\full181_supplement\server_baseline_snapshot\results\12_complex_prediction\formal\native_blind_seed13\boltz_results_native_blind\predictions\native_blind\native_blind_model_0.pdb,complete,,H,CDR1,3,1,31;32;33,/home/xinlab/home/ws/phase2/results/12_complex_prediction/formal/native_blind_seed13/boltz_results_native_blind/predictions/native_blind/native_blind_model_0.pdb,/home/xinlab/home/ws/phase2/results/12_complex_prediction/formal/native_blind_seed13/boltz_results_native_blind/predictions/native_blind/native_blind_model_0.pdb,D:\IL-24(teeth）\phase2_release\results\full181_supplement\server_baseline_snapshot\server_source_inventory.json,formal,passed,matched_at_saved_precision,recomputed_server_original_unrelaxed_PDB
Native155,empty,13,D:\IL-24(teeth）\phase2_release\results\full181_supplement\server_baseline_snapshot\results\12_complex_prediction\formal\native_blind_seed13\boltz_results_native_blind\predictions\native_blind\native_blind_model_0.pdb,complete,,H,FR2,1,1,35,/home/xinlab/home/ws/phase2/results/12_complex_prediction/formal/native_blind_seed13/boltz_results_native_blind/predictions/native_blind/native_blind_model_0.pdb,/home/xinlab/home/ws/phase2/results/12_complex_prediction/formal/native_blind_seed13/boltz_results_native_blind/predictions/native_blind/native_blind_model_0.pdb,D:\IL-24(teeth）\phase2_release\results\full181_supplement\server_baseline_snapshot\server_source_inventory.json,formal,passed,matched_at_saved_precision,recomputed_server_original_unrelaxed_PDB
Native155,empty,13,D:\IL-24(teeth）\phase2_release\results\full181_supplement\server_baseline_snapshot\results\12_complex_prediction\formal\native_blind_seed13\boltz_results_native_blind\predictions\native_blind\native_blind_model_0.pdb,complete,,H,CDR2,4,1,50;54;55;56,/home/xinlab/home/ws/phase2/results/12_complex_prediction/formal/native_blind_seed13/boltz_results_native_blind/predictions/native_blind/native_blind_model_0.pdb,/home/xinlab/home/ws/phase2/results/12_complex_prediction/formal/native_blind_seed13/boltz_results_native_blind/predictions/native_blind/native_blind_model_0.pdb,D:\IL-24(teeth）\phase2_release\results\full181_supplement\server_baseline_snapshot\server_source_inventory.json,formal,passed,matched_at_saved_precision,recomputed_server_original_unrelaxed_PDB
Native155,empty,13,D:\IL-24(teeth）\phase2_release\results\full181_supplement\server_baseline_snapshot\results\12_complex_prediction\formal\native_blind_seed13\boltz_results_native_blind\predictions\native_blind\native_blind_model_0.pdb,complete,,H,FR3,0,0,,/home/xinlab/home/ws/phase2/results/12_complex_prediction/formal/native_blind_seed13/boltz_results_native_blind/predictions/native_blind/native_blind_model_0.pdb,/home/xinlab/home/ws/phase2/results/12_complex_prediction/formal/native_blind_seed13/boltz_results_native_blind/predictions/native_blind/native_blind_model_0.pdb,D:\IL-24(teeth）\phase2_release\results\full181_supplement\server_baseline_snapshot\server_source_inventory.json,formal,passed,matched_at_saved_precision,recomputed_server_original_unrelaxed_PDB
Native155,empty,13,D:\IL-24(teeth）\phase2_release\results\full181_supplement\server_baseline_snapshot\results\12_complex_prediction\formal\native_blind_seed13\boltz_results_native_blind\predictions\native_blind\native_blind_model_0.pdb,complete,,H,CDR3,6,1,98;100;101;102;103;104,/home/xinlab/home/ws/phase2/results/12_complex_prediction/formal/native_blind_seed13/boltz_results_native_blind/predictions/native_blind/native_blind_model_0.pdb,/home/xinlab/home/ws/phase2/results/12_complex_prediction/formal/native_blind_seed13/boltz_results_native_blind/predictions/native_blind/native_blind_model_0.pdb,D:\IL-24(teeth）\phase2_release\results\full181_supplement\server_baseline_snapshot\server_source_inventory.json,formal,passed,matched_at_saved_precision,recomputed_server_original_unrelaxed_PDB
Native155,empty,13,D:\IL-24(teeth）\phase2_release\results\full181_supplement\server_baseline_snapshot\results\12_complex_prediction\formal\native_blind_seed13\boltz_results_native_blind\predictions\native_blind\native_blind_model_0.pdb,complete,,H,FR4,0,0,,/home/xinlab/home/ws/phase2/results/12_complex_prediction/formal/native_blind_seed13/boltz_results_native_blind/predictions/native_blind/native_blind_model_0.pdb,/home/xinlab/home/ws/phase2/results/12_complex_prediction/formal/native_blind_seed13/boltz_results_native_blind/predictions/native_blind/native_blind_model_0.pdb,D:\IL-24(teeth）\phase2_release\results\full181_supplement\server_baseline_snapshot\server_source_inventory.json,formal,passed,matched_at_saved_precision,recomputed_server_original_unrelaxed_PDB
Native155,empty,13,D:\IL-24(teeth）\phase2_release\results\full181_supplement\server_baseline_snapshot\results\12_complex_prediction\formal\native_blind_seed13\boltz_results_native_blind\predictions\native_blind\native_blind_model_0.pdb,complete,,L,FR1,0,0,,/home/xinlab/home/ws/phase2/results/12_complex_prediction/formal/native_blind_seed13/boltz_results_native_blind/predictions/native_blind/native_blind_model_0.pdb,/home/xinlab/home/ws/phase2/results/12_complex_prediction/formal/native_blind_seed13/boltz_results_native_blind/predictions/native_blind/native_blind_model_0.pdb,D:\IL-24(teeth）\phase2_release\results\full181_supplement\server_baseline_snapshot\server_source_inventory.json,formal,passed,matched_at_saved_precision,recomputed_server_original_unrelaxed_PDB
Native155,empty,13,D:\IL-24(teeth）\phase2_release\results\full181_supplement\server_baseline_snapshot\results\12_complex_prediction\formal\native_blind_seed13\boltz_results_native_blind\predictions\native_blind\native_blind_model_0.pdb,complete,,L,CDR1,5,1,28;29;30;31;32,/home/xinlab/home/ws/phase2/results/12_complex_prediction/formal/native_blind_seed13/boltz_results_native_blind/predictions/native_blind/native_blind_model_0.pdb,/home/xinlab/home/ws/phase2/results/12_complex_prediction/formal/native_blind_seed13/boltz_results_native_blind/predictions/native_blind/native_blind_model_0.pdb,D:\IL-24(teeth）\phase2_release\results\full181_supplement\server_baseline_snapshot\server_source_inventory.json,formal,passed,matched_at_saved_precision,recomputed_server_original_unrelaxed_PDB
Native155,empty,13,D:\IL-24(teeth）\phase2_release\results\full181_supplement\server_baseline_snapshot\results\12_complex_prediction\formal\native_blind_seed13\boltz_results_native_blind\predictions\native_blind\native_blind_model_0.pdb,complete,,L,FR2,1,1,49,/home/xinlab/home/ws/phase2/results/12_complex_prediction/formal/native_blind_seed13/boltz_results_native_blind/predictions/native_blind/native_blind_model_0.pdb,/home/xinlab/home/ws/phase2/results/12_complex_prediction/formal/native_blind_seed13/boltz_results_native_blind/predictions/native_blind/native_blind_model_0.pdb,D:\IL-24(teeth）\phase2_release\results\full181_supplement\server_baseline_snapshot\server_source_inventory.json,formal,passed,matched_at_saved_precision,recomputed_server_original_unrelaxed_PDB
Native155,empty,13,D:\IL-24(teeth）\phase2_release\results\full181_supplement\server_baseline_snapshot\results\12_complex_prediction\formal\native_blind_seed13\boltz_results_native_blind\predictions\native_blind\native_blind_model_0.pdb,complete,,L,CDR2,1,1,50,/home/xinlab/home/ws/phase2/results/12_complex_prediction/formal/native_blind_seed13/boltz_results_native_blind/predictions/native_blind/native_blind_model_0.pdb,/home/xinlab/home/ws/phase2/results/12_complex_prediction/formal/native_blind_seed13/boltz_results_native_blind/predictions/native_blind/native_blind_model_0.pdb,D:\IL-24(teeth）\phase2_release\results\full181_supplement\server_baseline_snapshot\server_source_inventory.json,formal,passed,matched_at_saved_precision,recomputed_server_original_unrelaxed_PDB
Native155,empty,13,D:\IL-24(teeth）\phase2_release\results\full181_supplement\server_baseline_snapshot\results\12_complex_prediction\formal\native_blind_seed13\boltz_results_native_blind\predictions\native_blind\native_blind_model_0.pdb,complete,,L,FR3,1,1,53,/home/xinlab/home/ws/phase2/results/12_complex_prediction/formal/native_blind_seed13/boltz_results_native_blind/predictions/native_blind/native_blind_model_0.pdb,/home/xinlab/home/ws/phase2/results/12_complex_prediction/formal/native_blind_seed13/boltz_results_native_blind/predictions/native_blind/native_blind_model_0.pdb,D:\IL-24(teeth）\phase2_release\results\full181_supplement\server_baseline_snapshot\server_source_inventory.json,formal,passed,matched_at_saved_precision,recomputed_server_original_unrelaxed_PDB
Native155,empty,13,D:\IL-24(teeth）\phase2_release\results\full181_supplement\server_baseline_snapshot\results\12_complex_prediction\formal\native_blind_seed13\boltz_results_native_blind\predictions\native_blind\native_blind_model_0.pdb,complete,,L,CDR3,5,1,90;91;92;93;95,/home/xinlab/home/ws/phase2/results/12_complex_prediction/formal/native_blind_seed13/boltz_results_native_blind/predictions/native_blind/native_blind_model_0.pdb,/home/xinlab/home/ws/phase2/results/12_complex_prediction/formal/native_blind_seed13/boltz_results_native_blind/predictions/native_blind/native_blind_model_0.pdb,D:\IL-24(teeth）\phase2_release\results\full181_supplement\server_baseline_snapshot\server_source_inventory.json,formal,passed,matched_at_saved_precision,recomputed_server_original_unrelaxed_PDB
Native155,empty,13,D:\IL-24(teeth）\phase2_release\results\full181_supplement\server_baseline_snapshot\results\12_complex_prediction\formal\native_blind_seed13\boltz_results_native_blind\predictions\native_blind\native_blind_model_0.pdb,complete,,L,FR4,0,0,,/home/xinlab/home/ws/phase2/results/12_complex_prediction/formal/native_blind_seed13/boltz_results_native_blind/predictions/native_blind/native_blind_model_0.pdb,/home/xinlab/home/ws/phase2/results/12_complex_prediction/formal/native_blind_seed13/boltz_results_native_blind/predictions/native_blind/native_blind_model_0.pdb,D:\IL-24(teeth）\phase2_release\results\full181_supplement\server_baseline_snapshot\server_source_inventory.json,formal,passed,matched_at_saved_precision,recomputed_server_original_unrelaxed_PDB
Native155,empty,14,D:\IL-24(teeth）\phase2_release\results\full181_supplement\server_baseline_snapshot\results\12_complex_prediction\formal\native_blind_seed14\boltz_results_native_blind\predictions\native_blind\native_blind_model_0.pdb,complete,,H,FR1,0,0,,/home/xinlab/home/ws/phase2/results/12_complex_prediction/formal/native_blind_seed14/boltz_results_native_blind/predictions/native_blind/native_blind_model_0.pdb,/home/xinlab/home/ws/phase2/results/12_complex_prediction/formal/native_blind_seed14/boltz_results_native_blind/predictions/native_blind/native_blind_model_0.pdb,D:\IL-24(teeth）\phase2_release\results\full181_supplement\server_baseline_snapshot\server_source_inventory.json,formal,passed,matched_at_saved_precision,recomputed_server_original_unrelaxed_PDB
Native155,empty,14,D:\IL-24(teeth）\phase2_release\results\full181_supplement\server_baseline_snapshot\results\12_complex_prediction\formal\native_blind_seed14\boltz_results_native_blind\predictions\native_blind\native_blind_model_0.pdb,complete,,H,CDR1,4,1,30;31;32;33,/home/xinlab/home/ws/phase2/results/12_complex_prediction/formal/native_blind_seed14/boltz_results_native_blind/predictions/native_blind/native_blind_model_0.pdb,/home/xinlab/home/ws/phase2/results/12_complex_prediction/formal/native_blind_seed14/boltz_results_native_blind/predictions/native_blind/native_blind_model_0.pdb,D:\IL-24(teeth）\phase2_release\results\full181_supplement\server_baseline_snapshot\server_source_inventory.json,formal,passed,matched_at_saved_precision,recomputed_server_original_unrelaxed_PDB
Native155,empty,14,D:\IL-24(teeth）\phase2_release\results\full181_supplement\server_baseline_snapshot\results\12_complex_prediction\formal\native_blind_seed14\boltz_results_native_blind\predictions\native_blind\native_blind_model_0.pdb,complete,,H,FR2,1,1,35,/home/xinlab/home/ws/phase2/results/12_complex_prediction/formal/native_blind_seed14/boltz_results_native_blind/predictions/native_blind/native_blind_model_0.pdb,/home/xinlab/home/ws/phase2/results/12_complex_prediction/formal/native_blind_seed14/boltz_results_native_blind/predictions/native_blind/native_blind_model_0.pdb,D:\IL-24(teeth）\phase2_release\results\full181_supplement\server_baseline_snapshot\server_source_inventory.json,formal,passed,matched_at_saved_precision,recomputed_server_original_unrelaxed_PDB
Native155,empty,14,D:\IL-24(teeth）\phase2_release\results\full181_supplement\server_baseline_snapshot\results\12_complex_prediction\formal\native_blind_seed14\boltz_results_native_blind\predictions\native_blind\native_blind_model_0.pdb,complete,,H,CDR2,5,1,50;53;54;55;56,/home/xinlab/home/ws/phase2/results/12_complex_prediction/formal/native_blind_seed14/boltz_results_native_blind/predictions/native_blind/native_blind_model_0.pdb,/home/xinlab/home/ws/phase2/results/12_complex_prediction/formal/native_blind_seed14/boltz_results_native_blind/predictions/native_blind/native_blind_model_0.pdb,D:\IL-24(teeth）\phase2_release\results\full181_supplement\server_baseline_snapshot\server_source_inventory.json,formal,passed,matched_at_saved_precision,recomputed_server_original_unrelaxed_PDB
Native155,empty,14,D:\IL-24(teeth）\phase2_release\results\full181_supplement\server_baseline_snapshot\results\12_complex_prediction\formal\native_blind_seed14\boltz_results_native_blind\predictions\native_blind\native_blind_model_0.pdb,complete,,H,FR3,0,0,,/home/xinlab/home/ws/phase2/results/12_complex_prediction/formal/native_blind_seed14/boltz_results_native_blind/predictions/native_blind/native_blind_model_0.pdb,/home/xinlab/home/ws/phase2/results/12_complex_prediction/formal/native_blind_seed14/boltz_results_native_blind/predictions/native_blind/native_blind_model_0.pdb,D:\IL-24(teeth）\phase2_release\results\full181_supplement\server_baseline_snapshot\server_source_inventory.json,formal,passed,matched_at_saved_precision,recomputed_server_original_unrelaxed_PDB
Native155,empty,14,D:\IL-24(teeth）\phase2_release\results\full181_supplement\server_baseline_snapshot\results\12_complex_prediction\formal\native_blind_seed14\boltz_results_native_blind\predictions\native_blind\native_blind_model_0.pdb,complete,,H,CDR3,5,1,98;100;101;102;104,/home/xinlab/home/ws/phase2/results/12_complex_prediction/formal/native_blind_seed14/boltz_results_native_blind/predictions/native_blind/native_blind_model_0.pdb,/home/xinlab/home/ws/phase2/results/12_complex_prediction/formal/native_blind_seed14/boltz_results_native_blind/predictions/native_blind/native_blind_model_0.pdb,D:\IL-24(teeth）\phase2_release\results\full181_supplement\server_baseline_snapshot\server_source_inventory.json,formal,passed,matched_at_saved_precision,recomputed_server_original_unrelaxed_PDB
Native155,empty,14,D:\IL-24(teeth）\phase2_release\results\full181_supplement\server_baseline_snapshot\results\12_complex_prediction\formal\native_blind_seed14\boltz_results_native_blind\predictions\native_blind\native_blind_model_0.pdb,complete,,H,FR4,0,0,,/home/xinlab/home/ws/phase2/results/12_complex_prediction/formal/native_blind_seed14/boltz_results_native_blind/predictions/native_blind/native_blind_model_0.pdb,/home/xinlab/home/ws/phase2/results/12_complex_prediction/formal/native_blind_seed14/boltz_results_native_blind/predictions/native_blind/native_blind_model_0.pdb,D:\IL-24(teeth）\phase2_release\results\full181_supplement\server_baseline_snapshot\server_source_inventory.json,formal,passed,matched_at_saved_precision,recomputed_server_original_unrelaxed_PDB
Native155,empty,14,D:\IL-24(teeth）\phase2_release\results\full181_supplement\server_baseline_snapshot\results\12_complex_prediction\formal\native_blind_seed14\boltz_results_native_blind\predictions\native_blind\native_blind_model_0.pdb,complete,,L,FR1,0,0,,/home/xinlab/home/ws/phase2/results/12_complex_prediction/formal/native_blind_seed14/boltz_results_native_blind/predictions/native_blind/native_blind_model_0.pdb,/home/xinlab/home/ws/phase2/results/12_complex_prediction/formal/native_blind_seed14/boltz_results_native_blind/predictions/native_blind/native_blind_model_0.pdb,D:\IL-24(teeth）\phase2_release\results\full181_supplement\server_baseline_snapshot\server_source_inventory.json,formal,passed,matched_at_saved_precision,recomputed_server_original_unrelaxed_PDB
Native155,empty,14,D:\IL-24(teeth）\phase2_release\results\full181_supplement\server_baseline_snapshot\results\12_complex_prediction\formal\native_blind_seed14\boltz_results_native_blind\predictions\native_blind\native_blind_model_0.pdb,complete,,L,CDR1,0,0,,/home/xinlab/home/ws/phase2/results/12_complex_prediction/formal/native_blind_seed14/boltz_results_native_blind/predictions/native_blind/native_blind_model_0.pdb,/home/xinlab/home/ws/phase2/results/12_complex_prediction/formal/native_blind_seed14/boltz_results_native_blind/predictions/native_blind/native_blind_model_0.pdb,D:\IL-24(teeth）\phase2_release\results\full181_supplement\server_baseline_snapshot\server_source_inventory.json,formal,passed,matched_at_saved_precision,recomputed_server_original_unrelaxed_PDB
Native155,empty,14,D:\IL-24(teeth）\phase2_release\results\full181_supplement\server_baseline_snapshot\results\12_complex_prediction\formal\native_blind_seed14\boltz_results_native_blind\predictions\native_blind\native_blind_model_0.pdb,complete,,L,FR2,0,0,,/home/xinlab/home/ws/phase2/results/12_complex_prediction/formal/native_blind_seed14/boltz_results_native_blind/predictions/native_blind/native_blind_model_0.pdb,/home/xinlab/home/ws/phase2/results/12_complex_prediction/formal/native_blind_seed14/boltz_results_native_blind/predictions/native_blind/native_blind_model_0.pdb,D:\IL-24(teeth）\phase2_release\results\full181_supplement\server_baseline_snapshot\server_source_inventory.json,formal,passed,matched_at_saved_precision,recomputed_server_original_unrelaxed_PDB
Native155,empty,14,D:\IL-24(teeth）\phase2_release\results\full181_supplement\server_baseline_snapshot\results\12_complex_prediction\formal\native_blind_seed14\boltz_results_native_blind\predictions\native_blind\native_blind_model_0.pdb,complete,,L,CDR2,1,1,50,/home/xinlab/home/ws/phase2/results/12_complex_prediction/formal/native_blind_seed14/boltz_results_native_blind/predictions/native_blind/native_blind_model_0.pdb,/home/xinlab/home/ws/phase2/results/12_complex_prediction/formal/native_blind_seed14/boltz_results_native_blind/predictions/native_blind/native_blind_model_0.pdb,D:\IL-24(teeth）\phase2_release\results\full181_supplement\server_baseline_snapshot\server_source_inventory.json,formal,passed,matched_at_saved_precision,recomputed_server_original_unrelaxed_PDB
Native155,empty,14,D:\IL-24(teeth）\phase2_release\results\full181_supplement\server_baseline_snapshot\results\12_complex_prediction\formal\native_blind_seed14\boltz_results_native_blind\predictions\native_blind\native_blind_model_0.pdb,complete,,L,FR3,1,1,53,/home/xinlab/home/ws/phase2/results/12_complex_prediction/formal/native_blind_seed14/boltz_results_native_blind/predictions/native_blind/native_blind_model_0.pdb,/home/xinlab/home/ws/phase2/results/12_complex_prediction/formal/native_blind_seed14/boltz_results_native_blind/predictions/native_blind/native_blind_model_0.pdb,D:\IL-24(teeth）\phase2_release\results\full181_supplement\server_baseline_snapshot\server_source_inventory.json,formal,passed,matched_at_saved_precision,recomputed_server_original_unrelaxed_PDB
Native155,empty,14,D:\IL-24(teeth）\phase2_release\results\full181_supplement\server_baseline_snapshot\results\12_complex_prediction\formal\native_blind_seed14\boltz_results_native_blind\predictions\native_blind\native_blind_model_0.pdb,complete,,L,CDR3,3,1,91;92;93,/home/xinlab/home/ws/phase2/results/12_complex_prediction/formal/native_blind_seed14/boltz_results_native_blind/predictions/native_blind/native_blind_model_0.pdb,/home/xinlab/home/ws/phase2/results/12_complex_prediction/formal/native_blind_seed14/boltz_results_native_blind/predictions/native_blind/native_blind_model_0.pdb,D:\IL-24(teeth）\phase2_release\results\full181_supplement\server_baseline_snapshot\server_source_inventory.json,formal,passed,matched_at_saved_precision,recomputed_server_original_unrelaxed_PDB
Native155,empty,14,D:\IL-24(teeth）\phase2_release\results\full181_supplement\server_baseline_snapshot\results\12_complex_prediction\formal\native_blind_seed14\boltz_results_native_blind\predictions\native_blind\native_blind_model_0.pdb,complete,,L,FR4,0,0,,/home/xinlab/home/ws/phase2/results/12_complex_prediction/formal/native_blind_seed14/boltz_results_native_blind/predictions/native_blind/native_blind_model_0.pdb,/home/xinlab/home/ws/phase2/results/12_complex_prediction/formal/native_blind_seed14/boltz_results_native_blind/predictions/native_blind/native_blind_model_0.pdb,D:\IL-24(teeth）\phase2_release\results\full181_supplement\server_baseline_snapshot\server_source_inventory.json,formal,passed,matched_at_saved_precision,recomputed_server_original_unrelaxed_PDB
Native155,empty,15,D:\IL-24(teeth）\phase2_release\results\full181_supplement\server_baseline_snapshot\results\12_complex_prediction\formal\native_blind_seed15\boltz_results_native_blind\predictions\native_blind\native_blind_model_0.pdb,complete,,H,FR1,0,0,,/home/xinlab/home/ws/phase2/results/12_complex_prediction/formal/native_blind_seed15/boltz_results_native_blind/predictions/native_blind/native_blind_model_0.pdb,/home/xinlab/home/ws/phase2/results/12_complex_prediction/formal/native_blind_seed15/boltz_results_native_blind/predictions/native_blind/native_blind_model_0.pdb,D:\IL-24(teeth）\phase2_release\results\full181_supplement\server_baseline_snapshot\server_source_inventory.json,formal,passed,matched_at_saved_precision,recomputed_server_original_unrelaxed_PDB
Native155,empty,15,D:\IL-24(teeth）\phase2_release\results\full181_supplement\server_baseline_snapshot\results\12_complex_prediction\formal\native_blind_seed15\boltz_results_native_blind\predictions\native_blind\native_blind_model_0.pdb,complete,,H,CDR1,2,1,31;32,/home/xinlab/home/ws/phase2/results/12_complex_prediction/formal/native_blind_seed15/boltz_results_native_blind/predictions/native_blind/native_blind_model_0.pdb,/home/xinlab/home/ws/phase2/results/12_complex_prediction/formal/native_blind_seed15/boltz_results_native_blind/predictions/native_blind/native_blind_model_0.pdb,D:\IL-24(teeth）\phase2_release\results\full181_supplement\server_baseline_snapshot\server_source_inventory.json,formal,passed,matched_at_saved_precision,recomputed_server_original_unrelaxed_PDB
Native155,empty,15,D:\IL-24(teeth）\phase2_release\results\full181_supplement\server_baseline_snapshot\results\12_complex_prediction\formal\native_blind_seed15\boltz_results_native_blind\predictions\native_blind\native_blind_model_0.pdb,complete,,H,FR2,1,1,35,/home/xinlab/home/ws/phase2/results/12_complex_prediction/formal/native_blind_seed15/boltz_results_native_blind/predictions/native_blind/native_blind_model_0.pdb,/home/xinlab/home/ws/phase2/results/12_complex_prediction/formal/native_blind_seed15/boltz_results_native_blind/predictions/native_blind/native_blind_model_0.pdb,D:\IL-24(teeth）\phase2_release\results\full181_supplement\server_baseline_snapshot\server_source_inventory.json,formal,passed,matched_at_saved_precision,recomputed_server_original_unrelaxed_PDB
Native155,empty,15,D:\IL-24(teeth）\phase2_release\results\full181_supplement\server_baseline_snapshot\results\12_complex_prediction\formal\native_blind_seed15\boltz_results_native_blind\predictions\native_blind\native_blind_model_0.pdb,complete,,H,CDR2,4,1,50;53;54;56,/home/xinlab/home/ws/phase2/results/12_complex_prediction/formal/native_blind_seed15/boltz_results_native_blind/predictions/native_blind/native_blind_model_0.pdb,/home/xinlab/home/ws/phase2/results/12_complex_prediction/formal/native_blind_seed15/boltz_results_native_blind/predictions/native_blind/native_blind_model_0.pdb,D:\IL-24(teeth）\phase2_release\results\full181_supplement\server_baseline_snapshot\server_source_inventory.json,formal,passed,matched_at_saved_precision,recomputed_server_original_unrelaxed_PDB
Native155,empty,15,D:\IL-24(teeth）\phase2_release\results\full181_supplement\server_baseline_snapshot\results\12_complex_prediction\formal\native_blind_seed15\boltz_results_native_blind\predictions\native_blind\native_blind_model_0.pdb,complete,,H,FR3,0,0,,/home/xinlab/home/ws/phase2/results/12_complex_prediction/formal/native_blind_seed15/boltz_results_native_blind/predictions/native_blind/native_blind_model_0.pdb,/home/xinlab/home/ws/phase2/results/12_complex_prediction/formal/native_blind_seed15/boltz_results_native_blind/predictions/native_blind/native_blind_model_0.pdb,D:\IL-24(teeth）\phase2_release\results\full181_supplement\server_baseline_snapshot\server_source_inventory.json,formal,passed,matched_at_saved_precision,recomputed_server_original_unrelaxed_PDB
Native155,empty,15,D:\IL-24(teeth）\phase2_release\results\full181_supplement\server_baseline_snapshot\results\12_complex_prediction\formal\native_blind_seed15\boltz_results_native_blind\predictions\native_blind\native_blind_model_0.pdb,complete,,H,CDR3,6,1,98;99;100;101;102;104,/home/xinlab/home/ws/phase2/results/12_complex_prediction/formal/native_blind_seed15/boltz_results_native_blind/predictions/native_blind/native_blind_model_0.pdb,/home/xinlab/home/ws/phase2/results/12_complex_prediction/formal/native_blind_seed15/boltz_results_native_blind/predictions/native_blind/native_blind_model_0.pdb,D:\IL-24(teeth）\phase2_release\results\full181_supplement\server_baseline_snapshot\server_source_inventory.json,formal,passed,matched_at_saved_precision,recomputed_server_original_unrelaxed_PDB
Native155,empty,15,D:\IL-24(teeth）\phase2_release\results\full181_supplement\server_baseline_snapshot\results\12_complex_prediction\formal\native_blind_seed15\boltz_results_native_blind\predictions\native_blind\native_blind_model_0.pdb,complete,,H,FR4,0,0,,/home/xinlab/home/ws/phase2/results/12_complex_prediction/formal/native_blind_seed15/boltz_results_native_blind/predictions/native_blind/native_blind_model_0.pdb,/home/xinlab/home/ws/phase2/results/12_complex_prediction/formal/native_blind_seed15/boltz_results_native_blind/predictions/native_blind/native_blind_model_0.pdb,D:\IL-24(teeth）\phase2_release\results\full181_supplement\server_baseline_snapshot\server_source_inventory.json,formal,passed,matched_at_saved_precision,recomputed_server_original_unrelaxed_PDB
Native155,empty,15,D:\IL-24(teeth）\phase2_release\results\full181_supplement\server_baseline_snapshot\results\12_complex_prediction\formal\native_blind_seed15\boltz_results_native_blind\predictions\native_blind\native_blind_model_0.pdb,complete,,L,FR1,0,0,,/home/xinlab/home/ws/phase2/results/12_complex_prediction/formal/native_blind_seed15/boltz_results_native_blind/predictions/native_blind/native_blind_model_0.pdb,/home/xinlab/home/ws/phase2/results/12_complex_prediction/formal/native_blind_seed15/boltz_results_native_blind/predictions/native_blind/native_blind_model_0.pdb,D:\IL-24(teeth）\phase2_release\results\full181_supplement\server_baseline_snapshot\server_source_inventory.json,formal,passed,matched_at_saved_precision,recomputed_server_original_unrelaxed_PDB
Native155,empty,15,D:\IL-24(teeth）\phase2_release\results\full181_supplement\server_baseline_snapshot\results\12_complex_prediction\formal\native_blind_seed15\boltz_results_native_blind\predictions\native_blind\native_blind_model_0.pdb,complete,,L,CDR1,5,1,28;29;30;31;32,/home/xinlab/home/ws/phase2/results/12_complex_prediction/formal/native_blind_seed15/boltz_results_native_blind/predictions/native_blind/native_blind_model_0.pdb,/home/xinlab/home/ws/phase2/results/12_complex_prediction/formal/native_blind_seed15/boltz_results_native_blind/predictions/native_blind/native_blind_model_0.pdb,D:\IL-24(teeth）\phase2_release\results\full181_supplement\server_baseline_snapshot\server_source_inventory.json,formal,passed,matched_at_saved_precision,recomputed_server_original_unrelaxed_PDB
Native155,empty,15,D:\IL-24(teeth）\phase2_release\results\full181_supplement\server_baseline_snapshot\results\12_complex_prediction\formal\native_blind_seed15\boltz_results_native_blind\predictions\native_blind\native_blind_model_0.pdb,complete,,L,FR2,0,0,,/home/xinlab/home/ws/phase2/results/12_complex_prediction/formal/native_blind_seed15/boltz_results_native_blind/predictions/native_blind/native_blind_model_0.pdb,/home/xinlab/home/ws/phase2/results/12_complex_prediction/formal/native_blind_seed15/boltz_results_native_blind/predictions/native_blind/native_blind_model_0.pdb,D:\IL-24(teeth）\phase2_release\results\full181_supplement\server_baseline_snapshot\server_source_inventory.json,formal,passed,matched_at_saved_precision,recomputed_server_original_unrelaxed_PDB
Native155,empty,15,D:\IL-24(teeth）\phase2_release\results\full181_supplement\server_baseline_snapshot\results\12_complex_prediction\formal\native_blind_seed15\boltz_results_native_blind\predictions\native_blind\native_blind_model_0.pdb,complete,,L,CDR2,1,1,50,/home/xinlab/home/ws/phase2/results/12_complex_prediction/formal/native_blind_seed15/boltz_results_native_blind/predictions/native_blind/native_blind_model_0.pdb,/home/xinlab/home/ws/phase2/results/12_complex_prediction/formal/native_blind_seed15/boltz_results_native_blind/predictions/native_blind/native_blind_model_0.pdb,D:\IL-24(teeth）\phase2_release\results\full181_supplement\server_baseline_snapshot\server_source_inventory.json,formal,passed,matched_at_saved_precision,recomputed_server_original_unrelaxed_PDB
Native155,empty,15,D:\IL-24(teeth）\phase2_release\results\full181_supplement\server_baseline_snapshot\results\12_complex_prediction\formal\native_blind_seed15\boltz_results_native_blind\predictions\native_blind\native_blind_model_0.pdb,complete,,L,FR3,3,1,53;67;68,/home/xinlab/home/ws/phase2/results/12_complex_prediction/formal/native_blind_seed15/boltz_results_native_blind/predictions/native_blind/native_blind_model_0.pdb,/home/xinlab/home/ws/phase2/results/12_complex_prediction/formal/native_blind_seed15/boltz_results_native_blind/predictions/native_blind/native_blind_model_0.pdb,D:\IL-24(teeth）\phase2_release\results\full181_supplement\server_baseline_snapshot\server_source_inventory.json,formal,passed,matched_at_saved_precision,recomputed_server_original_unrelaxed_PDB
Native155,empty,15,D:\IL-24(teeth）\phase2_release\results\full181_supplement\server_baseline_snapshot\results\12_complex_prediction\formal\native_blind_seed15\boltz_results_native_blind\predictions\native_blind\native_blind_model_0.pdb,complete,,L,CDR3,5,1,90;91;92;93;95,/home/xinlab/home/ws/phase2/results/12_complex_prediction/formal/native_blind_seed15/boltz_results_native_blind/predictions/native_blind/native_blind_model_0.pdb,/home/xinlab/home/ws/phase2/results/12_complex_prediction/formal/native_blind_seed15/boltz_results_native_blind/predictions/native_blind/native_blind_model_0.pdb,D:\IL-24(teeth）\phase2_release\results\full181_supplement\server_baseline_snapshot\server_source_inventory.json,formal,passed,matched_at_saved_precision,recomputed_server_original_unrelaxed_PDB
Native155,empty,15,D:\IL-24(teeth）\phase2_release\results\full181_supplement\server_baseline_snapshot\results\12_complex_prediction\formal\native_blind_seed15\boltz_results_native_blind\predictions\native_blind\native_blind_model_0.pdb,complete,,L,FR4,0,0,,/home/xinlab/home/ws/phase2/results/12_complex_prediction/formal/native_blind_seed15/boltz_results_native_blind/predictions/native_blind/native_blind_model_0.pdb,/home/xinlab/home/ws/phase2/results/12_complex_prediction/formal/native_blind_seed15/boltz_results_native_blind/predictions/native_blind/native_blind_model_0.pdb,D:\IL-24(teeth）\phase2_release\results\full181_supplement\server_baseline_snapshot\server_source_inventory.json,formal,passed,matched_at_saved_precision,recomputed_server_original_unrelaxed_PDB
Immunogen134,empty,1,D:\IL-24(teeth）\phase2_release\results\full181_supplement\server_baseline_snapshot\results\12_complex_prediction\formal\immunogen_blind_seed1\boltz_results_immunogen_blind\predictions\immunogen_blind\immunogen_blind_model_0.pdb,complete,,H,FR1,0,0,,/home/xinlab/home/ws/phase2/results/12_complex_prediction/formal/immunogen_blind_seed1/boltz_results_immunogen_blind/predictions/immunogen_blind/immunogen_blind_model_0.pdb,/home/xinlab/home/ws/phase2/results/12_complex_prediction/formal/immunogen_blind_seed1/boltz_results_immunogen_blind/predictions/immunogen_blind/immunogen_blind_model_0.pdb,D:\IL-24(teeth）\phase2_release\results\full181_supplement\server_baseline_snapshot\server_source_inventory.json,formal,passed,matched_at_saved_precision,recomputed_server_original_unrelaxed_PDB
Immunogen134,empty,1,D:\IL-24(teeth）\phase2_release\results\full181_supplement\server_baseline_snapshot\results\12_complex_prediction\formal\immunogen_blind_seed1\boltz_results_immunogen_blind\predictions\immunogen_blind\immunogen_blind_model_0.pdb,complete,,H,CDR1,5,1,29;30;31;32;33,/home/xinlab/home/ws/phase2/results/12_complex_prediction/formal/immunogen_blind_seed1/boltz_results_immunogen_blind/predictions/immunogen_blind/immunogen_blind_model_0.pdb,/home/xinlab/home/ws/phase2/results/12_complex_prediction/formal/immunogen_blind_seed1/boltz_results_immunogen_blind/predictions/immunogen_blind/immunogen_blind_model_0.pdb,D:\IL-24(teeth）\phase2_release\results\full181_supplement\server_baseline_snapshot\server_source_inventory.json,formal,passed,matched_at_saved_precision,recomputed_server_original_unrelaxed_PDB
Immunogen134,empty,1,D:\IL-24(teeth）\phase2_release\results\full181_supplement\server_baseline_snapshot\results\12_complex_prediction\formal\immunogen_blind_seed1\boltz_results_immunogen_blind\predictions\immunogen_blind\immunogen_blind_model_0.pdb,complete,,H,FR2,1,1,35,/home/xinlab/home/ws/phase2/results/12_complex_prediction/formal/immunogen_blind_seed1/boltz_results_immunogen_blind/predictions/immunogen_blind/immunogen_blind_model_0.pdb,/home/xinlab/home/ws/phase2/results/12_complex_prediction/formal/immunogen_blind_seed1/boltz_results_immunogen_blind/predictions/immunogen_blind/immunogen_blind_model_0.pdb,D:\IL-24(teeth）\phase2_release\results\full181_supplement\server_baseline_snapshot\server_source_inventory.json,formal,passed,matched_at_saved_precision,recomputed_server_original_unrelaxed_PDB
Immunogen134,empty,1,D:\IL-24(teeth）\phase2_release\results\full181_supplement\server_baseline_snapshot\results\12_complex_prediction\formal\immunogen_blind_seed1\boltz_results_immunogen_blind\predictions\immunogen_blind\immunogen_blind_model_0.pdb,complete,,H,CDR2,4,1,50;53;54;56,/home/xinlab/home/ws/phase2/results/12_complex_prediction/formal/immunogen_blind_seed1/boltz_results_immunogen_blind/predictions/immunogen_blind/immunogen_blind_model_0.pdb,/home/xinlab/home/ws/phase2/results/12_complex_prediction/formal/immunogen_blind_seed1/boltz_results_immunogen_blind/predictions/immunogen_blind/immunogen_blind_model_0.pdb,D:\IL-24(teeth）\phase2_release\results\full181_supplement\server_baseline_snapshot\server_source_inventory.json,formal,passed,matched_at_saved_precision,recomputed_server_original_unrelaxed_PDB
Immunogen134,empty,1,D:\IL-24(teeth）\phase2_release\results\full181_supplement\server_baseline_snapshot\results\12_complex_prediction\formal\immunogen_blind_seed1\boltz_results_immunogen_blind\predictions\immunogen_blind\immunogen_blind_model_0.pdb,complete,,H,FR3,1,1,58,/home/xinlab/home/ws/phase2/results/12_complex_prediction/formal/immunogen_blind_seed1/boltz_results_immunogen_blind/predictions/immunogen_blind/immunogen_blind_model_0.pdb,/home/xinlab/home/ws/phase2/results/12_complex_prediction/formal/immunogen_blind_seed1/boltz_results_immunogen_blind/predictions/immunogen_blind/immunogen_blind_model_0.pdb,D:\IL-24(teeth）\phase2_release\results\full181_supplement\server_baseline_snapshot\server_source_inventory.json,formal,passed,matched_at_saved_precision,recomputed_server_original_unrelaxed_PDB
Immunogen134,empty,1,D:\IL-24(teeth）\phase2_release\results\full181_supplement\server_baseline_snapshot\results\12_complex_prediction\formal\immunogen_blind_seed1\boltz_results_immunogen_blind\predictions\immunogen_blind\immunogen_blind_model_0.pdb,complete,,H,CDR3,5,1,98;100;101;102;104,/home/xinlab/home/ws/phase2/results/12_complex_prediction/formal/immunogen_blind_seed1/boltz_results_immunogen_blind/predictions/immunogen_blind/immunogen_blind_model_0.pdb,/home/xinlab/home/ws/phase2/results/12_complex_prediction/formal/immunogen_blind_seed1/boltz_results_immunogen_blind/predictions/immunogen_blind/immunogen_blind_model_0.pdb,D:\IL-24(teeth）\phase2_release\results\full181_supplement\server_baseline_snapshot\server_source_inventory.json,formal,passed,matched_at_saved_precision,recomputed_server_original_unrelaxed_PDB
Immunogen134,empty,1,D:\IL-24(teeth）\phase2_release\results\full181_supplement\server_baseline_snapshot\results\12_complex_prediction\formal\immunogen_blind_seed1\boltz_results_immunogen_blind\predictions\immunogen_blind\immunogen_blind_model_0.pdb,complete,,H,FR4,0,0,,/home/xinlab/home/ws/phase2/results/12_complex_prediction/formal/immunogen_blind_seed1/boltz_results_immunogen_blind/predictions/immunogen_blind/immunogen_blind_model_0.pdb,/home/xinlab/home/ws/phase2/results/12_complex_prediction/formal/immunogen_blind_seed1/boltz_results_immunogen_blind/predictions/immunogen_blind/immunogen_blind_model_0.pdb,D:\IL-24(teeth）\phase2_release\results\full181_supplement\server_baseline_snapshot\server_source_inventory.json,formal,passed,matched_at_saved_precision,recomputed_server_original_unrelaxed_PDB
Immunogen134,empty,1,D:\IL-24(teeth）\phase2_release\results\full181_supplement\server_baseline_snapshot\results\12_complex_prediction\formal\immunogen_blind_seed1\boltz_results_immunogen_blind\predictions\immunogen_blind\immunogen_blind_model_0.pdb,complete,,L,FR1,0,0,,/home/xinlab/home/ws/phase2/results/12_complex_prediction/formal/immunogen_blind_seed1/boltz_results_immunogen_blind/predictions/immunogen_blind/immunogen_blind_model_0.pdb,/home/xinlab/home/ws/phase2/results/12_complex_prediction/formal/immunogen_blind_seed1/boltz_results_immunogen_blind/predictions/immunogen_blind/immunogen_blind_model_0.pdb,D:\IL-24(teeth）\phase2_release\results\full181_supplement\server_baseline_snapshot\server_source_inventory.json,formal,passed,matched_at_saved_precision,recomputed_server_original_unrelaxed_PDB
Immunogen134,empty,1,D:\IL-24(teeth）\phase2_release\results\full181_supplement\server_baseline_snapshot\results\12_complex_prediction\formal\immunogen_blind_seed1\boltz_results_immunogen_blind\predictions\immunogen_blind\immunogen_blind_model_0.pdb,complete,,L,CDR1,3,1,28;31;32,/home/xinlab/home/ws/phase2/results/12_complex_prediction/formal/immunogen_blind_seed1/boltz_results_immunogen_blind/predictions/immunogen_blind/immunogen_blind_model_0.pdb,/home/xinlab/home/ws/phase2/results/12_complex_prediction/formal/immunogen_blind_seed1/boltz_results_immunogen_blind/predictions/immunogen_blind/immunogen_blind_model_0.pdb,D:\IL-24(teeth）\phase2_release\results\full181_supplement\server_baseline_snapshot\server_source_inventory.json,formal,passed,matched_at_saved_precision,recomputed_server_original_unrelaxed_PDB
Immunogen134,empty,1,D:\IL-24(teeth）\phase2_release\results\full181_supplement\server_baseline_snapshot\results\12_complex_prediction\formal\immunogen_blind_seed1\boltz_results_immunogen_blind\predictions\immunogen_blind\immunogen_blind_model_0.pdb,complete,,L,FR2,0,0,,/home/xinlab/home/ws/phase2/results/12_complex_prediction/formal/immunogen_blind_seed1/boltz_results_immunogen_blind/predictions/immunogen_blind/immunogen_blind_model_0.pdb,/home/xinlab/home/ws/phase2/results/12_complex_prediction/formal/immunogen_blind_seed1/boltz_results_immunogen_blind/predictions/immunogen_blind/immunogen_blind_model_0.pdb,D:\IL-24(teeth）\phase2_release\results\full181_supplement\server_baseline_snapshot\server_source_inventory.json,formal,passed,matched_at_saved_precision,recomputed_server_original_unrelaxed_PDB
Immunogen134,empty,1,D:\IL-24(teeth）\phase2_release\results\full181_supplement\server_baseline_snapshot\results\12_complex_prediction\formal\immunogen_blind_seed1\boltz_results_immunogen_blind\predictions\immunogen_blind\immunogen_blind_model_0.pdb,complete,,L,CDR2,1,1,50,/home/xinlab/home/ws/phase2/results/12_complex_prediction/formal/immunogen_blind_seed1/boltz_results_immunogen_blind/predictions/immunogen_blind/immunogen_blind_model_0.pdb,/home/xinlab/home/ws/phase2/results/12_complex_prediction/formal/immunogen_blind_seed1/boltz_results_immunogen_blind/predictions/immunogen_blind/immunogen_blind_model_0.pdb,D:\IL-24(teeth）\phase2_release\results\full181_supplement\server_baseline_snapshot\server_source_inventory.json,formal,passed,matched_at_saved_precision,recomputed_server_original_unrelaxed_PDB
Immunogen134,empty,1,D:\IL-24(teeth）\phase2_release\results\full181_supplement\server_baseline_snapshot\results\12_complex_prediction\formal\immunogen_blind_seed1\boltz_results_immunogen_blind\predictions\immunogen_blind\immunogen_blind_model_0.pdb,complete,,L,FR3,0,0,,/home/xinlab/home/ws/phase2/results/12_complex_prediction/formal/immunogen_blind_seed1/boltz_results_immunogen_blind/predictions/immunogen_blind/immunogen_blind_model_0.pdb,/home/xinlab/home/ws/phase2/results/12_complex_prediction/formal/immunogen_blind_seed1/boltz_results_immunogen_blind/predictions/immunogen_blind/immunogen_blind_model_0.pdb,D:\IL-24(teeth）\phase2_release\results\full181_supplement\server_baseline_snapshot\server_source_inventory.json,formal,passed,matched_at_saved_precision,recomputed_server_original_unrelaxed_PDB
Immunogen134,empty,1,D:\IL-24(teeth）\phase2_release\results\full181_supplement\server_baseline_snapshot\results\12_complex_prediction\formal\immunogen_blind_seed1\boltz_results_immunogen_blind\predictions\immunogen_blind\immunogen_blind_model_0.pdb,complete,,L,CDR3,5,1,90;91;92;93;95,/home/xinlab/home/ws/phase2/results/12_complex_prediction/formal/immunogen_blind_seed1/boltz_results_immunogen_blind/predictions/immunogen_blind/immunogen_blind_model_0.pdb,/home/xinlab/home/ws/phase2/results/12_complex_prediction/formal/immunogen_blind_seed1/boltz_results_immunogen_blind/predictions/immunogen_blind/immunogen_blind_model_0.pdb,D:\IL-24(teeth）\phase2_release\results\full181_supplement\server_baseline_snapshot\server_source_inventory.json,formal,passed,matched_at_saved_precision,recomputed_server_original_unrelaxed_PDB
Immunogen134,empty,1,D:\IL-24(teeth）\phase2_release\results\full181_supplement\server_baseline_snapshot\results\12_complex_prediction\formal\immunogen_blind_seed1\boltz_results_immunogen_blind\predictions\immunogen_blind\immunogen_blind_model_0.pdb,complete,,L,FR4,0,0,,/home/xinlab/home/ws/phase2/results/12_complex_prediction/formal/immunogen_blind_seed1/boltz_results_immunogen_blind/predictions/immunogen_blind/immunogen_blind_model_0.pdb,/home/xinlab/home/ws/phase2/results/12_complex_prediction/formal/immunogen_blind_seed1/boltz_results_immunogen_blind/predictions/immunogen_blind/immunogen_blind_model_0.pdb,D:\IL-24(teeth）\phase2_release\results\full181_supplement\server_baseline_snapshot\server_source_inventory.json,formal,passed,matched_at_saved_precision,recomputed_server_original_unrelaxed_PDB
Immunogen134,empty,2,D:\IL-24(teeth）\phase2_release\results\full181_supplement\server_baseline_snapshot\results\12_complex_prediction\formal\immunogen_blind_seed2\boltz_results_immunogen_blind\predictions\immunogen_blind\immunogen_blind_model_0.pdb,complete,,H,FR1,0,0,,/home/xinlab/home/ws/phase2/results/12_complex_prediction/formal/immunogen_blind_seed2/boltz_results_immunogen_blind/predictions/immunogen_blind/immunogen_blind_model_0.pdb,/home/xinlab/home/ws/phase2/results/12_complex_prediction/formal/immunogen_blind_seed2/boltz_results_immunogen_blind/predictions/immunogen_blind/immunogen_blind_model_0.pdb,D:\IL-24(teeth）\phase2_release\results\full181_supplement\server_baseline_snapshot\server_source_inventory.json,formal,passed,matched_at_saved_precision,recomputed_server_original_unrelaxed_PDB
Immunogen134,empty,2,D:\IL-24(teeth）\phase2_release\results\full181_supplement\server_baseline_snapshot\results\12_complex_prediction\formal\immunogen_blind_seed2\boltz_results_immunogen_blind\predictions\immunogen_blind\immunogen_blind_model_0.pdb,complete,,H,CDR1,3,1,30;31;33,/home/xinlab/home/ws/phase2/results/12_complex_prediction/formal/immunogen_blind_seed2/boltz_results_immunogen_blind/predictions/immunogen_blind/immunogen_blind_model_0.pdb,/home/xinlab/home/ws/phase2/results/12_complex_prediction/formal/immunogen_blind_seed2/boltz_results_immunogen_blind/predictions/immunogen_blind/immunogen_blind_model_0.pdb,D:\IL-24(teeth）\phase2_release\results\full181_supplement\server_baseline_snapshot\server_source_inventory.json,formal,passed,matched_at_saved_precision,recomputed_server_original_unrelaxed_PDB
Immunogen134,empty,2,D:\IL-24(teeth）\phase2_release\results\full181_supplement\server_baseline_snapshot\results\12_complex_prediction\formal\immunogen_blind_seed2\boltz_results_immunogen_blind\predictions\immunogen_blind\immunogen_blind_model_0.pdb,complete,,H,FR2,1,1,35,/home/xinlab/home/ws/phase2/results/12_complex_prediction/formal/immunogen_blind_seed2/boltz_results_immunogen_blind/predictions/immunogen_blind/immunogen_blind_model_0.pdb,/home/xinlab/home/ws/phase2/results/12_complex_prediction/formal/immunogen_blind_seed2/boltz_results_immunogen_blind/predictions/immunogen_blind/immunogen_blind_model_0.pdb,D:\IL-24(teeth）\phase2_release\results\full181_supplement\server_baseline_snapshot\server_source_inventory.json,formal,passed,matched_at_saved_precision,recomputed_server_original_unrelaxed_PDB
Immunogen134,empty,2,D:\IL-24(teeth）\phase2_release\results\full181_supplement\server_baseline_snapshot\results\12_complex_prediction\formal\immunogen_blind_seed2\boltz_results_immunogen_blind\predictions\immunogen_blind\immunogen_blind_model_0.pdb,complete,,H,CDR2,5,1,50;53;54;56;57,/home/xinlab/home/ws/phase2/results/12_complex_prediction/formal/immunogen_blind_seed2/boltz_results_immunogen_blind/predictions/immunogen_blind/immunogen_blind_model_0.pdb,/home/xinlab/home/ws/phase2/results/12_complex_prediction/formal/immunogen_blind_seed2/boltz_results_immunogen_blind/predictions/immunogen_blind/immunogen_blind_model_0.pdb,D:\IL-24(teeth）\phase2_release\results\full181_supplement\server_baseline_snapshot\server_source_inventory.json,formal,passed,matched_at_saved_precision,recomputed_server_original_unrelaxed_PDB
Immunogen134,empty,2,D:\IL-24(teeth）\phase2_release\results\full181_supplement\server_baseline_snapshot\results\12_complex_prediction\formal\immunogen_blind_seed2\boltz_results_immunogen_blind\predictions\immunogen_blind\immunogen_blind_model_0.pdb,complete,,H,FR3,1,1,73,/home/xinlab/home/ws/phase2/results/12_complex_prediction/formal/immunogen_blind_seed2/boltz_results_immunogen_blind/predictions/immunogen_blind/immunogen_blind_model_0.pdb,/home/xinlab/home/ws/phase2/results/12_complex_prediction/formal/immunogen_blind_seed2/boltz_results_immunogen_blind/predictions/immunogen_blind/immunogen_blind_model_0.pdb,D:\IL-24(teeth）\phase2_release\results\full181_supplement\server_baseline_snapshot\server_source_inventory.json,formal,passed,matched_at_saved_precision,recomputed_server_original_unrelaxed_PDB
Immunogen134,empty,2,D:\IL-24(teeth）\phase2_release\results\full181_supplement\server_baseline_snapshot\results\12_complex_prediction\formal\immunogen_blind_seed2\boltz_results_immunogen_blind\predictions\immunogen_blind\immunogen_blind_model_0.pdb,complete,,H,CDR3,7,1,98;99;100;101;102;103;104,/home/xinlab/home/ws/phase2/results/12_complex_prediction/formal/immunogen_blind_seed2/boltz_results_immunogen_blind/predictions/immunogen_blind/immunogen_blind_model_0.pdb,/home/xinlab/home/ws/phase2/results/12_complex_prediction/formal/immunogen_blind_seed2/boltz_results_immunogen_blind/predictions/immunogen_blind/immunogen_blind_model_0.pdb,D:\IL-24(teeth）\phase2_release\results\full181_supplement\server_baseline_snapshot\server_source_inventory.json,formal,passed,matched_at_saved_precision,recomputed_server_original_unrelaxed_PDB
Immunogen134,empty,2,D:\IL-24(teeth）\phase2_release\results\full181_supplement\server_baseline_snapshot\results\12_complex_prediction\formal\immunogen_blind_seed2\boltz_results_immunogen_blind\predictions\immunogen_blind\immunogen_blind_model_0.pdb,complete,,H,FR4,0,0,,/home/xinlab/home/ws/phase2/results/12_complex_prediction/formal/immunogen_blind_seed2/boltz_results_immunogen_blind/predictions/immunogen_blind/immunogen_blind_model_0.pdb,/home/xinlab/home/ws/phase2/results/12_complex_prediction/formal/immunogen_blind_seed2/boltz_results_immunogen_blind/predictions/immunogen_blind/immunogen_blind_model_0.pdb,D:\IL-24(teeth）\phase2_release\results\full181_supplement\server_baseline_snapshot\server_source_inventory.json,formal,passed,matched_at_saved_precision,recomputed_server_original_unrelaxed_PDB
Immunogen134,empty,2,D:\IL-24(teeth）\phase2_release\results\full181_supplement\server_baseline_snapshot\results\12_complex_prediction\formal\immunogen_blind_seed2\boltz_results_immunogen_blind\predictions\immunogen_blind\immunogen_blind_model_0.pdb,complete,,L,FR1,0,0,,/home/xinlab/home/ws/phase2/results/12_complex_prediction/formal/immunogen_blind_seed2/boltz_results_immunogen_blind/predictions/immunogen_blind/immunogen_blind_model_0.pdb,/home/xinlab/home/ws/phase2/results/12_complex_prediction/formal/immunogen_blind_seed2/boltz_results_immunogen_blind/predictions/immunogen_blind/immunogen_blind_model_0.pdb,D:\IL-24(teeth）\phase2_release\results\full181_supplement\server_baseline_snapshot\server_source_inventory.json,formal,passed,matched_at_saved_precision,recomputed_server_original_unrelaxed_PDB
Immunogen134,empty,2,D:\IL-24(teeth）\phase2_release\results\full181_supplement\server_baseline_snapshot\results\12_complex_prediction\formal\immunogen_blind_seed2\boltz_results_immunogen_blind\predictions\immunogen_blind\immunogen_blind_model_0.pdb,complete,,L,CDR1,5,1,28;29;30;31;32,/home/xinlab/home/ws/phase2/results/12_complex_prediction/formal/immunogen_blind_seed2/boltz_results_immunogen_blind/predictions/immunogen_blind/immunogen_blind_model_0.pdb,/home/xinlab/home/ws/phase2/results/12_complex_prediction/formal/immunogen_blind_seed2/boltz_results_immunogen_blind/predictions/immunogen_blind/immunogen_blind_model_0.pdb,D:\IL-24(teeth）\phase2_release\results\full181_supplement\server_baseline_snapshot\server_source_inventory.json,formal,passed,matched_at_saved_precision,recomputed_server_original_unrelaxed_PDB
Immunogen134,empty,2,D:\IL-24(teeth）\phase2_release\results\full181_supplement\server_baseline_snapshot\results\12_complex_prediction\formal\immunogen_blind_seed2\boltz_results_immunogen_blind\predictions\immunogen_blind\immunogen_blind_model_0.pdb,complete,,L,FR2,1,1,49,/home/xinlab/home/ws/phase2/results/12_complex_prediction/formal/immunogen_blind_seed2/boltz_results_immunogen_blind/predictions/immunogen_blind/immunogen_blind_model_0.pdb,/home/xinlab/home/ws/phase2/results/12_complex_prediction/formal/immunogen_blind_seed2/boltz_results_immunogen_blind/predictions/immunogen_blind/immunogen_blind_model_0.pdb,D:\IL-24(teeth）\phase2_release\results\full181_supplement\server_baseline_snapshot\server_source_inventory.json,formal,passed,matched_at_saved_precision,recomputed_server_original_unrelaxed_PDB
Immunogen134,empty,2,D:\IL-24(teeth）\phase2_release\results\full181_supplement\server_baseline_snapshot\results\12_complex_prediction\formal\immunogen_blind_seed2\boltz_results_immunogen_blind\predictions\immunogen_blind\immunogen_blind_model_0.pdb,complete,,L,CDR2,1,1,50,/home/xinlab/home/ws/phase2/results/12_complex_prediction/formal/immunogen_blind_seed2/boltz_results_immunogen_blind/predictions/immunogen_blind/immunogen_blind_model_0.pdb,/home/xinlab/home/ws/phase2/results/12_complex_prediction/formal/immunogen_blind_seed2/boltz_results_immunogen_blind/predictions/immunogen_blind/immunogen_blind_model_0.pdb,D:\IL-24(teeth）\phase2_release\results\full181_supplement\server_baseline_snapshot\server_source_inventory.json,formal,passed,matched_at_saved_precision,recomputed_server_original_unrelaxed_PDB
Immunogen134,empty,2,D:\IL-24(teeth）\phase2_release\results\full181_supplement\server_baseline_snapshot\results\12_complex_prediction\formal\immunogen_blind_seed2\boltz_results_immunogen_blind\predictions\immunogen_blind\immunogen_blind_model_0.pdb,complete,,L,FR3,1,1,53,/home/xinlab/home/ws/phase2/results/12_complex_prediction/formal/immunogen_blind_seed2/boltz_results_immunogen_blind/predictions/immunogen_blind/immunogen_blind_model_0.pdb,/home/xinlab/home/ws/phase2/results/12_complex_prediction/formal/immunogen_blind_seed2/boltz_results_immunogen_blind/predictions/immunogen_blind/immunogen_blind_model_0.pdb,D:\IL-24(teeth）\phase2_release\results\full181_supplement\server_baseline_snapshot\server_source_inventory.json,formal,passed,matched_at_saved_precision,recomputed_server_original_unrelaxed_PDB
Immunogen134,empty,2,D:\IL-24(teeth）\phase2_release\results\full181_supplement\server_baseline_snapshot\results\12_complex_prediction\formal\immunogen_blind_seed2\boltz_results_immunogen_blind\predictions\immunogen_blind\immunogen_blind_model_0.pdb,complete,,L,CDR3,3,1,91;92;93,/home/xinlab/home/ws/phase2/results/12_complex_prediction/formal/immunogen_blind_seed2/boltz_results_immunogen_blind/predictions/immunogen_blind/immunogen_blind_model_0.pdb,/home/xinlab/home/ws/phase2/results/12_complex_prediction/formal/immunogen_blind_seed2/boltz_results_immunogen_blind/predictions/immunogen_blind/immunogen_blind_model_0.pdb,D:\IL-24(teeth）\phase2_release\results\full181_supplement\server_baseline_snapshot\server_source_inventory.json,formal,passed,matched_at_saved_precision,recomputed_server_original_unrelaxed_PDB
Immunogen134,empty,2,D:\IL-24(teeth）\phase2_release\results\full181_supplement\server_baseline_snapshot\results\12_complex_prediction\formal\immunogen_blind_seed2\boltz_results_immunogen_blind\predictions\immunogen_blind\immunogen_blind_model_0.pdb,complete,,L,FR4,0,0,,/home/xinlab/home/ws/phase2/results/12_complex_prediction/formal/immunogen_blind_seed2/boltz_results_immunogen_blind/predictions/immunogen_blind/immunogen_blind_model_0.pdb,/home/xinlab/home/ws/phase2/results/12_complex_prediction/formal/immunogen_blind_seed2/boltz_results_immunogen_blind/predictions/immunogen_blind/immunogen_blind_model_0.pdb,D:\IL-24(teeth）\phase2_release\results\full181_supplement\server_baseline_snapshot\server_source_inventory.json,formal,passed,matched_at_saved_precision,recomputed_server_original_unrelaxed_PDB
Immunogen134,empty,3,D:\IL-24(teeth）\phase2_release\results\full181_supplement\server_baseline_snapshot\results\12_complex_prediction\formal\immunogen_blind_seed3\boltz_results_immunogen_blind\predictions\immunogen_blind\immunogen_blind_model_0.pdb,complete,,H,FR1,1,1,2,/home/xinlab/home/ws/phase2/results/12_complex_prediction/formal/immunogen_blind_seed3/boltz_results_immunogen_blind/predictions/immunogen_blind/immunogen_blind_model_0.pdb,/home/xinlab/home/ws/phase2/results/12_complex_prediction/formal/immunogen_blind_seed3/boltz_results_immunogen_blind/predictions/immunogen_blind/immunogen_blind_model_0.pdb,D:\IL-24(teeth）\phase2_release\results\full181_supplement\server_baseline_snapshot\server_source_inventory.json,formal,passed,matched_at_saved_precision,recomputed_server_original_unrelaxed_PDB
Immunogen134,empty,3,D:\IL-24(teeth）\phase2_release\results\full181_supplement\server_baseline_snapshot\results\12_complex_prediction\formal\immunogen_blind_seed3\boltz_results_immunogen_blind\predictions\immunogen_blind\immunogen_blind_model_0.pdb,complete,,H,CDR1,4,1,26;31;32;33,/home/xinlab/home/ws/phase2/results/12_complex_prediction/formal/immunogen_blind_seed3/boltz_results_immunogen_blind/predictions/immunogen_blind/immunogen_blind_model_0.pdb,/home/xinlab/home/ws/phase2/results/12_complex_prediction/formal/immunogen_blind_seed3/boltz_results_immunogen_blind/predictions/immunogen_blind/immunogen_blind_model_0.pdb,D:\IL-24(teeth）\phase2_release\results\full181_supplement\server_baseline_snapshot\server_source_inventory.json,formal,passed,matched_at_saved_precision,recomputed_server_original_unrelaxed_PDB
Immunogen134,empty,3,D:\IL-24(teeth）\phase2_release\results\full181_supplement\server_baseline_snapshot\results\12_complex_prediction\formal\immunogen_blind_seed3\boltz_results_immunogen_blind\predictions\immunogen_blind\immunogen_blind_model_0.pdb,complete,,H,FR2,1,1,35,/home/xinlab/home/ws/phase2/results/12_complex_prediction/formal/immunogen_blind_seed3/boltz_results_immunogen_blind/predictions/immunogen_blind/immunogen_blind_model_0.pdb,/home/xinlab/home/ws/phase2/results/12_complex_prediction/formal/immunogen_blind_seed3/boltz_results_immunogen_blind/predictions/immunogen_blind/immunogen_blind_model_0.pdb,D:\IL-24(teeth）\phase2_release\results\full181_supplement\server_baseline_snapshot\server_source_inventory.json,formal,passed,matched_at_saved_precision,recomputed_server_original_unrelaxed_PDB
Immunogen134,empty,3,D:\IL-24(teeth）\phase2_release\results\full181_supplement\server_baseline_snapshot\results\12_complex_prediction\formal\immunogen_blind_seed3\boltz_results_immunogen_blind\predictions\immunogen_blind\immunogen_blind_model_0.pdb,complete,,H,CDR2,4,1,50;53;54;56,/home/xinlab/home/ws/phase2/results/12_complex_prediction/formal/immunogen_blind_seed3/boltz_results_immunogen_blind/predictions/immunogen_blind/immunogen_blind_model_0.pdb,/home/xinlab/home/ws/phase2/results/12_complex_prediction/formal/immunogen_blind_seed3/boltz_results_immunogen_blind/predictions/immunogen_blind/immunogen_blind_model_0.pdb,D:\IL-24(teeth）\phase2_release\results\full181_supplement\server_baseline_snapshot\server_source_inventory.json,formal,passed,matched_at_saved_precision,recomputed_server_original_unrelaxed_PDB
Immunogen134,empty,3,D:\IL-24(teeth）\phase2_release\results\full181_supplement\server_baseline_snapshot\results\12_complex_prediction\formal\immunogen_blind_seed3\boltz_results_immunogen_blind\predictions\immunogen_blind\immunogen_blind_model_0.pdb,complete,,H,FR3,0,0,,/home/xinlab/home/ws/phase2/results/12_complex_prediction/formal/immunogen_blind_seed3/boltz_results_immunogen_blind/predictions/immunogen_blind/immunogen_blind_model_0.pdb,/home/xinlab/home/ws/phase2/results/12_complex_prediction/formal/immunogen_blind_seed3/boltz_results_immunogen_blind/predictions/immunogen_blind/immunogen_blind_model_0.pdb,D:\IL-24(teeth）\phase2_release\results\full181_supplement\server_baseline_snapshot\server_source_inventory.json,formal,passed,matched_at_saved_precision,recomputed_server_original_unrelaxed_PDB
Immunogen134,empty,3,D:\IL-24(teeth）\phase2_release\results\full181_supplement\server_baseline_snapshot\results\12_complex_prediction\formal\immunogen_blind_seed3\boltz_results_immunogen_blind\predictions\immunogen_blind\immunogen_blind_model_0.pdb,complete,,H,CDR3,8,1,97;98;99;100;101;102;103;104,/home/xinlab/home/ws/phase2/results/12_complex_prediction/formal/immunogen_blind_seed3/boltz_results_immunogen_blind/predictions/immunogen_blind/immunogen_blind_model_0.pdb,/home/xinlab/home/ws/phase2/results/12_complex_prediction/formal/immunogen_blind_seed3/boltz_results_immunogen_blind/predictions/immunogen_blind/immunogen_blind_model_0.pdb,D:\IL-24(teeth）\phase2_release\results\full181_supplement\server_baseline_snapshot\server_source_inventory.json,formal,passed,matched_at_saved_precision,recomputed_server_original_unrelaxed_PDB
Immunogen134,empty,3,D:\IL-24(teeth）\phase2_release\results\full181_supplement\server_baseline_snapshot\results\12_complex_prediction\formal\immunogen_blind_seed3\boltz_results_immunogen_blind\predictions\immunogen_blind\immunogen_blind_model_0.pdb,complete,,H,FR4,0,0,,/home/xinlab/home/ws/phase2/results/12_complex_prediction/formal/immunogen_blind_seed3/boltz_results_immunogen_blind/predictions/immunogen_blind/immunogen_blind_model_0.pdb,/home/xinlab/home/ws/phase2/results/12_complex_prediction/formal/immunogen_blind_seed3/boltz_results_immunogen_blind/predictions/immunogen_blind/immunogen_blind_model_0.pdb,D:\IL-24(teeth）\phase2_release\results\full181_supplement\server_baseline_snapshot\server_source_inventory.json,formal,passed,matched_at_saved_precision,recomputed_server_original_unrelaxed_PDB
Immunogen134,empty,3,D:\IL-24(teeth）\phase2_release\results\full181_supplement\server_baseline_snapshot\results\12_complex_prediction\formal\immunogen_blind_seed3\boltz_results_immunogen_blind\predictions\immunogen_blind\immunogen_blind_model_0.pdb,complete,,L,FR1,0,0,,/home/xinlab/home/ws/phase2/results/12_complex_prediction/formal/immunogen_blind_seed3/boltz_results_immunogen_blind/predictions/immunogen_blind/immunogen_blind_model_0.pdb,/home/xinlab/home/ws/phase2/results/12_complex_prediction/formal/immunogen_blind_seed3/boltz_results_immunogen_blind/predictions/immunogen_blind/immunogen_blind_model_0.pdb,D:\IL-24(teeth）\phase2_release\results\full181_supplement\server_baseline_snapshot\server_source_inventory.json,formal,passed,matched_at_saved_precision,recomputed_server_original_unrelaxed_PDB
Immunogen134,empty,3,D:\IL-24(teeth）\phase2_release\results\full181_supplement\server_baseline_snapshot\results\12_complex_prediction\formal\immunogen_blind_seed3\boltz_results_immunogen_blind\predictions\immunogen_blind\immunogen_blind_model_0.pdb,complete,,L,CDR1,3,1,28;30;31,/home/xinlab/home/ws/phase2/results/12_complex_prediction/formal/immunogen_blind_seed3/boltz_results_immunogen_blind/predictions/immunogen_blind/immunogen_blind_model_0.pdb,/home/xinlab/home/ws/phase2/results/12_complex_prediction/formal/immunogen_blind_seed3/boltz_results_immunogen_blind/predictions/immunogen_blind/immunogen_blind_model_0.pdb,D:\IL-24(teeth）\phase2_release\results\full181_supplement\server_baseline_snapshot\server_source_inventory.json,formal,passed,matched_at_saved_precision,recomputed_server_original_unrelaxed_PDB
Immunogen134,empty,3,D:\IL-24(teeth）\phase2_release\results\full181_supplement\server_baseline_snapshot\results\12_complex_prediction\formal\immunogen_blind_seed3\boltz_results_immunogen_blind\predictions\immunogen_blind\immunogen_blind_model_0.pdb,complete,,L,FR2,0,0,,/home/xinlab/home/ws/phase2/results/12_complex_prediction/formal/immunogen_blind_seed3/boltz_results_immunogen_blind/predictions/immunogen_blind/immunogen_blind_model_0.pdb,/home/xinlab/home/ws/phase2/results/12_complex_prediction/formal/immunogen_blind_seed3/boltz_results_immunogen_blind/predictions/immunogen_blind/immunogen_blind_model_0.pdb,D:\IL-24(teeth）\phase2_release\results\full181_supplement\server_baseline_snapshot\server_source_inventory.json,formal,passed,matched_at_saved_precision,recomputed_server_original_unrelaxed_PDB
Immunogen134,empty,3,D:\IL-24(teeth）\phase2_release\results\full181_supplement\server_baseline_snapshot\results\12_complex_prediction\formal\immunogen_blind_seed3\boltz_results_immunogen_blind\predictions\immunogen_blind\immunogen_blind_model_0.pdb,complete,,L,CDR2,1,1,50,/home/xinlab/home/ws/phase2/results/12_complex_prediction/formal/immunogen_blind_seed3/boltz_results_immunogen_blind/predictions/immunogen_blind/immunogen_blind_model_0.pdb,/home/xinlab/home/ws/phase2/results/12_complex_prediction/formal/immunogen_blind_seed3/boltz_results_immunogen_blind/predictions/immunogen_blind/immunogen_blind_model_0.pdb,D:\IL-24(teeth）\phase2_release\results\full181_supplement\server_baseline_snapshot\server_source_inventory.json,formal,passed,matched_at_saved_precision,recomputed_server_original_unrelaxed_PDB
Immunogen134,empty,3,D:\IL-24(teeth）\phase2_release\results\full181_supplement\server_baseline_snapshot\results\12_complex_prediction\formal\immunogen_blind_seed3\boltz_results_immunogen_blind\predictions\immunogen_blind\immunogen_blind_model_0.pdb,complete,,L,FR3,3,1,53;56;67,/home/xinlab/home/ws/phase2/results/12_complex_prediction/formal/immunogen_blind_seed3/boltz_results_immunogen_blind/predictions/immunogen_blind/immunogen_blind_model_0.pdb,/home/xinlab/home/ws/phase2/results/12_complex_prediction/formal/immunogen_blind_seed3/boltz_results_immunogen_blind/predictions/immunogen_blind/immunogen_blind_model_0.pdb,D:\IL-24(teeth）\phase2_release\results\full181_supplement\server_baseline_snapshot\server_source_inventory.json,formal,passed,matched_at_saved_precision,recomputed_server_original_unrelaxed_PDB
Immunogen134,empty,3,D:\IL-24(teeth）\phase2_release\results\full181_supplement\server_baseline_snapshot\results\12_complex_prediction\formal\immunogen_blind_seed3\boltz_results_immunogen_blind\predictions\immunogen_blind\immunogen_blind_model_0.pdb,complete,,L,CDR3,5,1,90;91;92;93;95,/home/xinlab/home/ws/phase2/results/12_complex_prediction/formal/immunogen_blind_seed3/boltz_results_immunogen_blind/predictions/immunogen_blind/immunogen_blind_model_0.pdb,/home/xinlab/home/ws/phase2/results/12_complex_prediction/formal/immunogen_blind_seed3/boltz_results_immunogen_blind/predictions/immunogen_blind/immunogen_blind_model_0.pdb,D:\IL-24(teeth）\phase2_release\results\full181_supplement\server_baseline_snapshot\server_source_inventory.json,formal,passed,matched_at_saved_precision,recomputed_server_original_unrelaxed_PDB
Immunogen134,empty,3,D:\IL-24(teeth）\phase2_release\results\full181_supplement\server_baseline_snapshot\results\12_complex_prediction\formal\immunogen_blind_seed3\boltz_results_immunogen_blind\predictions\immunogen_blind\immunogen_blind_model_0.pdb,complete,,L,FR4,0,0,,/home/xinlab/home/ws/phase2/results/12_complex_prediction/formal/immunogen_blind_seed3/boltz_results_immunogen_blind/predictions/immunogen_blind/immunogen_blind_model_0.pdb,/home/xinlab/home/ws/phase2/results/12_complex_prediction/formal/immunogen_blind_seed3/boltz_results_immunogen_blind/predictions/immunogen_blind/immunogen_blind_model_0.pdb,D:\IL-24(teeth）\phase2_release\results\full181_supplement\server_baseline_snapshot\server_source_inventory.json,formal,passed,matched_at_saved_precision,recomputed_server_original_unrelaxed_PDB
Immunogen134,empty,4,D:\IL-24(teeth）\phase2_release\results\full181_supplement\server_baseline_snapshot\results\12_complex_prediction\formal\immunogen_blind_seed4\boltz_results_immunogen_blind\predictions\immunogen_blind\immunogen_blind_model_0.pdb,complete,,H,FR1,0,0,,/home/xinlab/home/ws/phase2/results/12_complex_prediction/formal/immunogen_blind_seed4/boltz_results_immunogen_blind/predictions/immunogen_blind/immunogen_blind_model_0.pdb,/home/xinlab/home/ws/phase2/results/12_complex_prediction/formal/immunogen_blind_seed4/boltz_results_immunogen_blind/predictions/immunogen_blind/immunogen_blind_model_0.pdb,D:\IL-24(teeth）\phase2_release\results\full181_supplement\server_baseline_snapshot\server_source_inventory.json,formal,passed,matched_at_saved_precision,recomputed_server_original_unrelaxed_PDB
Immunogen134,empty,4,D:\IL-24(teeth）\phase2_release\results\full181_supplement\server_baseline_snapshot\results\12_complex_prediction\formal\immunogen_blind_seed4\boltz_results_immunogen_blind\predictions\immunogen_blind\immunogen_blind_model_0.pdb,complete,,H,CDR1,4,1,30;31;32;33,/home/xinlab/home/ws/phase2/results/12_complex_prediction/formal/immunogen_blind_seed4/boltz_results_immunogen_blind/predictions/immunogen_blind/immunogen_blind_model_0.pdb,/home/xinlab/home/ws/phase2/results/12_complex_prediction/formal/immunogen_blind_seed4/boltz_results_immunogen_blind/predictions/immunogen_blind/immunogen_blind_model_0.pdb,D:\IL-24(teeth）\phase2_release\results\full181_supplement\server_baseline_snapshot\server_source_inventory.json,formal,passed,matched_at_saved_precision,recomputed_server_original_unrelaxed_PDB
Immunogen134,empty,4,D:\IL-24(teeth）\phase2_release\results\full181_supplement\server_baseline_snapshot\results\12_complex_prediction\formal\immunogen_blind_seed4\boltz_results_immunogen_blind\predictions\immunogen_blind\immunogen_blind_model_0.pdb,complete,,H,FR2,0,0,,/home/xinlab/home/ws/phase2/results/12_complex_prediction/formal/immunogen_blind_seed4/boltz_results_immunogen_blind/predictions/immunogen_blind/immunogen_blind_model_0.pdb,/home/xinlab/home/ws/phase2/results/12_complex_prediction/formal/immunogen_blind_seed4/boltz_results_immunogen_blind/predictions/immunogen_blind/immunogen_blind_model_0.pdb,D:\IL-24(teeth）\phase2_release\results\full181_supplement\server_baseline_snapshot\server_source_inventory.json,formal,passed,matched_at_saved_precision,recomputed_server_original_unrelaxed_PDB
Immunogen134,empty,4,D:\IL-24(teeth）\phase2_release\results\full181_supplement\server_baseline_snapshot\results\12_complex_prediction\formal\immunogen_blind_seed4\boltz_results_immunogen_blind\predictions\immunogen_blind\immunogen_blind_model_0.pdb,complete,,H,CDR2,6,1,52;53;54;55;56;57,/home/xinlab/home/ws/phase2/results/12_complex_prediction/formal/immunogen_blind_seed4/boltz_results_immunogen_blind/predictions/immunogen_blind/immunogen_blind_model_0.pdb,/home/xinlab/home/ws/phase2/results/12_complex_prediction/formal/immunogen_blind_seed4/boltz_results_immunogen_blind/predictions/immunogen_blind/immunogen_blind_model_0.pdb,D:\IL-24(teeth）\phase2_release\results\full181_supplement\server_baseline_snapshot\server_source_inventory.json,formal,passed,matched_at_saved_precision,recomputed_server_original_unrelaxed_PDB
Immunogen134,empty,4,D:\IL-24(teeth）\phase2_release\results\full181_supplement\server_baseline_snapshot\results\12_complex_prediction\formal\immunogen_blind_seed4\boltz_results_immunogen_blind\predictions\immunogen_blind\immunogen_blind_model_0.pdb,complete,,H,FR3,3,1,58;59;73,/home/xinlab/home/ws/phase2/results/12_complex_prediction/formal/immunogen_blind_seed4/boltz_results_immunogen_blind/predictions/immunogen_blind/immunogen_blind_model_0.pdb,/home/xinlab/home/ws/phase2/results/12_complex_prediction/formal/immunogen_blind_seed4/boltz_results_immunogen_blind/predictions/immunogen_blind/immunogen_blind_model_0.pdb,D:\IL-24(teeth）\phase2_release\results\full181_supplement\server_baseline_snapshot\server_source_inventory.json,formal,passed,matched_at_saved_precision,recomputed_server_original_unrelaxed_PDB
Immunogen134,empty,4,D:\IL-24(teeth）\phase2_release\results\full181_supplement\server_baseline_snapshot\results\12_complex_prediction\formal\immunogen_blind_seed4\boltz_results_immunogen_blind\predictions\immunogen_blind\immunogen_blind_model_0.pdb,complete,,H,CDR3,5,1,98;100;101;102;104,/home/xinlab/home/ws/phase2/results/12_complex_prediction/formal/immunogen_blind_seed4/boltz_results_immunogen_blind/predictions/immunogen_blind/immunogen_blind_model_0.pdb,/home/xinlab/home/ws/phase2/results/12_complex_prediction/formal/immunogen_blind_seed4/boltz_results_immunogen_blind/predictions/immunogen_blind/immunogen_blind_model_0.pdb,D:\IL-24(teeth）\phase2_release\results\full181_supplement\server_baseline_snapshot\server_source_inventory.json,formal,passed,matched_at_saved_precision,recomputed_server_original_unrelaxed_PDB
Immunogen134,empty,4,D:\IL-24(teeth）\phase2_release\results\full181_supplement\server_baseline_snapshot\results\12_complex_prediction\formal\immunogen_blind_seed4\boltz_results_immunogen_blind\predictions\immunogen_blind\immunogen_blind_model_0.pdb,complete,,H,FR4,0,0,,/home/xinlab/home/ws/phase2/results/12_complex_prediction/formal/immunogen_blind_seed4/boltz_results_immunogen_blind/predictions/immunogen_blind/immunogen_blind_model_0.pdb,/home/xinlab/home/ws/phase2/results/12_complex_prediction/formal/immunogen_blind_seed4/boltz_results_immunogen_blind/predictions/immunogen_blind/immunogen_blind_model_0.pdb,D:\IL-24(teeth）\phase2_release\results\full181_supplement\server_baseline_snapshot\server_source_inventory.json,formal,passed,matched_at_saved_precision,recomputed_server_original_unrelaxed_PDB
Immunogen134,empty,4,D:\IL-24(teeth）\phase2_release\results\full181_supplement\server_baseline_snapshot\results\12_complex_prediction\formal\immunogen_blind_seed4\boltz_results_immunogen_blind\predictions\immunogen_blind\immunogen_blind_model_0.pdb,complete,,L,FR1,0,0,,/home/xinlab/home/ws/phase2/results/12_complex_prediction/formal/immunogen_blind_seed4/boltz_results_immunogen_blind/predictions/immunogen_blind/immunogen_blind_model_0.pdb,/home/xinlab/home/ws/phase2/results/12_complex_prediction/formal/immunogen_blind_seed4/boltz_results_immunogen_blind/predictions/immunogen_blind/immunogen_blind_model_0.pdb,D:\IL-24(teeth）\phase2_release\results\full181_supplement\server_baseline_snapshot\server_source_inventory.json,formal,passed,matched_at_saved_precision,recomputed_server_original_unrelaxed_PDB
Immunogen134,empty,4,D:\IL-24(teeth）\phase2_release\results\full181_supplement\server_baseline_snapshot\results\12_complex_prediction\formal\immunogen_blind_seed4\boltz_results_immunogen_blind\predictions\immunogen_blind\immunogen_blind_model_0.pdb,complete,,L,CDR1,6,1,27;28;29;30;31;32,/home/xinlab/home/ws/phase2/results/12_complex_prediction/formal/immunogen_blind_seed4/boltz_results_immunogen_blind/predictions/immunogen_blind/immunogen_blind_model_0.pdb,/home/xinlab/home/ws/phase2/results/12_complex_prediction/formal/immunogen_blind_seed4/boltz_results_immunogen_blind/predictions/immunogen_blind/immunogen_blind_model_0.pdb,D:\IL-24(teeth）\phase2_release\results\full181_supplement\server_baseline_snapshot\server_source_inventory.json,formal,passed,matched_at_saved_precision,recomputed_server_original_unrelaxed_PDB
Immunogen134,empty,4,D:\IL-24(teeth）\phase2_release\results\full181_supplement\server_baseline_snapshot\results\12_complex_prediction\formal\immunogen_blind_seed4\boltz_results_immunogen_blind\predictions\immunogen_blind\immunogen_blind_model_0.pdb,complete,,L,FR2,0,0,,/home/xinlab/home/ws/phase2/results/12_complex_prediction/formal/immunogen_blind_seed4/boltz_results_immunogen_blind/predictions/immunogen_blind/immunogen_blind_model_0.pdb,/home/xinlab/home/ws/phase2/results/12_complex_prediction/formal/immunogen_blind_seed4/boltz_results_immunogen_blind/predictions/immunogen_blind/immunogen_blind_model_0.pdb,D:\IL-24(teeth）\phase2_release\results\full181_supplement\server_baseline_snapshot\server_source_inventory.json,formal,passed,matched_at_saved_precision,recomputed_server_original_unrelaxed_PDB
Immunogen134,empty,4,D:\IL-24(teeth）\phase2_release\results\full181_supplement\server_baseline_snapshot\results\12_complex_prediction\formal\immunogen_blind_seed4\boltz_results_immunogen_blind\predictions\immunogen_blind\immunogen_blind_model_0.pdb,complete,,L,CDR2,1,1,50,/home/xinlab/home/ws/phase2/results/12_complex_prediction/formal/immunogen_blind_seed4/boltz_results_immunogen_blind/predictions/immunogen_blind/immunogen_blind_model_0.pdb,/home/xinlab/home/ws/phase2/results/12_complex_prediction/formal/immunogen_blind_seed4/boltz_results_immunogen_blind/predictions/immunogen_blind/immunogen_blind_model_0.pdb,D:\IL-24(teeth）\phase2_release\results\full181_supplement\server_baseline_snapshot\server_source_inventory.json,formal,passed,matched_at_saved_precision,recomputed_server_original_unrelaxed_PDB
Immunogen134,empty,4,D:\IL-24(teeth）\phase2_release\results\full181_supplement\server_baseline_snapshot\results\12_complex_prediction\formal\immunogen_blind_seed4\boltz_results_immunogen_blind\predictions\immunogen_blind\immunogen_blind_model_0.pdb,complete,,L,FR3,3,1,53;67;68,/home/xinlab/home/ws/phase2/results/12_complex_prediction/formal/immunogen_blind_seed4/boltz_results_immunogen_blind/predictions/immunogen_blind/immunogen_blind_model_0.pdb,/home/xinlab/home/ws/phase2/results/12_complex_prediction/formal/immunogen_blind_seed4/boltz_results_immunogen_blind/predictions/immunogen_blind/immunogen_blind_model_0.pdb,D:\IL-24(teeth）\phase2_release\results\full181_supplement\server_baseline_snapshot\server_source_inventory.json,formal,passed,matched_at_saved_precision,recomputed_server_original_unrelaxed_PDB
Immunogen134,empty,4,D:\IL-24(teeth）\phase2_release\results\full181_supplement\server_baseline_snapshot\results\12_complex_prediction\formal\immunogen_blind_seed4\boltz_results_immunogen_blind\predictions\immunogen_blind\immunogen_blind_model_0.pdb,complete,,L,CDR3,6,1,90;91;92;93;94;95,/home/xinlab/home/ws/phase2/results/12_complex_prediction/formal/immunogen_blind_seed4/boltz_results_immunogen_blind/predictions/immunogen_blind/immunogen_blind_model_0.pdb,/home/xinlab/home/ws/phase2/results/12_complex_prediction/formal/immunogen_blind_seed4/boltz_results_immunogen_blind/predictions/immunogen_blind/immunogen_blind_model_0.pdb,D:\IL-24(teeth）\phase2_release\results\full181_supplement\server_baseline_snapshot\server_source_inventory.json,formal,passed,matched_at_saved_precision,recomputed_server_original_unrelaxed_PDB
Immunogen134,empty,4,D:\IL-24(teeth）\phase2_release\results\full181_supplement\server_baseline_snapshot\results\12_complex_prediction\formal\immunogen_blind_seed4\boltz_results_immunogen_blind\predictions\immunogen_blind\immunogen_blind_model_0.pdb,complete,,L,FR4,0,0,,/home/xinlab/home/ws/phase2/results/12_complex_prediction/formal/immunogen_blind_seed4/boltz_results_immunogen_blind/predictions/immunogen_blind/immunogen_blind_model_0.pdb,/home/xinlab/home/ws/phase2/results/12_complex_prediction/formal/immunogen_blind_seed4/boltz_results_immunogen_blind/predictions/immunogen_blind/immunogen_blind_model_0.pdb,D:\IL-24(teeth）\phase2_release\results\full181_supplement\server_baseline_snapshot\server_source_inventory.json,formal,passed,matched_at_saved_precision,recomputed_server_original_unrelaxed_PDB
Immunogen134,empty,5,D:\IL-24(teeth）\phase2_release\results\full181_supplement\server_baseline_snapshot\results\12_complex_prediction\formal\immunogen_blind_seed5\boltz_results_immunogen_blind\predictions\immunogen_blind\immunogen_blind_model_0.pdb,complete,,H,FR1,0,0,,/home/xinlab/home/ws/phase2/results/12_complex_prediction/formal/immunogen_blind_seed5/boltz_results_immunogen_blind/predictions/immunogen_blind/immunogen_blind_model_0.pdb,/home/xinlab/home/ws/phase2/results/12_complex_prediction/formal/immunogen_blind_seed5/boltz_results_immunogen_blind/predictions/immunogen_blind/immunogen_blind_model_0.pdb,D:\IL-24(teeth）\phase2_release\results\full181_supplement\server_baseline_snapshot\server_source_inventory.json,formal,passed,matched_at_saved_precision,recomputed_server_original_unrelaxed_PDB
Immunogen134,empty,5,D:\IL-24(teeth）\phase2_release\results\full181_supplement\server_baseline_snapshot\results\12_complex_prediction\formal\immunogen_blind_seed5\boltz_results_immunogen_blind\predictions\immunogen_blind\immunogen_blind_model_0.pdb,complete,,H,CDR1,4,1,30;31;32;33,/home/xinlab/home/ws/phase2/results/12_complex_prediction/formal/immunogen_blind_seed5/boltz_results_immunogen_blind/predictions/immunogen_blind/immunogen_blind_model_0.pdb,/home/xinlab/home/ws/phase2/results/12_complex_prediction/formal/immunogen_blind_seed5/boltz_results_immunogen_blind/predictions/immunogen_blind/immunogen_blind_model_0.pdb,D:\IL-24(teeth）\phase2_release\results\full181_supplement\server_baseline_snapshot\server_source_inventory.json,formal,passed,matched_at_saved_precision,recomputed_server_original_unrelaxed_PDB
Immunogen134,empty,5,D:\IL-24(teeth）\phase2_release\results\full181_supplement\server_baseline_snapshot\results\12_complex_prediction\formal\immunogen_blind_seed5\boltz_results_immunogen_blind\predictions\immunogen_blind\immunogen_blind_model_0.pdb,complete,,H,FR2,1,1,35,/home/xinlab/home/ws/phase2/results/12_complex_prediction/formal/immunogen_blind_seed5/boltz_results_immunogen_blind/predictions/immunogen_blind/immunogen_blind_model_0.pdb,/home/xinlab/home/ws/phase2/results/12_complex_prediction/formal/immunogen_blind_seed5/boltz_results_immunogen_blind/predictions/immunogen_blind/immunogen_blind_model_0.pdb,D:\IL-24(teeth）\phase2_release\results\full181_supplement\server_baseline_snapshot\server_source_inventory.json,formal,passed,matched_at_saved_precision,recomputed_server_original_unrelaxed_PDB
Immunogen134,empty,5,D:\IL-24(teeth）\phase2_release\results\full181_supplement\server_baseline_snapshot\results\12_complex_prediction\formal\immunogen_blind_seed5\boltz_results_immunogen_blind\predictions\immunogen_blind\immunogen_blind_model_0.pdb,complete,,H,CDR2,4,1,53;54;56;57,/home/xinlab/home/ws/phase2/results/12_complex_prediction/formal/immunogen_blind_seed5/boltz_results_immunogen_blind/predictions/immunogen_blind/immunogen_blind_model_0.pdb,/home/xinlab/home/ws/phase2/results/12_complex_prediction/formal/immunogen_blind_seed5/boltz_results_immunogen_blind/predictions/immunogen_blind/immunogen_blind_model_0.pdb,D:\IL-24(teeth）\phase2_release\results\full181_supplement\server_baseline_snapshot\server_source_inventory.json,formal,passed,matched_at_saved_precision,recomputed_server_original_unrelaxed_PDB
Immunogen134,empty,5,D:\IL-24(teeth）\phase2_release\results\full181_supplement\server_baseline_snapshot\results\12_complex_prediction\formal\immunogen_blind_seed5\boltz_results_immunogen_blind\predictions\immunogen_blind\immunogen_blind_model_0.pdb,complete,,H,FR3,1,1,58,/home/xinlab/home/ws/phase2/results/12_complex_prediction/formal/immunogen_blind_seed5/boltz_results_immunogen_blind/predictions/immunogen_blind/immunogen_blind_model_0.pdb,/home/xinlab/home/ws/phase2/results/12_complex_prediction/formal/immunogen_blind_seed5/boltz_results_immunogen_blind/predictions/immunogen_blind/immunogen_blind_model_0.pdb,D:\IL-24(teeth）\phase2_release\results\full181_supplement\server_baseline_snapshot\server_source_inventory.json,formal,passed,matched_at_saved_precision,recomputed_server_original_unrelaxed_PDB
Immunogen134,empty,5,D:\IL-24(teeth）\phase2_release\results\full181_supplement\server_baseline_snapshot\results\12_complex_prediction\formal\immunogen_blind_seed5\boltz_results_immunogen_blind\predictions\immunogen_blind\immunogen_blind_model_0.pdb,complete,,H,CDR3,7,1,98;99;100;101;102;103;104,/home/xinlab/home/ws/phase2/results/12_complex_prediction/formal/immunogen_blind_seed5/boltz_results_immunogen_blind/predictions/immunogen_blind/immunogen_blind_model_0.pdb,/home/xinlab/home/ws/phase2/results/12_complex_prediction/formal/immunogen_blind_seed5/boltz_results_immunogen_blind/predictions/immunogen_blind/immunogen_blind_model_0.pdb,D:\IL-24(teeth）\phase2_release\results\full181_supplement\server_baseline_snapshot\server_source_inventory.json,formal,passed,matched_at_saved_precision,recomputed_server_original_unrelaxed_PDB
Immunogen134,empty,5,D:\IL-24(teeth）\phase2_release\results\full181_supplement\server_baseline_snapshot\results\12_complex_prediction\formal\immunogen_blind_seed5\boltz_results_immunogen_blind\predictions\immunogen_blind\immunogen_blind_model_0.pdb,complete,,H,FR4,0,0,,/home/xinlab/home/ws/phase2/results/12_complex_prediction/formal/immunogen_blind_seed5/boltz_results_immunogen_blind/predictions/immunogen_blind/immunogen_blind_model_0.pdb,/home/xinlab/home/ws/phase2/results/12_complex_prediction/formal/immunogen_blind_seed5/boltz_results_immunogen_blind/predictions/immunogen_blind/immunogen_blind_model_0.pdb,D:\IL-24(teeth）\phase2_release\results\full181_supplement\server_baseline_snapshot\server_source_inventory.json,formal,passed,matched_at_saved_precision,recomputed_server_original_unrelaxed_PDB
Immunogen134,empty,5,D:\IL-24(teeth）\phase2_release\results\full181_supplement\server_baseline_snapshot\results\12_complex_prediction\formal\immunogen_blind_seed5\boltz_results_immunogen_blind\predictions\immunogen_blind\immunogen_blind_model_0.pdb,complete,,L,FR1,0,0,,/home/xinlab/home/ws/phase2/results/12_complex_prediction/formal/immunogen_blind_seed5/boltz_results_immunogen_blind/predictions/immunogen_blind/immunogen_blind_model_0.pdb,/home/xinlab/home/ws/phase2/results/12_complex_prediction/formal/immunogen_blind_seed5/boltz_results_immunogen_blind/predictions/immunogen_blind/immunogen_blind_model_0.pdb,D:\IL-24(teeth）\phase2_release\results\full181_supplement\server_baseline_snapshot\server_source_inventory.json,formal,passed,matched_at_saved_precision,recomputed_server_original_unrelaxed_PDB
Immunogen134,empty,5,D:\IL-24(teeth）\phase2_release\results\full181_supplement\server_baseline_snapshot\results\12_complex_prediction\formal\immunogen_blind_seed5\boltz_results_immunogen_blind\predictions\immunogen_blind\immunogen_blind_model_0.pdb,complete,,L,CDR1,5,1,28;29;30;31;32,/home/xinlab/home/ws/phase2/results/12_complex_prediction/formal/immunogen_blind_seed5/boltz_results_immunogen_blind/predictions/immunogen_blind/immunogen_blind_model_0.pdb,/home/xinlab/home/ws/phase2/results/12_complex_prediction/formal/immunogen_blind_seed5/boltz_results_immunogen_blind/predictions/immunogen_blind/immunogen_blind_model_0.pdb,D:\IL-24(teeth）\phase2_release\results\full181_supplement\server_baseline_snapshot\server_source_inventory.json,formal,passed,matched_at_saved_precision,recomputed_server_original_unrelaxed_PDB
Immunogen134,empty,5,D:\IL-24(teeth）\phase2_release\results\full181_supplement\server_baseline_snapshot\results\12_complex_prediction\formal\immunogen_blind_seed5\boltz_results_immunogen_blind\predictions\immunogen_blind\immunogen_blind_model_0.pdb,complete,,L,FR2,0,0,,/home/xinlab/home/ws/phase2/results/12_complex_prediction/formal/immunogen_blind_seed5/boltz_results_immunogen_blind/predictions/immunogen_blind/immunogen_blind_model_0.pdb,/home/xinlab/home/ws/phase2/results/12_complex_prediction/formal/immunogen_blind_seed5/boltz_results_immunogen_blind/predictions/immunogen_blind/immunogen_blind_model_0.pdb,D:\IL-24(teeth）\phase2_release\results\full181_supplement\server_baseline_snapshot\server_source_inventory.json,formal,passed,matched_at_saved_precision,recomputed_server_original_unrelaxed_PDB
Immunogen134,empty,5,D:\IL-24(teeth）\phase2_release\results\full181_supplement\server_baseline_snapshot\results\12_complex_prediction\formal\immunogen_blind_seed5\boltz_results_immunogen_blind\predictions\immunogen_blind\immunogen_blind_model_0.pdb,complete,,L,CDR2,1,1,50,/home/xinlab/home/ws/phase2/results/12_complex_prediction/formal/immunogen_blind_seed5/boltz_results_immunogen_blind/predictions/immunogen_blind/immunogen_blind_model_0.pdb,/home/xinlab/home/ws/phase2/results/12_complex_prediction/formal/immunogen_blind_seed5/boltz_results_immunogen_blind/predictions/immunogen_blind/immunogen_blind_model_0.pdb,D:\IL-24(teeth）\phase2_release\results\full181_supplement\server_baseline_snapshot\server_source_inventory.json,formal,passed,matched_at_saved_precision,recomputed_server_original_unrelaxed_PDB
Immunogen134,empty,5,D:\IL-24(teeth）\phase2_release\results\full181_supplement\server_baseline_snapshot\results\12_complex_prediction\formal\immunogen_blind_seed5\boltz_results_immunogen_blind\predictions\immunogen_blind\immunogen_blind_model_0.pdb,complete,,L,FR3,1,1,53,/home/xinlab/home/ws/phase2/results/12_complex_prediction/formal/immunogen_blind_seed5/boltz_results_immunogen_blind/predictions/immunogen_blind/immunogen_blind_model_0.pdb,/home/xinlab/home/ws/phase2/results/12_complex_prediction/formal/immunogen_blind_seed5/boltz_results_immunogen_blind/predictions/immunogen_blind/immunogen_blind_model_0.pdb,D:\IL-24(teeth）\phase2_release\results\full181_supplement\server_baseline_snapshot\server_source_inventory.json,formal,passed,matched_at_saved_precision,recomputed_server_original_unrelaxed_PDB
Immunogen134,empty,5,D:\IL-24(teeth）\phase2_release\results\full181_supplement\server_baseline_snapshot\results\12_complex_prediction\formal\immunogen_blind_seed5\boltz_results_immunogen_blind\predictions\immunogen_blind\immunogen_blind_model_0.pdb,complete,,L,CDR3,5,1,90;91;92;93;95,/home/xinlab/home/ws/phase2/results/12_complex_prediction/formal/immunogen_blind_seed5/boltz_results_immunogen_blind/predictions/immunogen_blind/immunogen_blind_model_0.pdb,/home/xinlab/home/ws/phase2/results/12_complex_prediction/formal/immunogen_blind_seed5/boltz_results_immunogen_blind/predictions/immunogen_blind/immunogen_blind_model_0.pdb,D:\IL-24(teeth）\phase2_release\results\full181_supplement\server_baseline_snapshot\server_source_inventory.json,formal,passed,matched_at_saved_precision,recomputed_server_original_unrelaxed_PDB
Immunogen134,empty,5,D:\IL-24(teeth）\phase2_release\results\full181_supplement\server_baseline_snapshot\results\12_complex_prediction\formal\immunogen_blind_seed5\boltz_results_immunogen_blind\predictions\immunogen_blind\immunogen_blind_model_0.pdb,complete,,L,FR4,0,0,,/home/xinlab/home/ws/phase2/results/12_complex_prediction/formal/immunogen_blind_seed5/boltz_results_immunogen_blind/predictions/immunogen_blind/immunogen_blind_model_0.pdb,/home/xinlab/home/ws/phase2/results/12_complex_prediction/formal/immunogen_blind_seed5/boltz_results_immunogen_blind/predictions/immunogen_blind/immunogen_blind_model_0.pdb,D:\IL-24(teeth）\phase2_release\results\full181_supplement\server_baseline_snapshot\server_source_inventory.json,formal,passed,matched_at_saved_precision,recomputed_server_original_unrelaxed_PDB
Immunogen134,empty,6,D:\IL-24(teeth）\phase2_release\results\full181_supplement\server_baseline_snapshot\results\12_complex_prediction\formal\immunogen_blind_seed6\boltz_results_immunogen_blind\predictions\immunogen_blind\immunogen_blind_model_0.pdb,complete,,H,FR1,0,0,,/home/xinlab/home/ws/phase2/results/12_complex_prediction/formal/immunogen_blind_seed6/boltz_results_immunogen_blind/predictions/immunogen_blind/immunogen_blind_model_0.pdb,/home/xinlab/home/ws/phase2/results/12_complex_prediction/formal/immunogen_blind_seed6/boltz_results_immunogen_blind/predictions/immunogen_blind/immunogen_blind_model_0.pdb,D:\IL-24(teeth）\phase2_release\results\full181_supplement\server_baseline_snapshot\server_source_inventory.json,formal,passed,matched_at_saved_precision,recomputed_server_original_unrelaxed_PDB
Immunogen134,empty,6,D:\IL-24(teeth）\phase2_release\results\full181_supplement\server_baseline_snapshot\results\12_complex_prediction\formal\immunogen_blind_seed6\boltz_results_immunogen_blind\predictions\immunogen_blind\immunogen_blind_model_0.pdb,complete,,H,CDR1,4,1,30;31;32;33,/home/xinlab/home/ws/phase2/results/12_complex_prediction/formal/immunogen_blind_seed6/boltz_results_immunogen_blind/predictions/immunogen_blind/immunogen_blind_model_0.pdb,/home/xinlab/home/ws/phase2/results/12_complex_prediction/formal/immunogen_blind_seed6/boltz_results_immunogen_blind/predictions/immunogen_blind/immunogen_blind_model_0.pdb,D:\IL-24(teeth）\phase2_release\results\full181_supplement\server_baseline_snapshot\server_source_inventory.json,formal,passed,matched_at_saved_precision,recomputed_server_original_unrelaxed_PDB
Immunogen134,empty,6,D:\IL-24(teeth）\phase2_release\results\full181_supplement\server_baseline_snapshot\results\12_complex_prediction\formal\immunogen_blind_seed6\boltz_results_immunogen_blind\predictions\immunogen_blind\immunogen_blind_model_0.pdb,complete,,H,FR2,1,1,35,/home/xinlab/home/ws/phase2/results/12_complex_prediction/formal/immunogen_blind_seed6/boltz_results_immunogen_blind/predictions/immunogen_blind/immunogen_blind_model_0.pdb,/home/xinlab/home/ws/phase2/results/12_complex_prediction/formal/immunogen_blind_seed6/boltz_results_immunogen_blind/predictions/immunogen_blind/immunogen_blind_model_0.pdb,D:\IL-24(teeth）\phase2_release\results\full181_supplement\server_baseline_snapshot\server_source_inventory.json,formal,passed,matched_at_saved_precision,recomputed_server_original_unrelaxed_PDB
Immunogen134,empty,6,D:\IL-24(teeth）\phase2_release\results\full181_supplement\server_baseline_snapshot\results\12_complex_prediction\formal\immunogen_blind_seed6\boltz_results_immunogen_blind\predictions\immunogen_blind\immunogen_blind_model_0.pdb,complete,,H,CDR2,4,1,50;53;54;56,/home/xinlab/home/ws/phase2/results/12_complex_prediction/formal/immunogen_blind_seed6/boltz_results_immunogen_blind/predictions/immunogen_blind/immunogen_blind_model_0.pdb,/home/xinlab/home/ws/phase2/results/12_complex_prediction/formal/immunogen_blind_seed6/boltz_results_immunogen_blind/predictions/immunogen_blind/immunogen_blind_model_0.pdb,D:\IL-24(teeth）\phase2_release\results\full181_supplement\server_baseline_snapshot\server_source_inventory.json,formal,passed,matched_at_saved_precision,recomputed_server_original_unrelaxed_PDB
Immunogen134,empty,6,D:\IL-24(teeth）\phase2_release\results\full181_supplement\server_baseline_snapshot\results\12_complex_prediction\formal\immunogen_blind_seed6\boltz_results_immunogen_blind\predictions\immunogen_blind\immunogen_blind_model_0.pdb,complete,,H,FR3,1,1,58,/home/xinlab/home/ws/phase2/results/12_complex_prediction/formal/immunogen_blind_seed6/boltz_results_immunogen_blind/predictions/immunogen_blind/immunogen_blind_model_0.pdb,/home/xinlab/home/ws/phase2/results/12_complex_prediction/formal/immunogen_blind_seed6/boltz_results_immunogen_blind/predictions/immunogen_blind/immunogen_blind_model_0.pdb,D:\IL-24(teeth）\phase2_release\results\full181_supplement\server_baseline_snapshot\server_source_inventory.json,formal,passed,matched_at_saved_precision,recomputed_server_original_unrelaxed_PDB
Immunogen134,empty,6,D:\IL-24(teeth）\phase2_release\results\full181_supplement\server_baseline_snapshot\results\12_complex_prediction\formal\immunogen_blind_seed6\boltz_results_immunogen_blind\predictions\immunogen_blind\immunogen_blind_model_0.pdb,complete,,H,CDR3,6,1,98;100;101;102;103;104,/home/xinlab/home/ws/phase2/results/12_complex_prediction/formal/immunogen_blind_seed6/boltz_results_immunogen_blind/predictions/immunogen_blind/immunogen_blind_model_0.pdb,/home/xinlab/home/ws/phase2/results/12_complex_prediction/formal/immunogen_blind_seed6/boltz_results_immunogen_blind/predictions/immunogen_blind/immunogen_blind_model_0.pdb,D:\IL-24(teeth）\phase2_release\results\full181_supplement\server_baseline_snapshot\server_source_inventory.json,formal,passed,matched_at_saved_precision,recomputed_server_original_unrelaxed_PDB
Immunogen134,empty,6,D:\IL-24(teeth）\phase2_release\results\full181_supplement\server_baseline_snapshot\results\12_complex_prediction\formal\immunogen_blind_seed6\boltz_results_immunogen_blind\predictions\immunogen_blind\immunogen_blind_model_0.pdb,complete,,H,FR4,0,0,,/home/xinlab/home/ws/phase2/results/12_complex_prediction/formal/immunogen_blind_seed6/boltz_results_immunogen_blind/predictions/immunogen_blind/immunogen_blind_model_0.pdb,/home/xinlab/home/ws/phase2/results/12_complex_prediction/formal/immunogen_blind_seed6/boltz_results_immunogen_blind/predictions/immunogen_blind/immunogen_blind_model_0.pdb,D:\IL-24(teeth）\phase2_release\results\full181_supplement\server_baseline_snapshot\server_source_inventory.json,formal,passed,matched_at_saved_precision,recomputed_server_original_unrelaxed_PDB
Immunogen134,empty,6,D:\IL-24(teeth）\phase2_release\results\full181_supplement\server_baseline_snapshot\results\12_complex_prediction\formal\immunogen_blind_seed6\boltz_results_immunogen_blind\predictions\immunogen_blind\immunogen_blind_model_0.pdb,complete,,L,FR1,0,0,,/home/xinlab/home/ws/phase2/results/12_complex_prediction/formal/immunogen_blind_seed6/boltz_results_immunogen_blind/predictions/immunogen_blind/immunogen_blind_model_0.pdb,/home/xinlab/home/ws/phase2/results/12_complex_prediction/formal/immunogen_blind_seed6/boltz_results_immunogen_blind/predictions/immunogen_blind/immunogen_blind_model_0.pdb,D:\IL-24(teeth）\phase2_release\results\full181_supplement\server_baseline_snapshot\server_source_inventory.json,formal,passed,matched_at_saved_precision,recomputed_server_original_unrelaxed_PDB
Immunogen134,empty,6,D:\IL-24(teeth）\phase2_release\results\full181_supplement\server_baseline_snapshot\results\12_complex_prediction\formal\immunogen_blind_seed6\boltz_results_immunogen_blind\predictions\immunogen_blind\immunogen_blind_model_0.pdb,complete,,L,CDR1,5,1,28;29;30;31;32,/home/xinlab/home/ws/phase2/results/12_complex_prediction/formal/immunogen_blind_seed6/boltz_results_immunogen_blind/predictions/immunogen_blind/immunogen_blind_model_0.pdb,/home/xinlab/home/ws/phase2/results/12_complex_prediction/formal/immunogen_blind_seed6/boltz_results_immunogen_blind/predictions/immunogen_blind/immunogen_blind_model_0.pdb,D:\IL-24(teeth）\phase2_release\results\full181_supplement\server_baseline_snapshot\server_source_inventory.json,formal,passed,matched_at_saved_precision,recomputed_server_original_unrelaxed_PDB
Immunogen134,empty,6,D:\IL-24(teeth）\phase2_release\results\full181_supplement\server_baseline_snapshot\results\12_complex_prediction\formal\immunogen_blind_seed6\boltz_results_immunogen_blind\predictions\immunogen_blind\immunogen_blind_model_0.pdb,complete,,L,FR2,1,1,49,/home/xinlab/home/ws/phase2/results/12_complex_prediction/formal/immunogen_blind_seed6/boltz_results_immunogen_blind/predictions/immunogen_blind/immunogen_blind_model_0.pdb,/home/xinlab/home/ws/phase2/results/12_complex_prediction/formal/immunogen_blind_seed6/boltz_results_immunogen_blind/predictions/immunogen_blind/immunogen_blind_model_0.pdb,D:\IL-24(teeth）\phase2_release\results\full181_supplement\server_baseline_snapshot\server_source_inventory.json,formal,passed,matched_at_saved_precision,recomputed_server_original_unrelaxed_PDB
Immunogen134,empty,6,D:\IL-24(teeth）\phase2_release\results\full181_supplement\server_baseline_snapshot\results\12_complex_prediction\formal\immunogen_blind_seed6\boltz_results_immunogen_blind\predictions\immunogen_blind\immunogen_blind_model_0.pdb,complete,,L,CDR2,1,1,50,/home/xinlab/home/ws/phase2/results/12_complex_prediction/formal/immunogen_blind_seed6/boltz_results_immunogen_blind/predictions/immunogen_blind/immunogen_blind_model_0.pdb,/home/xinlab/home/ws/phase2/results/12_complex_prediction/formal/immunogen_blind_seed6/boltz_results_immunogen_blind/predictions/immunogen_blind/immunogen_blind_model_0.pdb,D:\IL-24(teeth）\phase2_release\results\full181_supplement\server_baseline_snapshot\server_source_inventory.json,formal,passed,matched_at_saved_precision,recomputed_server_original_unrelaxed_PDB
Immunogen134,empty,6,D:\IL-24(teeth）\phase2_release\results\full181_supplement\server_baseline_snapshot\results\12_complex_prediction\formal\immunogen_blind_seed6\boltz_results_immunogen_blind\predictions\immunogen_blind\immunogen_blind_model_0.pdb,complete,,L,FR3,1,1,53,/home/xinlab/home/ws/phase2/results/12_complex_prediction/formal/immunogen_blind_seed6/boltz_results_immunogen_blind/predictions/immunogen_blind/immunogen_blind_model_0.pdb,/home/xinlab/home/ws/phase2/results/12_complex_prediction/formal/immunogen_blind_seed6/boltz_results_immunogen_blind/predictions/immunogen_blind/immunogen_blind_model_0.pdb,D:\IL-24(teeth）\phase2_release\results\full181_supplement\server_baseline_snapshot\server_source_inventory.json,formal,passed,matched_at_saved_precision,recomputed_server_original_unrelaxed_PDB
Immunogen134,empty,6,D:\IL-24(teeth）\phase2_release\results\full181_supplement\server_baseline_snapshot\results\12_complex_prediction\formal\immunogen_blind_seed6\boltz_results_immunogen_blind\predictions\immunogen_blind\immunogen_blind_model_0.pdb,complete,,L,CDR3,5,1,90;91;92;93;95,/home/xinlab/home/ws/phase2/results/12_complex_prediction/formal/immunogen_blind_seed6/boltz_results_immunogen_blind/predictions/immunogen_blind/immunogen_blind_model_0.pdb,/home/xinlab/home/ws/phase2/results/12_complex_prediction/formal/immunogen_blind_seed6/boltz_results_immunogen_blind/predictions/immunogen_blind/immunogen_blind_model_0.pdb,D:\IL-24(teeth）\phase2_release\results\full181_supplement\server_baseline_snapshot\server_source_inventory.json,formal,passed,matched_at_saved_precision,recomputed_server_original_unrelaxed_PDB
Immunogen134,empty,6,D:\IL-24(teeth）\phase2_release\results\full181_supplement\server_baseline_snapshot\results\12_complex_prediction\formal\immunogen_blind_seed6\boltz_results_immunogen_blind\predictions\immunogen_blind\immunogen_blind_model_0.pdb,complete,,L,FR4,0,0,,/home/xinlab/home/ws/phase2/results/12_complex_prediction/formal/immunogen_blind_seed6/boltz_results_immunogen_blind/predictions/immunogen_blind/immunogen_blind_model_0.pdb,/home/xinlab/home/ws/phase2/results/12_complex_prediction/formal/immunogen_blind_seed6/boltz_results_immunogen_blind/predictions/immunogen_blind/immunogen_blind_model_0.pdb,D:\IL-24(teeth）\phase2_release\results\full181_supplement\server_baseline_snapshot\server_source_inventory.json,formal,passed,matched_at_saved_precision,recomputed_server_original_unrelaxed_PDB
Immunogen134,empty,7,D:\IL-24(teeth）\phase2_release\results\full181_supplement\server_baseline_snapshot\results\12_complex_prediction\formal\immunogen_blind_seed7\boltz_results_immunogen_blind\predictions\immunogen_blind\immunogen_blind_model_0.pdb,complete,,H,FR1,0,0,,/home/xinlab/home/ws/phase2/results/12_complex_prediction/formal/immunogen_blind_seed7/boltz_results_immunogen_blind/predictions/immunogen_blind/immunogen_blind_model_0.pdb,/home/xinlab/home/ws/phase2/results/12_complex_prediction/formal/immunogen_blind_seed7/boltz_results_immunogen_blind/predictions/immunogen_blind/immunogen_blind_model_0.pdb,D:\IL-24(teeth）\phase2_release\results\full181_supplement\server_baseline_snapshot\server_source_inventory.json,formal,passed,matched_at_saved_precision,recomputed_server_original_unrelaxed_PDB
Immunogen134,empty,7,D:\IL-24(teeth）\phase2_release\results\full181_supplement\server_baseline_snapshot\results\12_complex_prediction\formal\immunogen_blind_seed7\boltz_results_immunogen_blind\predictions\immunogen_blind\immunogen_blind_model_0.pdb,complete,,H,CDR1,4,1,28;31;32;33,/home/xinlab/home/ws/phase2/results/12_complex_prediction/formal/immunogen_blind_seed7/boltz_results_immunogen_blind/predictions/immunogen_blind/immunogen_blind_model_0.pdb,/home/xinlab/home/ws/phase2/results/12_complex_prediction/formal/immunogen_blind_seed7/boltz_results_immunogen_blind/predictions/immunogen_blind/immunogen_blind_model_0.pdb,D:\IL-24(teeth）\phase2_release\results\full181_supplement\server_baseline_snapshot\server_source_inventory.json,formal,passed,matched_at_saved_precision,recomputed_server_original_unrelaxed_PDB
Immunogen134,empty,7,D:\IL-24(teeth）\phase2_release\results\full181_supplement\server_baseline_snapshot\results\12_complex_prediction\formal\immunogen_blind_seed7\boltz_results_immunogen_blind\predictions\immunogen_blind\immunogen_blind_model_0.pdb,complete,,H,FR2,1,1,35,/home/xinlab/home/ws/phase2/results/12_complex_prediction/formal/immunogen_blind_seed7/boltz_results_immunogen_blind/predictions/immunogen_blind/immunogen_blind_model_0.pdb,/home/xinlab/home/ws/phase2/results/12_complex_prediction/formal/immunogen_blind_seed7/boltz_results_immunogen_blind/predictions/immunogen_blind/immunogen_blind_model_0.pdb,D:\IL-24(teeth）\phase2_release\results\full181_supplement\server_baseline_snapshot\server_source_inventory.json,formal,passed,matched_at_saved_precision,recomputed_server_original_unrelaxed_PDB
Immunogen134,empty,7,D:\IL-24(teeth）\phase2_release\results\full181_supplement\server_baseline_snapshot\results\12_complex_prediction\formal\immunogen_blind_seed7\boltz_results_immunogen_blind\predictions\immunogen_blind\immunogen_blind_model_0.pdb,complete,,H,CDR2,6,1,50;53;54;55;56;57,/home/xinlab/home/ws/phase2/results/12_complex_prediction/formal/immunogen_blind_seed7/boltz_results_immunogen_blind/predictions/immunogen_blind/immunogen_blind_model_0.pdb,/home/xinlab/home/ws/phase2/results/12_complex_prediction/formal/immunogen_blind_seed7/boltz_results_immunogen_blind/predictions/immunogen_blind/immunogen_blind_model_0.pdb,D:\IL-24(teeth）\phase2_release\results\full181_supplement\server_baseline_snapshot\server_source_inventory.json,formal,passed,matched_at_saved_precision,recomputed_server_original_unrelaxed_PDB
Immunogen134,empty,7,D:\IL-24(teeth）\phase2_release\results\full181_supplement\server_baseline_snapshot\results\12_complex_prediction\formal\immunogen_blind_seed7\boltz_results_immunogen_blind\predictions\immunogen_blind\immunogen_blind_model_0.pdb,complete,,H,FR3,2,1,58;64,/home/xinlab/home/ws/phase2/results/12_complex_prediction/formal/immunogen_blind_seed7/boltz_results_immunogen_blind/predictions/immunogen_blind/immunogen_blind_model_0.pdb,/home/xinlab/home/ws/phase2/results/12_complex_prediction/formal/immunogen_blind_seed7/boltz_results_immunogen_blind/predictions/immunogen_blind/immunogen_blind_model_0.pdb,D:\IL-24(teeth）\phase2_release\results\full181_supplement\server_baseline_snapshot\server_source_inventory.json,formal,passed,matched_at_saved_precision,recomputed_server_original_unrelaxed_PDB
Immunogen134,empty,7,D:\IL-24(teeth）\phase2_release\results\full181_supplement\server_baseline_snapshot\results\12_complex_prediction\formal\immunogen_blind_seed7\boltz_results_immunogen_blind\predictions\immunogen_blind\immunogen_blind_model_0.pdb,complete,,H,CDR3,5,1,98;100;101;102;104,/home/xinlab/home/ws/phase2/results/12_complex_prediction/formal/immunogen_blind_seed7/boltz_results_immunogen_blind/predictions/immunogen_blind/immunogen_blind_model_0.pdb,/home/xinlab/home/ws/phase2/results/12_complex_prediction/formal/immunogen_blind_seed7/boltz_results_immunogen_blind/predictions/immunogen_blind/immunogen_blind_model_0.pdb,D:\IL-24(teeth）\phase2_release\results\full181_supplement\server_baseline_snapshot\server_source_inventory.json,formal,passed,matched_at_saved_precision,recomputed_server_original_unrelaxed_PDB
Immunogen134,empty,7,D:\IL-24(teeth）\phase2_release\results\full181_supplement\server_baseline_snapshot\results\12_complex_prediction\formal\immunogen_blind_seed7\boltz_results_immunogen_blind\predictions\immunogen_blind\immunogen_blind_model_0.pdb,complete,,H,FR4,0,0,,/home/xinlab/home/ws/phase2/results/12_complex_prediction/formal/immunogen_blind_seed7/boltz_results_immunogen_blind/predictions/immunogen_blind/immunogen_blind_model_0.pdb,/home/xinlab/home/ws/phase2/results/12_complex_prediction/formal/immunogen_blind_seed7/boltz_results_immunogen_blind/predictions/immunogen_blind/immunogen_blind_model_0.pdb,D:\IL-24(teeth）\phase2_release\results\full181_supplement\server_baseline_snapshot\server_source_inventory.json,formal,passed,matched_at_saved_precision,recomputed_server_original_unrelaxed_PDB
Immunogen134,empty,7,D:\IL-24(teeth）\phase2_release\results\full181_supplement\server_baseline_snapshot\results\12_complex_prediction\formal\immunogen_blind_seed7\boltz_results_immunogen_blind\predictions\immunogen_blind\immunogen_blind_model_0.pdb,complete,,L,FR1,0,0,,/home/xinlab/home/ws/phase2/results/12_complex_prediction/formal/immunogen_blind_seed7/boltz_results_immunogen_blind/predictions/immunogen_blind/immunogen_blind_model_0.pdb,/home/xinlab/home/ws/phase2/results/12_complex_prediction/formal/immunogen_blind_seed7/boltz_results_immunogen_blind/predictions/immunogen_blind/immunogen_blind_model_0.pdb,D:\IL-24(teeth）\phase2_release\results\full181_supplement\server_baseline_snapshot\server_source_inventory.json,formal,passed,matched_at_saved_precision,recomputed_server_original_unrelaxed_PDB
Immunogen134,empty,7,D:\IL-24(teeth）\phase2_release\results\full181_supplement\server_baseline_snapshot\results\12_complex_prediction\formal\immunogen_blind_seed7\boltz_results_immunogen_blind\predictions\immunogen_blind\immunogen_blind_model_0.pdb,complete,,L,CDR1,5,1,28;29;30;31;32,/home/xinlab/home/ws/phase2/results/12_complex_prediction/formal/immunogen_blind_seed7/boltz_results_immunogen_blind/predictions/immunogen_blind/immunogen_blind_model_0.pdb,/home/xinlab/home/ws/phase2/results/12_complex_prediction/formal/immunogen_blind_seed7/boltz_results_immunogen_blind/predictions/immunogen_blind/immunogen_blind_model_0.pdb,D:\IL-24(teeth）\phase2_release\results\full181_supplement\server_baseline_snapshot\server_source_inventory.json,formal,passed,matched_at_saved_precision,recomputed_server_original_unrelaxed_PDB
Immunogen134,empty,7,D:\IL-24(teeth）\phase2_release\results\full181_supplement\server_baseline_snapshot\results\12_complex_prediction\formal\immunogen_blind_seed7\boltz_results_immunogen_blind\predictions\immunogen_blind\immunogen_blind_model_0.pdb,complete,,L,FR2,0,0,,/home/xinlab/home/ws/phase2/results/12_complex_prediction/formal/immunogen_blind_seed7/boltz_results_immunogen_blind/predictions/immunogen_blind/immunogen_blind_model_0.pdb,/home/xinlab/home/ws/phase2/results/12_complex_prediction/formal/immunogen_blind_seed7/boltz_results_immunogen_blind/predictions/immunogen_blind/immunogen_blind_model_0.pdb,D:\IL-24(teeth）\phase2_release\results\full181_supplement\server_baseline_snapshot\server_source_inventory.json,formal,passed,matched_at_saved_precision,recomputed_server_original_unrelaxed_PDB
Immunogen134,empty,7,D:\IL-24(teeth）\phase2_release\results\full181_supplement\server_baseline_snapshot\results\12_complex_prediction\formal\immunogen_blind_seed7\boltz_results_immunogen_blind\predictions\immunogen_blind\immunogen_blind_model_0.pdb,complete,,L,CDR2,1,1,50,/home/xinlab/home/ws/phase2/results/12_complex_prediction/formal/immunogen_blind_seed7/boltz_results_immunogen_blind/predictions/immunogen_blind/immunogen_blind_model_0.pdb,/home/xinlab/home/ws/phase2/results/12_complex_prediction/formal/immunogen_blind_seed7/boltz_results_immunogen_blind/predictions/immunogen_blind/immunogen_blind_model_0.pdb,D:\IL-24(teeth）\phase2_release\results\full181_supplement\server_baseline_snapshot\server_source_inventory.json,formal,passed,matched_at_saved_precision,recomputed_server_original_unrelaxed_PDB
Immunogen134,empty,7,D:\IL-24(teeth）\phase2_release\results\full181_supplement\server_baseline_snapshot\results\12_complex_prediction\formal\immunogen_blind_seed7\boltz_results_immunogen_blind\predictions\immunogen_blind\immunogen_blind_model_0.pdb,complete,,L,FR3,1,1,53,/home/xinlab/home/ws/phase2/results/12_complex_prediction/formal/immunogen_blind_seed7/boltz_results_immunogen_blind/predictions/immunogen_blind/immunogen_blind_model_0.pdb,/home/xinlab/home/ws/phase2/results/12_complex_prediction/formal/immunogen_blind_seed7/boltz_results_immunogen_blind/predictions/immunogen_blind/immunogen_blind_model_0.pdb,D:\IL-24(teeth）\phase2_release\results\full181_supplement\server_baseline_snapshot\server_source_inventory.json,formal,passed,matched_at_saved_precision,recomputed_server_original_unrelaxed_PDB
Immunogen134,empty,7,D:\IL-24(teeth）\phase2_release\results\full181_supplement\server_baseline_snapshot\results\12_complex_prediction\formal\immunogen_blind_seed7\boltz_results_immunogen_blind\predictions\immunogen_blind\immunogen_blind_model_0.pdb,complete,,L,CDR3,5,1,90;91;92;93;95,/home/xinlab/home/ws/phase2/results/12_complex_prediction/formal/immunogen_blind_seed7/boltz_results_immunogen_blind/predictions/immunogen_blind/immunogen_blind_model_0.pdb,/home/xinlab/home/ws/phase2/results/12_complex_prediction/formal/immunogen_blind_seed7/boltz_results_immunogen_blind/predictions/immunogen_blind/immunogen_blind_model_0.pdb,D:\IL-24(teeth）\phase2_release\results\full181_supplement\server_baseline_snapshot\server_source_inventory.json,formal,passed,matched_at_saved_precision,recomputed_server_original_unrelaxed_PDB
Immunogen134,empty,7,D:\IL-24(teeth）\phase2_release\results\full181_supplement\server_baseline_snapshot\results\12_complex_prediction\formal\immunogen_blind_seed7\boltz_results_immunogen_blind\predictions\immunogen_blind\immunogen_blind_model_0.pdb,complete,,L,FR4,0,0,,/home/xinlab/home/ws/phase2/results/12_complex_prediction/formal/immunogen_blind_seed7/boltz_results_immunogen_blind/predictions/immunogen_blind/immunogen_blind_model_0.pdb,/home/xinlab/home/ws/phase2/results/12_complex_prediction/formal/immunogen_blind_seed7/boltz_results_immunogen_blind/predictions/immunogen_blind/immunogen_blind_model_0.pdb,D:\IL-24(teeth）\phase2_release\results\full181_supplement\server_baseline_snapshot\server_source_inventory.json,formal,passed,matched_at_saved_precision,recomputed_server_original_unrelaxed_PDB
Immunogen134,empty,8,D:\IL-24(teeth）\phase2_release\results\full181_supplement\server_baseline_snapshot\results\12_complex_prediction\formal\immunogen_blind_seed8\boltz_results_immunogen_blind\predictions\immunogen_blind\immunogen_blind_model_0.pdb,complete,,H,FR1,0,0,,/home/xinlab/home/ws/phase2/results/12_complex_prediction/formal/immunogen_blind_seed8/boltz_results_immunogen_blind/predictions/immunogen_blind/immunogen_blind_model_0.pdb,/home/xinlab/home/ws/phase2/results/12_complex_prediction/formal/immunogen_blind_seed8/boltz_results_immunogen_blind/predictions/immunogen_blind/immunogen_blind_model_0.pdb,D:\IL-24(teeth）\phase2_release\results\full181_supplement\server_baseline_snapshot\server_source_inventory.json,formal,passed,matched_at_saved_precision,recomputed_server_original_unrelaxed_PDB
Immunogen134,empty,8,D:\IL-24(teeth）\phase2_release\results\full181_supplement\server_baseline_snapshot\results\12_complex_prediction\formal\immunogen_blind_seed8\boltz_results_immunogen_blind\predictions\immunogen_blind\immunogen_blind_model_0.pdb,complete,,H,CDR1,4,1,30;31;32;33,/home/xinlab/home/ws/phase2/results/12_complex_prediction/formal/immunogen_blind_seed8/boltz_results_immunogen_blind/predictions/immunogen_blind/immunogen_blind_model_0.pdb,/home/xinlab/home/ws/phase2/results/12_complex_prediction/formal/immunogen_blind_seed8/boltz_results_immunogen_blind/predictions/immunogen_blind/immunogen_blind_model_0.pdb,D:\IL-24(teeth）\phase2_release\results\full181_supplement\server_baseline_snapshot\server_source_inventory.json,formal,passed,matched_at_saved_precision,recomputed_server_original_unrelaxed_PDB
Immunogen134,empty,8,D:\IL-24(teeth）\phase2_release\results\full181_supplement\server_baseline_snapshot\results\12_complex_prediction\formal\immunogen_blind_seed8\boltz_results_immunogen_blind\predictions\immunogen_blind\immunogen_blind_model_0.pdb,complete,,H,FR2,1,1,35,/home/xinlab/home/ws/phase2/results/12_complex_prediction/formal/immunogen_blind_seed8/boltz_results_immunogen_blind/predictions/immunogen_blind/immunogen_blind_model_0.pdb,/home/xinlab/home/ws/phase2/results/12_complex_prediction/formal/immunogen_blind_seed8/boltz_results_immunogen_blind/predictions/immunogen_blind/immunogen_blind_model_0.pdb,D:\IL-24(teeth）\phase2_release\results\full181_supplement\server_baseline_snapshot\server_source_inventory.json,formal,passed,matched_at_saved_precision,recomputed_server_original_unrelaxed_PDB
Immunogen134,empty,8,D:\IL-24(teeth）\phase2_release\results\full181_supplement\server_baseline_snapshot\results\12_complex_prediction\formal\immunogen_blind_seed8\boltz_results_immunogen_blind\predictions\immunogen_blind\immunogen_blind_model_0.pdb,complete,,H,CDR2,5,1,50;52;53;54;56,/home/xinlab/home/ws/phase2/results/12_complex_prediction/formal/immunogen_blind_seed8/boltz_results_immunogen_blind/predictions/immunogen_blind/immunogen_blind_model_0.pdb,/home/xinlab/home/ws/phase2/results/12_complex_prediction/formal/immunogen_blind_seed8/boltz_results_immunogen_blind/predictions/immunogen_blind/immunogen_blind_model_0.pdb,D:\IL-24(teeth）\phase2_release\results\full181_supplement\server_baseline_snapshot\server_source_inventory.json,formal,passed,matched_at_saved_precision,recomputed_server_original_unrelaxed_PDB
Immunogen134,empty,8,D:\IL-24(teeth）\phase2_release\results\full181_supplement\server_baseline_snapshot\results\12_complex_prediction\formal\immunogen_blind_seed8\boltz_results_immunogen_blind\predictions\immunogen_blind\immunogen_blind_model_0.pdb,complete,,H,FR3,1,1,73,/home/xinlab/home/ws/phase2/results/12_complex_prediction/formal/immunogen_blind_seed8/boltz_results_immunogen_blind/predictions/immunogen_blind/immunogen_blind_model_0.pdb,/home/xinlab/home/ws/phase2/results/12_complex_prediction/formal/immunogen_blind_seed8/boltz_results_immunogen_blind/predictions/immunogen_blind/immunogen_blind_model_0.pdb,D:\IL-24(teeth）\phase2_release\results\full181_supplement\server_baseline_snapshot\server_source_inventory.json,formal,passed,matched_at_saved_precision,recomputed_server_original_unrelaxed_PDB
Immunogen134,empty,8,D:\IL-24(teeth）\phase2_release\results\full181_supplement\server_baseline_snapshot\results\12_complex_prediction\formal\immunogen_blind_seed8\boltz_results_immunogen_blind\predictions\immunogen_blind\immunogen_blind_model_0.pdb,complete,,H,CDR3,7,1,98;99;100;101;102;103;104,/home/xinlab/home/ws/phase2/results/12_complex_prediction/formal/immunogen_blind_seed8/boltz_results_immunogen_blind/predictions/immunogen_blind/immunogen_blind_model_0.pdb,/home/xinlab/home/ws/phase2/results/12_complex_prediction/formal/immunogen_blind_seed8/boltz_results_immunogen_blind/predictions/immunogen_blind/immunogen_blind_model_0.pdb,D:\IL-24(teeth）\phase2_release\results\full181_supplement\server_baseline_snapshot\server_source_inventory.json,formal,passed,matched_at_saved_precision,recomputed_server_original_unrelaxed_PDB
Immunogen134,empty,8,D:\IL-24(teeth）\phase2_release\results\full181_supplement\server_baseline_snapshot\results\12_complex_prediction\formal\immunogen_blind_seed8\boltz_results_immunogen_blind\predictions\immunogen_blind\immunogen_blind_model_0.pdb,complete,,H,FR4,0,0,,/home/xinlab/home/ws/phase2/results/12_complex_prediction/formal/immunogen_blind_seed8/boltz_results_immunogen_blind/predictions/immunogen_blind/immunogen_blind_model_0.pdb,/home/xinlab/home/ws/phase2/results/12_complex_prediction/formal/immunogen_blind_seed8/boltz_results_immunogen_blind/predictions/immunogen_blind/immunogen_blind_model_0.pdb,D:\IL-24(teeth）\phase2_release\results\full181_supplement\server_baseline_snapshot\server_source_inventory.json,formal,passed,matched_at_saved_precision,recomputed_server_original_unrelaxed_PDB
Immunogen134,empty,8,D:\IL-24(teeth）\phase2_release\results\full181_supplement\server_baseline_snapshot\results\12_complex_prediction\formal\immunogen_blind_seed8\boltz_results_immunogen_blind\predictions\immunogen_blind\immunogen_blind_model_0.pdb,complete,,L,FR1,0,0,,/home/xinlab/home/ws/phase2/results/12_complex_prediction/formal/immunogen_blind_seed8/boltz_results_immunogen_blind/predictions/immunogen_blind/immunogen_blind_model_0.pdb,/home/xinlab/home/ws/phase2/results/12_complex_prediction/formal/immunogen_blind_seed8/boltz_results_immunogen_blind/predictions/immunogen_blind/immunogen_blind_model_0.pdb,D:\IL-24(teeth）\phase2_release\results\full181_supplement\server_baseline_snapshot\server_source_inventory.json,formal,passed,matched_at_saved_precision,recomputed_server_original_unrelaxed_PDB
Immunogen134,empty,8,D:\IL-24(teeth）\phase2_release\results\full181_supplement\server_baseline_snapshot\results\12_complex_prediction\formal\immunogen_blind_seed8\boltz_results_immunogen_blind\predictions\immunogen_blind\immunogen_blind_model_0.pdb,complete,,L,CDR1,5,1,28;29;30;31;32,/home/xinlab/home/ws/phase2/results/12_complex_prediction/formal/immunogen_blind_seed8/boltz_results_immunogen_blind/predictions/immunogen_blind/immunogen_blind_model_0.pdb,/home/xinlab/home/ws/phase2/results/12_complex_prediction/formal/immunogen_blind_seed8/boltz_results_immunogen_blind/predictions/immunogen_blind/immunogen_blind_model_0.pdb,D:\IL-24(teeth）\phase2_release\results\full181_supplement\server_baseline_snapshot\server_source_inventory.json,formal,passed,matched_at_saved_precision,recomputed_server_original_unrelaxed_PDB
Immunogen134,empty,8,D:\IL-24(teeth）\phase2_release\results\full181_supplement\server_baseline_snapshot\results\12_complex_prediction\formal\immunogen_blind_seed8\boltz_results_immunogen_blind\predictions\immunogen_blind\immunogen_blind_model_0.pdb,complete,,L,FR2,1,1,49,/home/xinlab/home/ws/phase2/results/12_complex_prediction/formal/immunogen_blind_seed8/boltz_results_immunogen_blind/predictions/immunogen_blind/immunogen_blind_model_0.pdb,/home/xinlab/home/ws/phase2/results/12_complex_prediction/formal/immunogen_blind_seed8/boltz_results_immunogen_blind/predictions/immunogen_blind/immunogen_blind_model_0.pdb,D:\IL-24(teeth）\phase2_release\results\full181_supplement\server_baseline_snapshot\server_source_inventory.json,formal,passed,matched_at_saved_precision,recomputed_server_original_unrelaxed_PDB
Immunogen134,empty,8,D:\IL-24(teeth）\phase2_release\results\full181_supplement\server_baseline_snapshot\results\12_complex_prediction\formal\immunogen_blind_seed8\boltz_results_immunogen_blind\predictions\immunogen_blind\immunogen_blind_model_0.pdb,complete,,L,CDR2,2,1,50;52,/home/xinlab/home/ws/phase2/results/12_complex_prediction/formal/immunogen_blind_seed8/boltz_results_immunogen_blind/predictions/immunogen_blind/immunogen_blind_model_0.pdb,/home/xinlab/home/ws/phase2/results/12_complex_prediction/formal/immunogen_blind_seed8/boltz_results_immunogen_blind/predictions/immunogen_blind/immunogen_blind_model_0.pdb,D:\IL-24(teeth）\phase2_release\results\full181_supplement\server_baseline_snapshot\server_source_inventory.json,formal,passed,matched_at_saved_precision,recomputed_server_original_unrelaxed_PDB
Immunogen134,empty,8,D:\IL-24(teeth）\phase2_release\results\full181_supplement\server_baseline_snapshot\results\12_complex_prediction\formal\immunogen_blind_seed8\boltz_results_immunogen_blind\predictions\immunogen_blind\immunogen_blind_model_0.pdb,complete,,L,FR3,3,1,53;67;68,/home/xinlab/home/ws/phase2/results/12_complex_prediction/formal/immunogen_blind_seed8/boltz_results_immunogen_blind/predictions/immunogen_blind/immunogen_blind_model_0.pdb,/home/xinlab/home/ws/phase2/results/12_complex_prediction/formal/immunogen_blind_seed8/boltz_results_immunogen_blind/predictions/immunogen_blind/immunogen_blind_model_0.pdb,D:\IL-24(teeth）\phase2_release\results\full181_supplement\server_baseline_snapshot\server_source_inventory.json,formal,passed,matched_at_saved_precision,recomputed_server_original_unrelaxed_PDB
Immunogen134,empty,8,D:\IL-24(teeth）\phase2_release\results\full181_supplement\server_baseline_snapshot\results\12_complex_prediction\formal\immunogen_blind_seed8\boltz_results_immunogen_blind\predictions\immunogen_blind\immunogen_blind_model_0.pdb,complete,,L,CDR3,5,1,90;91;92;93;95,/home/xinlab/home/ws/phase2/results/12_complex_prediction/formal/immunogen_blind_seed8/boltz_results_immunogen_blind/predictions/immunogen_blind/immunogen_blind_model_0.pdb,/home/xinlab/home/ws/phase2/results/12_complex_prediction/formal/immunogen_blind_seed8/boltz_results_immunogen_blind/predictions/immunogen_blind/immunogen_blind_model_0.pdb,D:\IL-24(teeth）\phase2_release\results\full181_supplement\server_baseline_snapshot\server_source_inventory.json,formal,passed,matched_at_saved_precision,recomputed_server_original_unrelaxed_PDB
Immunogen134,empty,8,D:\IL-24(teeth）\phase2_release\results\full181_supplement\server_baseline_snapshot\results\12_complex_prediction\formal\immunogen_blind_seed8\boltz_results_immunogen_blind\predictions\immunogen_blind\immunogen_blind_model_0.pdb,complete,,L,FR4,0,0,,/home/xinlab/home/ws/phase2/results/12_complex_prediction/formal/immunogen_blind_seed8/boltz_results_immunogen_blind/predictions/immunogen_blind/immunogen_blind_model_0.pdb,/home/xinlab/home/ws/phase2/results/12_complex_prediction/formal/immunogen_blind_seed8/boltz_results_immunogen_blind/predictions/immunogen_blind/immunogen_blind_model_0.pdb,D:\IL-24(teeth）\phase2_release\results\full181_supplement\server_baseline_snapshot\server_source_inventory.json,formal,passed,matched_at_saved_precision,recomputed_server_original_unrelaxed_PDB
Immunogen134,empty,9,D:\IL-24(teeth）\phase2_release\results\full181_supplement\server_baseline_snapshot\results\12_complex_prediction\formal\immunogen_blind_seed9\boltz_results_immunogen_blind\predictions\immunogen_blind\immunogen_blind_model_0.pdb,complete,,H,FR1,0,0,,/home/xinlab/home/ws/phase2/results/12_complex_prediction/formal/immunogen_blind_seed9/boltz_results_immunogen_blind/predictions/immunogen_blind/immunogen_blind_model_0.pdb,/home/xinlab/home/ws/phase2/results/12_complex_prediction/formal/immunogen_blind_seed9/boltz_results_immunogen_blind/predictions/immunogen_blind/immunogen_blind_model_0.pdb,D:\IL-24(teeth）\phase2_release\results\full181_supplement\server_baseline_snapshot\server_source_inventory.json,formal,passed,matched_at_saved_precision,recomputed_server_original_unrelaxed_PDB
Immunogen134,empty,9,D:\IL-24(teeth）\phase2_release\results\full181_supplement\server_baseline_snapshot\results\12_complex_prediction\formal\immunogen_blind_seed9\boltz_results_immunogen_blind\predictions\immunogen_blind\immunogen_blind_model_0.pdb,complete,,H,CDR1,3,1,31;32;33,/home/xinlab/home/ws/phase2/results/12_complex_prediction/formal/immunogen_blind_seed9/boltz_results_immunogen_blind/predictions/immunogen_blind/immunogen_blind_model_0.pdb,/home/xinlab/home/ws/phase2/results/12_complex_prediction/formal/immunogen_blind_seed9/boltz_results_immunogen_blind/predictions/immunogen_blind/immunogen_blind_model_0.pdb,D:\IL-24(teeth）\phase2_release\results\full181_supplement\server_baseline_snapshot\server_source_inventory.json,formal,passed,matched_at_saved_precision,recomputed_server_original_unrelaxed_PDB
Immunogen134,empty,9,D:\IL-24(teeth）\phase2_release\results\full181_supplement\server_baseline_snapshot\results\12_complex_prediction\formal\immunogen_blind_seed9\boltz_results_immunogen_blind\predictions\immunogen_blind\immunogen_blind_model_0.pdb,complete,,H,FR2,1,1,35,/home/xinlab/home/ws/phase2/results/12_complex_prediction/formal/immunogen_blind_seed9/boltz_results_immunogen_blind/predictions/immunogen_blind/immunogen_blind_model_0.pdb,/home/xinlab/home/ws/phase2/results/12_complex_prediction/formal/immunogen_blind_seed9/boltz_results_immunogen_blind/predictions/immunogen_blind/immunogen_blind_model_0.pdb,D:\IL-24(teeth）\phase2_release\results\full181_supplement\server_baseline_snapshot\server_source_inventory.json,formal,passed,matched_at_saved_precision,recomputed_server_original_unrelaxed_PDB
Immunogen134,empty,9,D:\IL-24(teeth）\phase2_release\results\full181_supplement\server_baseline_snapshot\results\12_complex_prediction\formal\immunogen_blind_seed9\boltz_results_immunogen_blind\predictions\immunogen_blind\immunogen_blind_model_0.pdb,complete,,H,CDR2,6,1,50;53;54;55;56;57,/home/xinlab/home/ws/phase2/results/12_complex_prediction/formal/immunogen_blind_seed9/boltz_results_immunogen_blind/predictions/immunogen_blind/immunogen_blind_model_0.pdb,/home/xinlab/home/ws/phase2/results/12_complex_prediction/formal/immunogen_blind_seed9/boltz_results_immunogen_blind/predictions/immunogen_blind/immunogen_blind_model_0.pdb,D:\IL-24(teeth）\phase2_release\results\full181_supplement\server_baseline_snapshot\server_source_inventory.json,formal,passed,matched_at_saved_precision,recomputed_server_original_unrelaxed_PDB
Immunogen134,empty,9,D:\IL-24(teeth）\phase2_release\results\full181_supplement\server_baseline_snapshot\results\12_complex_prediction\formal\immunogen_blind_seed9\boltz_results_immunogen_blind\predictions\immunogen_blind\immunogen_blind_model_0.pdb,complete,,H,FR3,0,0,,/home/xinlab/home/ws/phase2/results/12_complex_prediction/formal/immunogen_blind_seed9/boltz_results_immunogen_blind/predictions/immunogen_blind/immunogen_blind_model_0.pdb,/home/xinlab/home/ws/phase2/results/12_complex_prediction/formal/immunogen_blind_seed9/boltz_results_immunogen_blind/predictions/immunogen_blind/immunogen_blind_model_0.pdb,D:\IL-24(teeth）\phase2_release\results\full181_supplement\server_baseline_snapshot\server_source_inventory.json,formal,passed,matched_at_saved_precision,recomputed_server_original_unrelaxed_PDB
Immunogen134,empty,9,D:\IL-24(teeth）\phase2_release\results\full181_supplement\server_baseline_snapshot\results\12_complex_prediction\formal\immunogen_blind_seed9\boltz_results_immunogen_blind\predictions\immunogen_blind\immunogen_blind_model_0.pdb,complete,,H,CDR3,6,1,98;100;101;102;103;104,/home/xinlab/home/ws/phase2/results/12_complex_prediction/formal/immunogen_blind_seed9/boltz_results_immunogen_blind/predictions/immunogen_blind/immunogen_blind_model_0.pdb,/home/xinlab/home/ws/phase2/results/12_complex_prediction/formal/immunogen_blind_seed9/boltz_results_immunogen_blind/predictions/immunogen_blind/immunogen_blind_model_0.pdb,D:\IL-24(teeth）\phase2_release\results\full181_supplement\server_baseline_snapshot\server_source_inventory.json,formal,passed,matched_at_saved_precision,recomputed_server_original_unrelaxed_PDB
Immunogen134,empty,9,D:\IL-24(teeth）\phase2_release\results\full181_supplement\server_baseline_snapshot\results\12_complex_prediction\formal\immunogen_blind_seed9\boltz_results_immunogen_blind\predictions\immunogen_blind\immunogen_blind_model_0.pdb,complete,,H,FR4,0,0,,/home/xinlab/home/ws/phase2/results/12_complex_prediction/formal/immunogen_blind_seed9/boltz_results_immunogen_blind/predictions/immunogen_blind/immunogen_blind_model_0.pdb,/home/xinlab/home/ws/phase2/results/12_complex_prediction/formal/immunogen_blind_seed9/boltz_results_immunogen_blind/predictions/immunogen_blind/immunogen_blind_model_0.pdb,D:\IL-24(teeth）\phase2_release\results\full181_supplement\server_baseline_snapshot\server_source_inventory.json,formal,passed,matched_at_saved_precision,recomputed_server_original_unrelaxed_PDB
Immunogen134,empty,9,D:\IL-24(teeth）\phase2_release\results\full181_supplement\server_baseline_snapshot\results\12_complex_prediction\formal\immunogen_blind_seed9\boltz_results_immunogen_blind\predictions\immunogen_blind\immunogen_blind_model_0.pdb,complete,,L,FR1,0,0,,/home/xinlab/home/ws/phase2/results/12_complex_prediction/formal/immunogen_blind_seed9/boltz_results_immunogen_blind/predictions/immunogen_blind/immunogen_blind_model_0.pdb,/home/xinlab/home/ws/phase2/results/12_complex_prediction/formal/immunogen_blind_seed9/boltz_results_immunogen_blind/predictions/immunogen_blind/immunogen_blind_model_0.pdb,D:\IL-24(teeth）\phase2_release\results\full181_supplement\server_baseline_snapshot\server_source_inventory.json,formal,passed,matched_at_saved_precision,recomputed_server_original_unrelaxed_PDB
Immunogen134,empty,9,D:\IL-24(teeth）\phase2_release\results\full181_supplement\server_baseline_snapshot\results\12_complex_prediction\formal\immunogen_blind_seed9\boltz_results_immunogen_blind\predictions\immunogen_blind\immunogen_blind_model_0.pdb,complete,,L,CDR1,6,1,27;28;29;30;31;32,/home/xinlab/home/ws/phase2/results/12_complex_prediction/formal/immunogen_blind_seed9/boltz_results_immunogen_blind/predictions/immunogen_blind/immunogen_blind_model_0.pdb,/home/xinlab/home/ws/phase2/results/12_complex_prediction/formal/immunogen_blind_seed9/boltz_results_immunogen_blind/predictions/immunogen_blind/immunogen_blind_model_0.pdb,D:\IL-24(teeth）\phase2_release\results\full181_supplement\server_baseline_snapshot\server_source_inventory.json,formal,passed,matched_at_saved_precision,recomputed_server_original_unrelaxed_PDB
Immunogen134,empty,9,D:\IL-24(teeth）\phase2_release\results\full181_supplement\server_baseline_snapshot\results\12_complex_prediction\formal\immunogen_blind_seed9\boltz_results_immunogen_blind\predictions\immunogen_blind\immunogen_blind_model_0.pdb,complete,,L,FR2,1,1,49,/home/xinlab/home/ws/phase2/results/12_complex_prediction/formal/immunogen_blind_seed9/boltz_results_immunogen_blind/predictions/immunogen_blind/immunogen_blind_model_0.pdb,/home/xinlab/home/ws/phase2/results/12_complex_prediction/formal/immunogen_blind_seed9/boltz_results_immunogen_blind/predictions/immunogen_blind/immunogen_blind_model_0.pdb,D:\IL-24(teeth）\phase2_release\results\full181_supplement\server_baseline_snapshot\server_source_inventory.json,formal,passed,matched_at_saved_precision,recomputed_server_original_unrelaxed_PDB
Immunogen134,empty,9,D:\IL-24(teeth）\phase2_release\results\full181_supplement\server_baseline_snapshot\results\12_complex_prediction\formal\immunogen_blind_seed9\boltz_results_immunogen_blind\predictions\immunogen_blind\immunogen_blind_model_0.pdb,complete,,L,CDR2,1,1,50,/home/xinlab/home/ws/phase2/results/12_complex_prediction/formal/immunogen_blind_seed9/boltz_results_immunogen_blind/predictions/immunogen_blind/immunogen_blind_model_0.pdb,/home/xinlab/home/ws/phase2/results/12_complex_prediction/formal/immunogen_blind_seed9/boltz_results_immunogen_blind/predictions/immunogen_blind/immunogen_blind_model_0.pdb,D:\IL-24(teeth）\phase2_release\results\full181_supplement\server_baseline_snapshot\server_source_inventory.json,formal,passed,matched_at_saved_precision,recomputed_server_original_unrelaxed_PDB
Immunogen134,empty,9,D:\IL-24(teeth）\phase2_release\results\full181_supplement\server_baseline_snapshot\results\12_complex_prediction\formal\immunogen_blind_seed9\boltz_results_immunogen_blind\predictions\immunogen_blind\immunogen_blind_model_0.pdb,complete,,L,FR3,1,1,53,/home/xinlab/home/ws/phase2/results/12_complex_prediction/formal/immunogen_blind_seed9/boltz_results_immunogen_blind/predictions/immunogen_blind/immunogen_blind_model_0.pdb,/home/xinlab/home/ws/phase2/results/12_complex_prediction/formal/immunogen_blind_seed9/boltz_results_immunogen_blind/predictions/immunogen_blind/immunogen_blind_model_0.pdb,D:\IL-24(teeth）\phase2_release\results\full181_supplement\server_baseline_snapshot\server_source_inventory.json,formal,passed,matched_at_saved_precision,recomputed_server_original_unrelaxed_PDB
Immunogen134,empty,9,D:\IL-24(teeth）\phase2_release\results\full181_supplement\server_baseline_snapshot\results\12_complex_prediction\formal\immunogen_blind_seed9\boltz_results_immunogen_blind\predictions\immunogen_blind\immunogen_blind_model_0.pdb,complete,,L,CDR3,5,1,90;91;92;93;95,/home/xinlab/home/ws/phase2/results/12_complex_prediction/formal/immunogen_blind_seed9/boltz_results_immunogen_blind/predictions/immunogen_blind/immunogen_blind_model_0.pdb,/home/xinlab/home/ws/phase2/results/12_complex_prediction/formal/immunogen_blind_seed9/boltz_results_immunogen_blind/predictions/immunogen_blind/immunogen_blind_model_0.pdb,D:\IL-24(teeth）\phase2_release\results\full181_supplement\server_baseline_snapshot\server_source_inventory.json,formal,passed,matched_at_saved_precision,recomputed_server_original_unrelaxed_PDB
Immunogen134,empty,9,D:\IL-24(teeth）\phase2_release\results\full181_supplement\server_baseline_snapshot\results\12_complex_prediction\formal\immunogen_blind_seed9\boltz_results_immunogen_blind\predictions\immunogen_blind\immunogen_blind_model_0.pdb,complete,,L,FR4,0,0,,/home/xinlab/home/ws/phase2/results/12_complex_prediction/formal/immunogen_blind_seed9/boltz_results_immunogen_blind/predictions/immunogen_blind/immunogen_blind_model_0.pdb,/home/xinlab/home/ws/phase2/results/12_complex_prediction/formal/immunogen_blind_seed9/boltz_results_immunogen_blind/predictions/immunogen_blind/immunogen_blind_model_0.pdb,D:\IL-24(teeth）\phase2_release\results\full181_supplement\server_baseline_snapshot\server_source_inventory.json,formal,passed,matched_at_saved_precision,recomputed_server_original_unrelaxed_PDB
Immunogen134,empty,10,D:\IL-24(teeth）\phase2_release\results\full181_supplement\server_baseline_snapshot\results\12_complex_prediction\formal\immunogen_blind_seed10\boltz_results_immunogen_blind\predictions\immunogen_blind\immunogen_blind_model_0.pdb,complete,,H,FR1,0,0,,/home/xinlab/home/ws/phase2/results/12_complex_prediction/formal/immunogen_blind_seed10/boltz_results_immunogen_blind/predictions/immunogen_blind/immunogen_blind_model_0.pdb,/home/xinlab/home/ws/phase2/results/12_complex_prediction/formal/immunogen_blind_seed10/boltz_results_immunogen_blind/predictions/immunogen_blind/immunogen_blind_model_0.pdb,D:\IL-24(teeth）\phase2_release\results\full181_supplement\server_baseline_snapshot\server_source_inventory.json,formal,passed,matched_at_saved_precision,recomputed_server_original_unrelaxed_PDB
Immunogen134,empty,10,D:\IL-24(teeth）\phase2_release\results\full181_supplement\server_baseline_snapshot\results\12_complex_prediction\formal\immunogen_blind_seed10\boltz_results_immunogen_blind\predictions\immunogen_blind\immunogen_blind_model_0.pdb,complete,,H,CDR1,4,1,30;31;32;33,/home/xinlab/home/ws/phase2/results/12_complex_prediction/formal/immunogen_blind_seed10/boltz_results_immunogen_blind/predictions/immunogen_blind/immunogen_blind_model_0.pdb,/home/xinlab/home/ws/phase2/results/12_complex_prediction/formal/immunogen_blind_seed10/boltz_results_immunogen_blind/predictions/immunogen_blind/immunogen_blind_model_0.pdb,D:\IL-24(teeth）\phase2_release\results\full181_supplement\server_baseline_snapshot\server_source_inventory.json,formal,passed,matched_at_saved_precision,recomputed_server_original_unrelaxed_PDB
Immunogen134,empty,10,D:\IL-24(teeth）\phase2_release\results\full181_supplement\server_baseline_snapshot\results\12_complex_prediction\formal\immunogen_blind_seed10\boltz_results_immunogen_blind\predictions\immunogen_blind\immunogen_blind_model_0.pdb,complete,,H,FR2,1,1,35,/home/xinlab/home/ws/phase2/results/12_complex_prediction/formal/immunogen_blind_seed10/boltz_results_immunogen_blind/predictions/immunogen_blind/immunogen_blind_model_0.pdb,/home/xinlab/home/ws/phase2/results/12_complex_prediction/formal/immunogen_blind_seed10/boltz_results_immunogen_blind/predictions/immunogen_blind/immunogen_blind_model_0.pdb,D:\IL-24(teeth）\phase2_release\results\full181_supplement\server_baseline_snapshot\server_source_inventory.json,formal,passed,matched_at_saved_precision,recomputed_server_original_unrelaxed_PDB
Immunogen134,empty,10,D:\IL-24(teeth）\phase2_release\results\full181_supplement\server_baseline_snapshot\results\12_complex_prediction\formal\immunogen_blind_seed10\boltz_results_immunogen_blind\predictions\immunogen_blind\immunogen_blind_model_0.pdb,complete,,H,CDR2,4,1,53;54;55;56,/home/xinlab/home/ws/phase2/results/12_complex_prediction/formal/immunogen_blind_seed10/boltz_results_immunogen_blind/predictions/immunogen_blind/immunogen_blind_model_0.pdb,/home/xinlab/home/ws/phase2/results/12_complex_prediction/formal/immunogen_blind_seed10/boltz_results_immunogen_blind/predictions/immunogen_blind/immunogen_blind_model_0.pdb,D:\IL-24(teeth）\phase2_release\results\full181_supplement\server_baseline_snapshot\server_source_inventory.json,formal,passed,matched_at_saved_precision,recomputed_server_original_unrelaxed_PDB
Immunogen134,empty,10,D:\IL-24(teeth）\phase2_release\results\full181_supplement\server_baseline_snapshot\results\12_complex_prediction\formal\immunogen_blind_seed10\boltz_results_immunogen_blind\predictions\immunogen_blind\immunogen_blind_model_0.pdb,complete,,H,FR3,1,1,58,/home/xinlab/home/ws/phase2/results/12_complex_prediction/formal/immunogen_blind_seed10/boltz_results_immunogen_blind/predictions/immunogen_blind/immunogen_blind_model_0.pdb,/home/xinlab/home/ws/phase2/results/12_complex_prediction/formal/immunogen_blind_seed10/boltz_results_immunogen_blind/predictions/immunogen_blind/immunogen_blind_model_0.pdb,D:\IL-24(teeth）\phase2_release\results\full181_supplement\server_baseline_snapshot\server_source_inventory.json,formal,passed,matched_at_saved_precision,recomputed_server_original_unrelaxed_PDB
Immunogen134,empty,10,D:\IL-24(teeth）\phase2_release\results\full181_supplement\server_baseline_snapshot\results\12_complex_prediction\formal\immunogen_blind_seed10\boltz_results_immunogen_blind\predictions\immunogen_blind\immunogen_blind_model_0.pdb,complete,,H,CDR3,5,1,98;100;101;102;104,/home/xinlab/home/ws/phase2/results/12_complex_prediction/formal/immunogen_blind_seed10/boltz_results_immunogen_blind/predictions/immunogen_blind/immunogen_blind_model_0.pdb,/home/xinlab/home/ws/phase2/results/12_complex_prediction/formal/immunogen_blind_seed10/boltz_results_immunogen_blind/predictions/immunogen_blind/immunogen_blind_model_0.pdb,D:\IL-24(teeth）\phase2_release\results\full181_supplement\server_baseline_snapshot\server_source_inventory.json,formal,passed,matched_at_saved_precision,recomputed_server_original_unrelaxed_PDB
Immunogen134,empty,10,D:\IL-24(teeth）\phase2_release\results\full181_supplement\server_baseline_snapshot\results\12_complex_prediction\formal\immunogen_blind_seed10\boltz_results_immunogen_blind\predictions\immunogen_blind\immunogen_blind_model_0.pdb,complete,,H,FR4,0,0,,/home/xinlab/home/ws/phase2/results/12_complex_prediction/formal/immunogen_blind_seed10/boltz_results_immunogen_blind/predictions/immunogen_blind/immunogen_blind_model_0.pdb,/home/xinlab/home/ws/phase2/results/12_complex_prediction/formal/immunogen_blind_seed10/boltz_results_immunogen_blind/predictions/immunogen_blind/immunogen_blind_model_0.pdb,D:\IL-24(teeth）\phase2_release\results\full181_supplement\server_baseline_snapshot\server_source_inventory.json,formal,passed,matched_at_saved_precision,recomputed_server_original_unrelaxed_PDB
Immunogen134,empty,10,D:\IL-24(teeth）\phase2_release\results\full181_supplement\server_baseline_snapshot\results\12_complex_prediction\formal\immunogen_blind_seed10\boltz_results_immunogen_blind\predictions\immunogen_blind\immunogen_blind_model_0.pdb,complete,,L,FR1,0,0,,/home/xinlab/home/ws/phase2/results/12_complex_prediction/formal/immunogen_blind_seed10/boltz_results_immunogen_blind/predictions/immunogen_blind/immunogen_blind_model_0.pdb,/home/xinlab/home/ws/phase2/results/12_complex_prediction/formal/immunogen_blind_seed10/boltz_results_immunogen_blind/predictions/immunogen_blind/immunogen_blind_model_0.pdb,D:\IL-24(teeth）\phase2_release\results\full181_supplement\server_baseline_snapshot\server_source_inventory.json,formal,passed,matched_at_saved_precision,recomputed_server_original_unrelaxed_PDB
Immunogen134,empty,10,D:\IL-24(teeth）\phase2_release\results\full181_supplement\server_baseline_snapshot\results\12_complex_prediction\formal\immunogen_blind_seed10\boltz_results_immunogen_blind\predictions\immunogen_blind\immunogen_blind_model_0.pdb,complete,,L,CDR1,6,1,27;28;29;30;31;32,/home/xinlab/home/ws/phase2/results/12_complex_prediction/formal/immunogen_blind_seed10/boltz_results_immunogen_blind/predictions/immunogen_blind/immunogen_blind_model_0.pdb,/home/xinlab/home/ws/phase2/results/12_complex_prediction/formal/immunogen_blind_seed10/boltz_results_immunogen_blind/predictions/immunogen_blind/immunogen_blind_model_0.pdb,D:\IL-24(teeth）\phase2_release\results\full181_supplement\server_baseline_snapshot\server_source_inventory.json,formal,passed,matched_at_saved_precision,recomputed_server_original_unrelaxed_PDB
Immunogen134,empty,10,D:\IL-24(teeth）\phase2_release\results\full181_supplement\server_baseline_snapshot\results\12_complex_prediction\formal\immunogen_blind_seed10\boltz_results_immunogen_blind\predictions\immunogen_blind\immunogen_blind_model_0.pdb,complete,,L,FR2,0,0,,/home/xinlab/home/ws/phase2/results/12_complex_prediction/formal/immunogen_blind_seed10/boltz_results_immunogen_blind/predictions/immunogen_blind/immunogen_blind_model_0.pdb,/home/xinlab/home/ws/phase2/results/12_complex_prediction/formal/immunogen_blind_seed10/boltz_results_immunogen_blind/predictions/immunogen_blind/immunogen_blind_model_0.pdb,D:\IL-24(teeth）\phase2_release\results\full181_supplement\server_baseline_snapshot\server_source_inventory.json,formal,passed,matched_at_saved_precision,recomputed_server_original_unrelaxed_PDB
Immunogen134,empty,10,D:\IL-24(teeth）\phase2_release\results\full181_supplement\server_baseline_snapshot\results\12_complex_prediction\formal\immunogen_blind_seed10\boltz_results_immunogen_blind\predictions\immunogen_blind\immunogen_blind_model_0.pdb,complete,,L,CDR2,2,1,50;52,/home/xinlab/home/ws/phase2/results/12_complex_prediction/formal/immunogen_blind_seed10/boltz_results_immunogen_blind/predictions/immunogen_blind/immunogen_blind_model_0.pdb,/home/xinlab/home/ws/phase2/results/12_complex_prediction/formal/immunogen_blind_seed10/boltz_results_immunogen_blind/predictions/immunogen_blind/immunogen_blind_model_0.pdb,D:\IL-24(teeth）\phase2_release\results\full181_supplement\server_baseline_snapshot\server_source_inventory.json,formal,passed,matched_at_saved_precision,recomputed_server_original_unrelaxed_PDB
Immunogen134,empty,10,D:\IL-24(teeth）\phase2_release\results\full181_supplement\server_baseline_snapshot\results\12_complex_prediction\formal\immunogen_blind_seed10\boltz_results_immunogen_blind\predictions\immunogen_blind\immunogen_blind_model_0.pdb,complete,,L,FR3,2,1,53;67,/home/xinlab/home/ws/phase2/results/12_complex_prediction/formal/immunogen_blind_seed10/boltz_results_immunogen_blind/predictions/immunogen_blind/immunogen_blind_model_0.pdb,/home/xinlab/home/ws/phase2/results/12_complex_prediction/formal/immunogen_blind_seed10/boltz_results_immunogen_blind/predictions/immunogen_blind/immunogen_blind_model_0.pdb,D:\IL-24(teeth）\phase2_release\results\full181_supplement\server_baseline_snapshot\server_source_inventory.json,formal,passed,matched_at_saved_precision,recomputed_server_original_unrelaxed_PDB
Immunogen134,empty,10,D:\IL-24(teeth）\phase2_release\results\full181_supplement\server_baseline_snapshot\results\12_complex_prediction\formal\immunogen_blind_seed10\boltz_results_immunogen_blind\predictions\immunogen_blind\immunogen_blind_model_0.pdb,complete,,L,CDR3,5,1,90;91;92;93;95,/home/xinlab/home/ws/phase2/results/12_complex_prediction/formal/immunogen_blind_seed10/boltz_results_immunogen_blind/predictions/immunogen_blind/immunogen_blind_model_0.pdb,/home/xinlab/home/ws/phase2/results/12_complex_prediction/formal/immunogen_blind_seed10/boltz_results_immunogen_blind/predictions/immunogen_blind/immunogen_blind_model_0.pdb,D:\IL-24(teeth）\phase2_release\results\full181_supplement\server_baseline_snapshot\server_source_inventory.json,formal,passed,matched_at_saved_precision,recomputed_server_original_unrelaxed_PDB
Immunogen134,empty,10,D:\IL-24(teeth）\phase2_release\results\full181_supplement\server_baseline_snapshot\results\12_complex_prediction\formal\immunogen_blind_seed10\boltz_results_immunogen_blind\predictions\immunogen_blind\immunogen_blind_model_0.pdb,complete,,L,FR4,0,0,,/home/xinlab/home/ws/phase2/results/12_complex_prediction/formal/immunogen_blind_seed10/boltz_results_immunogen_blind/predictions/immunogen_blind/immunogen_blind_model_0.pdb,/home/xinlab/home/ws/phase2/results/12_complex_prediction/formal/immunogen_blind_seed10/boltz_results_immunogen_blind/predictions/immunogen_blind/immunogen_blind_model_0.pdb,D:\IL-24(teeth）\phase2_release\results\full181_supplement\server_baseline_snapshot\server_source_inventory.json,formal,passed,matched_at_saved_precision,recomputed_server_original_unrelaxed_PDB
Immunogen134,empty,11,D:\IL-24(teeth）\phase2_release\results\full181_supplement\server_baseline_snapshot\results\12_complex_prediction\formal\immunogen_blind_seed11\boltz_results_immunogen_blind\predictions\immunogen_blind\immunogen_blind_model_0.pdb,complete,,H,FR1,0,0,,/home/xinlab/home/ws/phase2/results/12_complex_prediction/formal/immunogen_blind_seed11/boltz_results_immunogen_blind/predictions/immunogen_blind/immunogen_blind_model_0.pdb,/home/xinlab/home/ws/phase2/results/12_complex_prediction/formal/immunogen_blind_seed11/boltz_results_immunogen_blind/predictions/immunogen_blind/immunogen_blind_model_0.pdb,D:\IL-24(teeth）\phase2_release\results\full181_supplement\server_baseline_snapshot\server_source_inventory.json,formal,passed,matched_at_saved_precision,recomputed_server_original_unrelaxed_PDB
Immunogen134,empty,11,D:\IL-24(teeth）\phase2_release\results\full181_supplement\server_baseline_snapshot\results\12_complex_prediction\formal\immunogen_blind_seed11\boltz_results_immunogen_blind\predictions\immunogen_blind\immunogen_blind_model_0.pdb,complete,,H,CDR1,4,1,30;31;32;33,/home/xinlab/home/ws/phase2/results/12_complex_prediction/formal/immunogen_blind_seed11/boltz_results_immunogen_blind/predictions/immunogen_blind/immunogen_blind_model_0.pdb,/home/xinlab/home/ws/phase2/results/12_complex_prediction/formal/immunogen_blind_seed11/boltz_results_immunogen_blind/predictions/immunogen_blind/immunogen_blind_model_0.pdb,D:\IL-24(teeth）\phase2_release\results\full181_supplement\server_baseline_snapshot\server_source_inventory.json,formal,passed,matched_at_saved_precision,recomputed_server_original_unrelaxed_PDB
Immunogen134,empty,11,D:\IL-24(teeth）\phase2_release\results\full181_supplement\server_baseline_snapshot\results\12_complex_prediction\formal\immunogen_blind_seed11\boltz_results_immunogen_blind\predictions\immunogen_blind\immunogen_blind_model_0.pdb,complete,,H,FR2,1,1,35,/home/xinlab/home/ws/phase2/results/12_complex_prediction/formal/immunogen_blind_seed11/boltz_results_immunogen_blind/predictions/immunogen_blind/immunogen_blind_model_0.pdb,/home/xinlab/home/ws/phase2/results/12_complex_prediction/formal/immunogen_blind_seed11/boltz_results_immunogen_blind/predictions/immunogen_blind/immunogen_blind_model_0.pdb,D:\IL-24(teeth）\phase2_release\results\full181_supplement\server_baseline_snapshot\server_source_inventory.json,formal,passed,matched_at_saved_precision,recomputed_server_original_unrelaxed_PDB
Immunogen134,empty,11,D:\IL-24(teeth）\phase2_release\results\full181_supplement\server_baseline_snapshot\results\12_complex_prediction\formal\immunogen_blind_seed11\boltz_results_immunogen_blind\predictions\immunogen_blind\immunogen_blind_model_0.pdb,complete,,H,CDR2,6,1,50;53;54;55;56;57,/home/xinlab/home/ws/phase2/results/12_complex_prediction/formal/immunogen_blind_seed11/boltz_results_immunogen_blind/predictions/immunogen_blind/immunogen_blind_model_0.pdb,/home/xinlab/home/ws/phase2/results/12_complex_prediction/formal/immunogen_blind_seed11/boltz_results_immunogen_blind/predictions/immunogen_blind/immunogen_blind_model_0.pdb,D:\IL-24(teeth）\phase2_release\results\full181_supplement\server_baseline_snapshot\server_source_inventory.json,formal,passed,matched_at_saved_precision,recomputed_server_original_unrelaxed_PDB
Immunogen134,empty,11,D:\IL-24(teeth）\phase2_release\results\full181_supplement\server_baseline_snapshot\results\12_complex_prediction\formal\immunogen_blind_seed11\boltz_results_immunogen_blind\predictions\immunogen_blind\immunogen_blind_model_0.pdb,complete,,H,FR3,1,1,58,/home/xinlab/home/ws/phase2/results/12_complex_prediction/formal/immunogen_blind_seed11/boltz_results_immunogen_blind/predictions/immunogen_blind/immunogen_blind_model_0.pdb,/home/xinlab/home/ws/phase2/results/12_complex_prediction/formal/immunogen_blind_seed11/boltz_results_immunogen_blind/predictions/immunogen_blind/immunogen_blind_model_0.pdb,D:\IL-24(teeth）\phase2_release\results\full181_supplement\server_baseline_snapshot\server_source_inventory.json,formal,passed,matched_at_saved_precision,recomputed_server_original_unrelaxed_PDB
Immunogen134,empty,11,D:\IL-24(teeth）\phase2_release\results\full181_supplement\server_baseline_snapshot\results\12_complex_prediction\formal\immunogen_blind_seed11\boltz_results_immunogen_blind\predictions\immunogen_blind\immunogen_blind_model_0.pdb,complete,,H,CDR3,4,1,100;101;102;104,/home/xinlab/home/ws/phase2/results/12_complex_prediction/formal/immunogen_blind_seed11/boltz_results_immunogen_blind/predictions/immunogen_blind/immunogen_blind_model_0.pdb,/home/xinlab/home/ws/phase2/results/12_complex_prediction/formal/immunogen_blind_seed11/boltz_results_immunogen_blind/predictions/immunogen_blind/immunogen_blind_model_0.pdb,D:\IL-24(teeth）\phase2_release\results\full181_supplement\server_baseline_snapshot\server_source_inventory.json,formal,passed,matched_at_saved_precision,recomputed_server_original_unrelaxed_PDB
Immunogen134,empty,11,D:\IL-24(teeth）\phase2_release\results\full181_supplement\server_baseline_snapshot\results\12_complex_prediction\formal\immunogen_blind_seed11\boltz_results_immunogen_blind\predictions\immunogen_blind\immunogen_blind_model_0.pdb,complete,,H,FR4,0,0,,/home/xinlab/home/ws/phase2/results/12_complex_prediction/formal/immunogen_blind_seed11/boltz_results_immunogen_blind/predictions/immunogen_blind/immunogen_blind_model_0.pdb,/home/xinlab/home/ws/phase2/results/12_complex_prediction/formal/immunogen_blind_seed11/boltz_results_immunogen_blind/predictions/immunogen_blind/immunogen_blind_model_0.pdb,D:\IL-24(teeth）\phase2_release\results\full181_supplement\server_baseline_snapshot\server_source_inventory.json,formal,passed,matched_at_saved_precision,recomputed_server_original_unrelaxed_PDB
Immunogen134,empty,11,D:\IL-24(teeth）\phase2_release\results\full181_supplement\server_baseline_snapshot\results\12_complex_prediction\formal\immunogen_blind_seed11\boltz_results_immunogen_blind\predictions\immunogen_blind\immunogen_blind_model_0.pdb,complete,,L,FR1,0,0,,/home/xinlab/home/ws/phase2/results/12_complex_prediction/formal/immunogen_blind_seed11/boltz_results_immunogen_blind/predictions/immunogen_blind/immunogen_blind_model_0.pdb,/home/xinlab/home/ws/phase2/results/12_complex_prediction/formal/immunogen_blind_seed11/boltz_results_immunogen_blind/predictions/immunogen_blind/immunogen_blind_model_0.pdb,D:\IL-24(teeth）\phase2_release\results\full181_supplement\server_baseline_snapshot\server_source_inventory.json,formal,passed,matched_at_saved_precision,recomputed_server_original_unrelaxed_PDB
Immunogen134,empty,11,D:\IL-24(teeth）\phase2_release\results\full181_supplement\server_baseline_snapshot\results\12_complex_prediction\formal\immunogen_blind_seed11\boltz_results_immunogen_blind\predictions\immunogen_blind\immunogen_blind_model_0.pdb,complete,,L,CDR1,5,1,28;29;30;31;32,/home/xinlab/home/ws/phase2/results/12_complex_prediction/formal/immunogen_blind_seed11/boltz_results_immunogen_blind/predictions/immunogen_blind/immunogen_blind_model_0.pdb,/home/xinlab/home/ws/phase2/results/12_complex_prediction/formal/immunogen_blind_seed11/boltz_results_immunogen_blind/predictions/immunogen_blind/immunogen_blind_model_0.pdb,D:\IL-24(teeth）\phase2_release\results\full181_supplement\server_baseline_snapshot\server_source_inventory.json,formal,passed,matched_at_saved_precision,recomputed_server_original_unrelaxed_PDB
Immunogen134,empty,11,D:\IL-24(teeth）\phase2_release\results\full181_supplement\server_baseline_snapshot\results\12_complex_prediction\formal\immunogen_blind_seed11\boltz_results_immunogen_blind\predictions\immunogen_blind\immunogen_blind_model_0.pdb,complete,,L,FR2,0,0,,/home/xinlab/home/ws/phase2/results/12_complex_prediction/formal/immunogen_blind_seed11/boltz_results_immunogen_blind/predictions/immunogen_blind/immunogen_blind_model_0.pdb,/home/xinlab/home/ws/phase2/results/12_complex_prediction/formal/immunogen_blind_seed11/boltz_results_immunogen_blind/predictions/immunogen_blind/immunogen_blind_model_0.pdb,D:\IL-24(teeth）\phase2_release\results\full181_supplement\server_baseline_snapshot\server_source_inventory.json,formal,passed,matched_at_saved_precision,recomputed_server_original_unrelaxed_PDB
Immunogen134,empty,11,D:\IL-24(teeth）\phase2_release\results\full181_supplement\server_baseline_snapshot\results\12_complex_prediction\formal\immunogen_blind_seed11\boltz_results_immunogen_blind\predictions\immunogen_blind\immunogen_blind_model_0.pdb,complete,,L,CDR2,1,1,50,/home/xinlab/home/ws/phase2/results/12_complex_prediction/formal/immunogen_blind_seed11/boltz_results_immunogen_blind/predictions/immunogen_blind/immunogen_blind_model_0.pdb,/home/xinlab/home/ws/phase2/results/12_complex_prediction/formal/immunogen_blind_seed11/boltz_results_immunogen_blind/predictions/immunogen_blind/immunogen_blind_model_0.pdb,D:\IL-24(teeth）\phase2_release\results\full181_supplement\server_baseline_snapshot\server_source_inventory.json,formal,passed,matched_at_saved_precision,recomputed_server_original_unrelaxed_PDB
Immunogen134,empty,11,D:\IL-24(teeth）\phase2_release\results\full181_supplement\server_baseline_snapshot\results\12_complex_prediction\formal\immunogen_blind_seed11\boltz_results_immunogen_blind\predictions\immunogen_blind\immunogen_blind_model_0.pdb,complete,,L,FR3,1,1,53,/home/xinlab/home/ws/phase2/results/12_complex_prediction/formal/immunogen_blind_seed11/boltz_results_immunogen_blind/predictions/immunogen_blind/immunogen_blind_model_0.pdb,/home/xinlab/home/ws/phase2/results/12_complex_prediction/formal/immunogen_blind_seed11/boltz_results_immunogen_blind/predictions/immunogen_blind/immunogen_blind_model_0.pdb,D:\IL-24(teeth）\phase2_release\results\full181_supplement\server_baseline_snapshot\server_source_inventory.json,formal,passed,matched_at_saved_precision,recomputed_server_original_unrelaxed_PDB
Immunogen134,empty,11,D:\IL-24(teeth）\phase2_release\results\full181_supplement\server_baseline_snapshot\results\12_complex_prediction\formal\immunogen_blind_seed11\boltz_results_immunogen_blind\predictions\immunogen_blind\immunogen_blind_model_0.pdb,complete,,L,CDR3,5,1,90;91;92;93;95,/home/xinlab/home/ws/phase2/results/12_complex_prediction/formal/immunogen_blind_seed11/boltz_results_immunogen_blind/predictions/immunogen_blind/immunogen_blind_model_0.pdb,/home/xinlab/home/ws/phase2/results/12_complex_prediction/formal/immunogen_blind_seed11/boltz_results_immunogen_blind/predictions/immunogen_blind/immunogen_blind_model_0.pdb,D:\IL-24(teeth）\phase2_release\results\full181_supplement\server_baseline_snapshot\server_source_inventory.json,formal,passed,matched_at_saved_precision,recomputed_server_original_unrelaxed_PDB
Immunogen134,empty,11,D:\IL-24(teeth）\phase2_release\results\full181_supplement\server_baseline_snapshot\results\12_complex_prediction\formal\immunogen_blind_seed11\boltz_results_immunogen_blind\predictions\immunogen_blind\immunogen_blind_model_0.pdb,complete,,L,FR4,0,0,,/home/xinlab/home/ws/phase2/results/12_complex_prediction/formal/immunogen_blind_seed11/boltz_results_immunogen_blind/predictions/immunogen_blind/immunogen_blind_model_0.pdb,/home/xinlab/home/ws/phase2/results/12_complex_prediction/formal/immunogen_blind_seed11/boltz_results_immunogen_blind/predictions/immunogen_blind/immunogen_blind_model_0.pdb,D:\IL-24(teeth）\phase2_release\results\full181_supplement\server_baseline_snapshot\server_source_inventory.json,formal,passed,matched_at_saved_precision,recomputed_server_original_unrelaxed_PDB
Immunogen134,empty,12,D:\IL-24(teeth）\phase2_release\results\full181_supplement\server_baseline_snapshot\results\12_complex_prediction\formal\immunogen_blind_seed12\boltz_results_immunogen_blind\predictions\immunogen_blind\immunogen_blind_model_0.pdb,complete,,H,FR1,0,0,,/home/xinlab/home/ws/phase2/results/12_complex_prediction/formal/immunogen_blind_seed12/boltz_results_immunogen_blind/predictions/immunogen_blind/immunogen_blind_model_0.pdb,/home/xinlab/home/ws/phase2/results/12_complex_prediction/formal/immunogen_blind_seed12/boltz_results_immunogen_blind/predictions/immunogen_blind/immunogen_blind_model_0.pdb,D:\IL-24(teeth）\phase2_release\results\full181_supplement\server_baseline_snapshot\server_source_inventory.json,formal,passed,matched_at_saved_precision,recomputed_server_original_unrelaxed_PDB
Immunogen134,empty,12,D:\IL-24(teeth）\phase2_release\results\full181_supplement\server_baseline_snapshot\results\12_complex_prediction\formal\immunogen_blind_seed12\boltz_results_immunogen_blind\predictions\immunogen_blind\immunogen_blind_model_0.pdb,complete,,H,CDR1,4,1,28;31;32;33,/home/xinlab/home/ws/phase2/results/12_complex_prediction/formal/immunogen_blind_seed12/boltz_results_immunogen_blind/predictions/immunogen_blind/immunogen_blind_model_0.pdb,/home/xinlab/home/ws/phase2/results/12_complex_prediction/formal/immunogen_blind_seed12/boltz_results_immunogen_blind/predictions/immunogen_blind/immunogen_blind_model_0.pdb,D:\IL-24(teeth）\phase2_release\results\full181_supplement\server_baseline_snapshot\server_source_inventory.json,formal,passed,matched_at_saved_precision,recomputed_server_original_unrelaxed_PDB
Immunogen134,empty,12,D:\IL-24(teeth）\phase2_release\results\full181_supplement\server_baseline_snapshot\results\12_complex_prediction\formal\immunogen_blind_seed12\boltz_results_immunogen_blind\predictions\immunogen_blind\immunogen_blind_model_0.pdb,complete,,H,FR2,1,1,35,/home/xinlab/home/ws/phase2/results/12_complex_prediction/formal/immunogen_blind_seed12/boltz_results_immunogen_blind/predictions/immunogen_blind/immunogen_blind_model_0.pdb,/home/xinlab/home/ws/phase2/results/12_complex_prediction/formal/immunogen_blind_seed12/boltz_results_immunogen_blind/predictions/immunogen_blind/immunogen_blind_model_0.pdb,D:\IL-24(teeth）\phase2_release\results\full181_supplement\server_baseline_snapshot\server_source_inventory.json,formal,passed,matched_at_saved_precision,recomputed_server_original_unrelaxed_PDB
Immunogen134,empty,12,D:\IL-24(teeth）\phase2_release\results\full181_supplement\server_baseline_snapshot\results\12_complex_prediction\formal\immunogen_blind_seed12\boltz_results_immunogen_blind\predictions\immunogen_blind\immunogen_blind_model_0.pdb,complete,,H,CDR2,6,1,50;53;54;55;56;57,/home/xinlab/home/ws/phase2/results/12_complex_prediction/formal/immunogen_blind_seed12/boltz_results_immunogen_blind/predictions/immunogen_blind/immunogen_blind_model_0.pdb,/home/xinlab/home/ws/phase2/results/12_complex_prediction/formal/immunogen_blind_seed12/boltz_results_immunogen_blind/predictions/immunogen_blind/immunogen_blind_model_0.pdb,D:\IL-24(teeth）\phase2_release\results\full181_supplement\server_baseline_snapshot\server_source_inventory.json,formal,passed,matched_at_saved_precision,recomputed_server_original_unrelaxed_PDB
Immunogen134,empty,12,D:\IL-24(teeth）\phase2_release\results\full181_supplement\server_baseline_snapshot\results\12_complex_prediction\formal\immunogen_blind_seed12\boltz_results_immunogen_blind\predictions\immunogen_blind\immunogen_blind_model_0.pdb,complete,,H,FR3,1,1,58,/home/xinlab/home/ws/phase2/results/12_complex_prediction/formal/immunogen_blind_seed12/boltz_results_immunogen_blind/predictions/immunogen_blind/immunogen_blind_model_0.pdb,/home/xinlab/home/ws/phase2/results/12_complex_prediction/formal/immunogen_blind_seed12/boltz_results_immunogen_blind/predictions/immunogen_blind/immunogen_blind_model_0.pdb,D:\IL-24(teeth）\phase2_release\results\full181_supplement\server_baseline_snapshot\server_source_inventory.json,formal,passed,matched_at_saved_precision,recomputed_server_original_unrelaxed_PDB
Immunogen134,empty,12,D:\IL-24(teeth）\phase2_release\results\full181_supplement\server_baseline_snapshot\results\12_complex_prediction\formal\immunogen_blind_seed12\boltz_results_immunogen_blind\predictions\immunogen_blind\immunogen_blind_model_0.pdb,complete,,H,CDR3,5,1,98;100;101;102;104,/home/xinlab/home/ws/phase2/results/12_complex_prediction/formal/immunogen_blind_seed12/boltz_results_immunogen_blind/predictions/immunogen_blind/immunogen_blind_model_0.pdb,/home/xinlab/home/ws/phase2/results/12_complex_prediction/formal/immunogen_blind_seed12/boltz_results_immunogen_blind/predictions/immunogen_blind/immunogen_blind_model_0.pdb,D:\IL-24(teeth）\phase2_release\results\full181_supplement\server_baseline_snapshot\server_source_inventory.json,formal,passed,matched_at_saved_precision,recomputed_server_original_unrelaxed_PDB
Immunogen134,empty,12,D:\IL-24(teeth）\phase2_release\results\full181_supplement\server_baseline_snapshot\results\12_complex_prediction\formal\immunogen_blind_seed12\boltz_results_immunogen_blind\predictions\immunogen_blind\immunogen_blind_model_0.pdb,complete,,H,FR4,0,0,,/home/xinlab/home/ws/phase2/results/12_complex_prediction/formal/immunogen_blind_seed12/boltz_results_immunogen_blind/predictions/immunogen_blind/immunogen_blind_model_0.pdb,/home/xinlab/home/ws/phase2/results/12_complex_prediction/formal/immunogen_blind_seed12/boltz_results_immunogen_blind/predictions/immunogen_blind/immunogen_blind_model_0.pdb,D:\IL-24(teeth）\phase2_release\results\full181_supplement\server_baseline_snapshot\server_source_inventory.json,formal,passed,matched_at_saved_precision,recomputed_server_original_unrelaxed_PDB
Immunogen134,empty,12,D:\IL-24(teeth）\phase2_release\results\full181_supplement\server_baseline_snapshot\results\12_complex_prediction\formal\immunogen_blind_seed12\boltz_results_immunogen_blind\predictions\immunogen_blind\immunogen_blind_model_0.pdb,complete,,L,FR1,0,0,,/home/xinlab/home/ws/phase2/results/12_complex_prediction/formal/immunogen_blind_seed12/boltz_results_immunogen_blind/predictions/immunogen_blind/immunogen_blind_model_0.pdb,/home/xinlab/home/ws/phase2/results/12_complex_prediction/formal/immunogen_blind_seed12/boltz_results_immunogen_blind/predictions/immunogen_blind/immunogen_blind_model_0.pdb,D:\IL-24(teeth）\phase2_release\results\full181_supplement\server_baseline_snapshot\server_source_inventory.json,formal,passed,matched_at_saved_precision,recomputed_server_original_unrelaxed_PDB
Immunogen134,empty,12,D:\IL-24(teeth）\phase2_release\results\full181_supplement\server_baseline_snapshot\results\12_complex_prediction\formal\immunogen_blind_seed12\boltz_results_immunogen_blind\predictions\immunogen_blind\immunogen_blind_model_0.pdb,complete,,L,CDR1,6,1,27;28;29;30;31;32,/home/xinlab/home/ws/phase2/results/12_complex_prediction/formal/immunogen_blind_seed12/boltz_results_immunogen_blind/predictions/immunogen_blind/immunogen_blind_model_0.pdb,/home/xinlab/home/ws/phase2/results/12_complex_prediction/formal/immunogen_blind_seed12/boltz_results_immunogen_blind/predictions/immunogen_blind/immunogen_blind_model_0.pdb,D:\IL-24(teeth）\phase2_release\results\full181_supplement\server_baseline_snapshot\server_source_inventory.json,formal,passed,matched_at_saved_precision,recomputed_server_original_unrelaxed_PDB
Immunogen134,empty,12,D:\IL-24(teeth）\phase2_release\results\full181_supplement\server_baseline_snapshot\results\12_complex_prediction\formal\immunogen_blind_seed12\boltz_results_immunogen_blind\predictions\immunogen_blind\immunogen_blind_model_0.pdb,complete,,L,FR2,0,0,,/home/xinlab/home/ws/phase2/results/12_complex_prediction/formal/immunogen_blind_seed12/boltz_results_immunogen_blind/predictions/immunogen_blind/immunogen_blind_model_0.pdb,/home/xinlab/home/ws/phase2/results/12_complex_prediction/formal/immunogen_blind_seed12/boltz_results_immunogen_blind/predictions/immunogen_blind/immunogen_blind_model_0.pdb,D:\IL-24(teeth）\phase2_release\results\full181_supplement\server_baseline_snapshot\server_source_inventory.json,formal,passed,matched_at_saved_precision,recomputed_server_original_unrelaxed_PDB
Immunogen134,empty,12,D:\IL-24(teeth）\phase2_release\results\full181_supplement\server_baseline_snapshot\results\12_complex_prediction\formal\immunogen_blind_seed12\boltz_results_immunogen_blind\predictions\immunogen_blind\immunogen_blind_model_0.pdb,complete,,L,CDR2,1,1,50,/home/xinlab/home/ws/phase2/results/12_complex_prediction/formal/immunogen_blind_seed12/boltz_results_immunogen_blind/predictions/immunogen_blind/immunogen_blind_model_0.pdb,/home/xinlab/home/ws/phase2/results/12_complex_prediction/formal/immunogen_blind_seed12/boltz_results_immunogen_blind/predictions/immunogen_blind/immunogen_blind_model_0.pdb,D:\IL-24(teeth）\phase2_release\results\full181_supplement\server_baseline_snapshot\server_source_inventory.json,formal,passed,matched_at_saved_precision,recomputed_server_original_unrelaxed_PDB
Immunogen134,empty,12,D:\IL-24(teeth）\phase2_release\results\full181_supplement\server_baseline_snapshot\results\12_complex_prediction\formal\immunogen_blind_seed12\boltz_results_immunogen_blind\predictions\immunogen_blind\immunogen_blind_model_0.pdb,complete,,L,FR3,1,1,53,/home/xinlab/home/ws/phase2/results/12_complex_prediction/formal/immunogen_blind_seed12/boltz_results_immunogen_blind/predictions/immunogen_blind/immunogen_blind_model_0.pdb,/home/xinlab/home/ws/phase2/results/12_complex_prediction/formal/immunogen_blind_seed12/boltz_results_immunogen_blind/predictions/immunogen_blind/immunogen_blind_model_0.pdb,D:\IL-24(teeth）\phase2_release\results\full181_supplement\server_baseline_snapshot\server_source_inventory.json,formal,passed,matched_at_saved_precision,recomputed_server_original_unrelaxed_PDB
Immunogen134,empty,12,D:\IL-24(teeth）\phase2_release\results\full181_supplement\server_baseline_snapshot\results\12_complex_prediction\formal\immunogen_blind_seed12\boltz_results_immunogen_blind\predictions\immunogen_blind\immunogen_blind_model_0.pdb,complete,,L,CDR3,5,1,90;91;92;93;95,/home/xinlab/home/ws/phase2/results/12_complex_prediction/formal/immunogen_blind_seed12/boltz_results_immunogen_blind/predictions/immunogen_blind/immunogen_blind_model_0.pdb,/home/xinlab/home/ws/phase2/results/12_complex_prediction/formal/immunogen_blind_seed12/boltz_results_immunogen_blind/predictions/immunogen_blind/immunogen_blind_model_0.pdb,D:\IL-24(teeth）\phase2_release\results\full181_supplement\server_baseline_snapshot\server_source_inventory.json,formal,passed,matched_at_saved_precision,recomputed_server_original_unrelaxed_PDB
Immunogen134,empty,12,D:\IL-24(teeth）\phase2_release\results\full181_supplement\server_baseline_snapshot\results\12_complex_prediction\formal\immunogen_blind_seed12\boltz_results_immunogen_blind\predictions\immunogen_blind\immunogen_blind_model_0.pdb,complete,,L,FR4,0,0,,/home/xinlab/home/ws/phase2/results/12_complex_prediction/formal/immunogen_blind_seed12/boltz_results_immunogen_blind/predictions/immunogen_blind/immunogen_blind_model_0.pdb,/home/xinlab/home/ws/phase2/results/12_complex_prediction/formal/immunogen_blind_seed12/boltz_results_immunogen_blind/predictions/immunogen_blind/immunogen_blind_model_0.pdb,D:\IL-24(teeth）\phase2_release\results\full181_supplement\server_baseline_snapshot\server_source_inventory.json,formal,passed,matched_at_saved_precision,recomputed_server_original_unrelaxed_PDB
Immunogen134,empty,13,D:\IL-24(teeth）\phase2_release\results\full181_supplement\server_baseline_snapshot\results\12_complex_prediction\formal\immunogen_blind_seed13\boltz_results_immunogen_blind\predictions\immunogen_blind\immunogen_blind_model_0.pdb,complete,,H,FR1,0,0,,/home/xinlab/home/ws/phase2/results/12_complex_prediction/formal/immunogen_blind_seed13/boltz_results_immunogen_blind/predictions/immunogen_blind/immunogen_blind_model_0.pdb,/home/xinlab/home/ws/phase2/results/12_complex_prediction/formal/immunogen_blind_seed13/boltz_results_immunogen_blind/predictions/immunogen_blind/immunogen_blind_model_0.pdb,D:\IL-24(teeth）\phase2_release\results\full181_supplement\server_baseline_snapshot\server_source_inventory.json,formal,passed,matched_at_saved_precision,recomputed_server_original_unrelaxed_PDB
Immunogen134,empty,13,D:\IL-24(teeth）\phase2_release\results\full181_supplement\server_baseline_snapshot\results\12_complex_prediction\formal\immunogen_blind_seed13\boltz_results_immunogen_blind\predictions\immunogen_blind\immunogen_blind_model_0.pdb,complete,,H,CDR1,2,1,31;33,/home/xinlab/home/ws/phase2/results/12_complex_prediction/formal/immunogen_blind_seed13/boltz_results_immunogen_blind/predictions/immunogen_blind/immunogen_blind_model_0.pdb,/home/xinlab/home/ws/phase2/results/12_complex_prediction/formal/immunogen_blind_seed13/boltz_results_immunogen_blind/predictions/immunogen_blind/immunogen_blind_model_0.pdb,D:\IL-24(teeth）\phase2_release\results\full181_supplement\server_baseline_snapshot\server_source_inventory.json,formal,passed,matched_at_saved_precision,recomputed_server_original_unrelaxed_PDB
Immunogen134,empty,13,D:\IL-24(teeth）\phase2_release\results\full181_supplement\server_baseline_snapshot\results\12_complex_prediction\formal\immunogen_blind_seed13\boltz_results_immunogen_blind\predictions\immunogen_blind\immunogen_blind_model_0.pdb,complete,,H,FR2,1,1,35,/home/xinlab/home/ws/phase2/results/12_complex_prediction/formal/immunogen_blind_seed13/boltz_results_immunogen_blind/predictions/immunogen_blind/immunogen_blind_model_0.pdb,/home/xinlab/home/ws/phase2/results/12_complex_prediction/formal/immunogen_blind_seed13/boltz_results_immunogen_blind/predictions/immunogen_blind/immunogen_blind_model_0.pdb,D:\IL-24(teeth）\phase2_release\results\full181_supplement\server_baseline_snapshot\server_source_inventory.json,formal,passed,matched_at_saved_precision,recomputed_server_original_unrelaxed_PDB
Immunogen134,empty,13,D:\IL-24(teeth）\phase2_release\results\full181_supplement\server_baseline_snapshot\results\12_complex_prediction\formal\immunogen_blind_seed13\boltz_results_immunogen_blind\predictions\immunogen_blind\immunogen_blind_model_0.pdb,complete,,H,CDR2,6,1,50;53;54;55;56;57,/home/xinlab/home/ws/phase2/results/12_complex_prediction/formal/immunogen_blind_seed13/boltz_results_immunogen_blind/predictions/immunogen_blind/immunogen_blind_model_0.pdb,/home/xinlab/home/ws/phase2/results/12_complex_prediction/formal/immunogen_blind_seed13/boltz_results_immunogen_blind/predictions/immunogen_blind/immunogen_blind_model_0.pdb,D:\IL-24(teeth）\phase2_release\results\full181_supplement\server_baseline_snapshot\server_source_inventory.json,formal,passed,matched_at_saved_precision,recomputed_server_original_unrelaxed_PDB
Immunogen134,empty,13,D:\IL-24(teeth）\phase2_release\results\full181_supplement\server_baseline_snapshot\results\12_complex_prediction\formal\immunogen_blind_seed13\boltz_results_immunogen_blind\predictions\immunogen_blind\immunogen_blind_model_0.pdb,complete,,H,FR3,1,1,58,/home/xinlab/home/ws/phase2/results/12_complex_prediction/formal/immunogen_blind_seed13/boltz_results_immunogen_blind/predictions/immunogen_blind/immunogen_blind_model_0.pdb,/home/xinlab/home/ws/phase2/results/12_complex_prediction/formal/immunogen_blind_seed13/boltz_results_immunogen_blind/predictions/immunogen_blind/immunogen_blind_model_0.pdb,D:\IL-24(teeth）\phase2_release\results\full181_supplement\server_baseline_snapshot\server_source_inventory.json,formal,passed,matched_at_saved_precision,recomputed_server_original_unrelaxed_PDB
Immunogen134,empty,13,D:\IL-24(teeth）\phase2_release\results\full181_supplement\server_baseline_snapshot\results\12_complex_prediction\formal\immunogen_blind_seed13\boltz_results_immunogen_blind\predictions\immunogen_blind\immunogen_blind_model_0.pdb,complete,,H,CDR3,6,1,98;100;101;102;103;104,/home/xinlab/home/ws/phase2/results/12_complex_prediction/formal/immunogen_blind_seed13/boltz_results_immunogen_blind/predictions/immunogen_blind/immunogen_blind_model_0.pdb,/home/xinlab/home/ws/phase2/results/12_complex_prediction/formal/immunogen_blind_seed13/boltz_results_immunogen_blind/predictions/immunogen_blind/immunogen_blind_model_0.pdb,D:\IL-24(teeth）\phase2_release\results\full181_supplement\server_baseline_snapshot\server_source_inventory.json,formal,passed,matched_at_saved_precision,recomputed_server_original_unrelaxed_PDB
Immunogen134,empty,13,D:\IL-24(teeth）\phase2_release\results\full181_supplement\server_baseline_snapshot\results\12_complex_prediction\formal\immunogen_blind_seed13\boltz_results_immunogen_blind\predictions\immunogen_blind\immunogen_blind_model_0.pdb,complete,,H,FR4,0,0,,/home/xinlab/home/ws/phase2/results/12_complex_prediction/formal/immunogen_blind_seed13/boltz_results_immunogen_blind/predictions/immunogen_blind/immunogen_blind_model_0.pdb,/home/xinlab/home/ws/phase2/results/12_complex_prediction/formal/immunogen_blind_seed13/boltz_results_immunogen_blind/predictions/immunogen_blind/immunogen_blind_model_0.pdb,D:\IL-24(teeth）\phase2_release\results\full181_supplement\server_baseline_snapshot\server_source_inventory.json,formal,passed,matched_at_saved_precision,recomputed_server_original_unrelaxed_PDB
Immunogen134,empty,13,D:\IL-24(teeth）\phase2_release\results\full181_supplement\server_baseline_snapshot\results\12_complex_prediction\formal\immunogen_blind_seed13\boltz_results_immunogen_blind\predictions\immunogen_blind\immunogen_blind_model_0.pdb,complete,,L,FR1,0,0,,/home/xinlab/home/ws/phase2/results/12_complex_prediction/formal/immunogen_blind_seed13/boltz_results_immunogen_blind/predictions/immunogen_blind/immunogen_blind_model_0.pdb,/home/xinlab/home/ws/phase2/results/12_complex_prediction/formal/immunogen_blind_seed13/boltz_results_immunogen_blind/predictions/immunogen_blind/immunogen_blind_model_0.pdb,D:\IL-24(teeth）\phase2_release\results\full181_supplement\server_baseline_snapshot\server_source_inventory.json,formal,passed,matched_at_saved_precision,recomputed_server_original_unrelaxed_PDB
Immunogen134,empty,13,D:\IL-24(teeth）\phase2_release\results\full181_supplement\server_baseline_snapshot\results\12_complex_prediction\formal\immunogen_blind_seed13\boltz_results_immunogen_blind\predictions\immunogen_blind\immunogen_blind_model_0.pdb,complete,,L,CDR1,5,1,27;29;30;31;32,/home/xinlab/home/ws/phase2/results/12_complex_prediction/formal/immunogen_blind_seed13/boltz_results_immunogen_blind/predictions/immunogen_blind/immunogen_blind_model_0.pdb,/home/xinlab/home/ws/phase2/results/12_complex_prediction/formal/immunogen_blind_seed13/boltz_results_immunogen_blind/predictions/immunogen_blind/immunogen_blind_model_0.pdb,D:\IL-24(teeth）\phase2_release\results\full181_supplement\server_baseline_snapshot\server_source_inventory.json,formal,passed,matched_at_saved_precision,recomputed_server_original_unrelaxed_PDB
Immunogen134,empty,13,D:\IL-24(teeth）\phase2_release\results\full181_supplement\server_baseline_snapshot\results\12_complex_prediction\formal\immunogen_blind_seed13\boltz_results_immunogen_blind\predictions\immunogen_blind\immunogen_blind_model_0.pdb,complete,,L,FR2,0,0,,/home/xinlab/home/ws/phase2/results/12_complex_prediction/formal/immunogen_blind_seed13/boltz_results_immunogen_blind/predictions/immunogen_blind/immunogen_blind_model_0.pdb,/home/xinlab/home/ws/phase2/results/12_complex_prediction/formal/immunogen_blind_seed13/boltz_results_immunogen_blind/predictions/immunogen_blind/immunogen_blind_model_0.pdb,D:\IL-24(teeth）\phase2_release\results\full181_supplement\server_baseline_snapshot\server_source_inventory.json,formal,passed,matched_at_saved_precision,recomputed_server_original_unrelaxed_PDB
Immunogen134,empty,13,D:\IL-24(teeth）\phase2_release\results\full181_supplement\server_baseline_snapshot\results\12_complex_prediction\formal\immunogen_blind_seed13\boltz_results_immunogen_blind\predictions\immunogen_blind\immunogen_blind_model_0.pdb,complete,,L,CDR2,1,1,50,/home/xinlab/home/ws/phase2/results/12_complex_prediction/formal/immunogen_blind_seed13/boltz_results_immunogen_blind/predictions/immunogen_blind/immunogen_blind_model_0.pdb,/home/xinlab/home/ws/phase2/results/12_complex_prediction/formal/immunogen_blind_seed13/boltz_results_immunogen_blind/predictions/immunogen_blind/immunogen_blind_model_0.pdb,D:\IL-24(teeth）\phase2_release\results\full181_supplement\server_baseline_snapshot\server_source_inventory.json,formal,passed,matched_at_saved_precision,recomputed_server_original_unrelaxed_PDB
Immunogen134,empty,13,D:\IL-24(teeth）\phase2_release\results\full181_supplement\server_baseline_snapshot\results\12_complex_prediction\formal\immunogen_blind_seed13\boltz_results_immunogen_blind\predictions\immunogen_blind\immunogen_blind_model_0.pdb,complete,,L,FR3,1,1,53,/home/xinlab/home/ws/phase2/results/12_complex_prediction/formal/immunogen_blind_seed13/boltz_results_immunogen_blind/predictions/immunogen_blind/immunogen_blind_model_0.pdb,/home/xinlab/home/ws/phase2/results/12_complex_prediction/formal/immunogen_blind_seed13/boltz_results_immunogen_blind/predictions/immunogen_blind/immunogen_blind_model_0.pdb,D:\IL-24(teeth）\phase2_release\results\full181_supplement\server_baseline_snapshot\server_source_inventory.json,formal,passed,matched_at_saved_precision,recomputed_server_original_unrelaxed_PDB
Immunogen134,empty,13,D:\IL-24(teeth）\phase2_release\results\full181_supplement\server_baseline_snapshot\results\12_complex_prediction\formal\immunogen_blind_seed13\boltz_results_immunogen_blind\predictions\immunogen_blind\immunogen_blind_model_0.pdb,complete,,L,CDR3,5,1,90;91;92;93;95,/home/xinlab/home/ws/phase2/results/12_complex_prediction/formal/immunogen_blind_seed13/boltz_results_immunogen_blind/predictions/immunogen_blind/immunogen_blind_model_0.pdb,/home/xinlab/home/ws/phase2/results/12_complex_prediction/formal/immunogen_blind_seed13/boltz_results_immunogen_blind/predictions/immunogen_blind/immunogen_blind_model_0.pdb,D:\IL-24(teeth）\phase2_release\results\full181_supplement\server_baseline_snapshot\server_source_inventory.json,formal,passed,matched_at_saved_precision,recomputed_server_original_unrelaxed_PDB
Immunogen134,empty,13,D:\IL-24(teeth）\phase2_release\results\full181_supplement\server_baseline_snapshot\results\12_complex_prediction\formal\immunogen_blind_seed13\boltz_results_immunogen_blind\predictions\immunogen_blind\immunogen_blind_model_0.pdb,complete,,L,FR4,0,0,,/home/xinlab/home/ws/phase2/results/12_complex_prediction/formal/immunogen_blind_seed13/boltz_results_immunogen_blind/predictions/immunogen_blind/immunogen_blind_model_0.pdb,/home/xinlab/home/ws/phase2/results/12_complex_prediction/formal/immunogen_blind_seed13/boltz_results_immunogen_blind/predictions/immunogen_blind/immunogen_blind_model_0.pdb,D:\IL-24(teeth）\phase2_release\results\full181_supplement\server_baseline_snapshot\server_source_inventory.json,formal,passed,matched_at_saved_precision,recomputed_server_original_unrelaxed_PDB
Immunogen134,empty,14,D:\IL-24(teeth）\phase2_release\results\full181_supplement\server_baseline_snapshot\results\12_complex_prediction\formal\immunogen_blind_seed14\boltz_results_immunogen_blind\predictions\immunogen_blind\immunogen_blind_model_0.pdb,complete,,H,FR1,0,0,,/home/xinlab/home/ws/phase2/results/12_complex_prediction/formal/immunogen_blind_seed14/boltz_results_immunogen_blind/predictions/immunogen_blind/immunogen_blind_model_0.pdb,/home/xinlab/home/ws/phase2/results/12_complex_prediction/formal/immunogen_blind_seed14/boltz_results_immunogen_blind/predictions/immunogen_blind/immunogen_blind_model_0.pdb,D:\IL-24(teeth）\phase2_release\results\full181_supplement\server_baseline_snapshot\server_source_inventory.json,formal,passed,matched_at_saved_precision,recomputed_server_original_unrelaxed_PDB
Immunogen134,empty,14,D:\IL-24(teeth）\phase2_release\results\full181_supplement\server_baseline_snapshot\results\12_complex_prediction\formal\immunogen_blind_seed14\boltz_results_immunogen_blind\predictions\immunogen_blind\immunogen_blind_model_0.pdb,complete,,H,CDR1,5,1,29;30;31;32;33,/home/xinlab/home/ws/phase2/results/12_complex_prediction/formal/immunogen_blind_seed14/boltz_results_immunogen_blind/predictions/immunogen_blind/immunogen_blind_model_0.pdb,/home/xinlab/home/ws/phase2/results/12_complex_prediction/formal/immunogen_blind_seed14/boltz_results_immunogen_blind/predictions/immunogen_blind/immunogen_blind_model_0.pdb,D:\IL-24(teeth）\phase2_release\results\full181_supplement\server_baseline_snapshot\server_source_inventory.json,formal,passed,matched_at_saved_precision,recomputed_server_original_unrelaxed_PDB
Immunogen134,empty,14,D:\IL-24(teeth）\phase2_release\results\full181_supplement\server_baseline_snapshot\results\12_complex_prediction\formal\immunogen_blind_seed14\boltz_results_immunogen_blind\predictions\immunogen_blind\immunogen_blind_model_0.pdb,complete,,H,FR2,2,1,34;35,/home/xinlab/home/ws/phase2/results/12_complex_prediction/formal/immunogen_blind_seed14/boltz_results_immunogen_blind/predictions/immunogen_blind/immunogen_blind_model_0.pdb,/home/xinlab/home/ws/phase2/results/12_complex_prediction/formal/immunogen_blind_seed14/boltz_results_immunogen_blind/predictions/immunogen_blind/immunogen_blind_model_0.pdb,D:\IL-24(teeth）\phase2_release\results\full181_supplement\server_baseline_snapshot\server_source_inventory.json,formal,passed,matched_at_saved_precision,recomputed_server_original_unrelaxed_PDB
Immunogen134,empty,14,D:\IL-24(teeth）\phase2_release\results\full181_supplement\server_baseline_snapshot\results\12_complex_prediction\formal\immunogen_blind_seed14\boltz_results_immunogen_blind\predictions\immunogen_blind\immunogen_blind_model_0.pdb,complete,,H,CDR2,6,1,51;53;54;55;56;57,/home/xinlab/home/ws/phase2/results/12_complex_prediction/formal/immunogen_blind_seed14/boltz_results_immunogen_blind/predictions/immunogen_blind/immunogen_blind_model_0.pdb,/home/xinlab/home/ws/phase2/results/12_complex_prediction/formal/immunogen_blind_seed14/boltz_results_immunogen_blind/predictions/immunogen_blind/immunogen_blind_model_0.pdb,D:\IL-24(teeth）\phase2_release\results\full181_supplement\server_baseline_snapshot\server_source_inventory.json,formal,passed,matched_at_saved_precision,recomputed_server_original_unrelaxed_PDB
Immunogen134,empty,14,D:\IL-24(teeth）\phase2_release\results\full181_supplement\server_baseline_snapshot\results\12_complex_prediction\formal\immunogen_blind_seed14\boltz_results_immunogen_blind\predictions\immunogen_blind\immunogen_blind_model_0.pdb,complete,,H,FR3,1,1,73,/home/xinlab/home/ws/phase2/results/12_complex_prediction/formal/immunogen_blind_seed14/boltz_results_immunogen_blind/predictions/immunogen_blind/immunogen_blind_model_0.pdb,/home/xinlab/home/ws/phase2/results/12_complex_prediction/formal/immunogen_blind_seed14/boltz_results_immunogen_blind/predictions/immunogen_blind/immunogen_blind_model_0.pdb,D:\IL-24(teeth）\phase2_release\results\full181_supplement\server_baseline_snapshot\server_source_inventory.json,formal,passed,matched_at_saved_precision,recomputed_server_original_unrelaxed_PDB
Immunogen134,empty,14,D:\IL-24(teeth）\phase2_release\results\full181_supplement\server_baseline_snapshot\results\12_complex_prediction\formal\immunogen_blind_seed14\boltz_results_immunogen_blind\predictions\immunogen_blind\immunogen_blind_model_0.pdb,complete,,H,CDR3,6,1,98;100;101;102;103;104,/home/xinlab/home/ws/phase2/results/12_complex_prediction/formal/immunogen_blind_seed14/boltz_results_immunogen_blind/predictions/immunogen_blind/immunogen_blind_model_0.pdb,/home/xinlab/home/ws/phase2/results/12_complex_prediction/formal/immunogen_blind_seed14/boltz_results_immunogen_blind/predictions/immunogen_blind/immunogen_blind_model_0.pdb,D:\IL-24(teeth）\phase2_release\results\full181_supplement\server_baseline_snapshot\server_source_inventory.json,formal,passed,matched_at_saved_precision,recomputed_server_original_unrelaxed_PDB
Immunogen134,empty,14,D:\IL-24(teeth）\phase2_release\results\full181_supplement\server_baseline_snapshot\results\12_complex_prediction\formal\immunogen_blind_seed14\boltz_results_immunogen_blind\predictions\immunogen_blind\immunogen_blind_model_0.pdb,complete,,H,FR4,0,0,,/home/xinlab/home/ws/phase2/results/12_complex_prediction/formal/immunogen_blind_seed14/boltz_results_immunogen_blind/predictions/immunogen_blind/immunogen_blind_model_0.pdb,/home/xinlab/home/ws/phase2/results/12_complex_prediction/formal/immunogen_blind_seed14/boltz_results_immunogen_blind/predictions/immunogen_blind/immunogen_blind_model_0.pdb,D:\IL-24(teeth）\phase2_release\results\full181_supplement\server_baseline_snapshot\server_source_inventory.json,formal,passed,matched_at_saved_precision,recomputed_server_original_unrelaxed_PDB
Immunogen134,empty,14,D:\IL-24(teeth）\phase2_release\results\full181_supplement\server_baseline_snapshot\results\12_complex_prediction\formal\immunogen_blind_seed14\boltz_results_immunogen_blind\predictions\immunogen_blind\immunogen_blind_model_0.pdb,complete,,L,FR1,1,1,2,/home/xinlab/home/ws/phase2/results/12_complex_prediction/formal/immunogen_blind_seed14/boltz_results_immunogen_blind/predictions/immunogen_blind/immunogen_blind_model_0.pdb,/home/xinlab/home/ws/phase2/results/12_complex_prediction/formal/immunogen_blind_seed14/boltz_results_immunogen_blind/predictions/immunogen_blind/immunogen_blind_model_0.pdb,D:\IL-24(teeth）\phase2_release\results\full181_supplement\server_baseline_snapshot\server_source_inventory.json,formal,passed,matched_at_saved_precision,recomputed_server_original_unrelaxed_PDB
Immunogen134,empty,14,D:\IL-24(teeth）\phase2_release\results\full181_supplement\server_baseline_snapshot\results\12_complex_prediction\formal\immunogen_blind_seed14\boltz_results_immunogen_blind\predictions\immunogen_blind\immunogen_blind_model_0.pdb,complete,,L,CDR1,6,1,27;28;29;30;31;32,/home/xinlab/home/ws/phase2/results/12_complex_prediction/formal/immunogen_blind_seed14/boltz_results_immunogen_blind/predictions/immunogen_blind/immunogen_blind_model_0.pdb,/home/xinlab/home/ws/phase2/results/12_complex_prediction/formal/immunogen_blind_seed14/boltz_results_immunogen_blind/predictions/immunogen_blind/immunogen_blind_model_0.pdb,D:\IL-24(teeth）\phase2_release\results\full181_supplement\server_baseline_snapshot\server_source_inventory.json,formal,passed,matched_at_saved_precision,recomputed_server_original_unrelaxed_PDB
Immunogen134,empty,14,D:\IL-24(teeth）\phase2_release\results\full181_supplement\server_baseline_snapshot\results\12_complex_prediction\formal\immunogen_blind_seed14\boltz_results_immunogen_blind\predictions\immunogen_blind\immunogen_blind_model_0.pdb,complete,,L,FR2,0,0,,/home/xinlab/home/ws/phase2/results/12_complex_prediction/formal/immunogen_blind_seed14/boltz_results_immunogen_blind/predictions/immunogen_blind/immunogen_blind_model_0.pdb,/home/xinlab/home/ws/phase2/results/12_complex_prediction/formal/immunogen_blind_seed14/boltz_results_immunogen_blind/predictions/immunogen_blind/immunogen_blind_model_0.pdb,D:\IL-24(teeth）\phase2_release\results\full181_supplement\server_baseline_snapshot\server_source_inventory.json,formal,passed,matched_at_saved_precision,recomputed_server_original_unrelaxed_PDB
Immunogen134,empty,14,D:\IL-24(teeth）\phase2_release\results\full181_supplement\server_baseline_snapshot\results\12_complex_prediction\formal\immunogen_blind_seed14\boltz_results_immunogen_blind\predictions\immunogen_blind\immunogen_blind_model_0.pdb,complete,,L,CDR2,1,1,50,/home/xinlab/home/ws/phase2/results/12_complex_prediction/formal/immunogen_blind_seed14/boltz_results_immunogen_blind/predictions/immunogen_blind/immunogen_blind_model_0.pdb,/home/xinlab/home/ws/phase2/results/12_complex_prediction/formal/immunogen_blind_seed14/boltz_results_immunogen_blind/predictions/immunogen_blind/immunogen_blind_model_0.pdb,D:\IL-24(teeth）\phase2_release\results\full181_supplement\server_baseline_snapshot\server_source_inventory.json,formal,passed,matched_at_saved_precision,recomputed_server_original_unrelaxed_PDB
Immunogen134,empty,14,D:\IL-24(teeth）\phase2_release\results\full181_supplement\server_baseline_snapshot\results\12_complex_prediction\formal\immunogen_blind_seed14\boltz_results_immunogen_blind\predictions\immunogen_blind\immunogen_blind_model_0.pdb,complete,,L,FR3,1,1,53,/home/xinlab/home/ws/phase2/results/12_complex_prediction/formal/immunogen_blind_seed14/boltz_results_immunogen_blind/predictions/immunogen_blind/immunogen_blind_model_0.pdb,/home/xinlab/home/ws/phase2/results/12_complex_prediction/formal/immunogen_blind_seed14/boltz_results_immunogen_blind/predictions/immunogen_blind/immunogen_blind_model_0.pdb,D:\IL-24(teeth）\phase2_release\results\full181_supplement\server_baseline_snapshot\server_source_inventory.json,formal,passed,matched_at_saved_precision,recomputed_server_original_unrelaxed_PDB
Immunogen134,empty,14,D:\IL-24(teeth）\phase2_release\results\full181_supplement\server_baseline_snapshot\results\12_complex_prediction\formal\immunogen_blind_seed14\boltz_results_immunogen_blind\predictions\immunogen_blind\immunogen_blind_model_0.pdb,complete,,L,CDR3,5,1,90;91;92;93;95,/home/xinlab/home/ws/phase2/results/12_complex_prediction/formal/immunogen_blind_seed14/boltz_results_immunogen_blind/predictions/immunogen_blind/immunogen_blind_model_0.pdb,/home/xinlab/home/ws/phase2/results/12_complex_prediction/formal/immunogen_blind_seed14/boltz_results_immunogen_blind/predictions/immunogen_blind/immunogen_blind_model_0.pdb,D:\IL-24(teeth）\phase2_release\results\full181_supplement\server_baseline_snapshot\server_source_inventory.json,formal,passed,matched_at_saved_precision,recomputed_server_original_unrelaxed_PDB
Immunogen134,empty,14,D:\IL-24(teeth）\phase2_release\results\full181_supplement\server_baseline_snapshot\results\12_complex_prediction\formal\immunogen_blind_seed14\boltz_results_immunogen_blind\predictions\immunogen_blind\immunogen_blind_model_0.pdb,complete,,L,FR4,0,0,,/home/xinlab/home/ws/phase2/results/12_complex_prediction/formal/immunogen_blind_seed14/boltz_results_immunogen_blind/predictions/immunogen_blind/immunogen_blind_model_0.pdb,/home/xinlab/home/ws/phase2/results/12_complex_prediction/formal/immunogen_blind_seed14/boltz_results_immunogen_blind/predictions/immunogen_blind/immunogen_blind_model_0.pdb,D:\IL-24(teeth）\phase2_release\results\full181_supplement\server_baseline_snapshot\server_source_inventory.json,formal,passed,matched_at_saved_precision,recomputed_server_original_unrelaxed_PDB
Immunogen134,empty,15,D:\IL-24(teeth）\phase2_release\results\full181_supplement\server_baseline_snapshot\results\12_complex_prediction\formal\immunogen_blind_seed15\boltz_results_immunogen_blind\predictions\immunogen_blind\immunogen_blind_model_0.pdb,complete,,H,FR1,0,0,,/home/xinlab/home/ws/phase2/results/12_complex_prediction/formal/immunogen_blind_seed15/boltz_results_immunogen_blind/predictions/immunogen_blind/immunogen_blind_model_0.pdb,/home/xinlab/home/ws/phase2/results/12_complex_prediction/formal/immunogen_blind_seed15/boltz_results_immunogen_blind/predictions/immunogen_blind/immunogen_blind_model_0.pdb,D:\IL-24(teeth）\phase2_release\results\full181_supplement\server_baseline_snapshot\server_source_inventory.json,formal,passed,matched_at_saved_precision,recomputed_server_original_unrelaxed_PDB
Immunogen134,empty,15,D:\IL-24(teeth）\phase2_release\results\full181_supplement\server_baseline_snapshot\results\12_complex_prediction\formal\immunogen_blind_seed15\boltz_results_immunogen_blind\predictions\immunogen_blind\immunogen_blind_model_0.pdb,complete,,H,CDR1,2,1,31;33,/home/xinlab/home/ws/phase2/results/12_complex_prediction/formal/immunogen_blind_seed15/boltz_results_immunogen_blind/predictions/immunogen_blind/immunogen_blind_model_0.pdb,/home/xinlab/home/ws/phase2/results/12_complex_prediction/formal/immunogen_blind_seed15/boltz_results_immunogen_blind/predictions/immunogen_blind/immunogen_blind_model_0.pdb,D:\IL-24(teeth）\phase2_release\results\full181_supplement\server_baseline_snapshot\server_source_inventory.json,formal,passed,matched_at_saved_precision,recomputed_server_original_unrelaxed_PDB
Immunogen134,empty,15,D:\IL-24(teeth）\phase2_release\results\full181_supplement\server_baseline_snapshot\results\12_complex_prediction\formal\immunogen_blind_seed15\boltz_results_immunogen_blind\predictions\immunogen_blind\immunogen_blind_model_0.pdb,complete,,H,FR2,1,1,35,/home/xinlab/home/ws/phase2/results/12_complex_prediction/formal/immunogen_blind_seed15/boltz_results_immunogen_blind/predictions/immunogen_blind/immunogen_blind_model_0.pdb,/home/xinlab/home/ws/phase2/results/12_complex_prediction/formal/immunogen_blind_seed15/boltz_results_immunogen_blind/predictions/immunogen_blind/immunogen_blind_model_0.pdb,D:\IL-24(teeth）\phase2_release\results\full181_supplement\server_baseline_snapshot\server_source_inventory.json,formal,passed,matched_at_saved_precision,recomputed_server_original_unrelaxed_PDB
Immunogen134,empty,15,D:\IL-24(teeth）\phase2_release\results\full181_supplement\server_baseline_snapshot\results\12_complex_prediction\formal\immunogen_blind_seed15\boltz_results_immunogen_blind\predictions\immunogen_blind\immunogen_blind_model_0.pdb,complete,,H,CDR2,7,1,50;51;53;54;55;56;57,/home/xinlab/home/ws/phase2/results/12_complex_prediction/formal/immunogen_blind_seed15/boltz_results_immunogen_blind/predictions/immunogen_blind/immunogen_blind_model_0.pdb,/home/xinlab/home/ws/phase2/results/12_complex_prediction/formal/immunogen_blind_seed15/boltz_results_immunogen_blind/predictions/immunogen_blind/immunogen_blind_model_0.pdb,D:\IL-24(teeth）\phase2_release\results\full181_supplement\server_baseline_snapshot\server_source_inventory.json,formal,passed,matched_at_saved_precision,recomputed_server_original_unrelaxed_PDB
Immunogen134,empty,15,D:\IL-24(teeth）\phase2_release\results\full181_supplement\server_baseline_snapshot\results\12_complex_prediction\formal\immunogen_blind_seed15\boltz_results_immunogen_blind\predictions\immunogen_blind\immunogen_blind_model_0.pdb,complete,,H,FR3,1,1,58,/home/xinlab/home/ws/phase2/results/12_complex_prediction/formal/immunogen_blind_seed15/boltz_results_immunogen_blind/predictions/immunogen_blind/immunogen_blind_model_0.pdb,/home/xinlab/home/ws/phase2/results/12_complex_prediction/formal/immunogen_blind_seed15/boltz_results_immunogen_blind/predictions/immunogen_blind/immunogen_blind_model_0.pdb,D:\IL-24(teeth）\phase2_release\results\full181_supplement\server_baseline_snapshot\server_source_inventory.json,formal,passed,matched_at_saved_precision,recomputed_server_original_unrelaxed_PDB
Immunogen134,empty,15,D:\IL-24(teeth）\phase2_release\results\full181_supplement\server_baseline_snapshot\results\12_complex_prediction\formal\immunogen_blind_seed15\boltz_results_immunogen_blind\predictions\immunogen_blind\immunogen_blind_model_0.pdb,complete,,H,CDR3,5,1,100;101;102;103;104,/home/xinlab/home/ws/phase2/results/12_complex_prediction/formal/immunogen_blind_seed15/boltz_results_immunogen_blind/predictions/immunogen_blind/immunogen_blind_model_0.pdb,/home/xinlab/home/ws/phase2/results/12_complex_prediction/formal/immunogen_blind_seed15/boltz_results_immunogen_blind/predictions/immunogen_blind/immunogen_blind_model_0.pdb,D:\IL-24(teeth）\phase2_release\results\full181_supplement\server_baseline_snapshot\server_source_inventory.json,formal,passed,matched_at_saved_precision,recomputed_server_original_unrelaxed_PDB
Immunogen134,empty,15,D:\IL-24(teeth）\phase2_release\results\full181_supplement\server_baseline_snapshot\results\12_complex_prediction\formal\immunogen_blind_seed15\boltz_results_immunogen_blind\predictions\immunogen_blind\immunogen_blind_model_0.pdb,complete,,H,FR4,0,0,,/home/xinlab/home/ws/phase2/results/12_complex_prediction/formal/immunogen_blind_seed15/boltz_results_immunogen_blind/predictions/immunogen_blind/immunogen_blind_model_0.pdb,/home/xinlab/home/ws/phase2/results/12_complex_prediction/formal/immunogen_blind_seed15/boltz_results_immunogen_blind/predictions/immunogen_blind/immunogen_blind_model_0.pdb,D:\IL-24(teeth）\phase2_release\results\full181_supplement\server_baseline_snapshot\server_source_inventory.json,formal,passed,matched_at_saved_precision,recomputed_server_original_unrelaxed_PDB
Immunogen134,empty,15,D:\IL-24(teeth）\phase2_release\results\full181_supplement\server_baseline_snapshot\results\12_complex_prediction\formal\immunogen_blind_seed15\boltz_results_immunogen_blind\predictions\immunogen_blind\immunogen_blind_model_0.pdb,complete,,L,FR1,0,0,,/home/xinlab/home/ws/phase2/results/12_complex_prediction/formal/immunogen_blind_seed15/boltz_results_immunogen_blind/predictions/immunogen_blind/immunogen_blind_model_0.pdb,/home/xinlab/home/ws/phase2/results/12_complex_prediction/formal/immunogen_blind_seed15/boltz_results_immunogen_blind/predictions/immunogen_blind/immunogen_blind_model_0.pdb,D:\IL-24(teeth）\phase2_release\results\full181_supplement\server_baseline_snapshot\server_source_inventory.json,formal,passed,matched_at_saved_precision,recomputed_server_original_unrelaxed_PDB
Immunogen134,empty,15,D:\IL-24(teeth）\phase2_release\results\full181_supplement\server_baseline_snapshot\results\12_complex_prediction\formal\immunogen_blind_seed15\boltz_results_immunogen_blind\predictions\immunogen_blind\immunogen_blind_model_0.pdb,complete,,L,CDR1,4,1,29;30;31;32,/home/xinlab/home/ws/phase2/results/12_complex_prediction/formal/immunogen_blind_seed15/boltz_results_immunogen_blind/predictions/immunogen_blind/immunogen_blind_model_0.pdb,/home/xinlab/home/ws/phase2/results/12_complex_prediction/formal/immunogen_blind_seed15/boltz_results_immunogen_blind/predictions/immunogen_blind/immunogen_blind_model_0.pdb,D:\IL-24(teeth）\phase2_release\results\full181_supplement\server_baseline_snapshot\server_source_inventory.json,formal,passed,matched_at_saved_precision,recomputed_server_original_unrelaxed_PDB
Immunogen134,empty,15,D:\IL-24(teeth）\phase2_release\results\full181_supplement\server_baseline_snapshot\results\12_complex_prediction\formal\immunogen_blind_seed15\boltz_results_immunogen_blind\predictions\immunogen_blind\immunogen_blind_model_0.pdb,complete,,L,FR2,1,1,49,/home/xinlab/home/ws/phase2/results/12_complex_prediction/formal/immunogen_blind_seed15/boltz_results_immunogen_blind/predictions/immunogen_blind/immunogen_blind_model_0.pdb,/home/xinlab/home/ws/phase2/results/12_complex_prediction/formal/immunogen_blind_seed15/boltz_results_immunogen_blind/predictions/immunogen_blind/immunogen_blind_model_0.pdb,D:\IL-24(teeth）\phase2_release\results\full181_supplement\server_baseline_snapshot\server_source_inventory.json,formal,passed,matched_at_saved_precision,recomputed_server_original_unrelaxed_PDB
Immunogen134,empty,15,D:\IL-24(teeth）\phase2_release\results\full181_supplement\server_baseline_snapshot\results\12_complex_prediction\formal\immunogen_blind_seed15\boltz_results_immunogen_blind\predictions\immunogen_blind\immunogen_blind_model_0.pdb,complete,,L,CDR2,1,1,50,/home/xinlab/home/ws/phase2/results/12_complex_prediction/formal/immunogen_blind_seed15/boltz_results_immunogen_blind/predictions/immunogen_blind/immunogen_blind_model_0.pdb,/home/xinlab/home/ws/phase2/results/12_complex_prediction/formal/immunogen_blind_seed15/boltz_results_immunogen_blind/predictions/immunogen_blind/immunogen_blind_model_0.pdb,D:\IL-24(teeth）\phase2_release\results\full181_supplement\server_baseline_snapshot\server_source_inventory.json,formal,passed,matched_at_saved_precision,recomputed_server_original_unrelaxed_PDB
Immunogen134,empty,15,D:\IL-24(teeth）\phase2_release\results\full181_supplement\server_baseline_snapshot\results\12_complex_prediction\formal\immunogen_blind_seed15\boltz_results_immunogen_blind\predictions\immunogen_blind\immunogen_blind_model_0.pdb,complete,,L,FR3,1,1,53,/home/xinlab/home/ws/phase2/results/12_complex_prediction/formal/immunogen_blind_seed15/boltz_results_immunogen_blind/predictions/immunogen_blind/immunogen_blind_model_0.pdb,/home/xinlab/home/ws/phase2/results/12_complex_prediction/formal/immunogen_blind_seed15/boltz_results_immunogen_blind/predictions/immunogen_blind/immunogen_blind_model_0.pdb,D:\IL-24(teeth）\phase2_release\results\full181_supplement\server_baseline_snapshot\server_source_inventory.json,formal,passed,matched_at_saved_precision,recomputed_server_original_unrelaxed_PDB
Immunogen134,empty,15,D:\IL-24(teeth）\phase2_release\results\full181_supplement\server_baseline_snapshot\results\12_complex_prediction\formal\immunogen_blind_seed15\boltz_results_immunogen_blind\predictions\immunogen_blind\immunogen_blind_model_0.pdb,complete,,L,CDR3,4,1,91;92;93;95,/home/xinlab/home/ws/phase2/results/12_complex_prediction/formal/immunogen_blind_seed15/boltz_results_immunogen_blind/predictions/immunogen_blind/immunogen_blind_model_0.pdb,/home/xinlab/home/ws/phase2/results/12_complex_prediction/formal/immunogen_blind_seed15/boltz_results_immunogen_blind/predictions/immunogen_blind/immunogen_blind_model_0.pdb,D:\IL-24(teeth）\phase2_release\results\full181_supplement\server_baseline_snapshot\server_source_inventory.json,formal,passed,matched_at_saved_precision,recomputed_server_original_unrelaxed_PDB
Immunogen134,empty,15,D:\IL-24(teeth）\phase2_release\results\full181_supplement\server_baseline_snapshot\results\12_complex_prediction\formal\immunogen_blind_seed15\boltz_results_immunogen_blind\predictions\immunogen_blind\immunogen_blind_model_0.pdb,complete,,L,FR4,0,0,,/home/xinlab/home/ws/phase2/results/12_complex_prediction/formal/immunogen_blind_seed15/boltz_results_immunogen_blind/predictions/immunogen_blind/immunogen_blind_model_0.pdb,/home/xinlab/home/ws/phase2/results/12_complex_prediction/formal/immunogen_blind_seed15/boltz_results_immunogen_blind/predictions/immunogen_blind/immunogen_blind_model_0.pdb,D:\IL-24(teeth）\phase2_release\results\full181_supplement\server_baseline_snapshot\server_source_inventory.json,formal,passed,matched_at_saved_precision,recomputed_server_original_unrelaxed_PDB
Native155,formal_msa,1,D:\IL-24(teeth）\phase2_release\results\full181_supplement\server_baseline_snapshot\results\12_complex_prediction\formal_msa\native_blind_seed1\boltz_results_native_blind_msa\predictions\native_blind_msa\native_blind_msa_model_0.pdb,complete,,H,FR1,0,0,,/home/xinlab/home/ws/phase2/results/12_complex_prediction/formal_msa/native_blind_seed1/boltz_results_native_blind_msa/predictions/native_blind_msa/native_blind_msa_model_0.pdb,/home/xinlab/home/ws/phase2/results/12_complex_prediction/formal_msa/native_blind_seed1/boltz_results_native_blind_msa/predictions/native_blind_msa/native_blind_msa_model_0.pdb,D:\IL-24(teeth）\phase2_release\results\full181_supplement\server_baseline_snapshot\server_source_inventory.json,formal_msa,passed,matched_at_saved_precision,recomputed_server_original_unrelaxed_PDB
Native155,formal_msa,1,D:\IL-24(teeth）\phase2_release\results\full181_supplement\server_baseline_snapshot\results\12_complex_prediction\formal_msa\native_blind_seed1\boltz_results_native_blind_msa\predictions\native_blind_msa\native_blind_msa_model_0.pdb,complete,,H,CDR1,4,1,30;31;32;33,/home/xinlab/home/ws/phase2/results/12_complex_prediction/formal_msa/native_blind_seed1/boltz_results_native_blind_msa/predictions/native_blind_msa/native_blind_msa_model_0.pdb,/home/xinlab/home/ws/phase2/results/12_complex_prediction/formal_msa/native_blind_seed1/boltz_results_native_blind_msa/predictions/native_blind_msa/native_blind_msa_model_0.pdb,D:\IL-24(teeth）\phase2_release\results\full181_supplement\server_baseline_snapshot\server_source_inventory.json,formal_msa,passed,matched_at_saved_precision,recomputed_server_original_unrelaxed_PDB
Native155,formal_msa,1,D:\IL-24(teeth）\phase2_release\results\full181_supplement\server_baseline_snapshot\results\12_complex_prediction\formal_msa\native_blind_seed1\boltz_results_native_blind_msa\predictions\native_blind_msa\native_blind_msa_model_0.pdb,complete,,H,FR2,0,0,,/home/xinlab/home/ws/phase2/results/12_complex_prediction/formal_msa/native_blind_seed1/boltz_results_native_blind_msa/predictions/native_blind_msa/native_blind_msa_model_0.pdb,/home/xinlab/home/ws/phase2/results/12_complex_prediction/formal_msa/native_blind_seed1/boltz_results_native_blind_msa/predictions/native_blind_msa/native_blind_msa_model_0.pdb,D:\IL-24(teeth）\phase2_release\results\full181_supplement\server_baseline_snapshot\server_source_inventory.json,formal_msa,passed,matched_at_saved_precision,recomputed_server_original_unrelaxed_PDB
Native155,formal_msa,1,D:\IL-24(teeth）\phase2_release\results\full181_supplement\server_baseline_snapshot\results\12_complex_prediction\formal_msa\native_blind_seed1\boltz_results_native_blind_msa\predictions\native_blind_msa\native_blind_msa_model_0.pdb,complete,,H,CDR2,6,1,52;53;54;55;56;57,/home/xinlab/home/ws/phase2/results/12_complex_prediction/formal_msa/native_blind_seed1/boltz_results_native_blind_msa/predictions/native_blind_msa/native_blind_msa_model_0.pdb,/home/xinlab/home/ws/phase2/results/12_complex_prediction/formal_msa/native_blind_seed1/boltz_results_native_blind_msa/predictions/native_blind_msa/native_blind_msa_model_0.pdb,D:\IL-24(teeth）\phase2_release\results\full181_supplement\server_baseline_snapshot\server_source_inventory.json,formal_msa,passed,matched_at_saved_precision,recomputed_server_original_unrelaxed_PDB
Native155,formal_msa,1,D:\IL-24(teeth）\phase2_release\results\full181_supplement\server_baseline_snapshot\results\12_complex_prediction\formal_msa\native_blind_seed1\boltz_results_native_blind_msa\predictions\native_blind_msa\native_blind_msa_model_0.pdb,complete,,H,FR3,1,1,58,/home/xinlab/home/ws/phase2/results/12_complex_prediction/formal_msa/native_blind_seed1/boltz_results_native_blind_msa/predictions/native_blind_msa/native_blind_msa_model_0.pdb,/home/xinlab/home/ws/phase2/results/12_complex_prediction/formal_msa/native_blind_seed1/boltz_results_native_blind_msa/predictions/native_blind_msa/native_blind_msa_model_0.pdb,D:\IL-24(teeth）\phase2_release\results\full181_supplement\server_baseline_snapshot\server_source_inventory.json,formal_msa,passed,matched_at_saved_precision,recomputed_server_original_unrelaxed_PDB
Native155,formal_msa,1,D:\IL-24(teeth）\phase2_release\results\full181_supplement\server_baseline_snapshot\results\12_complex_prediction\formal_msa\native_blind_seed1\boltz_results_native_blind_msa\predictions\native_blind_msa\native_blind_msa_model_0.pdb,complete,,H,CDR3,5,1,98;100;101;102;104,/home/xinlab/home/ws/phase2/results/12_complex_prediction/formal_msa/native_blind_seed1/boltz_results_native_blind_msa/predictions/native_blind_msa/native_blind_msa_model_0.pdb,/home/xinlab/home/ws/phase2/results/12_complex_prediction/formal_msa/native_blind_seed1/boltz_results_native_blind_msa/predictions/native_blind_msa/native_blind_msa_model_0.pdb,D:\IL-24(teeth）\phase2_release\results\full181_supplement\server_baseline_snapshot\server_source_inventory.json,formal_msa,passed,matched_at_saved_precision,recomputed_server_original_unrelaxed_PDB
Native155,formal_msa,1,D:\IL-24(teeth）\phase2_release\results\full181_supplement\server_baseline_snapshot\results\12_complex_prediction\formal_msa\native_blind_seed1\boltz_results_native_blind_msa\predictions\native_blind_msa\native_blind_msa_model_0.pdb,complete,,H,FR4,0,0,,/home/xinlab/home/ws/phase2/results/12_complex_prediction/formal_msa/native_blind_seed1/boltz_results_native_blind_msa/predictions/native_blind_msa/native_blind_msa_model_0.pdb,/home/xinlab/home/ws/phase2/results/12_complex_prediction/formal_msa/native_blind_seed1/boltz_results_native_blind_msa/predictions/native_blind_msa/native_blind_msa_model_0.pdb,D:\IL-24(teeth）\phase2_release\results\full181_supplement\server_baseline_snapshot\server_source_inventory.json,formal_msa,passed,matched_at_saved_precision,recomputed_server_original_unrelaxed_PDB
Native155,formal_msa,1,D:\IL-24(teeth）\phase2_release\results\full181_supplement\server_baseline_snapshot\results\12_complex_prediction\formal_msa\native_blind_seed1\boltz_results_native_blind_msa\predictions\native_blind_msa\native_blind_msa_model_0.pdb,complete,,L,FR1,0,0,,/home/xinlab/home/ws/phase2/results/12_complex_prediction/formal_msa/native_blind_seed1/boltz_results_native_blind_msa/predictions/native_blind_msa/native_blind_msa_model_0.pdb,/home/xinlab/home/ws/phase2/results/12_complex_prediction/formal_msa/native_blind_seed1/boltz_results_native_blind_msa/predictions/native_blind_msa/native_blind_msa_model_0.pdb,D:\IL-24(teeth）\phase2_release\results\full181_supplement\server_baseline_snapshot\server_source_inventory.json,formal_msa,passed,matched_at_saved_precision,recomputed_server_original_unrelaxed_PDB
Native155,formal_msa,1,D:\IL-24(teeth）\phase2_release\results\full181_supplement\server_baseline_snapshot\results\12_complex_prediction\formal_msa\native_blind_seed1\boltz_results_native_blind_msa\predictions\native_blind_msa\native_blind_msa_model_0.pdb,complete,,L,CDR1,4,1,28;30;31;32,/home/xinlab/home/ws/phase2/results/12_complex_prediction/formal_msa/native_blind_seed1/boltz_results_native_blind_msa/predictions/native_blind_msa/native_blind_msa_model_0.pdb,/home/xinlab/home/ws/phase2/results/12_complex_prediction/formal_msa/native_blind_seed1/boltz_results_native_blind_msa/predictions/native_blind_msa/native_blind_msa_model_0.pdb,D:\IL-24(teeth）\phase2_release\results\full181_supplement\server_baseline_snapshot\server_source_inventory.json,formal_msa,passed,matched_at_saved_precision,recomputed_server_original_unrelaxed_PDB
Native155,formal_msa,1,D:\IL-24(teeth）\phase2_release\results\full181_supplement\server_baseline_snapshot\results\12_complex_prediction\formal_msa\native_blind_seed1\boltz_results_native_blind_msa\predictions\native_blind_msa\native_blind_msa_model_0.pdb,complete,,L,FR2,0,0,,/home/xinlab/home/ws/phase2/results/12_complex_prediction/formal_msa/native_blind_seed1/boltz_results_native_blind_msa/predictions/native_blind_msa/native_blind_msa_model_0.pdb,/home/xinlab/home/ws/phase2/results/12_complex_prediction/formal_msa/native_blind_seed1/boltz_results_native_blind_msa/predictions/native_blind_msa/native_blind_msa_model_0.pdb,D:\IL-24(teeth）\phase2_release\results\full181_supplement\server_baseline_snapshot\server_source_inventory.json,formal_msa,passed,matched_at_saved_precision,recomputed_server_original_unrelaxed_PDB
Native155,formal_msa,1,D:\IL-24(teeth）\phase2_release\results\full181_supplement\server_baseline_snapshot\results\12_complex_prediction\formal_msa\native_blind_seed1\boltz_results_native_blind_msa\predictions\native_blind_msa\native_blind_msa_model_0.pdb,complete,,L,CDR2,1,1,50,/home/xinlab/home/ws/phase2/results/12_complex_prediction/formal_msa/native_blind_seed1/boltz_results_native_blind_msa/predictions/native_blind_msa/native_blind_msa_model_0.pdb,/home/xinlab/home/ws/phase2/results/12_complex_prediction/formal_msa/native_blind_seed1/boltz_results_native_blind_msa/predictions/native_blind_msa/native_blind_msa_model_0.pdb,D:\IL-24(teeth）\phase2_release\results\full181_supplement\server_baseline_snapshot\server_source_inventory.json,formal_msa,passed,matched_at_saved_precision,recomputed_server_original_unrelaxed_PDB
Native155,formal_msa,1,D:\IL-24(teeth）\phase2_release\results\full181_supplement\server_baseline_snapshot\results\12_complex_prediction\formal_msa\native_blind_seed1\boltz_results_native_blind_msa\predictions\native_blind_msa\native_blind_msa_model_0.pdb,complete,,L,FR3,0,0,,/home/xinlab/home/ws/phase2/results/12_complex_prediction/formal_msa/native_blind_seed1/boltz_results_native_blind_msa/predictions/native_blind_msa/native_blind_msa_model_0.pdb,/home/xinlab/home/ws/phase2/results/12_complex_prediction/formal_msa/native_blind_seed1/boltz_results_native_blind_msa/predictions/native_blind_msa/native_blind_msa_model_0.pdb,D:\IL-24(teeth）\phase2_release\results\full181_supplement\server_baseline_snapshot\server_source_inventory.json,formal_msa,passed,matched_at_saved_precision,recomputed_server_original_unrelaxed_PDB
Native155,formal_msa,1,D:\IL-24(teeth）\phase2_release\results\full181_supplement\server_baseline_snapshot\results\12_complex_prediction\formal_msa\native_blind_seed1\boltz_results_native_blind_msa\predictions\native_blind_msa\native_blind_msa_model_0.pdb,complete,,L,CDR3,4,1,90;91;93;95,/home/xinlab/home/ws/phase2/results/12_complex_prediction/formal_msa/native_blind_seed1/boltz_results_native_blind_msa/predictions/native_blind_msa/native_blind_msa_model_0.pdb,/home/xinlab/home/ws/phase2/results/12_complex_prediction/formal_msa/native_blind_seed1/boltz_results_native_blind_msa/predictions/native_blind_msa/native_blind_msa_model_0.pdb,D:\IL-24(teeth）\phase2_release\results\full181_supplement\server_baseline_snapshot\server_source_inventory.json,formal_msa,passed,matched_at_saved_precision,recomputed_server_original_unrelaxed_PDB
Native155,formal_msa,1,D:\IL-24(teeth）\phase2_release\results\full181_supplement\server_baseline_snapshot\results\12_complex_prediction\formal_msa\native_blind_seed1\boltz_results_native_blind_msa\predictions\native_blind_msa\native_blind_msa_model_0.pdb,complete,,L,FR4,0,0,,/home/xinlab/home/ws/phase2/results/12_complex_prediction/formal_msa/native_blind_seed1/boltz_results_native_blind_msa/predictions/native_blind_msa/native_blind_msa_model_0.pdb,/home/xinlab/home/ws/phase2/results/12_complex_prediction/formal_msa/native_blind_seed1/boltz_results_native_blind_msa/predictions/native_blind_msa/native_blind_msa_model_0.pdb,D:\IL-24(teeth）\phase2_release\results\full181_supplement\server_baseline_snapshot\server_source_inventory.json,formal_msa,passed,matched_at_saved_precision,recomputed_server_original_unrelaxed_PDB
Native155,formal_msa,2,D:\IL-24(teeth）\phase2_release\results\full181_supplement\server_baseline_snapshot\results\12_complex_prediction\formal_msa\native_blind_seed2\boltz_results_native_blind_msa\predictions\native_blind_msa\native_blind_msa_model_0.pdb,complete,,H,FR1,0,0,,/home/xinlab/home/ws/phase2/results/12_complex_prediction/formal_msa/native_blind_seed2/boltz_results_native_blind_msa/predictions/native_blind_msa/native_blind_msa_model_0.pdb,/home/xinlab/home/ws/phase2/results/12_complex_prediction/formal_msa/native_blind_seed2/boltz_results_native_blind_msa/predictions/native_blind_msa/native_blind_msa_model_0.pdb,D:\IL-24(teeth）\phase2_release\results\full181_supplement\server_baseline_snapshot\server_source_inventory.json,formal_msa,passed,matched_at_saved_precision,recomputed_server_original_unrelaxed_PDB
Native155,formal_msa,2,D:\IL-24(teeth）\phase2_release\results\full181_supplement\server_baseline_snapshot\results\12_complex_prediction\formal_msa\native_blind_seed2\boltz_results_native_blind_msa\predictions\native_blind_msa\native_blind_msa_model_0.pdb,complete,,H,CDR1,4,1,30;31;32;33,/home/xinlab/home/ws/phase2/results/12_complex_prediction/formal_msa/native_blind_seed2/boltz_results_native_blind_msa/predictions/native_blind_msa/native_blind_msa_model_0.pdb,/home/xinlab/home/ws/phase2/results/12_complex_prediction/formal_msa/native_blind_seed2/boltz_results_native_blind_msa/predictions/native_blind_msa/native_blind_msa_model_0.pdb,D:\IL-24(teeth）\phase2_release\results\full181_supplement\server_baseline_snapshot\server_source_inventory.json,formal_msa,passed,matched_at_saved_precision,recomputed_server_original_unrelaxed_PDB
Native155,formal_msa,2,D:\IL-24(teeth）\phase2_release\results\full181_supplement\server_baseline_snapshot\results\12_complex_prediction\formal_msa\native_blind_seed2\boltz_results_native_blind_msa\predictions\native_blind_msa\native_blind_msa_model_0.pdb,complete,,H,FR2,1,1,35,/home/xinlab/home/ws/phase2/results/12_complex_prediction/formal_msa/native_blind_seed2/boltz_results_native_blind_msa/predictions/native_blind_msa/native_blind_msa_model_0.pdb,/home/xinlab/home/ws/phase2/results/12_complex_prediction/formal_msa/native_blind_seed2/boltz_results_native_blind_msa/predictions/native_blind_msa/native_blind_msa_model_0.pdb,D:\IL-24(teeth）\phase2_release\results\full181_supplement\server_baseline_snapshot\server_source_inventory.json,formal_msa,passed,matched_at_saved_precision,recomputed_server_original_unrelaxed_PDB
Native155,formal_msa,2,D:\IL-24(teeth）\phase2_release\results\full181_supplement\server_baseline_snapshot\results\12_complex_prediction\formal_msa\native_blind_seed2\boltz_results_native_blind_msa\predictions\native_blind_msa\native_blind_msa_model_0.pdb,complete,,H,CDR2,3,1,50;52;53,/home/xinlab/home/ws/phase2/results/12_complex_prediction/formal_msa/native_blind_seed2/boltz_results_native_blind_msa/predictions/native_blind_msa/native_blind_msa_model_0.pdb,/home/xinlab/home/ws/phase2/results/12_complex_prediction/formal_msa/native_blind_seed2/boltz_results_native_blind_msa/predictions/native_blind_msa/native_blind_msa_model_0.pdb,D:\IL-24(teeth）\phase2_release\results\full181_supplement\server_baseline_snapshot\server_source_inventory.json,formal_msa,passed,matched_at_saved_precision,recomputed_server_original_unrelaxed_PDB
Native155,formal_msa,2,D:\IL-24(teeth）\phase2_release\results\full181_supplement\server_baseline_snapshot\results\12_complex_prediction\formal_msa\native_blind_seed2\boltz_results_native_blind_msa\predictions\native_blind_msa\native_blind_msa_model_0.pdb,complete,,H,FR3,1,1,58,/home/xinlab/home/ws/phase2/results/12_complex_prediction/formal_msa/native_blind_seed2/boltz_results_native_blind_msa/predictions/native_blind_msa/native_blind_msa_model_0.pdb,/home/xinlab/home/ws/phase2/results/12_complex_prediction/formal_msa/native_blind_seed2/boltz_results_native_blind_msa/predictions/native_blind_msa/native_blind_msa_model_0.pdb,D:\IL-24(teeth）\phase2_release\results\full181_supplement\server_baseline_snapshot\server_source_inventory.json,formal_msa,passed,matched_at_saved_precision,recomputed_server_original_unrelaxed_PDB
Native155,formal_msa,2,D:\IL-24(teeth）\phase2_release\results\full181_supplement\server_baseline_snapshot\results\12_complex_prediction\formal_msa\native_blind_seed2\boltz_results_native_blind_msa\predictions\native_blind_msa\native_blind_msa_model_0.pdb,complete,,H,CDR3,5,1,98;100;101;102;104,/home/xinlab/home/ws/phase2/results/12_complex_prediction/formal_msa/native_blind_seed2/boltz_results_native_blind_msa/predictions/native_blind_msa/native_blind_msa_model_0.pdb,/home/xinlab/home/ws/phase2/results/12_complex_prediction/formal_msa/native_blind_seed2/boltz_results_native_blind_msa/predictions/native_blind_msa/native_blind_msa_model_0.pdb,D:\IL-24(teeth）\phase2_release\results\full181_supplement\server_baseline_snapshot\server_source_inventory.json,formal_msa,passed,matched_at_saved_precision,recomputed_server_original_unrelaxed_PDB
Native155,formal_msa,2,D:\IL-24(teeth）\phase2_release\results\full181_supplement\server_baseline_snapshot\results\12_complex_prediction\formal_msa\native_blind_seed2\boltz_results_native_blind_msa\predictions\native_blind_msa\native_blind_msa_model_0.pdb,complete,,H,FR4,0,0,,/home/xinlab/home/ws/phase2/results/12_complex_prediction/formal_msa/native_blind_seed2/boltz_results_native_blind_msa/predictions/native_blind_msa/native_blind_msa_model_0.pdb,/home/xinlab/home/ws/phase2/results/12_complex_prediction/formal_msa/native_blind_seed2/boltz_results_native_blind_msa/predictions/native_blind_msa/native_blind_msa_model_0.pdb,D:\IL-24(teeth）\phase2_release\results\full181_supplement\server_baseline_snapshot\server_source_inventory.json,formal_msa,passed,matched_at_saved_precision,recomputed_server_original_unrelaxed_PDB
Native155,formal_msa,2,D:\IL-24(teeth）\phase2_release\results\full181_supplement\server_baseline_snapshot\results\12_complex_prediction\formal_msa\native_blind_seed2\boltz_results_native_blind_msa\predictions\native_blind_msa\native_blind_msa_model_0.pdb,complete,,L,FR1,0,0,,/home/xinlab/home/ws/phase2/results/12_complex_prediction/formal_msa/native_blind_seed2/boltz_results_native_blind_msa/predictions/native_blind_msa/native_blind_msa_model_0.pdb,/home/xinlab/home/ws/phase2/results/12_complex_prediction/formal_msa/native_blind_seed2/boltz_results_native_blind_msa/predictions/native_blind_msa/native_blind_msa_model_0.pdb,D:\IL-24(teeth）\phase2_release\results\full181_supplement\server_baseline_snapshot\server_source_inventory.json,formal_msa,passed,matched_at_saved_precision,recomputed_server_original_unrelaxed_PDB
Native155,formal_msa,2,D:\IL-24(teeth）\phase2_release\results\full181_supplement\server_baseline_snapshot\results\12_complex_prediction\formal_msa\native_blind_seed2\boltz_results_native_blind_msa\predictions\native_blind_msa\native_blind_msa_model_0.pdb,complete,,L,CDR1,0,0,,/home/xinlab/home/ws/phase2/results/12_complex_prediction/formal_msa/native_blind_seed2/boltz_results_native_blind_msa/predictions/native_blind_msa/native_blind_msa_model_0.pdb,/home/xinlab/home/ws/phase2/results/12_complex_prediction/formal_msa/native_blind_seed2/boltz_results_native_blind_msa/predictions/native_blind_msa/native_blind_msa_model_0.pdb,D:\IL-24(teeth）\phase2_release\results\full181_supplement\server_baseline_snapshot\server_source_inventory.json,formal_msa,passed,matched_at_saved_precision,recomputed_server_original_unrelaxed_PDB
Native155,formal_msa,2,D:\IL-24(teeth）\phase2_release\results\full181_supplement\server_baseline_snapshot\results\12_complex_prediction\formal_msa\native_blind_seed2\boltz_results_native_blind_msa\predictions\native_blind_msa\native_blind_msa_model_0.pdb,complete,,L,FR2,0,0,,/home/xinlab/home/ws/phase2/results/12_complex_prediction/formal_msa/native_blind_seed2/boltz_results_native_blind_msa/predictions/native_blind_msa/native_blind_msa_model_0.pdb,/home/xinlab/home/ws/phase2/results/12_complex_prediction/formal_msa/native_blind_seed2/boltz_results_native_blind_msa/predictions/native_blind_msa/native_blind_msa_model_0.pdb,D:\IL-24(teeth）\phase2_release\results\full181_supplement\server_baseline_snapshot\server_source_inventory.json,formal_msa,passed,matched_at_saved_precision,recomputed_server_original_unrelaxed_PDB
Native155,formal_msa,2,D:\IL-24(teeth）\phase2_release\results\full181_supplement\server_baseline_snapshot\results\12_complex_prediction\formal_msa\native_blind_seed2\boltz_results_native_blind_msa\predictions\native_blind_msa\native_blind_msa_model_0.pdb,complete,,L,CDR2,1,1,50,/home/xinlab/home/ws/phase2/results/12_complex_prediction/formal_msa/native_blind_seed2/boltz_results_native_blind_msa/predictions/native_blind_msa/native_blind_msa_model_0.pdb,/home/xinlab/home/ws/phase2/results/12_complex_prediction/formal_msa/native_blind_seed2/boltz_results_native_blind_msa/predictions/native_blind_msa/native_blind_msa_model_0.pdb,D:\IL-24(teeth）\phase2_release\results\full181_supplement\server_baseline_snapshot\server_source_inventory.json,formal_msa,passed,matched_at_saved_precision,recomputed_server_original_unrelaxed_PDB
Native155,formal_msa,2,D:\IL-24(teeth）\phase2_release\results\full181_supplement\server_baseline_snapshot\results\12_complex_prediction\formal_msa\native_blind_seed2\boltz_results_native_blind_msa\predictions\native_blind_msa\native_blind_msa_model_0.pdb,complete,,L,FR3,1,1,53,/home/xinlab/home/ws/phase2/results/12_complex_prediction/formal_msa/native_blind_seed2/boltz_results_native_blind_msa/predictions/native_blind_msa/native_blind_msa_model_0.pdb,/home/xinlab/home/ws/phase2/results/12_complex_prediction/formal_msa/native_blind_seed2/boltz_results_native_blind_msa/predictions/native_blind_msa/native_blind_msa_model_0.pdb,D:\IL-24(teeth）\phase2_release\results\full181_supplement\server_baseline_snapshot\server_source_inventory.json,formal_msa,passed,matched_at_saved_precision,recomputed_server_original_unrelaxed_PDB
Native155,formal_msa,2,D:\IL-24(teeth）\phase2_release\results\full181_supplement\server_baseline_snapshot\results\12_complex_prediction\formal_msa\native_blind_seed2\boltz_results_native_blind_msa\predictions\native_blind_msa\native_blind_msa_model_0.pdb,complete,,L,CDR3,4,1,91;92;93;95,/home/xinlab/home/ws/phase2/results/12_complex_prediction/formal_msa/native_blind_seed2/boltz_results_native_blind_msa/predictions/native_blind_msa/native_blind_msa_model_0.pdb,/home/xinlab/home/ws/phase2/results/12_complex_prediction/formal_msa/native_blind_seed2/boltz_results_native_blind_msa/predictions/native_blind_msa/native_blind_msa_model_0.pdb,D:\IL-24(teeth）\phase2_release\results\full181_supplement\server_baseline_snapshot\server_source_inventory.json,formal_msa,passed,matched_at_saved_precision,recomputed_server_original_unrelaxed_PDB
Native155,formal_msa,2,D:\IL-24(teeth）\phase2_release\results\full181_supplement\server_baseline_snapshot\results\12_complex_prediction\formal_msa\native_blind_seed2\boltz_results_native_blind_msa\predictions\native_blind_msa\native_blind_msa_model_0.pdb,complete,,L,FR4,0,0,,/home/xinlab/home/ws/phase2/results/12_complex_prediction/formal_msa/native_blind_seed2/boltz_results_native_blind_msa/predictions/native_blind_msa/native_blind_msa_model_0.pdb,/home/xinlab/home/ws/phase2/results/12_complex_prediction/formal_msa/native_blind_seed2/boltz_results_native_blind_msa/predictions/native_blind_msa/native_blind_msa_model_0.pdb,D:\IL-24(teeth）\phase2_release\results\full181_supplement\server_baseline_snapshot\server_source_inventory.json,formal_msa,passed,matched_at_saved_precision,recomputed_server_original_unrelaxed_PDB
Native155,formal_msa,3,D:\IL-24(teeth）\phase2_release\results\full181_supplement\server_baseline_snapshot\results\12_complex_prediction\formal_msa\native_blind_seed3\boltz_results_native_blind_msa\predictions\native_blind_msa\native_blind_msa_model_0.pdb,complete,,H,FR1,0,0,,/home/xinlab/home/ws/phase2/results/12_complex_prediction/formal_msa/native_blind_seed3/boltz_results_native_blind_msa/predictions/native_blind_msa/native_blind_msa_model_0.pdb,/home/xinlab/home/ws/phase2/results/12_complex_prediction/formal_msa/native_blind_seed3/boltz_results_native_blind_msa/predictions/native_blind_msa/native_blind_msa_model_0.pdb,D:\IL-24(teeth）\phase2_release\results\full181_supplement\server_baseline_snapshot\server_source_inventory.json,formal_msa,passed,matched_at_saved_precision,recomputed_server_original_unrelaxed_PDB
Native155,formal_msa,3,D:\IL-24(teeth）\phase2_release\results\full181_supplement\server_baseline_snapshot\results\12_complex_prediction\formal_msa\native_blind_seed3\boltz_results_native_blind_msa\predictions\native_blind_msa\native_blind_msa_model_0.pdb,complete,,H,CDR1,4,1,30;31;32;33,/home/xinlab/home/ws/phase2/results/12_complex_prediction/formal_msa/native_blind_seed3/boltz_results_native_blind_msa/predictions/native_blind_msa/native_blind_msa_model_0.pdb,/home/xinlab/home/ws/phase2/results/12_complex_prediction/formal_msa/native_blind_seed3/boltz_results_native_blind_msa/predictions/native_blind_msa/native_blind_msa_model_0.pdb,D:\IL-24(teeth）\phase2_release\results\full181_supplement\server_baseline_snapshot\server_source_inventory.json,formal_msa,passed,matched_at_saved_precision,recomputed_server_original_unrelaxed_PDB
Native155,formal_msa,3,D:\IL-24(teeth）\phase2_release\results\full181_supplement\server_baseline_snapshot\results\12_complex_prediction\formal_msa\native_blind_seed3\boltz_results_native_blind_msa\predictions\native_blind_msa\native_blind_msa_model_0.pdb,complete,,H,FR2,1,1,35,/home/xinlab/home/ws/phase2/results/12_complex_prediction/formal_msa/native_blind_seed3/boltz_results_native_blind_msa/predictions/native_blind_msa/native_blind_msa_model_0.pdb,/home/xinlab/home/ws/phase2/results/12_complex_prediction/formal_msa/native_blind_seed3/boltz_results_native_blind_msa/predictions/native_blind_msa/native_blind_msa_model_0.pdb,D:\IL-24(teeth）\phase2_release\results\full181_supplement\server_baseline_snapshot\server_source_inventory.json,formal_msa,passed,matched_at_saved_precision,recomputed_server_original_unrelaxed_PDB
Native155,formal_msa,3,D:\IL-24(teeth）\phase2_release\results\full181_supplement\server_baseline_snapshot\results\12_complex_prediction\formal_msa\native_blind_seed3\boltz_results_native_blind_msa\predictions\native_blind_msa\native_blind_msa_model_0.pdb,complete,,H,CDR2,3,1,50;54;56,/home/xinlab/home/ws/phase2/results/12_complex_prediction/formal_msa/native_blind_seed3/boltz_results_native_blind_msa/predictions/native_blind_msa/native_blind_msa_model_0.pdb,/home/xinlab/home/ws/phase2/results/12_complex_prediction/formal_msa/native_blind_seed3/boltz_results_native_blind_msa/predictions/native_blind_msa/native_blind_msa_model_0.pdb,D:\IL-24(teeth）\phase2_release\results\full181_supplement\server_baseline_snapshot\server_source_inventory.json,formal_msa,passed,matched_at_saved_precision,recomputed_server_original_unrelaxed_PDB
Native155,formal_msa,3,D:\IL-24(teeth）\phase2_release\results\full181_supplement\server_baseline_snapshot\results\12_complex_prediction\formal_msa\native_blind_seed3\boltz_results_native_blind_msa\predictions\native_blind_msa\native_blind_msa_model_0.pdb,complete,,H,FR3,3,1,58;61;64,/home/xinlab/home/ws/phase2/results/12_complex_prediction/formal_msa/native_blind_seed3/boltz_results_native_blind_msa/predictions/native_blind_msa/native_blind_msa_model_0.pdb,/home/xinlab/home/ws/phase2/results/12_complex_prediction/formal_msa/native_blind_seed3/boltz_results_native_blind_msa/predictions/native_blind_msa/native_blind_msa_model_0.pdb,D:\IL-24(teeth）\phase2_release\results\full181_supplement\server_baseline_snapshot\server_source_inventory.json,formal_msa,passed,matched_at_saved_precision,recomputed_server_original_unrelaxed_PDB
Native155,formal_msa,3,D:\IL-24(teeth）\phase2_release\results\full181_supplement\server_baseline_snapshot\results\12_complex_prediction\formal_msa\native_blind_seed3\boltz_results_native_blind_msa\predictions\native_blind_msa\native_blind_msa_model_0.pdb,complete,,H,CDR3,6,1,98;99;100;101;102;104,/home/xinlab/home/ws/phase2/results/12_complex_prediction/formal_msa/native_blind_seed3/boltz_results_native_blind_msa/predictions/native_blind_msa/native_blind_msa_model_0.pdb,/home/xinlab/home/ws/phase2/results/12_complex_prediction/formal_msa/native_blind_seed3/boltz_results_native_blind_msa/predictions/native_blind_msa/native_blind_msa_model_0.pdb,D:\IL-24(teeth）\phase2_release\results\full181_supplement\server_baseline_snapshot\server_source_inventory.json,formal_msa,passed,matched_at_saved_precision,recomputed_server_original_unrelaxed_PDB
Native155,formal_msa,3,D:\IL-24(teeth）\phase2_release\results\full181_supplement\server_baseline_snapshot\results\12_complex_prediction\formal_msa\native_blind_seed3\boltz_results_native_blind_msa\predictions\native_blind_msa\native_blind_msa_model_0.pdb,complete,,H,FR4,0,0,,/home/xinlab/home/ws/phase2/results/12_complex_prediction/formal_msa/native_blind_seed3/boltz_results_native_blind_msa/predictions/native_blind_msa/native_blind_msa_model_0.pdb,/home/xinlab/home/ws/phase2/results/12_complex_prediction/formal_msa/native_blind_seed3/boltz_results_native_blind_msa/predictions/native_blind_msa/native_blind_msa_model_0.pdb,D:\IL-24(teeth）\phase2_release\results\full181_supplement\server_baseline_snapshot\server_source_inventory.json,formal_msa,passed,matched_at_saved_precision,recomputed_server_original_unrelaxed_PDB
Native155,formal_msa,3,D:\IL-24(teeth）\phase2_release\results\full181_supplement\server_baseline_snapshot\results\12_complex_prediction\formal_msa\native_blind_seed3\boltz_results_native_blind_msa\predictions\native_blind_msa\native_blind_msa_model_0.pdb,complete,,L,FR1,0,0,,/home/xinlab/home/ws/phase2/results/12_complex_prediction/formal_msa/native_blind_seed3/boltz_results_native_blind_msa/predictions/native_blind_msa/native_blind_msa_model_0.pdb,/home/xinlab/home/ws/phase2/results/12_complex_prediction/formal_msa/native_blind_seed3/boltz_results_native_blind_msa/predictions/native_blind_msa/native_blind_msa_model_0.pdb,D:\IL-24(teeth）\phase2_release\results\full181_supplement\server_baseline_snapshot\server_source_inventory.json,formal_msa,passed,matched_at_saved_precision,recomputed_server_original_unrelaxed_PDB
Native155,formal_msa,3,D:\IL-24(teeth）\phase2_release\results\full181_supplement\server_baseline_snapshot\results\12_complex_prediction\formal_msa\native_blind_seed3\boltz_results_native_blind_msa\predictions\native_blind_msa\native_blind_msa_model_0.pdb,complete,,L,CDR1,3,1,29;31;32,/home/xinlab/home/ws/phase2/results/12_complex_prediction/formal_msa/native_blind_seed3/boltz_results_native_blind_msa/predictions/native_blind_msa/native_blind_msa_model_0.pdb,/home/xinlab/home/ws/phase2/results/12_complex_prediction/formal_msa/native_blind_seed3/boltz_results_native_blind_msa/predictions/native_blind_msa/native_blind_msa_model_0.pdb,D:\IL-24(teeth）\phase2_release\results\full181_supplement\server_baseline_snapshot\server_source_inventory.json,formal_msa,passed,matched_at_saved_precision,recomputed_server_original_unrelaxed_PDB
Native155,formal_msa,3,D:\IL-24(teeth）\phase2_release\results\full181_supplement\server_baseline_snapshot\results\12_complex_prediction\formal_msa\native_blind_seed3\boltz_results_native_blind_msa\predictions\native_blind_msa\native_blind_msa_model_0.pdb,complete,,L,FR2,0,0,,/home/xinlab/home/ws/phase2/results/12_complex_prediction/formal_msa/native_blind_seed3/boltz_results_native_blind_msa/predictions/native_blind_msa/native_blind_msa_model_0.pdb,/home/xinlab/home/ws/phase2/results/12_complex_prediction/formal_msa/native_blind_seed3/boltz_results_native_blind_msa/predictions/native_blind_msa/native_blind_msa_model_0.pdb,D:\IL-24(teeth）\phase2_release\results\full181_supplement\server_baseline_snapshot\server_source_inventory.json,formal_msa,passed,matched_at_saved_precision,recomputed_server_original_unrelaxed_PDB
Native155,formal_msa,3,D:\IL-24(teeth）\phase2_release\results\full181_supplement\server_baseline_snapshot\results\12_complex_prediction\formal_msa\native_blind_seed3\boltz_results_native_blind_msa\predictions\native_blind_msa\native_blind_msa_model_0.pdb,complete,,L,CDR2,1,1,50,/home/xinlab/home/ws/phase2/results/12_complex_prediction/formal_msa/native_blind_seed3/boltz_results_native_blind_msa/predictions/native_blind_msa/native_blind_msa_model_0.pdb,/home/xinlab/home/ws/phase2/results/12_complex_prediction/formal_msa/native_blind_seed3/boltz_results_native_blind_msa/predictions/native_blind_msa/native_blind_msa_model_0.pdb,D:\IL-24(teeth）\phase2_release\results\full181_supplement\server_baseline_snapshot\server_source_inventory.json,formal_msa,passed,matched_at_saved_precision,recomputed_server_original_unrelaxed_PDB
Native155,formal_msa,3,D:\IL-24(teeth）\phase2_release\results\full181_supplement\server_baseline_snapshot\results\12_complex_prediction\formal_msa\native_blind_seed3\boltz_results_native_blind_msa\predictions\native_blind_msa\native_blind_msa_model_0.pdb,complete,,L,FR3,0,0,,/home/xinlab/home/ws/phase2/results/12_complex_prediction/formal_msa/native_blind_seed3/boltz_results_native_blind_msa/predictions/native_blind_msa/native_blind_msa_model_0.pdb,/home/xinlab/home/ws/phase2/results/12_complex_prediction/formal_msa/native_blind_seed3/boltz_results_native_blind_msa/predictions/native_blind_msa/native_blind_msa_model_0.pdb,D:\IL-24(teeth）\phase2_release\results\full181_supplement\server_baseline_snapshot\server_source_inventory.json,formal_msa,passed,matched_at_saved_precision,recomputed_server_original_unrelaxed_PDB
Native155,formal_msa,3,D:\IL-24(teeth）\phase2_release\results\full181_supplement\server_baseline_snapshot\results\12_complex_prediction\formal_msa\native_blind_seed3\boltz_results_native_blind_msa\predictions\native_blind_msa\native_blind_msa_model_0.pdb,complete,,L,CDR3,5,1,90;91;92;93;95,/home/xinlab/home/ws/phase2/results/12_complex_prediction/formal_msa/native_blind_seed3/boltz_results_native_blind_msa/predictions/native_blind_msa/native_blind_msa_model_0.pdb,/home/xinlab/home/ws/phase2/results/12_complex_prediction/formal_msa/native_blind_seed3/boltz_results_native_blind_msa/predictions/native_blind_msa/native_blind_msa_model_0.pdb,D:\IL-24(teeth）\phase2_release\results\full181_supplement\server_baseline_snapshot\server_source_inventory.json,formal_msa,passed,matched_at_saved_precision,recomputed_server_original_unrelaxed_PDB
Native155,formal_msa,3,D:\IL-24(teeth）\phase2_release\results\full181_supplement\server_baseline_snapshot\results\12_complex_prediction\formal_msa\native_blind_seed3\boltz_results_native_blind_msa\predictions\native_blind_msa\native_blind_msa_model_0.pdb,complete,,L,FR4,0,0,,/home/xinlab/home/ws/phase2/results/12_complex_prediction/formal_msa/native_blind_seed3/boltz_results_native_blind_msa/predictions/native_blind_msa/native_blind_msa_model_0.pdb,/home/xinlab/home/ws/phase2/results/12_complex_prediction/formal_msa/native_blind_seed3/boltz_results_native_blind_msa/predictions/native_blind_msa/native_blind_msa_model_0.pdb,D:\IL-24(teeth）\phase2_release\results\full181_supplement\server_baseline_snapshot\server_source_inventory.json,formal_msa,passed,matched_at_saved_precision,recomputed_server_original_unrelaxed_PDB
Native155,formal_msa,4,D:\IL-24(teeth）\phase2_release\results\full181_supplement\server_baseline_snapshot\results\12_complex_prediction\formal_msa\native_blind_seed4\boltz_results_native_blind_msa\predictions\native_blind_msa\native_blind_msa_model_0.pdb,complete,,H,FR1,0,0,,/home/xinlab/home/ws/phase2/results/12_complex_prediction/formal_msa/native_blind_seed4/boltz_results_native_blind_msa/predictions/native_blind_msa/native_blind_msa_model_0.pdb,/home/xinlab/home/ws/phase2/results/12_complex_prediction/formal_msa/native_blind_seed4/boltz_results_native_blind_msa/predictions/native_blind_msa/native_blind_msa_model_0.pdb,D:\IL-24(teeth）\phase2_release\results\full181_supplement\server_baseline_snapshot\server_source_inventory.json,formal_msa,passed,matched_at_saved_precision,recomputed_server_original_unrelaxed_PDB
Native155,formal_msa,4,D:\IL-24(teeth）\phase2_release\results\full181_supplement\server_baseline_snapshot\results\12_complex_prediction\formal_msa\native_blind_seed4\boltz_results_native_blind_msa\predictions\native_blind_msa\native_blind_msa_model_0.pdb,complete,,H,CDR1,4,1,30;31;32;33,/home/xinlab/home/ws/phase2/results/12_complex_prediction/formal_msa/native_blind_seed4/boltz_results_native_blind_msa/predictions/native_blind_msa/native_blind_msa_model_0.pdb,/home/xinlab/home/ws/phase2/results/12_complex_prediction/formal_msa/native_blind_seed4/boltz_results_native_blind_msa/predictions/native_blind_msa/native_blind_msa_model_0.pdb,D:\IL-24(teeth）\phase2_release\results\full181_supplement\server_baseline_snapshot\server_source_inventory.json,formal_msa,passed,matched_at_saved_precision,recomputed_server_original_unrelaxed_PDB
Native155,formal_msa,4,D:\IL-24(teeth）\phase2_release\results\full181_supplement\server_baseline_snapshot\results\12_complex_prediction\formal_msa\native_blind_seed4\boltz_results_native_blind_msa\predictions\native_blind_msa\native_blind_msa_model_0.pdb,complete,,H,FR2,1,1,35,/home/xinlab/home/ws/phase2/results/12_complex_prediction/formal_msa/native_blind_seed4/boltz_results_native_blind_msa/predictions/native_blind_msa/native_blind_msa_model_0.pdb,/home/xinlab/home/ws/phase2/results/12_complex_prediction/formal_msa/native_blind_seed4/boltz_results_native_blind_msa/predictions/native_blind_msa/native_blind_msa_model_0.pdb,D:\IL-24(teeth）\phase2_release\results\full181_supplement\server_baseline_snapshot\server_source_inventory.json,formal_msa,passed,matched_at_saved_precision,recomputed_server_original_unrelaxed_PDB
Native155,formal_msa,4,D:\IL-24(teeth）\phase2_release\results\full181_supplement\server_baseline_snapshot\results\12_complex_prediction\formal_msa\native_blind_seed4\boltz_results_native_blind_msa\predictions\native_blind_msa\native_blind_msa_model_0.pdb,complete,,H,CDR2,5,1,51;52;53;54;56,/home/xinlab/home/ws/phase2/results/12_complex_prediction/formal_msa/native_blind_seed4/boltz_results_native_blind_msa/predictions/native_blind_msa/native_blind_msa_model_0.pdb,/home/xinlab/home/ws/phase2/results/12_complex_prediction/formal_msa/native_blind_seed4/boltz_results_native_blind_msa/predictions/native_blind_msa/native_blind_msa_model_0.pdb,D:\IL-24(teeth）\phase2_release\results\full181_supplement\server_baseline_snapshot\server_source_inventory.json,formal_msa,passed,matched_at_saved_precision,recomputed_server_original_unrelaxed_PDB
Native155,formal_msa,4,D:\IL-24(teeth）\phase2_release\results\full181_supplement\server_baseline_snapshot\results\12_complex_prediction\formal_msa\native_blind_seed4\boltz_results_native_blind_msa\predictions\native_blind_msa\native_blind_msa_model_0.pdb,complete,,H,FR3,1,1,71,/home/xinlab/home/ws/phase2/results/12_complex_prediction/formal_msa/native_blind_seed4/boltz_results_native_blind_msa/predictions/native_blind_msa/native_blind_msa_model_0.pdb,/home/xinlab/home/ws/phase2/results/12_complex_prediction/formal_msa/native_blind_seed4/boltz_results_native_blind_msa/predictions/native_blind_msa/native_blind_msa_model_0.pdb,D:\IL-24(teeth）\phase2_release\results\full181_supplement\server_baseline_snapshot\server_source_inventory.json,formal_msa,passed,matched_at_saved_precision,recomputed_server_original_unrelaxed_PDB
Native155,formal_msa,4,D:\IL-24(teeth）\phase2_release\results\full181_supplement\server_baseline_snapshot\results\12_complex_prediction\formal_msa\native_blind_seed4\boltz_results_native_blind_msa\predictions\native_blind_msa\native_blind_msa_model_0.pdb,complete,,H,CDR3,6,1,98;99;100;101;102;104,/home/xinlab/home/ws/phase2/results/12_complex_prediction/formal_msa/native_blind_seed4/boltz_results_native_blind_msa/predictions/native_blind_msa/native_blind_msa_model_0.pdb,/home/xinlab/home/ws/phase2/results/12_complex_prediction/formal_msa/native_blind_seed4/boltz_results_native_blind_msa/predictions/native_blind_msa/native_blind_msa_model_0.pdb,D:\IL-24(teeth）\phase2_release\results\full181_supplement\server_baseline_snapshot\server_source_inventory.json,formal_msa,passed,matched_at_saved_precision,recomputed_server_original_unrelaxed_PDB
Native155,formal_msa,4,D:\IL-24(teeth）\phase2_release\results\full181_supplement\server_baseline_snapshot\results\12_complex_prediction\formal_msa\native_blind_seed4\boltz_results_native_blind_msa\predictions\native_blind_msa\native_blind_msa_model_0.pdb,complete,,H,FR4,0,0,,/home/xinlab/home/ws/phase2/results/12_complex_prediction/formal_msa/native_blind_seed4/boltz_results_native_blind_msa/predictions/native_blind_msa/native_blind_msa_model_0.pdb,/home/xinlab/home/ws/phase2/results/12_complex_prediction/formal_msa/native_blind_seed4/boltz_results_native_blind_msa/predictions/native_blind_msa/native_blind_msa_model_0.pdb,D:\IL-24(teeth）\phase2_release\results\full181_supplement\server_baseline_snapshot\server_source_inventory.json,formal_msa,passed,matched_at_saved_precision,recomputed_server_original_unrelaxed_PDB
Native155,formal_msa,4,D:\IL-24(teeth）\phase2_release\results\full181_supplement\server_baseline_snapshot\results\12_complex_prediction\formal_msa\native_blind_seed4\boltz_results_native_blind_msa\predictions\native_blind_msa\native_blind_msa_model_0.pdb,complete,,L,FR1,0,0,,/home/xinlab/home/ws/phase2/results/12_complex_prediction/formal_msa/native_blind_seed4/boltz_results_native_blind_msa/predictions/native_blind_msa/native_blind_msa_model_0.pdb,/home/xinlab/home/ws/phase2/results/12_complex_prediction/formal_msa/native_blind_seed4/boltz_results_native_blind_msa/predictions/native_blind_msa/native_blind_msa_model_0.pdb,D:\IL-24(teeth）\phase2_release\results\full181_supplement\server_baseline_snapshot\server_source_inventory.json,formal_msa,passed,matched_at_saved_precision,recomputed_server_original_unrelaxed_PDB
Native155,formal_msa,4,D:\IL-24(teeth）\phase2_release\results\full181_supplement\server_baseline_snapshot\results\12_complex_prediction\formal_msa\native_blind_seed4\boltz_results_native_blind_msa\predictions\native_blind_msa\native_blind_msa_model_0.pdb,complete,,L,CDR1,4,1,29;30;31;32,/home/xinlab/home/ws/phase2/results/12_complex_prediction/formal_msa/native_blind_seed4/boltz_results_native_blind_msa/predictions/native_blind_msa/native_blind_msa_model_0.pdb,/home/xinlab/home/ws/phase2/results/12_complex_prediction/formal_msa/native_blind_seed4/boltz_results_native_blind_msa/predictions/native_blind_msa/native_blind_msa_model_0.pdb,D:\IL-24(teeth）\phase2_release\results\full181_supplement\server_baseline_snapshot\server_source_inventory.json,formal_msa,passed,matched_at_saved_precision,recomputed_server_original_unrelaxed_PDB
Native155,formal_msa,4,D:\IL-24(teeth）\phase2_release\results\full181_supplement\server_baseline_snapshot\results\12_complex_prediction\formal_msa\native_blind_seed4\boltz_results_native_blind_msa\predictions\native_blind_msa\native_blind_msa_model_0.pdb,complete,,L,FR2,0,0,,/home/xinlab/home/ws/phase2/results/12_complex_prediction/formal_msa/native_blind_seed4/boltz_results_native_blind_msa/predictions/native_blind_msa/native_blind_msa_model_0.pdb,/home/xinlab/home/ws/phase2/results/12_complex_prediction/formal_msa/native_blind_seed4/boltz_results_native_blind_msa/predictions/native_blind_msa/native_blind_msa_model_0.pdb,D:\IL-24(teeth）\phase2_release\results\full181_supplement\server_baseline_snapshot\server_source_inventory.json,formal_msa,passed,matched_at_saved_precision,recomputed_server_original_unrelaxed_PDB
Native155,formal_msa,4,D:\IL-24(teeth）\phase2_release\results\full181_supplement\server_baseline_snapshot\results\12_complex_prediction\formal_msa\native_blind_seed4\boltz_results_native_blind_msa\predictions\native_blind_msa\native_blind_msa_model_0.pdb,complete,,L,CDR2,1,1,50,/home/xinlab/home/ws/phase2/results/12_complex_prediction/formal_msa/native_blind_seed4/boltz_results_native_blind_msa/predictions/native_blind_msa/native_blind_msa_model_0.pdb,/home/xinlab/home/ws/phase2/results/12_complex_prediction/formal_msa/native_blind_seed4/boltz_results_native_blind_msa/predictions/native_blind_msa/native_blind_msa_model_0.pdb,D:\IL-24(teeth）\phase2_release\results\full181_supplement\server_baseline_snapshot\server_source_inventory.json,formal_msa,passed,matched_at_saved_precision,recomputed_server_original_unrelaxed_PDB
Native155,formal_msa,4,D:\IL-24(teeth）\phase2_release\results\full181_supplement\server_baseline_snapshot\results\12_complex_prediction\formal_msa\native_blind_seed4\boltz_results_native_blind_msa\predictions\native_blind_msa\native_blind_msa_model_0.pdb,complete,,L,FR3,1,1,53,/home/xinlab/home/ws/phase2/results/12_complex_prediction/formal_msa/native_blind_seed4/boltz_results_native_blind_msa/predictions/native_blind_msa/native_blind_msa_model_0.pdb,/home/xinlab/home/ws/phase2/results/12_complex_prediction/formal_msa/native_blind_seed4/boltz_results_native_blind_msa/predictions/native_blind_msa/native_blind_msa_model_0.pdb,D:\IL-24(teeth）\phase2_release\results\full181_supplement\server_baseline_snapshot\server_source_inventory.json,formal_msa,passed,matched_at_saved_precision,recomputed_server_original_unrelaxed_PDB
Native155,formal_msa,4,D:\IL-24(teeth）\phase2_release\results\full181_supplement\server_baseline_snapshot\results\12_complex_prediction\formal_msa\native_blind_seed4\boltz_results_native_blind_msa\predictions\native_blind_msa\native_blind_msa_model_0.pdb,complete,,L,CDR3,5,1,90;91;92;93;95,/home/xinlab/home/ws/phase2/results/12_complex_prediction/formal_msa/native_blind_seed4/boltz_results_native_blind_msa/predictions/native_blind_msa/native_blind_msa_model_0.pdb,/home/xinlab/home/ws/phase2/results/12_complex_prediction/formal_msa/native_blind_seed4/boltz_results_native_blind_msa/predictions/native_blind_msa/native_blind_msa_model_0.pdb,D:\IL-24(teeth）\phase2_release\results\full181_supplement\server_baseline_snapshot\server_source_inventory.json,formal_msa,passed,matched_at_saved_precision,recomputed_server_original_unrelaxed_PDB
Native155,formal_msa,4,D:\IL-24(teeth）\phase2_release\results\full181_supplement\server_baseline_snapshot\results\12_complex_prediction\formal_msa\native_blind_seed4\boltz_results_native_blind_msa\predictions\native_blind_msa\native_blind_msa_model_0.pdb,complete,,L,FR4,0,0,,/home/xinlab/home/ws/phase2/results/12_complex_prediction/formal_msa/native_blind_seed4/boltz_results_native_blind_msa/predictions/native_blind_msa/native_blind_msa_model_0.pdb,/home/xinlab/home/ws/phase2/results/12_complex_prediction/formal_msa/native_blind_seed4/boltz_results_native_blind_msa/predictions/native_blind_msa/native_blind_msa_model_0.pdb,D:\IL-24(teeth）\phase2_release\results\full181_supplement\server_baseline_snapshot\server_source_inventory.json,formal_msa,passed,matched_at_saved_precision,recomputed_server_original_unrelaxed_PDB
Native155,formal_msa,5,D:\IL-24(teeth）\phase2_release\results\full181_supplement\server_baseline_snapshot\results\12_complex_prediction\formal_msa\native_blind_seed5\boltz_results_native_blind_msa\predictions\native_blind_msa\native_blind_msa_model_0.pdb,complete,,H,FR1,0,0,,/home/xinlab/home/ws/phase2/results/12_complex_prediction/formal_msa/native_blind_seed5/boltz_results_native_blind_msa/predictions/native_blind_msa/native_blind_msa_model_0.pdb,/home/xinlab/home/ws/phase2/results/12_complex_prediction/formal_msa/native_blind_seed5/boltz_results_native_blind_msa/predictions/native_blind_msa/native_blind_msa_model_0.pdb,D:\IL-24(teeth）\phase2_release\results\full181_supplement\server_baseline_snapshot\server_source_inventory.json,formal_msa,passed,matched_at_saved_precision,recomputed_server_original_unrelaxed_PDB
Native155,formal_msa,5,D:\IL-24(teeth）\phase2_release\results\full181_supplement\server_baseline_snapshot\results\12_complex_prediction\formal_msa\native_blind_seed5\boltz_results_native_blind_msa\predictions\native_blind_msa\native_blind_msa_model_0.pdb,complete,,H,CDR1,5,1,28;30;31;32;33,/home/xinlab/home/ws/phase2/results/12_complex_prediction/formal_msa/native_blind_seed5/boltz_results_native_blind_msa/predictions/native_blind_msa/native_blind_msa_model_0.pdb,/home/xinlab/home/ws/phase2/results/12_complex_prediction/formal_msa/native_blind_seed5/boltz_results_native_blind_msa/predictions/native_blind_msa/native_blind_msa_model_0.pdb,D:\IL-24(teeth）\phase2_release\results\full181_supplement\server_baseline_snapshot\server_source_inventory.json,formal_msa,passed,matched_at_saved_precision,recomputed_server_original_unrelaxed_PDB
Native155,formal_msa,5,D:\IL-24(teeth）\phase2_release\results\full181_supplement\server_baseline_snapshot\results\12_complex_prediction\formal_msa\native_blind_seed5\boltz_results_native_blind_msa\predictions\native_blind_msa\native_blind_msa_model_0.pdb,complete,,H,FR2,2,1,35;47,/home/xinlab/home/ws/phase2/results/12_complex_prediction/formal_msa/native_blind_seed5/boltz_results_native_blind_msa/predictions/native_blind_msa/native_blind_msa_model_0.pdb,/home/xinlab/home/ws/phase2/results/12_complex_prediction/formal_msa/native_blind_seed5/boltz_results_native_blind_msa/predictions/native_blind_msa/native_blind_msa_model_0.pdb,D:\IL-24(teeth）\phase2_release\results\full181_supplement\server_baseline_snapshot\server_source_inventory.json,formal_msa,passed,matched_at_saved_precision,recomputed_server_original_unrelaxed_PDB
Native155,formal_msa,5,D:\IL-24(teeth）\phase2_release\results\full181_supplement\server_baseline_snapshot\results\12_complex_prediction\formal_msa\native_blind_seed5\boltz_results_native_blind_msa\predictions\native_blind_msa\native_blind_msa_model_0.pdb,complete,,H,CDR2,3,1,50;53;56,/home/xinlab/home/ws/phase2/results/12_complex_prediction/formal_msa/native_blind_seed5/boltz_results_native_blind_msa/predictions/native_blind_msa/native_blind_msa_model_0.pdb,/home/xinlab/home/ws/phase2/results/12_complex_prediction/formal_msa/native_blind_seed5/boltz_results_native_blind_msa/predictions/native_blind_msa/native_blind_msa_model_0.pdb,D:\IL-24(teeth）\phase2_release\results\full181_supplement\server_baseline_snapshot\server_source_inventory.json,formal_msa,passed,matched_at_saved_precision,recomputed_server_original_unrelaxed_PDB
Native155,formal_msa,5,D:\IL-24(teeth）\phase2_release\results\full181_supplement\server_baseline_snapshot\results\12_complex_prediction\formal_msa\native_blind_seed5\boltz_results_native_blind_msa\predictions\native_blind_msa\native_blind_msa_model_0.pdb,complete,,H,FR3,3,1,58;61;64,/home/xinlab/home/ws/phase2/results/12_complex_prediction/formal_msa/native_blind_seed5/boltz_results_native_blind_msa/predictions/native_blind_msa/native_blind_msa_model_0.pdb,/home/xinlab/home/ws/phase2/results/12_complex_prediction/formal_msa/native_blind_seed5/boltz_results_native_blind_msa/predictions/native_blind_msa/native_blind_msa_model_0.pdb,D:\IL-24(teeth）\phase2_release\results\full181_supplement\server_baseline_snapshot\server_source_inventory.json,formal_msa,passed,matched_at_saved_precision,recomputed_server_original_unrelaxed_PDB
Native155,formal_msa,5,D:\IL-24(teeth）\phase2_release\results\full181_supplement\server_baseline_snapshot\results\12_complex_prediction\formal_msa\native_blind_seed5\boltz_results_native_blind_msa\predictions\native_blind_msa\native_blind_msa_model_0.pdb,complete,,H,CDR3,5,1,98;99;100;101;104,/home/xinlab/home/ws/phase2/results/12_complex_prediction/formal_msa/native_blind_seed5/boltz_results_native_blind_msa/predictions/native_blind_msa/native_blind_msa_model_0.pdb,/home/xinlab/home/ws/phase2/results/12_complex_prediction/formal_msa/native_blind_seed5/boltz_results_native_blind_msa/predictions/native_blind_msa/native_blind_msa_model_0.pdb,D:\IL-24(teeth）\phase2_release\results\full181_supplement\server_baseline_snapshot\server_source_inventory.json,formal_msa,passed,matched_at_saved_precision,recomputed_server_original_unrelaxed_PDB
Native155,formal_msa,5,D:\IL-24(teeth）\phase2_release\results\full181_supplement\server_baseline_snapshot\results\12_complex_prediction\formal_msa\native_blind_seed5\boltz_results_native_blind_msa\predictions\native_blind_msa\native_blind_msa_model_0.pdb,complete,,H,FR4,0,0,,/home/xinlab/home/ws/phase2/results/12_complex_prediction/formal_msa/native_blind_seed5/boltz_results_native_blind_msa/predictions/native_blind_msa/native_blind_msa_model_0.pdb,/home/xinlab/home/ws/phase2/results/12_complex_prediction/formal_msa/native_blind_seed5/boltz_results_native_blind_msa/predictions/native_blind_msa/native_blind_msa_model_0.pdb,D:\IL-24(teeth）\phase2_release\results\full181_supplement\server_baseline_snapshot\server_source_inventory.json,formal_msa,passed,matched_at_saved_precision,recomputed_server_original_unrelaxed_PDB
Native155,formal_msa,5,D:\IL-24(teeth）\phase2_release\results\full181_supplement\server_baseline_snapshot\results\12_complex_prediction\formal_msa\native_blind_seed5\boltz_results_native_blind_msa\predictions\native_blind_msa\native_blind_msa_model_0.pdb,complete,,L,FR1,0,0,,/home/xinlab/home/ws/phase2/results/12_complex_prediction/formal_msa/native_blind_seed5/boltz_results_native_blind_msa/predictions/native_blind_msa/native_blind_msa_model_0.pdb,/home/xinlab/home/ws/phase2/results/12_complex_prediction/formal_msa/native_blind_seed5/boltz_results_native_blind_msa/predictions/native_blind_msa/native_blind_msa_model_0.pdb,D:\IL-24(teeth）\phase2_release\results\full181_supplement\server_baseline_snapshot\server_source_inventory.json,formal_msa,passed,matched_at_saved_precision,recomputed_server_original_unrelaxed_PDB
Native155,formal_msa,5,D:\IL-24(teeth）\phase2_release\results\full181_supplement\server_baseline_snapshot\results\12_complex_prediction\formal_msa\native_blind_seed5\boltz_results_native_blind_msa\predictions\native_blind_msa\native_blind_msa_model_0.pdb,complete,,L,CDR1,0,0,,/home/xinlab/home/ws/phase2/results/12_complex_prediction/formal_msa/native_blind_seed5/boltz_results_native_blind_msa/predictions/native_blind_msa/native_blind_msa_model_0.pdb,/home/xinlab/home/ws/phase2/results/12_complex_prediction/formal_msa/native_blind_seed5/boltz_results_native_blind_msa/predictions/native_blind_msa/native_blind_msa_model_0.pdb,D:\IL-24(teeth）\phase2_release\results\full181_supplement\server_baseline_snapshot\server_source_inventory.json,formal_msa,passed,matched_at_saved_precision,recomputed_server_original_unrelaxed_PDB
Native155,formal_msa,5,D:\IL-24(teeth）\phase2_release\results\full181_supplement\server_baseline_snapshot\results\12_complex_prediction\formal_msa\native_blind_seed5\boltz_results_native_blind_msa\predictions\native_blind_msa\native_blind_msa_model_0.pdb,complete,,L,FR2,0,0,,/home/xinlab/home/ws/phase2/results/12_complex_prediction/formal_msa/native_blind_seed5/boltz_results_native_blind_msa/predictions/native_blind_msa/native_blind_msa_model_0.pdb,/home/xinlab/home/ws/phase2/results/12_complex_prediction/formal_msa/native_blind_seed5/boltz_results_native_blind_msa/predictions/native_blind_msa/native_blind_msa_model_0.pdb,D:\IL-24(teeth）\phase2_release\results\full181_supplement\server_baseline_snapshot\server_source_inventory.json,formal_msa,passed,matched_at_saved_precision,recomputed_server_original_unrelaxed_PDB
Native155,formal_msa,5,D:\IL-24(teeth）\phase2_release\results\full181_supplement\server_baseline_snapshot\results\12_complex_prediction\formal_msa\native_blind_seed5\boltz_results_native_blind_msa\predictions\native_blind_msa\native_blind_msa_model_0.pdb,complete,,L,CDR2,0,0,,/home/xinlab/home/ws/phase2/results/12_complex_prediction/formal_msa/native_blind_seed5/boltz_results_native_blind_msa/predictions/native_blind_msa/native_blind_msa_model_0.pdb,/home/xinlab/home/ws/phase2/results/12_complex_prediction/formal_msa/native_blind_seed5/boltz_results_native_blind_msa/predictions/native_blind_msa/native_blind_msa_model_0.pdb,D:\IL-24(teeth）\phase2_release\results\full181_supplement\server_baseline_snapshot\server_source_inventory.json,formal_msa,passed,matched_at_saved_precision,recomputed_server_original_unrelaxed_PDB
Native155,formal_msa,5,D:\IL-24(teeth）\phase2_release\results\full181_supplement\server_baseline_snapshot\results\12_complex_prediction\formal_msa\native_blind_seed5\boltz_results_native_blind_msa\predictions\native_blind_msa\native_blind_msa_model_0.pdb,complete,,L,FR3,0,0,,/home/xinlab/home/ws/phase2/results/12_complex_prediction/formal_msa/native_blind_seed5/boltz_results_native_blind_msa/predictions/native_blind_msa/native_blind_msa_model_0.pdb,/home/xinlab/home/ws/phase2/results/12_complex_prediction/formal_msa/native_blind_seed5/boltz_results_native_blind_msa/predictions/native_blind_msa/native_blind_msa_model_0.pdb,D:\IL-24(teeth）\phase2_release\results\full181_supplement\server_baseline_snapshot\server_source_inventory.json,formal_msa,passed,matched_at_saved_precision,recomputed_server_original_unrelaxed_PDB
Native155,formal_msa,5,D:\IL-24(teeth）\phase2_release\results\full181_supplement\server_baseline_snapshot\results\12_complex_prediction\formal_msa\native_blind_seed5\boltz_results_native_blind_msa\predictions\native_blind_msa\native_blind_msa_model_0.pdb,complete,,L,CDR3,4,1,91;92;93;95,/home/xinlab/home/ws/phase2/results/12_complex_prediction/formal_msa/native_blind_seed5/boltz_results_native_blind_msa/predictions/native_blind_msa/native_blind_msa_model_0.pdb,/home/xinlab/home/ws/phase2/results/12_complex_prediction/formal_msa/native_blind_seed5/boltz_results_native_blind_msa/predictions/native_blind_msa/native_blind_msa_model_0.pdb,D:\IL-24(teeth）\phase2_release\results\full181_supplement\server_baseline_snapshot\server_source_inventory.json,formal_msa,passed,matched_at_saved_precision,recomputed_server_original_unrelaxed_PDB
Native155,formal_msa,5,D:\IL-24(teeth）\phase2_release\results\full181_supplement\server_baseline_snapshot\results\12_complex_prediction\formal_msa\native_blind_seed5\boltz_results_native_blind_msa\predictions\native_blind_msa\native_blind_msa_model_0.pdb,complete,,L,FR4,0,0,,/home/xinlab/home/ws/phase2/results/12_complex_prediction/formal_msa/native_blind_seed5/boltz_results_native_blind_msa/predictions/native_blind_msa/native_blind_msa_model_0.pdb,/home/xinlab/home/ws/phase2/results/12_complex_prediction/formal_msa/native_blind_seed5/boltz_results_native_blind_msa/predictions/native_blind_msa/native_blind_msa_model_0.pdb,D:\IL-24(teeth）\phase2_release\results\full181_supplement\server_baseline_snapshot\server_source_inventory.json,formal_msa,passed,matched_at_saved_precision,recomputed_server_original_unrelaxed_PDB
Native155,formal_msa,6,D:\IL-24(teeth）\phase2_release\results\full181_supplement\server_baseline_snapshot\results\12_complex_prediction\formal_msa\native_blind_seed6\boltz_results_native_blind_msa\predictions\native_blind_msa\native_blind_msa_model_0.pdb,complete,,H,FR1,0,0,,/home/xinlab/home/ws/phase2/results/12_complex_prediction/formal_msa/native_blind_seed6/boltz_results_native_blind_msa/predictions/native_blind_msa/native_blind_msa_model_0.pdb,/home/xinlab/home/ws/phase2/results/12_complex_prediction/formal_msa/native_blind_seed6/boltz_results_native_blind_msa/predictions/native_blind_msa/native_blind_msa_model_0.pdb,D:\IL-24(teeth）\phase2_release\results\full181_supplement\server_baseline_snapshot\server_source_inventory.json,formal_msa,passed,matched_at_saved_precision,recomputed_server_original_unrelaxed_PDB
Native155,formal_msa,6,D:\IL-24(teeth）\phase2_release\results\full181_supplement\server_baseline_snapshot\results\12_complex_prediction\formal_msa\native_blind_seed6\boltz_results_native_blind_msa\predictions\native_blind_msa\native_blind_msa_model_0.pdb,complete,,H,CDR1,5,1,28;30;31;32;33,/home/xinlab/home/ws/phase2/results/12_complex_prediction/formal_msa/native_blind_seed6/boltz_results_native_blind_msa/predictions/native_blind_msa/native_blind_msa_model_0.pdb,/home/xinlab/home/ws/phase2/results/12_complex_prediction/formal_msa/native_blind_seed6/boltz_results_native_blind_msa/predictions/native_blind_msa/native_blind_msa_model_0.pdb,D:\IL-24(teeth）\phase2_release\results\full181_supplement\server_baseline_snapshot\server_source_inventory.json,formal_msa,passed,matched_at_saved_precision,recomputed_server_original_unrelaxed_PDB
Native155,formal_msa,6,D:\IL-24(teeth）\phase2_release\results\full181_supplement\server_baseline_snapshot\results\12_complex_prediction\formal_msa\native_blind_seed6\boltz_results_native_blind_msa\predictions\native_blind_msa\native_blind_msa_model_0.pdb,complete,,H,FR2,1,1,35,/home/xinlab/home/ws/phase2/results/12_complex_prediction/formal_msa/native_blind_seed6/boltz_results_native_blind_msa/predictions/native_blind_msa/native_blind_msa_model_0.pdb,/home/xinlab/home/ws/phase2/results/12_complex_prediction/formal_msa/native_blind_seed6/boltz_results_native_blind_msa/predictions/native_blind_msa/native_blind_msa_model_0.pdb,D:\IL-24(teeth）\phase2_release\results\full181_supplement\server_baseline_snapshot\server_source_inventory.json,formal_msa,passed,matched_at_saved_precision,recomputed_server_original_unrelaxed_PDB
Native155,formal_msa,6,D:\IL-24(teeth）\phase2_release\results\full181_supplement\server_baseline_snapshot\results\12_complex_prediction\formal_msa\native_blind_seed6\boltz_results_native_blind_msa\predictions\native_blind_msa\native_blind_msa_model_0.pdb,complete,,H,CDR2,4,1,50;54;56;57,/home/xinlab/home/ws/phase2/results/12_complex_prediction/formal_msa/native_blind_seed6/boltz_results_native_blind_msa/predictions/native_blind_msa/native_blind_msa_model_0.pdb,/home/xinlab/home/ws/phase2/results/12_complex_prediction/formal_msa/native_blind_seed6/boltz_results_native_blind_msa/predictions/native_blind_msa/native_blind_msa_model_0.pdb,D:\IL-24(teeth）\phase2_release\results\full181_supplement\server_baseline_snapshot\server_source_inventory.json,formal_msa,passed,matched_at_saved_precision,recomputed_server_original_unrelaxed_PDB
Native155,formal_msa,6,D:\IL-24(teeth）\phase2_release\results\full181_supplement\server_baseline_snapshot\results\12_complex_prediction\formal_msa\native_blind_seed6\boltz_results_native_blind_msa\predictions\native_blind_msa\native_blind_msa_model_0.pdb,complete,,H,FR3,1,1,58,/home/xinlab/home/ws/phase2/results/12_complex_prediction/formal_msa/native_blind_seed6/boltz_results_native_blind_msa/predictions/native_blind_msa/native_blind_msa_model_0.pdb,/home/xinlab/home/ws/phase2/results/12_complex_prediction/formal_msa/native_blind_seed6/boltz_results_native_blind_msa/predictions/native_blind_msa/native_blind_msa_model_0.pdb,D:\IL-24(teeth）\phase2_release\results\full181_supplement\server_baseline_snapshot\server_source_inventory.json,formal_msa,passed,matched_at_saved_precision,recomputed_server_original_unrelaxed_PDB
Native155,formal_msa,6,D:\IL-24(teeth）\phase2_release\results\full181_supplement\server_baseline_snapshot\results\12_complex_prediction\formal_msa\native_blind_seed6\boltz_results_native_blind_msa\predictions\native_blind_msa\native_blind_msa_model_0.pdb,complete,,H,CDR3,7,1,98;99;100;101;102;103;104,/home/xinlab/home/ws/phase2/results/12_complex_prediction/formal_msa/native_blind_seed6/boltz_results_native_blind_msa/predictions/native_blind_msa/native_blind_msa_model_0.pdb,/home/xinlab/home/ws/phase2/results/12_complex_prediction/formal_msa/native_blind_seed6/boltz_results_native_blind_msa/predictions/native_blind_msa/native_blind_msa_model_0.pdb,D:\IL-24(teeth）\phase2_release\results\full181_supplement\server_baseline_snapshot\server_source_inventory.json,formal_msa,passed,matched_at_saved_precision,recomputed_server_original_unrelaxed_PDB
Native155,formal_msa,6,D:\IL-24(teeth）\phase2_release\results\full181_supplement\server_baseline_snapshot\results\12_complex_prediction\formal_msa\native_blind_seed6\boltz_results_native_blind_msa\predictions\native_blind_msa\native_blind_msa_model_0.pdb,complete,,H,FR4,0,0,,/home/xinlab/home/ws/phase2/results/12_complex_prediction/formal_msa/native_blind_seed6/boltz_results_native_blind_msa/predictions/native_blind_msa/native_blind_msa_model_0.pdb,/home/xinlab/home/ws/phase2/results/12_complex_prediction/formal_msa/native_blind_seed6/boltz_results_native_blind_msa/predictions/native_blind_msa/native_blind_msa_model_0.pdb,D:\IL-24(teeth）\phase2_release\results\full181_supplement\server_baseline_snapshot\server_source_inventory.json,formal_msa,passed,matched_at_saved_precision,recomputed_server_original_unrelaxed_PDB
Native155,formal_msa,6,D:\IL-24(teeth）\phase2_release\results\full181_supplement\server_baseline_snapshot\results\12_complex_prediction\formal_msa\native_blind_seed6\boltz_results_native_blind_msa\predictions\native_blind_msa\native_blind_msa_model_0.pdb,complete,,L,FR1,0,0,,/home/xinlab/home/ws/phase2/results/12_complex_prediction/formal_msa/native_blind_seed6/boltz_results_native_blind_msa/predictions/native_blind_msa/native_blind_msa_model_0.pdb,/home/xinlab/home/ws/phase2/results/12_complex_prediction/formal_msa/native_blind_seed6/boltz_results_native_blind_msa/predictions/native_blind_msa/native_blind_msa_model_0.pdb,D:\IL-24(teeth）\phase2_release\results\full181_supplement\server_baseline_snapshot\server_source_inventory.json,formal_msa,passed,matched_at_saved_precision,recomputed_server_original_unrelaxed_PDB
Native155,formal_msa,6,D:\IL-24(teeth）\phase2_release\results\full181_supplement\server_baseline_snapshot\results\12_complex_prediction\formal_msa\native_blind_seed6\boltz_results_native_blind_msa\predictions\native_blind_msa\native_blind_msa_model_0.pdb,complete,,L,CDR1,0,0,,/home/xinlab/home/ws/phase2/results/12_complex_prediction/formal_msa/native_blind_seed6/boltz_results_native_blind_msa/predictions/native_blind_msa/native_blind_msa_model_0.pdb,/home/xinlab/home/ws/phase2/results/12_complex_prediction/formal_msa/native_blind_seed6/boltz_results_native_blind_msa/predictions/native_blind_msa/native_blind_msa_model_0.pdb,D:\IL-24(teeth）\phase2_release\results\full181_supplement\server_baseline_snapshot\server_source_inventory.json,formal_msa,passed,matched_at_saved_precision,recomputed_server_original_unrelaxed_PDB
Native155,formal_msa,6,D:\IL-24(teeth）\phase2_release\results\full181_supplement\server_baseline_snapshot\results\12_complex_prediction\formal_msa\native_blind_seed6\boltz_results_native_blind_msa\predictions\native_blind_msa\native_blind_msa_model_0.pdb,complete,,L,FR2,0,0,,/home/xinlab/home/ws/phase2/results/12_complex_prediction/formal_msa/native_blind_seed6/boltz_results_native_blind_msa/predictions/native_blind_msa/native_blind_msa_model_0.pdb,/home/xinlab/home/ws/phase2/results/12_complex_prediction/formal_msa/native_blind_seed6/boltz_results_native_blind_msa/predictions/native_blind_msa/native_blind_msa_model_0.pdb,D:\IL-24(teeth）\phase2_release\results\full181_supplement\server_baseline_snapshot\server_source_inventory.json,formal_msa,passed,matched_at_saved_precision,recomputed_server_original_unrelaxed_PDB
Native155,formal_msa,6,D:\IL-24(teeth）\phase2_release\results\full181_supplement\server_baseline_snapshot\results\12_complex_prediction\formal_msa\native_blind_seed6\boltz_results_native_blind_msa\predictions\native_blind_msa\native_blind_msa_model_0.pdb,complete,,L,CDR2,0,0,,/home/xinlab/home/ws/phase2/results/12_complex_prediction/formal_msa/native_blind_seed6/boltz_results_native_blind_msa/predictions/native_blind_msa/native_blind_msa_model_0.pdb,/home/xinlab/home/ws/phase2/results/12_complex_prediction/formal_msa/native_blind_seed6/boltz_results_native_blind_msa/predictions/native_blind_msa/native_blind_msa_model_0.pdb,D:\IL-24(teeth）\phase2_release\results\full181_supplement\server_baseline_snapshot\server_source_inventory.json,formal_msa,passed,matched_at_saved_precision,recomputed_server_original_unrelaxed_PDB
Native155,formal_msa,6,D:\IL-24(teeth）\phase2_release\results\full181_supplement\server_baseline_snapshot\results\12_complex_prediction\formal_msa\native_blind_seed6\boltz_results_native_blind_msa\predictions\native_blind_msa\native_blind_msa_model_0.pdb,complete,,L,FR3,0,0,,/home/xinlab/home/ws/phase2/results/12_complex_prediction/formal_msa/native_blind_seed6/boltz_results_native_blind_msa/predictions/native_blind_msa/native_blind_msa_model_0.pdb,/home/xinlab/home/ws/phase2/results/12_complex_prediction/formal_msa/native_blind_seed6/boltz_results_native_blind_msa/predictions/native_blind_msa/native_blind_msa_model_0.pdb,D:\IL-24(teeth）\phase2_release\results\full181_supplement\server_baseline_snapshot\server_source_inventory.json,formal_msa,passed,matched_at_saved_precision,recomputed_server_original_unrelaxed_PDB
Native155,formal_msa,6,D:\IL-24(teeth）\phase2_release\results\full181_supplement\server_baseline_snapshot\results\12_complex_prediction\formal_msa\native_blind_seed6\boltz_results_native_blind_msa\predictions\native_blind_msa\native_blind_msa_model_0.pdb,complete,,L,CDR3,4,1,91;92;93;95,/home/xinlab/home/ws/phase2/results/12_complex_prediction/formal_msa/native_blind_seed6/boltz_results_native_blind_msa/predictions/native_blind_msa/native_blind_msa_model_0.pdb,/home/xinlab/home/ws/phase2/results/12_complex_prediction/formal_msa/native_blind_seed6/boltz_results_native_blind_msa/predictions/native_blind_msa/native_blind_msa_model_0.pdb,D:\IL-24(teeth）\phase2_release\results\full181_supplement\server_baseline_snapshot\server_source_inventory.json,formal_msa,passed,matched_at_saved_precision,recomputed_server_original_unrelaxed_PDB
Native155,formal_msa,6,D:\IL-24(teeth）\phase2_release\results\full181_supplement\server_baseline_snapshot\results\12_complex_prediction\formal_msa\native_blind_seed6\boltz_results_native_blind_msa\predictions\native_blind_msa\native_blind_msa_model_0.pdb,complete,,L,FR4,0,0,,/home/xinlab/home/ws/phase2/results/12_complex_prediction/formal_msa/native_blind_seed6/boltz_results_native_blind_msa/predictions/native_blind_msa/native_blind_msa_model_0.pdb,/home/xinlab/home/ws/phase2/results/12_complex_prediction/formal_msa/native_blind_seed6/boltz_results_native_blind_msa/predictions/native_blind_msa/native_blind_msa_model_0.pdb,D:\IL-24(teeth）\phase2_release\results\full181_supplement\server_baseline_snapshot\server_source_inventory.json,formal_msa,passed,matched_at_saved_precision,recomputed_server_original_unrelaxed_PDB
Native155,formal_msa,7,D:\IL-24(teeth）\phase2_release\results\full181_supplement\server_baseline_snapshot\results\12_complex_prediction\formal_msa\native_blind_seed7\boltz_results_native_blind_msa\predictions\native_blind_msa\native_blind_msa_model_0.pdb,complete,,H,FR1,0,0,,/home/xinlab/home/ws/phase2/results/12_complex_prediction/formal_msa/native_blind_seed7/boltz_results_native_blind_msa/predictions/native_blind_msa/native_blind_msa_model_0.pdb,/home/xinlab/home/ws/phase2/results/12_complex_prediction/formal_msa/native_blind_seed7/boltz_results_native_blind_msa/predictions/native_blind_msa/native_blind_msa_model_0.pdb,D:\IL-24(teeth）\phase2_release\results\full181_supplement\server_baseline_snapshot\server_source_inventory.json,formal_msa,passed,matched_at_saved_precision,recomputed_server_original_unrelaxed_PDB
Native155,formal_msa,7,D:\IL-24(teeth）\phase2_release\results\full181_supplement\server_baseline_snapshot\results\12_complex_prediction\formal_msa\native_blind_seed7\boltz_results_native_blind_msa\predictions\native_blind_msa\native_blind_msa_model_0.pdb,complete,,H,CDR1,4,1,30;31;32;33,/home/xinlab/home/ws/phase2/results/12_complex_prediction/formal_msa/native_blind_seed7/boltz_results_native_blind_msa/predictions/native_blind_msa/native_blind_msa_model_0.pdb,/home/xinlab/home/ws/phase2/results/12_complex_prediction/formal_msa/native_blind_seed7/boltz_results_native_blind_msa/predictions/native_blind_msa/native_blind_msa_model_0.pdb,D:\IL-24(teeth）\phase2_release\results\full181_supplement\server_baseline_snapshot\server_source_inventory.json,formal_msa,passed,matched_at_saved_precision,recomputed_server_original_unrelaxed_PDB
Native155,formal_msa,7,D:\IL-24(teeth）\phase2_release\results\full181_supplement\server_baseline_snapshot\results\12_complex_prediction\formal_msa\native_blind_seed7\boltz_results_native_blind_msa\predictions\native_blind_msa\native_blind_msa_model_0.pdb,complete,,H,FR2,2,1,35;47,/home/xinlab/home/ws/phase2/results/12_complex_prediction/formal_msa/native_blind_seed7/boltz_results_native_blind_msa/predictions/native_blind_msa/native_blind_msa_model_0.pdb,/home/xinlab/home/ws/phase2/results/12_complex_prediction/formal_msa/native_blind_seed7/boltz_results_native_blind_msa/predictions/native_blind_msa/native_blind_msa_model_0.pdb,D:\IL-24(teeth）\phase2_release\results\full181_supplement\server_baseline_snapshot\server_source_inventory.json,formal_msa,passed,matched_at_saved_precision,recomputed_server_original_unrelaxed_PDB
Native155,formal_msa,7,D:\IL-24(teeth）\phase2_release\results\full181_supplement\server_baseline_snapshot\results\12_complex_prediction\formal_msa\native_blind_seed7\boltz_results_native_blind_msa\predictions\native_blind_msa\native_blind_msa_model_0.pdb,complete,,H,CDR2,3,1,50;53;56,/home/xinlab/home/ws/phase2/results/12_complex_prediction/formal_msa/native_blind_seed7/boltz_results_native_blind_msa/predictions/native_blind_msa/native_blind_msa_model_0.pdb,/home/xinlab/home/ws/phase2/results/12_complex_prediction/formal_msa/native_blind_seed7/boltz_results_native_blind_msa/predictions/native_blind_msa/native_blind_msa_model_0.pdb,D:\IL-24(teeth）\phase2_release\results\full181_supplement\server_baseline_snapshot\server_source_inventory.json,formal_msa,passed,matched_at_saved_precision,recomputed_server_original_unrelaxed_PDB
Native155,formal_msa,7,D:\IL-24(teeth）\phase2_release\results\full181_supplement\server_baseline_snapshot\results\12_complex_prediction\formal_msa\native_blind_seed7\boltz_results_native_blind_msa\predictions\native_blind_msa\native_blind_msa_model_0.pdb,complete,,H,FR3,3,1,58;59;61,/home/xinlab/home/ws/phase2/results/12_complex_prediction/formal_msa/native_blind_seed7/boltz_results_native_blind_msa/predictions/native_blind_msa/native_blind_msa_model_0.pdb,/home/xinlab/home/ws/phase2/results/12_complex_prediction/formal_msa/native_blind_seed7/boltz_results_native_blind_msa/predictions/native_blind_msa/native_blind_msa_model_0.pdb,D:\IL-24(teeth）\phase2_release\results\full181_supplement\server_baseline_snapshot\server_source_inventory.json,formal_msa,passed,matched_at_saved_precision,recomputed_server_original_unrelaxed_PDB
Native155,formal_msa,7,D:\IL-24(teeth）\phase2_release\results\full181_supplement\server_baseline_snapshot\results\12_complex_prediction\formal_msa\native_blind_seed7\boltz_results_native_blind_msa\predictions\native_blind_msa\native_blind_msa_model_0.pdb,complete,,H,CDR3,7,1,98;99;100;101;102;103;104,/home/xinlab/home/ws/phase2/results/12_complex_prediction/formal_msa/native_blind_seed7/boltz_results_native_blind_msa/predictions/native_blind_msa/native_blind_msa_model_0.pdb,/home/xinlab/home/ws/phase2/results/12_complex_prediction/formal_msa/native_blind_seed7/boltz_results_native_blind_msa/predictions/native_blind_msa/native_blind_msa_model_0.pdb,D:\IL-24(teeth）\phase2_release\results\full181_supplement\server_baseline_snapshot\server_source_inventory.json,formal_msa,passed,matched_at_saved_precision,recomputed_server_original_unrelaxed_PDB
Native155,formal_msa,7,D:\IL-24(teeth）\phase2_release\results\full181_supplement\server_baseline_snapshot\results\12_complex_prediction\formal_msa\native_blind_seed7\boltz_results_native_blind_msa\predictions\native_blind_msa\native_blind_msa_model_0.pdb,complete,,H,FR4,0,0,,/home/xinlab/home/ws/phase2/results/12_complex_prediction/formal_msa/native_blind_seed7/boltz_results_native_blind_msa/predictions/native_blind_msa/native_blind_msa_model_0.pdb,/home/xinlab/home/ws/phase2/results/12_complex_prediction/formal_msa/native_blind_seed7/boltz_results_native_blind_msa/predictions/native_blind_msa/native_blind_msa_model_0.pdb,D:\IL-24(teeth）\phase2_release\results\full181_supplement\server_baseline_snapshot\server_source_inventory.json,formal_msa,passed,matched_at_saved_precision,recomputed_server_original_unrelaxed_PDB
Native155,formal_msa,7,D:\IL-24(teeth）\phase2_release\results\full181_supplement\server_baseline_snapshot\results\12_complex_prediction\formal_msa\native_blind_seed7\boltz_results_native_blind_msa\predictions\native_blind_msa\native_blind_msa_model_0.pdb,complete,,L,FR1,0,0,,/home/xinlab/home/ws/phase2/results/12_complex_prediction/formal_msa/native_blind_seed7/boltz_results_native_blind_msa/predictions/native_blind_msa/native_blind_msa_model_0.pdb,/home/xinlab/home/ws/phase2/results/12_complex_prediction/formal_msa/native_blind_seed7/boltz_results_native_blind_msa/predictions/native_blind_msa/native_blind_msa_model_0.pdb,D:\IL-24(teeth）\phase2_release\results\full181_supplement\server_baseline_snapshot\server_source_inventory.json,formal_msa,passed,matched_at_saved_precision,recomputed_server_original_unrelaxed_PDB
Native155,formal_msa,7,D:\IL-24(teeth）\phase2_release\results\full181_supplement\server_baseline_snapshot\results\12_complex_prediction\formal_msa\native_blind_seed7\boltz_results_native_blind_msa\predictions\native_blind_msa\native_blind_msa_model_0.pdb,complete,,L,CDR1,2,1,27;28,/home/xinlab/home/ws/phase2/results/12_complex_prediction/formal_msa/native_blind_seed7/boltz_results_native_blind_msa/predictions/native_blind_msa/native_blind_msa_model_0.pdb,/home/xinlab/home/ws/phase2/results/12_complex_prediction/formal_msa/native_blind_seed7/boltz_results_native_blind_msa/predictions/native_blind_msa/native_blind_msa_model_0.pdb,D:\IL-24(teeth）\phase2_release\results\full181_supplement\server_baseline_snapshot\server_source_inventory.json,formal_msa,passed,matched_at_saved_precision,recomputed_server_original_unrelaxed_PDB
Native155,formal_msa,7,D:\IL-24(teeth）\phase2_release\results\full181_supplement\server_baseline_snapshot\results\12_complex_prediction\formal_msa\native_blind_seed7\boltz_results_native_blind_msa\predictions\native_blind_msa\native_blind_msa_model_0.pdb,complete,,L,FR2,0,0,,/home/xinlab/home/ws/phase2/results/12_complex_prediction/formal_msa/native_blind_seed7/boltz_results_native_blind_msa/predictions/native_blind_msa/native_blind_msa_model_0.pdb,/home/xinlab/home/ws/phase2/results/12_complex_prediction/formal_msa/native_blind_seed7/boltz_results_native_blind_msa/predictions/native_blind_msa/native_blind_msa_model_0.pdb,D:\IL-24(teeth）\phase2_release\results\full181_supplement\server_baseline_snapshot\server_source_inventory.json,formal_msa,passed,matched_at_saved_precision,recomputed_server_original_unrelaxed_PDB
Native155,formal_msa,7,D:\IL-24(teeth）\phase2_release\results\full181_supplement\server_baseline_snapshot\results\12_complex_prediction\formal_msa\native_blind_seed7\boltz_results_native_blind_msa\predictions\native_blind_msa\native_blind_msa_model_0.pdb,complete,,L,CDR2,0,0,,/home/xinlab/home/ws/phase2/results/12_complex_prediction/formal_msa/native_blind_seed7/boltz_results_native_blind_msa/predictions/native_blind_msa/native_blind_msa_model_0.pdb,/home/xinlab/home/ws/phase2/results/12_complex_prediction/formal_msa/native_blind_seed7/boltz_results_native_blind_msa/predictions/native_blind_msa/native_blind_msa_model_0.pdb,D:\IL-24(teeth）\phase2_release\results\full181_supplement\server_baseline_snapshot\server_source_inventory.json,formal_msa,passed,matched_at_saved_precision,recomputed_server_original_unrelaxed_PDB
Native155,formal_msa,7,D:\IL-24(teeth）\phase2_release\results\full181_supplement\server_baseline_snapshot\results\12_complex_prediction\formal_msa\native_blind_seed7\boltz_results_native_blind_msa\predictions\native_blind_msa\native_blind_msa_model_0.pdb,complete,,L,FR3,0,0,,/home/xinlab/home/ws/phase2/results/12_complex_prediction/formal_msa/native_blind_seed7/boltz_results_native_blind_msa/predictions/native_blind_msa/native_blind_msa_model_0.pdb,/home/xinlab/home/ws/phase2/results/12_complex_prediction/formal_msa/native_blind_seed7/boltz_results_native_blind_msa/predictions/native_blind_msa/native_blind_msa_model_0.pdb,D:\IL-24(teeth）\phase2_release\results\full181_supplement\server_baseline_snapshot\server_source_inventory.json,formal_msa,passed,matched_at_saved_precision,recomputed_server_original_unrelaxed_PDB
Native155,formal_msa,7,D:\IL-24(teeth）\phase2_release\results\full181_supplement\server_baseline_snapshot\results\12_complex_prediction\formal_msa\native_blind_seed7\boltz_results_native_blind_msa\predictions\native_blind_msa\native_blind_msa_model_0.pdb,complete,,L,CDR3,5,1,90;91;92;93;95,/home/xinlab/home/ws/phase2/results/12_complex_prediction/formal_msa/native_blind_seed7/boltz_results_native_blind_msa/predictions/native_blind_msa/native_blind_msa_model_0.pdb,/home/xinlab/home/ws/phase2/results/12_complex_prediction/formal_msa/native_blind_seed7/boltz_results_native_blind_msa/predictions/native_blind_msa/native_blind_msa_model_0.pdb,D:\IL-24(teeth）\phase2_release\results\full181_supplement\server_baseline_snapshot\server_source_inventory.json,formal_msa,passed,matched_at_saved_precision,recomputed_server_original_unrelaxed_PDB
Native155,formal_msa,7,D:\IL-24(teeth）\phase2_release\results\full181_supplement\server_baseline_snapshot\results\12_complex_prediction\formal_msa\native_blind_seed7\boltz_results_native_blind_msa\predictions\native_blind_msa\native_blind_msa_model_0.pdb,complete,,L,FR4,0,0,,/home/xinlab/home/ws/phase2/results/12_complex_prediction/formal_msa/native_blind_seed7/boltz_results_native_blind_msa/predictions/native_blind_msa/native_blind_msa_model_0.pdb,/home/xinlab/home/ws/phase2/results/12_complex_prediction/formal_msa/native_blind_seed7/boltz_results_native_blind_msa/predictions/native_blind_msa/native_blind_msa_model_0.pdb,D:\IL-24(teeth）\phase2_release\results\full181_supplement\server_baseline_snapshot\server_source_inventory.json,formal_msa,passed,matched_at_saved_precision,recomputed_server_original_unrelaxed_PDB
Native155,formal_msa,8,D:\IL-24(teeth）\phase2_release\results\full181_supplement\server_baseline_snapshot\results\12_complex_prediction\formal_msa\native_blind_seed8\boltz_results_native_blind_msa\predictions\native_blind_msa\native_blind_msa_model_0.pdb,complete,,H,FR1,0,0,,/home/xinlab/home/ws/phase2/results/12_complex_prediction/formal_msa/native_blind_seed8/boltz_results_native_blind_msa/predictions/native_blind_msa/native_blind_msa_model_0.pdb,/home/xinlab/home/ws/phase2/results/12_complex_prediction/formal_msa/native_blind_seed8/boltz_results_native_blind_msa/predictions/native_blind_msa/native_blind_msa_model_0.pdb,D:\IL-24(teeth）\phase2_release\results\full181_supplement\server_baseline_snapshot\server_source_inventory.json,formal_msa,passed,matched_at_saved_precision,recomputed_server_original_unrelaxed_PDB
Native155,formal_msa,8,D:\IL-24(teeth）\phase2_release\results\full181_supplement\server_baseline_snapshot\results\12_complex_prediction\formal_msa\native_blind_seed8\boltz_results_native_blind_msa\predictions\native_blind_msa\native_blind_msa_model_0.pdb,complete,,H,CDR1,4,1,30;31;32;33,/home/xinlab/home/ws/phase2/results/12_complex_prediction/formal_msa/native_blind_seed8/boltz_results_native_blind_msa/predictions/native_blind_msa/native_blind_msa_model_0.pdb,/home/xinlab/home/ws/phase2/results/12_complex_prediction/formal_msa/native_blind_seed8/boltz_results_native_blind_msa/predictions/native_blind_msa/native_blind_msa_model_0.pdb,D:\IL-24(teeth）\phase2_release\results\full181_supplement\server_baseline_snapshot\server_source_inventory.json,formal_msa,passed,matched_at_saved_precision,recomputed_server_original_unrelaxed_PDB
Native155,formal_msa,8,D:\IL-24(teeth）\phase2_release\results\full181_supplement\server_baseline_snapshot\results\12_complex_prediction\formal_msa\native_blind_seed8\boltz_results_native_blind_msa\predictions\native_blind_msa\native_blind_msa_model_0.pdb,complete,,H,FR2,1,1,35,/home/xinlab/home/ws/phase2/results/12_complex_prediction/formal_msa/native_blind_seed8/boltz_results_native_blind_msa/predictions/native_blind_msa/native_blind_msa_model_0.pdb,/home/xinlab/home/ws/phase2/results/12_complex_prediction/formal_msa/native_blind_seed8/boltz_results_native_blind_msa/predictions/native_blind_msa/native_blind_msa_model_0.pdb,D:\IL-24(teeth）\phase2_release\results\full181_supplement\server_baseline_snapshot\server_source_inventory.json,formal_msa,passed,matched_at_saved_precision,recomputed_server_original_unrelaxed_PDB
Native155,formal_msa,8,D:\IL-24(teeth）\phase2_release\results\full181_supplement\server_baseline_snapshot\results\12_complex_prediction\formal_msa\native_blind_seed8\boltz_results_native_blind_msa\predictions\native_blind_msa\native_blind_msa_model_0.pdb,complete,,H,CDR2,5,1,50;52;53;54;56,/home/xinlab/home/ws/phase2/results/12_complex_prediction/formal_msa/native_blind_seed8/boltz_results_native_blind_msa/predictions/native_blind_msa/native_blind_msa_model_0.pdb,/home/xinlab/home/ws/phase2/results/12_complex_prediction/formal_msa/native_blind_seed8/boltz_results_native_blind_msa/predictions/native_blind_msa/native_blind_msa_model_0.pdb,D:\IL-24(teeth）\phase2_release\results\full181_supplement\server_baseline_snapshot\server_source_inventory.json,formal_msa,passed,matched_at_saved_precision,recomputed_server_original_unrelaxed_PDB
Native155,formal_msa,8,D:\IL-24(teeth）\phase2_release\results\full181_supplement\server_baseline_snapshot\results\12_complex_prediction\formal_msa\native_blind_seed8\boltz_results_native_blind_msa\predictions\native_blind_msa\native_blind_msa_model_0.pdb,complete,,H,FR3,0,0,,/home/xinlab/home/ws/phase2/results/12_complex_prediction/formal_msa/native_blind_seed8/boltz_results_native_blind_msa/predictions/native_blind_msa/native_blind_msa_model_0.pdb,/home/xinlab/home/ws/phase2/results/12_complex_prediction/formal_msa/native_blind_seed8/boltz_results_native_blind_msa/predictions/native_blind_msa/native_blind_msa_model_0.pdb,D:\IL-24(teeth）\phase2_release\results\full181_supplement\server_baseline_snapshot\server_source_inventory.json,formal_msa,passed,matched_at_saved_precision,recomputed_server_original_unrelaxed_PDB
Native155,formal_msa,8,D:\IL-24(teeth）\phase2_release\results\full181_supplement\server_baseline_snapshot\results\12_complex_prediction\formal_msa\native_blind_seed8\boltz_results_native_blind_msa\predictions\native_blind_msa\native_blind_msa_model_0.pdb,complete,,H,CDR3,5,1,98;100;101;102;104,/home/xinlab/home/ws/phase2/results/12_complex_prediction/formal_msa/native_blind_seed8/boltz_results_native_blind_msa/predictions/native_blind_msa/native_blind_msa_model_0.pdb,/home/xinlab/home/ws/phase2/results/12_complex_prediction/formal_msa/native_blind_seed8/boltz_results_native_blind_msa/predictions/native_blind_msa/native_blind_msa_model_0.pdb,D:\IL-24(teeth）\phase2_release\results\full181_supplement\server_baseline_snapshot\server_source_inventory.json,formal_msa,passed,matched_at_saved_precision,recomputed_server_original_unrelaxed_PDB
Native155,formal_msa,8,D:\IL-24(teeth）\phase2_release\results\full181_supplement\server_baseline_snapshot\results\12_complex_prediction\formal_msa\native_blind_seed8\boltz_results_native_blind_msa\predictions\native_blind_msa\native_blind_msa_model_0.pdb,complete,,H,FR4,0,0,,/home/xinlab/home/ws/phase2/results/12_complex_prediction/formal_msa/native_blind_seed8/boltz_results_native_blind_msa/predictions/native_blind_msa/native_blind_msa_model_0.pdb,/home/xinlab/home/ws/phase2/results/12_complex_prediction/formal_msa/native_blind_seed8/boltz_results_native_blind_msa/predictions/native_blind_msa/native_blind_msa_model_0.pdb,D:\IL-24(teeth）\phase2_release\results\full181_supplement\server_baseline_snapshot\server_source_inventory.json,formal_msa,passed,matched_at_saved_precision,recomputed_server_original_unrelaxed_PDB
Native155,formal_msa,8,D:\IL-24(teeth）\phase2_release\results\full181_supplement\server_baseline_snapshot\results\12_complex_prediction\formal_msa\native_blind_seed8\boltz_results_native_blind_msa\predictions\native_blind_msa\native_blind_msa_model_0.pdb,complete,,L,FR1,0,0,,/home/xinlab/home/ws/phase2/results/12_complex_prediction/formal_msa/native_blind_seed8/boltz_results_native_blind_msa/predictions/native_blind_msa/native_blind_msa_model_0.pdb,/home/xinlab/home/ws/phase2/results/12_complex_prediction/formal_msa/native_blind_seed8/boltz_results_native_blind_msa/predictions/native_blind_msa/native_blind_msa_model_0.pdb,D:\IL-24(teeth）\phase2_release\results\full181_supplement\server_baseline_snapshot\server_source_inventory.json,formal_msa,passed,matched_at_saved_precision,recomputed_server_original_unrelaxed_PDB
Native155,formal_msa,8,D:\IL-24(teeth）\phase2_release\results\full181_supplement\server_baseline_snapshot\results\12_complex_prediction\formal_msa\native_blind_seed8\boltz_results_native_blind_msa\predictions\native_blind_msa\native_blind_msa_model_0.pdb,complete,,L,CDR1,3,1,28;29;30,/home/xinlab/home/ws/phase2/results/12_complex_prediction/formal_msa/native_blind_seed8/boltz_results_native_blind_msa/predictions/native_blind_msa/native_blind_msa_model_0.pdb,/home/xinlab/home/ws/phase2/results/12_complex_prediction/formal_msa/native_blind_seed8/boltz_results_native_blind_msa/predictions/native_blind_msa/native_blind_msa_model_0.pdb,D:\IL-24(teeth）\phase2_release\results\full181_supplement\server_baseline_snapshot\server_source_inventory.json,formal_msa,passed,matched_at_saved_precision,recomputed_server_original_unrelaxed_PDB
Native155,formal_msa,8,D:\IL-24(teeth）\phase2_release\results\full181_supplement\server_baseline_snapshot\results\12_complex_prediction\formal_msa\native_blind_seed8\boltz_results_native_blind_msa\predictions\native_blind_msa\native_blind_msa_model_0.pdb,complete,,L,FR2,0,0,,/home/xinlab/home/ws/phase2/results/12_complex_prediction/formal_msa/native_blind_seed8/boltz_results_native_blind_msa/predictions/native_blind_msa/native_blind_msa_model_0.pdb,/home/xinlab/home/ws/phase2/results/12_complex_prediction/formal_msa/native_blind_seed8/boltz_results_native_blind_msa/predictions/native_blind_msa/native_blind_msa_model_0.pdb,D:\IL-24(teeth）\phase2_release\results\full181_supplement\server_baseline_snapshot\server_source_inventory.json,formal_msa,passed,matched_at_saved_precision,recomputed_server_original_unrelaxed_PDB
Native155,formal_msa,8,D:\IL-24(teeth）\phase2_release\results\full181_supplement\server_baseline_snapshot\results\12_complex_prediction\formal_msa\native_blind_seed8\boltz_results_native_blind_msa\predictions\native_blind_msa\native_blind_msa_model_0.pdb,complete,,L,CDR2,1,1,50,/home/xinlab/home/ws/phase2/results/12_complex_prediction/formal_msa/native_blind_seed8/boltz_results_native_blind_msa/predictions/native_blind_msa/native_blind_msa_model_0.pdb,/home/xinlab/home/ws/phase2/results/12_complex_prediction/formal_msa/native_blind_seed8/boltz_results_native_blind_msa/predictions/native_blind_msa/native_blind_msa_model_0.pdb,D:\IL-24(teeth）\phase2_release\results\full181_supplement\server_baseline_snapshot\server_source_inventory.json,formal_msa,passed,matched_at_saved_precision,recomputed_server_original_unrelaxed_PDB
Native155,formal_msa,8,D:\IL-24(teeth）\phase2_release\results\full181_supplement\server_baseline_snapshot\results\12_complex_prediction\formal_msa\native_blind_seed8\boltz_results_native_blind_msa\predictions\native_blind_msa\native_blind_msa_model_0.pdb,complete,,L,FR3,1,1,53,/home/xinlab/home/ws/phase2/results/12_complex_prediction/formal_msa/native_blind_seed8/boltz_results_native_blind_msa/predictions/native_blind_msa/native_blind_msa_model_0.pdb,/home/xinlab/home/ws/phase2/results/12_complex_prediction/formal_msa/native_blind_seed8/boltz_results_native_blind_msa/predictions/native_blind_msa/native_blind_msa_model_0.pdb,D:\IL-24(teeth）\phase2_release\results\full181_supplement\server_baseline_snapshot\server_source_inventory.json,formal_msa,passed,matched_at_saved_precision,recomputed_server_original_unrelaxed_PDB
Native155,formal_msa,8,D:\IL-24(teeth）\phase2_release\results\full181_supplement\server_baseline_snapshot\results\12_complex_prediction\formal_msa\native_blind_seed8\boltz_results_native_blind_msa\predictions\native_blind_msa\native_blind_msa_model_0.pdb,complete,,L,CDR3,6,1,90;91;92;93;94;95,/home/xinlab/home/ws/phase2/results/12_complex_prediction/formal_msa/native_blind_seed8/boltz_results_native_blind_msa/predictions/native_blind_msa/native_blind_msa_model_0.pdb,/home/xinlab/home/ws/phase2/results/12_complex_prediction/formal_msa/native_blind_seed8/boltz_results_native_blind_msa/predictions/native_blind_msa/native_blind_msa_model_0.pdb,D:\IL-24(teeth）\phase2_release\results\full181_supplement\server_baseline_snapshot\server_source_inventory.json,formal_msa,passed,matched_at_saved_precision,recomputed_server_original_unrelaxed_PDB
Native155,formal_msa,8,D:\IL-24(teeth）\phase2_release\results\full181_supplement\server_baseline_snapshot\results\12_complex_prediction\formal_msa\native_blind_seed8\boltz_results_native_blind_msa\predictions\native_blind_msa\native_blind_msa_model_0.pdb,complete,,L,FR4,0,0,,/home/xinlab/home/ws/phase2/results/12_complex_prediction/formal_msa/native_blind_seed8/boltz_results_native_blind_msa/predictions/native_blind_msa/native_blind_msa_model_0.pdb,/home/xinlab/home/ws/phase2/results/12_complex_prediction/formal_msa/native_blind_seed8/boltz_results_native_blind_msa/predictions/native_blind_msa/native_blind_msa_model_0.pdb,D:\IL-24(teeth）\phase2_release\results\full181_supplement\server_baseline_snapshot\server_source_inventory.json,formal_msa,passed,matched_at_saved_precision,recomputed_server_original_unrelaxed_PDB
Native155,formal_msa,9,D:\IL-24(teeth）\phase2_release\results\full181_supplement\server_baseline_snapshot\results\12_complex_prediction\formal_msa\native_blind_seed9\boltz_results_native_blind_msa\predictions\native_blind_msa\native_blind_msa_model_0.pdb,complete,,H,FR1,0,0,,/home/xinlab/home/ws/phase2/results/12_complex_prediction/formal_msa/native_blind_seed9/boltz_results_native_blind_msa/predictions/native_blind_msa/native_blind_msa_model_0.pdb,/home/xinlab/home/ws/phase2/results/12_complex_prediction/formal_msa/native_blind_seed9/boltz_results_native_blind_msa/predictions/native_blind_msa/native_blind_msa_model_0.pdb,D:\IL-24(teeth）\phase2_release\results\full181_supplement\server_baseline_snapshot\server_source_inventory.json,formal_msa,passed,matched_at_saved_precision,recomputed_server_original_unrelaxed_PDB
Native155,formal_msa,9,D:\IL-24(teeth）\phase2_release\results\full181_supplement\server_baseline_snapshot\results\12_complex_prediction\formal_msa\native_blind_seed9\boltz_results_native_blind_msa\predictions\native_blind_msa\native_blind_msa_model_0.pdb,complete,,H,CDR1,4,1,30;31;32;33,/home/xinlab/home/ws/phase2/results/12_complex_prediction/formal_msa/native_blind_seed9/boltz_results_native_blind_msa/predictions/native_blind_msa/native_blind_msa_model_0.pdb,/home/xinlab/home/ws/phase2/results/12_complex_prediction/formal_msa/native_blind_seed9/boltz_results_native_blind_msa/predictions/native_blind_msa/native_blind_msa_model_0.pdb,D:\IL-24(teeth）\phase2_release\results\full181_supplement\server_baseline_snapshot\server_source_inventory.json,formal_msa,passed,matched_at_saved_precision,recomputed_server_original_unrelaxed_PDB
Native155,formal_msa,9,D:\IL-24(teeth）\phase2_release\results\full181_supplement\server_baseline_snapshot\results\12_complex_prediction\formal_msa\native_blind_seed9\boltz_results_native_blind_msa\predictions\native_blind_msa\native_blind_msa_model_0.pdb,complete,,H,FR2,1,1,35,/home/xinlab/home/ws/phase2/results/12_complex_prediction/formal_msa/native_blind_seed9/boltz_results_native_blind_msa/predictions/native_blind_msa/native_blind_msa_model_0.pdb,/home/xinlab/home/ws/phase2/results/12_complex_prediction/formal_msa/native_blind_seed9/boltz_results_native_blind_msa/predictions/native_blind_msa/native_blind_msa_model_0.pdb,D:\IL-24(teeth）\phase2_release\results\full181_supplement\server_baseline_snapshot\server_source_inventory.json,formal_msa,passed,matched_at_saved_precision,recomputed_server_original_unrelaxed_PDB
Native155,formal_msa,9,D:\IL-24(teeth）\phase2_release\results\full181_supplement\server_baseline_snapshot\results\12_complex_prediction\formal_msa\native_blind_seed9\boltz_results_native_blind_msa\predictions\native_blind_msa\native_blind_msa_model_0.pdb,complete,,H,CDR2,3,1,50;52;53,/home/xinlab/home/ws/phase2/results/12_complex_prediction/formal_msa/native_blind_seed9/boltz_results_native_blind_msa/predictions/native_blind_msa/native_blind_msa_model_0.pdb,/home/xinlab/home/ws/phase2/results/12_complex_prediction/formal_msa/native_blind_seed9/boltz_results_native_blind_msa/predictions/native_blind_msa/native_blind_msa_model_0.pdb,D:\IL-24(teeth）\phase2_release\results\full181_supplement\server_baseline_snapshot\server_source_inventory.json,formal_msa,passed,matched_at_saved_precision,recomputed_server_original_unrelaxed_PDB
Native155,formal_msa,9,D:\IL-24(teeth）\phase2_release\results\full181_supplement\server_baseline_snapshot\results\12_complex_prediction\formal_msa\native_blind_seed9\boltz_results_native_blind_msa\predictions\native_blind_msa\native_blind_msa_model_0.pdb,complete,,H,FR3,3,1,58;59;64,/home/xinlab/home/ws/phase2/results/12_complex_prediction/formal_msa/native_blind_seed9/boltz_results_native_blind_msa/predictions/native_blind_msa/native_blind_msa_model_0.pdb,/home/xinlab/home/ws/phase2/results/12_complex_prediction/formal_msa/native_blind_seed9/boltz_results_native_blind_msa/predictions/native_blind_msa/native_blind_msa_model_0.pdb,D:\IL-24(teeth）\phase2_release\results\full181_supplement\server_baseline_snapshot\server_source_inventory.json,formal_msa,passed,matched_at_saved_precision,recomputed_server_original_unrelaxed_PDB
Native155,formal_msa,9,D:\IL-24(teeth）\phase2_release\results\full181_supplement\server_baseline_snapshot\results\12_complex_prediction\formal_msa\native_blind_seed9\boltz_results_native_blind_msa\predictions\native_blind_msa\native_blind_msa_model_0.pdb,complete,,H,CDR3,6,1,98;99;100;101;102;104,/home/xinlab/home/ws/phase2/results/12_complex_prediction/formal_msa/native_blind_seed9/boltz_results_native_blind_msa/predictions/native_blind_msa/native_blind_msa_model_0.pdb,/home/xinlab/home/ws/phase2/results/12_complex_prediction/formal_msa/native_blind_seed9/boltz_results_native_blind_msa/predictions/native_blind_msa/native_blind_msa_model_0.pdb,D:\IL-24(teeth）\phase2_release\results\full181_supplement\server_baseline_snapshot\server_source_inventory.json,formal_msa,passed,matched_at_saved_precision,recomputed_server_original_unrelaxed_PDB
Native155,formal_msa,9,D:\IL-24(teeth）\phase2_release\results\full181_supplement\server_baseline_snapshot\results\12_complex_prediction\formal_msa\native_blind_seed9\boltz_results_native_blind_msa\predictions\native_blind_msa\native_blind_msa_model_0.pdb,complete,,H,FR4,0,0,,/home/xinlab/home/ws/phase2/results/12_complex_prediction/formal_msa/native_blind_seed9/boltz_results_native_blind_msa/predictions/native_blind_msa/native_blind_msa_model_0.pdb,/home/xinlab/home/ws/phase2/results/12_complex_prediction/formal_msa/native_blind_seed9/boltz_results_native_blind_msa/predictions/native_blind_msa/native_blind_msa_model_0.pdb,D:\IL-24(teeth）\phase2_release\results\full181_supplement\server_baseline_snapshot\server_source_inventory.json,formal_msa,passed,matched_at_saved_precision,recomputed_server_original_unrelaxed_PDB
Native155,formal_msa,9,D:\IL-24(teeth）\phase2_release\results\full181_supplement\server_baseline_snapshot\results\12_complex_prediction\formal_msa\native_blind_seed9\boltz_results_native_blind_msa\predictions\native_blind_msa\native_blind_msa_model_0.pdb,complete,,L,FR1,0,0,,/home/xinlab/home/ws/phase2/results/12_complex_prediction/formal_msa/native_blind_seed9/boltz_results_native_blind_msa/predictions/native_blind_msa/native_blind_msa_model_0.pdb,/home/xinlab/home/ws/phase2/results/12_complex_prediction/formal_msa/native_blind_seed9/boltz_results_native_blind_msa/predictions/native_blind_msa/native_blind_msa_model_0.pdb,D:\IL-24(teeth）\phase2_release\results\full181_supplement\server_baseline_snapshot\server_source_inventory.json,formal_msa,passed,matched_at_saved_precision,recomputed_server_original_unrelaxed_PDB
Native155,formal_msa,9,D:\IL-24(teeth）\phase2_release\results\full181_supplement\server_baseline_snapshot\results\12_complex_prediction\formal_msa\native_blind_seed9\boltz_results_native_blind_msa\predictions\native_blind_msa\native_blind_msa_model_0.pdb,complete,,L,CDR1,0,0,,/home/xinlab/home/ws/phase2/results/12_complex_prediction/formal_msa/native_blind_seed9/boltz_results_native_blind_msa/predictions/native_blind_msa/native_blind_msa_model_0.pdb,/home/xinlab/home/ws/phase2/results/12_complex_prediction/formal_msa/native_blind_seed9/boltz_results_native_blind_msa/predictions/native_blind_msa/native_blind_msa_model_0.pdb,D:\IL-24(teeth）\phase2_release\results\full181_supplement\server_baseline_snapshot\server_source_inventory.json,formal_msa,passed,matched_at_saved_precision,recomputed_server_original_unrelaxed_PDB
Native155,formal_msa,9,D:\IL-24(teeth）\phase2_release\results\full181_supplement\server_baseline_snapshot\results\12_complex_prediction\formal_msa\native_blind_seed9\boltz_results_native_blind_msa\predictions\native_blind_msa\native_blind_msa_model_0.pdb,complete,,L,FR2,0,0,,/home/xinlab/home/ws/phase2/results/12_complex_prediction/formal_msa/native_blind_seed9/boltz_results_native_blind_msa/predictions/native_blind_msa/native_blind_msa_model_0.pdb,/home/xinlab/home/ws/phase2/results/12_complex_prediction/formal_msa/native_blind_seed9/boltz_results_native_blind_msa/predictions/native_blind_msa/native_blind_msa_model_0.pdb,D:\IL-24(teeth）\phase2_release\results\full181_supplement\server_baseline_snapshot\server_source_inventory.json,formal_msa,passed,matched_at_saved_precision,recomputed_server_original_unrelaxed_PDB
Native155,formal_msa,9,D:\IL-24(teeth）\phase2_release\results\full181_supplement\server_baseline_snapshot\results\12_complex_prediction\formal_msa\native_blind_seed9\boltz_results_native_blind_msa\predictions\native_blind_msa\native_blind_msa_model_0.pdb,complete,,L,CDR2,0,0,,/home/xinlab/home/ws/phase2/results/12_complex_prediction/formal_msa/native_blind_seed9/boltz_results_native_blind_msa/predictions/native_blind_msa/native_blind_msa_model_0.pdb,/home/xinlab/home/ws/phase2/results/12_complex_prediction/formal_msa/native_blind_seed9/boltz_results_native_blind_msa/predictions/native_blind_msa/native_blind_msa_model_0.pdb,D:\IL-24(teeth）\phase2_release\results\full181_supplement\server_baseline_snapshot\server_source_inventory.json,formal_msa,passed,matched_at_saved_precision,recomputed_server_original_unrelaxed_PDB
Native155,formal_msa,9,D:\IL-24(teeth）\phase2_release\results\full181_supplement\server_baseline_snapshot\results\12_complex_prediction\formal_msa\native_blind_seed9\boltz_results_native_blind_msa\predictions\native_blind_msa\native_blind_msa_model_0.pdb,complete,,L,FR3,1,1,53,/home/xinlab/home/ws/phase2/results/12_complex_prediction/formal_msa/native_blind_seed9/boltz_results_native_blind_msa/predictions/native_blind_msa/native_blind_msa_model_0.pdb,/home/xinlab/home/ws/phase2/results/12_complex_prediction/formal_msa/native_blind_seed9/boltz_results_native_blind_msa/predictions/native_blind_msa/native_blind_msa_model_0.pdb,D:\IL-24(teeth）\phase2_release\results\full181_supplement\server_baseline_snapshot\server_source_inventory.json,formal_msa,passed,matched_at_saved_precision,recomputed_server_original_unrelaxed_PDB
Native155,formal_msa,9,D:\IL-24(teeth）\phase2_release\results\full181_supplement\server_baseline_snapshot\results\12_complex_prediction\formal_msa\native_blind_seed9\boltz_results_native_blind_msa\predictions\native_blind_msa\native_blind_msa_model_0.pdb,complete,,L,CDR3,3,1,92;93;95,/home/xinlab/home/ws/phase2/results/12_complex_prediction/formal_msa/native_blind_seed9/boltz_results_native_blind_msa/predictions/native_blind_msa/native_blind_msa_model_0.pdb,/home/xinlab/home/ws/phase2/results/12_complex_prediction/formal_msa/native_blind_seed9/boltz_results_native_blind_msa/predictions/native_blind_msa/native_blind_msa_model_0.pdb,D:\IL-24(teeth）\phase2_release\results\full181_supplement\server_baseline_snapshot\server_source_inventory.json,formal_msa,passed,matched_at_saved_precision,recomputed_server_original_unrelaxed_PDB
Native155,formal_msa,9,D:\IL-24(teeth）\phase2_release\results\full181_supplement\server_baseline_snapshot\results\12_complex_prediction\formal_msa\native_blind_seed9\boltz_results_native_blind_msa\predictions\native_blind_msa\native_blind_msa_model_0.pdb,complete,,L,FR4,0,0,,/home/xinlab/home/ws/phase2/results/12_complex_prediction/formal_msa/native_blind_seed9/boltz_results_native_blind_msa/predictions/native_blind_msa/native_blind_msa_model_0.pdb,/home/xinlab/home/ws/phase2/results/12_complex_prediction/formal_msa/native_blind_seed9/boltz_results_native_blind_msa/predictions/native_blind_msa/native_blind_msa_model_0.pdb,D:\IL-24(teeth）\phase2_release\results\full181_supplement\server_baseline_snapshot\server_source_inventory.json,formal_msa,passed,matched_at_saved_precision,recomputed_server_original_unrelaxed_PDB
Native155,formal_msa,10,D:\IL-24(teeth）\phase2_release\results\full181_supplement\server_baseline_snapshot\results\12_complex_prediction\formal_msa\native_blind_seed10\boltz_results_native_blind_msa\predictions\native_blind_msa\native_blind_msa_model_0.pdb,complete,,H,FR1,0,0,,/home/xinlab/home/ws/phase2/results/12_complex_prediction/formal_msa/native_blind_seed10/boltz_results_native_blind_msa/predictions/native_blind_msa/native_blind_msa_model_0.pdb,/home/xinlab/home/ws/phase2/results/12_complex_prediction/formal_msa/native_blind_seed10/boltz_results_native_blind_msa/predictions/native_blind_msa/native_blind_msa_model_0.pdb,D:\IL-24(teeth）\phase2_release\results\full181_supplement\server_baseline_snapshot\server_source_inventory.json,formal_msa,passed,matched_at_saved_precision,recomputed_server_original_unrelaxed_PDB
Native155,formal_msa,10,D:\IL-24(teeth）\phase2_release\results\full181_supplement\server_baseline_snapshot\results\12_complex_prediction\formal_msa\native_blind_seed10\boltz_results_native_blind_msa\predictions\native_blind_msa\native_blind_msa_model_0.pdb,complete,,H,CDR1,4,1,30;31;32;33,/home/xinlab/home/ws/phase2/results/12_complex_prediction/formal_msa/native_blind_seed10/boltz_results_native_blind_msa/predictions/native_blind_msa/native_blind_msa_model_0.pdb,/home/xinlab/home/ws/phase2/results/12_complex_prediction/formal_msa/native_blind_seed10/boltz_results_native_blind_msa/predictions/native_blind_msa/native_blind_msa_model_0.pdb,D:\IL-24(teeth）\phase2_release\results\full181_supplement\server_baseline_snapshot\server_source_inventory.json,formal_msa,passed,matched_at_saved_precision,recomputed_server_original_unrelaxed_PDB
Native155,formal_msa,10,D:\IL-24(teeth）\phase2_release\results\full181_supplement\server_baseline_snapshot\results\12_complex_prediction\formal_msa\native_blind_seed10\boltz_results_native_blind_msa\predictions\native_blind_msa\native_blind_msa_model_0.pdb,complete,,H,FR2,1,1,35,/home/xinlab/home/ws/phase2/results/12_complex_prediction/formal_msa/native_blind_seed10/boltz_results_native_blind_msa/predictions/native_blind_msa/native_blind_msa_model_0.pdb,/home/xinlab/home/ws/phase2/results/12_complex_prediction/formal_msa/native_blind_seed10/boltz_results_native_blind_msa/predictions/native_blind_msa/native_blind_msa_model_0.pdb,D:\IL-24(teeth）\phase2_release\results\full181_supplement\server_baseline_snapshot\server_source_inventory.json,formal_msa,passed,matched_at_saved_precision,recomputed_server_original_unrelaxed_PDB
Native155,formal_msa,10,D:\IL-24(teeth）\phase2_release\results\full181_supplement\server_baseline_snapshot\results\12_complex_prediction\formal_msa\native_blind_seed10\boltz_results_native_blind_msa\predictions\native_blind_msa\native_blind_msa_model_0.pdb,complete,,H,CDR2,4,1,50;52;56;57,/home/xinlab/home/ws/phase2/results/12_complex_prediction/formal_msa/native_blind_seed10/boltz_results_native_blind_msa/predictions/native_blind_msa/native_blind_msa_model_0.pdb,/home/xinlab/home/ws/phase2/results/12_complex_prediction/formal_msa/native_blind_seed10/boltz_results_native_blind_msa/predictions/native_blind_msa/native_blind_msa_model_0.pdb,D:\IL-24(teeth）\phase2_release\results\full181_supplement\server_baseline_snapshot\server_source_inventory.json,formal_msa,passed,matched_at_saved_precision,recomputed_server_original_unrelaxed_PDB
Native155,formal_msa,10,D:\IL-24(teeth）\phase2_release\results\full181_supplement\server_baseline_snapshot\results\12_complex_prediction\formal_msa\native_blind_seed10\boltz_results_native_blind_msa\predictions\native_blind_msa\native_blind_msa_model_0.pdb,complete,,H,FR3,1,1,58,/home/xinlab/home/ws/phase2/results/12_complex_prediction/formal_msa/native_blind_seed10/boltz_results_native_blind_msa/predictions/native_blind_msa/native_blind_msa_model_0.pdb,/home/xinlab/home/ws/phase2/results/12_complex_prediction/formal_msa/native_blind_seed10/boltz_results_native_blind_msa/predictions/native_blind_msa/native_blind_msa_model_0.pdb,D:\IL-24(teeth）\phase2_release\results\full181_supplement\server_baseline_snapshot\server_source_inventory.json,formal_msa,passed,matched_at_saved_precision,recomputed_server_original_unrelaxed_PDB
Native155,formal_msa,10,D:\IL-24(teeth）\phase2_release\results\full181_supplement\server_baseline_snapshot\results\12_complex_prediction\formal_msa\native_blind_seed10\boltz_results_native_blind_msa\predictions\native_blind_msa\native_blind_msa_model_0.pdb,complete,,H,CDR3,5,1,98;100;101;102;104,/home/xinlab/home/ws/phase2/results/12_complex_prediction/formal_msa/native_blind_seed10/boltz_results_native_blind_msa/predictions/native_blind_msa/native_blind_msa_model_0.pdb,/home/xinlab/home/ws/phase2/results/12_complex_prediction/formal_msa/native_blind_seed10/boltz_results_native_blind_msa/predictions/native_blind_msa/native_blind_msa_model_0.pdb,D:\IL-24(teeth）\phase2_release\results\full181_supplement\server_baseline_snapshot\server_source_inventory.json,formal_msa,passed,matched_at_saved_precision,recomputed_server_original_unrelaxed_PDB
Native155,formal_msa,10,D:\IL-24(teeth）\phase2_release\results\full181_supplement\server_baseline_snapshot\results\12_complex_prediction\formal_msa\native_blind_seed10\boltz_results_native_blind_msa\predictions\native_blind_msa\native_blind_msa_model_0.pdb,complete,,H,FR4,0,0,,/home/xinlab/home/ws/phase2/results/12_complex_prediction/formal_msa/native_blind_seed10/boltz_results_native_blind_msa/predictions/native_blind_msa/native_blind_msa_model_0.pdb,/home/xinlab/home/ws/phase2/results/12_complex_prediction/formal_msa/native_blind_seed10/boltz_results_native_blind_msa/predictions/native_blind_msa/native_blind_msa_model_0.pdb,D:\IL-24(teeth）\phase2_release\results\full181_supplement\server_baseline_snapshot\server_source_inventory.json,formal_msa,passed,matched_at_saved_precision,recomputed_server_original_unrelaxed_PDB
Native155,formal_msa,10,D:\IL-24(teeth）\phase2_release\results\full181_supplement\server_baseline_snapshot\results\12_complex_prediction\formal_msa\native_blind_seed10\boltz_results_native_blind_msa\predictions\native_blind_msa\native_blind_msa_model_0.pdb,complete,,L,FR1,0,0,,/home/xinlab/home/ws/phase2/results/12_complex_prediction/formal_msa/native_blind_seed10/boltz_results_native_blind_msa/predictions/native_blind_msa/native_blind_msa_model_0.pdb,/home/xinlab/home/ws/phase2/results/12_complex_prediction/formal_msa/native_blind_seed10/boltz_results_native_blind_msa/predictions/native_blind_msa/native_blind_msa_model_0.pdb,D:\IL-24(teeth）\phase2_release\results\full181_supplement\server_baseline_snapshot\server_source_inventory.json,formal_msa,passed,matched_at_saved_precision,recomputed_server_original_unrelaxed_PDB
Native155,formal_msa,10,D:\IL-24(teeth）\phase2_release\results\full181_supplement\server_baseline_snapshot\results\12_complex_prediction\formal_msa\native_blind_seed10\boltz_results_native_blind_msa\predictions\native_blind_msa\native_blind_msa_model_0.pdb,complete,,L,CDR1,1,1,31,/home/xinlab/home/ws/phase2/results/12_complex_prediction/formal_msa/native_blind_seed10/boltz_results_native_blind_msa/predictions/native_blind_msa/native_blind_msa_model_0.pdb,/home/xinlab/home/ws/phase2/results/12_complex_prediction/formal_msa/native_blind_seed10/boltz_results_native_blind_msa/predictions/native_blind_msa/native_blind_msa_model_0.pdb,D:\IL-24(teeth）\phase2_release\results\full181_supplement\server_baseline_snapshot\server_source_inventory.json,formal_msa,passed,matched_at_saved_precision,recomputed_server_original_unrelaxed_PDB
Native155,formal_msa,10,D:\IL-24(teeth）\phase2_release\results\full181_supplement\server_baseline_snapshot\results\12_complex_prediction\formal_msa\native_blind_seed10\boltz_results_native_blind_msa\predictions\native_blind_msa\native_blind_msa_model_0.pdb,complete,,L,FR2,0,0,,/home/xinlab/home/ws/phase2/results/12_complex_prediction/formal_msa/native_blind_seed10/boltz_results_native_blind_msa/predictions/native_blind_msa/native_blind_msa_model_0.pdb,/home/xinlab/home/ws/phase2/results/12_complex_prediction/formal_msa/native_blind_seed10/boltz_results_native_blind_msa/predictions/native_blind_msa/native_blind_msa_model_0.pdb,D:\IL-24(teeth）\phase2_release\results\full181_supplement\server_baseline_snapshot\server_source_inventory.json,formal_msa,passed,matched_at_saved_precision,recomputed_server_original_unrelaxed_PDB
Native155,formal_msa,10,D:\IL-24(teeth）\phase2_release\results\full181_supplement\server_baseline_snapshot\results\12_complex_prediction\formal_msa\native_blind_seed10\boltz_results_native_blind_msa\predictions\native_blind_msa\native_blind_msa_model_0.pdb,complete,,L,CDR2,1,1,50,/home/xinlab/home/ws/phase2/results/12_complex_prediction/formal_msa/native_blind_seed10/boltz_results_native_blind_msa/predictions/native_blind_msa/native_blind_msa_model_0.pdb,/home/xinlab/home/ws/phase2/results/12_complex_prediction/formal_msa/native_blind_seed10/boltz_results_native_blind_msa/predictions/native_blind_msa/native_blind_msa_model_0.pdb,D:\IL-24(teeth）\phase2_release\results\full181_supplement\server_baseline_snapshot\server_source_inventory.json,formal_msa,passed,matched_at_saved_precision,recomputed_server_original_unrelaxed_PDB
Native155,formal_msa,10,D:\IL-24(teeth）\phase2_release\results\full181_supplement\server_baseline_snapshot\results\12_complex_prediction\formal_msa\native_blind_seed10\boltz_results_native_blind_msa\predictions\native_blind_msa\native_blind_msa_model_0.pdb,complete,,L,FR3,1,1,53,/home/xinlab/home/ws/phase2/results/12_complex_prediction/formal_msa/native_blind_seed10/boltz_results_native_blind_msa/predictions/native_blind_msa/native_blind_msa_model_0.pdb,/home/xinlab/home/ws/phase2/results/12_complex_prediction/formal_msa/native_blind_seed10/boltz_results_native_blind_msa/predictions/native_blind_msa/native_blind_msa_model_0.pdb,D:\IL-24(teeth）\phase2_release\results\full181_supplement\server_baseline_snapshot\server_source_inventory.json,formal_msa,passed,matched_at_saved_precision,recomputed_server_original_unrelaxed_PDB
Native155,formal_msa,10,D:\IL-24(teeth）\phase2_release\results\full181_supplement\server_baseline_snapshot\results\12_complex_prediction\formal_msa\native_blind_seed10\boltz_results_native_blind_msa\predictions\native_blind_msa\native_blind_msa_model_0.pdb,complete,,L,CDR3,3,1,91;93;95,/home/xinlab/home/ws/phase2/results/12_complex_prediction/formal_msa/native_blind_seed10/boltz_results_native_blind_msa/predictions/native_blind_msa/native_blind_msa_model_0.pdb,/home/xinlab/home/ws/phase2/results/12_complex_prediction/formal_msa/native_blind_seed10/boltz_results_native_blind_msa/predictions/native_blind_msa/native_blind_msa_model_0.pdb,D:\IL-24(teeth）\phase2_release\results\full181_supplement\server_baseline_snapshot\server_source_inventory.json,formal_msa,passed,matched_at_saved_precision,recomputed_server_original_unrelaxed_PDB
Native155,formal_msa,10,D:\IL-24(teeth）\phase2_release\results\full181_supplement\server_baseline_snapshot\results\12_complex_prediction\formal_msa\native_blind_seed10\boltz_results_native_blind_msa\predictions\native_blind_msa\native_blind_msa_model_0.pdb,complete,,L,FR4,0,0,,/home/xinlab/home/ws/phase2/results/12_complex_prediction/formal_msa/native_blind_seed10/boltz_results_native_blind_msa/predictions/native_blind_msa/native_blind_msa_model_0.pdb,/home/xinlab/home/ws/phase2/results/12_complex_prediction/formal_msa/native_blind_seed10/boltz_results_native_blind_msa/predictions/native_blind_msa/native_blind_msa_model_0.pdb,D:\IL-24(teeth）\phase2_release\results\full181_supplement\server_baseline_snapshot\server_source_inventory.json,formal_msa,passed,matched_at_saved_precision,recomputed_server_original_unrelaxed_PDB
Native155,formal_msa,11,D:\IL-24(teeth）\phase2_release\results\full181_supplement\server_baseline_snapshot\results\12_complex_prediction\formal_msa\native_blind_seed11\boltz_results_native_blind_msa\predictions\native_blind_msa\native_blind_msa_model_0.pdb,complete,,H,FR1,0,0,,/home/xinlab/home/ws/phase2/results/12_complex_prediction/formal_msa/native_blind_seed11/boltz_results_native_blind_msa/predictions/native_blind_msa/native_blind_msa_model_0.pdb,/home/xinlab/home/ws/phase2/results/12_complex_prediction/formal_msa/native_blind_seed11/boltz_results_native_blind_msa/predictions/native_blind_msa/native_blind_msa_model_0.pdb,D:\IL-24(teeth）\phase2_release\results\full181_supplement\server_baseline_snapshot\server_source_inventory.json,formal_msa,passed,matched_at_saved_precision,recomputed_server_original_unrelaxed_PDB
Native155,formal_msa,11,D:\IL-24(teeth）\phase2_release\results\full181_supplement\server_baseline_snapshot\results\12_complex_prediction\formal_msa\native_blind_seed11\boltz_results_native_blind_msa\predictions\native_blind_msa\native_blind_msa_model_0.pdb,complete,,H,CDR1,4,1,30;31;32;33,/home/xinlab/home/ws/phase2/results/12_complex_prediction/formal_msa/native_blind_seed11/boltz_results_native_blind_msa/predictions/native_blind_msa/native_blind_msa_model_0.pdb,/home/xinlab/home/ws/phase2/results/12_complex_prediction/formal_msa/native_blind_seed11/boltz_results_native_blind_msa/predictions/native_blind_msa/native_blind_msa_model_0.pdb,D:\IL-24(teeth）\phase2_release\results\full181_supplement\server_baseline_snapshot\server_source_inventory.json,formal_msa,passed,matched_at_saved_precision,recomputed_server_original_unrelaxed_PDB
Native155,formal_msa,11,D:\IL-24(teeth）\phase2_release\results\full181_supplement\server_baseline_snapshot\results\12_complex_prediction\formal_msa\native_blind_seed11\boltz_results_native_blind_msa\predictions\native_blind_msa\native_blind_msa_model_0.pdb,complete,,H,FR2,2,1,35;47,/home/xinlab/home/ws/phase2/results/12_complex_prediction/formal_msa/native_blind_seed11/boltz_results_native_blind_msa/predictions/native_blind_msa/native_blind_msa_model_0.pdb,/home/xinlab/home/ws/phase2/results/12_complex_prediction/formal_msa/native_blind_seed11/boltz_results_native_blind_msa/predictions/native_blind_msa/native_blind_msa_model_0.pdb,D:\IL-24(teeth）\phase2_release\results\full181_supplement\server_baseline_snapshot\server_source_inventory.json,formal_msa,passed,matched_at_saved_precision,recomputed_server_original_unrelaxed_PDB
Native155,formal_msa,11,D:\IL-24(teeth）\phase2_release\results\full181_supplement\server_baseline_snapshot\results\12_complex_prediction\formal_msa\native_blind_seed11\boltz_results_native_blind_msa\predictions\native_blind_msa\native_blind_msa_model_0.pdb,complete,,H,CDR2,3,1,50;53;54,/home/xinlab/home/ws/phase2/results/12_complex_prediction/formal_msa/native_blind_seed11/boltz_results_native_blind_msa/predictions/native_blind_msa/native_blind_msa_model_0.pdb,/home/xinlab/home/ws/phase2/results/12_complex_prediction/formal_msa/native_blind_seed11/boltz_results_native_blind_msa/predictions/native_blind_msa/native_blind_msa_model_0.pdb,D:\IL-24(teeth）\phase2_release\results\full181_supplement\server_baseline_snapshot\server_source_inventory.json,formal_msa,passed,matched_at_saved_precision,recomputed_server_original_unrelaxed_PDB
Native155,formal_msa,11,D:\IL-24(teeth）\phase2_release\results\full181_supplement\server_baseline_snapshot\results\12_complex_prediction\formal_msa\native_blind_seed11\boltz_results_native_blind_msa\predictions\native_blind_msa\native_blind_msa_model_0.pdb,complete,,H,FR3,2,1,58;61,/home/xinlab/home/ws/phase2/results/12_complex_prediction/formal_msa/native_blind_seed11/boltz_results_native_blind_msa/predictions/native_blind_msa/native_blind_msa_model_0.pdb,/home/xinlab/home/ws/phase2/results/12_complex_prediction/formal_msa/native_blind_seed11/boltz_results_native_blind_msa/predictions/native_blind_msa/native_blind_msa_model_0.pdb,D:\IL-24(teeth）\phase2_release\results\full181_supplement\server_baseline_snapshot\server_source_inventory.json,formal_msa,passed,matched_at_saved_precision,recomputed_server_original_unrelaxed_PDB
Native155,formal_msa,11,D:\IL-24(teeth）\phase2_release\results\full181_supplement\server_baseline_snapshot\results\12_complex_prediction\formal_msa\native_blind_seed11\boltz_results_native_blind_msa\predictions\native_blind_msa\native_blind_msa_model_0.pdb,complete,,H,CDR3,5,1,98;99;100;101;104,/home/xinlab/home/ws/phase2/results/12_complex_prediction/formal_msa/native_blind_seed11/boltz_results_native_blind_msa/predictions/native_blind_msa/native_blind_msa_model_0.pdb,/home/xinlab/home/ws/phase2/results/12_complex_prediction/formal_msa/native_blind_seed11/boltz_results_native_blind_msa/predictions/native_blind_msa/native_blind_msa_model_0.pdb,D:\IL-24(teeth）\phase2_release\results\full181_supplement\server_baseline_snapshot\server_source_inventory.json,formal_msa,passed,matched_at_saved_precision,recomputed_server_original_unrelaxed_PDB
Native155,formal_msa,11,D:\IL-24(teeth）\phase2_release\results\full181_supplement\server_baseline_snapshot\results\12_complex_prediction\formal_msa\native_blind_seed11\boltz_results_native_blind_msa\predictions\native_blind_msa\native_blind_msa_model_0.pdb,complete,,H,FR4,0,0,,/home/xinlab/home/ws/phase2/results/12_complex_prediction/formal_msa/native_blind_seed11/boltz_results_native_blind_msa/predictions/native_blind_msa/native_blind_msa_model_0.pdb,/home/xinlab/home/ws/phase2/results/12_complex_prediction/formal_msa/native_blind_seed11/boltz_results_native_blind_msa/predictions/native_blind_msa/native_blind_msa_model_0.pdb,D:\IL-24(teeth）\phase2_release\results\full181_supplement\server_baseline_snapshot\server_source_inventory.json,formal_msa,passed,matched_at_saved_precision,recomputed_server_original_unrelaxed_PDB
Native155,formal_msa,11,D:\IL-24(teeth）\phase2_release\results\full181_supplement\server_baseline_snapshot\results\12_complex_prediction\formal_msa\native_blind_seed11\boltz_results_native_blind_msa\predictions\native_blind_msa\native_blind_msa_model_0.pdb,complete,,L,FR1,0,0,,/home/xinlab/home/ws/phase2/results/12_complex_prediction/formal_msa/native_blind_seed11/boltz_results_native_blind_msa/predictions/native_blind_msa/native_blind_msa_model_0.pdb,/home/xinlab/home/ws/phase2/results/12_complex_prediction/formal_msa/native_blind_seed11/boltz_results_native_blind_msa/predictions/native_blind_msa/native_blind_msa_model_0.pdb,D:\IL-24(teeth）\phase2_release\results\full181_supplement\server_baseline_snapshot\server_source_inventory.json,formal_msa,passed,matched_at_saved_precision,recomputed_server_original_unrelaxed_PDB
Native155,formal_msa,11,D:\IL-24(teeth）\phase2_release\results\full181_supplement\server_baseline_snapshot\results\12_complex_prediction\formal_msa\native_blind_seed11\boltz_results_native_blind_msa\predictions\native_blind_msa\native_blind_msa_model_0.pdb,complete,,L,CDR1,4,1,27;28;29;30,/home/xinlab/home/ws/phase2/results/12_complex_prediction/formal_msa/native_blind_seed11/boltz_results_native_blind_msa/predictions/native_blind_msa/native_blind_msa_model_0.pdb,/home/xinlab/home/ws/phase2/results/12_complex_prediction/formal_msa/native_blind_seed11/boltz_results_native_blind_msa/predictions/native_blind_msa/native_blind_msa_model_0.pdb,D:\IL-24(teeth）\phase2_release\results\full181_supplement\server_baseline_snapshot\server_source_inventory.json,formal_msa,passed,matched_at_saved_precision,recomputed_server_original_unrelaxed_PDB
Native155,formal_msa,11,D:\IL-24(teeth）\phase2_release\results\full181_supplement\server_baseline_snapshot\results\12_complex_prediction\formal_msa\native_blind_seed11\boltz_results_native_blind_msa\predictions\native_blind_msa\native_blind_msa_model_0.pdb,complete,,L,FR2,0,0,,/home/xinlab/home/ws/phase2/results/12_complex_prediction/formal_msa/native_blind_seed11/boltz_results_native_blind_msa/predictions/native_blind_msa/native_blind_msa_model_0.pdb,/home/xinlab/home/ws/phase2/results/12_complex_prediction/formal_msa/native_blind_seed11/boltz_results_native_blind_msa/predictions/native_blind_msa/native_blind_msa_model_0.pdb,D:\IL-24(teeth）\phase2_release\results\full181_supplement\server_baseline_snapshot\server_source_inventory.json,formal_msa,passed,matched_at_saved_precision,recomputed_server_original_unrelaxed_PDB
Native155,formal_msa,11,D:\IL-24(teeth）\phase2_release\results\full181_supplement\server_baseline_snapshot\results\12_complex_prediction\formal_msa\native_blind_seed11\boltz_results_native_blind_msa\predictions\native_blind_msa\native_blind_msa_model_0.pdb,complete,,L,CDR2,1,1,50,/home/xinlab/home/ws/phase2/results/12_complex_prediction/formal_msa/native_blind_seed11/boltz_results_native_blind_msa/predictions/native_blind_msa/native_blind_msa_model_0.pdb,/home/xinlab/home/ws/phase2/results/12_complex_prediction/formal_msa/native_blind_seed11/boltz_results_native_blind_msa/predictions/native_blind_msa/native_blind_msa_model_0.pdb,D:\IL-24(teeth）\phase2_release\results\full181_supplement\server_baseline_snapshot\server_source_inventory.json,formal_msa,passed,matched_at_saved_precision,recomputed_server_original_unrelaxed_PDB
Native155,formal_msa,11,D:\IL-24(teeth）\phase2_release\results\full181_supplement\server_baseline_snapshot\results\12_complex_prediction\formal_msa\native_blind_seed11\boltz_results_native_blind_msa\predictions\native_blind_msa\native_blind_msa_model_0.pdb,complete,,L,FR3,0,0,,/home/xinlab/home/ws/phase2/results/12_complex_prediction/formal_msa/native_blind_seed11/boltz_results_native_blind_msa/predictions/native_blind_msa/native_blind_msa_model_0.pdb,/home/xinlab/home/ws/phase2/results/12_complex_prediction/formal_msa/native_blind_seed11/boltz_results_native_blind_msa/predictions/native_blind_msa/native_blind_msa_model_0.pdb,D:\IL-24(teeth）\phase2_release\results\full181_supplement\server_baseline_snapshot\server_source_inventory.json,formal_msa,passed,matched_at_saved_precision,recomputed_server_original_unrelaxed_PDB
Native155,formal_msa,11,D:\IL-24(teeth）\phase2_release\results\full181_supplement\server_baseline_snapshot\results\12_complex_prediction\formal_msa\native_blind_seed11\boltz_results_native_blind_msa\predictions\native_blind_msa\native_blind_msa_model_0.pdb,complete,,L,CDR3,4,1,91;92;93;95,/home/xinlab/home/ws/phase2/results/12_complex_prediction/formal_msa/native_blind_seed11/boltz_results_native_blind_msa/predictions/native_blind_msa/native_blind_msa_model_0.pdb,/home/xinlab/home/ws/phase2/results/12_complex_prediction/formal_msa/native_blind_seed11/boltz_results_native_blind_msa/predictions/native_blind_msa/native_blind_msa_model_0.pdb,D:\IL-24(teeth）\phase2_release\results\full181_supplement\server_baseline_snapshot\server_source_inventory.json,formal_msa,passed,matched_at_saved_precision,recomputed_server_original_unrelaxed_PDB
Native155,formal_msa,11,D:\IL-24(teeth）\phase2_release\results\full181_supplement\server_baseline_snapshot\results\12_complex_prediction\formal_msa\native_blind_seed11\boltz_results_native_blind_msa\predictions\native_blind_msa\native_blind_msa_model_0.pdb,complete,,L,FR4,0,0,,/home/xinlab/home/ws/phase2/results/12_complex_prediction/formal_msa/native_blind_seed11/boltz_results_native_blind_msa/predictions/native_blind_msa/native_blind_msa_model_0.pdb,/home/xinlab/home/ws/phase2/results/12_complex_prediction/formal_msa/native_blind_seed11/boltz_results_native_blind_msa/predictions/native_blind_msa/native_blind_msa_model_0.pdb,D:\IL-24(teeth）\phase2_release\results\full181_supplement\server_baseline_snapshot\server_source_inventory.json,formal_msa,passed,matched_at_saved_precision,recomputed_server_original_unrelaxed_PDB
Native155,formal_msa,12,D:\IL-24(teeth）\phase2_release\results\full181_supplement\server_baseline_snapshot\results\12_complex_prediction\formal_msa\native_blind_seed12\boltz_results_native_blind_msa\predictions\native_blind_msa\native_blind_msa_model_0.pdb,complete,,H,FR1,0,0,,/home/xinlab/home/ws/phase2/results/12_complex_prediction/formal_msa/native_blind_seed12/boltz_results_native_blind_msa/predictions/native_blind_msa/native_blind_msa_model_0.pdb,/home/xinlab/home/ws/phase2/results/12_complex_prediction/formal_msa/native_blind_seed12/boltz_results_native_blind_msa/predictions/native_blind_msa/native_blind_msa_model_0.pdb,D:\IL-24(teeth）\phase2_release\results\full181_supplement\server_baseline_snapshot\server_source_inventory.json,formal_msa,passed,matched_at_saved_precision,recomputed_server_original_unrelaxed_PDB
Native155,formal_msa,12,D:\IL-24(teeth）\phase2_release\results\full181_supplement\server_baseline_snapshot\results\12_complex_prediction\formal_msa\native_blind_seed12\boltz_results_native_blind_msa\predictions\native_blind_msa\native_blind_msa_model_0.pdb,complete,,H,CDR1,4,1,30;31;32;33,/home/xinlab/home/ws/phase2/results/12_complex_prediction/formal_msa/native_blind_seed12/boltz_results_native_blind_msa/predictions/native_blind_msa/native_blind_msa_model_0.pdb,/home/xinlab/home/ws/phase2/results/12_complex_prediction/formal_msa/native_blind_seed12/boltz_results_native_blind_msa/predictions/native_blind_msa/native_blind_msa_model_0.pdb,D:\IL-24(teeth）\phase2_release\results\full181_supplement\server_baseline_snapshot\server_source_inventory.json,formal_msa,passed,matched_at_saved_precision,recomputed_server_original_unrelaxed_PDB
Native155,formal_msa,12,D:\IL-24(teeth）\phase2_release\results\full181_supplement\server_baseline_snapshot\results\12_complex_prediction\formal_msa\native_blind_seed12\boltz_results_native_blind_msa\predictions\native_blind_msa\native_blind_msa_model_0.pdb,complete,,H,FR2,1,1,35,/home/xinlab/home/ws/phase2/results/12_complex_prediction/formal_msa/native_blind_seed12/boltz_results_native_blind_msa/predictions/native_blind_msa/native_blind_msa_model_0.pdb,/home/xinlab/home/ws/phase2/results/12_complex_prediction/formal_msa/native_blind_seed12/boltz_results_native_blind_msa/predictions/native_blind_msa/native_blind_msa_model_0.pdb,D:\IL-24(teeth）\phase2_release\results\full181_supplement\server_baseline_snapshot\server_source_inventory.json,formal_msa,passed,matched_at_saved_precision,recomputed_server_original_unrelaxed_PDB
Native155,formal_msa,12,D:\IL-24(teeth）\phase2_release\results\full181_supplement\server_baseline_snapshot\results\12_complex_prediction\formal_msa\native_blind_seed12\boltz_results_native_blind_msa\predictions\native_blind_msa\native_blind_msa_model_0.pdb,complete,,H,CDR2,3,1,50;53;54,/home/xinlab/home/ws/phase2/results/12_complex_prediction/formal_msa/native_blind_seed12/boltz_results_native_blind_msa/predictions/native_blind_msa/native_blind_msa_model_0.pdb,/home/xinlab/home/ws/phase2/results/12_complex_prediction/formal_msa/native_blind_seed12/boltz_results_native_blind_msa/predictions/native_blind_msa/native_blind_msa_model_0.pdb,D:\IL-24(teeth）\phase2_release\results\full181_supplement\server_baseline_snapshot\server_source_inventory.json,formal_msa,passed,matched_at_saved_precision,recomputed_server_original_unrelaxed_PDB
Native155,formal_msa,12,D:\IL-24(teeth）\phase2_release\results\full181_supplement\server_baseline_snapshot\results\12_complex_prediction\formal_msa\native_blind_seed12\boltz_results_native_blind_msa\predictions\native_blind_msa\native_blind_msa_model_0.pdb,complete,,H,FR3,1,1,58,/home/xinlab/home/ws/phase2/results/12_complex_prediction/formal_msa/native_blind_seed12/boltz_results_native_blind_msa/predictions/native_blind_msa/native_blind_msa_model_0.pdb,/home/xinlab/home/ws/phase2/results/12_complex_prediction/formal_msa/native_blind_seed12/boltz_results_native_blind_msa/predictions/native_blind_msa/native_blind_msa_model_0.pdb,D:\IL-24(teeth）\phase2_release\results\full181_supplement\server_baseline_snapshot\server_source_inventory.json,formal_msa,passed,matched_at_saved_precision,recomputed_server_original_unrelaxed_PDB
Native155,formal_msa,12,D:\IL-24(teeth）\phase2_release\results\full181_supplement\server_baseline_snapshot\results\12_complex_prediction\formal_msa\native_blind_seed12\boltz_results_native_blind_msa\predictions\native_blind_msa\native_blind_msa_model_0.pdb,complete,,H,CDR3,6,1,98;99;100;101;102;104,/home/xinlab/home/ws/phase2/results/12_complex_prediction/formal_msa/native_blind_seed12/boltz_results_native_blind_msa/predictions/native_blind_msa/native_blind_msa_model_0.pdb,/home/xinlab/home/ws/phase2/results/12_complex_prediction/formal_msa/native_blind_seed12/boltz_results_native_blind_msa/predictions/native_blind_msa/native_blind_msa_model_0.pdb,D:\IL-24(teeth）\phase2_release\results\full181_supplement\server_baseline_snapshot\server_source_inventory.json,formal_msa,passed,matched_at_saved_precision,recomputed_server_original_unrelaxed_PDB
Native155,formal_msa,12,D:\IL-24(teeth）\phase2_release\results\full181_supplement\server_baseline_snapshot\results\12_complex_prediction\formal_msa\native_blind_seed12\boltz_results_native_blind_msa\predictions\native_blind_msa\native_blind_msa_model_0.pdb,complete,,H,FR4,0,0,,/home/xinlab/home/ws/phase2/results/12_complex_prediction/formal_msa/native_blind_seed12/boltz_results_native_blind_msa/predictions/native_blind_msa/native_blind_msa_model_0.pdb,/home/xinlab/home/ws/phase2/results/12_complex_prediction/formal_msa/native_blind_seed12/boltz_results_native_blind_msa/predictions/native_blind_msa/native_blind_msa_model_0.pdb,D:\IL-24(teeth）\phase2_release\results\full181_supplement\server_baseline_snapshot\server_source_inventory.json,formal_msa,passed,matched_at_saved_precision,recomputed_server_original_unrelaxed_PDB
Native155,formal_msa,12,D:\IL-24(teeth）\phase2_release\results\full181_supplement\server_baseline_snapshot\results\12_complex_prediction\formal_msa\native_blind_seed12\boltz_results_native_blind_msa\predictions\native_blind_msa\native_blind_msa_model_0.pdb,complete,,L,FR1,0,0,,/home/xinlab/home/ws/phase2/results/12_complex_prediction/formal_msa/native_blind_seed12/boltz_results_native_blind_msa/predictions/native_blind_msa/native_blind_msa_model_0.pdb,/home/xinlab/home/ws/phase2/results/12_complex_prediction/formal_msa/native_blind_seed12/boltz_results_native_blind_msa/predictions/native_blind_msa/native_blind_msa_model_0.pdb,D:\IL-24(teeth）\phase2_release\results\full181_supplement\server_baseline_snapshot\server_source_inventory.json,formal_msa,passed,matched_at_saved_precision,recomputed_server_original_unrelaxed_PDB
Native155,formal_msa,12,D:\IL-24(teeth）\phase2_release\results\full181_supplement\server_baseline_snapshot\results\12_complex_prediction\formal_msa\native_blind_seed12\boltz_results_native_blind_msa\predictions\native_blind_msa\native_blind_msa_model_0.pdb,complete,,L,CDR1,0,0,,/home/xinlab/home/ws/phase2/results/12_complex_prediction/formal_msa/native_blind_seed12/boltz_results_native_blind_msa/predictions/native_blind_msa/native_blind_msa_model_0.pdb,/home/xinlab/home/ws/phase2/results/12_complex_prediction/formal_msa/native_blind_seed12/boltz_results_native_blind_msa/predictions/native_blind_msa/native_blind_msa_model_0.pdb,D:\IL-24(teeth）\phase2_release\results\full181_supplement\server_baseline_snapshot\server_source_inventory.json,formal_msa,passed,matched_at_saved_precision,recomputed_server_original_unrelaxed_PDB
Native155,formal_msa,12,D:\IL-24(teeth）\phase2_release\results\full181_supplement\server_baseline_snapshot\results\12_complex_prediction\formal_msa\native_blind_seed12\boltz_results_native_blind_msa\predictions\native_blind_msa\native_blind_msa_model_0.pdb,complete,,L,FR2,0,0,,/home/xinlab/home/ws/phase2/results/12_complex_prediction/formal_msa/native_blind_seed12/boltz_results_native_blind_msa/predictions/native_blind_msa/native_blind_msa_model_0.pdb,/home/xinlab/home/ws/phase2/results/12_complex_prediction/formal_msa/native_blind_seed12/boltz_results_native_blind_msa/predictions/native_blind_msa/native_blind_msa_model_0.pdb,D:\IL-24(teeth）\phase2_release\results\full181_supplement\server_baseline_snapshot\server_source_inventory.json,formal_msa,passed,matched_at_saved_precision,recomputed_server_original_unrelaxed_PDB
Native155,formal_msa,12,D:\IL-24(teeth）\phase2_release\results\full181_supplement\server_baseline_snapshot\results\12_complex_prediction\formal_msa\native_blind_seed12\boltz_results_native_blind_msa\predictions\native_blind_msa\native_blind_msa_model_0.pdb,complete,,L,CDR2,1,1,50,/home/xinlab/home/ws/phase2/results/12_complex_prediction/formal_msa/native_blind_seed12/boltz_results_native_blind_msa/predictions/native_blind_msa/native_blind_msa_model_0.pdb,/home/xinlab/home/ws/phase2/results/12_complex_prediction/formal_msa/native_blind_seed12/boltz_results_native_blind_msa/predictions/native_blind_msa/native_blind_msa_model_0.pdb,D:\IL-24(teeth）\phase2_release\results\full181_supplement\server_baseline_snapshot\server_source_inventory.json,formal_msa,passed,matched_at_saved_precision,recomputed_server_original_unrelaxed_PDB
Native155,formal_msa,12,D:\IL-24(teeth）\phase2_release\results\full181_supplement\server_baseline_snapshot\results\12_complex_prediction\formal_msa\native_blind_seed12\boltz_results_native_blind_msa\predictions\native_blind_msa\native_blind_msa_model_0.pdb,complete,,L,FR3,1,1,53,/home/xinlab/home/ws/phase2/results/12_complex_prediction/formal_msa/native_blind_seed12/boltz_results_native_blind_msa/predictions/native_blind_msa/native_blind_msa_model_0.pdb,/home/xinlab/home/ws/phase2/results/12_complex_prediction/formal_msa/native_blind_seed12/boltz_results_native_blind_msa/predictions/native_blind_msa/native_blind_msa_model_0.pdb,D:\IL-24(teeth）\phase2_release\results\full181_supplement\server_baseline_snapshot\server_source_inventory.json,formal_msa,passed,matched_at_saved_precision,recomputed_server_original_unrelaxed_PDB
Native155,formal_msa,12,D:\IL-24(teeth）\phase2_release\results\full181_supplement\server_baseline_snapshot\results\12_complex_prediction\formal_msa\native_blind_seed12\boltz_results_native_blind_msa\predictions\native_blind_msa\native_blind_msa_model_0.pdb,complete,,L,CDR3,5,1,90;91;92;93;95,/home/xinlab/home/ws/phase2/results/12_complex_prediction/formal_msa/native_blind_seed12/boltz_results_native_blind_msa/predictions/native_blind_msa/native_blind_msa_model_0.pdb,/home/xinlab/home/ws/phase2/results/12_complex_prediction/formal_msa/native_blind_seed12/boltz_results_native_blind_msa/predictions/native_blind_msa/native_blind_msa_model_0.pdb,D:\IL-24(teeth）\phase2_release\results\full181_supplement\server_baseline_snapshot\server_source_inventory.json,formal_msa,passed,matched_at_saved_precision,recomputed_server_original_unrelaxed_PDB
Native155,formal_msa,12,D:\IL-24(teeth）\phase2_release\results\full181_supplement\server_baseline_snapshot\results\12_complex_prediction\formal_msa\native_blind_seed12\boltz_results_native_blind_msa\predictions\native_blind_msa\native_blind_msa_model_0.pdb,complete,,L,FR4,0,0,,/home/xinlab/home/ws/phase2/results/12_complex_prediction/formal_msa/native_blind_seed12/boltz_results_native_blind_msa/predictions/native_blind_msa/native_blind_msa_model_0.pdb,/home/xinlab/home/ws/phase2/results/12_complex_prediction/formal_msa/native_blind_seed12/boltz_results_native_blind_msa/predictions/native_blind_msa/native_blind_msa_model_0.pdb,D:\IL-24(teeth）\phase2_release\results\full181_supplement\server_baseline_snapshot\server_source_inventory.json,formal_msa,passed,matched_at_saved_precision,recomputed_server_original_unrelaxed_PDB
Native155,formal_msa,13,D:\IL-24(teeth）\phase2_release\results\full181_supplement\server_baseline_snapshot\results\12_complex_prediction\formal_msa\native_blind_seed13\boltz_results_native_blind_msa\predictions\native_blind_msa\native_blind_msa_model_0.pdb,complete,,H,FR1,0,0,,/home/xinlab/home/ws/phase2/results/12_complex_prediction/formal_msa/native_blind_seed13/boltz_results_native_blind_msa/predictions/native_blind_msa/native_blind_msa_model_0.pdb,/home/xinlab/home/ws/phase2/results/12_complex_prediction/formal_msa/native_blind_seed13/boltz_results_native_blind_msa/predictions/native_blind_msa/native_blind_msa_model_0.pdb,D:\IL-24(teeth）\phase2_release\results\full181_supplement\server_baseline_snapshot\server_source_inventory.json,formal_msa,passed,matched_at_saved_precision,recomputed_server_original_unrelaxed_PDB
Native155,formal_msa,13,D:\IL-24(teeth）\phase2_release\results\full181_supplement\server_baseline_snapshot\results\12_complex_prediction\formal_msa\native_blind_seed13\boltz_results_native_blind_msa\predictions\native_blind_msa\native_blind_msa_model_0.pdb,complete,,H,CDR1,5,1,28;30;31;32;33,/home/xinlab/home/ws/phase2/results/12_complex_prediction/formal_msa/native_blind_seed13/boltz_results_native_blind_msa/predictions/native_blind_msa/native_blind_msa_model_0.pdb,/home/xinlab/home/ws/phase2/results/12_complex_prediction/formal_msa/native_blind_seed13/boltz_results_native_blind_msa/predictions/native_blind_msa/native_blind_msa_model_0.pdb,D:\IL-24(teeth）\phase2_release\results\full181_supplement\server_baseline_snapshot\server_source_inventory.json,formal_msa,passed,matched_at_saved_precision,recomputed_server_original_unrelaxed_PDB
Native155,formal_msa,13,D:\IL-24(teeth）\phase2_release\results\full181_supplement\server_baseline_snapshot\results\12_complex_prediction\formal_msa\native_blind_seed13\boltz_results_native_blind_msa\predictions\native_blind_msa\native_blind_msa_model_0.pdb,complete,,H,FR2,1,1,35,/home/xinlab/home/ws/phase2/results/12_complex_prediction/formal_msa/native_blind_seed13/boltz_results_native_blind_msa/predictions/native_blind_msa/native_blind_msa_model_0.pdb,/home/xinlab/home/ws/phase2/results/12_complex_prediction/formal_msa/native_blind_seed13/boltz_results_native_blind_msa/predictions/native_blind_msa/native_blind_msa_model_0.pdb,D:\IL-24(teeth）\phase2_release\results\full181_supplement\server_baseline_snapshot\server_source_inventory.json,formal_msa,passed,matched_at_saved_precision,recomputed_server_original_unrelaxed_PDB
Native155,formal_msa,13,D:\IL-24(teeth）\phase2_release\results\full181_supplement\server_baseline_snapshot\results\12_complex_prediction\formal_msa\native_blind_seed13\boltz_results_native_blind_msa\predictions\native_blind_msa\native_blind_msa_model_0.pdb,complete,,H,CDR2,5,1,50;52;53;54;56,/home/xinlab/home/ws/phase2/results/12_complex_prediction/formal_msa/native_blind_seed13/boltz_results_native_blind_msa/predictions/native_blind_msa/native_blind_msa_model_0.pdb,/home/xinlab/home/ws/phase2/results/12_complex_prediction/formal_msa/native_blind_seed13/boltz_results_native_blind_msa/predictions/native_blind_msa/native_blind_msa_model_0.pdb,D:\IL-24(teeth）\phase2_release\results\full181_supplement\server_baseline_snapshot\server_source_inventory.json,formal_msa,passed,matched_at_saved_precision,recomputed_server_original_unrelaxed_PDB
Native155,formal_msa,13,D:\IL-24(teeth）\phase2_release\results\full181_supplement\server_baseline_snapshot\results\12_complex_prediction\formal_msa\native_blind_seed13\boltz_results_native_blind_msa\predictions\native_blind_msa\native_blind_msa_model_0.pdb,complete,,H,FR3,2,1,58;59,/home/xinlab/home/ws/phase2/results/12_complex_prediction/formal_msa/native_blind_seed13/boltz_results_native_blind_msa/predictions/native_blind_msa/native_blind_msa_model_0.pdb,/home/xinlab/home/ws/phase2/results/12_complex_prediction/formal_msa/native_blind_seed13/boltz_results_native_blind_msa/predictions/native_blind_msa/native_blind_msa_model_0.pdb,D:\IL-24(teeth）\phase2_release\results\full181_supplement\server_baseline_snapshot\server_source_inventory.json,formal_msa,passed,matched_at_saved_precision,recomputed_server_original_unrelaxed_PDB
Native155,formal_msa,13,D:\IL-24(teeth）\phase2_release\results\full181_supplement\server_baseline_snapshot\results\12_complex_prediction\formal_msa\native_blind_seed13\boltz_results_native_blind_msa\predictions\native_blind_msa\native_blind_msa_model_0.pdb,complete,,H,CDR3,7,1,98;99;100;101;102;103;104,/home/xinlab/home/ws/phase2/results/12_complex_prediction/formal_msa/native_blind_seed13/boltz_results_native_blind_msa/predictions/native_blind_msa/native_blind_msa_model_0.pdb,/home/xinlab/home/ws/phase2/results/12_complex_prediction/formal_msa/native_blind_seed13/boltz_results_native_blind_msa/predictions/native_blind_msa/native_blind_msa_model_0.pdb,D:\IL-24(teeth）\phase2_release\results\full181_supplement\server_baseline_snapshot\server_source_inventory.json,formal_msa,passed,matched_at_saved_precision,recomputed_server_original_unrelaxed_PDB
Native155,formal_msa,13,D:\IL-24(teeth）\phase2_release\results\full181_supplement\server_baseline_snapshot\results\12_complex_prediction\formal_msa\native_blind_seed13\boltz_results_native_blind_msa\predictions\native_blind_msa\native_blind_msa_model_0.pdb,complete,,H,FR4,0,0,,/home/xinlab/home/ws/phase2/results/12_complex_prediction/formal_msa/native_blind_seed13/boltz_results_native_blind_msa/predictions/native_blind_msa/native_blind_msa_model_0.pdb,/home/xinlab/home/ws/phase2/results/12_complex_prediction/formal_msa/native_blind_seed13/boltz_results_native_blind_msa/predictions/native_blind_msa/native_blind_msa_model_0.pdb,D:\IL-24(teeth）\phase2_release\results\full181_supplement\server_baseline_snapshot\server_source_inventory.json,formal_msa,passed,matched_at_saved_precision,recomputed_server_original_unrelaxed_PDB
Native155,formal_msa,13,D:\IL-24(teeth）\phase2_release\results\full181_supplement\server_baseline_snapshot\results\12_complex_prediction\formal_msa\native_blind_seed13\boltz_results_native_blind_msa\predictions\native_blind_msa\native_blind_msa_model_0.pdb,complete,,L,FR1,0,0,,/home/xinlab/home/ws/phase2/results/12_complex_prediction/formal_msa/native_blind_seed13/boltz_results_native_blind_msa/predictions/native_blind_msa/native_blind_msa_model_0.pdb,/home/xinlab/home/ws/phase2/results/12_complex_prediction/formal_msa/native_blind_seed13/boltz_results_native_blind_msa/predictions/native_blind_msa/native_blind_msa_model_0.pdb,D:\IL-24(teeth）\phase2_release\results\full181_supplement\server_baseline_snapshot\server_source_inventory.json,formal_msa,passed,matched_at_saved_precision,recomputed_server_original_unrelaxed_PDB
Native155,formal_msa,13,D:\IL-24(teeth）\phase2_release\results\full181_supplement\server_baseline_snapshot\results\12_complex_prediction\formal_msa\native_blind_seed13\boltz_results_native_blind_msa\predictions\native_blind_msa\native_blind_msa_model_0.pdb,complete,,L,CDR1,0,0,,/home/xinlab/home/ws/phase2/results/12_complex_prediction/formal_msa/native_blind_seed13/boltz_results_native_blind_msa/predictions/native_blind_msa/native_blind_msa_model_0.pdb,/home/xinlab/home/ws/phase2/results/12_complex_prediction/formal_msa/native_blind_seed13/boltz_results_native_blind_msa/predictions/native_blind_msa/native_blind_msa_model_0.pdb,D:\IL-24(teeth）\phase2_release\results\full181_supplement\server_baseline_snapshot\server_source_inventory.json,formal_msa,passed,matched_at_saved_precision,recomputed_server_original_unrelaxed_PDB
Native155,formal_msa,13,D:\IL-24(teeth）\phase2_release\results\full181_supplement\server_baseline_snapshot\results\12_complex_prediction\formal_msa\native_blind_seed13\boltz_results_native_blind_msa\predictions\native_blind_msa\native_blind_msa_model_0.pdb,complete,,L,FR2,0,0,,/home/xinlab/home/ws/phase2/results/12_complex_prediction/formal_msa/native_blind_seed13/boltz_results_native_blind_msa/predictions/native_blind_msa/native_blind_msa_model_0.pdb,/home/xinlab/home/ws/phase2/results/12_complex_prediction/formal_msa/native_blind_seed13/boltz_results_native_blind_msa/predictions/native_blind_msa/native_blind_msa_model_0.pdb,D:\IL-24(teeth）\phase2_release\results\full181_supplement\server_baseline_snapshot\server_source_inventory.json,formal_msa,passed,matched_at_saved_precision,recomputed_server_original_unrelaxed_PDB
Native155,formal_msa,13,D:\IL-24(teeth）\phase2_release\results\full181_supplement\server_baseline_snapshot\results\12_complex_prediction\formal_msa\native_blind_seed13\boltz_results_native_blind_msa\predictions\native_blind_msa\native_blind_msa_model_0.pdb,complete,,L,CDR2,0,0,,/home/xinlab/home/ws/phase2/results/12_complex_prediction/formal_msa/native_blind_seed13/boltz_results_native_blind_msa/predictions/native_blind_msa/native_blind_msa_model_0.pdb,/home/xinlab/home/ws/phase2/results/12_complex_prediction/formal_msa/native_blind_seed13/boltz_results_native_blind_msa/predictions/native_blind_msa/native_blind_msa_model_0.pdb,D:\IL-24(teeth）\phase2_release\results\full181_supplement\server_baseline_snapshot\server_source_inventory.json,formal_msa,passed,matched_at_saved_precision,recomputed_server_original_unrelaxed_PDB
Native155,formal_msa,13,D:\IL-24(teeth）\phase2_release\results\full181_supplement\server_baseline_snapshot\results\12_complex_prediction\formal_msa\native_blind_seed13\boltz_results_native_blind_msa\predictions\native_blind_msa\native_blind_msa_model_0.pdb,complete,,L,FR3,0,0,,/home/xinlab/home/ws/phase2/results/12_complex_prediction/formal_msa/native_blind_seed13/boltz_results_native_blind_msa/predictions/native_blind_msa/native_blind_msa_model_0.pdb,/home/xinlab/home/ws/phase2/results/12_complex_prediction/formal_msa/native_blind_seed13/boltz_results_native_blind_msa/predictions/native_blind_msa/native_blind_msa_model_0.pdb,D:\IL-24(teeth）\phase2_release\results\full181_supplement\server_baseline_snapshot\server_source_inventory.json,formal_msa,passed,matched_at_saved_precision,recomputed_server_original_unrelaxed_PDB
Native155,formal_msa,13,D:\IL-24(teeth）\phase2_release\results\full181_supplement\server_baseline_snapshot\results\12_complex_prediction\formal_msa\native_blind_seed13\boltz_results_native_blind_msa\predictions\native_blind_msa\native_blind_msa_model_0.pdb,complete,,L,CDR3,4,1,91;92;93;95,/home/xinlab/home/ws/phase2/results/12_complex_prediction/formal_msa/native_blind_seed13/boltz_results_native_blind_msa/predictions/native_blind_msa/native_blind_msa_model_0.pdb,/home/xinlab/home/ws/phase2/results/12_complex_prediction/formal_msa/native_blind_seed13/boltz_results_native_blind_msa/predictions/native_blind_msa/native_blind_msa_model_0.pdb,D:\IL-24(teeth）\phase2_release\results\full181_supplement\server_baseline_snapshot\server_source_inventory.json,formal_msa,passed,matched_at_saved_precision,recomputed_server_original_unrelaxed_PDB
Native155,formal_msa,13,D:\IL-24(teeth）\phase2_release\results\full181_supplement\server_baseline_snapshot\results\12_complex_prediction\formal_msa\native_blind_seed13\boltz_results_native_blind_msa\predictions\native_blind_msa\native_blind_msa_model_0.pdb,complete,,L,FR4,0,0,,/home/xinlab/home/ws/phase2/results/12_complex_prediction/formal_msa/native_blind_seed13/boltz_results_native_blind_msa/predictions/native_blind_msa/native_blind_msa_model_0.pdb,/home/xinlab/home/ws/phase2/results/12_complex_prediction/formal_msa/native_blind_seed13/boltz_results_native_blind_msa/predictions/native_blind_msa/native_blind_msa_model_0.pdb,D:\IL-24(teeth）\phase2_release\results\full181_supplement\server_baseline_snapshot\server_source_inventory.json,formal_msa,passed,matched_at_saved_precision,recomputed_server_original_unrelaxed_PDB
Native155,formal_msa,14,D:\IL-24(teeth）\phase2_release\results\full181_supplement\server_baseline_snapshot\results\12_complex_prediction\formal_msa\native_blind_seed14\boltz_results_native_blind_msa\predictions\native_blind_msa\native_blind_msa_model_0.pdb,complete,,H,FR1,0,0,,/home/xinlab/home/ws/phase2/results/12_complex_prediction/formal_msa/native_blind_seed14/boltz_results_native_blind_msa/predictions/native_blind_msa/native_blind_msa_model_0.pdb,/home/xinlab/home/ws/phase2/results/12_complex_prediction/formal_msa/native_blind_seed14/boltz_results_native_blind_msa/predictions/native_blind_msa/native_blind_msa_model_0.pdb,D:\IL-24(teeth）\phase2_release\results\full181_supplement\server_baseline_snapshot\server_source_inventory.json,formal_msa,passed,matched_at_saved_precision,recomputed_server_original_unrelaxed_PDB
Native155,formal_msa,14,D:\IL-24(teeth）\phase2_release\results\full181_supplement\server_baseline_snapshot\results\12_complex_prediction\formal_msa\native_blind_seed14\boltz_results_native_blind_msa\predictions\native_blind_msa\native_blind_msa_model_0.pdb,complete,,H,CDR1,2,1,31;33,/home/xinlab/home/ws/phase2/results/12_complex_prediction/formal_msa/native_blind_seed14/boltz_results_native_blind_msa/predictions/native_blind_msa/native_blind_msa_model_0.pdb,/home/xinlab/home/ws/phase2/results/12_complex_prediction/formal_msa/native_blind_seed14/boltz_results_native_blind_msa/predictions/native_blind_msa/native_blind_msa_model_0.pdb,D:\IL-24(teeth）\phase2_release\results\full181_supplement\server_baseline_snapshot\server_source_inventory.json,formal_msa,passed,matched_at_saved_precision,recomputed_server_original_unrelaxed_PDB
Native155,formal_msa,14,D:\IL-24(teeth）\phase2_release\results\full181_supplement\server_baseline_snapshot\results\12_complex_prediction\formal_msa\native_blind_seed14\boltz_results_native_blind_msa\predictions\native_blind_msa\native_blind_msa_model_0.pdb,complete,,H,FR2,1,1,35,/home/xinlab/home/ws/phase2/results/12_complex_prediction/formal_msa/native_blind_seed14/boltz_results_native_blind_msa/predictions/native_blind_msa/native_blind_msa_model_0.pdb,/home/xinlab/home/ws/phase2/results/12_complex_prediction/formal_msa/native_blind_seed14/boltz_results_native_blind_msa/predictions/native_blind_msa/native_blind_msa_model_0.pdb,D:\IL-24(teeth）\phase2_release\results\full181_supplement\server_baseline_snapshot\server_source_inventory.json,formal_msa,passed,matched_at_saved_precision,recomputed_server_original_unrelaxed_PDB
Native155,formal_msa,14,D:\IL-24(teeth）\phase2_release\results\full181_supplement\server_baseline_snapshot\results\12_complex_prediction\formal_msa\native_blind_seed14\boltz_results_native_blind_msa\predictions\native_blind_msa\native_blind_msa_model_0.pdb,complete,,H,CDR2,2,1,50;53,/home/xinlab/home/ws/phase2/results/12_complex_prediction/formal_msa/native_blind_seed14/boltz_results_native_blind_msa/predictions/native_blind_msa/native_blind_msa_model_0.pdb,/home/xinlab/home/ws/phase2/results/12_complex_prediction/formal_msa/native_blind_seed14/boltz_results_native_blind_msa/predictions/native_blind_msa/native_blind_msa_model_0.pdb,D:\IL-24(teeth）\phase2_release\results\full181_supplement\server_baseline_snapshot\server_source_inventory.json,formal_msa,passed,matched_at_saved_precision,recomputed_server_original_unrelaxed_PDB
Native155,formal_msa,14,D:\IL-24(teeth）\phase2_release\results\full181_supplement\server_baseline_snapshot\results\12_complex_prediction\formal_msa\native_blind_seed14\boltz_results_native_blind_msa\predictions\native_blind_msa\native_blind_msa_model_0.pdb,complete,,H,FR3,1,1,58,/home/xinlab/home/ws/phase2/results/12_complex_prediction/formal_msa/native_blind_seed14/boltz_results_native_blind_msa/predictions/native_blind_msa/native_blind_msa_model_0.pdb,/home/xinlab/home/ws/phase2/results/12_complex_prediction/formal_msa/native_blind_seed14/boltz_results_native_blind_msa/predictions/native_blind_msa/native_blind_msa_model_0.pdb,D:\IL-24(teeth）\phase2_release\results\full181_supplement\server_baseline_snapshot\server_source_inventory.json,formal_msa,passed,matched_at_saved_precision,recomputed_server_original_unrelaxed_PDB
Native155,formal_msa,14,D:\IL-24(teeth）\phase2_release\results\full181_supplement\server_baseline_snapshot\results\12_complex_prediction\formal_msa\native_blind_seed14\boltz_results_native_blind_msa\predictions\native_blind_msa\native_blind_msa_model_0.pdb,complete,,H,CDR3,7,1,98;99;100;101;102;103;104,/home/xinlab/home/ws/phase2/results/12_complex_prediction/formal_msa/native_blind_seed14/boltz_results_native_blind_msa/predictions/native_blind_msa/native_blind_msa_model_0.pdb,/home/xinlab/home/ws/phase2/results/12_complex_prediction/formal_msa/native_blind_seed14/boltz_results_native_blind_msa/predictions/native_blind_msa/native_blind_msa_model_0.pdb,D:\IL-24(teeth）\phase2_release\results\full181_supplement\server_baseline_snapshot\server_source_inventory.json,formal_msa,passed,matched_at_saved_precision,recomputed_server_original_unrelaxed_PDB
Native155,formal_msa,14,D:\IL-24(teeth）\phase2_release\results\full181_supplement\server_baseline_snapshot\results\12_complex_prediction\formal_msa\native_blind_seed14\boltz_results_native_blind_msa\predictions\native_blind_msa\native_blind_msa_model_0.pdb,complete,,H,FR4,0,0,,/home/xinlab/home/ws/phase2/results/12_complex_prediction/formal_msa/native_blind_seed14/boltz_results_native_blind_msa/predictions/native_blind_msa/native_blind_msa_model_0.pdb,/home/xinlab/home/ws/phase2/results/12_complex_prediction/formal_msa/native_blind_seed14/boltz_results_native_blind_msa/predictions/native_blind_msa/native_blind_msa_model_0.pdb,D:\IL-24(teeth）\phase2_release\results\full181_supplement\server_baseline_snapshot\server_source_inventory.json,formal_msa,passed,matched_at_saved_precision,recomputed_server_original_unrelaxed_PDB
Native155,formal_msa,14,D:\IL-24(teeth）\phase2_release\results\full181_supplement\server_baseline_snapshot\results\12_complex_prediction\formal_msa\native_blind_seed14\boltz_results_native_blind_msa\predictions\native_blind_msa\native_blind_msa_model_0.pdb,complete,,L,FR1,0,0,,/home/xinlab/home/ws/phase2/results/12_complex_prediction/formal_msa/native_blind_seed14/boltz_results_native_blind_msa/predictions/native_blind_msa/native_blind_msa_model_0.pdb,/home/xinlab/home/ws/phase2/results/12_complex_prediction/formal_msa/native_blind_seed14/boltz_results_native_blind_msa/predictions/native_blind_msa/native_blind_msa_model_0.pdb,D:\IL-24(teeth）\phase2_release\results\full181_supplement\server_baseline_snapshot\server_source_inventory.json,formal_msa,passed,matched_at_saved_precision,recomputed_server_original_unrelaxed_PDB
Native155,formal_msa,14,D:\IL-24(teeth）\phase2_release\results\full181_supplement\server_baseline_snapshot\results\12_complex_prediction\formal_msa\native_blind_seed14\boltz_results_native_blind_msa\predictions\native_blind_msa\native_blind_msa_model_0.pdb,complete,,L,CDR1,0,0,,/home/xinlab/home/ws/phase2/results/12_complex_prediction/formal_msa/native_blind_seed14/boltz_results_native_blind_msa/predictions/native_blind_msa/native_blind_msa_model_0.pdb,/home/xinlab/home/ws/phase2/results/12_complex_prediction/formal_msa/native_blind_seed14/boltz_results_native_blind_msa/predictions/native_blind_msa/native_blind_msa_model_0.pdb,D:\IL-24(teeth）\phase2_release\results\full181_supplement\server_baseline_snapshot\server_source_inventory.json,formal_msa,passed,matched_at_saved_precision,recomputed_server_original_unrelaxed_PDB
Native155,formal_msa,14,D:\IL-24(teeth）\phase2_release\results\full181_supplement\server_baseline_snapshot\results\12_complex_prediction\formal_msa\native_blind_seed14\boltz_results_native_blind_msa\predictions\native_blind_msa\native_blind_msa_model_0.pdb,complete,,L,FR2,0,0,,/home/xinlab/home/ws/phase2/results/12_complex_prediction/formal_msa/native_blind_seed14/boltz_results_native_blind_msa/predictions/native_blind_msa/native_blind_msa_model_0.pdb,/home/xinlab/home/ws/phase2/results/12_complex_prediction/formal_msa/native_blind_seed14/boltz_results_native_blind_msa/predictions/native_blind_msa/native_blind_msa_model_0.pdb,D:\IL-24(teeth）\phase2_release\results\full181_supplement\server_baseline_snapshot\server_source_inventory.json,formal_msa,passed,matched_at_saved_precision,recomputed_server_original_unrelaxed_PDB
Native155,formal_msa,14,D:\IL-24(teeth）\phase2_release\results\full181_supplement\server_baseline_snapshot\results\12_complex_prediction\formal_msa\native_blind_seed14\boltz_results_native_blind_msa\predictions\native_blind_msa\native_blind_msa_model_0.pdb,complete,,L,CDR2,0,0,,/home/xinlab/home/ws/phase2/results/12_complex_prediction/formal_msa/native_blind_seed14/boltz_results_native_blind_msa/predictions/native_blind_msa/native_blind_msa_model_0.pdb,/home/xinlab/home/ws/phase2/results/12_complex_prediction/formal_msa/native_blind_seed14/boltz_results_native_blind_msa/predictions/native_blind_msa/native_blind_msa_model_0.pdb,D:\IL-24(teeth）\phase2_release\results\full181_supplement\server_baseline_snapshot\server_source_inventory.json,formal_msa,passed,matched_at_saved_precision,recomputed_server_original_unrelaxed_PDB
Native155,formal_msa,14,D:\IL-24(teeth）\phase2_release\results\full181_supplement\server_baseline_snapshot\results\12_complex_prediction\formal_msa\native_blind_seed14\boltz_results_native_blind_msa\predictions\native_blind_msa\native_blind_msa_model_0.pdb,complete,,L,FR3,0,0,,/home/xinlab/home/ws/phase2/results/12_complex_prediction/formal_msa/native_blind_seed14/boltz_results_native_blind_msa/predictions/native_blind_msa/native_blind_msa_model_0.pdb,/home/xinlab/home/ws/phase2/results/12_complex_prediction/formal_msa/native_blind_seed14/boltz_results_native_blind_msa/predictions/native_blind_msa/native_blind_msa_model_0.pdb,D:\IL-24(teeth）\phase2_release\results\full181_supplement\server_baseline_snapshot\server_source_inventory.json,formal_msa,passed,matched_at_saved_precision,recomputed_server_original_unrelaxed_PDB
Native155,formal_msa,14,D:\IL-24(teeth）\phase2_release\results\full181_supplement\server_baseline_snapshot\results\12_complex_prediction\formal_msa\native_blind_seed14\boltz_results_native_blind_msa\predictions\native_blind_msa\native_blind_msa_model_0.pdb,complete,,L,CDR3,4,1,91;92;93;95,/home/xinlab/home/ws/phase2/results/12_complex_prediction/formal_msa/native_blind_seed14/boltz_results_native_blind_msa/predictions/native_blind_msa/native_blind_msa_model_0.pdb,/home/xinlab/home/ws/phase2/results/12_complex_prediction/formal_msa/native_blind_seed14/boltz_results_native_blind_msa/predictions/native_blind_msa/native_blind_msa_model_0.pdb,D:\IL-24(teeth）\phase2_release\results\full181_supplement\server_baseline_snapshot\server_source_inventory.json,formal_msa,passed,matched_at_saved_precision,recomputed_server_original_unrelaxed_PDB
Native155,formal_msa,14,D:\IL-24(teeth）\phase2_release\results\full181_supplement\server_baseline_snapshot\results\12_complex_prediction\formal_msa\native_blind_seed14\boltz_results_native_blind_msa\predictions\native_blind_msa\native_blind_msa_model_0.pdb,complete,,L,FR4,0,0,,/home/xinlab/home/ws/phase2/results/12_complex_prediction/formal_msa/native_blind_seed14/boltz_results_native_blind_msa/predictions/native_blind_msa/native_blind_msa_model_0.pdb,/home/xinlab/home/ws/phase2/results/12_complex_prediction/formal_msa/native_blind_seed14/boltz_results_native_blind_msa/predictions/native_blind_msa/native_blind_msa_model_0.pdb,D:\IL-24(teeth）\phase2_release\results\full181_supplement\server_baseline_snapshot\server_source_inventory.json,formal_msa,passed,matched_at_saved_precision,recomputed_server_original_unrelaxed_PDB
Native155,formal_msa,15,D:\IL-24(teeth）\phase2_release\results\full181_supplement\server_baseline_snapshot\results\12_complex_prediction\formal_msa\native_blind_seed15\boltz_results_native_blind_msa\predictions\native_blind_msa\native_blind_msa_model_0.pdb,complete,,H,FR1,0,0,,/home/xinlab/home/ws/phase2/results/12_complex_prediction/formal_msa/native_blind_seed15/boltz_results_native_blind_msa/predictions/native_blind_msa/native_blind_msa_model_0.pdb,/home/xinlab/home/ws/phase2/results/12_complex_prediction/formal_msa/native_blind_seed15/boltz_results_native_blind_msa/predictions/native_blind_msa/native_blind_msa_model_0.pdb,D:\IL-24(teeth）\phase2_release\results\full181_supplement\server_baseline_snapshot\server_source_inventory.json,formal_msa,passed,matched_at_saved_precision,recomputed_server_original_unrelaxed_PDB
Native155,formal_msa,15,D:\IL-24(teeth）\phase2_release\results\full181_supplement\server_baseline_snapshot\results\12_complex_prediction\formal_msa\native_blind_seed15\boltz_results_native_blind_msa\predictions\native_blind_msa\native_blind_msa_model_0.pdb,complete,,H,CDR1,2,1,31;33,/home/xinlab/home/ws/phase2/results/12_complex_prediction/formal_msa/native_blind_seed15/boltz_results_native_blind_msa/predictions/native_blind_msa/native_blind_msa_model_0.pdb,/home/xinlab/home/ws/phase2/results/12_complex_prediction/formal_msa/native_blind_seed15/boltz_results_native_blind_msa/predictions/native_blind_msa/native_blind_msa_model_0.pdb,D:\IL-24(teeth）\phase2_release\results\full181_supplement\server_baseline_snapshot\server_source_inventory.json,formal_msa,passed,matched_at_saved_precision,recomputed_server_original_unrelaxed_PDB
Native155,formal_msa,15,D:\IL-24(teeth）\phase2_release\results\full181_supplement\server_baseline_snapshot\results\12_complex_prediction\formal_msa\native_blind_seed15\boltz_results_native_blind_msa\predictions\native_blind_msa\native_blind_msa_model_0.pdb,complete,,H,FR2,1,1,35,/home/xinlab/home/ws/phase2/results/12_complex_prediction/formal_msa/native_blind_seed15/boltz_results_native_blind_msa/predictions/native_blind_msa/native_blind_msa_model_0.pdb,/home/xinlab/home/ws/phase2/results/12_complex_prediction/formal_msa/native_blind_seed15/boltz_results_native_blind_msa/predictions/native_blind_msa/native_blind_msa_model_0.pdb,D:\IL-24(teeth）\phase2_release\results\full181_supplement\server_baseline_snapshot\server_source_inventory.json,formal_msa,passed,matched_at_saved_precision,recomputed_server_original_unrelaxed_PDB
Native155,formal_msa,15,D:\IL-24(teeth）\phase2_release\results\full181_supplement\server_baseline_snapshot\results\12_complex_prediction\formal_msa\native_blind_seed15\boltz_results_native_blind_msa\predictions\native_blind_msa\native_blind_msa_model_0.pdb,complete,,H,CDR2,3,1,50;52;53,/home/xinlab/home/ws/phase2/results/12_complex_prediction/formal_msa/native_blind_seed15/boltz_results_native_blind_msa/predictions/native_blind_msa/native_blind_msa_model_0.pdb,/home/xinlab/home/ws/phase2/results/12_complex_prediction/formal_msa/native_blind_seed15/boltz_results_native_blind_msa/predictions/native_blind_msa/native_blind_msa_model_0.pdb,D:\IL-24(teeth）\phase2_release\results\full181_supplement\server_baseline_snapshot\server_source_inventory.json,formal_msa,passed,matched_at_saved_precision,recomputed_server_original_unrelaxed_PDB
Native155,formal_msa,15,D:\IL-24(teeth）\phase2_release\results\full181_supplement\server_baseline_snapshot\results\12_complex_prediction\formal_msa\native_blind_seed15\boltz_results_native_blind_msa\predictions\native_blind_msa\native_blind_msa_model_0.pdb,complete,,H,FR3,1,1,58,/home/xinlab/home/ws/phase2/results/12_complex_prediction/formal_msa/native_blind_seed15/boltz_results_native_blind_msa/predictions/native_blind_msa/native_blind_msa_model_0.pdb,/home/xinlab/home/ws/phase2/results/12_complex_prediction/formal_msa/native_blind_seed15/boltz_results_native_blind_msa/predictions/native_blind_msa/native_blind_msa_model_0.pdb,D:\IL-24(teeth）\phase2_release\results\full181_supplement\server_baseline_snapshot\server_source_inventory.json,formal_msa,passed,matched_at_saved_precision,recomputed_server_original_unrelaxed_PDB
Native155,formal_msa,15,D:\IL-24(teeth）\phase2_release\results\full181_supplement\server_baseline_snapshot\results\12_complex_prediction\formal_msa\native_blind_seed15\boltz_results_native_blind_msa\predictions\native_blind_msa\native_blind_msa_model_0.pdb,complete,,H,CDR3,6,1,98;99;100;101;102;104,/home/xinlab/home/ws/phase2/results/12_complex_prediction/formal_msa/native_blind_seed15/boltz_results_native_blind_msa/predictions/native_blind_msa/native_blind_msa_model_0.pdb,/home/xinlab/home/ws/phase2/results/12_complex_prediction/formal_msa/native_blind_seed15/boltz_results_native_blind_msa/predictions/native_blind_msa/native_blind_msa_model_0.pdb,D:\IL-24(teeth）\phase2_release\results\full181_supplement\server_baseline_snapshot\server_source_inventory.json,formal_msa,passed,matched_at_saved_precision,recomputed_server_original_unrelaxed_PDB
Native155,formal_msa,15,D:\IL-24(teeth）\phase2_release\results\full181_supplement\server_baseline_snapshot\results\12_complex_prediction\formal_msa\native_blind_seed15\boltz_results_native_blind_msa\predictions\native_blind_msa\native_blind_msa_model_0.pdb,complete,,H,FR4,0,0,,/home/xinlab/home/ws/phase2/results/12_complex_prediction/formal_msa/native_blind_seed15/boltz_results_native_blind_msa/predictions/native_blind_msa/native_blind_msa_model_0.pdb,/home/xinlab/home/ws/phase2/results/12_complex_prediction/formal_msa/native_blind_seed15/boltz_results_native_blind_msa/predictions/native_blind_msa/native_blind_msa_model_0.pdb,D:\IL-24(teeth）\phase2_release\results\full181_supplement\server_baseline_snapshot\server_source_inventory.json,formal_msa,passed,matched_at_saved_precision,recomputed_server_original_unrelaxed_PDB
Native155,formal_msa,15,D:\IL-24(teeth）\phase2_release\results\full181_supplement\server_baseline_snapshot\results\12_complex_prediction\formal_msa\native_blind_seed15\boltz_results_native_blind_msa\predictions\native_blind_msa\native_blind_msa_model_0.pdb,complete,,L,FR1,0,0,,/home/xinlab/home/ws/phase2/results/12_complex_prediction/formal_msa/native_blind_seed15/boltz_results_native_blind_msa/predictions/native_blind_msa/native_blind_msa_model_0.pdb,/home/xinlab/home/ws/phase2/results/12_complex_prediction/formal_msa/native_blind_seed15/boltz_results_native_blind_msa/predictions/native_blind_msa/native_blind_msa_model_0.pdb,D:\IL-24(teeth）\phase2_release\results\full181_supplement\server_baseline_snapshot\server_source_inventory.json,formal_msa,passed,matched_at_saved_precision,recomputed_server_original_unrelaxed_PDB
Native155,formal_msa,15,D:\IL-24(teeth）\phase2_release\results\full181_supplement\server_baseline_snapshot\results\12_complex_prediction\formal_msa\native_blind_seed15\boltz_results_native_blind_msa\predictions\native_blind_msa\native_blind_msa_model_0.pdb,complete,,L,CDR1,0,0,,/home/xinlab/home/ws/phase2/results/12_complex_prediction/formal_msa/native_blind_seed15/boltz_results_native_blind_msa/predictions/native_blind_msa/native_blind_msa_model_0.pdb,/home/xinlab/home/ws/phase2/results/12_complex_prediction/formal_msa/native_blind_seed15/boltz_results_native_blind_msa/predictions/native_blind_msa/native_blind_msa_model_0.pdb,D:\IL-24(teeth）\phase2_release\results\full181_supplement\server_baseline_snapshot\server_source_inventory.json,formal_msa,passed,matched_at_saved_precision,recomputed_server_original_unrelaxed_PDB
Native155,formal_msa,15,D:\IL-24(teeth）\phase2_release\results\full181_supplement\server_baseline_snapshot\results\12_complex_prediction\formal_msa\native_blind_seed15\boltz_results_native_blind_msa\predictions\native_blind_msa\native_blind_msa_model_0.pdb,complete,,L,FR2,0,0,,/home/xinlab/home/ws/phase2/results/12_complex_prediction/formal_msa/native_blind_seed15/boltz_results_native_blind_msa/predictions/native_blind_msa/native_blind_msa_model_0.pdb,/home/xinlab/home/ws/phase2/results/12_complex_prediction/formal_msa/native_blind_seed15/boltz_results_native_blind_msa/predictions/native_blind_msa/native_blind_msa_model_0.pdb,D:\IL-24(teeth）\phase2_release\results\full181_supplement\server_baseline_snapshot\server_source_inventory.json,formal_msa,passed,matched_at_saved_precision,recomputed_server_original_unrelaxed_PDB
Native155,formal_msa,15,D:\IL-24(teeth）\phase2_release\results\full181_supplement\server_baseline_snapshot\results\12_complex_prediction\formal_msa\native_blind_seed15\boltz_results_native_blind_msa\predictions\native_blind_msa\native_blind_msa_model_0.pdb,complete,,L,CDR2,0,0,,/home/xinlab/home/ws/phase2/results/12_complex_prediction/formal_msa/native_blind_seed15/boltz_results_native_blind_msa/predictions/native_blind_msa/native_blind_msa_model_0.pdb,/home/xinlab/home/ws/phase2/results/12_complex_prediction/formal_msa/native_blind_seed15/boltz_results_native_blind_msa/predictions/native_blind_msa/native_blind_msa_model_0.pdb,D:\IL-24(teeth）\phase2_release\results\full181_supplement\server_baseline_snapshot\server_source_inventory.json,formal_msa,passed,matched_at_saved_precision,recomputed_server_original_unrelaxed_PDB
Native155,formal_msa,15,D:\IL-24(teeth）\phase2_release\results\full181_supplement\server_baseline_snapshot\results\12_complex_prediction\formal_msa\native_blind_seed15\boltz_results_native_blind_msa\predictions\native_blind_msa\native_blind_msa_model_0.pdb,complete,,L,FR3,0,0,,/home/xinlab/home/ws/phase2/results/12_complex_prediction/formal_msa/native_blind_seed15/boltz_results_native_blind_msa/predictions/native_blind_msa/native_blind_msa_model_0.pdb,/home/xinlab/home/ws/phase2/results/12_complex_prediction/formal_msa/native_blind_seed15/boltz_results_native_blind_msa/predictions/native_blind_msa/native_blind_msa_model_0.pdb,D:\IL-24(teeth）\phase2_release\results\full181_supplement\server_baseline_snapshot\server_source_inventory.json,formal_msa,passed,matched_at_saved_precision,recomputed_server_original_unrelaxed_PDB
Native155,formal_msa,15,D:\IL-24(teeth）\phase2_release\results\full181_supplement\server_baseline_snapshot\results\12_complex_prediction\formal_msa\native_blind_seed15\boltz_results_native_blind_msa\predictions\native_blind_msa\native_blind_msa_model_0.pdb,complete,,L,CDR3,5,1,90;91;92;93;95,/home/xinlab/home/ws/phase2/results/12_complex_prediction/formal_msa/native_blind_seed15/boltz_results_native_blind_msa/predictions/native_blind_msa/native_blind_msa_model_0.pdb,/home/xinlab/home/ws/phase2/results/12_complex_prediction/formal_msa/native_blind_seed15/boltz_results_native_blind_msa/predictions/native_blind_msa/native_blind_msa_model_0.pdb,D:\IL-24(teeth）\phase2_release\results\full181_supplement\server_baseline_snapshot\server_source_inventory.json,formal_msa,passed,matched_at_saved_precision,recomputed_server_original_unrelaxed_PDB
Native155,formal_msa,15,D:\IL-24(teeth）\phase2_release\results\full181_supplement\server_baseline_snapshot\results\12_complex_prediction\formal_msa\native_blind_seed15\boltz_results_native_blind_msa\predictions\native_blind_msa\native_blind_msa_model_0.pdb,complete,,L,FR4,0,0,,/home/xinlab/home/ws/phase2/results/12_complex_prediction/formal_msa/native_blind_seed15/boltz_results_native_blind_msa/predictions/native_blind_msa/native_blind_msa_model_0.pdb,/home/xinlab/home/ws/phase2/results/12_complex_prediction/formal_msa/native_blind_seed15/boltz_results_native_blind_msa/predictions/native_blind_msa/native_blind_msa_model_0.pdb,D:\IL-24(teeth）\phase2_release\results\full181_supplement\server_baseline_snapshot\server_source_inventory.json,formal_msa,passed,matched_at_saved_precision,recomputed_server_original_unrelaxed_PDB
Immunogen134,formal_msa,1,D:\IL-24(teeth）\phase2_release\results\full181_supplement\server_baseline_snapshot\results\12_complex_prediction\formal_msa\immunogen_blind_seed1\boltz_results_immunogen_blind_msa\predictions\immunogen_blind_msa\immunogen_blind_msa_model_0.pdb,complete,,H,FR1,0,0,,/home/xinlab/home/ws/phase2/results/12_complex_prediction/formal_msa/immunogen_blind_seed1/boltz_results_immunogen_blind_msa/predictions/immunogen_blind_msa/immunogen_blind_msa_model_0.pdb,/home/xinlab/home/ws/phase2/results/12_complex_prediction/formal_msa/immunogen_blind_seed1/boltz_results_immunogen_blind_msa/predictions/immunogen_blind_msa/immunogen_blind_msa_model_0.pdb,D:\IL-24(teeth）\phase2_release\results\full181_supplement\server_baseline_snapshot\server_source_inventory.json,formal_msa,passed,matched_at_saved_precision,recomputed_server_original_unrelaxed_PDB
Immunogen134,formal_msa,1,D:\IL-24(teeth）\phase2_release\results\full181_supplement\server_baseline_snapshot\results\12_complex_prediction\formal_msa\immunogen_blind_seed1\boltz_results_immunogen_blind_msa\predictions\immunogen_blind_msa\immunogen_blind_msa_model_0.pdb,complete,,H,CDR1,4,1,30;31;32;33,/home/xinlab/home/ws/phase2/results/12_complex_prediction/formal_msa/immunogen_blind_seed1/boltz_results_immunogen_blind_msa/predictions/immunogen_blind_msa/immunogen_blind_msa_model_0.pdb,/home/xinlab/home/ws/phase2/results/12_complex_prediction/formal_msa/immunogen_blind_seed1/boltz_results_immunogen_blind_msa/predictions/immunogen_blind_msa/immunogen_blind_msa_model_0.pdb,D:\IL-24(teeth）\phase2_release\results\full181_supplement\server_baseline_snapshot\server_source_inventory.json,formal_msa,passed,matched_at_saved_precision,recomputed_server_original_unrelaxed_PDB
Immunogen134,formal_msa,1,D:\IL-24(teeth）\phase2_release\results\full181_supplement\server_baseline_snapshot\results\12_complex_prediction\formal_msa\immunogen_blind_seed1\boltz_results_immunogen_blind_msa\predictions\immunogen_blind_msa\immunogen_blind_msa_model_0.pdb,complete,,H,FR2,1,1,35,/home/xinlab/home/ws/phase2/results/12_complex_prediction/formal_msa/immunogen_blind_seed1/boltz_results_immunogen_blind_msa/predictions/immunogen_blind_msa/immunogen_blind_msa_model_0.pdb,/home/xinlab/home/ws/phase2/results/12_complex_prediction/formal_msa/immunogen_blind_seed1/boltz_results_immunogen_blind_msa/predictions/immunogen_blind_msa/immunogen_blind_msa_model_0.pdb,D:\IL-24(teeth）\phase2_release\results\full181_supplement\server_baseline_snapshot\server_source_inventory.json,formal_msa,passed,matched_at_saved_precision,recomputed_server_original_unrelaxed_PDB
Immunogen134,formal_msa,1,D:\IL-24(teeth）\phase2_release\results\full181_supplement\server_baseline_snapshot\results\12_complex_prediction\formal_msa\immunogen_blind_seed1\boltz_results_immunogen_blind_msa\predictions\immunogen_blind_msa\immunogen_blind_msa_model_0.pdb,complete,,H,CDR2,3,1,50;52;54,/home/xinlab/home/ws/phase2/results/12_complex_prediction/formal_msa/immunogen_blind_seed1/boltz_results_immunogen_blind_msa/predictions/immunogen_blind_msa/immunogen_blind_msa_model_0.pdb,/home/xinlab/home/ws/phase2/results/12_complex_prediction/formal_msa/immunogen_blind_seed1/boltz_results_immunogen_blind_msa/predictions/immunogen_blind_msa/immunogen_blind_msa_model_0.pdb,D:\IL-24(teeth）\phase2_release\results\full181_supplement\server_baseline_snapshot\server_source_inventory.json,formal_msa,passed,matched_at_saved_precision,recomputed_server_original_unrelaxed_PDB
Immunogen134,formal_msa,1,D:\IL-24(teeth）\phase2_release\results\full181_supplement\server_baseline_snapshot\results\12_complex_prediction\formal_msa\immunogen_blind_seed1\boltz_results_immunogen_blind_msa\predictions\immunogen_blind_msa\immunogen_blind_msa_model_0.pdb,complete,,H,FR3,2,1,58;61,/home/xinlab/home/ws/phase2/results/12_complex_prediction/formal_msa/immunogen_blind_seed1/boltz_results_immunogen_blind_msa/predictions/immunogen_blind_msa/immunogen_blind_msa_model_0.pdb,/home/xinlab/home/ws/phase2/results/12_complex_prediction/formal_msa/immunogen_blind_seed1/boltz_results_immunogen_blind_msa/predictions/immunogen_blind_msa/immunogen_blind_msa_model_0.pdb,D:\IL-24(teeth）\phase2_release\results\full181_supplement\server_baseline_snapshot\server_source_inventory.json,formal_msa,passed,matched_at_saved_precision,recomputed_server_original_unrelaxed_PDB
Immunogen134,formal_msa,1,D:\IL-24(teeth）\phase2_release\results\full181_supplement\server_baseline_snapshot\results\12_complex_prediction\formal_msa\immunogen_blind_seed1\boltz_results_immunogen_blind_msa\predictions\immunogen_blind_msa\immunogen_blind_msa_model_0.pdb,complete,,H,CDR3,5,1,98;100;101;102;104,/home/xinlab/home/ws/phase2/results/12_complex_prediction/formal_msa/immunogen_blind_seed1/boltz_results_immunogen_blind_msa/predictions/immunogen_blind_msa/immunogen_blind_msa_model_0.pdb,/home/xinlab/home/ws/phase2/results/12_complex_prediction/formal_msa/immunogen_blind_seed1/boltz_results_immunogen_blind_msa/predictions/immunogen_blind_msa/immunogen_blind_msa_model_0.pdb,D:\IL-24(teeth）\phase2_release\results\full181_supplement\server_baseline_snapshot\server_source_inventory.json,formal_msa,passed,matched_at_saved_precision,recomputed_server_original_unrelaxed_PDB
Immunogen134,formal_msa,1,D:\IL-24(teeth）\phase2_release\results\full181_supplement\server_baseline_snapshot\results\12_complex_prediction\formal_msa\immunogen_blind_seed1\boltz_results_immunogen_blind_msa\predictions\immunogen_blind_msa\immunogen_blind_msa_model_0.pdb,complete,,H,FR4,0,0,,/home/xinlab/home/ws/phase2/results/12_complex_prediction/formal_msa/immunogen_blind_seed1/boltz_results_immunogen_blind_msa/predictions/immunogen_blind_msa/immunogen_blind_msa_model_0.pdb,/home/xinlab/home/ws/phase2/results/12_complex_prediction/formal_msa/immunogen_blind_seed1/boltz_results_immunogen_blind_msa/predictions/immunogen_blind_msa/immunogen_blind_msa_model_0.pdb,D:\IL-24(teeth）\phase2_release\results\full181_supplement\server_baseline_snapshot\server_source_inventory.json,formal_msa,passed,matched_at_saved_precision,recomputed_server_original_unrelaxed_PDB
Immunogen134,formal_msa,1,D:\IL-24(teeth）\phase2_release\results\full181_supplement\server_baseline_snapshot\results\12_complex_prediction\formal_msa\immunogen_blind_seed1\boltz_results_immunogen_blind_msa\predictions\immunogen_blind_msa\immunogen_blind_msa_model_0.pdb,complete,,L,FR1,0,0,,/home/xinlab/home/ws/phase2/results/12_complex_prediction/formal_msa/immunogen_blind_seed1/boltz_results_immunogen_blind_msa/predictions/immunogen_blind_msa/immunogen_blind_msa_model_0.pdb,/home/xinlab/home/ws/phase2/results/12_complex_prediction/formal_msa/immunogen_blind_seed1/boltz_results_immunogen_blind_msa/predictions/immunogen_blind_msa/immunogen_blind_msa_model_0.pdb,D:\IL-24(teeth）\phase2_release\results\full181_supplement\server_baseline_snapshot\server_source_inventory.json,formal_msa,passed,matched_at_saved_precision,recomputed_server_original_unrelaxed_PDB
Immunogen134,formal_msa,1,D:\IL-24(teeth）\phase2_release\results\full181_supplement\server_baseline_snapshot\results\12_complex_prediction\formal_msa\immunogen_blind_seed1\boltz_results_immunogen_blind_msa\predictions\immunogen_blind_msa\immunogen_blind_msa_model_0.pdb,complete,,L,CDR1,0,0,,/home/xinlab/home/ws/phase2/results/12_complex_prediction/formal_msa/immunogen_blind_seed1/boltz_results_immunogen_blind_msa/predictions/immunogen_blind_msa/immunogen_blind_msa_model_0.pdb,/home/xinlab/home/ws/phase2/results/12_complex_prediction/formal_msa/immunogen_blind_seed1/boltz_results_immunogen_blind_msa/predictions/immunogen_blind_msa/immunogen_blind_msa_model_0.pdb,D:\IL-24(teeth）\phase2_release\results\full181_supplement\server_baseline_snapshot\server_source_inventory.json,formal_msa,passed,matched_at_saved_precision,recomputed_server_original_unrelaxed_PDB
Immunogen134,formal_msa,1,D:\IL-24(teeth）\phase2_release\results\full181_supplement\server_baseline_snapshot\results\12_complex_prediction\formal_msa\immunogen_blind_seed1\boltz_results_immunogen_blind_msa\predictions\immunogen_blind_msa\immunogen_blind_msa_model_0.pdb,complete,,L,FR2,0,0,,/home/xinlab/home/ws/phase2/results/12_complex_prediction/formal_msa/immunogen_blind_seed1/boltz_results_immunogen_blind_msa/predictions/immunogen_blind_msa/immunogen_blind_msa_model_0.pdb,/home/xinlab/home/ws/phase2/results/12_complex_prediction/formal_msa/immunogen_blind_seed1/boltz_results_immunogen_blind_msa/predictions/immunogen_blind_msa/immunogen_blind_msa_model_0.pdb,D:\IL-24(teeth）\phase2_release\results\full181_supplement\server_baseline_snapshot\server_source_inventory.json,formal_msa,passed,matched_at_saved_precision,recomputed_server_original_unrelaxed_PDB
Immunogen134,formal_msa,1,D:\IL-24(teeth）\phase2_release\results\full181_supplement\server_baseline_snapshot\results\12_complex_prediction\formal_msa\immunogen_blind_seed1\boltz_results_immunogen_blind_msa\predictions\immunogen_blind_msa\immunogen_blind_msa_model_0.pdb,complete,,L,CDR2,0,0,,/home/xinlab/home/ws/phase2/results/12_complex_prediction/formal_msa/immunogen_blind_seed1/boltz_results_immunogen_blind_msa/predictions/immunogen_blind_msa/immunogen_blind_msa_model_0.pdb,/home/xinlab/home/ws/phase2/results/12_complex_prediction/formal_msa/immunogen_blind_seed1/boltz_results_immunogen_blind_msa/predictions/immunogen_blind_msa/immunogen_blind_msa_model_0.pdb,D:\IL-24(teeth）\phase2_release\results\full181_supplement\server_baseline_snapshot\server_source_inventory.json,formal_msa,passed,matched_at_saved_precision,recomputed_server_original_unrelaxed_PDB
Immunogen134,formal_msa,1,D:\IL-24(teeth）\phase2_release\results\full181_supplement\server_baseline_snapshot\results\12_complex_prediction\formal_msa\immunogen_blind_seed1\boltz_results_immunogen_blind_msa\predictions\immunogen_blind_msa\immunogen_blind_msa_model_0.pdb,complete,,L,FR3,1,1,53,/home/xinlab/home/ws/phase2/results/12_complex_prediction/formal_msa/immunogen_blind_seed1/boltz_results_immunogen_blind_msa/predictions/immunogen_blind_msa/immunogen_blind_msa_model_0.pdb,/home/xinlab/home/ws/phase2/results/12_complex_prediction/formal_msa/immunogen_blind_seed1/boltz_results_immunogen_blind_msa/predictions/immunogen_blind_msa/immunogen_blind_msa_model_0.pdb,D:\IL-24(teeth）\phase2_release\results\full181_supplement\server_baseline_snapshot\server_source_inventory.json,formal_msa,passed,matched_at_saved_precision,recomputed_server_original_unrelaxed_PDB
Immunogen134,formal_msa,1,D:\IL-24(teeth）\phase2_release\results\full181_supplement\server_baseline_snapshot\results\12_complex_prediction\formal_msa\immunogen_blind_seed1\boltz_results_immunogen_blind_msa\predictions\immunogen_blind_msa\immunogen_blind_msa_model_0.pdb,complete,,L,CDR3,4,1,91;92;93;95,/home/xinlab/home/ws/phase2/results/12_complex_prediction/formal_msa/immunogen_blind_seed1/boltz_results_immunogen_blind_msa/predictions/immunogen_blind_msa/immunogen_blind_msa_model_0.pdb,/home/xinlab/home/ws/phase2/results/12_complex_prediction/formal_msa/immunogen_blind_seed1/boltz_results_immunogen_blind_msa/predictions/immunogen_blind_msa/immunogen_blind_msa_model_0.pdb,D:\IL-24(teeth）\phase2_release\results\full181_supplement\server_baseline_snapshot\server_source_inventory.json,formal_msa,passed,matched_at_saved_precision,recomputed_server_original_unrelaxed_PDB
Immunogen134,formal_msa,1,D:\IL-24(teeth）\phase2_release\results\full181_supplement\server_baseline_snapshot\results\12_complex_prediction\formal_msa\immunogen_blind_seed1\boltz_results_immunogen_blind_msa\predictions\immunogen_blind_msa\immunogen_blind_msa_model_0.pdb,complete,,L,FR4,0,0,,/home/xinlab/home/ws/phase2/results/12_complex_prediction/formal_msa/immunogen_blind_seed1/boltz_results_immunogen_blind_msa/predictions/immunogen_blind_msa/immunogen_blind_msa_model_0.pdb,/home/xinlab/home/ws/phase2/results/12_complex_prediction/formal_msa/immunogen_blind_seed1/boltz_results_immunogen_blind_msa/predictions/immunogen_blind_msa/immunogen_blind_msa_model_0.pdb,D:\IL-24(teeth）\phase2_release\results\full181_supplement\server_baseline_snapshot\server_source_inventory.json,formal_msa,passed,matched_at_saved_precision,recomputed_server_original_unrelaxed_PDB
Immunogen134,formal_msa,2,D:\IL-24(teeth）\phase2_release\results\full181_supplement\server_baseline_snapshot\results\12_complex_prediction\formal_msa\immunogen_blind_seed2\boltz_results_immunogen_blind_msa\predictions\immunogen_blind_msa\immunogen_blind_msa_model_0.pdb,complete,,H,FR1,0,0,,/home/xinlab/home/ws/phase2/results/12_complex_prediction/formal_msa/immunogen_blind_seed2/boltz_results_immunogen_blind_msa/predictions/immunogen_blind_msa/immunogen_blind_msa_model_0.pdb,/home/xinlab/home/ws/phase2/results/12_complex_prediction/formal_msa/immunogen_blind_seed2/boltz_results_immunogen_blind_msa/predictions/immunogen_blind_msa/immunogen_blind_msa_model_0.pdb,D:\IL-24(teeth）\phase2_release\results\full181_supplement\server_baseline_snapshot\server_source_inventory.json,formal_msa,passed,matched_at_saved_precision,recomputed_server_original_unrelaxed_PDB
Immunogen134,formal_msa,2,D:\IL-24(teeth）\phase2_release\results\full181_supplement\server_baseline_snapshot\results\12_complex_prediction\formal_msa\immunogen_blind_seed2\boltz_results_immunogen_blind_msa\predictions\immunogen_blind_msa\immunogen_blind_msa_model_0.pdb,complete,,H,CDR1,4,1,30;31;32;33,/home/xinlab/home/ws/phase2/results/12_complex_prediction/formal_msa/immunogen_blind_seed2/boltz_results_immunogen_blind_msa/predictions/immunogen_blind_msa/immunogen_blind_msa_model_0.pdb,/home/xinlab/home/ws/phase2/results/12_complex_prediction/formal_msa/immunogen_blind_seed2/boltz_results_immunogen_blind_msa/predictions/immunogen_blind_msa/immunogen_blind_msa_model_0.pdb,D:\IL-24(teeth）\phase2_release\results\full181_supplement\server_baseline_snapshot\server_source_inventory.json,formal_msa,passed,matched_at_saved_precision,recomputed_server_original_unrelaxed_PDB
Immunogen134,formal_msa,2,D:\IL-24(teeth）\phase2_release\results\full181_supplement\server_baseline_snapshot\results\12_complex_prediction\formal_msa\immunogen_blind_seed2\boltz_results_immunogen_blind_msa\predictions\immunogen_blind_msa\immunogen_blind_msa_model_0.pdb,complete,,H,FR2,1,1,35,/home/xinlab/home/ws/phase2/results/12_complex_prediction/formal_msa/immunogen_blind_seed2/boltz_results_immunogen_blind_msa/predictions/immunogen_blind_msa/immunogen_blind_msa_model_0.pdb,/home/xinlab/home/ws/phase2/results/12_complex_prediction/formal_msa/immunogen_blind_seed2/boltz_results_immunogen_blind_msa/predictions/immunogen_blind_msa/immunogen_blind_msa_model_0.pdb,D:\IL-24(teeth）\phase2_release\results\full181_supplement\server_baseline_snapshot\server_source_inventory.json,formal_msa,passed,matched_at_saved_precision,recomputed_server_original_unrelaxed_PDB
Immunogen134,formal_msa,2,D:\IL-24(teeth）\phase2_release\results\full181_supplement\server_baseline_snapshot\results\12_complex_prediction\formal_msa\immunogen_blind_seed2\boltz_results_immunogen_blind_msa\predictions\immunogen_blind_msa\immunogen_blind_msa_model_0.pdb,complete,,H,CDR2,3,1,53;54;56,/home/xinlab/home/ws/phase2/results/12_complex_prediction/formal_msa/immunogen_blind_seed2/boltz_results_immunogen_blind_msa/predictions/immunogen_blind_msa/immunogen_blind_msa_model_0.pdb,/home/xinlab/home/ws/phase2/results/12_complex_prediction/formal_msa/immunogen_blind_seed2/boltz_results_immunogen_blind_msa/predictions/immunogen_blind_msa/immunogen_blind_msa_model_0.pdb,D:\IL-24(teeth）\phase2_release\results\full181_supplement\server_baseline_snapshot\server_source_inventory.json,formal_msa,passed,matched_at_saved_precision,recomputed_server_original_unrelaxed_PDB
Immunogen134,formal_msa,2,D:\IL-24(teeth）\phase2_release\results\full181_supplement\server_baseline_snapshot\results\12_complex_prediction\formal_msa\immunogen_blind_seed2\boltz_results_immunogen_blind_msa\predictions\immunogen_blind_msa\immunogen_blind_msa_model_0.pdb,complete,,H,FR3,2,1,58;73,/home/xinlab/home/ws/phase2/results/12_complex_prediction/formal_msa/immunogen_blind_seed2/boltz_results_immunogen_blind_msa/predictions/immunogen_blind_msa/immunogen_blind_msa_model_0.pdb,/home/xinlab/home/ws/phase2/results/12_complex_prediction/formal_msa/immunogen_blind_seed2/boltz_results_immunogen_blind_msa/predictions/immunogen_blind_msa/immunogen_blind_msa_model_0.pdb,D:\IL-24(teeth）\phase2_release\results\full181_supplement\server_baseline_snapshot\server_source_inventory.json,formal_msa,passed,matched_at_saved_precision,recomputed_server_original_unrelaxed_PDB
Immunogen134,formal_msa,2,D:\IL-24(teeth）\phase2_release\results\full181_supplement\server_baseline_snapshot\results\12_complex_prediction\formal_msa\immunogen_blind_seed2\boltz_results_immunogen_blind_msa\predictions\immunogen_blind_msa\immunogen_blind_msa_model_0.pdb,complete,,H,CDR3,6,1,98;100;101;102;103;104,/home/xinlab/home/ws/phase2/results/12_complex_prediction/formal_msa/immunogen_blind_seed2/boltz_results_immunogen_blind_msa/predictions/immunogen_blind_msa/immunogen_blind_msa_model_0.pdb,/home/xinlab/home/ws/phase2/results/12_complex_prediction/formal_msa/immunogen_blind_seed2/boltz_results_immunogen_blind_msa/predictions/immunogen_blind_msa/immunogen_blind_msa_model_0.pdb,D:\IL-24(teeth）\phase2_release\results\full181_supplement\server_baseline_snapshot\server_source_inventory.json,formal_msa,passed,matched_at_saved_precision,recomputed_server_original_unrelaxed_PDB
Immunogen134,formal_msa,2,D:\IL-24(teeth）\phase2_release\results\full181_supplement\server_baseline_snapshot\results\12_complex_prediction\formal_msa\immunogen_blind_seed2\boltz_results_immunogen_blind_msa\predictions\immunogen_blind_msa\immunogen_blind_msa_model_0.pdb,complete,,H,FR4,0,0,,/home/xinlab/home/ws/phase2/results/12_complex_prediction/formal_msa/immunogen_blind_seed2/boltz_results_immunogen_blind_msa/predictions/immunogen_blind_msa/immunogen_blind_msa_model_0.pdb,/home/xinlab/home/ws/phase2/results/12_complex_prediction/formal_msa/immunogen_blind_seed2/boltz_results_immunogen_blind_msa/predictions/immunogen_blind_msa/immunogen_blind_msa_model_0.pdb,D:\IL-24(teeth）\phase2_release\results\full181_supplement\server_baseline_snapshot\server_source_inventory.json,formal_msa,passed,matched_at_saved_precision,recomputed_server_original_unrelaxed_PDB
Immunogen134,formal_msa,2,D:\IL-24(teeth）\phase2_release\results\full181_supplement\server_baseline_snapshot\results\12_complex_prediction\formal_msa\immunogen_blind_seed2\boltz_results_immunogen_blind_msa\predictions\immunogen_blind_msa\immunogen_blind_msa_model_0.pdb,complete,,L,FR1,0,0,,/home/xinlab/home/ws/phase2/results/12_complex_prediction/formal_msa/immunogen_blind_seed2/boltz_results_immunogen_blind_msa/predictions/immunogen_blind_msa/immunogen_blind_msa_model_0.pdb,/home/xinlab/home/ws/phase2/results/12_complex_prediction/formal_msa/immunogen_blind_seed2/boltz_results_immunogen_blind_msa/predictions/immunogen_blind_msa/immunogen_blind_msa_model_0.pdb,D:\IL-24(teeth）\phase2_release\results\full181_supplement\server_baseline_snapshot\server_source_inventory.json,formal_msa,passed,matched_at_saved_precision,recomputed_server_original_unrelaxed_PDB
Immunogen134,formal_msa,2,D:\IL-24(teeth）\phase2_release\results\full181_supplement\server_baseline_snapshot\results\12_complex_prediction\formal_msa\immunogen_blind_seed2\boltz_results_immunogen_blind_msa\predictions\immunogen_blind_msa\immunogen_blind_msa_model_0.pdb,complete,,L,CDR1,6,1,27;28;29;30;31;32,/home/xinlab/home/ws/phase2/results/12_complex_prediction/formal_msa/immunogen_blind_seed2/boltz_results_immunogen_blind_msa/predictions/immunogen_blind_msa/immunogen_blind_msa_model_0.pdb,/home/xinlab/home/ws/phase2/results/12_complex_prediction/formal_msa/immunogen_blind_seed2/boltz_results_immunogen_blind_msa/predictions/immunogen_blind_msa/immunogen_blind_msa_model_0.pdb,D:\IL-24(teeth）\phase2_release\results\full181_supplement\server_baseline_snapshot\server_source_inventory.json,formal_msa,passed,matched_at_saved_precision,recomputed_server_original_unrelaxed_PDB
Immunogen134,formal_msa,2,D:\IL-24(teeth）\phase2_release\results\full181_supplement\server_baseline_snapshot\results\12_complex_prediction\formal_msa\immunogen_blind_seed2\boltz_results_immunogen_blind_msa\predictions\immunogen_blind_msa\immunogen_blind_msa_model_0.pdb,complete,,L,FR2,0,0,,/home/xinlab/home/ws/phase2/results/12_complex_prediction/formal_msa/immunogen_blind_seed2/boltz_results_immunogen_blind_msa/predictions/immunogen_blind_msa/immunogen_blind_msa_model_0.pdb,/home/xinlab/home/ws/phase2/results/12_complex_prediction/formal_msa/immunogen_blind_seed2/boltz_results_immunogen_blind_msa/predictions/immunogen_blind_msa/immunogen_blind_msa_model_0.pdb,D:\IL-24(teeth）\phase2_release\results\full181_supplement\server_baseline_snapshot\server_source_inventory.json,formal_msa,passed,matched_at_saved_precision,recomputed_server_original_unrelaxed_PDB
Immunogen134,formal_msa,2,D:\IL-24(teeth）\phase2_release\results\full181_supplement\server_baseline_snapshot\results\12_complex_prediction\formal_msa\immunogen_blind_seed2\boltz_results_immunogen_blind_msa\predictions\immunogen_blind_msa\immunogen_blind_msa_model_0.pdb,complete,,L,CDR2,1,1,50,/home/xinlab/home/ws/phase2/results/12_complex_prediction/formal_msa/immunogen_blind_seed2/boltz_results_immunogen_blind_msa/predictions/immunogen_blind_msa/immunogen_blind_msa_model_0.pdb,/home/xinlab/home/ws/phase2/results/12_complex_prediction/formal_msa/immunogen_blind_seed2/boltz_results_immunogen_blind_msa/predictions/immunogen_blind_msa/immunogen_blind_msa_model_0.pdb,D:\IL-24(teeth）\phase2_release\results\full181_supplement\server_baseline_snapshot\server_source_inventory.json,formal_msa,passed,matched_at_saved_precision,recomputed_server_original_unrelaxed_PDB
Immunogen134,formal_msa,2,D:\IL-24(teeth）\phase2_release\results\full181_supplement\server_baseline_snapshot\results\12_complex_prediction\formal_msa\immunogen_blind_seed2\boltz_results_immunogen_blind_msa\predictions\immunogen_blind_msa\immunogen_blind_msa_model_0.pdb,complete,,L,FR3,0,0,,/home/xinlab/home/ws/phase2/results/12_complex_prediction/formal_msa/immunogen_blind_seed2/boltz_results_immunogen_blind_msa/predictions/immunogen_blind_msa/immunogen_blind_msa_model_0.pdb,/home/xinlab/home/ws/phase2/results/12_complex_prediction/formal_msa/immunogen_blind_seed2/boltz_results_immunogen_blind_msa/predictions/immunogen_blind_msa/immunogen_blind_msa_model_0.pdb,D:\IL-24(teeth）\phase2_release\results\full181_supplement\server_baseline_snapshot\server_source_inventory.json,formal_msa,passed,matched_at_saved_precision,recomputed_server_original_unrelaxed_PDB
Immunogen134,formal_msa,2,D:\IL-24(teeth）\phase2_release\results\full181_supplement\server_baseline_snapshot\results\12_complex_prediction\formal_msa\immunogen_blind_seed2\boltz_results_immunogen_blind_msa\predictions\immunogen_blind_msa\immunogen_blind_msa_model_0.pdb,complete,,L,CDR3,3,1,90;91;95,/home/xinlab/home/ws/phase2/results/12_complex_prediction/formal_msa/immunogen_blind_seed2/boltz_results_immunogen_blind_msa/predictions/immunogen_blind_msa/immunogen_blind_msa_model_0.pdb,/home/xinlab/home/ws/phase2/results/12_complex_prediction/formal_msa/immunogen_blind_seed2/boltz_results_immunogen_blind_msa/predictions/immunogen_blind_msa/immunogen_blind_msa_model_0.pdb,D:\IL-24(teeth）\phase2_release\results\full181_supplement\server_baseline_snapshot\server_source_inventory.json,formal_msa,passed,matched_at_saved_precision,recomputed_server_original_unrelaxed_PDB
Immunogen134,formal_msa,2,D:\IL-24(teeth）\phase2_release\results\full181_supplement\server_baseline_snapshot\results\12_complex_prediction\formal_msa\immunogen_blind_seed2\boltz_results_immunogen_blind_msa\predictions\immunogen_blind_msa\immunogen_blind_msa_model_0.pdb,complete,,L,FR4,0,0,,/home/xinlab/home/ws/phase2/results/12_complex_prediction/formal_msa/immunogen_blind_seed2/boltz_results_immunogen_blind_msa/predictions/immunogen_blind_msa/immunogen_blind_msa_model_0.pdb,/home/xinlab/home/ws/phase2/results/12_complex_prediction/formal_msa/immunogen_blind_seed2/boltz_results_immunogen_blind_msa/predictions/immunogen_blind_msa/immunogen_blind_msa_model_0.pdb,D:\IL-24(teeth）\phase2_release\results\full181_supplement\server_baseline_snapshot\server_source_inventory.json,formal_msa,passed,matched_at_saved_precision,recomputed_server_original_unrelaxed_PDB
Immunogen134,formal_msa,3,D:\IL-24(teeth）\phase2_release\results\full181_supplement\server_baseline_snapshot\results\12_complex_prediction\formal_msa\immunogen_blind_seed3\boltz_results_immunogen_blind_msa\predictions\immunogen_blind_msa\immunogen_blind_msa_model_0.pdb,complete,,H,FR1,0,0,,/home/xinlab/home/ws/phase2/results/12_complex_prediction/formal_msa/immunogen_blind_seed3/boltz_results_immunogen_blind_msa/predictions/immunogen_blind_msa/immunogen_blind_msa_model_0.pdb,/home/xinlab/home/ws/phase2/results/12_complex_prediction/formal_msa/immunogen_blind_seed3/boltz_results_immunogen_blind_msa/predictions/immunogen_blind_msa/immunogen_blind_msa_model_0.pdb,D:\IL-24(teeth）\phase2_release\results\full181_supplement\server_baseline_snapshot\server_source_inventory.json,formal_msa,passed,matched_at_saved_precision,recomputed_server_original_unrelaxed_PDB
Immunogen134,formal_msa,3,D:\IL-24(teeth）\phase2_release\results\full181_supplement\server_baseline_snapshot\results\12_complex_prediction\formal_msa\immunogen_blind_seed3\boltz_results_immunogen_blind_msa\predictions\immunogen_blind_msa\immunogen_blind_msa_model_0.pdb,complete,,H,CDR1,4,1,30;31;32;33,/home/xinlab/home/ws/phase2/results/12_complex_prediction/formal_msa/immunogen_blind_seed3/boltz_results_immunogen_blind_msa/predictions/immunogen_blind_msa/immunogen_blind_msa_model_0.pdb,/home/xinlab/home/ws/phase2/results/12_complex_prediction/formal_msa/immunogen_blind_seed3/boltz_results_immunogen_blind_msa/predictions/immunogen_blind_msa/immunogen_blind_msa_model_0.pdb,D:\IL-24(teeth）\phase2_release\results\full181_supplement\server_baseline_snapshot\server_source_inventory.json,formal_msa,passed,matched_at_saved_precision,recomputed_server_original_unrelaxed_PDB
Immunogen134,formal_msa,3,D:\IL-24(teeth）\phase2_release\results\full181_supplement\server_baseline_snapshot\results\12_complex_prediction\formal_msa\immunogen_blind_seed3\boltz_results_immunogen_blind_msa\predictions\immunogen_blind_msa\immunogen_blind_msa_model_0.pdb,complete,,H,FR2,1,1,35,/home/xinlab/home/ws/phase2/results/12_complex_prediction/formal_msa/immunogen_blind_seed3/boltz_results_immunogen_blind_msa/predictions/immunogen_blind_msa/immunogen_blind_msa_model_0.pdb,/home/xinlab/home/ws/phase2/results/12_complex_prediction/formal_msa/immunogen_blind_seed3/boltz_results_immunogen_blind_msa/predictions/immunogen_blind_msa/immunogen_blind_msa_model_0.pdb,D:\IL-24(teeth）\phase2_release\results\full181_supplement\server_baseline_snapshot\server_source_inventory.json,formal_msa,passed,matched_at_saved_precision,recomputed_server_original_unrelaxed_PDB
Immunogen134,formal_msa,3,D:\IL-24(teeth）\phase2_release\results\full181_supplement\server_baseline_snapshot\results\12_complex_prediction\formal_msa\immunogen_blind_seed3\boltz_results_immunogen_blind_msa\predictions\immunogen_blind_msa\immunogen_blind_msa_model_0.pdb,complete,,H,CDR2,5,1,50;52;53;54;56,/home/xinlab/home/ws/phase2/results/12_complex_prediction/formal_msa/immunogen_blind_seed3/boltz_results_immunogen_blind_msa/predictions/immunogen_blind_msa/immunogen_blind_msa_model_0.pdb,/home/xinlab/home/ws/phase2/results/12_complex_prediction/formal_msa/immunogen_blind_seed3/boltz_results_immunogen_blind_msa/predictions/immunogen_blind_msa/immunogen_blind_msa_model_0.pdb,D:\IL-24(teeth）\phase2_release\results\full181_supplement\server_baseline_snapshot\server_source_inventory.json,formal_msa,passed,matched_at_saved_precision,recomputed_server_original_unrelaxed_PDB
Immunogen134,formal_msa,3,D:\IL-24(teeth）\phase2_release\results\full181_supplement\server_baseline_snapshot\results\12_complex_prediction\formal_msa\immunogen_blind_seed3\boltz_results_immunogen_blind_msa\predictions\immunogen_blind_msa\immunogen_blind_msa_model_0.pdb,complete,,H,FR3,0,0,,/home/xinlab/home/ws/phase2/results/12_complex_prediction/formal_msa/immunogen_blind_seed3/boltz_results_immunogen_blind_msa/predictions/immunogen_blind_msa/immunogen_blind_msa_model_0.pdb,/home/xinlab/home/ws/phase2/results/12_complex_prediction/formal_msa/immunogen_blind_seed3/boltz_results_immunogen_blind_msa/predictions/immunogen_blind_msa/immunogen_blind_msa_model_0.pdb,D:\IL-24(teeth）\phase2_release\results\full181_supplement\server_baseline_snapshot\server_source_inventory.json,formal_msa,passed,matched_at_saved_precision,recomputed_server_original_unrelaxed_PDB
Immunogen134,formal_msa,3,D:\IL-24(teeth）\phase2_release\results\full181_supplement\server_baseline_snapshot\results\12_complex_prediction\formal_msa\immunogen_blind_seed3\boltz_results_immunogen_blind_msa\predictions\immunogen_blind_msa\immunogen_blind_msa_model_0.pdb,complete,,H,CDR3,7,1,98;99;100;101;102;103;104,/home/xinlab/home/ws/phase2/results/12_complex_prediction/formal_msa/immunogen_blind_seed3/boltz_results_immunogen_blind_msa/predictions/immunogen_blind_msa/immunogen_blind_msa_model_0.pdb,/home/xinlab/home/ws/phase2/results/12_complex_prediction/formal_msa/immunogen_blind_seed3/boltz_results_immunogen_blind_msa/predictions/immunogen_blind_msa/immunogen_blind_msa_model_0.pdb,D:\IL-24(teeth）\phase2_release\results\full181_supplement\server_baseline_snapshot\server_source_inventory.json,formal_msa,passed,matched_at_saved_precision,recomputed_server_original_unrelaxed_PDB
Immunogen134,formal_msa,3,D:\IL-24(teeth）\phase2_release\results\full181_supplement\server_baseline_snapshot\results\12_complex_prediction\formal_msa\immunogen_blind_seed3\boltz_results_immunogen_blind_msa\predictions\immunogen_blind_msa\immunogen_blind_msa_model_0.pdb,complete,,H,FR4,0,0,,/home/xinlab/home/ws/phase2/results/12_complex_prediction/formal_msa/immunogen_blind_seed3/boltz_results_immunogen_blind_msa/predictions/immunogen_blind_msa/immunogen_blind_msa_model_0.pdb,/home/xinlab/home/ws/phase2/results/12_complex_prediction/formal_msa/immunogen_blind_seed3/boltz_results_immunogen_blind_msa/predictions/immunogen_blind_msa/immunogen_blind_msa_model_0.pdb,D:\IL-24(teeth）\phase2_release\results\full181_supplement\server_baseline_snapshot\server_source_inventory.json,formal_msa,passed,matched_at_saved_precision,recomputed_server_original_unrelaxed_PDB
Immunogen134,formal_msa,3,D:\IL-24(teeth）\phase2_release\results\full181_supplement\server_baseline_snapshot\results\12_complex_prediction\formal_msa\immunogen_blind_seed3\boltz_results_immunogen_blind_msa\predictions\immunogen_blind_msa\immunogen_blind_msa_model_0.pdb,complete,,L,FR1,0,0,,/home/xinlab/home/ws/phase2/results/12_complex_prediction/formal_msa/immunogen_blind_seed3/boltz_results_immunogen_blind_msa/predictions/immunogen_blind_msa/immunogen_blind_msa_model_0.pdb,/home/xinlab/home/ws/phase2/results/12_complex_prediction/formal_msa/immunogen_blind_seed3/boltz_results_immunogen_blind_msa/predictions/immunogen_blind_msa/immunogen_blind_msa_model_0.pdb,D:\IL-24(teeth）\phase2_release\results\full181_supplement\server_baseline_snapshot\server_source_inventory.json,formal_msa,passed,matched_at_saved_precision,recomputed_server_original_unrelaxed_PDB
Immunogen134,formal_msa,3,D:\IL-24(teeth）\phase2_release\results\full181_supplement\server_baseline_snapshot\results\12_complex_prediction\formal_msa\immunogen_blind_seed3\boltz_results_immunogen_blind_msa\predictions\immunogen_blind_msa\immunogen_blind_msa_model_0.pdb,complete,,L,CDR1,3,1,27;28;31,/home/xinlab/home/ws/phase2/results/12_complex_prediction/formal_msa/immunogen_blind_seed3/boltz_results_immunogen_blind_msa/predictions/immunogen_blind_msa/immunogen_blind_msa_model_0.pdb,/home/xinlab/home/ws/phase2/results/12_complex_prediction/formal_msa/immunogen_blind_seed3/boltz_results_immunogen_blind_msa/predictions/immunogen_blind_msa/immunogen_blind_msa_model_0.pdb,D:\IL-24(teeth）\phase2_release\results\full181_supplement\server_baseline_snapshot\server_source_inventory.json,formal_msa,passed,matched_at_saved_precision,recomputed_server_original_unrelaxed_PDB
Immunogen134,formal_msa,3,D:\IL-24(teeth）\phase2_release\results\full181_supplement\server_baseline_snapshot\results\12_complex_prediction\formal_msa\immunogen_blind_seed3\boltz_results_immunogen_blind_msa\predictions\immunogen_blind_msa\immunogen_blind_msa_model_0.pdb,complete,,L,FR2,0,0,,/home/xinlab/home/ws/phase2/results/12_complex_prediction/formal_msa/immunogen_blind_seed3/boltz_results_immunogen_blind_msa/predictions/immunogen_blind_msa/immunogen_blind_msa_model_0.pdb,/home/xinlab/home/ws/phase2/results/12_complex_prediction/formal_msa/immunogen_blind_seed3/boltz_results_immunogen_blind_msa/predictions/immunogen_blind_msa/immunogen_blind_msa_model_0.pdb,D:\IL-24(teeth）\phase2_release\results\full181_supplement\server_baseline_snapshot\server_source_inventory.json,formal_msa,passed,matched_at_saved_precision,recomputed_server_original_unrelaxed_PDB
Immunogen134,formal_msa,3,D:\IL-24(teeth）\phase2_release\results\full181_supplement\server_baseline_snapshot\results\12_complex_prediction\formal_msa\immunogen_blind_seed3\boltz_results_immunogen_blind_msa\predictions\immunogen_blind_msa\immunogen_blind_msa_model_0.pdb,complete,,L,CDR2,1,1,50,/home/xinlab/home/ws/phase2/results/12_complex_prediction/formal_msa/immunogen_blind_seed3/boltz_results_immunogen_blind_msa/predictions/immunogen_blind_msa/immunogen_blind_msa_model_0.pdb,/home/xinlab/home/ws/phase2/results/12_complex_prediction/formal_msa/immunogen_blind_seed3/boltz_results_immunogen_blind_msa/predictions/immunogen_blind_msa/immunogen_blind_msa_model_0.pdb,D:\IL-24(teeth）\phase2_release\results\full181_supplement\server_baseline_snapshot\server_source_inventory.json,formal_msa,passed,matched_at_saved_precision,recomputed_server_original_unrelaxed_PDB
Immunogen134,formal_msa,3,D:\IL-24(teeth）\phase2_release\results\full181_supplement\server_baseline_snapshot\results\12_complex_prediction\formal_msa\immunogen_blind_seed3\boltz_results_immunogen_blind_msa\predictions\immunogen_blind_msa\immunogen_blind_msa_model_0.pdb,complete,,L,FR3,1,1,53,/home/xinlab/home/ws/phase2/results/12_complex_prediction/formal_msa/immunogen_blind_seed3/boltz_results_immunogen_blind_msa/predictions/immunogen_blind_msa/immunogen_blind_msa_model_0.pdb,/home/xinlab/home/ws/phase2/results/12_complex_prediction/formal_msa/immunogen_blind_seed3/boltz_results_immunogen_blind_msa/predictions/immunogen_blind_msa/immunogen_blind_msa_model_0.pdb,D:\IL-24(teeth）\phase2_release\results\full181_supplement\server_baseline_snapshot\server_source_inventory.json,formal_msa,passed,matched_at_saved_precision,recomputed_server_original_unrelaxed_PDB
Immunogen134,formal_msa,3,D:\IL-24(teeth）\phase2_release\results\full181_supplement\server_baseline_snapshot\results\12_complex_prediction\formal_msa\immunogen_blind_seed3\boltz_results_immunogen_blind_msa\predictions\immunogen_blind_msa\immunogen_blind_msa_model_0.pdb,complete,,L,CDR3,5,1,90;91;92;93;95,/home/xinlab/home/ws/phase2/results/12_complex_prediction/formal_msa/immunogen_blind_seed3/boltz_results_immunogen_blind_msa/predictions/immunogen_blind_msa/immunogen_blind_msa_model_0.pdb,/home/xinlab/home/ws/phase2/results/12_complex_prediction/formal_msa/immunogen_blind_seed3/boltz_results_immunogen_blind_msa/predictions/immunogen_blind_msa/immunogen_blind_msa_model_0.pdb,D:\IL-24(teeth）\phase2_release\results\full181_supplement\server_baseline_snapshot\server_source_inventory.json,formal_msa,passed,matched_at_saved_precision,recomputed_server_original_unrelaxed_PDB
Immunogen134,formal_msa,3,D:\IL-24(teeth）\phase2_release\results\full181_supplement\server_baseline_snapshot\results\12_complex_prediction\formal_msa\immunogen_blind_seed3\boltz_results_immunogen_blind_msa\predictions\immunogen_blind_msa\immunogen_blind_msa_model_0.pdb,complete,,L,FR4,0,0,,/home/xinlab/home/ws/phase2/results/12_complex_prediction/formal_msa/immunogen_blind_seed3/boltz_results_immunogen_blind_msa/predictions/immunogen_blind_msa/immunogen_blind_msa_model_0.pdb,/home/xinlab/home/ws/phase2/results/12_complex_prediction/formal_msa/immunogen_blind_seed3/boltz_results_immunogen_blind_msa/predictions/immunogen_blind_msa/immunogen_blind_msa_model_0.pdb,D:\IL-24(teeth）\phase2_release\results\full181_supplement\server_baseline_snapshot\server_source_inventory.json,formal_msa,passed,matched_at_saved_precision,recomputed_server_original_unrelaxed_PDB
Immunogen134,formal_msa,4,D:\IL-24(teeth）\phase2_release\results\full181_supplement\server_baseline_snapshot\results\12_complex_prediction\formal_msa\immunogen_blind_seed4\boltz_results_immunogen_blind_msa\predictions\immunogen_blind_msa\immunogen_blind_msa_model_0.pdb,complete,,H,FR1,0,0,,/home/xinlab/home/ws/phase2/results/12_complex_prediction/formal_msa/immunogen_blind_seed4/boltz_results_immunogen_blind_msa/predictions/immunogen_blind_msa/immunogen_blind_msa_model_0.pdb,/home/xinlab/home/ws/phase2/results/12_complex_prediction/formal_msa/immunogen_blind_seed4/boltz_results_immunogen_blind_msa/predictions/immunogen_blind_msa/immunogen_blind_msa_model_0.pdb,D:\IL-24(teeth）\phase2_release\results\full181_supplement\server_baseline_snapshot\server_source_inventory.json,formal_msa,passed,matched_at_saved_precision,recomputed_server_original_unrelaxed_PDB
Immunogen134,formal_msa,4,D:\IL-24(teeth）\phase2_release\results\full181_supplement\server_baseline_snapshot\results\12_complex_prediction\formal_msa\immunogen_blind_seed4\boltz_results_immunogen_blind_msa\predictions\immunogen_blind_msa\immunogen_blind_msa_model_0.pdb,complete,,H,CDR1,4,1,30;31;32;33,/home/xinlab/home/ws/phase2/results/12_complex_prediction/formal_msa/immunogen_blind_seed4/boltz_results_immunogen_blind_msa/predictions/immunogen_blind_msa/immunogen_blind_msa_model_0.pdb,/home/xinlab/home/ws/phase2/results/12_complex_prediction/formal_msa/immunogen_blind_seed4/boltz_results_immunogen_blind_msa/predictions/immunogen_blind_msa/immunogen_blind_msa_model_0.pdb,D:\IL-24(teeth）\phase2_release\results\full181_supplement\server_baseline_snapshot\server_source_inventory.json,formal_msa,passed,matched_at_saved_precision,recomputed_server_original_unrelaxed_PDB
Immunogen134,formal_msa,4,D:\IL-24(teeth）\phase2_release\results\full181_supplement\server_baseline_snapshot\results\12_complex_prediction\formal_msa\immunogen_blind_seed4\boltz_results_immunogen_blind_msa\predictions\immunogen_blind_msa\immunogen_blind_msa_model_0.pdb,complete,,H,FR2,1,1,35,/home/xinlab/home/ws/phase2/results/12_complex_prediction/formal_msa/immunogen_blind_seed4/boltz_results_immunogen_blind_msa/predictions/immunogen_blind_msa/immunogen_blind_msa_model_0.pdb,/home/xinlab/home/ws/phase2/results/12_complex_prediction/formal_msa/immunogen_blind_seed4/boltz_results_immunogen_blind_msa/predictions/immunogen_blind_msa/immunogen_blind_msa_model_0.pdb,D:\IL-24(teeth）\phase2_release\results\full181_supplement\server_baseline_snapshot\server_source_inventory.json,formal_msa,passed,matched_at_saved_precision,recomputed_server_original_unrelaxed_PDB
Immunogen134,formal_msa,4,D:\IL-24(teeth）\phase2_release\results\full181_supplement\server_baseline_snapshot\results\12_complex_prediction\formal_msa\immunogen_blind_seed4\boltz_results_immunogen_blind_msa\predictions\immunogen_blind_msa\immunogen_blind_msa_model_0.pdb,complete,,H,CDR2,5,1,50;52;53;54;56,/home/xinlab/home/ws/phase2/results/12_complex_prediction/formal_msa/immunogen_blind_seed4/boltz_results_immunogen_blind_msa/predictions/immunogen_blind_msa/immunogen_blind_msa_model_0.pdb,/home/xinlab/home/ws/phase2/results/12_complex_prediction/formal_msa/immunogen_blind_seed4/boltz_results_immunogen_blind_msa/predictions/immunogen_blind_msa/immunogen_blind_msa_model_0.pdb,D:\IL-24(teeth）\phase2_release\results\full181_supplement\server_baseline_snapshot\server_source_inventory.json,formal_msa,passed,matched_at_saved_precision,recomputed_server_original_unrelaxed_PDB
Immunogen134,formal_msa,4,D:\IL-24(teeth）\phase2_release\results\full181_supplement\server_baseline_snapshot\results\12_complex_prediction\formal_msa\immunogen_blind_seed4\boltz_results_immunogen_blind_msa\predictions\immunogen_blind_msa\immunogen_blind_msa_model_0.pdb,complete,,H,FR3,1,1,73,/home/xinlab/home/ws/phase2/results/12_complex_prediction/formal_msa/immunogen_blind_seed4/boltz_results_immunogen_blind_msa/predictions/immunogen_blind_msa/immunogen_blind_msa_model_0.pdb,/home/xinlab/home/ws/phase2/results/12_complex_prediction/formal_msa/immunogen_blind_seed4/boltz_results_immunogen_blind_msa/predictions/immunogen_blind_msa/immunogen_blind_msa_model_0.pdb,D:\IL-24(teeth）\phase2_release\results\full181_supplement\server_baseline_snapshot\server_source_inventory.json,formal_msa,passed,matched_at_saved_precision,recomputed_server_original_unrelaxed_PDB
Immunogen134,formal_msa,4,D:\IL-24(teeth）\phase2_release\results\full181_supplement\server_baseline_snapshot\results\12_complex_prediction\formal_msa\immunogen_blind_seed4\boltz_results_immunogen_blind_msa\predictions\immunogen_blind_msa\immunogen_blind_msa_model_0.pdb,complete,,H,CDR3,4,1,98;99;100;104,/home/xinlab/home/ws/phase2/results/12_complex_prediction/formal_msa/immunogen_blind_seed4/boltz_results_immunogen_blind_msa/predictions/immunogen_blind_msa/immunogen_blind_msa_model_0.pdb,/home/xinlab/home/ws/phase2/results/12_complex_prediction/formal_msa/immunogen_blind_seed4/boltz_results_immunogen_blind_msa/predictions/immunogen_blind_msa/immunogen_blind_msa_model_0.pdb,D:\IL-24(teeth）\phase2_release\results\full181_supplement\server_baseline_snapshot\server_source_inventory.json,formal_msa,passed,matched_at_saved_precision,recomputed_server_original_unrelaxed_PDB
Immunogen134,formal_msa,4,D:\IL-24(teeth）\phase2_release\results\full181_supplement\server_baseline_snapshot\results\12_complex_prediction\formal_msa\immunogen_blind_seed4\boltz_results_immunogen_blind_msa\predictions\immunogen_blind_msa\immunogen_blind_msa_model_0.pdb,complete,,H,FR4,0,0,,/home/xinlab/home/ws/phase2/results/12_complex_prediction/formal_msa/immunogen_blind_seed4/boltz_results_immunogen_blind_msa/predictions/immunogen_blind_msa/immunogen_blind_msa_model_0.pdb,/home/xinlab/home/ws/phase2/results/12_complex_prediction/formal_msa/immunogen_blind_seed4/boltz_results_immunogen_blind_msa/predictions/immunogen_blind_msa/immunogen_blind_msa_model_0.pdb,D:\IL-24(teeth）\phase2_release\results\full181_supplement\server_baseline_snapshot\server_source_inventory.json,formal_msa,passed,matched_at_saved_precision,recomputed_server_original_unrelaxed_PDB
Immunogen134,formal_msa,4,D:\IL-24(teeth）\phase2_release\results\full181_supplement\server_baseline_snapshot\results\12_complex_prediction\formal_msa\immunogen_blind_seed4\boltz_results_immunogen_blind_msa\predictions\immunogen_blind_msa\immunogen_blind_msa_model_0.pdb,complete,,L,FR1,0,0,,/home/xinlab/home/ws/phase2/results/12_complex_prediction/formal_msa/immunogen_blind_seed4/boltz_results_immunogen_blind_msa/predictions/immunogen_blind_msa/immunogen_blind_msa_model_0.pdb,/home/xinlab/home/ws/phase2/results/12_complex_prediction/formal_msa/immunogen_blind_seed4/boltz_results_immunogen_blind_msa/predictions/immunogen_blind_msa/immunogen_blind_msa_model_0.pdb,D:\IL-24(teeth）\phase2_release\results\full181_supplement\server_baseline_snapshot\server_source_inventory.json,formal_msa,passed,matched_at_saved_precision,recomputed_server_original_unrelaxed_PDB
Immunogen134,formal_msa,4,D:\IL-24(teeth）\phase2_release\results\full181_supplement\server_baseline_snapshot\results\12_complex_prediction\formal_msa\immunogen_blind_seed4\boltz_results_immunogen_blind_msa\predictions\immunogen_blind_msa\immunogen_blind_msa_model_0.pdb,complete,,L,CDR1,0,0,,/home/xinlab/home/ws/phase2/results/12_complex_prediction/formal_msa/immunogen_blind_seed4/boltz_results_immunogen_blind_msa/predictions/immunogen_blind_msa/immunogen_blind_msa_model_0.pdb,/home/xinlab/home/ws/phase2/results/12_complex_prediction/formal_msa/immunogen_blind_seed4/boltz_results_immunogen_blind_msa/predictions/immunogen_blind_msa/immunogen_blind_msa_model_0.pdb,D:\IL-24(teeth）\phase2_release\results\full181_supplement\server_baseline_snapshot\server_source_inventory.json,formal_msa,passed,matched_at_saved_precision,recomputed_server_original_unrelaxed_PDB
Immunogen134,formal_msa,4,D:\IL-24(teeth）\phase2_release\results\full181_supplement\server_baseline_snapshot\results\12_complex_prediction\formal_msa\immunogen_blind_seed4\boltz_results_immunogen_blind_msa\predictions\immunogen_blind_msa\immunogen_blind_msa_model_0.pdb,complete,,L,FR2,0,0,,/home/xinlab/home/ws/phase2/results/12_complex_prediction/formal_msa/immunogen_blind_seed4/boltz_results_immunogen_blind_msa/predictions/immunogen_blind_msa/immunogen_blind_msa_model_0.pdb,/home/xinlab/home/ws/phase2/results/12_complex_prediction/formal_msa/immunogen_blind_seed4/boltz_results_immunogen_blind_msa/predictions/immunogen_blind_msa/immunogen_blind_msa_model_0.pdb,D:\IL-24(teeth）\phase2_release\results\full181_supplement\server_baseline_snapshot\server_source_inventory.json,formal_msa,passed,matched_at_saved_precision,recomputed_server_original_unrelaxed_PDB
Immunogen134,formal_msa,4,D:\IL-24(teeth）\phase2_release\results\full181_supplement\server_baseline_snapshot\results\12_complex_prediction\formal_msa\immunogen_blind_seed4\boltz_results_immunogen_blind_msa\predictions\immunogen_blind_msa\immunogen_blind_msa_model_0.pdb,complete,,L,CDR2,0,0,,/home/xinlab/home/ws/phase2/results/12_complex_prediction/formal_msa/immunogen_blind_seed4/boltz_results_immunogen_blind_msa/predictions/immunogen_blind_msa/immunogen_blind_msa_model_0.pdb,/home/xinlab/home/ws/phase2/results/12_complex_prediction/formal_msa/immunogen_blind_seed4/boltz_results_immunogen_blind_msa/predictions/immunogen_blind_msa/immunogen_blind_msa_model_0.pdb,D:\IL-24(teeth）\phase2_release\results\full181_supplement\server_baseline_snapshot\server_source_inventory.json,formal_msa,passed,matched_at_saved_precision,recomputed_server_original_unrelaxed_PDB
Immunogen134,formal_msa,4,D:\IL-24(teeth）\phase2_release\results\full181_supplement\server_baseline_snapshot\results\12_complex_prediction\formal_msa\immunogen_blind_seed4\boltz_results_immunogen_blind_msa\predictions\immunogen_blind_msa\immunogen_blind_msa_model_0.pdb,complete,,L,FR3,0,0,,/home/xinlab/home/ws/phase2/results/12_complex_prediction/formal_msa/immunogen_blind_seed4/boltz_results_immunogen_blind_msa/predictions/immunogen_blind_msa/immunogen_blind_msa_model_0.pdb,/home/xinlab/home/ws/phase2/results/12_complex_prediction/formal_msa/immunogen_blind_seed4/boltz_results_immunogen_blind_msa/predictions/immunogen_blind_msa/immunogen_blind_msa_model_0.pdb,D:\IL-24(teeth）\phase2_release\results\full181_supplement\server_baseline_snapshot\server_source_inventory.json,formal_msa,passed,matched_at_saved_precision,recomputed_server_original_unrelaxed_PDB
Immunogen134,formal_msa,4,D:\IL-24(teeth）\phase2_release\results\full181_supplement\server_baseline_snapshot\results\12_complex_prediction\formal_msa\immunogen_blind_seed4\boltz_results_immunogen_blind_msa\predictions\immunogen_blind_msa\immunogen_blind_msa_model_0.pdb,complete,,L,CDR3,5,1,90;91;92;93;95,/home/xinlab/home/ws/phase2/results/12_complex_prediction/formal_msa/immunogen_blind_seed4/boltz_results_immunogen_blind_msa/predictions/immunogen_blind_msa/immunogen_blind_msa_model_0.pdb,/home/xinlab/home/ws/phase2/results/12_complex_prediction/formal_msa/immunogen_blind_seed4/boltz_results_immunogen_blind_msa/predictions/immunogen_blind_msa/immunogen_blind_msa_model_0.pdb,D:\IL-24(teeth）\phase2_release\results\full181_supplement\server_baseline_snapshot\server_source_inventory.json,formal_msa,passed,matched_at_saved_precision,recomputed_server_original_unrelaxed_PDB
Immunogen134,formal_msa,4,D:\IL-24(teeth）\phase2_release\results\full181_supplement\server_baseline_snapshot\results\12_complex_prediction\formal_msa\immunogen_blind_seed4\boltz_results_immunogen_blind_msa\predictions\immunogen_blind_msa\immunogen_blind_msa_model_0.pdb,complete,,L,FR4,0,0,,/home/xinlab/home/ws/phase2/results/12_complex_prediction/formal_msa/immunogen_blind_seed4/boltz_results_immunogen_blind_msa/predictions/immunogen_blind_msa/immunogen_blind_msa_model_0.pdb,/home/xinlab/home/ws/phase2/results/12_complex_prediction/formal_msa/immunogen_blind_seed4/boltz_results_immunogen_blind_msa/predictions/immunogen_blind_msa/immunogen_blind_msa_model_0.pdb,D:\IL-24(teeth）\phase2_release\results\full181_supplement\server_baseline_snapshot\server_source_inventory.json,formal_msa,passed,matched_at_saved_precision,recomputed_server_original_unrelaxed_PDB
Immunogen134,formal_msa,5,D:\IL-24(teeth）\phase2_release\results\full181_supplement\server_baseline_snapshot\results\12_complex_prediction\formal_msa\immunogen_blind_seed5\boltz_results_immunogen_blind_msa\predictions\immunogen_blind_msa\immunogen_blind_msa_model_0.pdb,complete,,H,FR1,0,0,,/home/xinlab/home/ws/phase2/results/12_complex_prediction/formal_msa/immunogen_blind_seed5/boltz_results_immunogen_blind_msa/predictions/immunogen_blind_msa/immunogen_blind_msa_model_0.pdb,/home/xinlab/home/ws/phase2/results/12_complex_prediction/formal_msa/immunogen_blind_seed5/boltz_results_immunogen_blind_msa/predictions/immunogen_blind_msa/immunogen_blind_msa_model_0.pdb,D:\IL-24(teeth）\phase2_release\results\full181_supplement\server_baseline_snapshot\server_source_inventory.json,formal_msa,passed,matched_at_saved_precision,recomputed_server_original_unrelaxed_PDB
Immunogen134,formal_msa,5,D:\IL-24(teeth）\phase2_release\results\full181_supplement\server_baseline_snapshot\results\12_complex_prediction\formal_msa\immunogen_blind_seed5\boltz_results_immunogen_blind_msa\predictions\immunogen_blind_msa\immunogen_blind_msa_model_0.pdb,complete,,H,CDR1,4,1,30;31;32;33,/home/xinlab/home/ws/phase2/results/12_complex_prediction/formal_msa/immunogen_blind_seed5/boltz_results_immunogen_blind_msa/predictions/immunogen_blind_msa/immunogen_blind_msa_model_0.pdb,/home/xinlab/home/ws/phase2/results/12_complex_prediction/formal_msa/immunogen_blind_seed5/boltz_results_immunogen_blind_msa/predictions/immunogen_blind_msa/immunogen_blind_msa_model_0.pdb,D:\IL-24(teeth）\phase2_release\results\full181_supplement\server_baseline_snapshot\server_source_inventory.json,formal_msa,passed,matched_at_saved_precision,recomputed_server_original_unrelaxed_PDB
Immunogen134,formal_msa,5,D:\IL-24(teeth）\phase2_release\results\full181_supplement\server_baseline_snapshot\results\12_complex_prediction\formal_msa\immunogen_blind_seed5\boltz_results_immunogen_blind_msa\predictions\immunogen_blind_msa\immunogen_blind_msa_model_0.pdb,complete,,H,FR2,1,1,35,/home/xinlab/home/ws/phase2/results/12_complex_prediction/formal_msa/immunogen_blind_seed5/boltz_results_immunogen_blind_msa/predictions/immunogen_blind_msa/immunogen_blind_msa_model_0.pdb,/home/xinlab/home/ws/phase2/results/12_complex_prediction/formal_msa/immunogen_blind_seed5/boltz_results_immunogen_blind_msa/predictions/immunogen_blind_msa/immunogen_blind_msa_model_0.pdb,D:\IL-24(teeth）\phase2_release\results\full181_supplement\server_baseline_snapshot\server_source_inventory.json,formal_msa,passed,matched_at_saved_precision,recomputed_server_original_unrelaxed_PDB
Immunogen134,formal_msa,5,D:\IL-24(teeth）\phase2_release\results\full181_supplement\server_baseline_snapshot\results\12_complex_prediction\formal_msa\immunogen_blind_seed5\boltz_results_immunogen_blind_msa\predictions\immunogen_blind_msa\immunogen_blind_msa_model_0.pdb,complete,,H,CDR2,3,1,50;53;54,/home/xinlab/home/ws/phase2/results/12_complex_prediction/formal_msa/immunogen_blind_seed5/boltz_results_immunogen_blind_msa/predictions/immunogen_blind_msa/immunogen_blind_msa_model_0.pdb,/home/xinlab/home/ws/phase2/results/12_complex_prediction/formal_msa/immunogen_blind_seed5/boltz_results_immunogen_blind_msa/predictions/immunogen_blind_msa/immunogen_blind_msa_model_0.pdb,D:\IL-24(teeth）\phase2_release\results\full181_supplement\server_baseline_snapshot\server_source_inventory.json,formal_msa,passed,matched_at_saved_precision,recomputed_server_original_unrelaxed_PDB
Immunogen134,formal_msa,5,D:\IL-24(teeth）\phase2_release\results\full181_supplement\server_baseline_snapshot\results\12_complex_prediction\formal_msa\immunogen_blind_seed5\boltz_results_immunogen_blind_msa\predictions\immunogen_blind_msa\immunogen_blind_msa_model_0.pdb,complete,,H,FR3,2,1,58;64,/home/xinlab/home/ws/phase2/results/12_complex_prediction/formal_msa/immunogen_blind_seed5/boltz_results_immunogen_blind_msa/predictions/immunogen_blind_msa/immunogen_blind_msa_model_0.pdb,/home/xinlab/home/ws/phase2/results/12_complex_prediction/formal_msa/immunogen_blind_seed5/boltz_results_immunogen_blind_msa/predictions/immunogen_blind_msa/immunogen_blind_msa_model_0.pdb,D:\IL-24(teeth）\phase2_release\results\full181_supplement\server_baseline_snapshot\server_source_inventory.json,formal_msa,passed,matched_at_saved_precision,recomputed_server_original_unrelaxed_PDB
Immunogen134,formal_msa,5,D:\IL-24(teeth）\phase2_release\results\full181_supplement\server_baseline_snapshot\results\12_complex_prediction\formal_msa\immunogen_blind_seed5\boltz_results_immunogen_blind_msa\predictions\immunogen_blind_msa\immunogen_blind_msa_model_0.pdb,complete,,H,CDR3,6,1,98;99;100;101;102;104,/home/xinlab/home/ws/phase2/results/12_complex_prediction/formal_msa/immunogen_blind_seed5/boltz_results_immunogen_blind_msa/predictions/immunogen_blind_msa/immunogen_blind_msa_model_0.pdb,/home/xinlab/home/ws/phase2/results/12_complex_prediction/formal_msa/immunogen_blind_seed5/boltz_results_immunogen_blind_msa/predictions/immunogen_blind_msa/immunogen_blind_msa_model_0.pdb,D:\IL-24(teeth）\phase2_release\results\full181_supplement\server_baseline_snapshot\server_source_inventory.json,formal_msa,passed,matched_at_saved_precision,recomputed_server_original_unrelaxed_PDB
Immunogen134,formal_msa,5,D:\IL-24(teeth）\phase2_release\results\full181_supplement\server_baseline_snapshot\results\12_complex_prediction\formal_msa\immunogen_blind_seed5\boltz_results_immunogen_blind_msa\predictions\immunogen_blind_msa\immunogen_blind_msa_model_0.pdb,complete,,H,FR4,0,0,,/home/xinlab/home/ws/phase2/results/12_complex_prediction/formal_msa/immunogen_blind_seed5/boltz_results_immunogen_blind_msa/predictions/immunogen_blind_msa/immunogen_blind_msa_model_0.pdb,/home/xinlab/home/ws/phase2/results/12_complex_prediction/formal_msa/immunogen_blind_seed5/boltz_results_immunogen_blind_msa/predictions/immunogen_blind_msa/immunogen_blind_msa_model_0.pdb,D:\IL-24(teeth）\phase2_release\results\full181_supplement\server_baseline_snapshot\server_source_inventory.json,formal_msa,passed,matched_at_saved_precision,recomputed_server_original_unrelaxed_PDB
Immunogen134,formal_msa,5,D:\IL-24(teeth）\phase2_release\results\full181_supplement\server_baseline_snapshot\results\12_complex_prediction\formal_msa\immunogen_blind_seed5\boltz_results_immunogen_blind_msa\predictions\immunogen_blind_msa\immunogen_blind_msa_model_0.pdb,complete,,L,FR1,0,0,,/home/xinlab/home/ws/phase2/results/12_complex_prediction/formal_msa/immunogen_blind_seed5/boltz_results_immunogen_blind_msa/predictions/immunogen_blind_msa/immunogen_blind_msa_model_0.pdb,/home/xinlab/home/ws/phase2/results/12_complex_prediction/formal_msa/immunogen_blind_seed5/boltz_results_immunogen_blind_msa/predictions/immunogen_blind_msa/immunogen_blind_msa_model_0.pdb,D:\IL-24(teeth）\phase2_release\results\full181_supplement\server_baseline_snapshot\server_source_inventory.json,formal_msa,passed,matched_at_saved_precision,recomputed_server_original_unrelaxed_PDB
Immunogen134,formal_msa,5,D:\IL-24(teeth）\phase2_release\results\full181_supplement\server_baseline_snapshot\results\12_complex_prediction\formal_msa\immunogen_blind_seed5\boltz_results_immunogen_blind_msa\predictions\immunogen_blind_msa\immunogen_blind_msa_model_0.pdb,complete,,L,CDR1,0,0,,/home/xinlab/home/ws/phase2/results/12_complex_prediction/formal_msa/immunogen_blind_seed5/boltz_results_immunogen_blind_msa/predictions/immunogen_blind_msa/immunogen_blind_msa_model_0.pdb,/home/xinlab/home/ws/phase2/results/12_complex_prediction/formal_msa/immunogen_blind_seed5/boltz_results_immunogen_blind_msa/predictions/immunogen_blind_msa/immunogen_blind_msa_model_0.pdb,D:\IL-24(teeth）\phase2_release\results\full181_supplement\server_baseline_snapshot\server_source_inventory.json,formal_msa,passed,matched_at_saved_precision,recomputed_server_original_unrelaxed_PDB
Immunogen134,formal_msa,5,D:\IL-24(teeth）\phase2_release\results\full181_supplement\server_baseline_snapshot\results\12_complex_prediction\formal_msa\immunogen_blind_seed5\boltz_results_immunogen_blind_msa\predictions\immunogen_blind_msa\immunogen_blind_msa_model_0.pdb,complete,,L,FR2,0,0,,/home/xinlab/home/ws/phase2/results/12_complex_prediction/formal_msa/immunogen_blind_seed5/boltz_results_immunogen_blind_msa/predictions/immunogen_blind_msa/immunogen_blind_msa_model_0.pdb,/home/xinlab/home/ws/phase2/results/12_complex_prediction/formal_msa/immunogen_blind_seed5/boltz_results_immunogen_blind_msa/predictions/immunogen_blind_msa/immunogen_blind_msa_model_0.pdb,D:\IL-24(teeth）\phase2_release\results\full181_supplement\server_baseline_snapshot\server_source_inventory.json,formal_msa,passed,matched_at_saved_precision,recomputed_server_original_unrelaxed_PDB
Immunogen134,formal_msa,5,D:\IL-24(teeth）\phase2_release\results\full181_supplement\server_baseline_snapshot\results\12_complex_prediction\formal_msa\immunogen_blind_seed5\boltz_results_immunogen_blind_msa\predictions\immunogen_blind_msa\immunogen_blind_msa_model_0.pdb,complete,,L,CDR2,1,1,50,/home/xinlab/home/ws/phase2/results/12_complex_prediction/formal_msa/immunogen_blind_seed5/boltz_results_immunogen_blind_msa/predictions/immunogen_blind_msa/immunogen_blind_msa_model_0.pdb,/home/xinlab/home/ws/phase2/results/12_complex_prediction/formal_msa/immunogen_blind_seed5/boltz_results_immunogen_blind_msa/predictions/immunogen_blind_msa/immunogen_blind_msa_model_0.pdb,D:\IL-24(teeth）\phase2_release\results\full181_supplement\server_baseline_snapshot\server_source_inventory.json,formal_msa,passed,matched_at_saved_precision,recomputed_server_original_unrelaxed_PDB
Immunogen134,formal_msa,5,D:\IL-24(teeth）\phase2_release\results\full181_supplement\server_baseline_snapshot\results\12_complex_prediction\formal_msa\immunogen_blind_seed5\boltz_results_immunogen_blind_msa\predictions\immunogen_blind_msa\immunogen_blind_msa_model_0.pdb,complete,,L,FR3,1,1,53,/home/xinlab/home/ws/phase2/results/12_complex_prediction/formal_msa/immunogen_blind_seed5/boltz_results_immunogen_blind_msa/predictions/immunogen_blind_msa/immunogen_blind_msa_model_0.pdb,/home/xinlab/home/ws/phase2/results/12_complex_prediction/formal_msa/immunogen_blind_seed5/boltz_results_immunogen_blind_msa/predictions/immunogen_blind_msa/immunogen_blind_msa_model_0.pdb,D:\IL-24(teeth）\phase2_release\results\full181_supplement\server_baseline_snapshot\server_source_inventory.json,formal_msa,passed,matched_at_saved_precision,recomputed_server_original_unrelaxed_PDB
Immunogen134,formal_msa,5,D:\IL-24(teeth）\phase2_release\results\full181_supplement\server_baseline_snapshot\results\12_complex_prediction\formal_msa\immunogen_blind_seed5\boltz_results_immunogen_blind_msa\predictions\immunogen_blind_msa\immunogen_blind_msa_model_0.pdb,complete,,L,CDR3,4,1,91;92;93;95,/home/xinlab/home/ws/phase2/results/12_complex_prediction/formal_msa/immunogen_blind_seed5/boltz_results_immunogen_blind_msa/predictions/immunogen_blind_msa/immunogen_blind_msa_model_0.pdb,/home/xinlab/home/ws/phase2/results/12_complex_prediction/formal_msa/immunogen_blind_seed5/boltz_results_immunogen_blind_msa/predictions/immunogen_blind_msa/immunogen_blind_msa_model_0.pdb,D:\IL-24(teeth）\phase2_release\results\full181_supplement\server_baseline_snapshot\server_source_inventory.json,formal_msa,passed,matched_at_saved_precision,recomputed_server_original_unrelaxed_PDB
Immunogen134,formal_msa,5,D:\IL-24(teeth）\phase2_release\results\full181_supplement\server_baseline_snapshot\results\12_complex_prediction\formal_msa\immunogen_blind_seed5\boltz_results_immunogen_blind_msa\predictions\immunogen_blind_msa\immunogen_blind_msa_model_0.pdb,complete,,L,FR4,0,0,,/home/xinlab/home/ws/phase2/results/12_complex_prediction/formal_msa/immunogen_blind_seed5/boltz_results_immunogen_blind_msa/predictions/immunogen_blind_msa/immunogen_blind_msa_model_0.pdb,/home/xinlab/home/ws/phase2/results/12_complex_prediction/formal_msa/immunogen_blind_seed5/boltz_results_immunogen_blind_msa/predictions/immunogen_blind_msa/immunogen_blind_msa_model_0.pdb,D:\IL-24(teeth）\phase2_release\results\full181_supplement\server_baseline_snapshot\server_source_inventory.json,formal_msa,passed,matched_at_saved_precision,recomputed_server_original_unrelaxed_PDB
Immunogen134,formal_msa,6,D:\IL-24(teeth）\phase2_release\results\full181_supplement\server_baseline_snapshot\results\12_complex_prediction\formal_msa\immunogen_blind_seed6\boltz_results_immunogen_blind_msa\predictions\immunogen_blind_msa\immunogen_blind_msa_model_0.pdb,complete,,H,FR1,0,0,,/home/xinlab/home/ws/phase2/results/12_complex_prediction/formal_msa/immunogen_blind_seed6/boltz_results_immunogen_blind_msa/predictions/immunogen_blind_msa/immunogen_blind_msa_model_0.pdb,/home/xinlab/home/ws/phase2/results/12_complex_prediction/formal_msa/immunogen_blind_seed6/boltz_results_immunogen_blind_msa/predictions/immunogen_blind_msa/immunogen_blind_msa_model_0.pdb,D:\IL-24(teeth）\phase2_release\results\full181_supplement\server_baseline_snapshot\server_source_inventory.json,formal_msa,passed,matched_at_saved_precision,recomputed_server_original_unrelaxed_PDB
Immunogen134,formal_msa,6,D:\IL-24(teeth）\phase2_release\results\full181_supplement\server_baseline_snapshot\results\12_complex_prediction\formal_msa\immunogen_blind_seed6\boltz_results_immunogen_blind_msa\predictions\immunogen_blind_msa\immunogen_blind_msa_model_0.pdb,complete,,H,CDR1,4,1,30;31;32;33,/home/xinlab/home/ws/phase2/results/12_complex_prediction/formal_msa/immunogen_blind_seed6/boltz_results_immunogen_blind_msa/predictions/immunogen_blind_msa/immunogen_blind_msa_model_0.pdb,/home/xinlab/home/ws/phase2/results/12_complex_prediction/formal_msa/immunogen_blind_seed6/boltz_results_immunogen_blind_msa/predictions/immunogen_blind_msa/immunogen_blind_msa_model_0.pdb,D:\IL-24(teeth）\phase2_release\results\full181_supplement\server_baseline_snapshot\server_source_inventory.json,formal_msa,passed,matched_at_saved_precision,recomputed_server_original_unrelaxed_PDB
Immunogen134,formal_msa,6,D:\IL-24(teeth）\phase2_release\results\full181_supplement\server_baseline_snapshot\results\12_complex_prediction\formal_msa\immunogen_blind_seed6\boltz_results_immunogen_blind_msa\predictions\immunogen_blind_msa\immunogen_blind_msa_model_0.pdb,complete,,H,FR2,1,1,35,/home/xinlab/home/ws/phase2/results/12_complex_prediction/formal_msa/immunogen_blind_seed6/boltz_results_immunogen_blind_msa/predictions/immunogen_blind_msa/immunogen_blind_msa_model_0.pdb,/home/xinlab/home/ws/phase2/results/12_complex_prediction/formal_msa/immunogen_blind_seed6/boltz_results_immunogen_blind_msa/predictions/immunogen_blind_msa/immunogen_blind_msa_model_0.pdb,D:\IL-24(teeth）\phase2_release\results\full181_supplement\server_baseline_snapshot\server_source_inventory.json,formal_msa,passed,matched_at_saved_precision,recomputed_server_original_unrelaxed_PDB
Immunogen134,formal_msa,6,D:\IL-24(teeth）\phase2_release\results\full181_supplement\server_baseline_snapshot\results\12_complex_prediction\formal_msa\immunogen_blind_seed6\boltz_results_immunogen_blind_msa\predictions\immunogen_blind_msa\immunogen_blind_msa_model_0.pdb,complete,,H,CDR2,2,1,50;53,/home/xinlab/home/ws/phase2/results/12_complex_prediction/formal_msa/immunogen_blind_seed6/boltz_results_immunogen_blind_msa/predictions/immunogen_blind_msa/immunogen_blind_msa_model_0.pdb,/home/xinlab/home/ws/phase2/results/12_complex_prediction/formal_msa/immunogen_blind_seed6/boltz_results_immunogen_blind_msa/predictions/immunogen_blind_msa/immunogen_blind_msa_model_0.pdb,D:\IL-24(teeth）\phase2_release\results\full181_supplement\server_baseline_snapshot\server_source_inventory.json,formal_msa,passed,matched_at_saved_precision,recomputed_server_original_unrelaxed_PDB
Immunogen134,formal_msa,6,D:\IL-24(teeth）\phase2_release\results\full181_supplement\server_baseline_snapshot\results\12_complex_prediction\formal_msa\immunogen_blind_seed6\boltz_results_immunogen_blind_msa\predictions\immunogen_blind_msa\immunogen_blind_msa_model_0.pdb,complete,,H,FR3,2,1,58;64,/home/xinlab/home/ws/phase2/results/12_complex_prediction/formal_msa/immunogen_blind_seed6/boltz_results_immunogen_blind_msa/predictions/immunogen_blind_msa/immunogen_blind_msa_model_0.pdb,/home/xinlab/home/ws/phase2/results/12_complex_prediction/formal_msa/immunogen_blind_seed6/boltz_results_immunogen_blind_msa/predictions/immunogen_blind_msa/immunogen_blind_msa_model_0.pdb,D:\IL-24(teeth）\phase2_release\results\full181_supplement\server_baseline_snapshot\server_source_inventory.json,formal_msa,passed,matched_at_saved_precision,recomputed_server_original_unrelaxed_PDB
Immunogen134,formal_msa,6,D:\IL-24(teeth）\phase2_release\results\full181_supplement\server_baseline_snapshot\results\12_complex_prediction\formal_msa\immunogen_blind_seed6\boltz_results_immunogen_blind_msa\predictions\immunogen_blind_msa\immunogen_blind_msa_model_0.pdb,complete,,H,CDR3,6,1,98;99;100;101;102;104,/home/xinlab/home/ws/phase2/results/12_complex_prediction/formal_msa/immunogen_blind_seed6/boltz_results_immunogen_blind_msa/predictions/immunogen_blind_msa/immunogen_blind_msa_model_0.pdb,/home/xinlab/home/ws/phase2/results/12_complex_prediction/formal_msa/immunogen_blind_seed6/boltz_results_immunogen_blind_msa/predictions/immunogen_blind_msa/immunogen_blind_msa_model_0.pdb,D:\IL-24(teeth）\phase2_release\results\full181_supplement\server_baseline_snapshot\server_source_inventory.json,formal_msa,passed,matched_at_saved_precision,recomputed_server_original_unrelaxed_PDB
Immunogen134,formal_msa,6,D:\IL-24(teeth）\phase2_release\results\full181_supplement\server_baseline_snapshot\results\12_complex_prediction\formal_msa\immunogen_blind_seed6\boltz_results_immunogen_blind_msa\predictions\immunogen_blind_msa\immunogen_blind_msa_model_0.pdb,complete,,H,FR4,0,0,,/home/xinlab/home/ws/phase2/results/12_complex_prediction/formal_msa/immunogen_blind_seed6/boltz_results_immunogen_blind_msa/predictions/immunogen_blind_msa/immunogen_blind_msa_model_0.pdb,/home/xinlab/home/ws/phase2/results/12_complex_prediction/formal_msa/immunogen_blind_seed6/boltz_results_immunogen_blind_msa/predictions/immunogen_blind_msa/immunogen_blind_msa_model_0.pdb,D:\IL-24(teeth）\phase2_release\results\full181_supplement\server_baseline_snapshot\server_source_inventory.json,formal_msa,passed,matched_at_saved_precision,recomputed_server_original_unrelaxed_PDB
Immunogen134,formal_msa,6,D:\IL-24(teeth）\phase2_release\results\full181_supplement\server_baseline_snapshot\results\12_complex_prediction\formal_msa\immunogen_blind_seed6\boltz_results_immunogen_blind_msa\predictions\immunogen_blind_msa\immunogen_blind_msa_model_0.pdb,complete,,L,FR1,0,0,,/home/xinlab/home/ws/phase2/results/12_complex_prediction/formal_msa/immunogen_blind_seed6/boltz_results_immunogen_blind_msa/predictions/immunogen_blind_msa/immunogen_blind_msa_model_0.pdb,/home/xinlab/home/ws/phase2/results/12_complex_prediction/formal_msa/immunogen_blind_seed6/boltz_results_immunogen_blind_msa/predictions/immunogen_blind_msa/immunogen_blind_msa_model_0.pdb,D:\IL-24(teeth）\phase2_release\results\full181_supplement\server_baseline_snapshot\server_source_inventory.json,formal_msa,passed,matched_at_saved_precision,recomputed_server_original_unrelaxed_PDB
Immunogen134,formal_msa,6,D:\IL-24(teeth）\phase2_release\results\full181_supplement\server_baseline_snapshot\results\12_complex_prediction\formal_msa\immunogen_blind_seed6\boltz_results_immunogen_blind_msa\predictions\immunogen_blind_msa\immunogen_blind_msa_model_0.pdb,complete,,L,CDR1,0,0,,/home/xinlab/home/ws/phase2/results/12_complex_prediction/formal_msa/immunogen_blind_seed6/boltz_results_immunogen_blind_msa/predictions/immunogen_blind_msa/immunogen_blind_msa_model_0.pdb,/home/xinlab/home/ws/phase2/results/12_complex_prediction/formal_msa/immunogen_blind_seed6/boltz_results_immunogen_blind_msa/predictions/immunogen_blind_msa/immunogen_blind_msa_model_0.pdb,D:\IL-24(teeth）\phase2_release\results\full181_supplement\server_baseline_snapshot\server_source_inventory.json,formal_msa,passed,matched_at_saved_precision,recomputed_server_original_unrelaxed_PDB
Immunogen134,formal_msa,6,D:\IL-24(teeth）\phase2_release\results\full181_supplement\server_baseline_snapshot\results\12_complex_prediction\formal_msa\immunogen_blind_seed6\boltz_results_immunogen_blind_msa\predictions\immunogen_blind_msa\immunogen_blind_msa_model_0.pdb,complete,,L,FR2,0,0,,/home/xinlab/home/ws/phase2/results/12_complex_prediction/formal_msa/immunogen_blind_seed6/boltz_results_immunogen_blind_msa/predictions/immunogen_blind_msa/immunogen_blind_msa_model_0.pdb,/home/xinlab/home/ws/phase2/results/12_complex_prediction/formal_msa/immunogen_blind_seed6/boltz_results_immunogen_blind_msa/predictions/immunogen_blind_msa/immunogen_blind_msa_model_0.pdb,D:\IL-24(teeth）\phase2_release\results\full181_supplement\server_baseline_snapshot\server_source_inventory.json,formal_msa,passed,matched_at_saved_precision,recomputed_server_original_unrelaxed_PDB
Immunogen134,formal_msa,6,D:\IL-24(teeth）\phase2_release\results\full181_supplement\server_baseline_snapshot\results\12_complex_prediction\formal_msa\immunogen_blind_seed6\boltz_results_immunogen_blind_msa\predictions\immunogen_blind_msa\immunogen_blind_msa_model_0.pdb,complete,,L,CDR2,0,0,,/home/xinlab/home/ws/phase2/results/12_complex_prediction/formal_msa/immunogen_blind_seed6/boltz_results_immunogen_blind_msa/predictions/immunogen_blind_msa/immunogen_blind_msa_model_0.pdb,/home/xinlab/home/ws/phase2/results/12_complex_prediction/formal_msa/immunogen_blind_seed6/boltz_results_immunogen_blind_msa/predictions/immunogen_blind_msa/immunogen_blind_msa_model_0.pdb,D:\IL-24(teeth）\phase2_release\results\full181_supplement\server_baseline_snapshot\server_source_inventory.json,formal_msa,passed,matched_at_saved_precision,recomputed_server_original_unrelaxed_PDB
Immunogen134,formal_msa,6,D:\IL-24(teeth）\phase2_release\results\full181_supplement\server_baseline_snapshot\results\12_complex_prediction\formal_msa\immunogen_blind_seed6\boltz_results_immunogen_blind_msa\predictions\immunogen_blind_msa\immunogen_blind_msa_model_0.pdb,complete,,L,FR3,1,1,53,/home/xinlab/home/ws/phase2/results/12_complex_prediction/formal_msa/immunogen_blind_seed6/boltz_results_immunogen_blind_msa/predictions/immunogen_blind_msa/immunogen_blind_msa_model_0.pdb,/home/xinlab/home/ws/phase2/results/12_complex_prediction/formal_msa/immunogen_blind_seed6/boltz_results_immunogen_blind_msa/predictions/immunogen_blind_msa/immunogen_blind_msa_model_0.pdb,D:\IL-24(teeth）\phase2_release\results\full181_supplement\server_baseline_snapshot\server_source_inventory.json,formal_msa,passed,matched_at_saved_precision,recomputed_server_original_unrelaxed_PDB
Immunogen134,formal_msa,6,D:\IL-24(teeth）\phase2_release\results\full181_supplement\server_baseline_snapshot\results\12_complex_prediction\formal_msa\immunogen_blind_seed6\boltz_results_immunogen_blind_msa\predictions\immunogen_blind_msa\immunogen_blind_msa_model_0.pdb,complete,,L,CDR3,4,1,91;92;93;95,/home/xinlab/home/ws/phase2/results/12_complex_prediction/formal_msa/immunogen_blind_seed6/boltz_results_immunogen_blind_msa/predictions/immunogen_blind_msa/immunogen_blind_msa_model_0.pdb,/home/xinlab/home/ws/phase2/results/12_complex_prediction/formal_msa/immunogen_blind_seed6/boltz_results_immunogen_blind_msa/predictions/immunogen_blind_msa/immunogen_blind_msa_model_0.pdb,D:\IL-24(teeth）\phase2_release\results\full181_supplement\server_baseline_snapshot\server_source_inventory.json,formal_msa,passed,matched_at_saved_precision,recomputed_server_original_unrelaxed_PDB
Immunogen134,formal_msa,6,D:\IL-24(teeth）\phase2_release\results\full181_supplement\server_baseline_snapshot\results\12_complex_prediction\formal_msa\immunogen_blind_seed6\boltz_results_immunogen_blind_msa\predictions\immunogen_blind_msa\immunogen_blind_msa_model_0.pdb,complete,,L,FR4,0,0,,/home/xinlab/home/ws/phase2/results/12_complex_prediction/formal_msa/immunogen_blind_seed6/boltz_results_immunogen_blind_msa/predictions/immunogen_blind_msa/immunogen_blind_msa_model_0.pdb,/home/xinlab/home/ws/phase2/results/12_complex_prediction/formal_msa/immunogen_blind_seed6/boltz_results_immunogen_blind_msa/predictions/immunogen_blind_msa/immunogen_blind_msa_model_0.pdb,D:\IL-24(teeth）\phase2_release\results\full181_supplement\server_baseline_snapshot\server_source_inventory.json,formal_msa,passed,matched_at_saved_precision,recomputed_server_original_unrelaxed_PDB
Immunogen134,formal_msa,7,D:\IL-24(teeth）\phase2_release\results\full181_supplement\server_baseline_snapshot\results\12_complex_prediction\formal_msa\immunogen_blind_seed7\boltz_results_immunogen_blind_msa\predictions\immunogen_blind_msa\immunogen_blind_msa_model_0.pdb,complete,,H,FR1,0,0,,/home/xinlab/home/ws/phase2/results/12_complex_prediction/formal_msa/immunogen_blind_seed7/boltz_results_immunogen_blind_msa/predictions/immunogen_blind_msa/immunogen_blind_msa_model_0.pdb,/home/xinlab/home/ws/phase2/results/12_complex_prediction/formal_msa/immunogen_blind_seed7/boltz_results_immunogen_blind_msa/predictions/immunogen_blind_msa/immunogen_blind_msa_model_0.pdb,D:\IL-24(teeth）\phase2_release\results\full181_supplement\server_baseline_snapshot\server_source_inventory.json,formal_msa,passed,matched_at_saved_precision,recomputed_server_original_unrelaxed_PDB
Immunogen134,formal_msa,7,D:\IL-24(teeth）\phase2_release\results\full181_supplement\server_baseline_snapshot\results\12_complex_prediction\formal_msa\immunogen_blind_seed7\boltz_results_immunogen_blind_msa\predictions\immunogen_blind_msa\immunogen_blind_msa_model_0.pdb,complete,,H,CDR1,4,1,30;31;32;33,/home/xinlab/home/ws/phase2/results/12_complex_prediction/formal_msa/immunogen_blind_seed7/boltz_results_immunogen_blind_msa/predictions/immunogen_blind_msa/immunogen_blind_msa_model_0.pdb,/home/xinlab/home/ws/phase2/results/12_complex_prediction/formal_msa/immunogen_blind_seed7/boltz_results_immunogen_blind_msa/predictions/immunogen_blind_msa/immunogen_blind_msa_model_0.pdb,D:\IL-24(teeth）\phase2_release\results\full181_supplement\server_baseline_snapshot\server_source_inventory.json,formal_msa,passed,matched_at_saved_precision,recomputed_server_original_unrelaxed_PDB
Immunogen134,formal_msa,7,D:\IL-24(teeth）\phase2_release\results\full181_supplement\server_baseline_snapshot\results\12_complex_prediction\formal_msa\immunogen_blind_seed7\boltz_results_immunogen_blind_msa\predictions\immunogen_blind_msa\immunogen_blind_msa_model_0.pdb,complete,,H,FR2,1,1,35,/home/xinlab/home/ws/phase2/results/12_complex_prediction/formal_msa/immunogen_blind_seed7/boltz_results_immunogen_blind_msa/predictions/immunogen_blind_msa/immunogen_blind_msa_model_0.pdb,/home/xinlab/home/ws/phase2/results/12_complex_prediction/formal_msa/immunogen_blind_seed7/boltz_results_immunogen_blind_msa/predictions/immunogen_blind_msa/immunogen_blind_msa_model_0.pdb,D:\IL-24(teeth）\phase2_release\results\full181_supplement\server_baseline_snapshot\server_source_inventory.json,formal_msa,passed,matched_at_saved_precision,recomputed_server_original_unrelaxed_PDB
Immunogen134,formal_msa,7,D:\IL-24(teeth）\phase2_release\results\full181_supplement\server_baseline_snapshot\results\12_complex_prediction\formal_msa\immunogen_blind_seed7\boltz_results_immunogen_blind_msa\predictions\immunogen_blind_msa\immunogen_blind_msa_model_0.pdb,complete,,H,CDR2,4,1,50;52;53;54,/home/xinlab/home/ws/phase2/results/12_complex_prediction/formal_msa/immunogen_blind_seed7/boltz_results_immunogen_blind_msa/predictions/immunogen_blind_msa/immunogen_blind_msa_model_0.pdb,/home/xinlab/home/ws/phase2/results/12_complex_prediction/formal_msa/immunogen_blind_seed7/boltz_results_immunogen_blind_msa/predictions/immunogen_blind_msa/immunogen_blind_msa_model_0.pdb,D:\IL-24(teeth）\phase2_release\results\full181_supplement\server_baseline_snapshot\server_source_inventory.json,formal_msa,passed,matched_at_saved_precision,recomputed_server_original_unrelaxed_PDB
Immunogen134,formal_msa,7,D:\IL-24(teeth）\phase2_release\results\full181_supplement\server_baseline_snapshot\results\12_complex_prediction\formal_msa\immunogen_blind_seed7\boltz_results_immunogen_blind_msa\predictions\immunogen_blind_msa\immunogen_blind_msa_model_0.pdb,complete,,H,FR3,1,1,58,/home/xinlab/home/ws/phase2/results/12_complex_prediction/formal_msa/immunogen_blind_seed7/boltz_results_immunogen_blind_msa/predictions/immunogen_blind_msa/immunogen_blind_msa_model_0.pdb,/home/xinlab/home/ws/phase2/results/12_complex_prediction/formal_msa/immunogen_blind_seed7/boltz_results_immunogen_blind_msa/predictions/immunogen_blind_msa/immunogen_blind_msa_model_0.pdb,D:\IL-24(teeth）\phase2_release\results\full181_supplement\server_baseline_snapshot\server_source_inventory.json,formal_msa,passed,matched_at_saved_precision,recomputed_server_original_unrelaxed_PDB
Immunogen134,formal_msa,7,D:\IL-24(teeth）\phase2_release\results\full181_supplement\server_baseline_snapshot\results\12_complex_prediction\formal_msa\immunogen_blind_seed7\boltz_results_immunogen_blind_msa\predictions\immunogen_blind_msa\immunogen_blind_msa_model_0.pdb,complete,,H,CDR3,6,1,98;99;100;101;102;104,/home/xinlab/home/ws/phase2/results/12_complex_prediction/formal_msa/immunogen_blind_seed7/boltz_results_immunogen_blind_msa/predictions/immunogen_blind_msa/immunogen_blind_msa_model_0.pdb,/home/xinlab/home/ws/phase2/results/12_complex_prediction/formal_msa/immunogen_blind_seed7/boltz_results_immunogen_blind_msa/predictions/immunogen_blind_msa/immunogen_blind_msa_model_0.pdb,D:\IL-24(teeth）\phase2_release\results\full181_supplement\server_baseline_snapshot\server_source_inventory.json,formal_msa,passed,matched_at_saved_precision,recomputed_server_original_unrelaxed_PDB
Immunogen134,formal_msa,7,D:\IL-24(teeth）\phase2_release\results\full181_supplement\server_baseline_snapshot\results\12_complex_prediction\formal_msa\immunogen_blind_seed7\boltz_results_immunogen_blind_msa\predictions\immunogen_blind_msa\immunogen_blind_msa_model_0.pdb,complete,,H,FR4,0,0,,/home/xinlab/home/ws/phase2/results/12_complex_prediction/formal_msa/immunogen_blind_seed7/boltz_results_immunogen_blind_msa/predictions/immunogen_blind_msa/immunogen_blind_msa_model_0.pdb,/home/xinlab/home/ws/phase2/results/12_complex_prediction/formal_msa/immunogen_blind_seed7/boltz_results_immunogen_blind_msa/predictions/immunogen_blind_msa/immunogen_blind_msa_model_0.pdb,D:\IL-24(teeth）\phase2_release\results\full181_supplement\server_baseline_snapshot\server_source_inventory.json,formal_msa,passed,matched_at_saved_precision,recomputed_server_original_unrelaxed_PDB
Immunogen134,formal_msa,7,D:\IL-24(teeth）\phase2_release\results\full181_supplement\server_baseline_snapshot\results\12_complex_prediction\formal_msa\immunogen_blind_seed7\boltz_results_immunogen_blind_msa\predictions\immunogen_blind_msa\immunogen_blind_msa_model_0.pdb,complete,,L,FR1,0,0,,/home/xinlab/home/ws/phase2/results/12_complex_prediction/formal_msa/immunogen_blind_seed7/boltz_results_immunogen_blind_msa/predictions/immunogen_blind_msa/immunogen_blind_msa_model_0.pdb,/home/xinlab/home/ws/phase2/results/12_complex_prediction/formal_msa/immunogen_blind_seed7/boltz_results_immunogen_blind_msa/predictions/immunogen_blind_msa/immunogen_blind_msa_model_0.pdb,D:\IL-24(teeth）\phase2_release\results\full181_supplement\server_baseline_snapshot\server_source_inventory.json,formal_msa,passed,matched_at_saved_precision,recomputed_server_original_unrelaxed_PDB
Immunogen134,formal_msa,7,D:\IL-24(teeth）\phase2_release\results\full181_supplement\server_baseline_snapshot\results\12_complex_prediction\formal_msa\immunogen_blind_seed7\boltz_results_immunogen_blind_msa\predictions\immunogen_blind_msa\immunogen_blind_msa_model_0.pdb,complete,,L,CDR1,0,0,,/home/xinlab/home/ws/phase2/results/12_complex_prediction/formal_msa/immunogen_blind_seed7/boltz_results_immunogen_blind_msa/predictions/immunogen_blind_msa/immunogen_blind_msa_model_0.pdb,/home/xinlab/home/ws/phase2/results/12_complex_prediction/formal_msa/immunogen_blind_seed7/boltz_results_immunogen_blind_msa/predictions/immunogen_blind_msa/immunogen_blind_msa_model_0.pdb,D:\IL-24(teeth）\phase2_release\results\full181_supplement\server_baseline_snapshot\server_source_inventory.json,formal_msa,passed,matched_at_saved_precision,recomputed_server_original_unrelaxed_PDB
Immunogen134,formal_msa,7,D:\IL-24(teeth）\phase2_release\results\full181_supplement\server_baseline_snapshot\results\12_complex_prediction\formal_msa\immunogen_blind_seed7\boltz_results_immunogen_blind_msa\predictions\immunogen_blind_msa\immunogen_blind_msa_model_0.pdb,complete,,L,FR2,0,0,,/home/xinlab/home/ws/phase2/results/12_complex_prediction/formal_msa/immunogen_blind_seed7/boltz_results_immunogen_blind_msa/predictions/immunogen_blind_msa/immunogen_blind_msa_model_0.pdb,/home/xinlab/home/ws/phase2/results/12_complex_prediction/formal_msa/immunogen_blind_seed7/boltz_results_immunogen_blind_msa/predictions/immunogen_blind_msa/immunogen_blind_msa_model_0.pdb,D:\IL-24(teeth）\phase2_release\results\full181_supplement\server_baseline_snapshot\server_source_inventory.json,formal_msa,passed,matched_at_saved_precision,recomputed_server_original_unrelaxed_PDB
Immunogen134,formal_msa,7,D:\IL-24(teeth）\phase2_release\results\full181_supplement\server_baseline_snapshot\results\12_complex_prediction\formal_msa\immunogen_blind_seed7\boltz_results_immunogen_blind_msa\predictions\immunogen_blind_msa\immunogen_blind_msa_model_0.pdb,complete,,L,CDR2,0,0,,/home/xinlab/home/ws/phase2/results/12_complex_prediction/formal_msa/immunogen_blind_seed7/boltz_results_immunogen_blind_msa/predictions/immunogen_blind_msa/immunogen_blind_msa_model_0.pdb,/home/xinlab/home/ws/phase2/results/12_complex_prediction/formal_msa/immunogen_blind_seed7/boltz_results_immunogen_blind_msa/predictions/immunogen_blind_msa/immunogen_blind_msa_model_0.pdb,D:\IL-24(teeth）\phase2_release\results\full181_supplement\server_baseline_snapshot\server_source_inventory.json,formal_msa,passed,matched_at_saved_precision,recomputed_server_original_unrelaxed_PDB
Immunogen134,formal_msa,7,D:\IL-24(teeth）\phase2_release\results\full181_supplement\server_baseline_snapshot\results\12_complex_prediction\formal_msa\immunogen_blind_seed7\boltz_results_immunogen_blind_msa\predictions\immunogen_blind_msa\immunogen_blind_msa_model_0.pdb,complete,,L,FR3,1,1,53,/home/xinlab/home/ws/phase2/results/12_complex_prediction/formal_msa/immunogen_blind_seed7/boltz_results_immunogen_blind_msa/predictions/immunogen_blind_msa/immunogen_blind_msa_model_0.pdb,/home/xinlab/home/ws/phase2/results/12_complex_prediction/formal_msa/immunogen_blind_seed7/boltz_results_immunogen_blind_msa/predictions/immunogen_blind_msa/immunogen_blind_msa_model_0.pdb,D:\IL-24(teeth）\phase2_release\results\full181_supplement\server_baseline_snapshot\server_source_inventory.json,formal_msa,passed,matched_at_saved_precision,recomputed_server_original_unrelaxed_PDB
Immunogen134,formal_msa,7,D:\IL-24(teeth）\phase2_release\results\full181_supplement\server_baseline_snapshot\results\12_complex_prediction\formal_msa\immunogen_blind_seed7\boltz_results_immunogen_blind_msa\predictions\immunogen_blind_msa\immunogen_blind_msa_model_0.pdb,complete,,L,CDR3,5,1,90;91;92;93;95,/home/xinlab/home/ws/phase2/results/12_complex_prediction/formal_msa/immunogen_blind_seed7/boltz_results_immunogen_blind_msa/predictions/immunogen_blind_msa/immunogen_blind_msa_model_0.pdb,/home/xinlab/home/ws/phase2/results/12_complex_prediction/formal_msa/immunogen_blind_seed7/boltz_results_immunogen_blind_msa/predictions/immunogen_blind_msa/immunogen_blind_msa_model_0.pdb,D:\IL-24(teeth）\phase2_release\results\full181_supplement\server_baseline_snapshot\server_source_inventory.json,formal_msa,passed,matched_at_saved_precision,recomputed_server_original_unrelaxed_PDB
Immunogen134,formal_msa,7,D:\IL-24(teeth）\phase2_release\results\full181_supplement\server_baseline_snapshot\results\12_complex_prediction\formal_msa\immunogen_blind_seed7\boltz_results_immunogen_blind_msa\predictions\immunogen_blind_msa\immunogen_blind_msa_model_0.pdb,complete,,L,FR4,0,0,,/home/xinlab/home/ws/phase2/results/12_complex_prediction/formal_msa/immunogen_blind_seed7/boltz_results_immunogen_blind_msa/predictions/immunogen_blind_msa/immunogen_blind_msa_model_0.pdb,/home/xinlab/home/ws/phase2/results/12_complex_prediction/formal_msa/immunogen_blind_seed7/boltz_results_immunogen_blind_msa/predictions/immunogen_blind_msa/immunogen_blind_msa_model_0.pdb,D:\IL-24(teeth）\phase2_release\results\full181_supplement\server_baseline_snapshot\server_source_inventory.json,formal_msa,passed,matched_at_saved_precision,recomputed_server_original_unrelaxed_PDB
Immunogen134,formal_msa,8,D:\IL-24(teeth）\phase2_release\results\full181_supplement\server_baseline_snapshot\results\12_complex_prediction\formal_msa\immunogen_blind_seed8\boltz_results_immunogen_blind_msa\predictions\immunogen_blind_msa\immunogen_blind_msa_model_0.pdb,complete,,H,FR1,0,0,,/home/xinlab/home/ws/phase2/results/12_complex_prediction/formal_msa/immunogen_blind_seed8/boltz_results_immunogen_blind_msa/predictions/immunogen_blind_msa/immunogen_blind_msa_model_0.pdb,/home/xinlab/home/ws/phase2/results/12_complex_prediction/formal_msa/immunogen_blind_seed8/boltz_results_immunogen_blind_msa/predictions/immunogen_blind_msa/immunogen_blind_msa_model_0.pdb,D:\IL-24(teeth）\phase2_release\results\full181_supplement\server_baseline_snapshot\server_source_inventory.json,formal_msa,passed,matched_at_saved_precision,recomputed_server_original_unrelaxed_PDB
Immunogen134,formal_msa,8,D:\IL-24(teeth）\phase2_release\results\full181_supplement\server_baseline_snapshot\results\12_complex_prediction\formal_msa\immunogen_blind_seed8\boltz_results_immunogen_blind_msa\predictions\immunogen_blind_msa\immunogen_blind_msa_model_0.pdb,complete,,H,CDR1,4,1,30;31;32;33,/home/xinlab/home/ws/phase2/results/12_complex_prediction/formal_msa/immunogen_blind_seed8/boltz_results_immunogen_blind_msa/predictions/immunogen_blind_msa/immunogen_blind_msa_model_0.pdb,/home/xinlab/home/ws/phase2/results/12_complex_prediction/formal_msa/immunogen_blind_seed8/boltz_results_immunogen_blind_msa/predictions/immunogen_blind_msa/immunogen_blind_msa_model_0.pdb,D:\IL-24(teeth）\phase2_release\results\full181_supplement\server_baseline_snapshot\server_source_inventory.json,formal_msa,passed,matched_at_saved_precision,recomputed_server_original_unrelaxed_PDB
Immunogen134,formal_msa,8,D:\IL-24(teeth）\phase2_release\results\full181_supplement\server_baseline_snapshot\results\12_complex_prediction\formal_msa\immunogen_blind_seed8\boltz_results_immunogen_blind_msa\predictions\immunogen_blind_msa\immunogen_blind_msa_model_0.pdb,complete,,H,FR2,1,1,35,/home/xinlab/home/ws/phase2/results/12_complex_prediction/formal_msa/immunogen_blind_seed8/boltz_results_immunogen_blind_msa/predictions/immunogen_blind_msa/immunogen_blind_msa_model_0.pdb,/home/xinlab/home/ws/phase2/results/12_complex_prediction/formal_msa/immunogen_blind_seed8/boltz_results_immunogen_blind_msa/predictions/immunogen_blind_msa/immunogen_blind_msa_model_0.pdb,D:\IL-24(teeth）\phase2_release\results\full181_supplement\server_baseline_snapshot\server_source_inventory.json,formal_msa,passed,matched_at_saved_precision,recomputed_server_original_unrelaxed_PDB
Immunogen134,formal_msa,8,D:\IL-24(teeth）\phase2_release\results\full181_supplement\server_baseline_snapshot\results\12_complex_prediction\formal_msa\immunogen_blind_seed8\boltz_results_immunogen_blind_msa\predictions\immunogen_blind_msa\immunogen_blind_msa_model_0.pdb,complete,,H,CDR2,5,1,50;52;53;54;56,/home/xinlab/home/ws/phase2/results/12_complex_prediction/formal_msa/immunogen_blind_seed8/boltz_results_immunogen_blind_msa/predictions/immunogen_blind_msa/immunogen_blind_msa_model_0.pdb,/home/xinlab/home/ws/phase2/results/12_complex_prediction/formal_msa/immunogen_blind_seed8/boltz_results_immunogen_blind_msa/predictions/immunogen_blind_msa/immunogen_blind_msa_model_0.pdb,D:\IL-24(teeth）\phase2_release\results\full181_supplement\server_baseline_snapshot\server_source_inventory.json,formal_msa,passed,matched_at_saved_precision,recomputed_server_original_unrelaxed_PDB
Immunogen134,formal_msa,8,D:\IL-24(teeth）\phase2_release\results\full181_supplement\server_baseline_snapshot\results\12_complex_prediction\formal_msa\immunogen_blind_seed8\boltz_results_immunogen_blind_msa\predictions\immunogen_blind_msa\immunogen_blind_msa_model_0.pdb,complete,,H,FR3,1,1,58,/home/xinlab/home/ws/phase2/results/12_complex_prediction/formal_msa/immunogen_blind_seed8/boltz_results_immunogen_blind_msa/predictions/immunogen_blind_msa/immunogen_blind_msa_model_0.pdb,/home/xinlab/home/ws/phase2/results/12_complex_prediction/formal_msa/immunogen_blind_seed8/boltz_results_immunogen_blind_msa/predictions/immunogen_blind_msa/immunogen_blind_msa_model_0.pdb,D:\IL-24(teeth）\phase2_release\results\full181_supplement\server_baseline_snapshot\server_source_inventory.json,formal_msa,passed,matched_at_saved_precision,recomputed_server_original_unrelaxed_PDB
Immunogen134,formal_msa,8,D:\IL-24(teeth）\phase2_release\results\full181_supplement\server_baseline_snapshot\results\12_complex_prediction\formal_msa\immunogen_blind_seed8\boltz_results_immunogen_blind_msa\predictions\immunogen_blind_msa\immunogen_blind_msa_model_0.pdb,complete,,H,CDR3,5,1,98;100;101;102;104,/home/xinlab/home/ws/phase2/results/12_complex_prediction/formal_msa/immunogen_blind_seed8/boltz_results_immunogen_blind_msa/predictions/immunogen_blind_msa/immunogen_blind_msa_model_0.pdb,/home/xinlab/home/ws/phase2/results/12_complex_prediction/formal_msa/immunogen_blind_seed8/boltz_results_immunogen_blind_msa/predictions/immunogen_blind_msa/immunogen_blind_msa_model_0.pdb,D:\IL-24(teeth）\phase2_release\results\full181_supplement\server_baseline_snapshot\server_source_inventory.json,formal_msa,passed,matched_at_saved_precision,recomputed_server_original_unrelaxed_PDB
Immunogen134,formal_msa,8,D:\IL-24(teeth）\phase2_release\results\full181_supplement\server_baseline_snapshot\results\12_complex_prediction\formal_msa\immunogen_blind_seed8\boltz_results_immunogen_blind_msa\predictions\immunogen_blind_msa\immunogen_blind_msa_model_0.pdb,complete,,H,FR4,0,0,,/home/xinlab/home/ws/phase2/results/12_complex_prediction/formal_msa/immunogen_blind_seed8/boltz_results_immunogen_blind_msa/predictions/immunogen_blind_msa/immunogen_blind_msa_model_0.pdb,/home/xinlab/home/ws/phase2/results/12_complex_prediction/formal_msa/immunogen_blind_seed8/boltz_results_immunogen_blind_msa/predictions/immunogen_blind_msa/immunogen_blind_msa_model_0.pdb,D:\IL-24(teeth）\phase2_release\results\full181_supplement\server_baseline_snapshot\server_source_inventory.json,formal_msa,passed,matched_at_saved_precision,recomputed_server_original_unrelaxed_PDB
Immunogen134,formal_msa,8,D:\IL-24(teeth）\phase2_release\results\full181_supplement\server_baseline_snapshot\results\12_complex_prediction\formal_msa\immunogen_blind_seed8\boltz_results_immunogen_blind_msa\predictions\immunogen_blind_msa\immunogen_blind_msa_model_0.pdb,complete,,L,FR1,0,0,,/home/xinlab/home/ws/phase2/results/12_complex_prediction/formal_msa/immunogen_blind_seed8/boltz_results_immunogen_blind_msa/predictions/immunogen_blind_msa/immunogen_blind_msa_model_0.pdb,/home/xinlab/home/ws/phase2/results/12_complex_prediction/formal_msa/immunogen_blind_seed8/boltz_results_immunogen_blind_msa/predictions/immunogen_blind_msa/immunogen_blind_msa_model_0.pdb,D:\IL-24(teeth）\phase2_release\results\full181_supplement\server_baseline_snapshot\server_source_inventory.json,formal_msa,passed,matched_at_saved_precision,recomputed_server_original_unrelaxed_PDB
Immunogen134,formal_msa,8,D:\IL-24(teeth）\phase2_release\results\full181_supplement\server_baseline_snapshot\results\12_complex_prediction\formal_msa\immunogen_blind_seed8\boltz_results_immunogen_blind_msa\predictions\immunogen_blind_msa\immunogen_blind_msa_model_0.pdb,complete,,L,CDR1,5,1,28;29;30;31;32,/home/xinlab/home/ws/phase2/results/12_complex_prediction/formal_msa/immunogen_blind_seed8/boltz_results_immunogen_blind_msa/predictions/immunogen_blind_msa/immunogen_blind_msa_model_0.pdb,/home/xinlab/home/ws/phase2/results/12_complex_prediction/formal_msa/immunogen_blind_seed8/boltz_results_immunogen_blind_msa/predictions/immunogen_blind_msa/immunogen_blind_msa_model_0.pdb,D:\IL-24(teeth）\phase2_release\results\full181_supplement\server_baseline_snapshot\server_source_inventory.json,formal_msa,passed,matched_at_saved_precision,recomputed_server_original_unrelaxed_PDB
Immunogen134,formal_msa,8,D:\IL-24(teeth）\phase2_release\results\full181_supplement\server_baseline_snapshot\results\12_complex_prediction\formal_msa\immunogen_blind_seed8\boltz_results_immunogen_blind_msa\predictions\immunogen_blind_msa\immunogen_blind_msa_model_0.pdb,complete,,L,FR2,0,0,,/home/xinlab/home/ws/phase2/results/12_complex_prediction/formal_msa/immunogen_blind_seed8/boltz_results_immunogen_blind_msa/predictions/immunogen_blind_msa/immunogen_blind_msa_model_0.pdb,/home/xinlab/home/ws/phase2/results/12_complex_prediction/formal_msa/immunogen_blind_seed8/boltz_results_immunogen_blind_msa/predictions/immunogen_blind_msa/immunogen_blind_msa_model_0.pdb,D:\IL-24(teeth）\phase2_release\results\full181_supplement\server_baseline_snapshot\server_source_inventory.json,formal_msa,passed,matched_at_saved_precision,recomputed_server_original_unrelaxed_PDB
Immunogen134,formal_msa,8,D:\IL-24(teeth）\phase2_release\results\full181_supplement\server_baseline_snapshot\results\12_complex_prediction\formal_msa\immunogen_blind_seed8\boltz_results_immunogen_blind_msa\predictions\immunogen_blind_msa\immunogen_blind_msa_model_0.pdb,complete,,L,CDR2,1,1,50,/home/xinlab/home/ws/phase2/results/12_complex_prediction/formal_msa/immunogen_blind_seed8/boltz_results_immunogen_blind_msa/predictions/immunogen_blind_msa/immunogen_blind_msa_model_0.pdb,/home/xinlab/home/ws/phase2/results/12_complex_prediction/formal_msa/immunogen_blind_seed8/boltz_results_immunogen_blind_msa/predictions/immunogen_blind_msa/immunogen_blind_msa_model_0.pdb,D:\IL-24(teeth）\phase2_release\results\full181_supplement\server_baseline_snapshot\server_source_inventory.json,formal_msa,passed,matched_at_saved_precision,recomputed_server_original_unrelaxed_PDB
Immunogen134,formal_msa,8,D:\IL-24(teeth）\phase2_release\results\full181_supplement\server_baseline_snapshot\results\12_complex_prediction\formal_msa\immunogen_blind_seed8\boltz_results_immunogen_blind_msa\predictions\immunogen_blind_msa\immunogen_blind_msa_model_0.pdb,complete,,L,FR3,2,1,53;67,/home/xinlab/home/ws/phase2/results/12_complex_prediction/formal_msa/immunogen_blind_seed8/boltz_results_immunogen_blind_msa/predictions/immunogen_blind_msa/immunogen_blind_msa_model_0.pdb,/home/xinlab/home/ws/phase2/results/12_complex_prediction/formal_msa/immunogen_blind_seed8/boltz_results_immunogen_blind_msa/predictions/immunogen_blind_msa/immunogen_blind_msa_model_0.pdb,D:\IL-24(teeth）\phase2_release\results\full181_supplement\server_baseline_snapshot\server_source_inventory.json,formal_msa,passed,matched_at_saved_precision,recomputed_server_original_unrelaxed_PDB
Immunogen134,formal_msa,8,D:\IL-24(teeth）\phase2_release\results\full181_supplement\server_baseline_snapshot\results\12_complex_prediction\formal_msa\immunogen_blind_seed8\boltz_results_immunogen_blind_msa\predictions\immunogen_blind_msa\immunogen_blind_msa_model_0.pdb,complete,,L,CDR3,5,1,90;91;92;93;95,/home/xinlab/home/ws/phase2/results/12_complex_prediction/formal_msa/immunogen_blind_seed8/boltz_results_immunogen_blind_msa/predictions/immunogen_blind_msa/immunogen_blind_msa_model_0.pdb,/home/xinlab/home/ws/phase2/results/12_complex_prediction/formal_msa/immunogen_blind_seed8/boltz_results_immunogen_blind_msa/predictions/immunogen_blind_msa/immunogen_blind_msa_model_0.pdb,D:\IL-24(teeth）\phase2_release\results\full181_supplement\server_baseline_snapshot\server_source_inventory.json,formal_msa,passed,matched_at_saved_precision,recomputed_server_original_unrelaxed_PDB
Immunogen134,formal_msa,8,D:\IL-24(teeth）\phase2_release\results\full181_supplement\server_baseline_snapshot\results\12_complex_prediction\formal_msa\immunogen_blind_seed8\boltz_results_immunogen_blind_msa\predictions\immunogen_blind_msa\immunogen_blind_msa_model_0.pdb,complete,,L,FR4,0,0,,/home/xinlab/home/ws/phase2/results/12_complex_prediction/formal_msa/immunogen_blind_seed8/boltz_results_immunogen_blind_msa/predictions/immunogen_blind_msa/immunogen_blind_msa_model_0.pdb,/home/xinlab/home/ws/phase2/results/12_complex_prediction/formal_msa/immunogen_blind_seed8/boltz_results_immunogen_blind_msa/predictions/immunogen_blind_msa/immunogen_blind_msa_model_0.pdb,D:\IL-24(teeth）\phase2_release\results\full181_supplement\server_baseline_snapshot\server_source_inventory.json,formal_msa,passed,matched_at_saved_precision,recomputed_server_original_unrelaxed_PDB
Immunogen134,formal_msa,9,D:\IL-24(teeth）\phase2_release\results\full181_supplement\server_baseline_snapshot\results\12_complex_prediction\formal_msa\immunogen_blind_seed9\boltz_results_immunogen_blind_msa\predictions\immunogen_blind_msa\immunogen_blind_msa_model_0.pdb,complete,,H,FR1,0,0,,/home/xinlab/home/ws/phase2/results/12_complex_prediction/formal_msa/immunogen_blind_seed9/boltz_results_immunogen_blind_msa/predictions/immunogen_blind_msa/immunogen_blind_msa_model_0.pdb,/home/xinlab/home/ws/phase2/results/12_complex_prediction/formal_msa/immunogen_blind_seed9/boltz_results_immunogen_blind_msa/predictions/immunogen_blind_msa/immunogen_blind_msa_model_0.pdb,D:\IL-24(teeth）\phase2_release\results\full181_supplement\server_baseline_snapshot\server_source_inventory.json,formal_msa,passed,matched_at_saved_precision,recomputed_server_original_unrelaxed_PDB
Immunogen134,formal_msa,9,D:\IL-24(teeth）\phase2_release\results\full181_supplement\server_baseline_snapshot\results\12_complex_prediction\formal_msa\immunogen_blind_seed9\boltz_results_immunogen_blind_msa\predictions\immunogen_blind_msa\immunogen_blind_msa_model_0.pdb,complete,,H,CDR1,4,1,30;31;32;33,/home/xinlab/home/ws/phase2/results/12_complex_prediction/formal_msa/immunogen_blind_seed9/boltz_results_immunogen_blind_msa/predictions/immunogen_blind_msa/immunogen_blind_msa_model_0.pdb,/home/xinlab/home/ws/phase2/results/12_complex_prediction/formal_msa/immunogen_blind_seed9/boltz_results_immunogen_blind_msa/predictions/immunogen_blind_msa/immunogen_blind_msa_model_0.pdb,D:\IL-24(teeth）\phase2_release\results\full181_supplement\server_baseline_snapshot\server_source_inventory.json,formal_msa,passed,matched_at_saved_precision,recomputed_server_original_unrelaxed_PDB
Immunogen134,formal_msa,9,D:\IL-24(teeth）\phase2_release\results\full181_supplement\server_baseline_snapshot\results\12_complex_prediction\formal_msa\immunogen_blind_seed9\boltz_results_immunogen_blind_msa\predictions\immunogen_blind_msa\immunogen_blind_msa_model_0.pdb,complete,,H,FR2,1,1,35,/home/xinlab/home/ws/phase2/results/12_complex_prediction/formal_msa/immunogen_blind_seed9/boltz_results_immunogen_blind_msa/predictions/immunogen_blind_msa/immunogen_blind_msa_model_0.pdb,/home/xinlab/home/ws/phase2/results/12_complex_prediction/formal_msa/immunogen_blind_seed9/boltz_results_immunogen_blind_msa/predictions/immunogen_blind_msa/immunogen_blind_msa_model_0.pdb,D:\IL-24(teeth）\phase2_release\results\full181_supplement\server_baseline_snapshot\server_source_inventory.json,formal_msa,passed,matched_at_saved_precision,recomputed_server_original_unrelaxed_PDB
Immunogen134,formal_msa,9,D:\IL-24(teeth）\phase2_release\results\full181_supplement\server_baseline_snapshot\results\12_complex_prediction\formal_msa\immunogen_blind_seed9\boltz_results_immunogen_blind_msa\predictions\immunogen_blind_msa\immunogen_blind_msa_model_0.pdb,complete,,H,CDR2,4,1,52;53;54;56,/home/xinlab/home/ws/phase2/results/12_complex_prediction/formal_msa/immunogen_blind_seed9/boltz_results_immunogen_blind_msa/predictions/immunogen_blind_msa/immunogen_blind_msa_model_0.pdb,/home/xinlab/home/ws/phase2/results/12_complex_prediction/formal_msa/immunogen_blind_seed9/boltz_results_immunogen_blind_msa/predictions/immunogen_blind_msa/immunogen_blind_msa_model_0.pdb,D:\IL-24(teeth）\phase2_release\results\full181_supplement\server_baseline_snapshot\server_source_inventory.json,formal_msa,passed,matched_at_saved_precision,recomputed_server_original_unrelaxed_PDB
Immunogen134,formal_msa,9,D:\IL-24(teeth）\phase2_release\results\full181_supplement\server_baseline_snapshot\results\12_complex_prediction\formal_msa\immunogen_blind_seed9\boltz_results_immunogen_blind_msa\predictions\immunogen_blind_msa\immunogen_blind_msa_model_0.pdb,complete,,H,FR3,1,1,58,/home/xinlab/home/ws/phase2/results/12_complex_prediction/formal_msa/immunogen_blind_seed9/boltz_results_immunogen_blind_msa/predictions/immunogen_blind_msa/immunogen_blind_msa_model_0.pdb,/home/xinlab/home/ws/phase2/results/12_complex_prediction/formal_msa/immunogen_blind_seed9/boltz_results_immunogen_blind_msa/predictions/immunogen_blind_msa/immunogen_blind_msa_model_0.pdb,D:\IL-24(teeth）\phase2_release\results\full181_supplement\server_baseline_snapshot\server_source_inventory.json,formal_msa,passed,matched_at_saved_precision,recomputed_server_original_unrelaxed_PDB
Immunogen134,formal_msa,9,D:\IL-24(teeth）\phase2_release\results\full181_supplement\server_baseline_snapshot\results\12_complex_prediction\formal_msa\immunogen_blind_seed9\boltz_results_immunogen_blind_msa\predictions\immunogen_blind_msa\immunogen_blind_msa_model_0.pdb,complete,,H,CDR3,6,1,98;99;100;101;102;104,/home/xinlab/home/ws/phase2/results/12_complex_prediction/formal_msa/immunogen_blind_seed9/boltz_results_immunogen_blind_msa/predictions/immunogen_blind_msa/immunogen_blind_msa_model_0.pdb,/home/xinlab/home/ws/phase2/results/12_complex_prediction/formal_msa/immunogen_blind_seed9/boltz_results_immunogen_blind_msa/predictions/immunogen_blind_msa/immunogen_blind_msa_model_0.pdb,D:\IL-24(teeth）\phase2_release\results\full181_supplement\server_baseline_snapshot\server_source_inventory.json,formal_msa,passed,matched_at_saved_precision,recomputed_server_original_unrelaxed_PDB
Immunogen134,formal_msa,9,D:\IL-24(teeth）\phase2_release\results\full181_supplement\server_baseline_snapshot\results\12_complex_prediction\formal_msa\immunogen_blind_seed9\boltz_results_immunogen_blind_msa\predictions\immunogen_blind_msa\immunogen_blind_msa_model_0.pdb,complete,,H,FR4,0,0,,/home/xinlab/home/ws/phase2/results/12_complex_prediction/formal_msa/immunogen_blind_seed9/boltz_results_immunogen_blind_msa/predictions/immunogen_blind_msa/immunogen_blind_msa_model_0.pdb,/home/xinlab/home/ws/phase2/results/12_complex_prediction/formal_msa/immunogen_blind_seed9/boltz_results_immunogen_blind_msa/predictions/immunogen_blind_msa/immunogen_blind_msa_model_0.pdb,D:\IL-24(teeth）\phase2_release\results\full181_supplement\server_baseline_snapshot\server_source_inventory.json,formal_msa,passed,matched_at_saved_precision,recomputed_server_original_unrelaxed_PDB
Immunogen134,formal_msa,9,D:\IL-24(teeth）\phase2_release\results\full181_supplement\server_baseline_snapshot\results\12_complex_prediction\formal_msa\immunogen_blind_seed9\boltz_results_immunogen_blind_msa\predictions\immunogen_blind_msa\immunogen_blind_msa_model_0.pdb,complete,,L,FR1,0,0,,/home/xinlab/home/ws/phase2/results/12_complex_prediction/formal_msa/immunogen_blind_seed9/boltz_results_immunogen_blind_msa/predictions/immunogen_blind_msa/immunogen_blind_msa_model_0.pdb,/home/xinlab/home/ws/phase2/results/12_complex_prediction/formal_msa/immunogen_blind_seed9/boltz_results_immunogen_blind_msa/predictions/immunogen_blind_msa/immunogen_blind_msa_model_0.pdb,D:\IL-24(teeth）\phase2_release\results\full181_supplement\server_baseline_snapshot\server_source_inventory.json,formal_msa,passed,matched_at_saved_precision,recomputed_server_original_unrelaxed_PDB
Immunogen134,formal_msa,9,D:\IL-24(teeth）\phase2_release\results\full181_supplement\server_baseline_snapshot\results\12_complex_prediction\formal_msa\immunogen_blind_seed9\boltz_results_immunogen_blind_msa\predictions\immunogen_blind_msa\immunogen_blind_msa_model_0.pdb,complete,,L,CDR1,3,1,28;29;32,/home/xinlab/home/ws/phase2/results/12_complex_prediction/formal_msa/immunogen_blind_seed9/boltz_results_immunogen_blind_msa/predictions/immunogen_blind_msa/immunogen_blind_msa_model_0.pdb,/home/xinlab/home/ws/phase2/results/12_complex_prediction/formal_msa/immunogen_blind_seed9/boltz_results_immunogen_blind_msa/predictions/immunogen_blind_msa/immunogen_blind_msa_model_0.pdb,D:\IL-24(teeth）\phase2_release\results\full181_supplement\server_baseline_snapshot\server_source_inventory.json,formal_msa,passed,matched_at_saved_precision,recomputed_server_original_unrelaxed_PDB
Immunogen134,formal_msa,9,D:\IL-24(teeth）\phase2_release\results\full181_supplement\server_baseline_snapshot\results\12_complex_prediction\formal_msa\immunogen_blind_seed9\boltz_results_immunogen_blind_msa\predictions\immunogen_blind_msa\immunogen_blind_msa_model_0.pdb,complete,,L,FR2,0,0,,/home/xinlab/home/ws/phase2/results/12_complex_prediction/formal_msa/immunogen_blind_seed9/boltz_results_immunogen_blind_msa/predictions/immunogen_blind_msa/immunogen_blind_msa_model_0.pdb,/home/xinlab/home/ws/phase2/results/12_complex_prediction/formal_msa/immunogen_blind_seed9/boltz_results_immunogen_blind_msa/predictions/immunogen_blind_msa/immunogen_blind_msa_model_0.pdb,D:\IL-24(teeth）\phase2_release\results\full181_supplement\server_baseline_snapshot\server_source_inventory.json,formal_msa,passed,matched_at_saved_precision,recomputed_server_original_unrelaxed_PDB
Immunogen134,formal_msa,9,D:\IL-24(teeth）\phase2_release\results\full181_supplement\server_baseline_snapshot\results\12_complex_prediction\formal_msa\immunogen_blind_seed9\boltz_results_immunogen_blind_msa\predictions\immunogen_blind_msa\immunogen_blind_msa_model_0.pdb,complete,,L,CDR2,1,1,50,/home/xinlab/home/ws/phase2/results/12_complex_prediction/formal_msa/immunogen_blind_seed9/boltz_results_immunogen_blind_msa/predictions/immunogen_blind_msa/immunogen_blind_msa_model_0.pdb,/home/xinlab/home/ws/phase2/results/12_complex_prediction/formal_msa/immunogen_blind_seed9/boltz_results_immunogen_blind_msa/predictions/immunogen_blind_msa/immunogen_blind_msa_model_0.pdb,D:\IL-24(teeth）\phase2_release\results\full181_supplement\server_baseline_snapshot\server_source_inventory.json,formal_msa,passed,matched_at_saved_precision,recomputed_server_original_unrelaxed_PDB
Immunogen134,formal_msa,9,D:\IL-24(teeth）\phase2_release\results\full181_supplement\server_baseline_snapshot\results\12_complex_prediction\formal_msa\immunogen_blind_seed9\boltz_results_immunogen_blind_msa\predictions\immunogen_blind_msa\immunogen_blind_msa_model_0.pdb,complete,,L,FR3,1,1,53,/home/xinlab/home/ws/phase2/results/12_complex_prediction/formal_msa/immunogen_blind_seed9/boltz_results_immunogen_blind_msa/predictions/immunogen_blind_msa/immunogen_blind_msa_model_0.pdb,/home/xinlab/home/ws/phase2/results/12_complex_prediction/formal_msa/immunogen_blind_seed9/boltz_results_immunogen_blind_msa/predictions/immunogen_blind_msa/immunogen_blind_msa_model_0.pdb,D:\IL-24(teeth）\phase2_release\results\full181_supplement\server_baseline_snapshot\server_source_inventory.json,formal_msa,passed,matched_at_saved_precision,recomputed_server_original_unrelaxed_PDB
Immunogen134,formal_msa,9,D:\IL-24(teeth）\phase2_release\results\full181_supplement\server_baseline_snapshot\results\12_complex_prediction\formal_msa\immunogen_blind_seed9\boltz_results_immunogen_blind_msa\predictions\immunogen_blind_msa\immunogen_blind_msa_model_0.pdb,complete,,L,CDR3,5,1,90;91;92;93;95,/home/xinlab/home/ws/phase2/results/12_complex_prediction/formal_msa/immunogen_blind_seed9/boltz_results_immunogen_blind_msa/predictions/immunogen_blind_msa/immunogen_blind_msa_model_0.pdb,/home/xinlab/home/ws/phase2/results/12_complex_prediction/formal_msa/immunogen_blind_seed9/boltz_results_immunogen_blind_msa/predictions/immunogen_blind_msa/immunogen_blind_msa_model_0.pdb,D:\IL-24(teeth）\phase2_release\results\full181_supplement\server_baseline_snapshot\server_source_inventory.json,formal_msa,passed,matched_at_saved_precision,recomputed_server_original_unrelaxed_PDB
Immunogen134,formal_msa,9,D:\IL-24(teeth）\phase2_release\results\full181_supplement\server_baseline_snapshot\results\12_complex_prediction\formal_msa\immunogen_blind_seed9\boltz_results_immunogen_blind_msa\predictions\immunogen_blind_msa\immunogen_blind_msa_model_0.pdb,complete,,L,FR4,0,0,,/home/xinlab/home/ws/phase2/results/12_complex_prediction/formal_msa/immunogen_blind_seed9/boltz_results_immunogen_blind_msa/predictions/immunogen_blind_msa/immunogen_blind_msa_model_0.pdb,/home/xinlab/home/ws/phase2/results/12_complex_prediction/formal_msa/immunogen_blind_seed9/boltz_results_immunogen_blind_msa/predictions/immunogen_blind_msa/immunogen_blind_msa_model_0.pdb,D:\IL-24(teeth）\phase2_release\results\full181_supplement\server_baseline_snapshot\server_source_inventory.json,formal_msa,passed,matched_at_saved_precision,recomputed_server_original_unrelaxed_PDB
Immunogen134,formal_msa,10,D:\IL-24(teeth）\phase2_release\results\full181_supplement\server_baseline_snapshot\results\12_complex_prediction\formal_msa\immunogen_blind_seed10\boltz_results_immunogen_blind_msa\predictions\immunogen_blind_msa\immunogen_blind_msa_model_0.pdb,complete,,H,FR1,0,0,,/home/xinlab/home/ws/phase2/results/12_complex_prediction/formal_msa/immunogen_blind_seed10/boltz_results_immunogen_blind_msa/predictions/immunogen_blind_msa/immunogen_blind_msa_model_0.pdb,/home/xinlab/home/ws/phase2/results/12_complex_prediction/formal_msa/immunogen_blind_seed10/boltz_results_immunogen_blind_msa/predictions/immunogen_blind_msa/immunogen_blind_msa_model_0.pdb,D:\IL-24(teeth）\phase2_release\results\full181_supplement\server_baseline_snapshot\server_source_inventory.json,formal_msa,passed,matched_at_saved_precision,recomputed_server_original_unrelaxed_PDB
Immunogen134,formal_msa,10,D:\IL-24(teeth）\phase2_release\results\full181_supplement\server_baseline_snapshot\results\12_complex_prediction\formal_msa\immunogen_blind_seed10\boltz_results_immunogen_blind_msa\predictions\immunogen_blind_msa\immunogen_blind_msa_model_0.pdb,complete,,H,CDR1,4,1,30;31;32;33,/home/xinlab/home/ws/phase2/results/12_complex_prediction/formal_msa/immunogen_blind_seed10/boltz_results_immunogen_blind_msa/predictions/immunogen_blind_msa/immunogen_blind_msa_model_0.pdb,/home/xinlab/home/ws/phase2/results/12_complex_prediction/formal_msa/immunogen_blind_seed10/boltz_results_immunogen_blind_msa/predictions/immunogen_blind_msa/immunogen_blind_msa_model_0.pdb,D:\IL-24(teeth）\phase2_release\results\full181_supplement\server_baseline_snapshot\server_source_inventory.json,formal_msa,passed,matched_at_saved_precision,recomputed_server_original_unrelaxed_PDB
Immunogen134,formal_msa,10,D:\IL-24(teeth）\phase2_release\results\full181_supplement\server_baseline_snapshot\results\12_complex_prediction\formal_msa\immunogen_blind_seed10\boltz_results_immunogen_blind_msa\predictions\immunogen_blind_msa\immunogen_blind_msa_model_0.pdb,complete,,H,FR2,1,1,35,/home/xinlab/home/ws/phase2/results/12_complex_prediction/formal_msa/immunogen_blind_seed10/boltz_results_immunogen_blind_msa/predictions/immunogen_blind_msa/immunogen_blind_msa_model_0.pdb,/home/xinlab/home/ws/phase2/results/12_complex_prediction/formal_msa/immunogen_blind_seed10/boltz_results_immunogen_blind_msa/predictions/immunogen_blind_msa/immunogen_blind_msa_model_0.pdb,D:\IL-24(teeth）\phase2_release\results\full181_supplement\server_baseline_snapshot\server_source_inventory.json,formal_msa,passed,matched_at_saved_precision,recomputed_server_original_unrelaxed_PDB
Immunogen134,formal_msa,10,D:\IL-24(teeth）\phase2_release\results\full181_supplement\server_baseline_snapshot\results\12_complex_prediction\formal_msa\immunogen_blind_seed10\boltz_results_immunogen_blind_msa\predictions\immunogen_blind_msa\immunogen_blind_msa_model_0.pdb,complete,,H,CDR2,5,1,50;52;53;54;56,/home/xinlab/home/ws/phase2/results/12_complex_prediction/formal_msa/immunogen_blind_seed10/boltz_results_immunogen_blind_msa/predictions/immunogen_blind_msa/immunogen_blind_msa_model_0.pdb,/home/xinlab/home/ws/phase2/results/12_complex_prediction/formal_msa/immunogen_blind_seed10/boltz_results_immunogen_blind_msa/predictions/immunogen_blind_msa/immunogen_blind_msa_model_0.pdb,D:\IL-24(teeth）\phase2_release\results\full181_supplement\server_baseline_snapshot\server_source_inventory.json,formal_msa,passed,matched_at_saved_precision,recomputed_server_original_unrelaxed_PDB
Immunogen134,formal_msa,10,D:\IL-24(teeth）\phase2_release\results\full181_supplement\server_baseline_snapshot\results\12_complex_prediction\formal_msa\immunogen_blind_seed10\boltz_results_immunogen_blind_msa\predictions\immunogen_blind_msa\immunogen_blind_msa_model_0.pdb,complete,,H,FR3,0,0,,/home/xinlab/home/ws/phase2/results/12_complex_prediction/formal_msa/immunogen_blind_seed10/boltz_results_immunogen_blind_msa/predictions/immunogen_blind_msa/immunogen_blind_msa_model_0.pdb,/home/xinlab/home/ws/phase2/results/12_complex_prediction/formal_msa/immunogen_blind_seed10/boltz_results_immunogen_blind_msa/predictions/immunogen_blind_msa/immunogen_blind_msa_model_0.pdb,D:\IL-24(teeth）\phase2_release\results\full181_supplement\server_baseline_snapshot\server_source_inventory.json,formal_msa,passed,matched_at_saved_precision,recomputed_server_original_unrelaxed_PDB
Immunogen134,formal_msa,10,D:\IL-24(teeth）\phase2_release\results\full181_supplement\server_baseline_snapshot\results\12_complex_prediction\formal_msa\immunogen_blind_seed10\boltz_results_immunogen_blind_msa\predictions\immunogen_blind_msa\immunogen_blind_msa_model_0.pdb,complete,,H,CDR3,6,1,98;99;100;101;102;104,/home/xinlab/home/ws/phase2/results/12_complex_prediction/formal_msa/immunogen_blind_seed10/boltz_results_immunogen_blind_msa/predictions/immunogen_blind_msa/immunogen_blind_msa_model_0.pdb,/home/xinlab/home/ws/phase2/results/12_complex_prediction/formal_msa/immunogen_blind_seed10/boltz_results_immunogen_blind_msa/predictions/immunogen_blind_msa/immunogen_blind_msa_model_0.pdb,D:\IL-24(teeth）\phase2_release\results\full181_supplement\server_baseline_snapshot\server_source_inventory.json,formal_msa,passed,matched_at_saved_precision,recomputed_server_original_unrelaxed_PDB
Immunogen134,formal_msa,10,D:\IL-24(teeth）\phase2_release\results\full181_supplement\server_baseline_snapshot\results\12_complex_prediction\formal_msa\immunogen_blind_seed10\boltz_results_immunogen_blind_msa\predictions\immunogen_blind_msa\immunogen_blind_msa_model_0.pdb,complete,,H,FR4,0,0,,/home/xinlab/home/ws/phase2/results/12_complex_prediction/formal_msa/immunogen_blind_seed10/boltz_results_immunogen_blind_msa/predictions/immunogen_blind_msa/immunogen_blind_msa_model_0.pdb,/home/xinlab/home/ws/phase2/results/12_complex_prediction/formal_msa/immunogen_blind_seed10/boltz_results_immunogen_blind_msa/predictions/immunogen_blind_msa/immunogen_blind_msa_model_0.pdb,D:\IL-24(teeth）\phase2_release\results\full181_supplement\server_baseline_snapshot\server_source_inventory.json,formal_msa,passed,matched_at_saved_precision,recomputed_server_original_unrelaxed_PDB
Immunogen134,formal_msa,10,D:\IL-24(teeth）\phase2_release\results\full181_supplement\server_baseline_snapshot\results\12_complex_prediction\formal_msa\immunogen_blind_seed10\boltz_results_immunogen_blind_msa\predictions\immunogen_blind_msa\immunogen_blind_msa_model_0.pdb,complete,,L,FR1,0,0,,/home/xinlab/home/ws/phase2/results/12_complex_prediction/formal_msa/immunogen_blind_seed10/boltz_results_immunogen_blind_msa/predictions/immunogen_blind_msa/immunogen_blind_msa_model_0.pdb,/home/xinlab/home/ws/phase2/results/12_complex_prediction/formal_msa/immunogen_blind_seed10/boltz_results_immunogen_blind_msa/predictions/immunogen_blind_msa/immunogen_blind_msa_model_0.pdb,D:\IL-24(teeth）\phase2_release\results\full181_supplement\server_baseline_snapshot\server_source_inventory.json,formal_msa,passed,matched_at_saved_precision,recomputed_server_original_unrelaxed_PDB
Immunogen134,formal_msa,10,D:\IL-24(teeth）\phase2_release\results\full181_supplement\server_baseline_snapshot\results\12_complex_prediction\formal_msa\immunogen_blind_seed10\boltz_results_immunogen_blind_msa\predictions\immunogen_blind_msa\immunogen_blind_msa_model_0.pdb,complete,,L,CDR1,3,1,27;28;31,/home/xinlab/home/ws/phase2/results/12_complex_prediction/formal_msa/immunogen_blind_seed10/boltz_results_immunogen_blind_msa/predictions/immunogen_blind_msa/immunogen_blind_msa_model_0.pdb,/home/xinlab/home/ws/phase2/results/12_complex_prediction/formal_msa/immunogen_blind_seed10/boltz_results_immunogen_blind_msa/predictions/immunogen_blind_msa/immunogen_blind_msa_model_0.pdb,D:\IL-24(teeth）\phase2_release\results\full181_supplement\server_baseline_snapshot\server_source_inventory.json,formal_msa,passed,matched_at_saved_precision,recomputed_server_original_unrelaxed_PDB
Immunogen134,formal_msa,10,D:\IL-24(teeth）\phase2_release\results\full181_supplement\server_baseline_snapshot\results\12_complex_prediction\formal_msa\immunogen_blind_seed10\boltz_results_immunogen_blind_msa\predictions\immunogen_blind_msa\immunogen_blind_msa_model_0.pdb,complete,,L,FR2,0,0,,/home/xinlab/home/ws/phase2/results/12_complex_prediction/formal_msa/immunogen_blind_seed10/boltz_results_immunogen_blind_msa/predictions/immunogen_blind_msa/immunogen_blind_msa_model_0.pdb,/home/xinlab/home/ws/phase2/results/12_complex_prediction/formal_msa/immunogen_blind_seed10/boltz_results_immunogen_blind_msa/predictions/immunogen_blind_msa/immunogen_blind_msa_model_0.pdb,D:\IL-24(teeth）\phase2_release\results\full181_supplement\server_baseline_snapshot\server_source_inventory.json,formal_msa,passed,matched_at_saved_precision,recomputed_server_original_unrelaxed_PDB
Immunogen134,formal_msa,10,D:\IL-24(teeth）\phase2_release\results\full181_supplement\server_baseline_snapshot\results\12_complex_prediction\formal_msa\immunogen_blind_seed10\boltz_results_immunogen_blind_msa\predictions\immunogen_blind_msa\immunogen_blind_msa_model_0.pdb,complete,,L,CDR2,1,1,50,/home/xinlab/home/ws/phase2/results/12_complex_prediction/formal_msa/immunogen_blind_seed10/boltz_results_immunogen_blind_msa/predictions/immunogen_blind_msa/immunogen_blind_msa_model_0.pdb,/home/xinlab/home/ws/phase2/results/12_complex_prediction/formal_msa/immunogen_blind_seed10/boltz_results_immunogen_blind_msa/predictions/immunogen_blind_msa/immunogen_blind_msa_model_0.pdb,D:\IL-24(teeth）\phase2_release\results\full181_supplement\server_baseline_snapshot\server_source_inventory.json,formal_msa,passed,matched_at_saved_precision,recomputed_server_original_unrelaxed_PDB
Immunogen134,formal_msa,10,D:\IL-24(teeth）\phase2_release\results\full181_supplement\server_baseline_snapshot\results\12_complex_prediction\formal_msa\immunogen_blind_seed10\boltz_results_immunogen_blind_msa\predictions\immunogen_blind_msa\immunogen_blind_msa_model_0.pdb,complete,,L,FR3,1,1,53,/home/xinlab/home/ws/phase2/results/12_complex_prediction/formal_msa/immunogen_blind_seed10/boltz_results_immunogen_blind_msa/predictions/immunogen_blind_msa/immunogen_blind_msa_model_0.pdb,/home/xinlab/home/ws/phase2/results/12_complex_prediction/formal_msa/immunogen_blind_seed10/boltz_results_immunogen_blind_msa/predictions/immunogen_blind_msa/immunogen_blind_msa_model_0.pdb,D:\IL-24(teeth）\phase2_release\results\full181_supplement\server_baseline_snapshot\server_source_inventory.json,formal_msa,passed,matched_at_saved_precision,recomputed_server_original_unrelaxed_PDB
Immunogen134,formal_msa,10,D:\IL-24(teeth）\phase2_release\results\full181_supplement\server_baseline_snapshot\results\12_complex_prediction\formal_msa\immunogen_blind_seed10\boltz_results_immunogen_blind_msa\predictions\immunogen_blind_msa\immunogen_blind_msa_model_0.pdb,complete,,L,CDR3,5,1,90;91;92;93;95,/home/xinlab/home/ws/phase2/results/12_complex_prediction/formal_msa/immunogen_blind_seed10/boltz_results_immunogen_blind_msa/predictions/immunogen_blind_msa/immunogen_blind_msa_model_0.pdb,/home/xinlab/home/ws/phase2/results/12_complex_prediction/formal_msa/immunogen_blind_seed10/boltz_results_immunogen_blind_msa/predictions/immunogen_blind_msa/immunogen_blind_msa_model_0.pdb,D:\IL-24(teeth）\phase2_release\results\full181_supplement\server_baseline_snapshot\server_source_inventory.json,formal_msa,passed,matched_at_saved_precision,recomputed_server_original_unrelaxed_PDB
Immunogen134,formal_msa,10,D:\IL-24(teeth）\phase2_release\results\full181_supplement\server_baseline_snapshot\results\12_complex_prediction\formal_msa\immunogen_blind_seed10\boltz_results_immunogen_blind_msa\predictions\immunogen_blind_msa\immunogen_blind_msa_model_0.pdb,complete,,L,FR4,0,0,,/home/xinlab/home/ws/phase2/results/12_complex_prediction/formal_msa/immunogen_blind_seed10/boltz_results_immunogen_blind_msa/predictions/immunogen_blind_msa/immunogen_blind_msa_model_0.pdb,/home/xinlab/home/ws/phase2/results/12_complex_prediction/formal_msa/immunogen_blind_seed10/boltz_results_immunogen_blind_msa/predictions/immunogen_blind_msa/immunogen_blind_msa_model_0.pdb,D:\IL-24(teeth）\phase2_release\results\full181_supplement\server_baseline_snapshot\server_source_inventory.json,formal_msa,passed,matched_at_saved_precision,recomputed_server_original_unrelaxed_PDB
Immunogen134,formal_msa,11,D:\IL-24(teeth）\phase2_release\results\full181_supplement\server_baseline_snapshot\results\12_complex_prediction\formal_msa\immunogen_blind_seed11\boltz_results_immunogen_blind_msa\predictions\immunogen_blind_msa\immunogen_blind_msa_model_0.pdb,complete,,H,FR1,0,0,,/home/xinlab/home/ws/phase2/results/12_complex_prediction/formal_msa/immunogen_blind_seed11/boltz_results_immunogen_blind_msa/predictions/immunogen_blind_msa/immunogen_blind_msa_model_0.pdb,/home/xinlab/home/ws/phase2/results/12_complex_prediction/formal_msa/immunogen_blind_seed11/boltz_results_immunogen_blind_msa/predictions/immunogen_blind_msa/immunogen_blind_msa_model_0.pdb,D:\IL-24(teeth）\phase2_release\results\full181_supplement\server_baseline_snapshot\server_source_inventory.json,formal_msa,passed,matched_at_saved_precision,recomputed_server_original_unrelaxed_PDB
Immunogen134,formal_msa,11,D:\IL-24(teeth）\phase2_release\results\full181_supplement\server_baseline_snapshot\results\12_complex_prediction\formal_msa\immunogen_blind_seed11\boltz_results_immunogen_blind_msa\predictions\immunogen_blind_msa\immunogen_blind_msa_model_0.pdb,complete,,H,CDR1,3,1,31;32;33,/home/xinlab/home/ws/phase2/results/12_complex_prediction/formal_msa/immunogen_blind_seed11/boltz_results_immunogen_blind_msa/predictions/immunogen_blind_msa/immunogen_blind_msa_model_0.pdb,/home/xinlab/home/ws/phase2/results/12_complex_prediction/formal_msa/immunogen_blind_seed11/boltz_results_immunogen_blind_msa/predictions/immunogen_blind_msa/immunogen_blind_msa_model_0.pdb,D:\IL-24(teeth）\phase2_release\results\full181_supplement\server_baseline_snapshot\server_source_inventory.json,formal_msa,passed,matched_at_saved_precision,recomputed_server_original_unrelaxed_PDB
Immunogen134,formal_msa,11,D:\IL-24(teeth）\phase2_release\results\full181_supplement\server_baseline_snapshot\results\12_complex_prediction\formal_msa\immunogen_blind_seed11\boltz_results_immunogen_blind_msa\predictions\immunogen_blind_msa\immunogen_blind_msa_model_0.pdb,complete,,H,FR2,0,0,,/home/xinlab/home/ws/phase2/results/12_complex_prediction/formal_msa/immunogen_blind_seed11/boltz_results_immunogen_blind_msa/predictions/immunogen_blind_msa/immunogen_blind_msa_model_0.pdb,/home/xinlab/home/ws/phase2/results/12_complex_prediction/formal_msa/immunogen_blind_seed11/boltz_results_immunogen_blind_msa/predictions/immunogen_blind_msa/immunogen_blind_msa_model_0.pdb,D:\IL-24(teeth）\phase2_release\results\full181_supplement\server_baseline_snapshot\server_source_inventory.json,formal_msa,passed,matched_at_saved_precision,recomputed_server_original_unrelaxed_PDB
Immunogen134,formal_msa,11,D:\IL-24(teeth）\phase2_release\results\full181_supplement\server_baseline_snapshot\results\12_complex_prediction\formal_msa\immunogen_blind_seed11\boltz_results_immunogen_blind_msa\predictions\immunogen_blind_msa\immunogen_blind_msa_model_0.pdb,complete,,H,CDR2,5,1,50;53;54;56;57,/home/xinlab/home/ws/phase2/results/12_complex_prediction/formal_msa/immunogen_blind_seed11/boltz_results_immunogen_blind_msa/predictions/immunogen_blind_msa/immunogen_blind_msa_model_0.pdb,/home/xinlab/home/ws/phase2/results/12_complex_prediction/formal_msa/immunogen_blind_seed11/boltz_results_immunogen_blind_msa/predictions/immunogen_blind_msa/immunogen_blind_msa_model_0.pdb,D:\IL-24(teeth）\phase2_release\results\full181_supplement\server_baseline_snapshot\server_source_inventory.json,formal_msa,passed,matched_at_saved_precision,recomputed_server_original_unrelaxed_PDB
Immunogen134,formal_msa,11,D:\IL-24(teeth）\phase2_release\results\full181_supplement\server_baseline_snapshot\results\12_complex_prediction\formal_msa\immunogen_blind_seed11\boltz_results_immunogen_blind_msa\predictions\immunogen_blind_msa\immunogen_blind_msa_model_0.pdb,complete,,H,FR3,1,1,58,/home/xinlab/home/ws/phase2/results/12_complex_prediction/formal_msa/immunogen_blind_seed11/boltz_results_immunogen_blind_msa/predictions/immunogen_blind_msa/immunogen_blind_msa_model_0.pdb,/home/xinlab/home/ws/phase2/results/12_complex_prediction/formal_msa/immunogen_blind_seed11/boltz_results_immunogen_blind_msa/predictions/immunogen_blind_msa/immunogen_blind_msa_model_0.pdb,D:\IL-24(teeth）\phase2_release\results\full181_supplement\server_baseline_snapshot\server_source_inventory.json,formal_msa,passed,matched_at_saved_precision,recomputed_server_original_unrelaxed_PDB
Immunogen134,formal_msa,11,D:\IL-24(teeth）\phase2_release\results\full181_supplement\server_baseline_snapshot\results\12_complex_prediction\formal_msa\immunogen_blind_seed11\boltz_results_immunogen_blind_msa\predictions\immunogen_blind_msa\immunogen_blind_msa_model_0.pdb,complete,,H,CDR3,5,1,98;100;101;102;104,/home/xinlab/home/ws/phase2/results/12_complex_prediction/formal_msa/immunogen_blind_seed11/boltz_results_immunogen_blind_msa/predictions/immunogen_blind_msa/immunogen_blind_msa_model_0.pdb,/home/xinlab/home/ws/phase2/results/12_complex_prediction/formal_msa/immunogen_blind_seed11/boltz_results_immunogen_blind_msa/predictions/immunogen_blind_msa/immunogen_blind_msa_model_0.pdb,D:\IL-24(teeth）\phase2_release\results\full181_supplement\server_baseline_snapshot\server_source_inventory.json,formal_msa,passed,matched_at_saved_precision,recomputed_server_original_unrelaxed_PDB
Immunogen134,formal_msa,11,D:\IL-24(teeth）\phase2_release\results\full181_supplement\server_baseline_snapshot\results\12_complex_prediction\formal_msa\immunogen_blind_seed11\boltz_results_immunogen_blind_msa\predictions\immunogen_blind_msa\immunogen_blind_msa_model_0.pdb,complete,,H,FR4,0,0,,/home/xinlab/home/ws/phase2/results/12_complex_prediction/formal_msa/immunogen_blind_seed11/boltz_results_immunogen_blind_msa/predictions/immunogen_blind_msa/immunogen_blind_msa_model_0.pdb,/home/xinlab/home/ws/phase2/results/12_complex_prediction/formal_msa/immunogen_blind_seed11/boltz_results_immunogen_blind_msa/predictions/immunogen_blind_msa/immunogen_blind_msa_model_0.pdb,D:\IL-24(teeth）\phase2_release\results\full181_supplement\server_baseline_snapshot\server_source_inventory.json,formal_msa,passed,matched_at_saved_precision,recomputed_server_original_unrelaxed_PDB
Immunogen134,formal_msa,11,D:\IL-24(teeth）\phase2_release\results\full181_supplement\server_baseline_snapshot\results\12_complex_prediction\formal_msa\immunogen_blind_seed11\boltz_results_immunogen_blind_msa\predictions\immunogen_blind_msa\immunogen_blind_msa_model_0.pdb,complete,,L,FR1,0,0,,/home/xinlab/home/ws/phase2/results/12_complex_prediction/formal_msa/immunogen_blind_seed11/boltz_results_immunogen_blind_msa/predictions/immunogen_blind_msa/immunogen_blind_msa_model_0.pdb,/home/xinlab/home/ws/phase2/results/12_complex_prediction/formal_msa/immunogen_blind_seed11/boltz_results_immunogen_blind_msa/predictions/immunogen_blind_msa/immunogen_blind_msa_model_0.pdb,D:\IL-24(teeth）\phase2_release\results\full181_supplement\server_baseline_snapshot\server_source_inventory.json,formal_msa,passed,matched_at_saved_precision,recomputed_server_original_unrelaxed_PDB
Immunogen134,formal_msa,11,D:\IL-24(teeth）\phase2_release\results\full181_supplement\server_baseline_snapshot\results\12_complex_prediction\formal_msa\immunogen_blind_seed11\boltz_results_immunogen_blind_msa\predictions\immunogen_blind_msa\immunogen_blind_msa_model_0.pdb,complete,,L,CDR1,1,1,31,/home/xinlab/home/ws/phase2/results/12_complex_prediction/formal_msa/immunogen_blind_seed11/boltz_results_immunogen_blind_msa/predictions/immunogen_blind_msa/immunogen_blind_msa_model_0.pdb,/home/xinlab/home/ws/phase2/results/12_complex_prediction/formal_msa/immunogen_blind_seed11/boltz_results_immunogen_blind_msa/predictions/immunogen_blind_msa/immunogen_blind_msa_model_0.pdb,D:\IL-24(teeth）\phase2_release\results\full181_supplement\server_baseline_snapshot\server_source_inventory.json,formal_msa,passed,matched_at_saved_precision,recomputed_server_original_unrelaxed_PDB
Immunogen134,formal_msa,11,D:\IL-24(teeth）\phase2_release\results\full181_supplement\server_baseline_snapshot\results\12_complex_prediction\formal_msa\immunogen_blind_seed11\boltz_results_immunogen_blind_msa\predictions\immunogen_blind_msa\immunogen_blind_msa_model_0.pdb,complete,,L,FR2,0,0,,/home/xinlab/home/ws/phase2/results/12_complex_prediction/formal_msa/immunogen_blind_seed11/boltz_results_immunogen_blind_msa/predictions/immunogen_blind_msa/immunogen_blind_msa_model_0.pdb,/home/xinlab/home/ws/phase2/results/12_complex_prediction/formal_msa/immunogen_blind_seed11/boltz_results_immunogen_blind_msa/predictions/immunogen_blind_msa/immunogen_blind_msa_model_0.pdb,D:\IL-24(teeth）\phase2_release\results\full181_supplement\server_baseline_snapshot\server_source_inventory.json,formal_msa,passed,matched_at_saved_precision,recomputed_server_original_unrelaxed_PDB
Immunogen134,formal_msa,11,D:\IL-24(teeth）\phase2_release\results\full181_supplement\server_baseline_snapshot\results\12_complex_prediction\formal_msa\immunogen_blind_seed11\boltz_results_immunogen_blind_msa\predictions\immunogen_blind_msa\immunogen_blind_msa_model_0.pdb,complete,,L,CDR2,1,1,50,/home/xinlab/home/ws/phase2/results/12_complex_prediction/formal_msa/immunogen_blind_seed11/boltz_results_immunogen_blind_msa/predictions/immunogen_blind_msa/immunogen_blind_msa_model_0.pdb,/home/xinlab/home/ws/phase2/results/12_complex_prediction/formal_msa/immunogen_blind_seed11/boltz_results_immunogen_blind_msa/predictions/immunogen_blind_msa/immunogen_blind_msa_model_0.pdb,D:\IL-24(teeth）\phase2_release\results\full181_supplement\server_baseline_snapshot\server_source_inventory.json,formal_msa,passed,matched_at_saved_precision,recomputed_server_original_unrelaxed_PDB
Immunogen134,formal_msa,11,D:\IL-24(teeth）\phase2_release\results\full181_supplement\server_baseline_snapshot\results\12_complex_prediction\formal_msa\immunogen_blind_seed11\boltz_results_immunogen_blind_msa\predictions\immunogen_blind_msa\immunogen_blind_msa_model_0.pdb,complete,,L,FR3,1,1,53,/home/xinlab/home/ws/phase2/results/12_complex_prediction/formal_msa/immunogen_blind_seed11/boltz_results_immunogen_blind_msa/predictions/immunogen_blind_msa/immunogen_blind_msa_model_0.pdb,/home/xinlab/home/ws/phase2/results/12_complex_prediction/formal_msa/immunogen_blind_seed11/boltz_results_immunogen_blind_msa/predictions/immunogen_blind_msa/immunogen_blind_msa_model_0.pdb,D:\IL-24(teeth）\phase2_release\results\full181_supplement\server_baseline_snapshot\server_source_inventory.json,formal_msa,passed,matched_at_saved_precision,recomputed_server_original_unrelaxed_PDB
Immunogen134,formal_msa,11,D:\IL-24(teeth）\phase2_release\results\full181_supplement\server_baseline_snapshot\results\12_complex_prediction\formal_msa\immunogen_blind_seed11\boltz_results_immunogen_blind_msa\predictions\immunogen_blind_msa\immunogen_blind_msa_model_0.pdb,complete,,L,CDR3,4,1,91;92;93;95,/home/xinlab/home/ws/phase2/results/12_complex_prediction/formal_msa/immunogen_blind_seed11/boltz_results_immunogen_blind_msa/predictions/immunogen_blind_msa/immunogen_blind_msa_model_0.pdb,/home/xinlab/home/ws/phase2/results/12_complex_prediction/formal_msa/immunogen_blind_seed11/boltz_results_immunogen_blind_msa/predictions/immunogen_blind_msa/immunogen_blind_msa_model_0.pdb,D:\IL-24(teeth）\phase2_release\results\full181_supplement\server_baseline_snapshot\server_source_inventory.json,formal_msa,passed,matched_at_saved_precision,recomputed_server_original_unrelaxed_PDB
Immunogen134,formal_msa,11,D:\IL-24(teeth）\phase2_release\results\full181_supplement\server_baseline_snapshot\results\12_complex_prediction\formal_msa\immunogen_blind_seed11\boltz_results_immunogen_blind_msa\predictions\immunogen_blind_msa\immunogen_blind_msa_model_0.pdb,complete,,L,FR4,0,0,,/home/xinlab/home/ws/phase2/results/12_complex_prediction/formal_msa/immunogen_blind_seed11/boltz_results_immunogen_blind_msa/predictions/immunogen_blind_msa/immunogen_blind_msa_model_0.pdb,/home/xinlab/home/ws/phase2/results/12_complex_prediction/formal_msa/immunogen_blind_seed11/boltz_results_immunogen_blind_msa/predictions/immunogen_blind_msa/immunogen_blind_msa_model_0.pdb,D:\IL-24(teeth）\phase2_release\results\full181_supplement\server_baseline_snapshot\server_source_inventory.json,formal_msa,passed,matched_at_saved_precision,recomputed_server_original_unrelaxed_PDB
Immunogen134,formal_msa,12,D:\IL-24(teeth）\phase2_release\results\full181_supplement\server_baseline_snapshot\results\12_complex_prediction\formal_msa\immunogen_blind_seed12\boltz_results_immunogen_blind_msa\predictions\immunogen_blind_msa\immunogen_blind_msa_model_0.pdb,complete,,H,FR1,0,0,,/home/xinlab/home/ws/phase2/results/12_complex_prediction/formal_msa/immunogen_blind_seed12/boltz_results_immunogen_blind_msa/predictions/immunogen_blind_msa/immunogen_blind_msa_model_0.pdb,/home/xinlab/home/ws/phase2/results/12_complex_prediction/formal_msa/immunogen_blind_seed12/boltz_results_immunogen_blind_msa/predictions/immunogen_blind_msa/immunogen_blind_msa_model_0.pdb,D:\IL-24(teeth）\phase2_release\results\full181_supplement\server_baseline_snapshot\server_source_inventory.json,formal_msa,passed,matched_at_saved_precision,recomputed_server_original_unrelaxed_PDB
Immunogen134,formal_msa,12,D:\IL-24(teeth）\phase2_release\results\full181_supplement\server_baseline_snapshot\results\12_complex_prediction\formal_msa\immunogen_blind_seed12\boltz_results_immunogen_blind_msa\predictions\immunogen_blind_msa\immunogen_blind_msa_model_0.pdb,complete,,H,CDR1,4,1,30;31;32;33,/home/xinlab/home/ws/phase2/results/12_complex_prediction/formal_msa/immunogen_blind_seed12/boltz_results_immunogen_blind_msa/predictions/immunogen_blind_msa/immunogen_blind_msa_model_0.pdb,/home/xinlab/home/ws/phase2/results/12_complex_prediction/formal_msa/immunogen_blind_seed12/boltz_results_immunogen_blind_msa/predictions/immunogen_blind_msa/immunogen_blind_msa_model_0.pdb,D:\IL-24(teeth）\phase2_release\results\full181_supplement\server_baseline_snapshot\server_source_inventory.json,formal_msa,passed,matched_at_saved_precision,recomputed_server_original_unrelaxed_PDB
Immunogen134,formal_msa,12,D:\IL-24(teeth）\phase2_release\results\full181_supplement\server_baseline_snapshot\results\12_complex_prediction\formal_msa\immunogen_blind_seed12\boltz_results_immunogen_blind_msa\predictions\immunogen_blind_msa\immunogen_blind_msa_model_0.pdb,complete,,H,FR2,1,1,35,/home/xinlab/home/ws/phase2/results/12_complex_prediction/formal_msa/immunogen_blind_seed12/boltz_results_immunogen_blind_msa/predictions/immunogen_blind_msa/immunogen_blind_msa_model_0.pdb,/home/xinlab/home/ws/phase2/results/12_complex_prediction/formal_msa/immunogen_blind_seed12/boltz_results_immunogen_blind_msa/predictions/immunogen_blind_msa/immunogen_blind_msa_model_0.pdb,D:\IL-24(teeth）\phase2_release\results\full181_supplement\server_baseline_snapshot\server_source_inventory.json,formal_msa,passed,matched_at_saved_precision,recomputed_server_original_unrelaxed_PDB
Immunogen134,formal_msa,12,D:\IL-24(teeth）\phase2_release\results\full181_supplement\server_baseline_snapshot\results\12_complex_prediction\formal_msa\immunogen_blind_seed12\boltz_results_immunogen_blind_msa\predictions\immunogen_blind_msa\immunogen_blind_msa_model_0.pdb,complete,,H,CDR2,5,1,50;52;53;54;56,/home/xinlab/home/ws/phase2/results/12_complex_prediction/formal_msa/immunogen_blind_seed12/boltz_results_immunogen_blind_msa/predictions/immunogen_blind_msa/immunogen_blind_msa_model_0.pdb,/home/xinlab/home/ws/phase2/results/12_complex_prediction/formal_msa/immunogen_blind_seed12/boltz_results_immunogen_blind_msa/predictions/immunogen_blind_msa/immunogen_blind_msa_model_0.pdb,D:\IL-24(teeth）\phase2_release\results\full181_supplement\server_baseline_snapshot\server_source_inventory.json,formal_msa,passed,matched_at_saved_precision,recomputed_server_original_unrelaxed_PDB
Immunogen134,formal_msa,12,D:\IL-24(teeth）\phase2_release\results\full181_supplement\server_baseline_snapshot\results\12_complex_prediction\formal_msa\immunogen_blind_seed12\boltz_results_immunogen_blind_msa\predictions\immunogen_blind_msa\immunogen_blind_msa_model_0.pdb,complete,,H,FR3,1,1,58,/home/xinlab/home/ws/phase2/results/12_complex_prediction/formal_msa/immunogen_blind_seed12/boltz_results_immunogen_blind_msa/predictions/immunogen_blind_msa/immunogen_blind_msa_model_0.pdb,/home/xinlab/home/ws/phase2/results/12_complex_prediction/formal_msa/immunogen_blind_seed12/boltz_results_immunogen_blind_msa/predictions/immunogen_blind_msa/immunogen_blind_msa_model_0.pdb,D:\IL-24(teeth）\phase2_release\results\full181_supplement\server_baseline_snapshot\server_source_inventory.json,formal_msa,passed,matched_at_saved_precision,recomputed_server_original_unrelaxed_PDB
Immunogen134,formal_msa,12,D:\IL-24(teeth）\phase2_release\results\full181_supplement\server_baseline_snapshot\results\12_complex_prediction\formal_msa\immunogen_blind_seed12\boltz_results_immunogen_blind_msa\predictions\immunogen_blind_msa\immunogen_blind_msa_model_0.pdb,complete,,H,CDR3,6,1,98;99;100;101;102;104,/home/xinlab/home/ws/phase2/results/12_complex_prediction/formal_msa/immunogen_blind_seed12/boltz_results_immunogen_blind_msa/predictions/immunogen_blind_msa/immunogen_blind_msa_model_0.pdb,/home/xinlab/home/ws/phase2/results/12_complex_prediction/formal_msa/immunogen_blind_seed12/boltz_results_immunogen_blind_msa/predictions/immunogen_blind_msa/immunogen_blind_msa_model_0.pdb,D:\IL-24(teeth）\phase2_release\results\full181_supplement\server_baseline_snapshot\server_source_inventory.json,formal_msa,passed,matched_at_saved_precision,recomputed_server_original_unrelaxed_PDB
Immunogen134,formal_msa,12,D:\IL-24(teeth）\phase2_release\results\full181_supplement\server_baseline_snapshot\results\12_complex_prediction\formal_msa\immunogen_blind_seed12\boltz_results_immunogen_blind_msa\predictions\immunogen_blind_msa\immunogen_blind_msa_model_0.pdb,complete,,H,FR4,0,0,,/home/xinlab/home/ws/phase2/results/12_complex_prediction/formal_msa/immunogen_blind_seed12/boltz_results_immunogen_blind_msa/predictions/immunogen_blind_msa/immunogen_blind_msa_model_0.pdb,/home/xinlab/home/ws/phase2/results/12_complex_prediction/formal_msa/immunogen_blind_seed12/boltz_results_immunogen_blind_msa/predictions/immunogen_blind_msa/immunogen_blind_msa_model_0.pdb,D:\IL-24(teeth）\phase2_release\results\full181_supplement\server_baseline_snapshot\server_source_inventory.json,formal_msa,passed,matched_at_saved_precision,recomputed_server_original_unrelaxed_PDB
Immunogen134,formal_msa,12,D:\IL-24(teeth）\phase2_release\results\full181_supplement\server_baseline_snapshot\results\12_complex_prediction\formal_msa\immunogen_blind_seed12\boltz_results_immunogen_blind_msa\predictions\immunogen_blind_msa\immunogen_blind_msa_model_0.pdb,complete,,L,FR1,0,0,,/home/xinlab/home/ws/phase2/results/12_complex_prediction/formal_msa/immunogen_blind_seed12/boltz_results_immunogen_blind_msa/predictions/immunogen_blind_msa/immunogen_blind_msa_model_0.pdb,/home/xinlab/home/ws/phase2/results/12_complex_prediction/formal_msa/immunogen_blind_seed12/boltz_results_immunogen_blind_msa/predictions/immunogen_blind_msa/immunogen_blind_msa_model_0.pdb,D:\IL-24(teeth）\phase2_release\results\full181_supplement\server_baseline_snapshot\server_source_inventory.json,formal_msa,passed,matched_at_saved_precision,recomputed_server_original_unrelaxed_PDB
Immunogen134,formal_msa,12,D:\IL-24(teeth）\phase2_release\results\full181_supplement\server_baseline_snapshot\results\12_complex_prediction\formal_msa\immunogen_blind_seed12\boltz_results_immunogen_blind_msa\predictions\immunogen_blind_msa\immunogen_blind_msa_model_0.pdb,complete,,L,CDR1,2,1,27;28,/home/xinlab/home/ws/phase2/results/12_complex_prediction/formal_msa/immunogen_blind_seed12/boltz_results_immunogen_blind_msa/predictions/immunogen_blind_msa/immunogen_blind_msa_model_0.pdb,/home/xinlab/home/ws/phase2/results/12_complex_prediction/formal_msa/immunogen_blind_seed12/boltz_results_immunogen_blind_msa/predictions/immunogen_blind_msa/immunogen_blind_msa_model_0.pdb,D:\IL-24(teeth）\phase2_release\results\full181_supplement\server_baseline_snapshot\server_source_inventory.json,formal_msa,passed,matched_at_saved_precision,recomputed_server_original_unrelaxed_PDB
Immunogen134,formal_msa,12,D:\IL-24(teeth）\phase2_release\results\full181_supplement\server_baseline_snapshot\results\12_complex_prediction\formal_msa\immunogen_blind_seed12\boltz_results_immunogen_blind_msa\predictions\immunogen_blind_msa\immunogen_blind_msa_model_0.pdb,complete,,L,FR2,0,0,,/home/xinlab/home/ws/phase2/results/12_complex_prediction/formal_msa/immunogen_blind_seed12/boltz_results_immunogen_blind_msa/predictions/immunogen_blind_msa/immunogen_blind_msa_model_0.pdb,/home/xinlab/home/ws/phase2/results/12_complex_prediction/formal_msa/immunogen_blind_seed12/boltz_results_immunogen_blind_msa/predictions/immunogen_blind_msa/immunogen_blind_msa_model_0.pdb,D:\IL-24(teeth）\phase2_release\results\full181_supplement\server_baseline_snapshot\server_source_inventory.json,formal_msa,passed,matched_at_saved_precision,recomputed_server_original_unrelaxed_PDB
Immunogen134,formal_msa,12,D:\IL-24(teeth）\phase2_release\results\full181_supplement\server_baseline_snapshot\results\12_complex_prediction\formal_msa\immunogen_blind_seed12\boltz_results_immunogen_blind_msa\predictions\immunogen_blind_msa\immunogen_blind_msa_model_0.pdb,complete,,L,CDR2,1,1,50,/home/xinlab/home/ws/phase2/results/12_complex_prediction/formal_msa/immunogen_blind_seed12/boltz_results_immunogen_blind_msa/predictions/immunogen_blind_msa/immunogen_blind_msa_model_0.pdb,/home/xinlab/home/ws/phase2/results/12_complex_prediction/formal_msa/immunogen_blind_seed12/boltz_results_immunogen_blind_msa/predictions/immunogen_blind_msa/immunogen_blind_msa_model_0.pdb,D:\IL-24(teeth）\phase2_release\results\full181_supplement\server_baseline_snapshot\server_source_inventory.json,formal_msa,passed,matched_at_saved_precision,recomputed_server_original_unrelaxed_PDB
Immunogen134,formal_msa,12,D:\IL-24(teeth）\phase2_release\results\full181_supplement\server_baseline_snapshot\results\12_complex_prediction\formal_msa\immunogen_blind_seed12\boltz_results_immunogen_blind_msa\predictions\immunogen_blind_msa\immunogen_blind_msa_model_0.pdb,complete,,L,FR3,1,1,53,/home/xinlab/home/ws/phase2/results/12_complex_prediction/formal_msa/immunogen_blind_seed12/boltz_results_immunogen_blind_msa/predictions/immunogen_blind_msa/immunogen_blind_msa_model_0.pdb,/home/xinlab/home/ws/phase2/results/12_complex_prediction/formal_msa/immunogen_blind_seed12/boltz_results_immunogen_blind_msa/predictions/immunogen_blind_msa/immunogen_blind_msa_model_0.pdb,D:\IL-24(teeth）\phase2_release\results\full181_supplement\server_baseline_snapshot\server_source_inventory.json,formal_msa,passed,matched_at_saved_precision,recomputed_server_original_unrelaxed_PDB
Immunogen134,formal_msa,12,D:\IL-24(teeth）\phase2_release\results\full181_supplement\server_baseline_snapshot\results\12_complex_prediction\formal_msa\immunogen_blind_seed12\boltz_results_immunogen_blind_msa\predictions\immunogen_blind_msa\immunogen_blind_msa_model_0.pdb,complete,,L,CDR3,5,1,90;91;92;93;95,/home/xinlab/home/ws/phase2/results/12_complex_prediction/formal_msa/immunogen_blind_seed12/boltz_results_immunogen_blind_msa/predictions/immunogen_blind_msa/immunogen_blind_msa_model_0.pdb,/home/xinlab/home/ws/phase2/results/12_complex_prediction/formal_msa/immunogen_blind_seed12/boltz_results_immunogen_blind_msa/predictions/immunogen_blind_msa/immunogen_blind_msa_model_0.pdb,D:\IL-24(teeth）\phase2_release\results\full181_supplement\server_baseline_snapshot\server_source_inventory.json,formal_msa,passed,matched_at_saved_precision,recomputed_server_original_unrelaxed_PDB
Immunogen134,formal_msa,12,D:\IL-24(teeth）\phase2_release\results\full181_supplement\server_baseline_snapshot\results\12_complex_prediction\formal_msa\immunogen_blind_seed12\boltz_results_immunogen_blind_msa\predictions\immunogen_blind_msa\immunogen_blind_msa_model_0.pdb,complete,,L,FR4,0,0,,/home/xinlab/home/ws/phase2/results/12_complex_prediction/formal_msa/immunogen_blind_seed12/boltz_results_immunogen_blind_msa/predictions/immunogen_blind_msa/immunogen_blind_msa_model_0.pdb,/home/xinlab/home/ws/phase2/results/12_complex_prediction/formal_msa/immunogen_blind_seed12/boltz_results_immunogen_blind_msa/predictions/immunogen_blind_msa/immunogen_blind_msa_model_0.pdb,D:\IL-24(teeth）\phase2_release\results\full181_supplement\server_baseline_snapshot\server_source_inventory.json,formal_msa,passed,matched_at_saved_precision,recomputed_server_original_unrelaxed_PDB
Immunogen134,formal_msa,13,D:\IL-24(teeth）\phase2_release\results\full181_supplement\server_baseline_snapshot\results\12_complex_prediction\formal_msa\immunogen_blind_seed13\boltz_results_immunogen_blind_msa\predictions\immunogen_blind_msa\immunogen_blind_msa_model_0.pdb,complete,,H,FR1,0,0,,/home/xinlab/home/ws/phase2/results/12_complex_prediction/formal_msa/immunogen_blind_seed13/boltz_results_immunogen_blind_msa/predictions/immunogen_blind_msa/immunogen_blind_msa_model_0.pdb,/home/xinlab/home/ws/phase2/results/12_complex_prediction/formal_msa/immunogen_blind_seed13/boltz_results_immunogen_blind_msa/predictions/immunogen_blind_msa/immunogen_blind_msa_model_0.pdb,D:\IL-24(teeth）\phase2_release\results\full181_supplement\server_baseline_snapshot\server_source_inventory.json,formal_msa,passed,matched_at_saved_precision,recomputed_server_original_unrelaxed_PDB
Immunogen134,formal_msa,13,D:\IL-24(teeth）\phase2_release\results\full181_supplement\server_baseline_snapshot\results\12_complex_prediction\formal_msa\immunogen_blind_seed13\boltz_results_immunogen_blind_msa\predictions\immunogen_blind_msa\immunogen_blind_msa_model_0.pdb,complete,,H,CDR1,5,1,28;30;31;32;33,/home/xinlab/home/ws/phase2/results/12_complex_prediction/formal_msa/immunogen_blind_seed13/boltz_results_immunogen_blind_msa/predictions/immunogen_blind_msa/immunogen_blind_msa_model_0.pdb,/home/xinlab/home/ws/phase2/results/12_complex_prediction/formal_msa/immunogen_blind_seed13/boltz_results_immunogen_blind_msa/predictions/immunogen_blind_msa/immunogen_blind_msa_model_0.pdb,D:\IL-24(teeth）\phase2_release\results\full181_supplement\server_baseline_snapshot\server_source_inventory.json,formal_msa,passed,matched_at_saved_precision,recomputed_server_original_unrelaxed_PDB
Immunogen134,formal_msa,13,D:\IL-24(teeth）\phase2_release\results\full181_supplement\server_baseline_snapshot\results\12_complex_prediction\formal_msa\immunogen_blind_seed13\boltz_results_immunogen_blind_msa\predictions\immunogen_blind_msa\immunogen_blind_msa_model_0.pdb,complete,,H,FR2,1,1,35,/home/xinlab/home/ws/phase2/results/12_complex_prediction/formal_msa/immunogen_blind_seed13/boltz_results_immunogen_blind_msa/predictions/immunogen_blind_msa/immunogen_blind_msa_model_0.pdb,/home/xinlab/home/ws/phase2/results/12_complex_prediction/formal_msa/immunogen_blind_seed13/boltz_results_immunogen_blind_msa/predictions/immunogen_blind_msa/immunogen_blind_msa_model_0.pdb,D:\IL-24(teeth）\phase2_release\results\full181_supplement\server_baseline_snapshot\server_source_inventory.json,formal_msa,passed,matched_at_saved_precision,recomputed_server_original_unrelaxed_PDB
Immunogen134,formal_msa,13,D:\IL-24(teeth）\phase2_release\results\full181_supplement\server_baseline_snapshot\results\12_complex_prediction\formal_msa\immunogen_blind_seed13\boltz_results_immunogen_blind_msa\predictions\immunogen_blind_msa\immunogen_blind_msa_model_0.pdb,complete,,H,CDR2,4,1,50;53;56;57,/home/xinlab/home/ws/phase2/results/12_complex_prediction/formal_msa/immunogen_blind_seed13/boltz_results_immunogen_blind_msa/predictions/immunogen_blind_msa/immunogen_blind_msa_model_0.pdb,/home/xinlab/home/ws/phase2/results/12_complex_prediction/formal_msa/immunogen_blind_seed13/boltz_results_immunogen_blind_msa/predictions/immunogen_blind_msa/immunogen_blind_msa_model_0.pdb,D:\IL-24(teeth）\phase2_release\results\full181_supplement\server_baseline_snapshot\server_source_inventory.json,formal_msa,passed,matched_at_saved_precision,recomputed_server_original_unrelaxed_PDB
Immunogen134,formal_msa,13,D:\IL-24(teeth）\phase2_release\results\full181_supplement\server_baseline_snapshot\results\12_complex_prediction\formal_msa\immunogen_blind_seed13\boltz_results_immunogen_blind_msa\predictions\immunogen_blind_msa\immunogen_blind_msa_model_0.pdb,complete,,H,FR3,1,1,58,/home/xinlab/home/ws/phase2/results/12_complex_prediction/formal_msa/immunogen_blind_seed13/boltz_results_immunogen_blind_msa/predictions/immunogen_blind_msa/immunogen_blind_msa_model_0.pdb,/home/xinlab/home/ws/phase2/results/12_complex_prediction/formal_msa/immunogen_blind_seed13/boltz_results_immunogen_blind_msa/predictions/immunogen_blind_msa/immunogen_blind_msa_model_0.pdb,D:\IL-24(teeth）\phase2_release\results\full181_supplement\server_baseline_snapshot\server_source_inventory.json,formal_msa,passed,matched_at_saved_precision,recomputed_server_original_unrelaxed_PDB
Immunogen134,formal_msa,13,D:\IL-24(teeth）\phase2_release\results\full181_supplement\server_baseline_snapshot\results\12_complex_prediction\formal_msa\immunogen_blind_seed13\boltz_results_immunogen_blind_msa\predictions\immunogen_blind_msa\immunogen_blind_msa_model_0.pdb,complete,,H,CDR3,6,1,98;99;100;101;102;104,/home/xinlab/home/ws/phase2/results/12_complex_prediction/formal_msa/immunogen_blind_seed13/boltz_results_immunogen_blind_msa/predictions/immunogen_blind_msa/immunogen_blind_msa_model_0.pdb,/home/xinlab/home/ws/phase2/results/12_complex_prediction/formal_msa/immunogen_blind_seed13/boltz_results_immunogen_blind_msa/predictions/immunogen_blind_msa/immunogen_blind_msa_model_0.pdb,D:\IL-24(teeth）\phase2_release\results\full181_supplement\server_baseline_snapshot\server_source_inventory.json,formal_msa,passed,matched_at_saved_precision,recomputed_server_original_unrelaxed_PDB
Immunogen134,formal_msa,13,D:\IL-24(teeth）\phase2_release\results\full181_supplement\server_baseline_snapshot\results\12_complex_prediction\formal_msa\immunogen_blind_seed13\boltz_results_immunogen_blind_msa\predictions\immunogen_blind_msa\immunogen_blind_msa_model_0.pdb,complete,,H,FR4,0,0,,/home/xinlab/home/ws/phase2/results/12_complex_prediction/formal_msa/immunogen_blind_seed13/boltz_results_immunogen_blind_msa/predictions/immunogen_blind_msa/immunogen_blind_msa_model_0.pdb,/home/xinlab/home/ws/phase2/results/12_complex_prediction/formal_msa/immunogen_blind_seed13/boltz_results_immunogen_blind_msa/predictions/immunogen_blind_msa/immunogen_blind_msa_model_0.pdb,D:\IL-24(teeth）\phase2_release\results\full181_supplement\server_baseline_snapshot\server_source_inventory.json,formal_msa,passed,matched_at_saved_precision,recomputed_server_original_unrelaxed_PDB
Immunogen134,formal_msa,13,D:\IL-24(teeth）\phase2_release\results\full181_supplement\server_baseline_snapshot\results\12_complex_prediction\formal_msa\immunogen_blind_seed13\boltz_results_immunogen_blind_msa\predictions\immunogen_blind_msa\immunogen_blind_msa_model_0.pdb,complete,,L,FR1,0,0,,/home/xinlab/home/ws/phase2/results/12_complex_prediction/formal_msa/immunogen_blind_seed13/boltz_results_immunogen_blind_msa/predictions/immunogen_blind_msa/immunogen_blind_msa_model_0.pdb,/home/xinlab/home/ws/phase2/results/12_complex_prediction/formal_msa/immunogen_blind_seed13/boltz_results_immunogen_blind_msa/predictions/immunogen_blind_msa/immunogen_blind_msa_model_0.pdb,D:\IL-24(teeth）\phase2_release\results\full181_supplement\server_baseline_snapshot\server_source_inventory.json,formal_msa,passed,matched_at_saved_precision,recomputed_server_original_unrelaxed_PDB
Immunogen134,formal_msa,13,D:\IL-24(teeth）\phase2_release\results\full181_supplement\server_baseline_snapshot\results\12_complex_prediction\formal_msa\immunogen_blind_seed13\boltz_results_immunogen_blind_msa\predictions\immunogen_blind_msa\immunogen_blind_msa_model_0.pdb,complete,,L,CDR1,0,0,,/home/xinlab/home/ws/phase2/results/12_complex_prediction/formal_msa/immunogen_blind_seed13/boltz_results_immunogen_blind_msa/predictions/immunogen_blind_msa/immunogen_blind_msa_model_0.pdb,/home/xinlab/home/ws/phase2/results/12_complex_prediction/formal_msa/immunogen_blind_seed13/boltz_results_immunogen_blind_msa/predictions/immunogen_blind_msa/immunogen_blind_msa_model_0.pdb,D:\IL-24(teeth）\phase2_release\results\full181_supplement\server_baseline_snapshot\server_source_inventory.json,formal_msa,passed,matched_at_saved_precision,recomputed_server_original_unrelaxed_PDB
Immunogen134,formal_msa,13,D:\IL-24(teeth）\phase2_release\results\full181_supplement\server_baseline_snapshot\results\12_complex_prediction\formal_msa\immunogen_blind_seed13\boltz_results_immunogen_blind_msa\predictions\immunogen_blind_msa\immunogen_blind_msa_model_0.pdb,complete,,L,FR2,0,0,,/home/xinlab/home/ws/phase2/results/12_complex_prediction/formal_msa/immunogen_blind_seed13/boltz_results_immunogen_blind_msa/predictions/immunogen_blind_msa/immunogen_blind_msa_model_0.pdb,/home/xinlab/home/ws/phase2/results/12_complex_prediction/formal_msa/immunogen_blind_seed13/boltz_results_immunogen_blind_msa/predictions/immunogen_blind_msa/immunogen_blind_msa_model_0.pdb,D:\IL-24(teeth）\phase2_release\results\full181_supplement\server_baseline_snapshot\server_source_inventory.json,formal_msa,passed,matched_at_saved_precision,recomputed_server_original_unrelaxed_PDB
Immunogen134,formal_msa,13,D:\IL-24(teeth）\phase2_release\results\full181_supplement\server_baseline_snapshot\results\12_complex_prediction\formal_msa\immunogen_blind_seed13\boltz_results_immunogen_blind_msa\predictions\immunogen_blind_msa\immunogen_blind_msa_model_0.pdb,complete,,L,CDR2,1,1,50,/home/xinlab/home/ws/phase2/results/12_complex_prediction/formal_msa/immunogen_blind_seed13/boltz_results_immunogen_blind_msa/predictions/immunogen_blind_msa/immunogen_blind_msa_model_0.pdb,/home/xinlab/home/ws/phase2/results/12_complex_prediction/formal_msa/immunogen_blind_seed13/boltz_results_immunogen_blind_msa/predictions/immunogen_blind_msa/immunogen_blind_msa_model_0.pdb,D:\IL-24(teeth）\phase2_release\results\full181_supplement\server_baseline_snapshot\server_source_inventory.json,formal_msa,passed,matched_at_saved_precision,recomputed_server_original_unrelaxed_PDB
Immunogen134,formal_msa,13,D:\IL-24(teeth）\phase2_release\results\full181_supplement\server_baseline_snapshot\results\12_complex_prediction\formal_msa\immunogen_blind_seed13\boltz_results_immunogen_blind_msa\predictions\immunogen_blind_msa\immunogen_blind_msa_model_0.pdb,complete,,L,FR3,0,0,,/home/xinlab/home/ws/phase2/results/12_complex_prediction/formal_msa/immunogen_blind_seed13/boltz_results_immunogen_blind_msa/predictions/immunogen_blind_msa/immunogen_blind_msa_model_0.pdb,/home/xinlab/home/ws/phase2/results/12_complex_prediction/formal_msa/immunogen_blind_seed13/boltz_results_immunogen_blind_msa/predictions/immunogen_blind_msa/immunogen_blind_msa_model_0.pdb,D:\IL-24(teeth）\phase2_release\results\full181_supplement\server_baseline_snapshot\server_source_inventory.json,formal_msa,passed,matched_at_saved_precision,recomputed_server_original_unrelaxed_PDB
Immunogen134,formal_msa,13,D:\IL-24(teeth）\phase2_release\results\full181_supplement\server_baseline_snapshot\results\12_complex_prediction\formal_msa\immunogen_blind_seed13\boltz_results_immunogen_blind_msa\predictions\immunogen_blind_msa\immunogen_blind_msa_model_0.pdb,complete,,L,CDR3,2,1,93;95,/home/xinlab/home/ws/phase2/results/12_complex_prediction/formal_msa/immunogen_blind_seed13/boltz_results_immunogen_blind_msa/predictions/immunogen_blind_msa/immunogen_blind_msa_model_0.pdb,/home/xinlab/home/ws/phase2/results/12_complex_prediction/formal_msa/immunogen_blind_seed13/boltz_results_immunogen_blind_msa/predictions/immunogen_blind_msa/immunogen_blind_msa_model_0.pdb,D:\IL-24(teeth）\phase2_release\results\full181_supplement\server_baseline_snapshot\server_source_inventory.json,formal_msa,passed,matched_at_saved_precision,recomputed_server_original_unrelaxed_PDB
Immunogen134,formal_msa,13,D:\IL-24(teeth）\phase2_release\results\full181_supplement\server_baseline_snapshot\results\12_complex_prediction\formal_msa\immunogen_blind_seed13\boltz_results_immunogen_blind_msa\predictions\immunogen_blind_msa\immunogen_blind_msa_model_0.pdb,complete,,L,FR4,0,0,,/home/xinlab/home/ws/phase2/results/12_complex_prediction/formal_msa/immunogen_blind_seed13/boltz_results_immunogen_blind_msa/predictions/immunogen_blind_msa/immunogen_blind_msa_model_0.pdb,/home/xinlab/home/ws/phase2/results/12_complex_prediction/formal_msa/immunogen_blind_seed13/boltz_results_immunogen_blind_msa/predictions/immunogen_blind_msa/immunogen_blind_msa_model_0.pdb,D:\IL-24(teeth）\phase2_release\results\full181_supplement\server_baseline_snapshot\server_source_inventory.json,formal_msa,passed,matched_at_saved_precision,recomputed_server_original_unrelaxed_PDB
Immunogen134,formal_msa,14,D:\IL-24(teeth）\phase2_release\results\full181_supplement\server_baseline_snapshot\results\12_complex_prediction\formal_msa\immunogen_blind_seed14\boltz_results_immunogen_blind_msa\predictions\immunogen_blind_msa\immunogen_blind_msa_model_0.pdb,complete,,H,FR1,0,0,,/home/xinlab/home/ws/phase2/results/12_complex_prediction/formal_msa/immunogen_blind_seed14/boltz_results_immunogen_blind_msa/predictions/immunogen_blind_msa/immunogen_blind_msa_model_0.pdb,/home/xinlab/home/ws/phase2/results/12_complex_prediction/formal_msa/immunogen_blind_seed14/boltz_results_immunogen_blind_msa/predictions/immunogen_blind_msa/immunogen_blind_msa_model_0.pdb,D:\IL-24(teeth）\phase2_release\results\full181_supplement\server_baseline_snapshot\server_source_inventory.json,formal_msa,passed,matched_at_saved_precision,recomputed_server_original_unrelaxed_PDB
Immunogen134,formal_msa,14,D:\IL-24(teeth）\phase2_release\results\full181_supplement\server_baseline_snapshot\results\12_complex_prediction\formal_msa\immunogen_blind_seed14\boltz_results_immunogen_blind_msa\predictions\immunogen_blind_msa\immunogen_blind_msa_model_0.pdb,complete,,H,CDR1,4,1,30;31;32;33,/home/xinlab/home/ws/phase2/results/12_complex_prediction/formal_msa/immunogen_blind_seed14/boltz_results_immunogen_blind_msa/predictions/immunogen_blind_msa/immunogen_blind_msa_model_0.pdb,/home/xinlab/home/ws/phase2/results/12_complex_prediction/formal_msa/immunogen_blind_seed14/boltz_results_immunogen_blind_msa/predictions/immunogen_blind_msa/immunogen_blind_msa_model_0.pdb,D:\IL-24(teeth）\phase2_release\results\full181_supplement\server_baseline_snapshot\server_source_inventory.json,formal_msa,passed,matched_at_saved_precision,recomputed_server_original_unrelaxed_PDB
Immunogen134,formal_msa,14,D:\IL-24(teeth）\phase2_release\results\full181_supplement\server_baseline_snapshot\results\12_complex_prediction\formal_msa\immunogen_blind_seed14\boltz_results_immunogen_blind_msa\predictions\immunogen_blind_msa\immunogen_blind_msa_model_0.pdb,complete,,H,FR2,1,1,35,/home/xinlab/home/ws/phase2/results/12_complex_prediction/formal_msa/immunogen_blind_seed14/boltz_results_immunogen_blind_msa/predictions/immunogen_blind_msa/immunogen_blind_msa_model_0.pdb,/home/xinlab/home/ws/phase2/results/12_complex_prediction/formal_msa/immunogen_blind_seed14/boltz_results_immunogen_blind_msa/predictions/immunogen_blind_msa/immunogen_blind_msa_model_0.pdb,D:\IL-24(teeth）\phase2_release\results\full181_supplement\server_baseline_snapshot\server_source_inventory.json,formal_msa,passed,matched_at_saved_precision,recomputed_server_original_unrelaxed_PDB
Immunogen134,formal_msa,14,D:\IL-24(teeth）\phase2_release\results\full181_supplement\server_baseline_snapshot\results\12_complex_prediction\formal_msa\immunogen_blind_seed14\boltz_results_immunogen_blind_msa\predictions\immunogen_blind_msa\immunogen_blind_msa_model_0.pdb,complete,,H,CDR2,5,1,50;52;53;54;56,/home/xinlab/home/ws/phase2/results/12_complex_prediction/formal_msa/immunogen_blind_seed14/boltz_results_immunogen_blind_msa/predictions/immunogen_blind_msa/immunogen_blind_msa_model_0.pdb,/home/xinlab/home/ws/phase2/results/12_complex_prediction/formal_msa/immunogen_blind_seed14/boltz_results_immunogen_blind_msa/predictions/immunogen_blind_msa/immunogen_blind_msa_model_0.pdb,D:\IL-24(teeth）\phase2_release\results\full181_supplement\server_baseline_snapshot\server_source_inventory.json,formal_msa,passed,matched_at_saved_precision,recomputed_server_original_unrelaxed_PDB
Immunogen134,formal_msa,14,D:\IL-24(teeth）\phase2_release\results\full181_supplement\server_baseline_snapshot\results\12_complex_prediction\formal_msa\immunogen_blind_seed14\boltz_results_immunogen_blind_msa\predictions\immunogen_blind_msa\immunogen_blind_msa_model_0.pdb,complete,,H,FR3,0,0,,/home/xinlab/home/ws/phase2/results/12_complex_prediction/formal_msa/immunogen_blind_seed14/boltz_results_immunogen_blind_msa/predictions/immunogen_blind_msa/immunogen_blind_msa_model_0.pdb,/home/xinlab/home/ws/phase2/results/12_complex_prediction/formal_msa/immunogen_blind_seed14/boltz_results_immunogen_blind_msa/predictions/immunogen_blind_msa/immunogen_blind_msa_model_0.pdb,D:\IL-24(teeth）\phase2_release\results\full181_supplement\server_baseline_snapshot\server_source_inventory.json,formal_msa,passed,matched_at_saved_precision,recomputed_server_original_unrelaxed_PDB
Immunogen134,formal_msa,14,D:\IL-24(teeth）\phase2_release\results\full181_supplement\server_baseline_snapshot\results\12_complex_prediction\formal_msa\immunogen_blind_seed14\boltz_results_immunogen_blind_msa\predictions\immunogen_blind_msa\immunogen_blind_msa_model_0.pdb,complete,,H,CDR3,7,1,98;99;100;101;102;103;104,/home/xinlab/home/ws/phase2/results/12_complex_prediction/formal_msa/immunogen_blind_seed14/boltz_results_immunogen_blind_msa/predictions/immunogen_blind_msa/immunogen_blind_msa_model_0.pdb,/home/xinlab/home/ws/phase2/results/12_complex_prediction/formal_msa/immunogen_blind_seed14/boltz_results_immunogen_blind_msa/predictions/immunogen_blind_msa/immunogen_blind_msa_model_0.pdb,D:\IL-24(teeth）\phase2_release\results\full181_supplement\server_baseline_snapshot\server_source_inventory.json,formal_msa,passed,matched_at_saved_precision,recomputed_server_original_unrelaxed_PDB
Immunogen134,formal_msa,14,D:\IL-24(teeth）\phase2_release\results\full181_supplement\server_baseline_snapshot\results\12_complex_prediction\formal_msa\immunogen_blind_seed14\boltz_results_immunogen_blind_msa\predictions\immunogen_blind_msa\immunogen_blind_msa_model_0.pdb,complete,,H,FR4,0,0,,/home/xinlab/home/ws/phase2/results/12_complex_prediction/formal_msa/immunogen_blind_seed14/boltz_results_immunogen_blind_msa/predictions/immunogen_blind_msa/immunogen_blind_msa_model_0.pdb,/home/xinlab/home/ws/phase2/results/12_complex_prediction/formal_msa/immunogen_blind_seed14/boltz_results_immunogen_blind_msa/predictions/immunogen_blind_msa/immunogen_blind_msa_model_0.pdb,D:\IL-24(teeth）\phase2_release\results\full181_supplement\server_baseline_snapshot\server_source_inventory.json,formal_msa,passed,matched_at_saved_precision,recomputed_server_original_unrelaxed_PDB
Immunogen134,formal_msa,14,D:\IL-24(teeth）\phase2_release\results\full181_supplement\server_baseline_snapshot\results\12_complex_prediction\formal_msa\immunogen_blind_seed14\boltz_results_immunogen_blind_msa\predictions\immunogen_blind_msa\immunogen_blind_msa_model_0.pdb,complete,,L,FR1,0,0,,/home/xinlab/home/ws/phase2/results/12_complex_prediction/formal_msa/immunogen_blind_seed14/boltz_results_immunogen_blind_msa/predictions/immunogen_blind_msa/immunogen_blind_msa_model_0.pdb,/home/xinlab/home/ws/phase2/results/12_complex_prediction/formal_msa/immunogen_blind_seed14/boltz_results_immunogen_blind_msa/predictions/immunogen_blind_msa/immunogen_blind_msa_model_0.pdb,D:\IL-24(teeth）\phase2_release\results\full181_supplement\server_baseline_snapshot\server_source_inventory.json,formal_msa,passed,matched_at_saved_precision,recomputed_server_original_unrelaxed_PDB
Immunogen134,formal_msa,14,D:\IL-24(teeth）\phase2_release\results\full181_supplement\server_baseline_snapshot\results\12_complex_prediction\formal_msa\immunogen_blind_seed14\boltz_results_immunogen_blind_msa\predictions\immunogen_blind_msa\immunogen_blind_msa_model_0.pdb,complete,,L,CDR1,1,1,31,/home/xinlab/home/ws/phase2/results/12_complex_prediction/formal_msa/immunogen_blind_seed14/boltz_results_immunogen_blind_msa/predictions/immunogen_blind_msa/immunogen_blind_msa_model_0.pdb,/home/xinlab/home/ws/phase2/results/12_complex_prediction/formal_msa/immunogen_blind_seed14/boltz_results_immunogen_blind_msa/predictions/immunogen_blind_msa/immunogen_blind_msa_model_0.pdb,D:\IL-24(teeth）\phase2_release\results\full181_supplement\server_baseline_snapshot\server_source_inventory.json,formal_msa,passed,matched_at_saved_precision,recomputed_server_original_unrelaxed_PDB
Immunogen134,formal_msa,14,D:\IL-24(teeth）\phase2_release\results\full181_supplement\server_baseline_snapshot\results\12_complex_prediction\formal_msa\immunogen_blind_seed14\boltz_results_immunogen_blind_msa\predictions\immunogen_blind_msa\immunogen_blind_msa_model_0.pdb,complete,,L,FR2,0,0,,/home/xinlab/home/ws/phase2/results/12_complex_prediction/formal_msa/immunogen_blind_seed14/boltz_results_immunogen_blind_msa/predictions/immunogen_blind_msa/immunogen_blind_msa_model_0.pdb,/home/xinlab/home/ws/phase2/results/12_complex_prediction/formal_msa/immunogen_blind_seed14/boltz_results_immunogen_blind_msa/predictions/immunogen_blind_msa/immunogen_blind_msa_model_0.pdb,D:\IL-24(teeth）\phase2_release\results\full181_supplement\server_baseline_snapshot\server_source_inventory.json,formal_msa,passed,matched_at_saved_precision,recomputed_server_original_unrelaxed_PDB
Immunogen134,formal_msa,14,D:\IL-24(teeth）\phase2_release\results\full181_supplement\server_baseline_snapshot\results\12_complex_prediction\formal_msa\immunogen_blind_seed14\boltz_results_immunogen_blind_msa\predictions\immunogen_blind_msa\immunogen_blind_msa_model_0.pdb,complete,,L,CDR2,1,1,50,/home/xinlab/home/ws/phase2/results/12_complex_prediction/formal_msa/immunogen_blind_seed14/boltz_results_immunogen_blind_msa/predictions/immunogen_blind_msa/immunogen_blind_msa_model_0.pdb,/home/xinlab/home/ws/phase2/results/12_complex_prediction/formal_msa/immunogen_blind_seed14/boltz_results_immunogen_blind_msa/predictions/immunogen_blind_msa/immunogen_blind_msa_model_0.pdb,D:\IL-24(teeth）\phase2_release\results\full181_supplement\server_baseline_snapshot\server_source_inventory.json,formal_msa,passed,matched_at_saved_precision,recomputed_server_original_unrelaxed_PDB
Immunogen134,formal_msa,14,D:\IL-24(teeth）\phase2_release\results\full181_supplement\server_baseline_snapshot\results\12_complex_prediction\formal_msa\immunogen_blind_seed14\boltz_results_immunogen_blind_msa\predictions\immunogen_blind_msa\immunogen_blind_msa_model_0.pdb,complete,,L,FR3,1,1,53,/home/xinlab/home/ws/phase2/results/12_complex_prediction/formal_msa/immunogen_blind_seed14/boltz_results_immunogen_blind_msa/predictions/immunogen_blind_msa/immunogen_blind_msa_model_0.pdb,/home/xinlab/home/ws/phase2/results/12_complex_prediction/formal_msa/immunogen_blind_seed14/boltz_results_immunogen_blind_msa/predictions/immunogen_blind_msa/immunogen_blind_msa_model_0.pdb,D:\IL-24(teeth）\phase2_release\results\full181_supplement\server_baseline_snapshot\server_source_inventory.json,formal_msa,passed,matched_at_saved_precision,recomputed_server_original_unrelaxed_PDB
Immunogen134,formal_msa,14,D:\IL-24(teeth）\phase2_release\results\full181_supplement\server_baseline_snapshot\results\12_complex_prediction\formal_msa\immunogen_blind_seed14\boltz_results_immunogen_blind_msa\predictions\immunogen_blind_msa\immunogen_blind_msa_model_0.pdb,complete,,L,CDR3,5,1,90;91;92;93;95,/home/xinlab/home/ws/phase2/results/12_complex_prediction/formal_msa/immunogen_blind_seed14/boltz_results_immunogen_blind_msa/predictions/immunogen_blind_msa/immunogen_blind_msa_model_0.pdb,/home/xinlab/home/ws/phase2/results/12_complex_prediction/formal_msa/immunogen_blind_seed14/boltz_results_immunogen_blind_msa/predictions/immunogen_blind_msa/immunogen_blind_msa_model_0.pdb,D:\IL-24(teeth）\phase2_release\results\full181_supplement\server_baseline_snapshot\server_source_inventory.json,formal_msa,passed,matched_at_saved_precision,recomputed_server_original_unrelaxed_PDB
Immunogen134,formal_msa,14,D:\IL-24(teeth）\phase2_release\results\full181_supplement\server_baseline_snapshot\results\12_complex_prediction\formal_msa\immunogen_blind_seed14\boltz_results_immunogen_blind_msa\predictions\immunogen_blind_msa\immunogen_blind_msa_model_0.pdb,complete,,L,FR4,0,0,,/home/xinlab/home/ws/phase2/results/12_complex_prediction/formal_msa/immunogen_blind_seed14/boltz_results_immunogen_blind_msa/predictions/immunogen_blind_msa/immunogen_blind_msa_model_0.pdb,/home/xinlab/home/ws/phase2/results/12_complex_prediction/formal_msa/immunogen_blind_seed14/boltz_results_immunogen_blind_msa/predictions/immunogen_blind_msa/immunogen_blind_msa_model_0.pdb,D:\IL-24(teeth）\phase2_release\results\full181_supplement\server_baseline_snapshot\server_source_inventory.json,formal_msa,passed,matched_at_saved_precision,recomputed_server_original_unrelaxed_PDB
Immunogen134,formal_msa,15,D:\IL-24(teeth）\phase2_release\results\full181_supplement\server_baseline_snapshot\results\12_complex_prediction\formal_msa\immunogen_blind_seed15\boltz_results_immunogen_blind_msa\predictions\immunogen_blind_msa\immunogen_blind_msa_model_0.pdb,complete,,H,FR1,0,0,,/home/xinlab/home/ws/phase2/results/12_complex_prediction/formal_msa/immunogen_blind_seed15/boltz_results_immunogen_blind_msa/predictions/immunogen_blind_msa/immunogen_blind_msa_model_0.pdb,/home/xinlab/home/ws/phase2/results/12_complex_prediction/formal_msa/immunogen_blind_seed15/boltz_results_immunogen_blind_msa/predictions/immunogen_blind_msa/immunogen_blind_msa_model_0.pdb,D:\IL-24(teeth）\phase2_release\results\full181_supplement\server_baseline_snapshot\server_source_inventory.json,formal_msa,passed,matched_at_saved_precision,recomputed_server_original_unrelaxed_PDB
Immunogen134,formal_msa,15,D:\IL-24(teeth）\phase2_release\results\full181_supplement\server_baseline_snapshot\results\12_complex_prediction\formal_msa\immunogen_blind_seed15\boltz_results_immunogen_blind_msa\predictions\immunogen_blind_msa\immunogen_blind_msa_model_0.pdb,complete,,H,CDR1,4,1,30;31;32;33,/home/xinlab/home/ws/phase2/results/12_complex_prediction/formal_msa/immunogen_blind_seed15/boltz_results_immunogen_blind_msa/predictions/immunogen_blind_msa/immunogen_blind_msa_model_0.pdb,/home/xinlab/home/ws/phase2/results/12_complex_prediction/formal_msa/immunogen_blind_seed15/boltz_results_immunogen_blind_msa/predictions/immunogen_blind_msa/immunogen_blind_msa_model_0.pdb,D:\IL-24(teeth）\phase2_release\results\full181_supplement\server_baseline_snapshot\server_source_inventory.json,formal_msa,passed,matched_at_saved_precision,recomputed_server_original_unrelaxed_PDB
Immunogen134,formal_msa,15,D:\IL-24(teeth）\phase2_release\results\full181_supplement\server_baseline_snapshot\results\12_complex_prediction\formal_msa\immunogen_blind_seed15\boltz_results_immunogen_blind_msa\predictions\immunogen_blind_msa\immunogen_blind_msa_model_0.pdb,complete,,H,FR2,2,1,35;47,/home/xinlab/home/ws/phase2/results/12_complex_prediction/formal_msa/immunogen_blind_seed15/boltz_results_immunogen_blind_msa/predictions/immunogen_blind_msa/immunogen_blind_msa_model_0.pdb,/home/xinlab/home/ws/phase2/results/12_complex_prediction/formal_msa/immunogen_blind_seed15/boltz_results_immunogen_blind_msa/predictions/immunogen_blind_msa/immunogen_blind_msa_model_0.pdb,D:\IL-24(teeth）\phase2_release\results\full181_supplement\server_baseline_snapshot\server_source_inventory.json,formal_msa,passed,matched_at_saved_precision,recomputed_server_original_unrelaxed_PDB
Immunogen134,formal_msa,15,D:\IL-24(teeth）\phase2_release\results\full181_supplement\server_baseline_snapshot\results\12_complex_prediction\formal_msa\immunogen_blind_seed15\boltz_results_immunogen_blind_msa\predictions\immunogen_blind_msa\immunogen_blind_msa_model_0.pdb,complete,,H,CDR2,3,1,50;52;54,/home/xinlab/home/ws/phase2/results/12_complex_prediction/formal_msa/immunogen_blind_seed15/boltz_results_immunogen_blind_msa/predictions/immunogen_blind_msa/immunogen_blind_msa_model_0.pdb,/home/xinlab/home/ws/phase2/results/12_complex_prediction/formal_msa/immunogen_blind_seed15/boltz_results_immunogen_blind_msa/predictions/immunogen_blind_msa/immunogen_blind_msa_model_0.pdb,D:\IL-24(teeth）\phase2_release\results\full181_supplement\server_baseline_snapshot\server_source_inventory.json,formal_msa,passed,matched_at_saved_precision,recomputed_server_original_unrelaxed_PDB
Immunogen134,formal_msa,15,D:\IL-24(teeth）\phase2_release\results\full181_supplement\server_baseline_snapshot\results\12_complex_prediction\formal_msa\immunogen_blind_seed15\boltz_results_immunogen_blind_msa\predictions\immunogen_blind_msa\immunogen_blind_msa_model_0.pdb,complete,,H,FR3,4,1,58;59;61;64,/home/xinlab/home/ws/phase2/results/12_complex_prediction/formal_msa/immunogen_blind_seed15/boltz_results_immunogen_blind_msa/predictions/immunogen_blind_msa/immunogen_blind_msa_model_0.pdb,/home/xinlab/home/ws/phase2/results/12_complex_prediction/formal_msa/immunogen_blind_seed15/boltz_results_immunogen_blind_msa/predictions/immunogen_blind_msa/immunogen_blind_msa_model_0.pdb,D:\IL-24(teeth）\phase2_release\results\full181_supplement\server_baseline_snapshot\server_source_inventory.json,formal_msa,passed,matched_at_saved_precision,recomputed_server_original_unrelaxed_PDB
Immunogen134,formal_msa,15,D:\IL-24(teeth）\phase2_release\results\full181_supplement\server_baseline_snapshot\results\12_complex_prediction\formal_msa\immunogen_blind_seed15\boltz_results_immunogen_blind_msa\predictions\immunogen_blind_msa\immunogen_blind_msa_model_0.pdb,complete,,H,CDR3,4,1,98;100;101;104,/home/xinlab/home/ws/phase2/results/12_complex_prediction/formal_msa/immunogen_blind_seed15/boltz_results_immunogen_blind_msa/predictions/immunogen_blind_msa/immunogen_blind_msa_model_0.pdb,/home/xinlab/home/ws/phase2/results/12_complex_prediction/formal_msa/immunogen_blind_seed15/boltz_results_immunogen_blind_msa/predictions/immunogen_blind_msa/immunogen_blind_msa_model_0.pdb,D:\IL-24(teeth）\phase2_release\results\full181_supplement\server_baseline_snapshot\server_source_inventory.json,formal_msa,passed,matched_at_saved_precision,recomputed_server_original_unrelaxed_PDB
Immunogen134,formal_msa,15,D:\IL-24(teeth）\phase2_release\results\full181_supplement\server_baseline_snapshot\results\12_complex_prediction\formal_msa\immunogen_blind_seed15\boltz_results_immunogen_blind_msa\predictions\immunogen_blind_msa\immunogen_blind_msa_model_0.pdb,complete,,H,FR4,0,0,,/home/xinlab/home/ws/phase2/results/12_complex_prediction/formal_msa/immunogen_blind_seed15/boltz_results_immunogen_blind_msa/predictions/immunogen_blind_msa/immunogen_blind_msa_model_0.pdb,/home/xinlab/home/ws/phase2/results/12_complex_prediction/formal_msa/immunogen_blind_seed15/boltz_results_immunogen_blind_msa/predictions/immunogen_blind_msa/immunogen_blind_msa_model_0.pdb,D:\IL-24(teeth）\phase2_release\results\full181_supplement\server_baseline_snapshot\server_source_inventory.json,formal_msa,passed,matched_at_saved_precision,recomputed_server_original_unrelaxed_PDB
Immunogen134,formal_msa,15,D:\IL-24(teeth）\phase2_release\results\full181_supplement\server_baseline_snapshot\results\12_complex_prediction\formal_msa\immunogen_blind_seed15\boltz_results_immunogen_blind_msa\predictions\immunogen_blind_msa\immunogen_blind_msa_model_0.pdb,complete,,L,FR1,0,0,,/home/xinlab/home/ws/phase2/results/12_complex_prediction/formal_msa/immunogen_blind_seed15/boltz_results_immunogen_blind_msa/predictions/immunogen_blind_msa/immunogen_blind_msa_model_0.pdb,/home/xinlab/home/ws/phase2/results/12_complex_prediction/formal_msa/immunogen_blind_seed15/boltz_results_immunogen_blind_msa/predictions/immunogen_blind_msa/immunogen_blind_msa_model_0.pdb,D:\IL-24(teeth）\phase2_release\results\full181_supplement\server_baseline_snapshot\server_source_inventory.json,formal_msa,passed,matched_at_saved_precision,recomputed_server_original_unrelaxed_PDB
Immunogen134,formal_msa,15,D:\IL-24(teeth）\phase2_release\results\full181_supplement\server_baseline_snapshot\results\12_complex_prediction\formal_msa\immunogen_blind_seed15\boltz_results_immunogen_blind_msa\predictions\immunogen_blind_msa\immunogen_blind_msa_model_0.pdb,complete,,L,CDR1,0,0,,/home/xinlab/home/ws/phase2/results/12_complex_prediction/formal_msa/immunogen_blind_seed15/boltz_results_immunogen_blind_msa/predictions/immunogen_blind_msa/immunogen_blind_msa_model_0.pdb,/home/xinlab/home/ws/phase2/results/12_complex_prediction/formal_msa/immunogen_blind_seed15/boltz_results_immunogen_blind_msa/predictions/immunogen_blind_msa/immunogen_blind_msa_model_0.pdb,D:\IL-24(teeth）\phase2_release\results\full181_supplement\server_baseline_snapshot\server_source_inventory.json,formal_msa,passed,matched_at_saved_precision,recomputed_server_original_unrelaxed_PDB
Immunogen134,formal_msa,15,D:\IL-24(teeth）\phase2_release\results\full181_supplement\server_baseline_snapshot\results\12_complex_prediction\formal_msa\immunogen_blind_seed15\boltz_results_immunogen_blind_msa\predictions\immunogen_blind_msa\immunogen_blind_msa_model_0.pdb,complete,,L,FR2,0,0,,/home/xinlab/home/ws/phase2/results/12_complex_prediction/formal_msa/immunogen_blind_seed15/boltz_results_immunogen_blind_msa/predictions/immunogen_blind_msa/immunogen_blind_msa_model_0.pdb,/home/xinlab/home/ws/phase2/results/12_complex_prediction/formal_msa/immunogen_blind_seed15/boltz_results_immunogen_blind_msa/predictions/immunogen_blind_msa/immunogen_blind_msa_model_0.pdb,D:\IL-24(teeth）\phase2_release\results\full181_supplement\server_baseline_snapshot\server_source_inventory.json,formal_msa,passed,matched_at_saved_precision,recomputed_server_original_unrelaxed_PDB
Immunogen134,formal_msa,15,D:\IL-24(teeth）\phase2_release\results\full181_supplement\server_baseline_snapshot\results\12_complex_prediction\formal_msa\immunogen_blind_seed15\boltz_results_immunogen_blind_msa\predictions\immunogen_blind_msa\immunogen_blind_msa_model_0.pdb,complete,,L,CDR2,1,1,50,/home/xinlab/home/ws/phase2/results/12_complex_prediction/formal_msa/immunogen_blind_seed15/boltz_results_immunogen_blind_msa/predictions/immunogen_blind_msa/immunogen_blind_msa_model_0.pdb,/home/xinlab/home/ws/phase2/results/12_complex_prediction/formal_msa/immunogen_blind_seed15/boltz_results_immunogen_blind_msa/predictions/immunogen_blind_msa/immunogen_blind_msa_model_0.pdb,D:\IL-24(teeth）\phase2_release\results\full181_supplement\server_baseline_snapshot\server_source_inventory.json,formal_msa,passed,matched_at_saved_precision,recomputed_server_original_unrelaxed_PDB
Immunogen134,formal_msa,15,D:\IL-24(teeth）\phase2_release\results\full181_supplement\server_baseline_snapshot\results\12_complex_prediction\formal_msa\immunogen_blind_seed15\boltz_results_immunogen_blind_msa\predictions\immunogen_blind_msa\immunogen_blind_msa_model_0.pdb,complete,,L,FR3,0,0,,/home/xinlab/home/ws/phase2/results/12_complex_prediction/formal_msa/immunogen_blind_seed15/boltz_results_immunogen_blind_msa/predictions/immunogen_blind_msa/immunogen_blind_msa_model_0.pdb,/home/xinlab/home/ws/phase2/results/12_complex_prediction/formal_msa/immunogen_blind_seed15/boltz_results_immunogen_blind_msa/predictions/immunogen_blind_msa/immunogen_blind_msa_model_0.pdb,D:\IL-24(teeth）\phase2_release\results\full181_supplement\server_baseline_snapshot\server_source_inventory.json,formal_msa,passed,matched_at_saved_precision,recomputed_server_original_unrelaxed_PDB
Immunogen134,formal_msa,15,D:\IL-24(teeth）\phase2_release\results\full181_supplement\server_baseline_snapshot\results\12_complex_prediction\formal_msa\immunogen_blind_seed15\boltz_results_immunogen_blind_msa\predictions\immunogen_blind_msa\immunogen_blind_msa_model_0.pdb,complete,,L,CDR3,5,1,90;91;92;93;95,/home/xinlab/home/ws/phase2/results/12_complex_prediction/formal_msa/immunogen_blind_seed15/boltz_results_immunogen_blind_msa/predictions/immunogen_blind_msa/immunogen_blind_msa_model_0.pdb,/home/xinlab/home/ws/phase2/results/12_complex_prediction/formal_msa/immunogen_blind_seed15/boltz_results_immunogen_blind_msa/predictions/immunogen_blind_msa/immunogen_blind_msa_model_0.pdb,D:\IL-24(teeth）\phase2_release\results\full181_supplement\server_baseline_snapshot\server_source_inventory.json,formal_msa,passed,matched_at_saved_precision,recomputed_server_original_unrelaxed_PDB
Immunogen134,formal_msa,15,D:\IL-24(teeth）\phase2_release\results\full181_supplement\server_baseline_snapshot\results\12_complex_prediction\formal_msa\immunogen_blind_seed15\boltz_results_immunogen_blind_msa\predictions\immunogen_blind_msa\immunogen_blind_msa_model_0.pdb,complete,,L,FR4,0,0,,/home/xinlab/home/ws/phase2/results/12_complex_prediction/formal_msa/immunogen_blind_seed15/boltz_results_immunogen_blind_msa/predictions/immunogen_blind_msa/immunogen_blind_msa_model_0.pdb,/home/xinlab/home/ws/phase2/results/12_complex_prediction/formal_msa/immunogen_blind_seed15/boltz_results_immunogen_blind_msa/predictions/immunogen_blind_msa/immunogen_blind_msa_model_0.pdb,D:\IL-24(teeth）\phase2_release\results\full181_supplement\server_baseline_snapshot\server_source_inventory.json,formal_msa,passed,matched_at_saved_precision,recomputed_server_original_unrelaxed_PDB
