construct,condition,seed,source_path,status,failure_reason,confidence_score,ptm,iptm,complex_plddt,confidence_json_scale,pdb_ca_plddt_mean,pdb_ca_plddt_min,pdb_ca_plddt_max,pdb_plddt_scale,epitope_residues_4p5,paratope_residues_4p5,cdr_paratope_residues_4p5,epitope_project_residues,paratope_local_residues,epitope_project_residues_5p0,no_contact_model,geometry_warning,A_H_iptm,H_A_iptm,A_L_iptm,L_A_iptm,chain_pair_mapping_status,confidence_path,pae_path,remote_source_path,server_source_path,source_inventory_path,source_condition,raw_validation_status,saved_comparison_status,evidence_level,route,hotspot_hits_4p5,hotspot_coverage,hotspot_fraction_in_interface,remote_confidence_path,remote_pae_path,processed_record_path,remote_processed_record_path,chain_id_mapping
Native155,empty,1,D:\IL-24(teeth）\phase2_release\results\full181_supplement\server_baseline_snapshot\results\12_complex_prediction\formal\native_blind_seed1\boltz_results_native_blind\predictions\native_blind\native_blind_model_0.pdb,complete,,0.6925347447395325,0.638838529586792,0.5030094385147095,0.7399160861968994,0-1,73.99152631578947,31.51,98.36,0-100,18,24,21,59;101;102;103;104;106;107;110;161;162;163;164;165;166;167;168;169;170,H:30;H:31;H:32;H:33;H:35;H:53;H:54;H:56;H:98;H:99;H:100;H:101;H:102;H:103;H:104;L:29;L:32;L:33;L:50;L:53;L:90;L:91;L:93;L:95,58;59;101;102;103;104;106;107;110;161;162;163;164;165;166;167;168;169;170,0,1,0.18501636385917664,0.15019744634628296,0.17893822491168976,0.1096719428896904,D:\IL-24(teeth）\phase2_release\results\full181_supplement\server_baseline_snapshot\results\12_complex_prediction\formal\native_blind_seed1\boltz_results_native_blind\processed\records\native_blind.json,D:\IL-24(teeth）\phase2_release\results\full181_supplement\server_baseline_snapshot\results\12_complex_prediction\formal\native_blind_seed1\boltz_results_native_blind\predictions\native_blind\confidence_native_blind_model_0.json,D:\IL-24(teeth）\phase2_release\results\full181_supplement\server_baseline_snapshot\results\12_complex_prediction\formal\native_blind_seed1\boltz_results_native_blind\predictions\native_blind\pae_native_blind_model_0.npz,/home/xinlab/home/ws/phase2/results/12_complex_prediction/formal/native_blind_seed1/boltz_results_native_blind/predictions/native_blind/native_blind_model_0.pdb,/home/xinlab/home/ws/phase2/results/12_complex_prediction/formal/native_blind_seed1/boltz_results_native_blind/predictions/native_blind/native_blind_model_0.pdb,D:\IL-24(teeth）\phase2_release\results\full181_supplement\server_baseline_snapshot\server_source_inventory.json,formal,passed,matched_at_saved_precision,recomputed_server_original_unrelaxed_PDB,native_blind,1,0.016129032258064516,0.05555555555555555,/home/xinlab/home/ws/phase2/results/12_complex_prediction/formal/native_blind_seed1/boltz_results_native_blind/predictions/native_blind/confidence_native_blind_model_0.json,/home/xinlab/home/ws/phase2/results/12_complex_prediction/formal/native_blind_seed1/boltz_results_native_blind/predictions/native_blind/pae_native_blind_model_0.npz,D:\IL-24(teeth）\phase2_release\results\full181_supplement\server_baseline_snapshot\results\12_complex_prediction\formal\native_blind_seed1\boltz_results_native_blind\processed\records\native_blind.json,/home/xinlab/home/ws/phase2/results/12_complex_prediction/formal/native_blind_seed1/boltz_results_native_blind/processed/records/native_blind.json,"{""A"": ""0"", ""H"": ""1"", ""L"": ""2""}"
Native155,empty,2,D:\IL-24(teeth）\phase2_release\results\full181_supplement\server_baseline_snapshot\results\12_complex_prediction\formal\native_blind_seed2\boltz_results_native_blind\predictions\native_blind\native_blind_model_0.pdb,complete,,0.6976515650749207,0.6376484036445618,0.5020700097084045,0.7465469241142273,0-1,74.65463157894736,30.52,98.38,0-100,26,28,23,56;57;58;59;60;62;63;65;99;101;103;104;106;107;108;110;111;113;114;117;118;121;124;156;159;163,H:31;H:32;H:33;H:35;H:50;H:53;H:54;H:56;H:58;H:98;H:100;H:101;H:102;H:103;H:104;L:2;L:28;L:29;L:30;L:31;L:49;L:50;L:53;L:90;L:91;L:92;L:93;L:95,56;57;58;59;60;62;63;65;98;99;101;103;104;106;107;108;109;110;111;113;114;117;118;121;124;125;156;159;163,0,1,0.18320126831531525,0.11805851012468338,0.17876750230789185,0.10448379814624786,D:\IL-24(teeth）\phase2_release\results\full181_supplement\server_baseline_snapshot\results\12_complex_prediction\formal\native_blind_seed2\boltz_results_native_blind\processed\records\native_blind.json,D:\IL-24(teeth）\phase2_release\results\full181_supplement\server_baseline_snapshot\results\12_complex_prediction\formal\native_blind_seed2\boltz_results_native_blind\predictions\native_blind\confidence_native_blind_model_0.json,D:\IL-24(teeth）\phase2_release\results\full181_supplement\server_baseline_snapshot\results\12_complex_prediction\formal\native_blind_seed2\boltz_results_native_blind\predictions\native_blind\pae_native_blind_model_0.npz,/home/xinlab/home/ws/phase2/results/12_complex_prediction/formal/native_blind_seed2/boltz_results_native_blind/predictions/native_blind/native_blind_model_0.pdb,/home/xinlab/home/ws/phase2/results/12_complex_prediction/formal/native_blind_seed2/boltz_results_native_blind/predictions/native_blind/native_blind_model_0.pdb,D:\IL-24(teeth）\phase2_release\results\full181_supplement\server_baseline_snapshot\server_source_inventory.json,formal,passed,matched_at_saved_precision,recomputed_server_original_unrelaxed_PDB,native_blind,13,0.20967741935483872,0.5,/home/xinlab/home/ws/phase2/results/12_complex_prediction/formal/native_blind_seed2/boltz_results_native_blind/predictions/native_blind/confidence_native_blind_model_0.json,/home/xinlab/home/ws/phase2/results/12_complex_prediction/formal/native_blind_seed2/boltz_results_native_blind/predictions/native_blind/pae_native_blind_model_0.npz,D:\IL-24(teeth）\phase2_release\results\full181_supplement\server_baseline_snapshot\results\12_complex_prediction\formal\native_blind_seed2\boltz_results_native_blind\processed\records\native_blind.json,/home/xinlab/home/ws/phase2/results/12_complex_prediction/formal/native_blind_seed2/boltz_results_native_blind/processed/records/native_blind.json,"{""A"": ""0"", ""H"": ""1"", ""L"": ""2""}"
Native155,empty,3,D:\IL-24(teeth）\phase2_release\results\full181_supplement\server_baseline_snapshot\results\12_complex_prediction\formal\native_blind_seed3\boltz_results_native_blind\predictions\native_blind\native_blind_model_0.pdb,complete,,0.7041453719139099,0.6429077386856079,0.5060443878173828,0.7536706328392029,0-1,75.36715789473685,35.6,98.32,0-100,35,32,24,58;59;61;62;63;64;65;67;68;69;107;108;109;110;111;113;114;117;118;121;122;125;128;131;134;149;153;156;159;160;161;163;164;165;166,H:30;H:31;H:33;H:35;H:50;H:51;H:53;H:54;H:56;H:57;H:58;H:59;H:61;H:64;H:98;H:100;H:101;H:102;H:104;L:30;L:31;L:32;L:49;L:50;L:52;L:53;L:67;L:90;L:91;L:92;L:93;L:95,58;59;60;61;62;63;64;65;67;68;69;106;107;108;109;110;111;113;114;117;118;121;122;125;128;131;133;134;149;153;156;159;160;161;163;164;165;166,0,1,0.1938084065914154,0.13153208792209625,0.18601925671100616,0.10832708328962326,D:\IL-24(teeth）\phase2_release\results\full181_supplement\server_baseline_snapshot\results\12_complex_prediction\formal\native_blind_seed3\boltz_results_native_blind\processed\records\native_blind.json,D:\IL-24(teeth）\phase2_release\results\full181_supplement\server_baseline_snapshot\results\12_complex_prediction\formal\native_blind_seed3\boltz_results_native_blind\predictions\native_blind\confidence_native_blind_model_0.json,D:\IL-24(teeth）\phase2_release\results\full181_supplement\server_baseline_snapshot\results\12_complex_prediction\formal\native_blind_seed3\boltz_results_native_blind\predictions\native_blind\pae_native_blind_model_0.npz,/home/xinlab/home/ws/phase2/results/12_complex_prediction/formal/native_blind_seed3/boltz_results_native_blind/predictions/native_blind/native_blind_model_0.pdb,/home/xinlab/home/ws/phase2/results/12_complex_prediction/formal/native_blind_seed3/boltz_results_native_blind/predictions/native_blind/native_blind_model_0.pdb,D:\IL-24(teeth）\phase2_release\results\full181_supplement\server_baseline_snapshot\server_source_inventory.json,formal,passed,matched_at_saved_precision,recomputed_server_original_unrelaxed_PDB,native_blind,21,0.3387096774193548,0.6,/home/xinlab/home/ws/phase2/results/12_complex_prediction/formal/native_blind_seed3/boltz_results_native_blind/predictions/native_blind/confidence_native_blind_model_0.json,/home/xinlab/home/ws/phase2/results/12_complex_prediction/formal/native_blind_seed3/boltz_results_native_blind/predictions/native_blind/pae_native_blind_model_0.npz,D:\IL-24(teeth）\phase2_release\results\full181_supplement\server_baseline_snapshot\results\12_complex_prediction\formal\native_blind_seed3\boltz_results_native_blind\processed\records\native_blind.json,/home/xinlab/home/ws/phase2/results/12_complex_prediction/formal/native_blind_seed3/boltz_results_native_blind/processed/records/native_blind.json,"{""A"": ""0"", ""H"": ""1"", ""L"": ""2""}"
Native155,empty,4,D:\IL-24(teeth）\phase2_release\results\full181_supplement\server_baseline_snapshot\results\12_complex_prediction\formal\native_blind_seed4\boltz_results_native_blind\predictions\native_blind\native_blind_model_0.pdb,complete,,0.6827334761619568,0.6364094614982605,0.5019986033439636,0.7279171347618103,0-1,72.79205263157894,30.75,98.36,0-100,23,28,24,57;58;59;60;62;63;64;65;98;99;100;101;103;104;107;108;110;111;114;115;118;122;125,H:30;H:31;H:32;H:33;H:35;H:50;H:53;H:54;H:56;H:98;H:100;H:101;H:102;H:104;L:28;L:29;L:30;L:31;L:32;L:50;L:53;L:67;L:68;L:90;L:91;L:92;L:93;L:95,56;57;58;59;60;62;63;64;65;98;99;100;101;103;104;107;108;110;111;112;114;115;118;122;125,0,1,0.17385995388031006,0.09846314787864685,0.1733032613992691,0.08645783364772797,D:\IL-24(teeth）\phase2_release\results\full181_supplement\server_baseline_snapshot\results\12_complex_prediction\formal\native_blind_seed4\boltz_results_native_blind\processed\records\native_blind.json,D:\IL-24(teeth）\phase2_release\results\full181_supplement\server_baseline_snapshot\results\12_complex_prediction\formal\native_blind_seed4\boltz_results_native_blind\predictions\native_blind\confidence_native_blind_model_0.json,D:\IL-24(teeth）\phase2_release\results\full181_supplement\server_baseline_snapshot\results\12_complex_prediction\formal\native_blind_seed4\boltz_results_native_blind\predictions\native_blind\pae_native_blind_model_0.npz,/home/xinlab/home/ws/phase2/results/12_complex_prediction/formal/native_blind_seed4/boltz_results_native_blind/predictions/native_blind/native_blind_model_0.pdb,/home/xinlab/home/ws/phase2/results/12_complex_prediction/formal/native_blind_seed4/boltz_results_native_blind/predictions/native_blind/native_blind_model_0.pdb,D:\IL-24(teeth）\phase2_release\results\full181_supplement\server_baseline_snapshot\server_source_inventory.json,formal,passed,matched_at_saved_precision,recomputed_server_original_unrelaxed_PDB,native_blind,11,0.1774193548387097,0.4782608695652174,/home/xinlab/home/ws/phase2/results/12_complex_prediction/formal/native_blind_seed4/boltz_results_native_blind/predictions/native_blind/confidence_native_blind_model_0.json,/home/xinlab/home/ws/phase2/results/12_complex_prediction/formal/native_blind_seed4/boltz_results_native_blind/predictions/native_blind/pae_native_blind_model_0.npz,D:\IL-24(teeth）\phase2_release\results\full181_supplement\server_baseline_snapshot\results\12_complex_prediction\formal\native_blind_seed4\boltz_results_native_blind\processed\records\native_blind.json,/home/xinlab/home/ws/phase2/results/12_complex_prediction/formal/native_blind_seed4/boltz_results_native_blind/processed/records/native_blind.json,"{""A"": ""0"", ""H"": ""1"", ""L"": ""2""}"
Native155,empty,5,D:\IL-24(teeth）\phase2_release\results\full181_supplement\server_baseline_snapshot\results\12_complex_prediction\formal\native_blind_seed5\boltz_results_native_blind\predictions\native_blind\native_blind_model_0.pdb,complete,,0.6944229006767273,0.6387383937835693,0.504569411277771,0.74188631772995,0-1,74.18868421052632,29.83,98.31,0-100,23,26,23,57;58;59;60;61;62;63;64;65;98;99;101;103;104;106;107;108;110;111;114;118;121;125,H:31;H:32;H:33;H:35;H:50;H:53;H:54;H:56;H:98;H:99;H:100;H:101;H:102;H:104;L:28;L:29;L:30;L:31;L:50;L:67;L:68;L:90;L:91;L:92;L:93;L:95,56;57;58;59;60;61;62;63;64;65;98;99;101;103;104;106;107;108;110;111;112;114;115;118;121;122;125,0,1,0.1779020130634308,0.10154989361763,0.17628131806850433,0.08495008200407028,D:\IL-24(teeth）\phase2_release\results\full181_supplement\server_baseline_snapshot\results\12_complex_prediction\formal\native_blind_seed5\boltz_results_native_blind\processed\records\native_blind.json,D:\IL-24(teeth）\phase2_release\results\full181_supplement\server_baseline_snapshot\results\12_complex_prediction\formal\native_blind_seed5\boltz_results_native_blind\predictions\native_blind\confidence_native_blind_model_0.json,D:\IL-24(teeth）\phase2_release\results\full181_supplement\server_baseline_snapshot\results\12_complex_prediction\formal\native_blind_seed5\boltz_results_native_blind\predictions\native_blind\pae_native_blind_model_0.npz,/home/xinlab/home/ws/phase2/results/12_complex_prediction/formal/native_blind_seed5/boltz_results_native_blind/predictions/native_blind/native_blind_model_0.pdb,/home/xinlab/home/ws/phase2/results/12_complex_prediction/formal/native_blind_seed5/boltz_results_native_blind/predictions/native_blind/native_blind_model_0.pdb,D:\IL-24(teeth）\phase2_release\results\full181_supplement\server_baseline_snapshot\server_source_inventory.json,formal,passed,matched_at_saved_precision,recomputed_server_original_unrelaxed_PDB,native_blind,12,0.1935483870967742,0.5217391304347826,/home/xinlab/home/ws/phase2/results/12_complex_prediction/formal/native_blind_seed5/boltz_results_native_blind/predictions/native_blind/confidence_native_blind_model_0.json,/home/xinlab/home/ws/phase2/results/12_complex_prediction/formal/native_blind_seed5/boltz_results_native_blind/predictions/native_blind/pae_native_blind_model_0.npz,D:\IL-24(teeth）\phase2_release\results\full181_supplement\server_baseline_snapshot\results\12_complex_prediction\formal\native_blind_seed5\boltz_results_native_blind\processed\records\native_blind.json,/home/xinlab/home/ws/phase2/results/12_complex_prediction/formal/native_blind_seed5/boltz_results_native_blind/processed/records/native_blind.json,"{""A"": ""0"", ""H"": ""1"", ""L"": ""2""}"
Native155,empty,6,D:\IL-24(teeth）\phase2_release\results\full181_supplement\server_baseline_snapshot\results\12_complex_prediction\formal\native_blind_seed6\boltz_results_native_blind\predictions\native_blind\native_blind_model_0.pdb,complete,,0.6923503875732422,0.6392176747322083,0.5053266286849976,0.7391063570976257,0-1,73.91057894736842,30.67,98.42,0-100,26,27,23,57;58;59;62;63;65;99;101;103;104;106;107;108;110;111;112;113;114;117;118;121;124;156;159;160;163,H:31;H:32;H:33;H:35;H:50;H:53;H:54;H:56;H:58;H:98;H:100;H:101;H:102;H:104;L:27;L:28;L:29;L:30;L:31;L:49;L:50;L:53;L:90;L:91;L:92;L:93;L:95,57;58;59;60;62;63;64;65;99;101;103;104;106;107;108;109;110;111;112;113;114;115;117;118;120;121;124;125;156;159;160;163,0,1,0.1833679974079132,0.11081108450889587,0.18134184181690216,0.10535777360200882,D:\IL-24(teeth）\phase2_release\results\full181_supplement\server_baseline_snapshot\results\12_complex_prediction\formal\native_blind_seed6\boltz_results_native_blind\processed\records\native_blind.json,D:\IL-24(teeth）\phase2_release\results\full181_supplement\server_baseline_snapshot\results\12_complex_prediction\formal\native_blind_seed6\boltz_results_native_blind\predictions\native_blind\confidence_native_blind_model_0.json,D:\IL-24(teeth）\phase2_release\results\full181_supplement\server_baseline_snapshot\results\12_complex_prediction\formal\native_blind_seed6\boltz_results_native_blind\predictions\native_blind\pae_native_blind_model_0.npz,/home/xinlab/home/ws/phase2/results/12_complex_prediction/formal/native_blind_seed6/boltz_results_native_blind/predictions/native_blind/native_blind_model_0.pdb,/home/xinlab/home/ws/phase2/results/12_complex_prediction/formal/native_blind_seed6/boltz_results_native_blind/predictions/native_blind/native_blind_model_0.pdb,D:\IL-24(teeth）\phase2_release\results\full181_supplement\server_baseline_snapshot\server_source_inventory.json,formal,passed,matched_at_saved_precision,recomputed_server_original_unrelaxed_PDB,native_blind,11,0.1774193548387097,0.4230769230769231,/home/xinlab/home/ws/phase2/results/12_complex_prediction/formal/native_blind_seed6/boltz_results_native_blind/predictions/native_blind/confidence_native_blind_model_0.json,/home/xinlab/home/ws/phase2/results/12_complex_prediction/formal/native_blind_seed6/boltz_results_native_blind/predictions/native_blind/pae_native_blind_model_0.npz,D:\IL-24(teeth）\phase2_release\results\full181_supplement\server_baseline_snapshot\results\12_complex_prediction\formal\native_blind_seed6\boltz_results_native_blind\processed\records\native_blind.json,/home/xinlab/home/ws/phase2/results/12_complex_prediction/formal/native_blind_seed6/boltz_results_native_blind/processed/records/native_blind.json,"{""A"": ""0"", ""H"": ""1"", ""L"": ""2""}"
Native155,empty,7,D:\IL-24(teeth）\phase2_release\results\full181_supplement\server_baseline_snapshot\results\12_complex_prediction\formal\native_blind_seed7\boltz_results_native_blind\predictions\native_blind\native_blind_model_0.pdb,complete,,0.6990214586257935,0.6382693648338318,0.5038217306137085,0.7478213906288147,0-1,74.78194736842106,30.39,98.44,0-100,19,26,23,54;56;57;58;59;60;62;63;97;98;99;100;101;102;103;104;107;108;111,H:30;H:31;H:32;H:33;H:50;H:53;H:54;H:56;H:58;H:98;H:100;H:101;H:102;H:103;H:104;L:30;L:31;L:32;L:49;L:50;L:53;L:90;L:91;L:92;L:93;L:95,54;56;57;58;59;60;62;63;94;97;98;99;100;101;102;103;104;105;107;108;111,0,1,0.1842370629310608,0.11185404658317566,0.18035829067230225,0.07600995153188705,D:\IL-24(teeth）\phase2_release\results\full181_supplement\server_baseline_snapshot\results\12_complex_prediction\formal\native_blind_seed7\boltz_results_native_blind\processed\records\native_blind.json,D:\IL-24(teeth）\phase2_release\results\full181_supplement\server_baseline_snapshot\results\12_complex_prediction\formal\native_blind_seed7\boltz_results_native_blind\predictions\native_blind\confidence_native_blind_model_0.json,D:\IL-24(teeth）\phase2_release\results\full181_supplement\server_baseline_snapshot\results\12_complex_prediction\formal\native_blind_seed7\boltz_results_native_blind\predictions\native_blind\pae_native_blind_model_0.npz,/home/xinlab/home/ws/phase2/results/12_complex_prediction/formal/native_blind_seed7/boltz_results_native_blind/predictions/native_blind/native_blind_model_0.pdb,/home/xinlab/home/ws/phase2/results/12_complex_prediction/formal/native_blind_seed7/boltz_results_native_blind/predictions/native_blind/native_blind_model_0.pdb,D:\IL-24(teeth）\phase2_release\results\full181_supplement\server_baseline_snapshot\server_source_inventory.json,formal,passed,matched_at_saved_precision,recomputed_server_original_unrelaxed_PDB,native_blind,8,0.12903225806451613,0.42105263157894735,/home/xinlab/home/ws/phase2/results/12_complex_prediction/formal/native_blind_seed7/boltz_results_native_blind/predictions/native_blind/confidence_native_blind_model_0.json,/home/xinlab/home/ws/phase2/results/12_complex_prediction/formal/native_blind_seed7/boltz_results_native_blind/predictions/native_blind/pae_native_blind_model_0.npz,D:\IL-24(teeth）\phase2_release\results\full181_supplement\server_baseline_snapshot\results\12_complex_prediction\formal\native_blind_seed7\boltz_results_native_blind\processed\records\native_blind.json,/home/xinlab/home/ws/phase2/results/12_complex_prediction/formal/native_blind_seed7/boltz_results_native_blind/processed/records/native_blind.json,"{""A"": ""0"", ""H"": ""1"", ""L"": ""2""}"
Native155,empty,8,D:\IL-24(teeth）\phase2_release\results\full181_supplement\server_baseline_snapshot\results\12_complex_prediction\formal\native_blind_seed8\boltz_results_native_blind\predictions\native_blind\native_blind_model_0.pdb,complete,,0.6899762153625488,0.6374895572662354,0.5040265917778015,0.7364636063575745,0-1,73.64631578947368,31.16,98.26,0-100,18,23,20,53;54;56;57;58;60;94;97;98;99;100;101;102;103;104;107;108;111,H:30;H:31;H:32;H:33;H:35;H:53;H:54;H:56;H:58;H:98;H:99;H:100;H:101;H:102;H:104;L:31;L:50;L:53;L:90;L:91;L:92;L:93;L:95,53;54;55;56;57;58;60;94;97;98;99;100;101;102;103;104;105;107;108;111;112,0,1,0.1759922057390213,0.11119446158409119,0.1798735409975052,0.10075665265321732,D:\IL-24(teeth）\phase2_release\results\full181_supplement\server_baseline_snapshot\results\12_complex_prediction\formal\native_blind_seed8\boltz_results_native_blind\processed\records\native_blind.json,D:\IL-24(teeth）\phase2_release\results\full181_supplement\server_baseline_snapshot\results\12_complex_prediction\formal\native_blind_seed8\boltz_results_native_blind\predictions\native_blind\confidence_native_blind_model_0.json,D:\IL-24(teeth）\phase2_release\results\full181_supplement\server_baseline_snapshot\results\12_complex_prediction\formal\native_blind_seed8\boltz_results_native_blind\predictions\native_blind\pae_native_blind_model_0.npz,/home/xinlab/home/ws/phase2/results/12_complex_prediction/formal/native_blind_seed8/boltz_results_native_blind/predictions/native_blind/native_blind_model_0.pdb,/home/xinlab/home/ws/phase2/results/12_complex_prediction/formal/native_blind_seed8/boltz_results_native_blind/predictions/native_blind/native_blind_model_0.pdb,D:\IL-24(teeth）\phase2_release\results\full181_supplement\server_baseline_snapshot\server_source_inventory.json,formal,passed,matched_at_saved_precision,recomputed_server_original_unrelaxed_PDB,native_blind,6,0.0967741935483871,0.3333333333333333,/home/xinlab/home/ws/phase2/results/12_complex_prediction/formal/native_blind_seed8/boltz_results_native_blind/predictions/native_blind/confidence_native_blind_model_0.json,/home/xinlab/home/ws/phase2/results/12_complex_prediction/formal/native_blind_seed8/boltz_results_native_blind/predictions/native_blind/pae_native_blind_model_0.npz,D:\IL-24(teeth）\phase2_release\results\full181_supplement\server_baseline_snapshot\results\12_complex_prediction\formal\native_blind_seed8\boltz_results_native_blind\processed\records\native_blind.json,/home/xinlab/home/ws/phase2/results/12_complex_prediction/formal/native_blind_seed8/boltz_results_native_blind/processed/records/native_blind.json,"{""A"": ""0"", ""H"": ""1"", ""L"": ""2""}"
Native155,empty,9,D:\IL-24(teeth）\phase2_release\results\full181_supplement\server_baseline_snapshot\results\12_complex_prediction\formal\native_blind_seed9\boltz_results_native_blind\predictions\native_blind\native_blind_model_0.pdb,complete,,0.691473662853241,0.6353908181190491,0.49978023767471313,0.7393969893455505,0-1,73.93952631578948,29.24,98.32,0-100,26,26,23,57;58;59;60;61;62;63;64;65;98;99;100;101;103;104;106;107;108;110;111;112;114;115;117;118;125,H:31;H:32;H:33;H:35;H:50;H:53;H:54;H:56;H:98;H:100;H:101;H:102;H:104;L:28;L:29;L:30;L:31;L:32;L:50;L:53;L:67;L:90;L:91;L:92;L:93;L:95,57;58;59;60;61;62;63;64;65;98;99;100;101;103;104;106;107;108;110;111;112;114;115;117;118;121;125,0,1,0.1709219217300415,0.09920615702867508,0.17129381000995636,0.0876784548163414,D:\IL-24(teeth）\phase2_release\results\full181_supplement\server_baseline_snapshot\results\12_complex_prediction\formal\native_blind_seed9\boltz_results_native_blind\processed\records\native_blind.json,D:\IL-24(teeth）\phase2_release\results\full181_supplement\server_baseline_snapshot\results\12_complex_prediction\formal\native_blind_seed9\boltz_results_native_blind\predictions\native_blind\confidence_native_blind_model_0.json,D:\IL-24(teeth）\phase2_release\results\full181_supplement\server_baseline_snapshot\results\12_complex_prediction\formal\native_blind_seed9\boltz_results_native_blind\predictions\native_blind\pae_native_blind_model_0.npz,/home/xinlab/home/ws/phase2/results/12_complex_prediction/formal/native_blind_seed9/boltz_results_native_blind/predictions/native_blind/native_blind_model_0.pdb,/home/xinlab/home/ws/phase2/results/12_complex_prediction/formal/native_blind_seed9/boltz_results_native_blind/predictions/native_blind/native_blind_model_0.pdb,D:\IL-24(teeth）\phase2_release\results\full181_supplement\server_baseline_snapshot\server_source_inventory.json,formal,passed,matched_at_saved_precision,recomputed_server_original_unrelaxed_PDB,native_blind,12,0.1935483870967742,0.46153846153846156,/home/xinlab/home/ws/phase2/results/12_complex_prediction/formal/native_blind_seed9/boltz_results_native_blind/predictions/native_blind/confidence_native_blind_model_0.json,/home/xinlab/home/ws/phase2/results/12_complex_prediction/formal/native_blind_seed9/boltz_results_native_blind/predictions/native_blind/pae_native_blind_model_0.npz,D:\IL-24(teeth）\phase2_release\results\full181_supplement\server_baseline_snapshot\results\12_complex_prediction\formal\native_blind_seed9\boltz_results_native_blind\processed\records\native_blind.json,/home/xinlab/home/ws/phase2/results/12_complex_prediction/formal/native_blind_seed9/boltz_results_native_blind/processed/records/native_blind.json,"{""A"": ""0"", ""H"": ""1"", ""L"": ""2""}"
Native155,empty,10,D:\IL-24(teeth）\phase2_release\results\full181_supplement\server_baseline_snapshot\results\12_complex_prediction\formal\native_blind_seed10\boltz_results_native_blind\predictions\native_blind\native_blind_model_0.pdb,complete,,0.6864789128303528,0.6333643794059753,0.4956512451171875,0.7341858148574829,0-1,73.41847368421053,32.48,98.29,0-100,24,27,22,57;58;59;61;62;63;64;65;66;99;103;104;106;107;108;110;111;114;115;117;118;121;122;125,H:31;H:32;H:33;H:35;H:50;H:53;H:54;H:56;H:58;H:98;H:100;H:101;H:102;H:103;H:104;L:28;L:31;L:50;L:52;L:53;L:66;L:67;L:90;L:91;L:92;L:93;L:95,57;58;59;60;61;62;63;64;65;66;99;101;103;104;106;107;108;110;111;112;114;115;117;118;120;121;122;125,0,1,0.16792342066764832,0.10695790499448776,0.1647775024175644,0.08380722254514694,D:\IL-24(teeth）\phase2_release\results\full181_supplement\server_baseline_snapshot\results\12_complex_prediction\formal\native_blind_seed10\boltz_results_native_blind\processed\records\native_blind.json,D:\IL-24(teeth）\phase2_release\results\full181_supplement\server_baseline_snapshot\results\12_complex_prediction\formal\native_blind_seed10\boltz_results_native_blind\predictions\native_blind\confidence_native_blind_model_0.json,D:\IL-24(teeth）\phase2_release\results\full181_supplement\server_baseline_snapshot\results\12_complex_prediction\formal\native_blind_seed10\boltz_results_native_blind\predictions\native_blind\pae_native_blind_model_0.npz,/home/xinlab/home/ws/phase2/results/12_complex_prediction/formal/native_blind_seed10/boltz_results_native_blind/predictions/native_blind/native_blind_model_0.pdb,/home/xinlab/home/ws/phase2/results/12_complex_prediction/formal/native_blind_seed10/boltz_results_native_blind/predictions/native_blind/native_blind_model_0.pdb,D:\IL-24(teeth）\phase2_release\results\full181_supplement\server_baseline_snapshot\server_source_inventory.json,formal,passed,matched_at_saved_precision,recomputed_server_original_unrelaxed_PDB,native_blind,14,0.22580645161290322,0.5833333333333334,/home/xinlab/home/ws/phase2/results/12_complex_prediction/formal/native_blind_seed10/boltz_results_native_blind/predictions/native_blind/confidence_native_blind_model_0.json,/home/xinlab/home/ws/phase2/results/12_complex_prediction/formal/native_blind_seed10/boltz_results_native_blind/predictions/native_blind/pae_native_blind_model_0.npz,D:\IL-24(teeth）\phase2_release\results\full181_supplement\server_baseline_snapshot\results\12_complex_prediction\formal\native_blind_seed10\boltz_results_native_blind\processed\records\native_blind.json,/home/xinlab/home/ws/phase2/results/12_complex_prediction/formal/native_blind_seed10/boltz_results_native_blind/processed/records/native_blind.json,"{""A"": ""0"", ""H"": ""1"", ""L"": ""2""}"
Native155,empty,11,D:\IL-24(teeth）\phase2_release\results\full181_supplement\server_baseline_snapshot\results\12_complex_prediction\formal\native_blind_seed11\boltz_results_native_blind\predictions\native_blind\native_blind_model_0.pdb,complete,,0.6947236657142639,0.6373445391654968,0.5014234185218811,0.7430487275123596,0-1,74.30473684210526,30.5,98.34,0-100,25,28,26,58;59;62;65;98;99;100;101;103;104;106;107;110;113;114;117;118;120;121;156;159;163;164;166;168,H:29;H:30;H:31;H:32;H:33;H:50;H:53;H:54;H:56;H:58;H:98;H:100;H:101;H:102;H:103;H:104;L:27;L:28;L:29;L:30;L:32;L:50;L:53;L:90;L:91;L:92;L:93;L:95,58;59;62;63;65;98;99;100;101;102;103;104;106;107;109;110;111;113;114;117;118;120;121;156;159;160;163;164;165;166;168,0,1,0.18204490840435028,0.15001602470874786,0.1780107617378235,0.11186636984348297,D:\IL-24(teeth）\phase2_release\results\full181_supplement\server_baseline_snapshot\results\12_complex_prediction\formal\native_blind_seed11\boltz_results_native_blind\processed\records\native_blind.json,D:\IL-24(teeth）\phase2_release\results\full181_supplement\server_baseline_snapshot\results\12_complex_prediction\formal\native_blind_seed11\boltz_results_native_blind\predictions\native_blind\confidence_native_blind_model_0.json,D:\IL-24(teeth）\phase2_release\results\full181_supplement\server_baseline_snapshot\results\12_complex_prediction\formal\native_blind_seed11\boltz_results_native_blind\predictions\native_blind\pae_native_blind_model_0.npz,/home/xinlab/home/ws/phase2/results/12_complex_prediction/formal/native_blind_seed11/boltz_results_native_blind/predictions/native_blind/native_blind_model_0.pdb,/home/xinlab/home/ws/phase2/results/12_complex_prediction/formal/native_blind_seed11/boltz_results_native_blind/predictions/native_blind/native_blind_model_0.pdb,D:\IL-24(teeth）\phase2_release\results\full181_supplement\server_baseline_snapshot\server_source_inventory.json,formal,passed,matched_at_saved_precision,recomputed_server_original_unrelaxed_PDB,native_blind,9,0.14516129032258066,0.36,/home/xinlab/home/ws/phase2/results/12_complex_prediction/formal/native_blind_seed11/boltz_results_native_blind/predictions/native_blind/confidence_native_blind_model_0.json,/home/xinlab/home/ws/phase2/results/12_complex_prediction/formal/native_blind_seed11/boltz_results_native_blind/predictions/native_blind/pae_native_blind_model_0.npz,D:\IL-24(teeth）\phase2_release\results\full181_supplement\server_baseline_snapshot\results\12_complex_prediction\formal\native_blind_seed11\boltz_results_native_blind\processed\records\native_blind.json,/home/xinlab/home/ws/phase2/results/12_complex_prediction/formal/native_blind_seed11/boltz_results_native_blind/processed/records/native_blind.json,"{""A"": ""0"", ""H"": ""1"", ""L"": ""2""}"
Native155,empty,12,D:\IL-24(teeth）\phase2_release\results\full181_supplement\server_baseline_snapshot\results\12_complex_prediction\formal\native_blind_seed12\boltz_results_native_blind\predictions\native_blind\native_blind_model_0.pdb,complete,,0.7054558992385864,0.6432510614395142,0.5115033388137817,0.7539439797401428,0-1,75.39434210526315,29.79,98.42,0-100,19,27,24,58;59;62;63;65;99;101;103;104;107;108;110;111;113;114;117;118;121;163,H:30;H:31;H:32;H:33;H:35;H:50;H:53;H:54;H:56;H:58;H:99;H:100;H:101;H:102;H:104;L:28;L:29;L:30;L:31;L:32;L:50;L:53;L:90;L:91;L:92;L:93;L:95,58;59;60;61;62;63;64;65;99;101;103;104;107;108;110;111;113;114;117;118;121;163,0,1,0.18713615834712982,0.12388506531715393,0.18901926279067993,0.11190471053123474,D:\IL-24(teeth）\phase2_release\results\full181_supplement\server_baseline_snapshot\results\12_complex_prediction\formal\native_blind_seed12\boltz_results_native_blind\processed\records\native_blind.json,D:\IL-24(teeth）\phase2_release\results\full181_supplement\server_baseline_snapshot\results\12_complex_prediction\formal\native_blind_seed12\boltz_results_native_blind\predictions\native_blind\confidence_native_blind_model_0.json,D:\IL-24(teeth）\phase2_release\results\full181_supplement\server_baseline_snapshot\results\12_complex_prediction\formal\native_blind_seed12\boltz_results_native_blind\predictions\native_blind\pae_native_blind_model_0.npz,/home/xinlab/home/ws/phase2/results/12_complex_prediction/formal/native_blind_seed12/boltz_results_native_blind/predictions/native_blind/native_blind_model_0.pdb,/home/xinlab/home/ws/phase2/results/12_complex_prediction/formal/native_blind_seed12/boltz_results_native_blind/predictions/native_blind/native_blind_model_0.pdb,D:\IL-24(teeth）\phase2_release\results\full181_supplement\server_baseline_snapshot\server_source_inventory.json,formal,passed,matched_at_saved_precision,recomputed_server_original_unrelaxed_PDB,native_blind,8,0.12903225806451613,0.42105263157894735,/home/xinlab/home/ws/phase2/results/12_complex_prediction/formal/native_blind_seed12/boltz_results_native_blind/predictions/native_blind/confidence_native_blind_model_0.json,/home/xinlab/home/ws/phase2/results/12_complex_prediction/formal/native_blind_seed12/boltz_results_native_blind/predictions/native_blind/pae_native_blind_model_0.npz,D:\IL-24(teeth）\phase2_release\results\full181_supplement\server_baseline_snapshot\results\12_complex_prediction\formal\native_blind_seed12\boltz_results_native_blind\processed\records\native_blind.json,/home/xinlab/home/ws/phase2/results/12_complex_prediction/formal/native_blind_seed12/boltz_results_native_blind/processed/records/native_blind.json,"{""A"": ""0"", ""H"": ""1"", ""L"": ""2""}"
Native155,empty,13,D:\IL-24(teeth）\phase2_release\results\full181_supplement\server_baseline_snapshot\results\12_complex_prediction\formal\native_blind_seed13\boltz_results_native_blind\predictions\native_blind\native_blind_model_0.pdb,complete,,0.6870423555374146,0.6395076513290405,0.503253698348999,0.732989490032196,0-1,73.29905263157895,32.6,98.3,0-100,23,27,24,58;59;62;65;99;100;101;103;104;106;107;108;109;110;111;160;162;163;164;165;166;167;168,H:31;H:32;H:33;H:35;H:50;H:54;H:55;H:56;H:98;H:100;H:101;H:102;H:103;H:104;L:28;L:29;L:30;L:31;L:32;L:49;L:50;L:53;L:90;L:91;L:92;L:93;L:95,58;59;62;65;98;99;100;101;102;103;104;106;107;108;109;110;111;114;160;161;162;163;164;165;166;167;168,0,1,0.1876802295446396,0.17336229979991913,0.18062055110931396,0.11121658235788345,D:\IL-24(teeth）\phase2_release\results\full181_supplement\server_baseline_snapshot\results\12_complex_prediction\formal\native_blind_seed13\boltz_results_native_blind\processed\records\native_blind.json,D:\IL-24(teeth）\phase2_release\results\full181_supplement\server_baseline_snapshot\results\12_complex_prediction\formal\native_blind_seed13\boltz_results_native_blind\predictions\native_blind\confidence_native_blind_model_0.json,D:\IL-24(teeth）\phase2_release\results\full181_supplement\server_baseline_snapshot\results\12_complex_prediction\formal\native_blind_seed13\boltz_results_native_blind\predictions\native_blind\pae_native_blind_model_0.npz,/home/xinlab/home/ws/phase2/results/12_complex_prediction/formal/native_blind_seed13/boltz_results_native_blind/predictions/native_blind/native_blind_model_0.pdb,/home/xinlab/home/ws/phase2/results/12_complex_prediction/formal/native_blind_seed13/boltz_results_native_blind/predictions/native_blind/native_blind_model_0.pdb,D:\IL-24(teeth）\phase2_release\results\full181_supplement\server_baseline_snapshot\server_source_inventory.json,formal,passed,matched_at_saved_precision,recomputed_server_original_unrelaxed_PDB,native_blind,4,0.06451612903225806,0.17391304347826086,/home/xinlab/home/ws/phase2/results/12_complex_prediction/formal/native_blind_seed13/boltz_results_native_blind/predictions/native_blind/confidence_native_blind_model_0.json,/home/xinlab/home/ws/phase2/results/12_complex_prediction/formal/native_blind_seed13/boltz_results_native_blind/predictions/native_blind/pae_native_blind_model_0.npz,D:\IL-24(teeth）\phase2_release\results\full181_supplement\server_baseline_snapshot\results\12_complex_prediction\formal\native_blind_seed13\boltz_results_native_blind\processed\records\native_blind.json,/home/xinlab/home/ws/phase2/results/12_complex_prediction/formal/native_blind_seed13/boltz_results_native_blind/processed/records/native_blind.json,"{""A"": ""0"", ""H"": ""1"", ""L"": ""2""}"
Native155,empty,14,D:\IL-24(teeth）\phase2_release\results\full181_supplement\server_baseline_snapshot\results\12_complex_prediction\formal\native_blind_seed14\boltz_results_native_blind\predictions\native_blind\native_blind_model_0.pdb,complete,,0.7178917527198792,0.6569253206253052,0.5275940299034119,0.7654661536216736,0-1,76.54655263157895,31.84,98.31,0-100,17,20,18,57;58;59;62;98;99;100;101;103;104;106;107;110;163;164;166;168,H:30;H:31;H:32;H:33;H:35;H:50;H:53;H:54;H:55;H:56;H:98;H:100;H:101;H:102;H:104;L:50;L:53;L:91;L:92;L:93,56;57;58;59;62;98;99;100;101;102;103;104;106;107;110;111;162;163;164;166;168,0,1,0.22017362713813782,0.2104921191930771,0.22027462720870972,0.1309463232755661,D:\IL-24(teeth）\phase2_release\results\full181_supplement\server_baseline_snapshot\results\12_complex_prediction\formal\native_blind_seed14\boltz_results_native_blind\processed\records\native_blind.json,D:\IL-24(teeth）\phase2_release\results\full181_supplement\server_baseline_snapshot\results\12_complex_prediction\formal\native_blind_seed14\boltz_results_native_blind\predictions\native_blind\confidence_native_blind_model_0.json,D:\IL-24(teeth）\phase2_release\results\full181_supplement\server_baseline_snapshot\results\12_complex_prediction\formal\native_blind_seed14\boltz_results_native_blind\predictions\native_blind\pae_native_blind_model_0.npz,/home/xinlab/home/ws/phase2/results/12_complex_prediction/formal/native_blind_seed14/boltz_results_native_blind/predictions/native_blind/native_blind_model_0.pdb,/home/xinlab/home/ws/phase2/results/12_complex_prediction/formal/native_blind_seed14/boltz_results_native_blind/predictions/native_blind/native_blind_model_0.pdb,D:\IL-24(teeth）\phase2_release\results\full181_supplement\server_baseline_snapshot\server_source_inventory.json,formal,passed,matched_at_saved_precision,recomputed_server_original_unrelaxed_PDB,native_blind,4,0.06451612903225806,0.23529411764705882,/home/xinlab/home/ws/phase2/results/12_complex_prediction/formal/native_blind_seed14/boltz_results_native_blind/predictions/native_blind/confidence_native_blind_model_0.json,/home/xinlab/home/ws/phase2/results/12_complex_prediction/formal/native_blind_seed14/boltz_results_native_blind/predictions/native_blind/pae_native_blind_model_0.npz,D:\IL-24(teeth）\phase2_release\results\full181_supplement\server_baseline_snapshot\results\12_complex_prediction\formal\native_blind_seed14\boltz_results_native_blind\processed\records\native_blind.json,/home/xinlab/home/ws/phase2/results/12_complex_prediction/formal/native_blind_seed14/boltz_results_native_blind/processed/records/native_blind.json,"{""A"": ""0"", ""H"": ""1"", ""L"": ""2""}"
Native155,empty,15,D:\IL-24(teeth）\phase2_release\results\full181_supplement\server_baseline_snapshot\results\12_complex_prediction\formal\native_blind_seed15\boltz_results_native_blind\predictions\native_blind\native_blind_model_0.pdb,complete,,0.6882089972496033,0.6366685032844543,0.5002343058586121,0.7352026700973511,0-1,73.52047368421053,28.59,98.31,0-100,24,27,23,57;58;59;62;63;64;65;98;99;101;103;104;106;107;108;110;111;114;115;117;118;121;122;125,H:31;H:32;H:35;H:50;H:53;H:54;H:56;H:98;H:99;H:100;H:101;H:102;H:104;L:28;L:29;L:30;L:31;L:32;L:50;L:53;L:67;L:68;L:90;L:91;L:92;L:93;L:95,57;58;59;60;61;62;63;64;65;98;99;101;103;104;106;107;108;110;111;114;115;117;118;121;122;125;134;163,0,1,0.17802444100379944,0.11104389280080795,0.17545241117477417,0.08873679488897324,D:\IL-24(teeth）\phase2_release\results\full181_supplement\server_baseline_snapshot\results\12_complex_prediction\formal\native_blind_seed15\boltz_results_native_blind\processed\records\native_blind.json,D:\IL-24(teeth）\phase2_release\results\full181_supplement\server_baseline_snapshot\results\12_complex_prediction\formal\native_blind_seed15\boltz_results_native_blind\predictions\native_blind\confidence_native_blind_model_0.json,D:\IL-24(teeth）\phase2_release\results\full181_supplement\server_baseline_snapshot\results\12_complex_prediction\formal\native_blind_seed15\boltz_results_native_blind\predictions\native_blind\pae_native_blind_model_0.npz,/home/xinlab/home/ws/phase2/results/12_complex_prediction/formal/native_blind_seed15/boltz_results_native_blind/predictions/native_blind/native_blind_model_0.pdb,/home/xinlab/home/ws/phase2/results/12_complex_prediction/formal/native_blind_seed15/boltz_results_native_blind/predictions/native_blind/native_blind_model_0.pdb,D:\IL-24(teeth）\phase2_release\results\full181_supplement\server_baseline_snapshot\server_source_inventory.json,formal,passed,matched_at_saved_precision,recomputed_server_original_unrelaxed_PDB,native_blind,12,0.1935483870967742,0.5,/home/xinlab/home/ws/phase2/results/12_complex_prediction/formal/native_blind_seed15/boltz_results_native_blind/predictions/native_blind/confidence_native_blind_model_0.json,/home/xinlab/home/ws/phase2/results/12_complex_prediction/formal/native_blind_seed15/boltz_results_native_blind/predictions/native_blind/pae_native_blind_model_0.npz,D:\IL-24(teeth）\phase2_release\results\full181_supplement\server_baseline_snapshot\results\12_complex_prediction\formal\native_blind_seed15\boltz_results_native_blind\processed\records\native_blind.json,/home/xinlab/home/ws/phase2/results/12_complex_prediction/formal/native_blind_seed15/boltz_results_native_blind/processed/records/native_blind.json,"{""A"": ""0"", ""H"": ""1"", ""L"": ""2""}"
Immunogen134,empty,1,D:\IL-24(teeth）\phase2_release\results\full181_supplement\server_baseline_snapshot\results\12_complex_prediction\formal\immunogen_blind_seed1\boltz_results_immunogen_blind\predictions\immunogen_blind\immunogen_blind_model_0.pdb,complete,,0.7183051109313965,0.6724313497543335,0.5404946208000183,0.7627577185630798,0-1,76.27576601671309,33.72,98.46,0-100,25,25,23,55;56;57;58;59;61;62;63;65;66;68;106;107;109;110;111;113;114;117;118;120;150;151;154;158,H:29;H:30;H:31;H:32;H:33;H:35;H:50;H:53;H:54;H:56;H:58;H:98;H:100;H:101;H:102;H:104;L:28;L:31;L:32;L:50;L:90;L:91;L:92;L:93;L:95,52;55;56;57;58;59;61;62;63;65;66;68;106;107;109;110;111;113;114;117;118;120;121;150;151;154;158,0,1,0.18323718011379242,0.12295562028884888,0.18398337066173553,0.10931789129972458,D:\IL-24(teeth）\phase2_release\results\full181_supplement\server_baseline_snapshot\results\12_complex_prediction\formal\immunogen_blind_seed1\boltz_results_immunogen_blind\processed\records\immunogen_blind.json,D:\IL-24(teeth）\phase2_release\results\full181_supplement\server_baseline_snapshot\results\12_complex_prediction\formal\immunogen_blind_seed1\boltz_results_immunogen_blind\predictions\immunogen_blind\confidence_immunogen_blind_model_0.json,D:\IL-24(teeth）\phase2_release\results\full181_supplement\server_baseline_snapshot\results\12_complex_prediction\formal\immunogen_blind_seed1\boltz_results_immunogen_blind\predictions\immunogen_blind\pae_immunogen_blind_model_0.npz,/home/xinlab/home/ws/phase2/results/12_complex_prediction/formal/immunogen_blind_seed1/boltz_results_immunogen_blind/predictions/immunogen_blind/immunogen_blind_model_0.pdb,/home/xinlab/home/ws/phase2/results/12_complex_prediction/formal/immunogen_blind_seed1/boltz_results_immunogen_blind/predictions/immunogen_blind/immunogen_blind_model_0.pdb,D:\IL-24(teeth）\phase2_release\results\full181_supplement\server_baseline_snapshot\server_source_inventory.json,formal,passed,matched_at_saved_precision,recomputed_server_original_unrelaxed_PDB,immunogen_blind,17,0.27419354838709675,0.68,/home/xinlab/home/ws/phase2/results/12_complex_prediction/formal/immunogen_blind_seed1/boltz_results_immunogen_blind/predictions/immunogen_blind/confidence_immunogen_blind_model_0.json,/home/xinlab/home/ws/phase2/results/12_complex_prediction/formal/immunogen_blind_seed1/boltz_results_immunogen_blind/predictions/immunogen_blind/pae_immunogen_blind_model_0.npz,D:\IL-24(teeth）\phase2_release\results\full181_supplement\server_baseline_snapshot\results\12_complex_prediction\formal\immunogen_blind_seed1\boltz_results_immunogen_blind\processed\records\immunogen_blind.json,/home/xinlab/home/ws/phase2/results/12_complex_prediction/formal/immunogen_blind_seed1/boltz_results_immunogen_blind/processed/records/immunogen_blind.json,"{""A"": ""0"", ""H"": ""1"", ""L"": ""2""}"
Immunogen134,empty,2,D:\IL-24(teeth）\phase2_release\results\full181_supplement\server_baseline_snapshot\results\12_complex_prediction\formal\immunogen_blind_seed2\boltz_results_immunogen_blind\predictions\immunogen_blind\immunogen_blind_model_0.pdb,complete,,0.6901775598526001,0.6688528060913086,0.5353111028671265,0.7288941740989685,0-1,72.88949860724234,18.72,98.45,0-100,29,28,24,38;39;40;42;43;45;46;49;50;52;53;68;69;70;73;131;133;134;135;136;137;139;142;143;145;146;149;153;156,H:30;H:31;H:33;H:35;H:50;H:53;H:54;H:56;H:57;H:73;H:98;H:99;H:100;H:101;H:102;H:103;H:104;L:28;L:29;L:30;L:31;L:32;L:49;L:50;L:53;L:91;L:92;L:93,38;39;40;42;43;45;46;49;50;52;53;68;69;70;73;131;133;134;135;136;137;139;142;143;145;146;149;153;156,0,1,0.18571871519088745,0.09487856924533844,0.18598492443561554,0.08943373709917068,D:\IL-24(teeth）\phase2_release\results\full181_supplement\server_baseline_snapshot\results\12_complex_prediction\formal\immunogen_blind_seed2\boltz_results_immunogen_blind\processed\records\immunogen_blind.json,D:\IL-24(teeth）\phase2_release\results\full181_supplement\server_baseline_snapshot\results\12_complex_prediction\formal\immunogen_blind_seed2\boltz_results_immunogen_blind\predictions\immunogen_blind\confidence_immunogen_blind_model_0.json,D:\IL-24(teeth）\phase2_release\results\full181_supplement\server_baseline_snapshot\results\12_complex_prediction\formal\immunogen_blind_seed2\boltz_results_immunogen_blind\predictions\immunogen_blind\pae_immunogen_blind_model_0.npz,/home/xinlab/home/ws/phase2/results/12_complex_prediction/formal/immunogen_blind_seed2/boltz_results_immunogen_blind/predictions/immunogen_blind/immunogen_blind_model_0.pdb,/home/xinlab/home/ws/phase2/results/12_complex_prediction/formal/immunogen_blind_seed2/boltz_results_immunogen_blind/predictions/immunogen_blind/immunogen_blind_model_0.pdb,D:\IL-24(teeth）\phase2_release\results\full181_supplement\server_baseline_snapshot\server_source_inventory.json,formal,passed,matched_at_saved_precision,recomputed_server_original_unrelaxed_PDB,immunogen_blind,19,0.3064516129032258,0.6551724137931034,/home/xinlab/home/ws/phase2/results/12_complex_prediction/formal/immunogen_blind_seed2/boltz_results_immunogen_blind/predictions/immunogen_blind/confidence_immunogen_blind_model_0.json,/home/xinlab/home/ws/phase2/results/12_complex_prediction/formal/immunogen_blind_seed2/boltz_results_immunogen_blind/predictions/immunogen_blind/pae_immunogen_blind_model_0.npz,D:\IL-24(teeth）\phase2_release\results\full181_supplement\server_baseline_snapshot\results\12_complex_prediction\formal\immunogen_blind_seed2\boltz_results_immunogen_blind\processed\records\immunogen_blind.json,/home/xinlab/home/ws/phase2/results/12_complex_prediction/formal/immunogen_blind_seed2/boltz_results_immunogen_blind/processed/records/immunogen_blind.json,"{""A"": ""0"", ""H"": ""1"", ""L"": ""2""}"
Immunogen134,empty,3,D:\IL-24(teeth）\phase2_release\results\full181_supplement\server_baseline_snapshot\results\12_complex_prediction\formal\immunogen_blind_seed3\boltz_results_immunogen_blind\predictions\immunogen_blind\immunogen_blind_model_0.pdb,complete,,0.7006611227989197,0.6603158116340637,0.5249667167663574,0.7445846796035767,0-1,74.45855153203343,24.15,98.53,0-100,26,30,25,59;60;62;63;64;65;66;67;68;114;116;117;118;120;121;123;124;125;127;128;132;140;143;144;147;150,H:2;H:26;H:31;H:32;H:33;H:35;H:50;H:53;H:54;H:56;H:97;H:98;H:99;H:100;H:101;H:102;H:103;H:104;L:28;L:30;L:31;L:50;L:53;L:56;L:67;L:90;L:91;L:92;L:93;L:95,45;52;59;60;62;63;64;65;66;67;68;110;113;114;116;117;118;120;121;122;123;124;125;127;128;130;132;140;143;144;147;150,0,1,0.17751683294773102,0.09493014216423035,0.1783638596534729,0.08655387163162231,D:\IL-24(teeth）\phase2_release\results\full181_supplement\server_baseline_snapshot\results\12_complex_prediction\formal\immunogen_blind_seed3\boltz_results_immunogen_blind\processed\records\immunogen_blind.json,D:\IL-24(teeth）\phase2_release\results\full181_supplement\server_baseline_snapshot\results\12_complex_prediction\formal\immunogen_blind_seed3\boltz_results_immunogen_blind\predictions\immunogen_blind\confidence_immunogen_blind_model_0.json,D:\IL-24(teeth）\phase2_release\results\full181_supplement\server_baseline_snapshot\results\12_complex_prediction\formal\immunogen_blind_seed3\boltz_results_immunogen_blind\predictions\immunogen_blind\pae_immunogen_blind_model_0.npz,/home/xinlab/home/ws/phase2/results/12_complex_prediction/formal/immunogen_blind_seed3/boltz_results_immunogen_blind/predictions/immunogen_blind/immunogen_blind_model_0.pdb,/home/xinlab/home/ws/phase2/results/12_complex_prediction/formal/immunogen_blind_seed3/boltz_results_immunogen_blind/predictions/immunogen_blind/immunogen_blind_model_0.pdb,D:\IL-24(teeth）\phase2_release\results\full181_supplement\server_baseline_snapshot\server_source_inventory.json,formal,passed,matched_at_saved_precision,recomputed_server_original_unrelaxed_PDB,immunogen_blind,24,0.3870967741935484,0.9230769230769231,/home/xinlab/home/ws/phase2/results/12_complex_prediction/formal/immunogen_blind_seed3/boltz_results_immunogen_blind/predictions/immunogen_blind/confidence_immunogen_blind_model_0.json,/home/xinlab/home/ws/phase2/results/12_complex_prediction/formal/immunogen_blind_seed3/boltz_results_immunogen_blind/predictions/immunogen_blind/pae_immunogen_blind_model_0.npz,D:\IL-24(teeth）\phase2_release\results\full181_supplement\server_baseline_snapshot\results\12_complex_prediction\formal\immunogen_blind_seed3\boltz_results_immunogen_blind\processed\records\immunogen_blind.json,/home/xinlab/home/ws/phase2/results/12_complex_prediction/formal/immunogen_blind_seed3/boltz_results_immunogen_blind/processed/records/immunogen_blind.json,"{""A"": ""0"", ""H"": ""1"", ""L"": ""2""}"
Immunogen134,empty,4,D:\IL-24(teeth）\phase2_release\results\full181_supplement\server_baseline_snapshot\results\12_complex_prediction\formal\immunogen_blind_seed4\boltz_results_immunogen_blind\predictions\immunogen_blind\immunogen_blind_model_0.pdb,complete,,0.6893463730812073,0.6711093783378601,0.5402893424034119,0.7266106009483337,0-1,72.66119777158774,27.78,98.46,0-100,32,34,28,58;62;65;69;70;73;109;110;111;112;113;114;117;118;120;121;124;125;127;133;134;135;136;137;142;145;146;149;150;152;153;156,H:30;H:31;H:32;H:33;H:52;H:53;H:54;H:55;H:56;H:57;H:58;H:59;H:73;H:98;H:100;H:101;H:102;H:104;L:27;L:28;L:29;L:30;L:31;L:32;L:50;L:53;L:67;L:68;L:90;L:91;L:92;L:93;L:94;L:95,58;62;65;67;69;70;73;106;107;109;110;111;112;113;114;117;118;120;121;122;124;125;127;132;133;134;135;136;137;142;145;146;149;150;152;153;156,0,1,0.19370079040527344,0.10133859515190125,0.19296419620513916,0.10144469887018204,D:\IL-24(teeth）\phase2_release\results\full181_supplement\server_baseline_snapshot\results\12_complex_prediction\formal\immunogen_blind_seed4\boltz_results_immunogen_blind\processed\records\immunogen_blind.json,D:\IL-24(teeth）\phase2_release\results\full181_supplement\server_baseline_snapshot\results\12_complex_prediction\formal\immunogen_blind_seed4\boltz_results_immunogen_blind\predictions\immunogen_blind\confidence_immunogen_blind_model_0.json,D:\IL-24(teeth）\phase2_release\results\full181_supplement\server_baseline_snapshot\results\12_complex_prediction\formal\immunogen_blind_seed4\boltz_results_immunogen_blind\predictions\immunogen_blind\pae_immunogen_blind_model_0.npz,/home/xinlab/home/ws/phase2/results/12_complex_prediction/formal/immunogen_blind_seed4/boltz_results_immunogen_blind/predictions/immunogen_blind/immunogen_blind_model_0.pdb,/home/xinlab/home/ws/phase2/results/12_complex_prediction/formal/immunogen_blind_seed4/boltz_results_immunogen_blind/predictions/immunogen_blind/immunogen_blind_model_0.pdb,D:\IL-24(teeth）\phase2_release\results\full181_supplement\server_baseline_snapshot\server_source_inventory.json,formal,passed,matched_at_saved_precision,recomputed_server_original_unrelaxed_PDB,immunogen_blind,25,0.4032258064516129,0.78125,/home/xinlab/home/ws/phase2/results/12_complex_prediction/formal/immunogen_blind_seed4/boltz_results_immunogen_blind/predictions/immunogen_blind/confidence_immunogen_blind_model_0.json,/home/xinlab/home/ws/phase2/results/12_complex_prediction/formal/immunogen_blind_seed4/boltz_results_immunogen_blind/predictions/immunogen_blind/pae_immunogen_blind_model_0.npz,D:\IL-24(teeth）\phase2_release\results\full181_supplement\server_baseline_snapshot\results\12_complex_prediction\formal\immunogen_blind_seed4\boltz_results_immunogen_blind\processed\records\immunogen_blind.json,/home/xinlab/home/ws/phase2/results/12_complex_prediction/formal/immunogen_blind_seed4/boltz_results_immunogen_blind/processed/records/immunogen_blind.json,"{""A"": ""0"", ""H"": ""1"", ""L"": ""2""}"
Immunogen134,empty,5,D:\IL-24(teeth）\phase2_release\results\full181_supplement\server_baseline_snapshot\results\12_complex_prediction\formal\immunogen_blind_seed5\boltz_results_immunogen_blind\predictions\immunogen_blind\immunogen_blind_model_0.pdb,complete,,0.692043662071228,0.6628353595733643,0.5265524387359619,0.7334164381027222,0-1,73.34181058495821,28.55,98.54,0-100,26,29,26,27;28;29;58;59;62;63;106;107;109;110;113;114;117;118;121;142;146;149;150;152;153;154;156;157;160,H:30;H:31;H:32;H:33;H:35;H:53;H:54;H:56;H:57;H:58;H:98;H:99;H:100;H:101;H:102;H:103;H:104;L:28;L:29;L:30;L:31;L:32;L:50;L:53;L:90;L:91;L:92;L:93;L:95,27;28;29;58;59;62;63;64;106;107;109;110;111;113;114;116;117;118;120;121;142;145;146;149;150;152;153;154;156;157;160,0,1,0.1710766851902008,0.09091033786535263,0.16976799070835114,0.08222874253988266,D:\IL-24(teeth）\phase2_release\results\full181_supplement\server_baseline_snapshot\results\12_complex_prediction\formal\immunogen_blind_seed5\boltz_results_immunogen_blind\processed\records\immunogen_blind.json,D:\IL-24(teeth）\phase2_release\results\full181_supplement\server_baseline_snapshot\results\12_complex_prediction\formal\immunogen_blind_seed5\boltz_results_immunogen_blind\predictions\immunogen_blind\confidence_immunogen_blind_model_0.json,D:\IL-24(teeth）\phase2_release\results\full181_supplement\server_baseline_snapshot\results\12_complex_prediction\formal\immunogen_blind_seed5\boltz_results_immunogen_blind\predictions\immunogen_blind\pae_immunogen_blind_model_0.npz,/home/xinlab/home/ws/phase2/results/12_complex_prediction/formal/immunogen_blind_seed5/boltz_results_immunogen_blind/predictions/immunogen_blind/immunogen_blind_model_0.pdb,/home/xinlab/home/ws/phase2/results/12_complex_prediction/formal/immunogen_blind_seed5/boltz_results_immunogen_blind/predictions/immunogen_blind/immunogen_blind_model_0.pdb,D:\IL-24(teeth）\phase2_release\results\full181_supplement\server_baseline_snapshot\server_source_inventory.json,formal,passed,matched_at_saved_precision,recomputed_server_original_unrelaxed_PDB,immunogen_blind,15,0.24193548387096775,0.5769230769230769,/home/xinlab/home/ws/phase2/results/12_complex_prediction/formal/immunogen_blind_seed5/boltz_results_immunogen_blind/predictions/immunogen_blind/confidence_immunogen_blind_model_0.json,/home/xinlab/home/ws/phase2/results/12_complex_prediction/formal/immunogen_blind_seed5/boltz_results_immunogen_blind/predictions/immunogen_blind/pae_immunogen_blind_model_0.npz,D:\IL-24(teeth）\phase2_release\results\full181_supplement\server_baseline_snapshot\results\12_complex_prediction\formal\immunogen_blind_seed5\boltz_results_immunogen_blind\processed\records\immunogen_blind.json,/home/xinlab/home/ws/phase2/results/12_complex_prediction/formal/immunogen_blind_seed5/boltz_results_immunogen_blind/processed/records/immunogen_blind.json,"{""A"": ""0"", ""H"": ""1"", ""L"": ""2""}"
Immunogen134,empty,6,D:\IL-24(teeth）\phase2_release\results\full181_supplement\server_baseline_snapshot\results\12_complex_prediction\formal\immunogen_blind_seed6\boltz_results_immunogen_blind\predictions\immunogen_blind\immunogen_blind_model_0.pdb,complete,,0.6987026333808899,0.6757540702819824,0.5450887084007263,0.7371060848236084,0-1,73.71066852367689,26.35,98.55,0-100,30,29,25,56;57;58;59;60;61;62;63;64;65;66;79;82;83;86;87;90;91;94;97;98;133;134;135;136;137;142;145;149;153,H:30;H:31;H:32;H:33;H:35;H:50;H:53;H:54;H:56;H:58;H:98;H:100;H:101;H:102;H:103;H:104;L:28;L:29;L:30;L:31;L:32;L:49;L:50;L:53;L:90;L:91;L:92;L:93;L:95,56;57;58;59;60;61;62;63;64;65;66;79;80;82;83;86;87;90;91;94;97;98;129;132;133;134;135;136;137;142;145;146;149;153,0,1,0.20258525013923645,0.09735383838415146,0.19591568410396576,0.08723678439855576,D:\IL-24(teeth）\phase2_release\results\full181_supplement\server_baseline_snapshot\results\12_complex_prediction\formal\immunogen_blind_seed6\boltz_results_immunogen_blind\processed\records\immunogen_blind.json,D:\IL-24(teeth）\phase2_release\results\full181_supplement\server_baseline_snapshot\results\12_complex_prediction\formal\immunogen_blind_seed6\boltz_results_immunogen_blind\predictions\immunogen_blind\confidence_immunogen_blind_model_0.json,D:\IL-24(teeth）\phase2_release\results\full181_supplement\server_baseline_snapshot\results\12_complex_prediction\formal\immunogen_blind_seed6\boltz_results_immunogen_blind\predictions\immunogen_blind\pae_immunogen_blind_model_0.npz,/home/xinlab/home/ws/phase2/results/12_complex_prediction/formal/immunogen_blind_seed6/boltz_results_immunogen_blind/predictions/immunogen_blind/immunogen_blind_model_0.pdb,/home/xinlab/home/ws/phase2/results/12_complex_prediction/formal/immunogen_blind_seed6/boltz_results_immunogen_blind/predictions/immunogen_blind/immunogen_blind_model_0.pdb,D:\IL-24(teeth）\phase2_release\results\full181_supplement\server_baseline_snapshot\server_source_inventory.json,formal,passed,matched_at_saved_precision,recomputed_server_original_unrelaxed_PDB,immunogen_blind,19,0.3064516129032258,0.6333333333333333,/home/xinlab/home/ws/phase2/results/12_complex_prediction/formal/immunogen_blind_seed6/boltz_results_immunogen_blind/predictions/immunogen_blind/confidence_immunogen_blind_model_0.json,/home/xinlab/home/ws/phase2/results/12_complex_prediction/formal/immunogen_blind_seed6/boltz_results_immunogen_blind/predictions/immunogen_blind/pae_immunogen_blind_model_0.npz,D:\IL-24(teeth）\phase2_release\results\full181_supplement\server_baseline_snapshot\results\12_complex_prediction\formal\immunogen_blind_seed6\boltz_results_immunogen_blind\processed\records\immunogen_blind.json,/home/xinlab/home/ws/phase2/results/12_complex_prediction/formal/immunogen_blind_seed6/boltz_results_immunogen_blind/processed/records/immunogen_blind.json,"{""A"": ""0"", ""H"": ""1"", ""L"": ""2""}"
Immunogen134,empty,7,D:\IL-24(teeth）\phase2_release\results\full181_supplement\server_baseline_snapshot\results\12_complex_prediction\formal\immunogen_blind_seed7\boltz_results_immunogen_blind\predictions\immunogen_blind\immunogen_blind_model_0.pdb,complete,,0.6933543086051941,0.670498251914978,0.5389543771743774,0.7319542765617371,0-1,73.19545961002785,24.94,98.43,0-100,31,30,26,27;28;29;30;31;32;33;78;79;82;83;85;86;89;90;92;93;94;97;130;133;134;135;136;137;139;142;145;146;149;153,H:28;H:31;H:32;H:33;H:35;H:50;H:53;H:54;H:55;H:56;H:57;H:58;H:64;H:98;H:100;H:101;H:102;H:104;L:28;L:29;L:30;L:31;L:32;L:50;L:53;L:90;L:91;L:92;L:93;L:95,27;28;29;30;31;32;33;77;78;79;82;83;85;86;88;89;90;92;93;94;97;130;133;134;135;136;137;138;139;142;145;146;149;153,0,1,0.19985923171043396,0.10939648002386093,0.19715698063373566,0.10499373078346252,D:\IL-24(teeth）\phase2_release\results\full181_supplement\server_baseline_snapshot\results\12_complex_prediction\formal\immunogen_blind_seed7\boltz_results_immunogen_blind\processed\records\immunogen_blind.json,D:\IL-24(teeth）\phase2_release\results\full181_supplement\server_baseline_snapshot\results\12_complex_prediction\formal\immunogen_blind_seed7\boltz_results_immunogen_blind\predictions\immunogen_blind\confidence_immunogen_blind_model_0.json,D:\IL-24(teeth）\phase2_release\results\full181_supplement\server_baseline_snapshot\results\12_complex_prediction\formal\immunogen_blind_seed7\boltz_results_immunogen_blind\predictions\immunogen_blind\pae_immunogen_blind_model_0.npz,/home/xinlab/home/ws/phase2/results/12_complex_prediction/formal/immunogen_blind_seed7/boltz_results_immunogen_blind/predictions/immunogen_blind/immunogen_blind_model_0.pdb,/home/xinlab/home/ws/phase2/results/12_complex_prediction/formal/immunogen_blind_seed7/boltz_results_immunogen_blind/predictions/immunogen_blind/immunogen_blind_model_0.pdb,D:\IL-24(teeth）\phase2_release\results\full181_supplement\server_baseline_snapshot\server_source_inventory.json,formal,passed,matched_at_saved_precision,recomputed_server_original_unrelaxed_PDB,immunogen_blind,11,0.1774193548387097,0.3548387096774194,/home/xinlab/home/ws/phase2/results/12_complex_prediction/formal/immunogen_blind_seed7/boltz_results_immunogen_blind/predictions/immunogen_blind/confidence_immunogen_blind_model_0.json,/home/xinlab/home/ws/phase2/results/12_complex_prediction/formal/immunogen_blind_seed7/boltz_results_immunogen_blind/predictions/immunogen_blind/pae_immunogen_blind_model_0.npz,D:\IL-24(teeth）\phase2_release\results\full181_supplement\server_baseline_snapshot\results\12_complex_prediction\formal\immunogen_blind_seed7\boltz_results_immunogen_blind\processed\records\immunogen_blind.json,/home/xinlab/home/ws/phase2/results/12_complex_prediction/formal/immunogen_blind_seed7/boltz_results_immunogen_blind/processed/records/immunogen_blind.json,"{""A"": ""0"", ""H"": ""1"", ""L"": ""2""}"
Immunogen134,empty,8,D:\IL-24(teeth）\phase2_release\results\full181_supplement\server_baseline_snapshot\results\12_complex_prediction\formal\immunogen_blind_seed8\boltz_results_immunogen_blind\predictions\immunogen_blind\immunogen_blind_model_0.pdb,complete,,0.6999348998069763,0.668241560459137,0.5354529619216919,0.7410553097724915,0-1,74.10537604456825,25.9,98.44,0-100,28,34,28,57;58;59;60;62;63;64;65;70;126;129;130;131;133;134;135;136;137;138;139;142;145;146;149;150;152;153;156,H:30;H:31;H:32;H:33;H:35;H:50;H:52;H:53;H:54;H:56;H:73;H:98;H:99;H:100;H:101;H:102;H:103;H:104;L:28;L:29;L:30;L:31;L:32;L:49;L:50;L:52;L:53;L:67;L:68;L:90;L:91;L:92;L:93;L:95,57;58;59;60;61;62;63;64;65;67;69;70;126;129;130;131;133;134;135;136;137;138;139;142;145;146;149;150;152;153;156,0,1,0.18849244713783264,0.10128235071897507,0.18459469079971313,0.0893590971827507,D:\IL-24(teeth）\phase2_release\results\full181_supplement\server_baseline_snapshot\results\12_complex_prediction\formal\immunogen_blind_seed8\boltz_results_immunogen_blind\processed\records\immunogen_blind.json,D:\IL-24(teeth）\phase2_release\results\full181_supplement\server_baseline_snapshot\results\12_complex_prediction\formal\immunogen_blind_seed8\boltz_results_immunogen_blind\predictions\immunogen_blind\confidence_immunogen_blind_model_0.json,D:\IL-24(teeth）\phase2_release\results\full181_supplement\server_baseline_snapshot\results\12_complex_prediction\formal\immunogen_blind_seed8\boltz_results_immunogen_blind\predictions\immunogen_blind\pae_immunogen_blind_model_0.npz,/home/xinlab/home/ws/phase2/results/12_complex_prediction/formal/immunogen_blind_seed8/boltz_results_immunogen_blind/predictions/immunogen_blind/immunogen_blind_model_0.pdb,/home/xinlab/home/ws/phase2/results/12_complex_prediction/formal/immunogen_blind_seed8/boltz_results_immunogen_blind/predictions/immunogen_blind/immunogen_blind_model_0.pdb,D:\IL-24(teeth）\phase2_release\results\full181_supplement\server_baseline_snapshot\server_source_inventory.json,formal,passed,matched_at_saved_precision,recomputed_server_original_unrelaxed_PDB,immunogen_blind,27,0.43548387096774194,0.9642857142857143,/home/xinlab/home/ws/phase2/results/12_complex_prediction/formal/immunogen_blind_seed8/boltz_results_immunogen_blind/predictions/immunogen_blind/confidence_immunogen_blind_model_0.json,/home/xinlab/home/ws/phase2/results/12_complex_prediction/formal/immunogen_blind_seed8/boltz_results_immunogen_blind/predictions/immunogen_blind/pae_immunogen_blind_model_0.npz,D:\IL-24(teeth）\phase2_release\results\full181_supplement\server_baseline_snapshot\results\12_complex_prediction\formal\immunogen_blind_seed8\boltz_results_immunogen_blind\processed\records\immunogen_blind.json,/home/xinlab/home/ws/phase2/results/12_complex_prediction/formal/immunogen_blind_seed8/boltz_results_immunogen_blind/processed/records/immunogen_blind.json,"{""A"": ""0"", ""H"": ""1"", ""L"": ""2""}"
Immunogen134,empty,9,D:\IL-24(teeth）\phase2_release\results\full181_supplement\server_baseline_snapshot\results\12_complex_prediction\formal\immunogen_blind_seed9\boltz_results_immunogen_blind\predictions\immunogen_blind\immunogen_blind_model_0.pdb,complete,,0.7040792107582092,0.6673570871353149,0.5338634848594666,0.7466331124305725,0-1,74.66328690807799,26.28,98.57,0-100,31,30,27,71;72;73;75;77;78;79;80;81;82;83;85;86;87;89;90;93;130;131;133;134;135;136;137;139;142;143;145;146;149;153,H:31;H:32;H:33;H:35;H:50;H:53;H:54;H:55;H:56;H:57;H:98;H:100;H:101;H:102;H:103;H:104;L:27;L:28;L:29;L:30;L:31;L:32;L:49;L:50;L:53;L:90;L:91;L:92;L:93;L:95,69;70;71;72;73;74;75;77;78;79;80;81;82;83;84;85;86;87;89;90;93;94;130;131;133;134;135;136;137;139;142;143;145;146;149;152;153;156,0,1,0.19160139560699463,0.1066802591085434,0.18983368575572968,0.10651735216379166,D:\IL-24(teeth）\phase2_release\results\full181_supplement\server_baseline_snapshot\results\12_complex_prediction\formal\immunogen_blind_seed9\boltz_results_immunogen_blind\processed\records\immunogen_blind.json,D:\IL-24(teeth）\phase2_release\results\full181_supplement\server_baseline_snapshot\results\12_complex_prediction\formal\immunogen_blind_seed9\boltz_results_immunogen_blind\predictions\immunogen_blind\confidence_immunogen_blind_model_0.json,D:\IL-24(teeth）\phase2_release\results\full181_supplement\server_baseline_snapshot\results\12_complex_prediction\formal\immunogen_blind_seed9\boltz_results_immunogen_blind\predictions\immunogen_blind\pae_immunogen_blind_model_0.npz,/home/xinlab/home/ws/phase2/results/12_complex_prediction/formal/immunogen_blind_seed9/boltz_results_immunogen_blind/predictions/immunogen_blind/immunogen_blind_model_0.pdb,/home/xinlab/home/ws/phase2/results/12_complex_prediction/formal/immunogen_blind_seed9/boltz_results_immunogen_blind/predictions/immunogen_blind/immunogen_blind_model_0.pdb,D:\IL-24(teeth）\phase2_release\results\full181_supplement\server_baseline_snapshot\server_source_inventory.json,formal,passed,matched_at_saved_precision,recomputed_server_original_unrelaxed_PDB,immunogen_blind,16,0.25806451612903225,0.5161290322580645,/home/xinlab/home/ws/phase2/results/12_complex_prediction/formal/immunogen_blind_seed9/boltz_results_immunogen_blind/predictions/immunogen_blind/confidence_immunogen_blind_model_0.json,/home/xinlab/home/ws/phase2/results/12_complex_prediction/formal/immunogen_blind_seed9/boltz_results_immunogen_blind/predictions/immunogen_blind/pae_immunogen_blind_model_0.npz,D:\IL-24(teeth）\phase2_release\results\full181_supplement\server_baseline_snapshot\results\12_complex_prediction\formal\immunogen_blind_seed9\boltz_results_immunogen_blind\processed\records\immunogen_blind.json,/home/xinlab/home/ws/phase2/results/12_complex_prediction/formal/immunogen_blind_seed9/boltz_results_immunogen_blind/processed/records/immunogen_blind.json,"{""A"": ""0"", ""H"": ""1"", ""L"": ""2""}"
Immunogen134,empty,10,D:\IL-24(teeth）\phase2_release\results\full181_supplement\server_baseline_snapshot\results\12_complex_prediction\formal\immunogen_blind_seed10\boltz_results_immunogen_blind\predictions\immunogen_blind\immunogen_blind_model_0.pdb,complete,,0.6947757601737976,0.6649221181869507,0.5300210118293762,0.7359644770622253,0-1,73.5966295264624,27.17,98.37,0-100,34,30,26,58;61;65;69;70;73;109;110;111;112;113;114;117;118;119;120;121;122;123;124;125;126;127;128;129;130;131;133;136;139;142;146;149;153,H:30;H:31;H:32;H:33;H:35;H:53;H:54;H:55;H:56;H:58;H:98;H:100;H:101;H:102;H:104;L:27;L:28;L:29;L:30;L:31;L:32;L:50;L:52;L:53;L:67;L:90;L:91;L:92;L:93;L:95,58;61;65;69;70;73;109;110;111;112;113;114;115;117;118;119;120;121;122;123;124;125;126;127;128;129;130;131;133;136;139;142;146;149;152;153;156,0,1,0.1779036670923233,0.08475788682699203,0.17656023800373077,0.07637883722782135,D:\IL-24(teeth）\phase2_release\results\full181_supplement\server_baseline_snapshot\results\12_complex_prediction\formal\immunogen_blind_seed10\boltz_results_immunogen_blind\processed\records\immunogen_blind.json,D:\IL-24(teeth）\phase2_release\results\full181_supplement\server_baseline_snapshot\results\12_complex_prediction\formal\immunogen_blind_seed10\boltz_results_immunogen_blind\predictions\immunogen_blind\confidence_immunogen_blind_model_0.json,D:\IL-24(teeth）\phase2_release\results\full181_supplement\server_baseline_snapshot\results\12_complex_prediction\formal\immunogen_blind_seed10\boltz_results_immunogen_blind\predictions\immunogen_blind\pae_immunogen_blind_model_0.npz,/home/xinlab/home/ws/phase2/results/12_complex_prediction/formal/immunogen_blind_seed10/boltz_results_immunogen_blind/predictions/immunogen_blind/immunogen_blind_model_0.pdb,/home/xinlab/home/ws/phase2/results/12_complex_prediction/formal/immunogen_blind_seed10/boltz_results_immunogen_blind/predictions/immunogen_blind/immunogen_blind_model_0.pdb,D:\IL-24(teeth）\phase2_release\results\full181_supplement\server_baseline_snapshot\server_source_inventory.json,formal,passed,matched_at_saved_precision,recomputed_server_original_unrelaxed_PDB,immunogen_blind,27,0.43548387096774194,0.7941176470588235,/home/xinlab/home/ws/phase2/results/12_complex_prediction/formal/immunogen_blind_seed10/boltz_results_immunogen_blind/predictions/immunogen_blind/confidence_immunogen_blind_model_0.json,/home/xinlab/home/ws/phase2/results/12_complex_prediction/formal/immunogen_blind_seed10/boltz_results_immunogen_blind/predictions/immunogen_blind/pae_immunogen_blind_model_0.npz,D:\IL-24(teeth）\phase2_release\results\full181_supplement\server_baseline_snapshot\results\12_complex_prediction\formal\immunogen_blind_seed10\boltz_results_immunogen_blind\processed\records\immunogen_blind.json,/home/xinlab/home/ws/phase2/results/12_complex_prediction/formal/immunogen_blind_seed10/boltz_results_immunogen_blind/processed/records/immunogen_blind.json,"{""A"": ""0"", ""H"": ""1"", ""L"": ""2""}"
Immunogen134,empty,11,D:\IL-24(teeth）\phase2_release\results\full181_supplement\server_baseline_snapshot\results\12_complex_prediction\formal\immunogen_blind_seed11\boltz_results_immunogen_blind\predictions\immunogen_blind\immunogen_blind_model_0.pdb,complete,,0.7052226662635803,0.6645808815956116,0.5289852619171143,0.7492820024490356,0-1,74.9283286908078,23.84,98.51,0-100,25,28,25,27;28;29;31;72;78;79;82;83;85;86;89;90;93;94;133;134;135;136;137;139;142;145;146;149,H:30;H:31;H:32;H:33;H:35;H:50;H:53;H:54;H:55;H:56;H:57;H:58;H:100;H:101;H:102;H:104;L:28;L:29;L:30;L:31;L:32;L:50;L:53;L:90;L:91;L:92;L:93;L:95,27;28;29;30;31;32;72;78;79;82;83;85;86;89;90;93;94;133;134;135;136;137;139;142;145;146;149,0,1,0.17614898085594177,0.09746330976486206,0.17460650205612183,0.0870419442653656,D:\IL-24(teeth）\phase2_release\results\full181_supplement\server_baseline_snapshot\results\12_complex_prediction\formal\immunogen_blind_seed11\boltz_results_immunogen_blind\processed\records\immunogen_blind.json,D:\IL-24(teeth）\phase2_release\results\full181_supplement\server_baseline_snapshot\results\12_complex_prediction\formal\immunogen_blind_seed11\boltz_results_immunogen_blind\predictions\immunogen_blind\confidence_immunogen_blind_model_0.json,D:\IL-24(teeth）\phase2_release\results\full181_supplement\server_baseline_snapshot\results\12_complex_prediction\formal\immunogen_blind_seed11\boltz_results_immunogen_blind\predictions\immunogen_blind\pae_immunogen_blind_model_0.npz,/home/xinlab/home/ws/phase2/results/12_complex_prediction/formal/immunogen_blind_seed11/boltz_results_immunogen_blind/predictions/immunogen_blind/immunogen_blind_model_0.pdb,/home/xinlab/home/ws/phase2/results/12_complex_prediction/formal/immunogen_blind_seed11/boltz_results_immunogen_blind/predictions/immunogen_blind/immunogen_blind_model_0.pdb,D:\IL-24(teeth）\phase2_release\results\full181_supplement\server_baseline_snapshot\server_source_inventory.json,formal,passed,matched_at_saved_precision,recomputed_server_original_unrelaxed_PDB,immunogen_blind,10,0.16129032258064516,0.4,/home/xinlab/home/ws/phase2/results/12_complex_prediction/formal/immunogen_blind_seed11/boltz_results_immunogen_blind/predictions/immunogen_blind/confidence_immunogen_blind_model_0.json,/home/xinlab/home/ws/phase2/results/12_complex_prediction/formal/immunogen_blind_seed11/boltz_results_immunogen_blind/predictions/immunogen_blind/pae_immunogen_blind_model_0.npz,D:\IL-24(teeth）\phase2_release\results\full181_supplement\server_baseline_snapshot\results\12_complex_prediction\formal\immunogen_blind_seed11\boltz_results_immunogen_blind\processed\records\immunogen_blind.json,/home/xinlab/home/ws/phase2/results/12_complex_prediction/formal/immunogen_blind_seed11/boltz_results_immunogen_blind/processed/records/immunogen_blind.json,"{""A"": ""0"", ""H"": ""1"", ""L"": ""2""}"
Immunogen134,empty,12,D:\IL-24(teeth）\phase2_release\results\full181_supplement\server_baseline_snapshot\results\12_complex_prediction\formal\immunogen_blind_seed12\boltz_results_immunogen_blind\predictions\immunogen_blind\immunogen_blind_model_0.pdb,complete,,0.7136737704277039,0.6776358485221863,0.5476685166358948,0.7551750540733337,0-1,75.51760445682451,26.44,98.45,0-100,26,30,27,27;28;29;30;31;77;78;79;82;83;85;86;89;90;93;133;134;135;136;137;139;142;145;146;149;153,H:28;H:31;H:32;H:33;H:35;H:50;H:53;H:54;H:55;H:56;H:57;H:58;H:98;H:100;H:101;H:102;H:104;L:27;L:28;L:29;L:30;L:31;L:32;L:50;L:53;L:90;L:91;L:92;L:93;L:95,27;28;29;30;31;32;77;78;79;82;83;85;86;89;90;93;131;132;133;134;135;136;137;139;142;145;146;149;152;153,0,1,0.21498914062976837,0.14665506780147552,0.2104351818561554,0.1269599199295044,D:\IL-24(teeth）\phase2_release\results\full181_supplement\server_baseline_snapshot\results\12_complex_prediction\formal\immunogen_blind_seed12\boltz_results_immunogen_blind\processed\records\immunogen_blind.json,D:\IL-24(teeth）\phase2_release\results\full181_supplement\server_baseline_snapshot\results\12_complex_prediction\formal\immunogen_blind_seed12\boltz_results_immunogen_blind\predictions\immunogen_blind\confidence_immunogen_blind_model_0.json,D:\IL-24(teeth）\phase2_release\results\full181_supplement\server_baseline_snapshot\results\12_complex_prediction\formal\immunogen_blind_seed12\boltz_results_immunogen_blind\predictions\immunogen_blind\pae_immunogen_blind_model_0.npz,/home/xinlab/home/ws/phase2/results/12_complex_prediction/formal/immunogen_blind_seed12/boltz_results_immunogen_blind/predictions/immunogen_blind/immunogen_blind_model_0.pdb,/home/xinlab/home/ws/phase2/results/12_complex_prediction/formal/immunogen_blind_seed12/boltz_results_immunogen_blind/predictions/immunogen_blind/immunogen_blind_model_0.pdb,D:\IL-24(teeth）\phase2_release\results\full181_supplement\server_baseline_snapshot\server_source_inventory.json,formal,passed,matched_at_saved_precision,recomputed_server_original_unrelaxed_PDB,immunogen_blind,10,0.16129032258064516,0.38461538461538464,/home/xinlab/home/ws/phase2/results/12_complex_prediction/formal/immunogen_blind_seed12/boltz_results_immunogen_blind/predictions/immunogen_blind/confidence_immunogen_blind_model_0.json,/home/xinlab/home/ws/phase2/results/12_complex_prediction/formal/immunogen_blind_seed12/boltz_results_immunogen_blind/predictions/immunogen_blind/pae_immunogen_blind_model_0.npz,D:\IL-24(teeth）\phase2_release\results\full181_supplement\server_baseline_snapshot\results\12_complex_prediction\formal\immunogen_blind_seed12\boltz_results_immunogen_blind\processed\records\immunogen_blind.json,/home/xinlab/home/ws/phase2/results/12_complex_prediction/formal/immunogen_blind_seed12/boltz_results_immunogen_blind/processed/records/immunogen_blind.json,"{""A"": ""0"", ""H"": ""1"", ""L"": ""2""}"
Immunogen134,empty,13,D:\IL-24(teeth）\phase2_release\results\full181_supplement\server_baseline_snapshot\results\12_complex_prediction\formal\immunogen_blind_seed13\boltz_results_immunogen_blind\predictions\immunogen_blind\immunogen_blind_model_0.pdb,complete,,0.7092194557189941,0.6735713481903076,0.5411959886550903,0.7512253522872925,0-1,75.12292479108635,23.71,98.46,0-100,27,28,25,28;29;30;31;32;78;79;80;82;83;85;86;89;90;131;133;134;135;136;137;138;139;142;145;146;149;153,H:31;H:33;H:35;H:50;H:53;H:54;H:55;H:56;H:57;H:58;H:98;H:100;H:101;H:102;H:103;H:104;L:27;L:29;L:30;L:31;L:32;L:50;L:53;L:90;L:91;L:92;L:93;L:95,28;29;30;31;32;77;78;79;80;82;83;85;86;89;90;93;131;133;134;135;136;137;138;139;142;145;146;149;153,0,1,0.19580203294754028,0.11119141429662704,0.1927129477262497,0.11350994557142258,D:\IL-24(teeth）\phase2_release\results\full181_supplement\server_baseline_snapshot\results\12_complex_prediction\formal\immunogen_blind_seed13\boltz_results_immunogen_blind\processed\records\immunogen_blind.json,D:\IL-24(teeth）\phase2_release\results\full181_supplement\server_baseline_snapshot\results\12_complex_prediction\formal\immunogen_blind_seed13\boltz_results_immunogen_blind\predictions\immunogen_blind\confidence_immunogen_blind_model_0.json,D:\IL-24(teeth）\phase2_release\results\full181_supplement\server_baseline_snapshot\results\12_complex_prediction\formal\immunogen_blind_seed13\boltz_results_immunogen_blind\predictions\immunogen_blind\pae_immunogen_blind_model_0.npz,/home/xinlab/home/ws/phase2/results/12_complex_prediction/formal/immunogen_blind_seed13/boltz_results_immunogen_blind/predictions/immunogen_blind/immunogen_blind_model_0.pdb,/home/xinlab/home/ws/phase2/results/12_complex_prediction/formal/immunogen_blind_seed13/boltz_results_immunogen_blind/predictions/immunogen_blind/immunogen_blind_model_0.pdb,D:\IL-24(teeth）\phase2_release\results\full181_supplement\server_baseline_snapshot\server_source_inventory.json,formal,passed,matched_at_saved_precision,recomputed_server_original_unrelaxed_PDB,immunogen_blind,12,0.1935483870967742,0.4444444444444444,/home/xinlab/home/ws/phase2/results/12_complex_prediction/formal/immunogen_blind_seed13/boltz_results_immunogen_blind/predictions/immunogen_blind/confidence_immunogen_blind_model_0.json,/home/xinlab/home/ws/phase2/results/12_complex_prediction/formal/immunogen_blind_seed13/boltz_results_immunogen_blind/predictions/immunogen_blind/pae_immunogen_blind_model_0.npz,D:\IL-24(teeth）\phase2_release\results\full181_supplement\server_baseline_snapshot\results\12_complex_prediction\formal\immunogen_blind_seed13\boltz_results_immunogen_blind\processed\records\immunogen_blind.json,/home/xinlab/home/ws/phase2/results/12_complex_prediction/formal/immunogen_blind_seed13/boltz_results_immunogen_blind/processed/records/immunogen_blind.json,"{""A"": ""0"", ""H"": ""1"", ""L"": ""2""}"
Immunogen134,empty,14,D:\IL-24(teeth）\phase2_release\results\full181_supplement\server_baseline_snapshot\results\12_complex_prediction\formal\immunogen_blind_seed14\boltz_results_immunogen_blind\predictions\immunogen_blind\immunogen_blind_model_0.pdb,complete,,0.6892858147621155,0.664595901966095,0.5298957228660583,0.7291333079338074,0-1,72.91328690807799,27.02,98.32,0-100,36,34,29,46;49;50;53;54;57;60;62;63;64;65;105;106;107;108;109;110;111;113;114;116;117;118;120;121;124;125;127;140;141;144;147;150;151;154;158,H:29;H:30;H:31;H:32;H:33;H:34;H:35;H:51;H:53;H:54;H:55;H:56;H:57;H:73;H:98;H:100;H:101;H:102;H:103;H:104;L:2;L:27;L:28;L:29;L:30;L:31;L:32;L:50;L:53;L:90;L:91;L:92;L:93;L:95,46;47;49;50;53;54;56;57;59;60;62;63;64;65;105;106;107;108;109;110;111;113;114;116;117;118;119;120;121;124;125;127;138;140;141;144;147;150;151;154;158,0,1,0.18193604052066803,0.10325782001018524,0.1839209347963333,0.09611983597278595,D:\IL-24(teeth）\phase2_release\results\full181_supplement\server_baseline_snapshot\results\12_complex_prediction\formal\immunogen_blind_seed14\boltz_results_immunogen_blind\processed\records\immunogen_blind.json,D:\IL-24(teeth）\phase2_release\results\full181_supplement\server_baseline_snapshot\results\12_complex_prediction\formal\immunogen_blind_seed14\boltz_results_immunogen_blind\predictions\immunogen_blind\confidence_immunogen_blind_model_0.json,D:\IL-24(teeth）\phase2_release\results\full181_supplement\server_baseline_snapshot\results\12_complex_prediction\formal\immunogen_blind_seed14\boltz_results_immunogen_blind\predictions\immunogen_blind\pae_immunogen_blind_model_0.npz,/home/xinlab/home/ws/phase2/results/12_complex_prediction/formal/immunogen_blind_seed14/boltz_results_immunogen_blind/predictions/immunogen_blind/immunogen_blind_model_0.pdb,/home/xinlab/home/ws/phase2/results/12_complex_prediction/formal/immunogen_blind_seed14/boltz_results_immunogen_blind/predictions/immunogen_blind/immunogen_blind_model_0.pdb,D:\IL-24(teeth）\phase2_release\results\full181_supplement\server_baseline_snapshot\server_source_inventory.json,formal,passed,matched_at_saved_precision,recomputed_server_original_unrelaxed_PDB,immunogen_blind,21,0.3387096774193548,0.5833333333333334,/home/xinlab/home/ws/phase2/results/12_complex_prediction/formal/immunogen_blind_seed14/boltz_results_immunogen_blind/predictions/immunogen_blind/confidence_immunogen_blind_model_0.json,/home/xinlab/home/ws/phase2/results/12_complex_prediction/formal/immunogen_blind_seed14/boltz_results_immunogen_blind/predictions/immunogen_blind/pae_immunogen_blind_model_0.npz,D:\IL-24(teeth）\phase2_release\results\full181_supplement\server_baseline_snapshot\results\12_complex_prediction\formal\immunogen_blind_seed14\boltz_results_immunogen_blind\processed\records\immunogen_blind.json,/home/xinlab/home/ws/phase2/results/12_complex_prediction/formal/immunogen_blind_seed14/boltz_results_immunogen_blind/processed/records/immunogen_blind.json,"{""A"": ""0"", ""H"": ""1"", ""L"": ""2""}"
Immunogen134,empty,15,D:\IL-24(teeth）\phase2_release\results\full181_supplement\server_baseline_snapshot\results\12_complex_prediction\formal\immunogen_blind_seed15\boltz_results_immunogen_blind\predictions\immunogen_blind\immunogen_blind_model_0.pdb,complete,,0.6981539130210876,0.6575273871421814,0.5198661684989929,0.7427258491516113,0-1,74.27261838440111,30.32,98.51,0-100,25,27,23,58;59;62;63;66;106;110;113;114;117;118;120;121;124;125;127;138;139;140;141;143;144;147;150;154,H:31;H:33;H:35;H:50;H:51;H:53;H:54;H:55;H:56;H:57;H:58;H:100;H:101;H:102;H:103;H:104;L:29;L:30;L:31;L:32;L:49;L:50;L:53;L:91;L:92;L:93;L:95,57;58;59;60;62;63;66;106;109;110;113;114;116;117;118;120;121;124;125;127;138;139;140;141;143;144;147;150;154,0,1,0.1765715330839157,0.08887732774019241,0.17647069692611694,0.09298275411128998,D:\IL-24(teeth）\phase2_release\results\full181_supplement\server_baseline_snapshot\results\12_complex_prediction\formal\immunogen_blind_seed15\boltz_results_immunogen_blind\processed\records\immunogen_blind.json,D:\IL-24(teeth）\phase2_release\results\full181_supplement\server_baseline_snapshot\results\12_complex_prediction\formal\immunogen_blind_seed15\boltz_results_immunogen_blind\predictions\immunogen_blind\confidence_immunogen_blind_model_0.json,D:\IL-24(teeth）\phase2_release\results\full181_supplement\server_baseline_snapshot\results\12_complex_prediction\formal\immunogen_blind_seed15\boltz_results_immunogen_blind\predictions\immunogen_blind\pae_immunogen_blind_model_0.npz,/home/xinlab/home/ws/phase2/results/12_complex_prediction/formal/immunogen_blind_seed15/boltz_results_immunogen_blind/predictions/immunogen_blind/immunogen_blind_model_0.pdb,/home/xinlab/home/ws/phase2/results/12_complex_prediction/formal/immunogen_blind_seed15/boltz_results_immunogen_blind/predictions/immunogen_blind/immunogen_blind_model_0.pdb,D:\IL-24(teeth）\phase2_release\results\full181_supplement\server_baseline_snapshot\server_source_inventory.json,formal,passed,matched_at_saved_precision,recomputed_server_original_unrelaxed_PDB,immunogen_blind,20,0.3225806451612903,0.8,/home/xinlab/home/ws/phase2/results/12_complex_prediction/formal/immunogen_blind_seed15/boltz_results_immunogen_blind/predictions/immunogen_blind/confidence_immunogen_blind_model_0.json,/home/xinlab/home/ws/phase2/results/12_complex_prediction/formal/immunogen_blind_seed15/boltz_results_immunogen_blind/predictions/immunogen_blind/pae_immunogen_blind_model_0.npz,D:\IL-24(teeth）\phase2_release\results\full181_supplement\server_baseline_snapshot\results\12_complex_prediction\formal\immunogen_blind_seed15\boltz_results_immunogen_blind\processed\records\immunogen_blind.json,/home/xinlab/home/ws/phase2/results/12_complex_prediction/formal/immunogen_blind_seed15/boltz_results_immunogen_blind/processed/records/immunogen_blind.json,"{""A"": ""0"", ""H"": ""1"", ""L"": ""2""}"
Native155,formal_msa,1,D:\IL-24(teeth）\phase2_release\results\full181_supplement\server_baseline_snapshot\results\12_complex_prediction\formal_msa\native_blind_seed1\boltz_results_native_blind_msa\predictions\native_blind_msa\native_blind_msa_model_0.pdb,complete,,0.7790666818618774,0.6287649869918823,0.4915338158607483,0.8509498834609985,0-1,85.09507894736842,37.07,98.16,0-100,23,25,24,37;89;92;93;96;97;100;101;104;107;108;109;110;112;113;116;117;120;121;123;124;125;127,H:30;H:31;H:32;H:33;H:52;H:53;H:54;H:55;H:56;H:57;H:58;H:98;H:100;H:101;H:102;H:104;L:28;L:30;L:31;L:32;L:50;L:90;L:91;L:93;L:95,37;38;89;92;93;96;97;100;101;103;104;105;106;107;108;109;110;112;113;116;117;120;121;123;124;125;127,0,1,0.1777852326631546,0.09858804196119308,0.17723000049591064,0.09085813909769058,D:\IL-24(teeth）\phase2_release\results\full181_supplement\server_baseline_snapshot\results\12_complex_prediction\formal_msa\native_blind_seed1\boltz_results_native_blind_msa\processed\records\native_blind_msa.json,D:\IL-24(teeth）\phase2_release\results\full181_supplement\server_baseline_snapshot\results\12_complex_prediction\formal_msa\native_blind_seed1\boltz_results_native_blind_msa\predictions\native_blind_msa\confidence_native_blind_msa_model_0.json,D:\IL-24(teeth）\phase2_release\results\full181_supplement\server_baseline_snapshot\results\12_complex_prediction\formal_msa\native_blind_seed1\boltz_results_native_blind_msa\predictions\native_blind_msa\pae_native_blind_msa_model_0.npz,/home/xinlab/home/ws/phase2/results/12_complex_prediction/formal_msa/native_blind_seed1/boltz_results_native_blind_msa/predictions/native_blind_msa/native_blind_msa_model_0.pdb,/home/xinlab/home/ws/phase2/results/12_complex_prediction/formal_msa/native_blind_seed1/boltz_results_native_blind_msa/predictions/native_blind_msa/native_blind_msa_model_0.pdb,D:\IL-24(teeth）\phase2_release\results\full181_supplement\server_baseline_snapshot\server_source_inventory.json,formal_msa,passed,matched_at_saved_precision,recomputed_server_original_unrelaxed_PDB,native_blind,7,0.11290322580645161,0.30434782608695654,/home/xinlab/home/ws/phase2/results/12_complex_prediction/formal_msa/native_blind_seed1/boltz_results_native_blind_msa/predictions/native_blind_msa/confidence_native_blind_msa_model_0.json,/home/xinlab/home/ws/phase2/results/12_complex_prediction/formal_msa/native_blind_seed1/boltz_results_native_blind_msa/predictions/native_blind_msa/pae_native_blind_msa_model_0.npz,D:\IL-24(teeth）\phase2_release\results\full181_supplement\server_baseline_snapshot\results\12_complex_prediction\formal_msa\native_blind_seed1\boltz_results_native_blind_msa\processed\records\native_blind_msa.json,/home/xinlab/home/ws/phase2/results/12_complex_prediction/formal_msa/native_blind_seed1/boltz_results_native_blind_msa/processed/records/native_blind_msa.json,"{""A"": ""0"", ""H"": ""1"", ""L"": ""2""}"
Native155,formal_msa,2,D:\IL-24(teeth）\phase2_release\results\full181_supplement\server_baseline_snapshot\results\12_complex_prediction\formal_msa\native_blind_seed2\boltz_results_native_blind_msa\predictions\native_blind_msa\native_blind_msa_model_0.pdb,complete,,0.783604085445404,0.6522470712661743,0.521126389503479,0.8492234349250793,0-1,84.92207894736842,37.53,98.32,0-100,19,20,17,70;73;74;75;76;79;132;133;135;136;137;139;140;142;143;144;146;147;150,H:30;H:31;H:32;H:33;H:35;H:50;H:52;H:53;H:58;H:98;H:100;H:101;H:102;H:104;L:50;L:53;L:91;L:92;L:93;L:95,70;71;73;74;75;76;79;132;133;134;135;136;137;139;140;141;142;143;144;146;147;150,0,1,0.2109888643026352,0.12883172929286957,0.20364131033420563,0.09480751305818558,D:\IL-24(teeth）\phase2_release\results\full181_supplement\server_baseline_snapshot\results\12_complex_prediction\formal_msa\native_blind_seed2\boltz_results_native_blind_msa\processed\records\native_blind_msa.json,D:\IL-24(teeth）\phase2_release\results\full181_supplement\server_baseline_snapshot\results\12_complex_prediction\formal_msa\native_blind_seed2\boltz_results_native_blind_msa\predictions\native_blind_msa\confidence_native_blind_msa_model_0.json,D:\IL-24(teeth）\phase2_release\results\full181_supplement\server_baseline_snapshot\results\12_complex_prediction\formal_msa\native_blind_seed2\boltz_results_native_blind_msa\predictions\native_blind_msa\pae_native_blind_msa_model_0.npz,/home/xinlab/home/ws/phase2/results/12_complex_prediction/formal_msa/native_blind_seed2/boltz_results_native_blind_msa/predictions/native_blind_msa/native_blind_msa_model_0.pdb,/home/xinlab/home/ws/phase2/results/12_complex_prediction/formal_msa/native_blind_seed2/boltz_results_native_blind_msa/predictions/native_blind_msa/native_blind_msa_model_0.pdb,D:\IL-24(teeth）\phase2_release\results\full181_supplement\server_baseline_snapshot\server_source_inventory.json,formal_msa,passed,matched_at_saved_precision,recomputed_server_original_unrelaxed_PDB,native_blind,15,0.24193548387096775,0.7894736842105263,/home/xinlab/home/ws/phase2/results/12_complex_prediction/formal_msa/native_blind_seed2/boltz_results_native_blind_msa/predictions/native_blind_msa/confidence_native_blind_msa_model_0.json,/home/xinlab/home/ws/phase2/results/12_complex_prediction/formal_msa/native_blind_seed2/boltz_results_native_blind_msa/predictions/native_blind_msa/pae_native_blind_msa_model_0.npz,D:\IL-24(teeth）\phase2_release\results\full181_supplement\server_baseline_snapshot\results\12_complex_prediction\formal_msa\native_blind_seed2\boltz_results_native_blind_msa\processed\records\native_blind_msa.json,/home/xinlab/home/ws/phase2/results/12_complex_prediction/formal_msa/native_blind_seed2/boltz_results_native_blind_msa/processed/records/native_blind_msa.json,"{""A"": ""0"", ""H"": ""1"", ""L"": ""2""}"
Native155,formal_msa,3,D:\IL-24(teeth）\phase2_release\results\full181_supplement\server_baseline_snapshot\results\12_complex_prediction\formal_msa\native_blind_seed3\boltz_results_native_blind_msa\predictions\native_blind_msa\native_blind_msa_model_0.pdb,complete,,0.7899157404899597,0.6649861931800842,0.5363360047340393,0.8533107042312622,0-1,85.331,35.03,98.26,0-100,17,26,22,28;29;79;132;133;135;136;138;139;140;142;143;144;146;147;149;150,H:30;H:31;H:32;H:33;H:35;H:50;H:54;H:56;H:58;H:61;H:64;H:98;H:99;H:100;H:101;H:102;H:104;L:29;L:31;L:32;L:50;L:90;L:91;L:92;L:93;L:95,27;28;29;70;79;132;133;134;135;136;138;139;140;142;143;144;146;147;149;150,0,1,0.23510681092739105,0.1836100071668625,0.22644424438476562,0.1564379632472992,D:\IL-24(teeth）\phase2_release\results\full181_supplement\server_baseline_snapshot\results\12_complex_prediction\formal_msa\native_blind_seed3\boltz_results_native_blind_msa\processed\records\native_blind_msa.json,D:\IL-24(teeth）\phase2_release\results\full181_supplement\server_baseline_snapshot\results\12_complex_prediction\formal_msa\native_blind_seed3\boltz_results_native_blind_msa\predictions\native_blind_msa\confidence_native_blind_msa_model_0.json,D:\IL-24(teeth）\phase2_release\results\full181_supplement\server_baseline_snapshot\results\12_complex_prediction\formal_msa\native_blind_seed3\boltz_results_native_blind_msa\predictions\native_blind_msa\pae_native_blind_msa_model_0.npz,/home/xinlab/home/ws/phase2/results/12_complex_prediction/formal_msa/native_blind_seed3/boltz_results_native_blind_msa/predictions/native_blind_msa/native_blind_msa_model_0.pdb,/home/xinlab/home/ws/phase2/results/12_complex_prediction/formal_msa/native_blind_seed3/boltz_results_native_blind_msa/predictions/native_blind_msa/native_blind_msa_model_0.pdb,D:\IL-24(teeth）\phase2_release\results\full181_supplement\server_baseline_snapshot\server_source_inventory.json,formal_msa,passed,matched_at_saved_precision,recomputed_server_original_unrelaxed_PDB,native_blind,13,0.20967741935483872,0.7647058823529411,/home/xinlab/home/ws/phase2/results/12_complex_prediction/formal_msa/native_blind_seed3/boltz_results_native_blind_msa/predictions/native_blind_msa/confidence_native_blind_msa_model_0.json,/home/xinlab/home/ws/phase2/results/12_complex_prediction/formal_msa/native_blind_seed3/boltz_results_native_blind_msa/predictions/native_blind_msa/pae_native_blind_msa_model_0.npz,D:\IL-24(teeth）\phase2_release\results\full181_supplement\server_baseline_snapshot\results\12_complex_prediction\formal_msa\native_blind_seed3\boltz_results_native_blind_msa\processed\records\native_blind_msa.json,/home/xinlab/home/ws/phase2/results/12_complex_prediction/formal_msa/native_blind_seed3/boltz_results_native_blind_msa/processed/records/native_blind_msa.json,"{""A"": ""0"", ""H"": ""1"", ""L"": ""2""}"
Native155,formal_msa,4,D:\IL-24(teeth）\phase2_release\results\full181_supplement\server_baseline_snapshot\results\12_complex_prediction\formal_msa\native_blind_seed4\boltz_results_native_blind_msa\predictions\native_blind_msa\native_blind_msa_model_0.pdb,complete,,0.8283976912498474,0.7795047163963318,0.7003403306007385,0.8604119420051575,0-1,86.04134210526315,39.03,98.15,0-100,25,28,25,37;38;43;46;92;93;96;97;100;104;107;109;110;111;112;113;114;116;117;120;121;123;124;125;127,H:30;H:31;H:32;H:33;H:35;H:51;H:52;H:53;H:54;H:56;H:71;H:98;H:99;H:100;H:101;H:102;H:104;L:29;L:30;L:31;L:32;L:50;L:53;L:90;L:91;L:92;L:93;L:95,37;38;40;43;46;89;92;93;96;97;100;103;104;107;109;110;111;112;113;114;116;117;120;121;123;124;125;127,0,1,0.5079867243766785,0.5166422724723816,0.5195805430412292,0.509407639503479,D:\IL-24(teeth）\phase2_release\results\full181_supplement\server_baseline_snapshot\results\12_complex_prediction\formal_msa\native_blind_seed4\boltz_results_native_blind_msa\processed\records\native_blind_msa.json,D:\IL-24(teeth）\phase2_release\results\full181_supplement\server_baseline_snapshot\results\12_complex_prediction\formal_msa\native_blind_seed4\boltz_results_native_blind_msa\predictions\native_blind_msa\confidence_native_blind_msa_model_0.json,D:\IL-24(teeth）\phase2_release\results\full181_supplement\server_baseline_snapshot\results\12_complex_prediction\formal_msa\native_blind_seed4\boltz_results_native_blind_msa\predictions\native_blind_msa\pae_native_blind_msa_model_0.npz,/home/xinlab/home/ws/phase2/results/12_complex_prediction/formal_msa/native_blind_seed4/boltz_results_native_blind_msa/predictions/native_blind_msa/native_blind_msa_model_0.pdb,/home/xinlab/home/ws/phase2/results/12_complex_prediction/formal_msa/native_blind_seed4/boltz_results_native_blind_msa/predictions/native_blind_msa/native_blind_msa_model_0.pdb,D:\IL-24(teeth）\phase2_release\results\full181_supplement\server_baseline_snapshot\server_source_inventory.json,formal_msa,passed,matched_at_saved_precision,recomputed_server_original_unrelaxed_PDB,native_blind,7,0.11290322580645161,0.28,/home/xinlab/home/ws/phase2/results/12_complex_prediction/formal_msa/native_blind_seed4/boltz_results_native_blind_msa/predictions/native_blind_msa/confidence_native_blind_msa_model_0.json,/home/xinlab/home/ws/phase2/results/12_complex_prediction/formal_msa/native_blind_seed4/boltz_results_native_blind_msa/predictions/native_blind_msa/pae_native_blind_msa_model_0.npz,D:\IL-24(teeth）\phase2_release\results\full181_supplement\server_baseline_snapshot\results\12_complex_prediction\formal_msa\native_blind_seed4\boltz_results_native_blind_msa\processed\records\native_blind_msa.json,/home/xinlab/home/ws/phase2/results/12_complex_prediction/formal_msa/native_blind_seed4/boltz_results_native_blind_msa/processed/records/native_blind_msa.json,"{""A"": ""0"", ""H"": ""1"", ""L"": ""2""}"
Native155,formal_msa,5,D:\IL-24(teeth）\phase2_release\results\full181_supplement\server_baseline_snapshot\results\12_complex_prediction\formal_msa\native_blind_seed5\boltz_results_native_blind_msa\predictions\native_blind_msa\native_blind_msa_model_0.pdb,complete,,0.7909510731697083,0.681363046169281,0.5501686930656433,0.8511466383934021,0-1,85.11484210526315,36.62,98.27,0-100,14,22,17,86;130;132;135;136;139;140;142;143;146;147;149;150;153,H:28;H:30;H:31;H:32;H:33;H:35;H:47;H:50;H:53;H:56;H:58;H:61;H:64;H:98;H:99;H:100;H:101;H:104;L:91;L:92;L:93;L:95,82;86;130;132;135;136;138;139;140;142;143;146;147;149;150;153,0,1,0.30342310667037964,0.27449730038642883,0.2732430100440979,0.20295453071594238,D:\IL-24(teeth）\phase2_release\results\full181_supplement\server_baseline_snapshot\results\12_complex_prediction\formal_msa\native_blind_seed5\boltz_results_native_blind_msa\processed\records\native_blind_msa.json,D:\IL-24(teeth）\phase2_release\results\full181_supplement\server_baseline_snapshot\results\12_complex_prediction\formal_msa\native_blind_seed5\boltz_results_native_blind_msa\predictions\native_blind_msa\confidence_native_blind_msa_model_0.json,D:\IL-24(teeth）\phase2_release\results\full181_supplement\server_baseline_snapshot\results\12_complex_prediction\formal_msa\native_blind_seed5\boltz_results_native_blind_msa\predictions\native_blind_msa\pae_native_blind_msa_model_0.npz,/home/xinlab/home/ws/phase2/results/12_complex_prediction/formal_msa/native_blind_seed5/boltz_results_native_blind_msa/predictions/native_blind_msa/native_blind_msa_model_0.pdb,/home/xinlab/home/ws/phase2/results/12_complex_prediction/formal_msa/native_blind_seed5/boltz_results_native_blind_msa/predictions/native_blind_msa/native_blind_msa_model_0.pdb,D:\IL-24(teeth）\phase2_release\results\full181_supplement\server_baseline_snapshot\server_source_inventory.json,formal_msa,passed,matched_at_saved_precision,recomputed_server_original_unrelaxed_PDB,native_blind,12,0.1935483870967742,0.8571428571428571,/home/xinlab/home/ws/phase2/results/12_complex_prediction/formal_msa/native_blind_seed5/boltz_results_native_blind_msa/predictions/native_blind_msa/confidence_native_blind_msa_model_0.json,/home/xinlab/home/ws/phase2/results/12_complex_prediction/formal_msa/native_blind_seed5/boltz_results_native_blind_msa/predictions/native_blind_msa/pae_native_blind_msa_model_0.npz,D:\IL-24(teeth）\phase2_release\results\full181_supplement\server_baseline_snapshot\results\12_complex_prediction\formal_msa\native_blind_seed5\boltz_results_native_blind_msa\processed\records\native_blind_msa.json,/home/xinlab/home/ws/phase2/results/12_complex_prediction/formal_msa/native_blind_seed5/boltz_results_native_blind_msa/processed/records/native_blind_msa.json,"{""A"": ""0"", ""H"": ""1"", ""L"": ""2""}"
Native155,formal_msa,6,D:\IL-24(teeth）\phase2_release\results\full181_supplement\server_baseline_snapshot\results\12_complex_prediction\formal_msa\native_blind_seed6\boltz_results_native_blind_msa\predictions\native_blind_msa\native_blind_msa_model_0.pdb,complete,,0.7803556323051453,0.6565068960189819,0.5242770314216614,0.8443753123283386,0-1,84.43739473684211,35.65,98.28,0-100,15,22,20,70;130;132;135;136;139;140;142;143;144;146;147;149;150;153,H:28;H:30;H:31;H:32;H:33;H:35;H:50;H:54;H:56;H:57;H:58;H:98;H:99;H:100;H:101;H:102;H:103;H:104;L:91;L:92;L:93;L:95,70;89;130;132;135;136;138;139;140;142;143;144;146;147;149;150;153,0,1,0.2197476625442505,0.1794595718383789,0.20912067592144012,0.14760896563529968,D:\IL-24(teeth）\phase2_release\results\full181_supplement\server_baseline_snapshot\results\12_complex_prediction\formal_msa\native_blind_seed6\boltz_results_native_blind_msa\processed\records\native_blind_msa.json,D:\IL-24(teeth）\phase2_release\results\full181_supplement\server_baseline_snapshot\results\12_complex_prediction\formal_msa\native_blind_seed6\boltz_results_native_blind_msa\predictions\native_blind_msa\confidence_native_blind_msa_model_0.json,D:\IL-24(teeth）\phase2_release\results\full181_supplement\server_baseline_snapshot\results\12_complex_prediction\formal_msa\native_blind_seed6\boltz_results_native_blind_msa\predictions\native_blind_msa\pae_native_blind_msa_model_0.npz,/home/xinlab/home/ws/phase2/results/12_complex_prediction/formal_msa/native_blind_seed6/boltz_results_native_blind_msa/predictions/native_blind_msa/native_blind_msa_model_0.pdb,/home/xinlab/home/ws/phase2/results/12_complex_prediction/formal_msa/native_blind_seed6/boltz_results_native_blind_msa/predictions/native_blind_msa/native_blind_msa_model_0.pdb,D:\IL-24(teeth）\phase2_release\results\full181_supplement\server_baseline_snapshot\server_source_inventory.json,formal_msa,passed,matched_at_saved_precision,recomputed_server_original_unrelaxed_PDB,native_blind,14,0.22580645161290322,0.9333333333333333,/home/xinlab/home/ws/phase2/results/12_complex_prediction/formal_msa/native_blind_seed6/boltz_results_native_blind_msa/predictions/native_blind_msa/confidence_native_blind_msa_model_0.json,/home/xinlab/home/ws/phase2/results/12_complex_prediction/formal_msa/native_blind_seed6/boltz_results_native_blind_msa/predictions/native_blind_msa/pae_native_blind_msa_model_0.npz,D:\IL-24(teeth）\phase2_release\results\full181_supplement\server_baseline_snapshot\results\12_complex_prediction\formal_msa\native_blind_seed6\boltz_results_native_blind_msa\processed\records\native_blind_msa.json,/home/xinlab/home/ws/phase2/results/12_complex_prediction/formal_msa/native_blind_seed6/boltz_results_native_blind_msa/processed/records/native_blind_msa.json,"{""A"": ""0"", ""H"": ""1"", ""L"": ""2""}"
Native155,formal_msa,7,D:\IL-24(teeth）\phase2_release\results\full181_supplement\server_baseline_snapshot\results\12_complex_prediction\formal_msa\native_blind_seed7\boltz_results_native_blind_msa\predictions\native_blind_msa\native_blind_msa_model_0.pdb,complete,,0.8141912817955017,0.7352203130722046,0.6269111037254333,0.8610113263130188,0-1,86.101,33.82,98.18,0-100,17,26,21,27;130;132;135;136;137;139;140;142;143;144;145;146;147;149;150;153,H:30;H:31;H:32;H:33;H:35;H:47;H:50;H:53;H:56;H:58;H:59;H:61;H:98;H:99;H:100;H:101;H:102;H:103;H:104;L:27;L:28;L:90;L:91;L:92;L:93;L:95,27;89;130;132;133;134;135;136;137;138;139;140;141;142;143;144;145;146;147;149;150;153,0,1,0.4122973084449768,0.3926790952682495,0.3812465965747833,0.32071685791015625,D:\IL-24(teeth）\phase2_release\results\full181_supplement\server_baseline_snapshot\results\12_complex_prediction\formal_msa\native_blind_seed7\boltz_results_native_blind_msa\processed\records\native_blind_msa.json,D:\IL-24(teeth）\phase2_release\results\full181_supplement\server_baseline_snapshot\results\12_complex_prediction\formal_msa\native_blind_seed7\boltz_results_native_blind_msa\predictions\native_blind_msa\confidence_native_blind_msa_model_0.json,D:\IL-24(teeth）\phase2_release\results\full181_supplement\server_baseline_snapshot\results\12_complex_prediction\formal_msa\native_blind_seed7\boltz_results_native_blind_msa\predictions\native_blind_msa\pae_native_blind_msa_model_0.npz,/home/xinlab/home/ws/phase2/results/12_complex_prediction/formal_msa/native_blind_seed7/boltz_results_native_blind_msa/predictions/native_blind_msa/native_blind_msa_model_0.pdb,/home/xinlab/home/ws/phase2/results/12_complex_prediction/formal_msa/native_blind_seed7/boltz_results_native_blind_msa/predictions/native_blind_msa/native_blind_msa_model_0.pdb,D:\IL-24(teeth）\phase2_release\results\full181_supplement\server_baseline_snapshot\server_source_inventory.json,formal_msa,passed,matched_at_saved_precision,recomputed_server_original_unrelaxed_PDB,native_blind,15,0.24193548387096775,0.8823529411764706,/home/xinlab/home/ws/phase2/results/12_complex_prediction/formal_msa/native_blind_seed7/boltz_results_native_blind_msa/predictions/native_blind_msa/confidence_native_blind_msa_model_0.json,/home/xinlab/home/ws/phase2/results/12_complex_prediction/formal_msa/native_blind_seed7/boltz_results_native_blind_msa/predictions/native_blind_msa/pae_native_blind_msa_model_0.npz,D:\IL-24(teeth）\phase2_release\results\full181_supplement\server_baseline_snapshot\results\12_complex_prediction\formal_msa\native_blind_seed7\boltz_results_native_blind_msa\processed\records\native_blind_msa.json,/home/xinlab/home/ws/phase2/results/12_complex_prediction/formal_msa/native_blind_seed7/boltz_results_native_blind_msa/processed/records/native_blind_msa.json,"{""A"": ""0"", ""H"": ""1"", ""L"": ""2""}"
Native155,formal_msa,8,D:\IL-24(teeth）\phase2_release\results\full181_supplement\server_baseline_snapshot\results\12_complex_prediction\formal_msa\native_blind_seed8\boltz_results_native_blind_msa\predictions\native_blind_msa\native_blind_msa_model_0.pdb,complete,,0.7838913798332214,0.6563702821731567,0.5274786353111267,0.8479945659637451,0-1,84.79965789473684,35.13,98.31,0-100,19,26,24,92;93;96;97;98;100;101;102;104;107;109;110;112;113;114;116;117;120;121,H:30;H:31;H:32;H:33;H:35;H:50;H:52;H:53;H:54;H:56;H:98;H:100;H:101;H:102;H:104;L:28;L:29;L:30;L:50;L:53;L:90;L:91;L:92;L:93;L:94;L:95,92;93;94;95;96;97;98;100;101;102;104;105;107;108;109;110;112;113;114;116;117;120;121,0,1,0.21920444071292877,0.1563551127910614,0.2118210792541504,0.1400589495897293,D:\IL-24(teeth）\phase2_release\results\full181_supplement\server_baseline_snapshot\results\12_complex_prediction\formal_msa\native_blind_seed8\boltz_results_native_blind_msa\processed\records\native_blind_msa.json,D:\IL-24(teeth）\phase2_release\results\full181_supplement\server_baseline_snapshot\results\12_complex_prediction\formal_msa\native_blind_seed8\boltz_results_native_blind_msa\predictions\native_blind_msa\confidence_native_blind_msa_model_0.json,D:\IL-24(teeth）\phase2_release\results\full181_supplement\server_baseline_snapshot\results\12_complex_prediction\formal_msa\native_blind_seed8\boltz_results_native_blind_msa\predictions\native_blind_msa\pae_native_blind_msa_model_0.npz,/home/xinlab/home/ws/phase2/results/12_complex_prediction/formal_msa/native_blind_seed8/boltz_results_native_blind_msa/predictions/native_blind_msa/native_blind_msa_model_0.pdb,/home/xinlab/home/ws/phase2/results/12_complex_prediction/formal_msa/native_blind_seed8/boltz_results_native_blind_msa/predictions/native_blind_msa/native_blind_msa_model_0.pdb,D:\IL-24(teeth）\phase2_release\results\full181_supplement\server_baseline_snapshot\server_source_inventory.json,formal_msa,passed,matched_at_saved_precision,recomputed_server_original_unrelaxed_PDB,native_blind,3,0.04838709677419355,0.15789473684210525,/home/xinlab/home/ws/phase2/results/12_complex_prediction/formal_msa/native_blind_seed8/boltz_results_native_blind_msa/predictions/native_blind_msa/confidence_native_blind_msa_model_0.json,/home/xinlab/home/ws/phase2/results/12_complex_prediction/formal_msa/native_blind_seed8/boltz_results_native_blind_msa/predictions/native_blind_msa/pae_native_blind_msa_model_0.npz,D:\IL-24(teeth）\phase2_release\results\full181_supplement\server_baseline_snapshot\results\12_complex_prediction\formal_msa\native_blind_seed8\boltz_results_native_blind_msa\processed\records\native_blind_msa.json,/home/xinlab/home/ws/phase2/results/12_complex_prediction/formal_msa/native_blind_seed8/boltz_results_native_blind_msa/processed/records/native_blind_msa.json,"{""A"": ""0"", ""H"": ""1"", ""L"": ""2""}"
Native155,formal_msa,9,D:\IL-24(teeth）\phase2_release\results\full181_supplement\server_baseline_snapshot\results\12_complex_prediction\formal_msa\native_blind_seed9\boltz_results_native_blind_msa\predictions\native_blind_msa\native_blind_msa_model_0.pdb,complete,,0.7823625206947327,0.6583031415939331,0.5265651345252991,0.8463118672370911,0-1,84.63097368421053,35.79,98.32,0-100,15,21,16,70;73;132;135;136;138;139;140;142;143;144;146;147;149;150,H:30;H:31;H:32;H:33;H:35;H:50;H:52;H:53;H:58;H:59;H:64;H:98;H:99;H:100;H:101;H:102;H:104;L:53;L:92;L:93;L:95,70;73;82;86;132;135;136;138;139;140;142;143;144;146;147;149;150,0,1,0.23519614338874817,0.17086853086948395,0.22126127779483795,0.13649412989616394,D:\IL-24(teeth）\phase2_release\results\full181_supplement\server_baseline_snapshot\results\12_complex_prediction\formal_msa\native_blind_seed9\boltz_results_native_blind_msa\processed\records\native_blind_msa.json,D:\IL-24(teeth）\phase2_release\results\full181_supplement\server_baseline_snapshot\results\12_complex_prediction\formal_msa\native_blind_seed9\boltz_results_native_blind_msa\predictions\native_blind_msa\confidence_native_blind_msa_model_0.json,D:\IL-24(teeth）\phase2_release\results\full181_supplement\server_baseline_snapshot\results\12_complex_prediction\formal_msa\native_blind_seed9\boltz_results_native_blind_msa\predictions\native_blind_msa\pae_native_blind_msa_model_0.npz,/home/xinlab/home/ws/phase2/results/12_complex_prediction/formal_msa/native_blind_seed9/boltz_results_native_blind_msa/predictions/native_blind_msa/native_blind_msa_model_0.pdb,/home/xinlab/home/ws/phase2/results/12_complex_prediction/formal_msa/native_blind_seed9/boltz_results_native_blind_msa/predictions/native_blind_msa/native_blind_msa_model_0.pdb,D:\IL-24(teeth）\phase2_release\results\full181_supplement\server_baseline_snapshot\server_source_inventory.json,formal_msa,passed,matched_at_saved_precision,recomputed_server_original_unrelaxed_PDB,native_blind,14,0.22580645161290322,0.9333333333333333,/home/xinlab/home/ws/phase2/results/12_complex_prediction/formal_msa/native_blind_seed9/boltz_results_native_blind_msa/predictions/native_blind_msa/confidence_native_blind_msa_model_0.json,/home/xinlab/home/ws/phase2/results/12_complex_prediction/formal_msa/native_blind_seed9/boltz_results_native_blind_msa/predictions/native_blind_msa/pae_native_blind_msa_model_0.npz,D:\IL-24(teeth）\phase2_release\results\full181_supplement\server_baseline_snapshot\results\12_complex_prediction\formal_msa\native_blind_seed9\boltz_results_native_blind_msa\processed\records\native_blind_msa.json,/home/xinlab/home/ws/phase2/results/12_complex_prediction/formal_msa/native_blind_seed9/boltz_results_native_blind_msa/processed/records/native_blind_msa.json,"{""A"": ""0"", ""H"": ""1"", ""L"": ""2""}"
Native155,formal_msa,10,D:\IL-24(teeth）\phase2_release\results\full181_supplement\server_baseline_snapshot\results\12_complex_prediction\formal_msa\native_blind_seed10\boltz_results_native_blind_msa\predictions\native_blind_msa\native_blind_msa_model_0.pdb,complete,,0.7803854942321777,0.6561410427093506,0.523788332939148,0.8445347547531128,0-1,84.45342105263158,36.76,98.19,0-100,15,21,18,70;71;73;74;135;136;137;139;140;143;144;146;147;149;150,H:30;H:31;H:32;H:33;H:35;H:50;H:52;H:56;H:57;H:58;H:98;H:100;H:101;H:102;H:104;L:31;L:50;L:53;L:91;L:93;L:95,69;70;71;73;74;135;136;137;139;140;142;143;144;146;147;149;150,0,1,0.24096480011940002,0.16447360813617706,0.22404620051383972,0.1104699894785881,D:\IL-24(teeth）\phase2_release\results\full181_supplement\server_baseline_snapshot\results\12_complex_prediction\formal_msa\native_blind_seed10\boltz_results_native_blind_msa\processed\records\native_blind_msa.json,D:\IL-24(teeth）\phase2_release\results\full181_supplement\server_baseline_snapshot\results\12_complex_prediction\formal_msa\native_blind_seed10\boltz_results_native_blind_msa\predictions\native_blind_msa\confidence_native_blind_msa_model_0.json,D:\IL-24(teeth）\phase2_release\results\full181_supplement\server_baseline_snapshot\results\12_complex_prediction\formal_msa\native_blind_seed10\boltz_results_native_blind_msa\predictions\native_blind_msa\pae_native_blind_msa_model_0.npz,/home/xinlab/home/ws/phase2/results/12_complex_prediction/formal_msa/native_blind_seed10/boltz_results_native_blind_msa/predictions/native_blind_msa/native_blind_msa_model_0.pdb,/home/xinlab/home/ws/phase2/results/12_complex_prediction/formal_msa/native_blind_seed10/boltz_results_native_blind_msa/predictions/native_blind_msa/native_blind_msa_model_0.pdb,D:\IL-24(teeth）\phase2_release\results\full181_supplement\server_baseline_snapshot\server_source_inventory.json,formal_msa,passed,matched_at_saved_precision,recomputed_server_original_unrelaxed_PDB,native_blind,15,0.24193548387096775,1.0,/home/xinlab/home/ws/phase2/results/12_complex_prediction/formal_msa/native_blind_seed10/boltz_results_native_blind_msa/predictions/native_blind_msa/confidence_native_blind_msa_model_0.json,/home/xinlab/home/ws/phase2/results/12_complex_prediction/formal_msa/native_blind_seed10/boltz_results_native_blind_msa/predictions/native_blind_msa/pae_native_blind_msa_model_0.npz,D:\IL-24(teeth）\phase2_release\results\full181_supplement\server_baseline_snapshot\results\12_complex_prediction\formal_msa\native_blind_seed10\boltz_results_native_blind_msa\processed\records\native_blind_msa.json,/home/xinlab/home/ws/phase2/results/12_complex_prediction/formal_msa/native_blind_seed10/boltz_results_native_blind_msa/processed/records/native_blind_msa.json,"{""A"": ""0"", ""H"": ""1"", ""L"": ""2""}"
Native155,formal_msa,11,D:\IL-24(teeth）\phase2_release\results\full181_supplement\server_baseline_snapshot\results\12_complex_prediction\formal_msa\native_blind_seed11\boltz_results_native_blind_msa\predictions\native_blind_msa\native_blind_msa_model_0.pdb,complete,,0.7913171648979187,0.6763505339622498,0.5480004549026489,0.852146327495575,0-1,85.21452631578947,36.24,98.18,0-100,14,25,21,27;28;132;135;136;139;140;142;143;144;146;147;149;150,H:30;H:31;H:32;H:33;H:35;H:47;H:50;H:53;H:54;H:58;H:61;H:98;H:99;H:100;H:101;H:104;L:27;L:28;L:29;L:30;L:50;L:91;L:92;L:93;L:95,27;28;132;133;135;136;137;138;139;140;142;143;144;146;147;149;150;153,0,1,0.2765156924724579,0.2273779660463333,0.25846731662750244,0.18288837373256683,D:\IL-24(teeth）\phase2_release\results\full181_supplement\server_baseline_snapshot\results\12_complex_prediction\formal_msa\native_blind_seed11\boltz_results_native_blind_msa\processed\records\native_blind_msa.json,D:\IL-24(teeth）\phase2_release\results\full181_supplement\server_baseline_snapshot\results\12_complex_prediction\formal_msa\native_blind_seed11\boltz_results_native_blind_msa\predictions\native_blind_msa\confidence_native_blind_msa_model_0.json,D:\IL-24(teeth）\phase2_release\results\full181_supplement\server_baseline_snapshot\results\12_complex_prediction\formal_msa\native_blind_seed11\boltz_results_native_blind_msa\predictions\native_blind_msa\pae_native_blind_msa_model_0.npz,/home/xinlab/home/ws/phase2/results/12_complex_prediction/formal_msa/native_blind_seed11/boltz_results_native_blind_msa/predictions/native_blind_msa/native_blind_msa_model_0.pdb,/home/xinlab/home/ws/phase2/results/12_complex_prediction/formal_msa/native_blind_seed11/boltz_results_native_blind_msa/predictions/native_blind_msa/native_blind_msa_model_0.pdb,D:\IL-24(teeth）\phase2_release\results\full181_supplement\server_baseline_snapshot\server_source_inventory.json,formal_msa,passed,matched_at_saved_precision,recomputed_server_original_unrelaxed_PDB,native_blind,11,0.1774193548387097,0.7857142857142857,/home/xinlab/home/ws/phase2/results/12_complex_prediction/formal_msa/native_blind_seed11/boltz_results_native_blind_msa/predictions/native_blind_msa/confidence_native_blind_msa_model_0.json,/home/xinlab/home/ws/phase2/results/12_complex_prediction/formal_msa/native_blind_seed11/boltz_results_native_blind_msa/predictions/native_blind_msa/pae_native_blind_msa_model_0.npz,D:\IL-24(teeth）\phase2_release\results\full181_supplement\server_baseline_snapshot\results\12_complex_prediction\formal_msa\native_blind_seed11\boltz_results_native_blind_msa\processed\records\native_blind_msa.json,/home/xinlab/home/ws/phase2/results/12_complex_prediction/formal_msa/native_blind_seed11/boltz_results_native_blind_msa/processed/records/native_blind_msa.json,"{""A"": ""0"", ""H"": ""1"", ""L"": ""2""}"
Native155,formal_msa,12,D:\IL-24(teeth）\phase2_release\results\full181_supplement\server_baseline_snapshot\results\12_complex_prediction\formal_msa\native_blind_seed12\boltz_results_native_blind_msa\predictions\native_blind_msa\native_blind_msa_model_0.pdb,complete,,0.7881364822387695,0.6627393960952759,0.5304901003837585,0.8525480628013611,0-1,85.25505263157895,36.7,98.28,0-100,17,22,19,27;28;73;74;79;132;135;136;138;139;140;142;143;144;146;147;150,H:30;H:31;H:32;H:33;H:35;H:50;H:53;H:54;H:58;H:98;H:99;H:100;H:101;H:102;H:104;L:50;L:53;L:90;L:91;L:92;L:93;L:95,27;28;70;73;74;79;132;133;134;135;136;137;138;139;140;142;143;144;146;147;149;150,0,1,0.235259547829628,0.17055989801883698,0.2219187170267105,0.13295280933380127,D:\IL-24(teeth）\phase2_release\results\full181_supplement\server_baseline_snapshot\results\12_complex_prediction\formal_msa\native_blind_seed12\boltz_results_native_blind_msa\processed\records\native_blind_msa.json,D:\IL-24(teeth）\phase2_release\results\full181_supplement\server_baseline_snapshot\results\12_complex_prediction\formal_msa\native_blind_seed12\boltz_results_native_blind_msa\predictions\native_blind_msa\confidence_native_blind_msa_model_0.json,D:\IL-24(teeth）\phase2_release\results\full181_supplement\server_baseline_snapshot\results\12_complex_prediction\formal_msa\native_blind_seed12\boltz_results_native_blind_msa\predictions\native_blind_msa\pae_native_blind_msa_model_0.npz,/home/xinlab/home/ws/phase2/results/12_complex_prediction/formal_msa/native_blind_seed12/boltz_results_native_blind_msa/predictions/native_blind_msa/native_blind_msa_model_0.pdb,/home/xinlab/home/ws/phase2/results/12_complex_prediction/formal_msa/native_blind_seed12/boltz_results_native_blind_msa/predictions/native_blind_msa/native_blind_msa_model_0.pdb,D:\IL-24(teeth）\phase2_release\results\full181_supplement\server_baseline_snapshot\server_source_inventory.json,formal_msa,passed,matched_at_saved_precision,recomputed_server_original_unrelaxed_PDB,native_blind,13,0.20967741935483872,0.7647058823529411,/home/xinlab/home/ws/phase2/results/12_complex_prediction/formal_msa/native_blind_seed12/boltz_results_native_blind_msa/predictions/native_blind_msa/confidence_native_blind_msa_model_0.json,/home/xinlab/home/ws/phase2/results/12_complex_prediction/formal_msa/native_blind_seed12/boltz_results_native_blind_msa/predictions/native_blind_msa/pae_native_blind_msa_model_0.npz,D:\IL-24(teeth）\phase2_release\results\full181_supplement\server_baseline_snapshot\results\12_complex_prediction\formal_msa\native_blind_seed12\boltz_results_native_blind_msa\processed\records\native_blind_msa.json,/home/xinlab/home/ws/phase2/results/12_complex_prediction/formal_msa/native_blind_seed12/boltz_results_native_blind_msa/processed/records/native_blind_msa.json,"{""A"": ""0"", ""H"": ""1"", ""L"": ""2""}"
Native155,formal_msa,13,D:\IL-24(teeth）\phase2_release\results\full181_supplement\server_baseline_snapshot\results\12_complex_prediction\formal_msa\native_blind_seed13\boltz_results_native_blind_msa\predictions\native_blind_msa\native_blind_msa_model_0.pdb,complete,,0.795452892780304,0.6951857805252075,0.570554792881012,0.851677417755127,0-1,85.16773684210527,35.42,98.18,0-100,16,24,21,82;86;130;132;135;136;138;139;140;142;143;146;147;149;150;153,H:28;H:30;H:31;H:32;H:33;H:35;H:50;H:52;H:53;H:54;H:56;H:58;H:59;H:98;H:99;H:100;H:101;H:102;H:103;H:104;L:91;L:92;L:93;L:95,82;86;130;132;135;136;138;139;140;141;142;143;144;146;147;149;150;153,0,1,0.32357919216156006,0.31763535737991333,0.29134824872016907,0.2280079871416092,D:\IL-24(teeth）\phase2_release\results\full181_supplement\server_baseline_snapshot\results\12_complex_prediction\formal_msa\native_blind_seed13\boltz_results_native_blind_msa\processed\records\native_blind_msa.json,D:\IL-24(teeth）\phase2_release\results\full181_supplement\server_baseline_snapshot\results\12_complex_prediction\formal_msa\native_blind_seed13\boltz_results_native_blind_msa\predictions\native_blind_msa\confidence_native_blind_msa_model_0.json,D:\IL-24(teeth）\phase2_release\results\full181_supplement\server_baseline_snapshot\results\12_complex_prediction\formal_msa\native_blind_seed13\boltz_results_native_blind_msa\predictions\native_blind_msa\pae_native_blind_msa_model_0.npz,/home/xinlab/home/ws/phase2/results/12_complex_prediction/formal_msa/native_blind_seed13/boltz_results_native_blind_msa/predictions/native_blind_msa/native_blind_msa_model_0.pdb,/home/xinlab/home/ws/phase2/results/12_complex_prediction/formal_msa/native_blind_seed13/boltz_results_native_blind_msa/predictions/native_blind_msa/native_blind_msa_model_0.pdb,D:\IL-24(teeth）\phase2_release\results\full181_supplement\server_baseline_snapshot\server_source_inventory.json,formal_msa,passed,matched_at_saved_precision,recomputed_server_original_unrelaxed_PDB,native_blind,13,0.20967741935483872,0.8125,/home/xinlab/home/ws/phase2/results/12_complex_prediction/formal_msa/native_blind_seed13/boltz_results_native_blind_msa/predictions/native_blind_msa/confidence_native_blind_msa_model_0.json,/home/xinlab/home/ws/phase2/results/12_complex_prediction/formal_msa/native_blind_seed13/boltz_results_native_blind_msa/predictions/native_blind_msa/pae_native_blind_msa_model_0.npz,D:\IL-24(teeth）\phase2_release\results\full181_supplement\server_baseline_snapshot\results\12_complex_prediction\formal_msa\native_blind_seed13\boltz_results_native_blind_msa\processed\records\native_blind_msa.json,/home/xinlab/home/ws/phase2/results/12_complex_prediction/formal_msa/native_blind_seed13/boltz_results_native_blind_msa/processed/records/native_blind_msa.json,"{""A"": ""0"", ""H"": ""1"", ""L"": ""2""}"
Native155,formal_msa,14,D:\IL-24(teeth）\phase2_release\results\full181_supplement\server_baseline_snapshot\results\12_complex_prediction\formal_msa\native_blind_seed14\boltz_results_native_blind_msa\predictions\native_blind_msa\native_blind_msa_model_0.pdb,complete,,0.7892586588859558,0.6645764112472534,0.532585859298706,0.8534268140792847,0-1,85.34294736842105,36.29,98.3,0-100,12,17,15,27;132;135;136;138;139;140;142;143;146;147;149,H:31;H:33;H:35;H:50;H:53;H:58;H:98;H:99;H:100;H:101;H:102;H:103;H:104;L:91;L:92;L:93;L:95,27;132;135;136;138;139;140;142;143;144;146;147;149;150,0,1,0.2356773167848587,0.18031743168830872,0.22139804065227509,0.14237037301063538,D:\IL-24(teeth）\phase2_release\results\full181_supplement\server_baseline_snapshot\results\12_complex_prediction\formal_msa\native_blind_seed14\boltz_results_native_blind_msa\processed\records\native_blind_msa.json,D:\IL-24(teeth）\phase2_release\results\full181_supplement\server_baseline_snapshot\results\12_complex_prediction\formal_msa\native_blind_seed14\boltz_results_native_blind_msa\predictions\native_blind_msa\confidence_native_blind_msa_model_0.json,D:\IL-24(teeth）\phase2_release\results\full181_supplement\server_baseline_snapshot\results\12_complex_prediction\formal_msa\native_blind_seed14\boltz_results_native_blind_msa\predictions\native_blind_msa\pae_native_blind_msa_model_0.npz,/home/xinlab/home/ws/phase2/results/12_complex_prediction/formal_msa/native_blind_seed14/boltz_results_native_blind_msa/predictions/native_blind_msa/native_blind_msa_model_0.pdb,/home/xinlab/home/ws/phase2/results/12_complex_prediction/formal_msa/native_blind_seed14/boltz_results_native_blind_msa/predictions/native_blind_msa/native_blind_msa_model_0.pdb,D:\IL-24(teeth）\phase2_release\results\full181_supplement\server_baseline_snapshot\server_source_inventory.json,formal_msa,passed,matched_at_saved_precision,recomputed_server_original_unrelaxed_PDB,native_blind,10,0.16129032258064516,0.8333333333333334,/home/xinlab/home/ws/phase2/results/12_complex_prediction/formal_msa/native_blind_seed14/boltz_results_native_blind_msa/predictions/native_blind_msa/confidence_native_blind_msa_model_0.json,/home/xinlab/home/ws/phase2/results/12_complex_prediction/formal_msa/native_blind_seed14/boltz_results_native_blind_msa/predictions/native_blind_msa/pae_native_blind_msa_model_0.npz,D:\IL-24(teeth）\phase2_release\results\full181_supplement\server_baseline_snapshot\results\12_complex_prediction\formal_msa\native_blind_seed14\boltz_results_native_blind_msa\processed\records\native_blind_msa.json,/home/xinlab/home/ws/phase2/results/12_complex_prediction/formal_msa/native_blind_seed14/boltz_results_native_blind_msa/processed/records/native_blind_msa.json,"{""A"": ""0"", ""H"": ""1"", ""L"": ""2""}"
Native155,formal_msa,15,D:\IL-24(teeth）\phase2_release\results\full181_supplement\server_baseline_snapshot\results\12_complex_prediction\formal_msa\native_blind_seed15\boltz_results_native_blind_msa\predictions\native_blind_msa\native_blind_msa_model_0.pdb,complete,,0.7835788726806641,0.6610739827156067,0.5301393270492554,0.8469387888908386,0-1,84.69386842105263,36.23,98.24,0-100,16,18,16,70;79;132;133;135;136;137;138;139;140;142;143;144;146;147;150,H:31;H:33;H:35;H:50;H:52;H:53;H:58;H:98;H:99;H:100;H:101;H:102;H:104;L:90;L:91;L:92;L:93;L:95,70;79;82;132;133;134;135;136;137;138;139;140;142;143;144;146;147;149;150,0,1,0.2381882518529892,0.165937140583992,0.22525976598262787,0.13725796341896057,D:\IL-24(teeth）\phase2_release\results\full181_supplement\server_baseline_snapshot\results\12_complex_prediction\formal_msa\native_blind_seed15\boltz_results_native_blind_msa\processed\records\native_blind_msa.json,D:\IL-24(teeth）\phase2_release\results\full181_supplement\server_baseline_snapshot\results\12_complex_prediction\formal_msa\native_blind_seed15\boltz_results_native_blind_msa\predictions\native_blind_msa\confidence_native_blind_msa_model_0.json,D:\IL-24(teeth）\phase2_release\results\full181_supplement\server_baseline_snapshot\results\12_complex_prediction\formal_msa\native_blind_seed15\boltz_results_native_blind_msa\predictions\native_blind_msa\pae_native_blind_msa_model_0.npz,/home/xinlab/home/ws/phase2/results/12_complex_prediction/formal_msa/native_blind_seed15/boltz_results_native_blind_msa/predictions/native_blind_msa/native_blind_msa_model_0.pdb,/home/xinlab/home/ws/phase2/results/12_complex_prediction/formal_msa/native_blind_seed15/boltz_results_native_blind_msa/predictions/native_blind_msa/native_blind_msa_model_0.pdb,D:\IL-24(teeth）\phase2_release\results\full181_supplement\server_baseline_snapshot\server_source_inventory.json,formal_msa,passed,matched_at_saved_precision,recomputed_server_original_unrelaxed_PDB,native_blind,14,0.22580645161290322,0.875,/home/xinlab/home/ws/phase2/results/12_complex_prediction/formal_msa/native_blind_seed15/boltz_results_native_blind_msa/predictions/native_blind_msa/confidence_native_blind_msa_model_0.json,/home/xinlab/home/ws/phase2/results/12_complex_prediction/formal_msa/native_blind_seed15/boltz_results_native_blind_msa/predictions/native_blind_msa/pae_native_blind_msa_model_0.npz,D:\IL-24(teeth）\phase2_release\results\full181_supplement\server_baseline_snapshot\results\12_complex_prediction\formal_msa\native_blind_seed15\boltz_results_native_blind_msa\processed\records\native_blind_msa.json,/home/xinlab/home/ws/phase2/results/12_complex_prediction/formal_msa/native_blind_seed15/boltz_results_native_blind_msa/processed/records/native_blind_msa.json,"{""A"": ""0"", ""H"": ""1"", ""L"": ""2""}"
Immunogen134,formal_msa,1,D:\IL-24(teeth）\phase2_release\results\full181_supplement\server_baseline_snapshot\results\12_complex_prediction\formal_msa\immunogen_blind_seed1\boltz_results_immunogen_blind_msa\predictions\immunogen_blind_msa\immunogen_blind_msa_model_0.pdb,complete,,0.769580066204071,0.6826120018959045,0.5527588129043579,0.8237853646278381,0-1,82.37874651810586,41.38,98.4,0-100,15,20,16,70;73;132;133;135;136;139;140;142;143;144;146;147;149;150,H:30;H:31;H:32;H:33;H:35;H:50;H:52;H:54;H:58;H:61;H:98;H:100;H:101;H:102;H:104;L:53;L:91;L:92;L:93;L:95,70;73;74;132;133;135;136;137;139;140;142;143;144;146;147;149;150,0,1,0.21982495486736298,0.17590020596981049,0.2128734290599823,0.1496647745370865,D:\IL-24(teeth）\phase2_release\results\full181_supplement\server_baseline_snapshot\results\12_complex_prediction\formal_msa\immunogen_blind_seed1\boltz_results_immunogen_blind_msa\processed\records\immunogen_blind_msa.json,D:\IL-24(teeth）\phase2_release\results\full181_supplement\server_baseline_snapshot\results\12_complex_prediction\formal_msa\immunogen_blind_seed1\boltz_results_immunogen_blind_msa\predictions\immunogen_blind_msa\confidence_immunogen_blind_msa_model_0.json,D:\IL-24(teeth）\phase2_release\results\full181_supplement\server_baseline_snapshot\results\12_complex_prediction\formal_msa\immunogen_blind_seed1\boltz_results_immunogen_blind_msa\predictions\immunogen_blind_msa\pae_immunogen_blind_msa_model_0.npz,/home/xinlab/home/ws/phase2/results/12_complex_prediction/formal_msa/immunogen_blind_seed1/boltz_results_immunogen_blind_msa/predictions/immunogen_blind_msa/immunogen_blind_msa_model_0.pdb,/home/xinlab/home/ws/phase2/results/12_complex_prediction/formal_msa/immunogen_blind_seed1/boltz_results_immunogen_blind_msa/predictions/immunogen_blind_msa/immunogen_blind_msa_model_0.pdb,D:\IL-24(teeth）\phase2_release\results\full181_supplement\server_baseline_snapshot\server_source_inventory.json,formal_msa,passed,matched_at_saved_precision,recomputed_server_original_unrelaxed_PDB,immunogen_blind,14,0.22580645161290322,0.9333333333333333,/home/xinlab/home/ws/phase2/results/12_complex_prediction/formal_msa/immunogen_blind_seed1/boltz_results_immunogen_blind_msa/predictions/immunogen_blind_msa/confidence_immunogen_blind_msa_model_0.json,/home/xinlab/home/ws/phase2/results/12_complex_prediction/formal_msa/immunogen_blind_seed1/boltz_results_immunogen_blind_msa/predictions/immunogen_blind_msa/pae_immunogen_blind_msa_model_0.npz,D:\IL-24(teeth）\phase2_release\results\full181_supplement\server_baseline_snapshot\results\12_complex_prediction\formal_msa\immunogen_blind_seed1\boltz_results_immunogen_blind_msa\processed\records\immunogen_blind_msa.json,/home/xinlab/home/ws/phase2/results/12_complex_prediction/formal_msa/immunogen_blind_seed1/boltz_results_immunogen_blind_msa/processed/records/immunogen_blind_msa.json,"{""A"": ""0"", ""H"": ""1"", ""L"": ""2""}"
Immunogen134,formal_msa,2,D:\IL-24(teeth）\phase2_release\results\full181_supplement\server_baseline_snapshot\results\12_complex_prediction\formal_msa\immunogen_blind_seed2\boltz_results_immunogen_blind_msa\predictions\immunogen_blind_msa\immunogen_blind_msa_model_0.pdb,complete,,0.7492727637290955,0.6529657244682312,0.515193521976471,0.8077925443649292,0-1,80.77949860724235,40.32,98.25,0-100,25,26,23,27;37;38;93;96;97;100;101;103;104;105;106;107;108;109;110;112;113;116;117;120;121;123;124;125,H:30;H:31;H:32;H:33;H:35;H:53;H:54;H:56;H:58;H:73;H:98;H:100;H:101;H:102;H:103;H:104;L:27;L:28;L:29;L:30;L:31;L:32;L:50;L:90;L:91;L:95,27;37;38;92;93;96;97;100;101;103;104;105;106;107;108;109;110;112;113;116;117;120;121;123;124;125,0,1,0.17544376850128174,0.10029405355453491,0.18214206397533417,0.09652768075466156,D:\IL-24(teeth）\phase2_release\results\full181_supplement\server_baseline_snapshot\results\12_complex_prediction\formal_msa\immunogen_blind_seed2\boltz_results_immunogen_blind_msa\processed\records\immunogen_blind_msa.json,D:\IL-24(teeth）\phase2_release\results\full181_supplement\server_baseline_snapshot\results\12_complex_prediction\formal_msa\immunogen_blind_seed2\boltz_results_immunogen_blind_msa\predictions\immunogen_blind_msa\confidence_immunogen_blind_msa_model_0.json,D:\IL-24(teeth）\phase2_release\results\full181_supplement\server_baseline_snapshot\results\12_complex_prediction\formal_msa\immunogen_blind_seed2\boltz_results_immunogen_blind_msa\predictions\immunogen_blind_msa\pae_immunogen_blind_msa_model_0.npz,/home/xinlab/home/ws/phase2/results/12_complex_prediction/formal_msa/immunogen_blind_seed2/boltz_results_immunogen_blind_msa/predictions/immunogen_blind_msa/immunogen_blind_msa_model_0.pdb,/home/xinlab/home/ws/phase2/results/12_complex_prediction/formal_msa/immunogen_blind_seed2/boltz_results_immunogen_blind_msa/predictions/immunogen_blind_msa/immunogen_blind_msa_model_0.pdb,D:\IL-24(teeth）\phase2_release\results\full181_supplement\server_baseline_snapshot\server_source_inventory.json,formal_msa,passed,matched_at_saved_precision,recomputed_server_original_unrelaxed_PDB,immunogen_blind,6,0.0967741935483871,0.24,/home/xinlab/home/ws/phase2/results/12_complex_prediction/formal_msa/immunogen_blind_seed2/boltz_results_immunogen_blind_msa/predictions/immunogen_blind_msa/confidence_immunogen_blind_msa_model_0.json,/home/xinlab/home/ws/phase2/results/12_complex_prediction/formal_msa/immunogen_blind_seed2/boltz_results_immunogen_blind_msa/predictions/immunogen_blind_msa/pae_immunogen_blind_msa_model_0.npz,D:\IL-24(teeth）\phase2_release\results\full181_supplement\server_baseline_snapshot\results\12_complex_prediction\formal_msa\immunogen_blind_seed2\boltz_results_immunogen_blind_msa\processed\records\immunogen_blind_msa.json,/home/xinlab/home/ws/phase2/results/12_complex_prediction/formal_msa/immunogen_blind_seed2/boltz_results_immunogen_blind_msa/processed/records/immunogen_blind_msa.json,"{""A"": ""0"", ""H"": ""1"", ""L"": ""2""}"
Immunogen134,formal_msa,3,D:\IL-24(teeth）\phase2_release\results\full181_supplement\server_baseline_snapshot\results\12_complex_prediction\formal_msa\immunogen_blind_seed3\boltz_results_immunogen_blind_msa\predictions\immunogen_blind_msa\immunogen_blind_msa_model_0.pdb,complete,,0.7591803669929504,0.6525354385375977,0.5140479207038879,0.8204634785652161,0-1,82.04654596100278,40.17,98.4,0-100,20,27,25,40;43;92;93;96;97;100;107;109;110;112;113;114;116;117;120;121;124;127;130,H:30;H:31;H:32;H:33;H:35;H:50;H:52;H:53;H:54;H:56;H:98;H:99;H:100;H:101;H:102;H:103;H:104;L:27;L:28;L:31;L:50;L:53;L:90;L:91;L:92;L:93;L:95,40;43;89;92;93;96;97;98;100;107;108;109;110;111;112;113;114;115;116;117;120;121;123;124;125;127;130,0,1,0.14411869645118713,0.10082872211933136,0.14473369717597961,0.11028213798999786,D:\IL-24(teeth）\phase2_release\results\full181_supplement\server_baseline_snapshot\results\12_complex_prediction\formal_msa\immunogen_blind_seed3\boltz_results_immunogen_blind_msa\processed\records\immunogen_blind_msa.json,D:\IL-24(teeth）\phase2_release\results\full181_supplement\server_baseline_snapshot\results\12_complex_prediction\formal_msa\immunogen_blind_seed3\boltz_results_immunogen_blind_msa\predictions\immunogen_blind_msa\confidence_immunogen_blind_msa_model_0.json,D:\IL-24(teeth）\phase2_release\results\full181_supplement\server_baseline_snapshot\results\12_complex_prediction\formal_msa\immunogen_blind_seed3\boltz_results_immunogen_blind_msa\predictions\immunogen_blind_msa\pae_immunogen_blind_msa_model_0.npz,/home/xinlab/home/ws/phase2/results/12_complex_prediction/formal_msa/immunogen_blind_seed3/boltz_results_immunogen_blind_msa/predictions/immunogen_blind_msa/immunogen_blind_msa_model_0.pdb,/home/xinlab/home/ws/phase2/results/12_complex_prediction/formal_msa/immunogen_blind_seed3/boltz_results_immunogen_blind_msa/predictions/immunogen_blind_msa/immunogen_blind_msa_model_0.pdb,D:\IL-24(teeth）\phase2_release\results\full181_supplement\server_baseline_snapshot\server_source_inventory.json,formal_msa,passed,matched_at_saved_precision,recomputed_server_original_unrelaxed_PDB,immunogen_blind,6,0.0967741935483871,0.3,/home/xinlab/home/ws/phase2/results/12_complex_prediction/formal_msa/immunogen_blind_seed3/boltz_results_immunogen_blind_msa/predictions/immunogen_blind_msa/confidence_immunogen_blind_msa_model_0.json,/home/xinlab/home/ws/phase2/results/12_complex_prediction/formal_msa/immunogen_blind_seed3/boltz_results_immunogen_blind_msa/predictions/immunogen_blind_msa/pae_immunogen_blind_msa_model_0.npz,D:\IL-24(teeth）\phase2_release\results\full181_supplement\server_baseline_snapshot\results\12_complex_prediction\formal_msa\immunogen_blind_seed3\boltz_results_immunogen_blind_msa\processed\records\immunogen_blind_msa.json,/home/xinlab/home/ws/phase2/results/12_complex_prediction/formal_msa/immunogen_blind_seed3/boltz_results_immunogen_blind_msa/processed/records/immunogen_blind_msa.json,"{""A"": ""0"", ""H"": ""1"", ""L"": ""2""}"
Immunogen134,formal_msa,4,D:\IL-24(teeth）\phase2_release\results\full181_supplement\server_baseline_snapshot\results\12_complex_prediction\formal_msa\immunogen_blind_seed4\boltz_results_immunogen_blind_msa\predictions\immunogen_blind_msa\immunogen_blind_msa_model_0.pdb,complete,,0.7660989165306091,0.6793020963668823,0.55003422498703,0.8201150298118591,0-1,82.01139275766016,39.87,98.35,0-100,16,20,18,79;89;132;133;135;136;137;139;140;142;143;145;146;149;150;153,H:30;H:31;H:32;H:33;H:35;H:50;H:52;H:53;H:54;H:56;H:73;H:98;H:99;H:100;H:104;L:90;L:91;L:92;L:93;L:95,79;89;132;133;134;135;136;137;138;139;140;142;143;145;146;149;150;153,0,1,0.21591269969940186,0.18632730841636658,0.21002474427223206,0.16803935170173645,D:\IL-24(teeth）\phase2_release\results\full181_supplement\server_baseline_snapshot\results\12_complex_prediction\formal_msa\immunogen_blind_seed4\boltz_results_immunogen_blind_msa\processed\records\immunogen_blind_msa.json,D:\IL-24(teeth）\phase2_release\results\full181_supplement\server_baseline_snapshot\results\12_complex_prediction\formal_msa\immunogen_blind_seed4\boltz_results_immunogen_blind_msa\predictions\immunogen_blind_msa\confidence_immunogen_blind_msa_model_0.json,D:\IL-24(teeth）\phase2_release\results\full181_supplement\server_baseline_snapshot\results\12_complex_prediction\formal_msa\immunogen_blind_seed4\boltz_results_immunogen_blind_msa\predictions\immunogen_blind_msa\pae_immunogen_blind_msa_model_0.npz,/home/xinlab/home/ws/phase2/results/12_complex_prediction/formal_msa/immunogen_blind_seed4/boltz_results_immunogen_blind_msa/predictions/immunogen_blind_msa/immunogen_blind_msa_model_0.pdb,/home/xinlab/home/ws/phase2/results/12_complex_prediction/formal_msa/immunogen_blind_seed4/boltz_results_immunogen_blind_msa/predictions/immunogen_blind_msa/immunogen_blind_msa_model_0.pdb,D:\IL-24(teeth）\phase2_release\results\full181_supplement\server_baseline_snapshot\server_source_inventory.json,formal_msa,passed,matched_at_saved_precision,recomputed_server_original_unrelaxed_PDB,immunogen_blind,13,0.20967741935483872,0.8125,/home/xinlab/home/ws/phase2/results/12_complex_prediction/formal_msa/immunogen_blind_seed4/boltz_results_immunogen_blind_msa/predictions/immunogen_blind_msa/confidence_immunogen_blind_msa_model_0.json,/home/xinlab/home/ws/phase2/results/12_complex_prediction/formal_msa/immunogen_blind_seed4/boltz_results_immunogen_blind_msa/predictions/immunogen_blind_msa/pae_immunogen_blind_msa_model_0.npz,D:\IL-24(teeth）\phase2_release\results\full181_supplement\server_baseline_snapshot\results\12_complex_prediction\formal_msa\immunogen_blind_seed4\boltz_results_immunogen_blind_msa\processed\records\immunogen_blind_msa.json,/home/xinlab/home/ws/phase2/results/12_complex_prediction/formal_msa/immunogen_blind_seed4/boltz_results_immunogen_blind_msa/processed/records/immunogen_blind_msa.json,"{""A"": ""0"", ""H"": ""1"", ""L"": ""2""}"
Immunogen134,formal_msa,5,D:\IL-24(teeth）\phase2_release\results\full181_supplement\server_baseline_snapshot\results\12_complex_prediction\formal_msa\immunogen_blind_seed5\boltz_results_immunogen_blind_msa\predictions\immunogen_blind_msa\immunogen_blind_msa_model_0.pdb,complete,,0.767654299736023,0.6923048496246338,0.5641065239906311,0.8185412287712097,0-1,81.8541504178273,41.29,98.39,0-100,15,22,18,73;79;132;135;136;139;140;142;143;144;146;147;149;150;153,H:30;H:31;H:32;H:33;H:35;H:50;H:53;H:54;H:58;H:64;H:98;H:99;H:100;H:101;H:102;H:104;L:50;L:53;L:91;L:92;L:93;L:95,70;73;79;132;135;136;139;140;142;143;144;146;147;149;150;153,0,1,0.24380262196063995,0.2123006135225296,0.23534567654132843,0.17965616285800934,D:\IL-24(teeth）\phase2_release\results\full181_supplement\server_baseline_snapshot\results\12_complex_prediction\formal_msa\immunogen_blind_seed5\boltz_results_immunogen_blind_msa\processed\records\immunogen_blind_msa.json,D:\IL-24(teeth）\phase2_release\results\full181_supplement\server_baseline_snapshot\results\12_complex_prediction\formal_msa\immunogen_blind_seed5\boltz_results_immunogen_blind_msa\predictions\immunogen_blind_msa\confidence_immunogen_blind_msa_model_0.json,D:\IL-24(teeth）\phase2_release\results\full181_supplement\server_baseline_snapshot\results\12_complex_prediction\formal_msa\immunogen_blind_seed5\boltz_results_immunogen_blind_msa\predictions\immunogen_blind_msa\pae_immunogen_blind_msa_model_0.npz,/home/xinlab/home/ws/phase2/results/12_complex_prediction/formal_msa/immunogen_blind_seed5/boltz_results_immunogen_blind_msa/predictions/immunogen_blind_msa/immunogen_blind_msa_model_0.pdb,/home/xinlab/home/ws/phase2/results/12_complex_prediction/formal_msa/immunogen_blind_seed5/boltz_results_immunogen_blind_msa/predictions/immunogen_blind_msa/immunogen_blind_msa_model_0.pdb,D:\IL-24(teeth）\phase2_release\results\full181_supplement\server_baseline_snapshot\server_source_inventory.json,formal_msa,passed,matched_at_saved_precision,recomputed_server_original_unrelaxed_PDB,immunogen_blind,13,0.20967741935483872,0.8666666666666667,/home/xinlab/home/ws/phase2/results/12_complex_prediction/formal_msa/immunogen_blind_seed5/boltz_results_immunogen_blind_msa/predictions/immunogen_blind_msa/confidence_immunogen_blind_msa_model_0.json,/home/xinlab/home/ws/phase2/results/12_complex_prediction/formal_msa/immunogen_blind_seed5/boltz_results_immunogen_blind_msa/predictions/immunogen_blind_msa/pae_immunogen_blind_msa_model_0.npz,D:\IL-24(teeth）\phase2_release\results\full181_supplement\server_baseline_snapshot\results\12_complex_prediction\formal_msa\immunogen_blind_seed5\boltz_results_immunogen_blind_msa\processed\records\immunogen_blind_msa.json,/home/xinlab/home/ws/phase2/results/12_complex_prediction/formal_msa/immunogen_blind_seed5/boltz_results_immunogen_blind_msa/processed/records/immunogen_blind_msa.json,"{""A"": ""0"", ""H"": ""1"", ""L"": ""2""}"
Immunogen134,formal_msa,6,D:\IL-24(teeth）\phase2_release\results\full181_supplement\server_baseline_snapshot\results\12_complex_prediction\formal_msa\immunogen_blind_seed6\boltz_results_immunogen_blind_msa\predictions\immunogen_blind_msa\immunogen_blind_msa_model_0.pdb,complete,,0.7748173475265503,0.7114654183387756,0.5885767936706543,0.8213774561882019,0-1,82.13771587743732,42.39,98.43,0-100,15,20,16,73;79;132;135;136;139;140;142;143;144;146;147;149;150;153,H:30;H:31;H:32;H:33;H:35;H:50;H:53;H:58;H:64;H:98;H:99;H:100;H:101;H:102;H:104;L:53;L:91;L:92;L:93;L:95,73;74;79;132;135;136;139;140;142;143;144;146;147;149;150;153,0,1,0.3016507923603058,0.27272385358810425,0.28608983755111694,0.229314386844635,D:\IL-24(teeth）\phase2_release\results\full181_supplement\server_baseline_snapshot\results\12_complex_prediction\formal_msa\immunogen_blind_seed6\boltz_results_immunogen_blind_msa\processed\records\immunogen_blind_msa.json,D:\IL-24(teeth）\phase2_release\results\full181_supplement\server_baseline_snapshot\results\12_complex_prediction\formal_msa\immunogen_blind_seed6\boltz_results_immunogen_blind_msa\predictions\immunogen_blind_msa\confidence_immunogen_blind_msa_model_0.json,D:\IL-24(teeth）\phase2_release\results\full181_supplement\server_baseline_snapshot\results\12_complex_prediction\formal_msa\immunogen_blind_seed6\boltz_results_immunogen_blind_msa\predictions\immunogen_blind_msa\pae_immunogen_blind_msa_model_0.npz,/home/xinlab/home/ws/phase2/results/12_complex_prediction/formal_msa/immunogen_blind_seed6/boltz_results_immunogen_blind_msa/predictions/immunogen_blind_msa/immunogen_blind_msa_model_0.pdb,/home/xinlab/home/ws/phase2/results/12_complex_prediction/formal_msa/immunogen_blind_seed6/boltz_results_immunogen_blind_msa/predictions/immunogen_blind_msa/immunogen_blind_msa_model_0.pdb,D:\IL-24(teeth）\phase2_release\results\full181_supplement\server_baseline_snapshot\server_source_inventory.json,formal_msa,passed,matched_at_saved_precision,recomputed_server_original_unrelaxed_PDB,immunogen_blind,13,0.20967741935483872,0.8666666666666667,/home/xinlab/home/ws/phase2/results/12_complex_prediction/formal_msa/immunogen_blind_seed6/boltz_results_immunogen_blind_msa/predictions/immunogen_blind_msa/confidence_immunogen_blind_msa_model_0.json,/home/xinlab/home/ws/phase2/results/12_complex_prediction/formal_msa/immunogen_blind_seed6/boltz_results_immunogen_blind_msa/predictions/immunogen_blind_msa/pae_immunogen_blind_msa_model_0.npz,D:\IL-24(teeth）\phase2_release\results\full181_supplement\server_baseline_snapshot\results\12_complex_prediction\formal_msa\immunogen_blind_seed6\boltz_results_immunogen_blind_msa\processed\records\immunogen_blind_msa.json,/home/xinlab/home/ws/phase2/results/12_complex_prediction/formal_msa/immunogen_blind_seed6/boltz_results_immunogen_blind_msa/processed/records/immunogen_blind_msa.json,"{""A"": ""0"", ""H"": ""1"", ""L"": ""2""}"
Immunogen134,formal_msa,7,D:\IL-24(teeth）\phase2_release\results\full181_supplement\server_baseline_snapshot\results\12_complex_prediction\formal_msa\immunogen_blind_seed7\boltz_results_immunogen_blind_msa\predictions\immunogen_blind_msa\immunogen_blind_msa_model_0.pdb,complete,,0.7597211003303528,0.6769843697547913,0.5455464124679565,0.8132647275924683,0-1,81.32637883008356,41.97,98.34,0-100,17,22,19,70;73;74;79;133;135;136;139;140;142;143;144;146;147;149;150;153,H:30;H:31;H:32;H:33;H:35;H:50;H:52;H:53;H:54;H:58;H:98;H:99;H:100;H:101;H:102;H:104;L:53;L:90;L:91;L:92;L:93;L:95,70;73;74;79;132;133;135;136;139;140;142;143;144;145;146;147;149;150;153,0,1,0.20971524715423584,0.16247957944869995,0.2045893669128418,0.14342500269412994,D:\IL-24(teeth）\phase2_release\results\full181_supplement\server_baseline_snapshot\results\12_complex_prediction\formal_msa\immunogen_blind_seed7\boltz_results_immunogen_blind_msa\processed\records\immunogen_blind_msa.json,D:\IL-24(teeth）\phase2_release\results\full181_supplement\server_baseline_snapshot\results\12_complex_prediction\formal_msa\immunogen_blind_seed7\boltz_results_immunogen_blind_msa\predictions\immunogen_blind_msa\confidence_immunogen_blind_msa_model_0.json,D:\IL-24(teeth）\phase2_release\results\full181_supplement\server_baseline_snapshot\results\12_complex_prediction\formal_msa\immunogen_blind_seed7\boltz_results_immunogen_blind_msa\predictions\immunogen_blind_msa\pae_immunogen_blind_msa_model_0.npz,/home/xinlab/home/ws/phase2/results/12_complex_prediction/formal_msa/immunogen_blind_seed7/boltz_results_immunogen_blind_msa/predictions/immunogen_blind_msa/immunogen_blind_msa_model_0.pdb,/home/xinlab/home/ws/phase2/results/12_complex_prediction/formal_msa/immunogen_blind_seed7/boltz_results_immunogen_blind_msa/predictions/immunogen_blind_msa/immunogen_blind_msa_model_0.pdb,D:\IL-24(teeth）\phase2_release\results\full181_supplement\server_baseline_snapshot\server_source_inventory.json,formal_msa,passed,matched_at_saved_precision,recomputed_server_original_unrelaxed_PDB,immunogen_blind,15,0.24193548387096775,0.8823529411764706,/home/xinlab/home/ws/phase2/results/12_complex_prediction/formal_msa/immunogen_blind_seed7/boltz_results_immunogen_blind_msa/predictions/immunogen_blind_msa/confidence_immunogen_blind_msa_model_0.json,/home/xinlab/home/ws/phase2/results/12_complex_prediction/formal_msa/immunogen_blind_seed7/boltz_results_immunogen_blind_msa/predictions/immunogen_blind_msa/pae_immunogen_blind_msa_model_0.npz,D:\IL-24(teeth）\phase2_release\results\full181_supplement\server_baseline_snapshot\results\12_complex_prediction\formal_msa\immunogen_blind_seed7\boltz_results_immunogen_blind_msa\processed\records\immunogen_blind_msa.json,/home/xinlab/home/ws/phase2/results/12_complex_prediction/formal_msa/immunogen_blind_seed7/boltz_results_immunogen_blind_msa/processed/records/immunogen_blind_msa.json,"{""A"": ""0"", ""H"": ""1"", ""L"": ""2""}"
Immunogen134,formal_msa,8,D:\IL-24(teeth）\phase2_release\results\full181_supplement\server_baseline_snapshot\results\12_complex_prediction\formal_msa\immunogen_blind_seed8\boltz_results_immunogen_blind_msa\predictions\immunogen_blind_msa\immunogen_blind_msa_model_0.pdb,complete,,0.7749651074409485,0.6919706463813782,0.5696890950202942,0.8262841105461121,0-1,82.6283286908078,42.2,98.29,0-100,29,29,25,27;37;38;40;43;92;93;96;97;100;103;104;105;106;107;108;109;110;112;113;114;116;117;120;121;123;124;125;127,H:30;H:31;H:32;H:33;H:35;H:50;H:52;H:53;H:54;H:56;H:58;H:98;H:100;H:101;H:102;H:104;L:28;L:29;L:30;L:31;L:32;L:50;L:53;L:67;L:90;L:91;L:92;L:93;L:95,27;37;38;40;43;85;92;93;96;97;100;101;103;104;105;106;107;108;109;110;112;113;114;116;117;118;120;121;123;124;125;127,0,1,0.24406208097934723,0.1723967045545578,0.24461401998996735,0.14053604006767273,D:\IL-24(teeth）\phase2_release\results\full181_supplement\server_baseline_snapshot\results\12_complex_prediction\formal_msa\immunogen_blind_seed8\boltz_results_immunogen_blind_msa\processed\records\immunogen_blind_msa.json,D:\IL-24(teeth）\phase2_release\results\full181_supplement\server_baseline_snapshot\results\12_complex_prediction\formal_msa\immunogen_blind_seed8\boltz_results_immunogen_blind_msa\predictions\immunogen_blind_msa\confidence_immunogen_blind_msa_model_0.json,D:\IL-24(teeth）\phase2_release\results\full181_supplement\server_baseline_snapshot\results\12_complex_prediction\formal_msa\immunogen_blind_seed8\boltz_results_immunogen_blind_msa\predictions\immunogen_blind_msa\pae_immunogen_blind_msa_model_0.npz,/home/xinlab/home/ws/phase2/results/12_complex_prediction/formal_msa/immunogen_blind_seed8/boltz_results_immunogen_blind_msa/predictions/immunogen_blind_msa/immunogen_blind_msa_model_0.pdb,/home/xinlab/home/ws/phase2/results/12_complex_prediction/formal_msa/immunogen_blind_seed8/boltz_results_immunogen_blind_msa/predictions/immunogen_blind_msa/immunogen_blind_msa_model_0.pdb,D:\IL-24(teeth）\phase2_release\results\full181_supplement\server_baseline_snapshot\server_source_inventory.json,formal_msa,passed,matched_at_saved_precision,recomputed_server_original_unrelaxed_PDB,immunogen_blind,7,0.11290322580645161,0.2413793103448276,/home/xinlab/home/ws/phase2/results/12_complex_prediction/formal_msa/immunogen_blind_seed8/boltz_results_immunogen_blind_msa/predictions/immunogen_blind_msa/confidence_immunogen_blind_msa_model_0.json,/home/xinlab/home/ws/phase2/results/12_complex_prediction/formal_msa/immunogen_blind_seed8/boltz_results_immunogen_blind_msa/predictions/immunogen_blind_msa/pae_immunogen_blind_msa_model_0.npz,D:\IL-24(teeth）\phase2_release\results\full181_supplement\server_baseline_snapshot\results\12_complex_prediction\formal_msa\immunogen_blind_seed8\boltz_results_immunogen_blind_msa\processed\records\immunogen_blind_msa.json,/home/xinlab/home/ws/phase2/results/12_complex_prediction/formal_msa/immunogen_blind_seed8/boltz_results_immunogen_blind_msa/processed/records/immunogen_blind_msa.json,"{""A"": ""0"", ""H"": ""1"", ""L"": ""2""}"
Immunogen134,formal_msa,9,D:\IL-24(teeth）\phase2_release\results\full181_supplement\server_baseline_snapshot\results\12_complex_prediction\formal_msa\immunogen_blind_seed9\boltz_results_immunogen_blind_msa\predictions\immunogen_blind_msa\immunogen_blind_msa_model_0.pdb,complete,,0.748965859413147,0.6579126119613647,0.5219049453735352,0.8057310581207275,0-1,80.57317548746518,37.5,98.3,0-100,28,26,23,27;37;38;39;40;42;43;46;92;96;97;100;107;108;109;110;111;112;113;114;116;117;118;120;121;124;125;127,H:30;H:31;H:32;H:33;H:35;H:52;H:53;H:54;H:56;H:58;H:98;H:99;H:100;H:101;H:102;H:104;L:28;L:29;L:32;L:50;L:53;L:90;L:91;L:92;L:93;L:95,27;37;38;39;40;42;43;46;92;96;97;100;107;108;109;110;111;112;113;114;115;116;117;118;120;121;122;123;124;125;127,0,1,0.16477572917938232,0.1010415330529213,0.16762694716453552,0.09602499008178711,D:\IL-24(teeth）\phase2_release\results\full181_supplement\server_baseline_snapshot\results\12_complex_prediction\formal_msa\immunogen_blind_seed9\boltz_results_immunogen_blind_msa\processed\records\immunogen_blind_msa.json,D:\IL-24(teeth）\phase2_release\results\full181_supplement\server_baseline_snapshot\results\12_complex_prediction\formal_msa\immunogen_blind_seed9\boltz_results_immunogen_blind_msa\predictions\immunogen_blind_msa\confidence_immunogen_blind_msa_model_0.json,D:\IL-24(teeth）\phase2_release\results\full181_supplement\server_baseline_snapshot\results\12_complex_prediction\formal_msa\immunogen_blind_seed9\boltz_results_immunogen_blind_msa\predictions\immunogen_blind_msa\pae_immunogen_blind_msa_model_0.npz,/home/xinlab/home/ws/phase2/results/12_complex_prediction/formal_msa/immunogen_blind_seed9/boltz_results_immunogen_blind_msa/predictions/immunogen_blind_msa/immunogen_blind_msa_model_0.pdb,/home/xinlab/home/ws/phase2/results/12_complex_prediction/formal_msa/immunogen_blind_seed9/boltz_results_immunogen_blind_msa/predictions/immunogen_blind_msa/immunogen_blind_msa_model_0.pdb,D:\IL-24(teeth）\phase2_release\results\full181_supplement\server_baseline_snapshot\server_source_inventory.json,formal_msa,passed,matched_at_saved_precision,recomputed_server_original_unrelaxed_PDB,immunogen_blind,7,0.11290322580645161,0.25,/home/xinlab/home/ws/phase2/results/12_complex_prediction/formal_msa/immunogen_blind_seed9/boltz_results_immunogen_blind_msa/predictions/immunogen_blind_msa/confidence_immunogen_blind_msa_model_0.json,/home/xinlab/home/ws/phase2/results/12_complex_prediction/formal_msa/immunogen_blind_seed9/boltz_results_immunogen_blind_msa/predictions/immunogen_blind_msa/pae_immunogen_blind_msa_model_0.npz,D:\IL-24(teeth）\phase2_release\results\full181_supplement\server_baseline_snapshot\results\12_complex_prediction\formal_msa\immunogen_blind_seed9\boltz_results_immunogen_blind_msa\processed\records\immunogen_blind_msa.json,/home/xinlab/home/ws/phase2/results/12_complex_prediction/formal_msa/immunogen_blind_seed9/boltz_results_immunogen_blind_msa/processed/records/immunogen_blind_msa.json,"{""A"": ""0"", ""H"": ""1"", ""L"": ""2""}"
Immunogen134,formal_msa,10,D:\IL-24(teeth）\phase2_release\results\full181_supplement\server_baseline_snapshot\results\12_complex_prediction\formal_msa\immunogen_blind_seed10\boltz_results_immunogen_blind_msa\predictions\immunogen_blind_msa\immunogen_blind_msa_model_0.pdb,complete,,0.7530272603034973,0.6567746996879578,0.5187256932258606,0.8116026520729065,0-1,81.16027855153203,38.79,98.35,0-100,20,26,24,40;43;92;93;96;97;100;109;110;112;113;114;116;117;120;121;123;124;127;130,H:30;H:31;H:32;H:33;H:35;H:50;H:52;H:53;H:54;H:56;H:98;H:99;H:100;H:101;H:102;H:104;L:27;L:28;L:31;L:50;L:53;L:90;L:91;L:92;L:93;L:95,40;43;92;93;96;97;98;100;107;109;110;112;113;114;116;117;120;121;123;124;125;127;130,0,1,0.1552198827266693,0.0945235937833786,0.15333808958530426,0.08698195964097977,D:\IL-24(teeth）\phase2_release\results\full181_supplement\server_baseline_snapshot\results\12_complex_prediction\formal_msa\immunogen_blind_seed10\boltz_results_immunogen_blind_msa\processed\records\immunogen_blind_msa.json,D:\IL-24(teeth）\phase2_release\results\full181_supplement\server_baseline_snapshot\results\12_complex_prediction\formal_msa\immunogen_blind_seed10\boltz_results_immunogen_blind_msa\predictions\immunogen_blind_msa\confidence_immunogen_blind_msa_model_0.json,D:\IL-24(teeth）\phase2_release\results\full181_supplement\server_baseline_snapshot\results\12_complex_prediction\formal_msa\immunogen_blind_seed10\boltz_results_immunogen_blind_msa\predictions\immunogen_blind_msa\pae_immunogen_blind_msa_model_0.npz,/home/xinlab/home/ws/phase2/results/12_complex_prediction/formal_msa/immunogen_blind_seed10/boltz_results_immunogen_blind_msa/predictions/immunogen_blind_msa/immunogen_blind_msa_model_0.pdb,/home/xinlab/home/ws/phase2/results/12_complex_prediction/formal_msa/immunogen_blind_seed10/boltz_results_immunogen_blind_msa/predictions/immunogen_blind_msa/immunogen_blind_msa_model_0.pdb,D:\IL-24(teeth）\phase2_release\results\full181_supplement\server_baseline_snapshot\server_source_inventory.json,formal_msa,passed,matched_at_saved_precision,recomputed_server_original_unrelaxed_PDB,immunogen_blind,7,0.11290322580645161,0.35,/home/xinlab/home/ws/phase2/results/12_complex_prediction/formal_msa/immunogen_blind_seed10/boltz_results_immunogen_blind_msa/predictions/immunogen_blind_msa/confidence_immunogen_blind_msa_model_0.json,/home/xinlab/home/ws/phase2/results/12_complex_prediction/formal_msa/immunogen_blind_seed10/boltz_results_immunogen_blind_msa/predictions/immunogen_blind_msa/pae_immunogen_blind_msa_model_0.npz,D:\IL-24(teeth）\phase2_release\results\full181_supplement\server_baseline_snapshot\results\12_complex_prediction\formal_msa\immunogen_blind_seed10\boltz_results_immunogen_blind_msa\processed\records\immunogen_blind_msa.json,/home/xinlab/home/ws/phase2/results/12_complex_prediction/formal_msa/immunogen_blind_seed10/boltz_results_immunogen_blind_msa/processed/records/immunogen_blind_msa.json,"{""A"": ""0"", ""H"": ""1"", ""L"": ""2""}"
Immunogen134,formal_msa,11,D:\IL-24(teeth）\phase2_release\results\full181_supplement\server_baseline_snapshot\results\12_complex_prediction\formal_msa\immunogen_blind_seed11\boltz_results_immunogen_blind_msa\predictions\immunogen_blind_msa\immunogen_blind_msa_model_0.pdb,complete,,0.7590550184249878,0.6883047819137573,0.5611817240715027,0.8085232973098755,0-1,80.85225626740947,36.03,98.38,0-100,17,21,19,70;71;73;74;79;133;135;136;137;139;140;142;143;144;146;147;150,H:31;H:32;H:33;H:50;H:53;H:54;H:56;H:57;H:58;H:98;H:100;H:101;H:102;H:104;L:31;L:50;L:53;L:91;L:92;L:93;L:95,70;71;73;74;75;79;132;133;135;136;137;139;140;141;142;143;144;146;147;150,0,1,0.2486204206943512,0.1938629150390625,0.23797130584716797,0.13321875035762787,D:\IL-24(teeth）\phase2_release\results\full181_supplement\server_baseline_snapshot\results\12_complex_prediction\formal_msa\immunogen_blind_seed11\boltz_results_immunogen_blind_msa\processed\records\immunogen_blind_msa.json,D:\IL-24(teeth）\phase2_release\results\full181_supplement\server_baseline_snapshot\results\12_complex_prediction\formal_msa\immunogen_blind_seed11\boltz_results_immunogen_blind_msa\predictions\immunogen_blind_msa\confidence_immunogen_blind_msa_model_0.json,D:\IL-24(teeth）\phase2_release\results\full181_supplement\server_baseline_snapshot\results\12_complex_prediction\formal_msa\immunogen_blind_seed11\boltz_results_immunogen_blind_msa\predictions\immunogen_blind_msa\pae_immunogen_blind_msa_model_0.npz,/home/xinlab/home/ws/phase2/results/12_complex_prediction/formal_msa/immunogen_blind_seed11/boltz_results_immunogen_blind_msa/predictions/immunogen_blind_msa/immunogen_blind_msa_model_0.pdb,/home/xinlab/home/ws/phase2/results/12_complex_prediction/formal_msa/immunogen_blind_seed11/boltz_results_immunogen_blind_msa/predictions/immunogen_blind_msa/immunogen_blind_msa_model_0.pdb,D:\IL-24(teeth）\phase2_release\results\full181_supplement\server_baseline_snapshot\server_source_inventory.json,formal_msa,passed,matched_at_saved_precision,recomputed_server_original_unrelaxed_PDB,immunogen_blind,15,0.24193548387096775,0.8823529411764706,/home/xinlab/home/ws/phase2/results/12_complex_prediction/formal_msa/immunogen_blind_seed11/boltz_results_immunogen_blind_msa/predictions/immunogen_blind_msa/confidence_immunogen_blind_msa_model_0.json,/home/xinlab/home/ws/phase2/results/12_complex_prediction/formal_msa/immunogen_blind_seed11/boltz_results_immunogen_blind_msa/predictions/immunogen_blind_msa/pae_immunogen_blind_msa_model_0.npz,D:\IL-24(teeth）\phase2_release\results\full181_supplement\server_baseline_snapshot\results\12_complex_prediction\formal_msa\immunogen_blind_seed11\boltz_results_immunogen_blind_msa\processed\records\immunogen_blind_msa.json,/home/xinlab/home/ws/phase2/results/12_complex_prediction/formal_msa/immunogen_blind_seed11/boltz_results_immunogen_blind_msa/processed/records/immunogen_blind_msa.json,"{""A"": ""0"", ""H"": ""1"", ""L"": ""2""}"
Immunogen134,formal_msa,12,D:\IL-24(teeth）\phase2_release\results\full181_supplement\server_baseline_snapshot\results\12_complex_prediction\formal_msa\immunogen_blind_seed12\boltz_results_immunogen_blind_msa\predictions\immunogen_blind_msa\immunogen_blind_msa_model_0.pdb,complete,,0.7579488158226013,0.6603401899337769,0.5249993205070496,0.8161861896514893,0-1,81.61863509749304,36.34,98.36,0-100,21,26,23,27;38;40;43;92;93;96;97;100;109;110;112;113;116;117;120;121;123;124;127;130,H:30;H:31;H:32;H:33;H:35;H:50;H:52;H:53;H:54;H:56;H:58;H:98;H:99;H:100;H:101;H:102;H:104;L:27;L:28;L:50;L:53;L:90;L:91;L:92;L:93;L:95,27;38;39;40;43;89;91;92;93;96;97;100;109;110;112;113;114;115;116;117;120;121;123;124;125;127;130,0,1,0.16464672982692719,0.09982553869485855,0.16430965065956116,0.09299146384000778,D:\IL-24(teeth）\phase2_release\results\full181_supplement\server_baseline_snapshot\results\12_complex_prediction\formal_msa\immunogen_blind_seed12\boltz_results_immunogen_blind_msa\processed\records\immunogen_blind_msa.json,D:\IL-24(teeth）\phase2_release\results\full181_supplement\server_baseline_snapshot\results\12_complex_prediction\formal_msa\immunogen_blind_seed12\boltz_results_immunogen_blind_msa\predictions\immunogen_blind_msa\confidence_immunogen_blind_msa_model_0.json,D:\IL-24(teeth）\phase2_release\results\full181_supplement\server_baseline_snapshot\results\12_complex_prediction\formal_msa\immunogen_blind_seed12\boltz_results_immunogen_blind_msa\predictions\immunogen_blind_msa\pae_immunogen_blind_msa_model_0.npz,/home/xinlab/home/ws/phase2/results/12_complex_prediction/formal_msa/immunogen_blind_seed12/boltz_results_immunogen_blind_msa/predictions/immunogen_blind_msa/immunogen_blind_msa_model_0.pdb,/home/xinlab/home/ws/phase2/results/12_complex_prediction/formal_msa/immunogen_blind_seed12/boltz_results_immunogen_blind_msa/predictions/immunogen_blind_msa/immunogen_blind_msa_model_0.pdb,D:\IL-24(teeth）\phase2_release\results\full181_supplement\server_baseline_snapshot\server_source_inventory.json,formal_msa,passed,matched_at_saved_precision,recomputed_server_original_unrelaxed_PDB,immunogen_blind,7,0.11290322580645161,0.3333333333333333,/home/xinlab/home/ws/phase2/results/12_complex_prediction/formal_msa/immunogen_blind_seed12/boltz_results_immunogen_blind_msa/predictions/immunogen_blind_msa/confidence_immunogen_blind_msa_model_0.json,/home/xinlab/home/ws/phase2/results/12_complex_prediction/formal_msa/immunogen_blind_seed12/boltz_results_immunogen_blind_msa/predictions/immunogen_blind_msa/pae_immunogen_blind_msa_model_0.npz,D:\IL-24(teeth）\phase2_release\results\full181_supplement\server_baseline_snapshot\results\12_complex_prediction\formal_msa\immunogen_blind_seed12\boltz_results_immunogen_blind_msa\processed\records\immunogen_blind_msa.json,/home/xinlab/home/ws/phase2/results/12_complex_prediction/formal_msa/immunogen_blind_seed12/boltz_results_immunogen_blind_msa/processed/records/immunogen_blind_msa.json,"{""A"": ""0"", ""H"": ""1"", ""L"": ""2""}"
Immunogen134,formal_msa,13,D:\IL-24(teeth）\phase2_release\results\full181_supplement\server_baseline_snapshot\results\12_complex_prediction\formal_msa\immunogen_blind_seed13\boltz_results_immunogen_blind_msa\predictions\immunogen_blind_msa\immunogen_blind_msa_model_0.pdb,complete,,0.7704123258590698,0.6964502334594727,0.569126546382904,0.8207337260246277,0-1,82.07320334261838,36.69,98.36,0-100,16,20,18,70;74;79;135;136;139;140;142;143;144;145;146;147;149;150;153,H:28;H:30;H:31;H:32;H:33;H:35;H:50;H:53;H:56;H:57;H:58;H:98;H:99;H:100;H:101;H:102;H:104;L:50;L:93;L:95,70;71;73;74;79;132;135;136;139;140;142;143;144;145;146;147;149;150;153,0,1,0.2624169588088989,0.2256772816181183,0.24648453295230865,0.15698586404323578,D:\IL-24(teeth）\phase2_release\results\full181_supplement\server_baseline_snapshot\results\12_complex_prediction\formal_msa\immunogen_blind_seed13\boltz_results_immunogen_blind_msa\processed\records\immunogen_blind_msa.json,D:\IL-24(teeth）\phase2_release\results\full181_supplement\server_baseline_snapshot\results\12_complex_prediction\formal_msa\immunogen_blind_seed13\boltz_results_immunogen_blind_msa\predictions\immunogen_blind_msa\confidence_immunogen_blind_msa_model_0.json,D:\IL-24(teeth）\phase2_release\results\full181_supplement\server_baseline_snapshot\results\12_complex_prediction\formal_msa\immunogen_blind_seed13\boltz_results_immunogen_blind_msa\predictions\immunogen_blind_msa\pae_immunogen_blind_msa_model_0.npz,/home/xinlab/home/ws/phase2/results/12_complex_prediction/formal_msa/immunogen_blind_seed13/boltz_results_immunogen_blind_msa/predictions/immunogen_blind_msa/immunogen_blind_msa_model_0.pdb,/home/xinlab/home/ws/phase2/results/12_complex_prediction/formal_msa/immunogen_blind_seed13/boltz_results_immunogen_blind_msa/predictions/immunogen_blind_msa/immunogen_blind_msa_model_0.pdb,D:\IL-24(teeth）\phase2_release\results\full181_supplement\server_baseline_snapshot\server_source_inventory.json,formal_msa,passed,matched_at_saved_precision,recomputed_server_original_unrelaxed_PDB,immunogen_blind,14,0.22580645161290322,0.875,/home/xinlab/home/ws/phase2/results/12_complex_prediction/formal_msa/immunogen_blind_seed13/boltz_results_immunogen_blind_msa/predictions/immunogen_blind_msa/confidence_immunogen_blind_msa_model_0.json,/home/xinlab/home/ws/phase2/results/12_complex_prediction/formal_msa/immunogen_blind_seed13/boltz_results_immunogen_blind_msa/predictions/immunogen_blind_msa/pae_immunogen_blind_msa_model_0.npz,D:\IL-24(teeth）\phase2_release\results\full181_supplement\server_baseline_snapshot\results\12_complex_prediction\formal_msa\immunogen_blind_seed13\boltz_results_immunogen_blind_msa\processed\records\immunogen_blind_msa.json,/home/xinlab/home/ws/phase2/results/12_complex_prediction/formal_msa/immunogen_blind_seed13/boltz_results_immunogen_blind_msa/processed/records/immunogen_blind_msa.json,"{""A"": ""0"", ""H"": ""1"", ""L"": ""2""}"
Immunogen134,formal_msa,14,D:\IL-24(teeth）\phase2_release\results\full181_supplement\server_baseline_snapshot\results\12_complex_prediction\formal_msa\immunogen_blind_seed14\boltz_results_immunogen_blind_msa\predictions\immunogen_blind_msa\immunogen_blind_msa_model_0.pdb,complete,,0.7610371708869934,0.6496674418449402,0.5095124244689941,0.823918342590332,0-1,82.39183844011143,35.99,98.37,0-100,19,25,23,27;40;43;92;93;96;97;98;100;109;110;112;113;116;117;120;121;123;124,H:30;H:31;H:32;H:33;H:35;H:50;H:52;H:53;H:54;H:56;H:98;H:99;H:100;H:101;H:102;H:103;H:104;L:31;L:50;L:53;L:90;L:91;L:92;L:93;L:95,27;40;43;91;92;93;96;97;98;100;101;103;107;109;110;112;113;114;116;117;120;121;123;124;127,0,1,0.13923504948616028,0.08540622144937515,0.1379205882549286,0.07650598138570786,D:\IL-24(teeth）\phase2_release\results\full181_supplement\server_baseline_snapshot\results\12_complex_prediction\formal_msa\immunogen_blind_seed14\boltz_results_immunogen_blind_msa\processed\records\immunogen_blind_msa.json,D:\IL-24(teeth）\phase2_release\results\full181_supplement\server_baseline_snapshot\results\12_complex_prediction\formal_msa\immunogen_blind_seed14\boltz_results_immunogen_blind_msa\predictions\immunogen_blind_msa\confidence_immunogen_blind_msa_model_0.json,D:\IL-24(teeth）\phase2_release\results\full181_supplement\server_baseline_snapshot\results\12_complex_prediction\formal_msa\immunogen_blind_seed14\boltz_results_immunogen_blind_msa\predictions\immunogen_blind_msa\pae_immunogen_blind_msa_model_0.npz,/home/xinlab/home/ws/phase2/results/12_complex_prediction/formal_msa/immunogen_blind_seed14/boltz_results_immunogen_blind_msa/predictions/immunogen_blind_msa/immunogen_blind_msa_model_0.pdb,/home/xinlab/home/ws/phase2/results/12_complex_prediction/formal_msa/immunogen_blind_seed14/boltz_results_immunogen_blind_msa/predictions/immunogen_blind_msa/immunogen_blind_msa_model_0.pdb,D:\IL-24(teeth）\phase2_release\results\full181_supplement\server_baseline_snapshot\server_source_inventory.json,formal_msa,passed,matched_at_saved_precision,recomputed_server_original_unrelaxed_PDB,immunogen_blind,5,0.08064516129032258,0.2631578947368421,/home/xinlab/home/ws/phase2/results/12_complex_prediction/formal_msa/immunogen_blind_seed14/boltz_results_immunogen_blind_msa/predictions/immunogen_blind_msa/confidence_immunogen_blind_msa_model_0.json,/home/xinlab/home/ws/phase2/results/12_complex_prediction/formal_msa/immunogen_blind_seed14/boltz_results_immunogen_blind_msa/predictions/immunogen_blind_msa/pae_immunogen_blind_msa_model_0.npz,D:\IL-24(teeth）\phase2_release\results\full181_supplement\server_baseline_snapshot\results\12_complex_prediction\formal_msa\immunogen_blind_seed14\boltz_results_immunogen_blind_msa\processed\records\immunogen_blind_msa.json,/home/xinlab/home/ws/phase2/results/12_complex_prediction/formal_msa/immunogen_blind_seed14/boltz_results_immunogen_blind_msa/processed/records/immunogen_blind_msa.json,"{""A"": ""0"", ""H"": ""1"", ""L"": ""2""}"
Immunogen134,formal_msa,15,D:\IL-24(teeth）\phase2_release\results\full181_supplement\server_baseline_snapshot\results\12_complex_prediction\formal_msa\immunogen_blind_seed15\boltz_results_immunogen_blind_msa\predictions\immunogen_blind_msa\immunogen_blind_msa_model_0.pdb,complete,,0.7628921270370483,0.685009777545929,0.5535028576850891,0.815239429473877,0-1,81.52387186629527,34.61,98.38,0-100,18,23,17,70;74;79;132;133;134;135;136;137;139;140;142;143;144;146;147;149;150,H:30;H:31;H:32;H:33;H:35;H:47;H:50;H:52;H:54;H:58;H:59;H:61;H:64;H:98;H:100;H:101;H:104;L:50;L:90;L:91;L:92;L:93;L:95,70;74;79;132;133;134;135;136;137;139;140;141;142;143;144;146;147;149;150,0,1,0.24647311866283417,0.2099800556898117,0.2344822734594345,0.17112606763839722,D:\IL-24(teeth）\phase2_release\results\full181_supplement\server_baseline_snapshot\results\12_complex_prediction\formal_msa\immunogen_blind_seed15\boltz_results_immunogen_blind_msa\processed\records\immunogen_blind_msa.json,D:\IL-24(teeth）\phase2_release\results\full181_supplement\server_baseline_snapshot\results\12_complex_prediction\formal_msa\immunogen_blind_seed15\boltz_results_immunogen_blind_msa\predictions\immunogen_blind_msa\confidence_immunogen_blind_msa_model_0.json,D:\IL-24(teeth）\phase2_release\results\full181_supplement\server_baseline_snapshot\results\12_complex_prediction\formal_msa\immunogen_blind_seed15\boltz_results_immunogen_blind_msa\predictions\immunogen_blind_msa\pae_immunogen_blind_msa_model_0.npz,/home/xinlab/home/ws/phase2/results/12_complex_prediction/formal_msa/immunogen_blind_seed15/boltz_results_immunogen_blind_msa/predictions/immunogen_blind_msa/immunogen_blind_msa_model_0.pdb,/home/xinlab/home/ws/phase2/results/12_complex_prediction/formal_msa/immunogen_blind_seed15/boltz_results_immunogen_blind_msa/predictions/immunogen_blind_msa/immunogen_blind_msa_model_0.pdb,D:\IL-24(teeth）\phase2_release\results\full181_supplement\server_baseline_snapshot\server_source_inventory.json,formal_msa,passed,matched_at_saved_precision,recomputed_server_original_unrelaxed_PDB,immunogen_blind,16,0.25806451612903225,0.8888888888888888,/home/xinlab/home/ws/phase2/results/12_complex_prediction/formal_msa/immunogen_blind_seed15/boltz_results_immunogen_blind_msa/predictions/immunogen_blind_msa/confidence_immunogen_blind_msa_model_0.json,/home/xinlab/home/ws/phase2/results/12_complex_prediction/formal_msa/immunogen_blind_seed15/boltz_results_immunogen_blind_msa/predictions/immunogen_blind_msa/pae_immunogen_blind_msa_model_0.npz,D:\IL-24(teeth）\phase2_release\results\full181_supplement\server_baseline_snapshot\results\12_complex_prediction\formal_msa\immunogen_blind_seed15\boltz_results_immunogen_blind_msa\processed\records\immunogen_blind_msa.json,/home/xinlab/home/ws/phase2/results/12_complex_prediction/formal_msa/immunogen_blind_seed15/boltz_results_immunogen_blind_msa/processed/records/immunogen_blind_msa.json,"{""A"": ""0"", ""H"": ""1"", ""L"": ""2""}"
