construct,condition,seed,source_path,remote_source_path,server_source_path,source_inventory_path,source_condition,raw_validation_status,saved_comparison_status,evidence_level,status,failure_reason,chain_A_length,chain_H_length,chain_L_length,sequence_identity,confidence_valid,pae_valid,pae_shape,pae_min_A,pae_max_A,processed_record_valid,chain_id_mapping,chain_pair_confidence_valid,source_inventory_bytes_match,saved_summary_matches,summary_difference_count,saved_contact_pairs,recomputed_contact_pairs,missing_recomputed_contact_pairs,added_recomputed_contact_pairs,contact_field_difference_count,distance_outside_saved_precision_count,distance_rounded_3dp_difference_count,distance_max_abs_difference_A,distance_abs_tolerance_A,paratope_set_matches_saved_contacts,cdr_counts_match_saved_contacts,confidence_path,remote_confidence_path,pae_path,remote_pae_path,processed_record_path,remote_processed_record_path,saved_summary_path,remote_saved_summary_path,saved_contacts_path,remote_saved_contacts_path,chain_breaks,peptide_cn_outliers,interchain_clashes_within_1p8,antigen_antibody_clashes_within_1p8,nonlocal_intrachain_clashes_within_1p8,missing_backbone_atoms,geometry_warning,thresholds,qc_source,exclusion_policy,pdb_path,local_snapshot_pdb_path,A_H_iptm,H_A_iptm,A_L_iptm,L_A_iptm,pdb_ca_plddt_mean,pdb_ca_plddt_min,pdb_ca_plddt_max
Native155,empty,1,/home/xinlab/home/ws/phase2/results/12_complex_prediction/formal/native_blind_seed1/boltz_results_native_blind/predictions/native_blind/native_blind_model_0.pdb,/home/xinlab/home/ws/phase2/results/12_complex_prediction/formal/native_blind_seed1/boltz_results_native_blind/predictions/native_blind/native_blind_model_0.pdb,/home/xinlab/home/ws/phase2/results/12_complex_prediction/formal/native_blind_seed1/boltz_results_native_blind/predictions/native_blind/native_blind_model_0.pdb,D:\IL-24(teeth）\phase2_release\results\full181_supplement\server_baseline_snapshot\server_source_inventory.json,formal,passed,matched_at_saved_precision,recomputed_server_original_unrelaxed_PDB,passed,,155,119,106,True,True,True,380x380,0.25132277607917786,31.379209518432617,True,"{""A"": ""0"", ""H"": ""1"", ""L"": ""2""}",True,True,True,0,81,81,0,0,0,0,1,0.0005002896871051377,0.00055,True,True,/home/xinlab/home/ws/phase2/results/12_complex_prediction/formal/native_blind_seed1/boltz_results_native_blind/predictions/native_blind/confidence_native_blind_model_0.json,/home/xinlab/home/ws/phase2/results/12_complex_prediction/formal/native_blind_seed1/boltz_results_native_blind/predictions/native_blind/confidence_native_blind_model_0.json,/home/xinlab/home/ws/phase2/results/12_complex_prediction/formal/native_blind_seed1/boltz_results_native_blind/predictions/native_blind/pae_native_blind_model_0.npz,/home/xinlab/home/ws/phase2/results/12_complex_prediction/formal/native_blind_seed1/boltz_results_native_blind/predictions/native_blind/pae_native_blind_model_0.npz,D:\IL-24(teeth）\phase2_release\results\full181_supplement\server_baseline_snapshot\results\12_complex_prediction\formal\native_blind_seed1\boltz_results_native_blind\processed\records\native_blind.json,/home/xinlab/home/ws/phase2/results/12_complex_prediction/formal/native_blind_seed1/boltz_results_native_blind/processed/records/native_blind.json,D:\IL-24(teeth）\phase2_release\results\full181_supplement\server_baseline_snapshot\results\13_interface_analysis\formal\complex_model_summary.csv,/home/xinlab/home/ws/phase2/results/13_interface_analysis/formal/complex_model_summary.csv,D:\IL-24(teeth）\phase2_release\results\full181_supplement\server_baseline_snapshot\results\13_interface_analysis\formal\interface_contacts.csv,/home/xinlab/home/ws/phase2/results/13_interface_analysis/formal/interface_contacts.csv,0,0,8,7,12,0,1,legacy: CA>4.5A; CN<1.1 or >1.6A; cKDTree radius1.8A; nonlocal local-distance>1,src/assess_relaxed_geometry.py; same thresholds; explicit local mapping,"warnings retained, never excluded after seeing results",/home/xinlab/home/ws/phase2/results/12_complex_prediction/formal/native_blind_seed1/boltz_results_native_blind/predictions/native_blind/native_blind_model_0.pdb,D:\IL-24(teeth）\phase2_release\results\full181_supplement\server_baseline_snapshot\results\12_complex_prediction\formal\native_blind_seed1\boltz_results_native_blind\predictions\native_blind\native_blind_model_0.pdb,0.18501636385917664,0.15019744634628296,0.17893822491168976,0.1096719428896904,73.99152631578947,31.51,98.36
Native155,empty,2,/home/xinlab/home/ws/phase2/results/12_complex_prediction/formal/native_blind_seed2/boltz_results_native_blind/predictions/native_blind/native_blind_model_0.pdb,/home/xinlab/home/ws/phase2/results/12_complex_prediction/formal/native_blind_seed2/boltz_results_native_blind/predictions/native_blind/native_blind_model_0.pdb,/home/xinlab/home/ws/phase2/results/12_complex_prediction/formal/native_blind_seed2/boltz_results_native_blind/predictions/native_blind/native_blind_model_0.pdb,D:\IL-24(teeth）\phase2_release\results\full181_supplement\server_baseline_snapshot\server_source_inventory.json,formal,passed,matched_at_saved_precision,recomputed_server_original_unrelaxed_PDB,passed,,155,119,106,True,True,True,380x380,0.25127723813056946,31.274303436279297,True,"{""A"": ""0"", ""H"": ""1"", ""L"": ""2""}",True,True,True,0,91,91,0,0,0,0,0,0.00049892295372711,0.00055,True,True,/home/xinlab/home/ws/phase2/results/12_complex_prediction/formal/native_blind_seed2/boltz_results_native_blind/predictions/native_blind/confidence_native_blind_model_0.json,/home/xinlab/home/ws/phase2/results/12_complex_prediction/formal/native_blind_seed2/boltz_results_native_blind/predictions/native_blind/confidence_native_blind_model_0.json,/home/xinlab/home/ws/phase2/results/12_complex_prediction/formal/native_blind_seed2/boltz_results_native_blind/predictions/native_blind/pae_native_blind_model_0.npz,/home/xinlab/home/ws/phase2/results/12_complex_prediction/formal/native_blind_seed2/boltz_results_native_blind/predictions/native_blind/pae_native_blind_model_0.npz,D:\IL-24(teeth）\phase2_release\results\full181_supplement\server_baseline_snapshot\results\12_complex_prediction\formal\native_blind_seed2\boltz_results_native_blind\processed\records\native_blind.json,/home/xinlab/home/ws/phase2/results/12_complex_prediction/formal/native_blind_seed2/boltz_results_native_blind/processed/records/native_blind.json,D:\IL-24(teeth）\phase2_release\results\full181_supplement\server_baseline_snapshot\results\13_interface_analysis\formal\complex_model_summary.csv,/home/xinlab/home/ws/phase2/results/13_interface_analysis/formal/complex_model_summary.csv,D:\IL-24(teeth）\phase2_release\results\full181_supplement\server_baseline_snapshot\results\13_interface_analysis\formal\interface_contacts.csv,/home/xinlab/home/ws/phase2/results/13_interface_analysis/formal/interface_contacts.csv,0,0,12,11,3,0,1,legacy: CA>4.5A; CN<1.1 or >1.6A; cKDTree radius1.8A; nonlocal local-distance>1,src/assess_relaxed_geometry.py; same thresholds; explicit local mapping,"warnings retained, never excluded after seeing results",/home/xinlab/home/ws/phase2/results/12_complex_prediction/formal/native_blind_seed2/boltz_results_native_blind/predictions/native_blind/native_blind_model_0.pdb,D:\IL-24(teeth）\phase2_release\results\full181_supplement\server_baseline_snapshot\results\12_complex_prediction\formal\native_blind_seed2\boltz_results_native_blind\predictions\native_blind\native_blind_model_0.pdb,0.18320126831531525,0.11805851012468338,0.17876750230789185,0.10448379814624786,74.65463157894736,30.52,98.38
Native155,empty,3,/home/xinlab/home/ws/phase2/results/12_complex_prediction/formal/native_blind_seed3/boltz_results_native_blind/predictions/native_blind/native_blind_model_0.pdb,/home/xinlab/home/ws/phase2/results/12_complex_prediction/formal/native_blind_seed3/boltz_results_native_blind/predictions/native_blind/native_blind_model_0.pdb,/home/xinlab/home/ws/phase2/results/12_complex_prediction/formal/native_blind_seed3/boltz_results_native_blind/predictions/native_blind/native_blind_model_0.pdb,D:\IL-24(teeth）\phase2_release\results\full181_supplement\server_baseline_snapshot\server_source_inventory.json,formal,passed,matched_at_saved_precision,recomputed_server_original_unrelaxed_PDB,passed,,155,119,106,True,True,True,380x380,0.25119128823280334,31.08481788635254,True,"{""A"": ""0"", ""H"": ""1"", ""L"": ""2""}",True,True,True,0,109,109,0,0,0,0,0,0.000488316515232956,0.00055,True,True,/home/xinlab/home/ws/phase2/results/12_complex_prediction/formal/native_blind_seed3/boltz_results_native_blind/predictions/native_blind/confidence_native_blind_model_0.json,/home/xinlab/home/ws/phase2/results/12_complex_prediction/formal/native_blind_seed3/boltz_results_native_blind/predictions/native_blind/confidence_native_blind_model_0.json,/home/xinlab/home/ws/phase2/results/12_complex_prediction/formal/native_blind_seed3/boltz_results_native_blind/predictions/native_blind/pae_native_blind_model_0.npz,/home/xinlab/home/ws/phase2/results/12_complex_prediction/formal/native_blind_seed3/boltz_results_native_blind/predictions/native_blind/pae_native_blind_model_0.npz,D:\IL-24(teeth）\phase2_release\results\full181_supplement\server_baseline_snapshot\results\12_complex_prediction\formal\native_blind_seed3\boltz_results_native_blind\processed\records\native_blind.json,/home/xinlab/home/ws/phase2/results/12_complex_prediction/formal/native_blind_seed3/boltz_results_native_blind/processed/records/native_blind.json,D:\IL-24(teeth）\phase2_release\results\full181_supplement\server_baseline_snapshot\results\13_interface_analysis\formal\complex_model_summary.csv,/home/xinlab/home/ws/phase2/results/13_interface_analysis/formal/complex_model_summary.csv,D:\IL-24(teeth）\phase2_release\results\full181_supplement\server_baseline_snapshot\results\13_interface_analysis\formal\interface_contacts.csv,/home/xinlab/home/ws/phase2/results/13_interface_analysis/formal/interface_contacts.csv,0,0,11,10,6,0,1,legacy: CA>4.5A; CN<1.1 or >1.6A; cKDTree radius1.8A; nonlocal local-distance>1,src/assess_relaxed_geometry.py; same thresholds; explicit local mapping,"warnings retained, never excluded after seeing results",/home/xinlab/home/ws/phase2/results/12_complex_prediction/formal/native_blind_seed3/boltz_results_native_blind/predictions/native_blind/native_blind_model_0.pdb,D:\IL-24(teeth）\phase2_release\results\full181_supplement\server_baseline_snapshot\results\12_complex_prediction\formal\native_blind_seed3\boltz_results_native_blind\predictions\native_blind\native_blind_model_0.pdb,0.1938084065914154,0.13153208792209625,0.18601925671100616,0.10832708328962326,75.36715789473685,35.6,98.32
Native155,empty,4,/home/xinlab/home/ws/phase2/results/12_complex_prediction/formal/native_blind_seed4/boltz_results_native_blind/predictions/native_blind/native_blind_model_0.pdb,/home/xinlab/home/ws/phase2/results/12_complex_prediction/formal/native_blind_seed4/boltz_results_native_blind/predictions/native_blind/native_blind_model_0.pdb,/home/xinlab/home/ws/phase2/results/12_complex_prediction/formal/native_blind_seed4/boltz_results_native_blind/predictions/native_blind/native_blind_model_0.pdb,D:\IL-24(teeth）\phase2_release\results\full181_supplement\server_baseline_snapshot\server_source_inventory.json,formal,passed,matched_at_saved_precision,recomputed_server_original_unrelaxed_PDB,passed,,155,119,106,True,True,True,380x380,0.25125154852867126,31.317310333251953,True,"{""A"": ""0"", ""H"": ""1"", ""L"": ""2""}",True,True,True,0,76,76,0,0,0,0,0,0.0004984583476144167,0.00055,True,True,/home/xinlab/home/ws/phase2/results/12_complex_prediction/formal/native_blind_seed4/boltz_results_native_blind/predictions/native_blind/confidence_native_blind_model_0.json,/home/xinlab/home/ws/phase2/results/12_complex_prediction/formal/native_blind_seed4/boltz_results_native_blind/predictions/native_blind/confidence_native_blind_model_0.json,/home/xinlab/home/ws/phase2/results/12_complex_prediction/formal/native_blind_seed4/boltz_results_native_blind/predictions/native_blind/pae_native_blind_model_0.npz,/home/xinlab/home/ws/phase2/results/12_complex_prediction/formal/native_blind_seed4/boltz_results_native_blind/predictions/native_blind/pae_native_blind_model_0.npz,D:\IL-24(teeth）\phase2_release\results\full181_supplement\server_baseline_snapshot\results\12_complex_prediction\formal\native_blind_seed4\boltz_results_native_blind\processed\records\native_blind.json,/home/xinlab/home/ws/phase2/results/12_complex_prediction/formal/native_blind_seed4/boltz_results_native_blind/processed/records/native_blind.json,D:\IL-24(teeth）\phase2_release\results\full181_supplement\server_baseline_snapshot\results\13_interface_analysis\formal\complex_model_summary.csv,/home/xinlab/home/ws/phase2/results/13_interface_analysis/formal/complex_model_summary.csv,D:\IL-24(teeth）\phase2_release\results\full181_supplement\server_baseline_snapshot\results\13_interface_analysis\formal\interface_contacts.csv,/home/xinlab/home/ws/phase2/results/13_interface_analysis/formal/interface_contacts.csv,0,0,5,4,5,0,1,legacy: CA>4.5A; CN<1.1 or >1.6A; cKDTree radius1.8A; nonlocal local-distance>1,src/assess_relaxed_geometry.py; same thresholds; explicit local mapping,"warnings retained, never excluded after seeing results",/home/xinlab/home/ws/phase2/results/12_complex_prediction/formal/native_blind_seed4/boltz_results_native_blind/predictions/native_blind/native_blind_model_0.pdb,D:\IL-24(teeth）\phase2_release\results\full181_supplement\server_baseline_snapshot\results\12_complex_prediction\formal\native_blind_seed4\boltz_results_native_blind\predictions\native_blind\native_blind_model_0.pdb,0.17385995388031006,0.09846314787864685,0.1733032613992691,0.08645783364772797,72.79205263157894,30.75,98.36
Native155,empty,5,/home/xinlab/home/ws/phase2/results/12_complex_prediction/formal/native_blind_seed5/boltz_results_native_blind/predictions/native_blind/native_blind_model_0.pdb,/home/xinlab/home/ws/phase2/results/12_complex_prediction/formal/native_blind_seed5/boltz_results_native_blind/predictions/native_blind/native_blind_model_0.pdb,/home/xinlab/home/ws/phase2/results/12_complex_prediction/formal/native_blind_seed5/boltz_results_native_blind/predictions/native_blind/native_blind_model_0.pdb,D:\IL-24(teeth）\phase2_release\results\full181_supplement\server_baseline_snapshot\server_source_inventory.json,formal,passed,matched_at_saved_precision,recomputed_server_original_unrelaxed_PDB,passed,,155,119,106,True,True,True,380x380,0.2513149082660675,31.18848419189453,True,"{""A"": ""0"", ""H"": ""1"", ""L"": ""2""}",True,True,True,0,73,73,0,0,0,0,0,0.0004834847147634491,0.00055,True,True,/home/xinlab/home/ws/phase2/results/12_complex_prediction/formal/native_blind_seed5/boltz_results_native_blind/predictions/native_blind/confidence_native_blind_model_0.json,/home/xinlab/home/ws/phase2/results/12_complex_prediction/formal/native_blind_seed5/boltz_results_native_blind/predictions/native_blind/confidence_native_blind_model_0.json,/home/xinlab/home/ws/phase2/results/12_complex_prediction/formal/native_blind_seed5/boltz_results_native_blind/predictions/native_blind/pae_native_blind_model_0.npz,/home/xinlab/home/ws/phase2/results/12_complex_prediction/formal/native_blind_seed5/boltz_results_native_blind/predictions/native_blind/pae_native_blind_model_0.npz,D:\IL-24(teeth）\phase2_release\results\full181_supplement\server_baseline_snapshot\results\12_complex_prediction\formal\native_blind_seed5\boltz_results_native_blind\processed\records\native_blind.json,/home/xinlab/home/ws/phase2/results/12_complex_prediction/formal/native_blind_seed5/boltz_results_native_blind/processed/records/native_blind.json,D:\IL-24(teeth）\phase2_release\results\full181_supplement\server_baseline_snapshot\results\13_interface_analysis\formal\complex_model_summary.csv,/home/xinlab/home/ws/phase2/results/13_interface_analysis/formal/complex_model_summary.csv,D:\IL-24(teeth）\phase2_release\results\full181_supplement\server_baseline_snapshot\results\13_interface_analysis\formal\interface_contacts.csv,/home/xinlab/home/ws/phase2/results/13_interface_analysis/formal/interface_contacts.csv,0,0,7,7,9,0,1,legacy: CA>4.5A; CN<1.1 or >1.6A; cKDTree radius1.8A; nonlocal local-distance>1,src/assess_relaxed_geometry.py; same thresholds; explicit local mapping,"warnings retained, never excluded after seeing results",/home/xinlab/home/ws/phase2/results/12_complex_prediction/formal/native_blind_seed5/boltz_results_native_blind/predictions/native_blind/native_blind_model_0.pdb,D:\IL-24(teeth）\phase2_release\results\full181_supplement\server_baseline_snapshot\results\12_complex_prediction\formal\native_blind_seed5\boltz_results_native_blind\predictions\native_blind\native_blind_model_0.pdb,0.1779020130634308,0.10154989361763,0.17628131806850433,0.08495008200407028,74.18868421052632,29.83,98.31
Native155,empty,6,/home/xinlab/home/ws/phase2/results/12_complex_prediction/formal/native_blind_seed6/boltz_results_native_blind/predictions/native_blind/native_blind_model_0.pdb,/home/xinlab/home/ws/phase2/results/12_complex_prediction/formal/native_blind_seed6/boltz_results_native_blind/predictions/native_blind/native_blind_model_0.pdb,/home/xinlab/home/ws/phase2/results/12_complex_prediction/formal/native_blind_seed6/boltz_results_native_blind/predictions/native_blind/native_blind_model_0.pdb,D:\IL-24(teeth）\phase2_release\results\full181_supplement\server_baseline_snapshot\server_source_inventory.json,formal,passed,matched_at_saved_precision,recomputed_server_original_unrelaxed_PDB,passed,,155,119,106,True,True,True,380x380,0.25127112865448,31.221508026123047,True,"{""A"": ""0"", ""H"": ""1"", ""L"": ""2""}",True,True,True,0,84,84,0,0,0,0,0,0.0004977459813035878,0.00055,True,True,/home/xinlab/home/ws/phase2/results/12_complex_prediction/formal/native_blind_seed6/boltz_results_native_blind/predictions/native_blind/confidence_native_blind_model_0.json,/home/xinlab/home/ws/phase2/results/12_complex_prediction/formal/native_blind_seed6/boltz_results_native_blind/predictions/native_blind/confidence_native_blind_model_0.json,/home/xinlab/home/ws/phase2/results/12_complex_prediction/formal/native_blind_seed6/boltz_results_native_blind/predictions/native_blind/pae_native_blind_model_0.npz,/home/xinlab/home/ws/phase2/results/12_complex_prediction/formal/native_blind_seed6/boltz_results_native_blind/predictions/native_blind/pae_native_blind_model_0.npz,D:\IL-24(teeth）\phase2_release\results\full181_supplement\server_baseline_snapshot\results\12_complex_prediction\formal\native_blind_seed6\boltz_results_native_blind\processed\records\native_blind.json,/home/xinlab/home/ws/phase2/results/12_complex_prediction/formal/native_blind_seed6/boltz_results_native_blind/processed/records/native_blind.json,D:\IL-24(teeth）\phase2_release\results\full181_supplement\server_baseline_snapshot\results\13_interface_analysis\formal\complex_model_summary.csv,/home/xinlab/home/ws/phase2/results/13_interface_analysis/formal/complex_model_summary.csv,D:\IL-24(teeth）\phase2_release\results\full181_supplement\server_baseline_snapshot\results\13_interface_analysis\formal\interface_contacts.csv,/home/xinlab/home/ws/phase2/results/13_interface_analysis/formal/interface_contacts.csv,0,0,10,8,1,0,1,legacy: CA>4.5A; CN<1.1 or >1.6A; cKDTree radius1.8A; nonlocal local-distance>1,src/assess_relaxed_geometry.py; same thresholds; explicit local mapping,"warnings retained, never excluded after seeing results",/home/xinlab/home/ws/phase2/results/12_complex_prediction/formal/native_blind_seed6/boltz_results_native_blind/predictions/native_blind/native_blind_model_0.pdb,D:\IL-24(teeth）\phase2_release\results\full181_supplement\server_baseline_snapshot\results\12_complex_prediction\formal\native_blind_seed6\boltz_results_native_blind\predictions\native_blind\native_blind_model_0.pdb,0.1833679974079132,0.11081108450889587,0.18134184181690216,0.10535777360200882,73.91057894736842,30.67,98.42
Native155,empty,7,/home/xinlab/home/ws/phase2/results/12_complex_prediction/formal/native_blind_seed7/boltz_results_native_blind/predictions/native_blind/native_blind_model_0.pdb,/home/xinlab/home/ws/phase2/results/12_complex_prediction/formal/native_blind_seed7/boltz_results_native_blind/predictions/native_blind/native_blind_model_0.pdb,/home/xinlab/home/ws/phase2/results/12_complex_prediction/formal/native_blind_seed7/boltz_results_native_blind/predictions/native_blind/native_blind_model_0.pdb,D:\IL-24(teeth）\phase2_release\results\full181_supplement\server_baseline_snapshot\server_source_inventory.json,formal,passed,matched_at_saved_precision,recomputed_server_original_unrelaxed_PDB,passed,,155,119,106,True,True,True,380x380,0.2512667179107666,31.266162872314453,True,"{""A"": ""0"", ""H"": ""1"", ""L"": ""2""}",True,True,True,0,75,75,0,0,0,0,0,0.0004981264266892271,0.00055,True,True,/home/xinlab/home/ws/phase2/results/12_complex_prediction/formal/native_blind_seed7/boltz_results_native_blind/predictions/native_blind/confidence_native_blind_model_0.json,/home/xinlab/home/ws/phase2/results/12_complex_prediction/formal/native_blind_seed7/boltz_results_native_blind/predictions/native_blind/confidence_native_blind_model_0.json,/home/xinlab/home/ws/phase2/results/12_complex_prediction/formal/native_blind_seed7/boltz_results_native_blind/predictions/native_blind/pae_native_blind_model_0.npz,/home/xinlab/home/ws/phase2/results/12_complex_prediction/formal/native_blind_seed7/boltz_results_native_blind/predictions/native_blind/pae_native_blind_model_0.npz,D:\IL-24(teeth）\phase2_release\results\full181_supplement\server_baseline_snapshot\results\12_complex_prediction\formal\native_blind_seed7\boltz_results_native_blind\processed\records\native_blind.json,/home/xinlab/home/ws/phase2/results/12_complex_prediction/formal/native_blind_seed7/boltz_results_native_blind/processed/records/native_blind.json,D:\IL-24(teeth）\phase2_release\results\full181_supplement\server_baseline_snapshot\results\13_interface_analysis\formal\complex_model_summary.csv,/home/xinlab/home/ws/phase2/results/13_interface_analysis/formal/complex_model_summary.csv,D:\IL-24(teeth）\phase2_release\results\full181_supplement\server_baseline_snapshot\results\13_interface_analysis\formal\interface_contacts.csv,/home/xinlab/home/ws/phase2/results/13_interface_analysis/formal/interface_contacts.csv,0,0,15,14,18,0,1,legacy: CA>4.5A; CN<1.1 or >1.6A; cKDTree radius1.8A; nonlocal local-distance>1,src/assess_relaxed_geometry.py; same thresholds; explicit local mapping,"warnings retained, never excluded after seeing results",/home/xinlab/home/ws/phase2/results/12_complex_prediction/formal/native_blind_seed7/boltz_results_native_blind/predictions/native_blind/native_blind_model_0.pdb,D:\IL-24(teeth）\phase2_release\results\full181_supplement\server_baseline_snapshot\results\12_complex_prediction\formal\native_blind_seed7\boltz_results_native_blind\predictions\native_blind\native_blind_model_0.pdb,0.1842370629310608,0.11185404658317566,0.18035829067230225,0.07600995153188705,74.78194736842106,30.39,98.44
Native155,empty,8,/home/xinlab/home/ws/phase2/results/12_complex_prediction/formal/native_blind_seed8/boltz_results_native_blind/predictions/native_blind/native_blind_model_0.pdb,/home/xinlab/home/ws/phase2/results/12_complex_prediction/formal/native_blind_seed8/boltz_results_native_blind/predictions/native_blind/native_blind_model_0.pdb,/home/xinlab/home/ws/phase2/results/12_complex_prediction/formal/native_blind_seed8/boltz_results_native_blind/predictions/native_blind/native_blind_model_0.pdb,D:\IL-24(teeth）\phase2_release\results\full181_supplement\server_baseline_snapshot\server_source_inventory.json,formal,passed,matched_at_saved_precision,recomputed_server_original_unrelaxed_PDB,passed,,155,119,106,True,True,True,380x380,0.2513486444950104,31.40102767944336,True,"{""A"": ""0"", ""H"": ""1"", ""L"": ""2""}",True,True,True,0,60,60,0,0,0,0,0,0.0004886727348845099,0.00055,True,True,/home/xinlab/home/ws/phase2/results/12_complex_prediction/formal/native_blind_seed8/boltz_results_native_blind/predictions/native_blind/confidence_native_blind_model_0.json,/home/xinlab/home/ws/phase2/results/12_complex_prediction/formal/native_blind_seed8/boltz_results_native_blind/predictions/native_blind/confidence_native_blind_model_0.json,/home/xinlab/home/ws/phase2/results/12_complex_prediction/formal/native_blind_seed8/boltz_results_native_blind/predictions/native_blind/pae_native_blind_model_0.npz,/home/xinlab/home/ws/phase2/results/12_complex_prediction/formal/native_blind_seed8/boltz_results_native_blind/predictions/native_blind/pae_native_blind_model_0.npz,D:\IL-24(teeth）\phase2_release\results\full181_supplement\server_baseline_snapshot\results\12_complex_prediction\formal\native_blind_seed8\boltz_results_native_blind\processed\records\native_blind.json,/home/xinlab/home/ws/phase2/results/12_complex_prediction/formal/native_blind_seed8/boltz_results_native_blind/processed/records/native_blind.json,D:\IL-24(teeth）\phase2_release\results\full181_supplement\server_baseline_snapshot\results\13_interface_analysis\formal\complex_model_summary.csv,/home/xinlab/home/ws/phase2/results/13_interface_analysis/formal/complex_model_summary.csv,D:\IL-24(teeth）\phase2_release\results\full181_supplement\server_baseline_snapshot\results\13_interface_analysis\formal\interface_contacts.csv,/home/xinlab/home/ws/phase2/results/13_interface_analysis/formal/interface_contacts.csv,0,0,4,3,4,0,1,legacy: CA>4.5A; CN<1.1 or >1.6A; cKDTree radius1.8A; nonlocal local-distance>1,src/assess_relaxed_geometry.py; same thresholds; explicit local mapping,"warnings retained, never excluded after seeing results",/home/xinlab/home/ws/phase2/results/12_complex_prediction/formal/native_blind_seed8/boltz_results_native_blind/predictions/native_blind/native_blind_model_0.pdb,D:\IL-24(teeth）\phase2_release\results\full181_supplement\server_baseline_snapshot\results\12_complex_prediction\formal\native_blind_seed8\boltz_results_native_blind\predictions\native_blind\native_blind_model_0.pdb,0.1759922057390213,0.11119446158409119,0.1798735409975052,0.10075665265321732,73.64631578947368,31.16,98.26
Native155,empty,9,/home/xinlab/home/ws/phase2/results/12_complex_prediction/formal/native_blind_seed9/boltz_results_native_blind/predictions/native_blind/native_blind_model_0.pdb,/home/xinlab/home/ws/phase2/results/12_complex_prediction/formal/native_blind_seed9/boltz_results_native_blind/predictions/native_blind/native_blind_model_0.pdb,/home/xinlab/home/ws/phase2/results/12_complex_prediction/formal/native_blind_seed9/boltz_results_native_blind/predictions/native_blind/native_blind_model_0.pdb,D:\IL-24(teeth）\phase2_release\results\full181_supplement\server_baseline_snapshot\server_source_inventory.json,formal,passed,matched_at_saved_precision,recomputed_server_original_unrelaxed_PDB,passed,,155,119,106,True,True,True,380x380,0.25134098529815674,31.30542755126953,True,"{""A"": ""0"", ""H"": ""1"", ""L"": ""2""}",True,True,True,0,80,80,0,0,0,0,0,0.0004814008404481207,0.00055,True,True,/home/xinlab/home/ws/phase2/results/12_complex_prediction/formal/native_blind_seed9/boltz_results_native_blind/predictions/native_blind/confidence_native_blind_model_0.json,/home/xinlab/home/ws/phase2/results/12_complex_prediction/formal/native_blind_seed9/boltz_results_native_blind/predictions/native_blind/confidence_native_blind_model_0.json,/home/xinlab/home/ws/phase2/results/12_complex_prediction/formal/native_blind_seed9/boltz_results_native_blind/predictions/native_blind/pae_native_blind_model_0.npz,/home/xinlab/home/ws/phase2/results/12_complex_prediction/formal/native_blind_seed9/boltz_results_native_blind/predictions/native_blind/pae_native_blind_model_0.npz,D:\IL-24(teeth）\phase2_release\results\full181_supplement\server_baseline_snapshot\results\12_complex_prediction\formal\native_blind_seed9\boltz_results_native_blind\processed\records\native_blind.json,/home/xinlab/home/ws/phase2/results/12_complex_prediction/formal/native_blind_seed9/boltz_results_native_blind/processed/records/native_blind.json,D:\IL-24(teeth）\phase2_release\results\full181_supplement\server_baseline_snapshot\results\13_interface_analysis\formal\complex_model_summary.csv,/home/xinlab/home/ws/phase2/results/13_interface_analysis/formal/complex_model_summary.csv,D:\IL-24(teeth）\phase2_release\results\full181_supplement\server_baseline_snapshot\results\13_interface_analysis\formal\interface_contacts.csv,/home/xinlab/home/ws/phase2/results/13_interface_analysis/formal/interface_contacts.csv,0,0,6,5,4,0,1,legacy: CA>4.5A; CN<1.1 or >1.6A; cKDTree radius1.8A; nonlocal local-distance>1,src/assess_relaxed_geometry.py; same thresholds; explicit local mapping,"warnings retained, never excluded after seeing results",/home/xinlab/home/ws/phase2/results/12_complex_prediction/formal/native_blind_seed9/boltz_results_native_blind/predictions/native_blind/native_blind_model_0.pdb,D:\IL-24(teeth）\phase2_release\results\full181_supplement\server_baseline_snapshot\results\12_complex_prediction\formal\native_blind_seed9\boltz_results_native_blind\predictions\native_blind\native_blind_model_0.pdb,0.1709219217300415,0.09920615702867508,0.17129381000995636,0.0876784548163414,73.93952631578948,29.24,98.32
Native155,empty,10,/home/xinlab/home/ws/phase2/results/12_complex_prediction/formal/native_blind_seed10/boltz_results_native_blind/predictions/native_blind/native_blind_model_0.pdb,/home/xinlab/home/ws/phase2/results/12_complex_prediction/formal/native_blind_seed10/boltz_results_native_blind/predictions/native_blind/native_blind_model_0.pdb,/home/xinlab/home/ws/phase2/results/12_complex_prediction/formal/native_blind_seed10/boltz_results_native_blind/predictions/native_blind/native_blind_model_0.pdb,D:\IL-24(teeth）\phase2_release\results\full181_supplement\server_baseline_snapshot\server_source_inventory.json,formal,passed,matched_at_saved_precision,recomputed_server_original_unrelaxed_PDB,passed,,155,119,106,True,True,True,380x380,0.25131088495254517,31.18082046508789,True,"{""A"": ""0"", ""H"": ""1"", ""L"": ""2""}",True,True,True,0,80,80,0,0,0,0,0,0.0004988093140618766,0.00055,True,True,/home/xinlab/home/ws/phase2/results/12_complex_prediction/formal/native_blind_seed10/boltz_results_native_blind/predictions/native_blind/confidence_native_blind_model_0.json,/home/xinlab/home/ws/phase2/results/12_complex_prediction/formal/native_blind_seed10/boltz_results_native_blind/predictions/native_blind/confidence_native_blind_model_0.json,/home/xinlab/home/ws/phase2/results/12_complex_prediction/formal/native_blind_seed10/boltz_results_native_blind/predictions/native_blind/pae_native_blind_model_0.npz,/home/xinlab/home/ws/phase2/results/12_complex_prediction/formal/native_blind_seed10/boltz_results_native_blind/predictions/native_blind/pae_native_blind_model_0.npz,D:\IL-24(teeth）\phase2_release\results\full181_supplement\server_baseline_snapshot\results\12_complex_prediction\formal\native_blind_seed10\boltz_results_native_blind\processed\records\native_blind.json,/home/xinlab/home/ws/phase2/results/12_complex_prediction/formal/native_blind_seed10/boltz_results_native_blind/processed/records/native_blind.json,D:\IL-24(teeth）\phase2_release\results\full181_supplement\server_baseline_snapshot\results\13_interface_analysis\formal\complex_model_summary.csv,/home/xinlab/home/ws/phase2/results/13_interface_analysis/formal/complex_model_summary.csv,D:\IL-24(teeth）\phase2_release\results\full181_supplement\server_baseline_snapshot\results\13_interface_analysis\formal\interface_contacts.csv,/home/xinlab/home/ws/phase2/results/13_interface_analysis/formal/interface_contacts.csv,0,0,6,3,9,0,1,legacy: CA>4.5A; CN<1.1 or >1.6A; cKDTree radius1.8A; nonlocal local-distance>1,src/assess_relaxed_geometry.py; same thresholds; explicit local mapping,"warnings retained, never excluded after seeing results",/home/xinlab/home/ws/phase2/results/12_complex_prediction/formal/native_blind_seed10/boltz_results_native_blind/predictions/native_blind/native_blind_model_0.pdb,D:\IL-24(teeth）\phase2_release\results\full181_supplement\server_baseline_snapshot\results\12_complex_prediction\formal\native_blind_seed10\boltz_results_native_blind\predictions\native_blind\native_blind_model_0.pdb,0.16792342066764832,0.10695790499448776,0.1647775024175644,0.08380722254514694,73.41847368421053,32.48,98.29
Native155,empty,11,/home/xinlab/home/ws/phase2/results/12_complex_prediction/formal/native_blind_seed11/boltz_results_native_blind/predictions/native_blind/native_blind_model_0.pdb,/home/xinlab/home/ws/phase2/results/12_complex_prediction/formal/native_blind_seed11/boltz_results_native_blind/predictions/native_blind/native_blind_model_0.pdb,/home/xinlab/home/ws/phase2/results/12_complex_prediction/formal/native_blind_seed11/boltz_results_native_blind/predictions/native_blind/native_blind_model_0.pdb,D:\IL-24(teeth）\phase2_release\results\full181_supplement\server_baseline_snapshot\server_source_inventory.json,formal,passed,matched_at_saved_precision,recomputed_server_original_unrelaxed_PDB,passed,,155,119,106,True,True,True,380x380,0.2513201832771301,31.199941635131836,True,"{""A"": ""0"", ""H"": ""1"", ""L"": ""2""}",True,True,True,0,83,83,0,0,0,0,0,0.0004973022575063268,0.00055,True,True,/home/xinlab/home/ws/phase2/results/12_complex_prediction/formal/native_blind_seed11/boltz_results_native_blind/predictions/native_blind/confidence_native_blind_model_0.json,/home/xinlab/home/ws/phase2/results/12_complex_prediction/formal/native_blind_seed11/boltz_results_native_blind/predictions/native_blind/confidence_native_blind_model_0.json,/home/xinlab/home/ws/phase2/results/12_complex_prediction/formal/native_blind_seed11/boltz_results_native_blind/predictions/native_blind/pae_native_blind_model_0.npz,/home/xinlab/home/ws/phase2/results/12_complex_prediction/formal/native_blind_seed11/boltz_results_native_blind/predictions/native_blind/pae_native_blind_model_0.npz,D:\IL-24(teeth）\phase2_release\results\full181_supplement\server_baseline_snapshot\results\12_complex_prediction\formal\native_blind_seed11\boltz_results_native_blind\processed\records\native_blind.json,/home/xinlab/home/ws/phase2/results/12_complex_prediction/formal/native_blind_seed11/boltz_results_native_blind/processed/records/native_blind.json,D:\IL-24(teeth）\phase2_release\results\full181_supplement\server_baseline_snapshot\results\13_interface_analysis\formal\complex_model_summary.csv,/home/xinlab/home/ws/phase2/results/13_interface_analysis/formal/complex_model_summary.csv,D:\IL-24(teeth）\phase2_release\results\full181_supplement\server_baseline_snapshot\results\13_interface_analysis\formal\interface_contacts.csv,/home/xinlab/home/ws/phase2/results/13_interface_analysis/formal/interface_contacts.csv,0,0,10,10,5,0,1,legacy: CA>4.5A; CN<1.1 or >1.6A; cKDTree radius1.8A; nonlocal local-distance>1,src/assess_relaxed_geometry.py; same thresholds; explicit local mapping,"warnings retained, never excluded after seeing results",/home/xinlab/home/ws/phase2/results/12_complex_prediction/formal/native_blind_seed11/boltz_results_native_blind/predictions/native_blind/native_blind_model_0.pdb,D:\IL-24(teeth）\phase2_release\results\full181_supplement\server_baseline_snapshot\results\12_complex_prediction\formal\native_blind_seed11\boltz_results_native_blind\predictions\native_blind\native_blind_model_0.pdb,0.18204490840435028,0.15001602470874786,0.1780107617378235,0.11186636984348297,74.30473684210526,30.5,98.34
Native155,empty,12,/home/xinlab/home/ws/phase2/results/12_complex_prediction/formal/native_blind_seed12/boltz_results_native_blind/predictions/native_blind/native_blind_model_0.pdb,/home/xinlab/home/ws/phase2/results/12_complex_prediction/formal/native_blind_seed12/boltz_results_native_blind/predictions/native_blind/native_blind_model_0.pdb,/home/xinlab/home/ws/phase2/results/12_complex_prediction/formal/native_blind_seed12/boltz_results_native_blind/predictions/native_blind/native_blind_model_0.pdb,D:\IL-24(teeth）\phase2_release\results\full181_supplement\server_baseline_snapshot\server_source_inventory.json,formal,passed,matched_at_saved_precision,recomputed_server_original_unrelaxed_PDB,passed,,155,119,106,True,True,True,380x380,0.25128841400146484,31.31277847290039,True,"{""A"": ""0"", ""H"": ""1"", ""L"": ""2""}",True,True,True,0,68,68,0,0,0,0,0,0.0004965871801703159,0.00055,True,True,/home/xinlab/home/ws/phase2/results/12_complex_prediction/formal/native_blind_seed12/boltz_results_native_blind/predictions/native_blind/confidence_native_blind_model_0.json,/home/xinlab/home/ws/phase2/results/12_complex_prediction/formal/native_blind_seed12/boltz_results_native_blind/predictions/native_blind/confidence_native_blind_model_0.json,/home/xinlab/home/ws/phase2/results/12_complex_prediction/formal/native_blind_seed12/boltz_results_native_blind/predictions/native_blind/pae_native_blind_model_0.npz,/home/xinlab/home/ws/phase2/results/12_complex_prediction/formal/native_blind_seed12/boltz_results_native_blind/predictions/native_blind/pae_native_blind_model_0.npz,D:\IL-24(teeth）\phase2_release\results\full181_supplement\server_baseline_snapshot\results\12_complex_prediction\formal\native_blind_seed12\boltz_results_native_blind\processed\records\native_blind.json,/home/xinlab/home/ws/phase2/results/12_complex_prediction/formal/native_blind_seed12/boltz_results_native_blind/processed/records/native_blind.json,D:\IL-24(teeth）\phase2_release\results\full181_supplement\server_baseline_snapshot\results\13_interface_analysis\formal\complex_model_summary.csv,/home/xinlab/home/ws/phase2/results/13_interface_analysis/formal/complex_model_summary.csv,D:\IL-24(teeth）\phase2_release\results\full181_supplement\server_baseline_snapshot\results\13_interface_analysis\formal\interface_contacts.csv,/home/xinlab/home/ws/phase2/results/13_interface_analysis/formal/interface_contacts.csv,0,0,5,4,3,0,1,legacy: CA>4.5A; CN<1.1 or >1.6A; cKDTree radius1.8A; nonlocal local-distance>1,src/assess_relaxed_geometry.py; same thresholds; explicit local mapping,"warnings retained, never excluded after seeing results",/home/xinlab/home/ws/phase2/results/12_complex_prediction/formal/native_blind_seed12/boltz_results_native_blind/predictions/native_blind/native_blind_model_0.pdb,D:\IL-24(teeth）\phase2_release\results\full181_supplement\server_baseline_snapshot\results\12_complex_prediction\formal\native_blind_seed12\boltz_results_native_blind\predictions\native_blind\native_blind_model_0.pdb,0.18713615834712982,0.12388506531715393,0.18901926279067993,0.11190471053123474,75.39434210526315,29.79,98.42
Native155,empty,13,/home/xinlab/home/ws/phase2/results/12_complex_prediction/formal/native_blind_seed13/boltz_results_native_blind/predictions/native_blind/native_blind_model_0.pdb,/home/xinlab/home/ws/phase2/results/12_complex_prediction/formal/native_blind_seed13/boltz_results_native_blind/predictions/native_blind/native_blind_model_0.pdb,/home/xinlab/home/ws/phase2/results/12_complex_prediction/formal/native_blind_seed13/boltz_results_native_blind/predictions/native_blind/native_blind_model_0.pdb,D:\IL-24(teeth）\phase2_release\results\full181_supplement\server_baseline_snapshot\server_source_inventory.json,formal,passed,matched_at_saved_precision,recomputed_server_original_unrelaxed_PDB,passed,,155,119,106,True,True,True,380x380,0.2513003945350647,31.25035285949707,True,"{""A"": ""0"", ""H"": ""1"", ""L"": ""2""}",True,True,True,0,78,78,0,0,0,0,0,0.0004886157591981188,0.00055,True,True,/home/xinlab/home/ws/phase2/results/12_complex_prediction/formal/native_blind_seed13/boltz_results_native_blind/predictions/native_blind/confidence_native_blind_model_0.json,/home/xinlab/home/ws/phase2/results/12_complex_prediction/formal/native_blind_seed13/boltz_results_native_blind/predictions/native_blind/confidence_native_blind_model_0.json,/home/xinlab/home/ws/phase2/results/12_complex_prediction/formal/native_blind_seed13/boltz_results_native_blind/predictions/native_blind/pae_native_blind_model_0.npz,/home/xinlab/home/ws/phase2/results/12_complex_prediction/formal/native_blind_seed13/boltz_results_native_blind/predictions/native_blind/pae_native_blind_model_0.npz,D:\IL-24(teeth）\phase2_release\results\full181_supplement\server_baseline_snapshot\results\12_complex_prediction\formal\native_blind_seed13\boltz_results_native_blind\processed\records\native_blind.json,/home/xinlab/home/ws/phase2/results/12_complex_prediction/formal/native_blind_seed13/boltz_results_native_blind/processed/records/native_blind.json,D:\IL-24(teeth）\phase2_release\results\full181_supplement\server_baseline_snapshot\results\13_interface_analysis\formal\complex_model_summary.csv,/home/xinlab/home/ws/phase2/results/13_interface_analysis/formal/complex_model_summary.csv,D:\IL-24(teeth）\phase2_release\results\full181_supplement\server_baseline_snapshot\results\13_interface_analysis\formal\interface_contacts.csv,/home/xinlab/home/ws/phase2/results/13_interface_analysis/formal/interface_contacts.csv,0,0,7,6,7,0,1,legacy: CA>4.5A; CN<1.1 or >1.6A; cKDTree radius1.8A; nonlocal local-distance>1,src/assess_relaxed_geometry.py; same thresholds; explicit local mapping,"warnings retained, never excluded after seeing results",/home/xinlab/home/ws/phase2/results/12_complex_prediction/formal/native_blind_seed13/boltz_results_native_blind/predictions/native_blind/native_blind_model_0.pdb,D:\IL-24(teeth）\phase2_release\results\full181_supplement\server_baseline_snapshot\results\12_complex_prediction\formal\native_blind_seed13\boltz_results_native_blind\predictions\native_blind\native_blind_model_0.pdb,0.1876802295446396,0.17336229979991913,0.18062055110931396,0.11121658235788345,73.29905263157895,32.6,98.3
Native155,empty,14,/home/xinlab/home/ws/phase2/results/12_complex_prediction/formal/native_blind_seed14/boltz_results_native_blind/predictions/native_blind/native_blind_model_0.pdb,/home/xinlab/home/ws/phase2/results/12_complex_prediction/formal/native_blind_seed14/boltz_results_native_blind/predictions/native_blind/native_blind_model_0.pdb,/home/xinlab/home/ws/phase2/results/12_complex_prediction/formal/native_blind_seed14/boltz_results_native_blind/predictions/native_blind/native_blind_model_0.pdb,D:\IL-24(teeth）\phase2_release\results\full181_supplement\server_baseline_snapshot\server_source_inventory.json,formal,passed,matched_at_saved_precision,recomputed_server_original_unrelaxed_PDB,passed,,155,119,106,True,True,True,380x380,0.2512452006340027,31.105762481689453,True,"{""A"": ""0"", ""H"": ""1"", ""L"": ""2""}",True,True,True,0,59,59,0,0,0,0,0,0.0004885648044146151,0.00055,True,True,/home/xinlab/home/ws/phase2/results/12_complex_prediction/formal/native_blind_seed14/boltz_results_native_blind/predictions/native_blind/confidence_native_blind_model_0.json,/home/xinlab/home/ws/phase2/results/12_complex_prediction/formal/native_blind_seed14/boltz_results_native_blind/predictions/native_blind/confidence_native_blind_model_0.json,/home/xinlab/home/ws/phase2/results/12_complex_prediction/formal/native_blind_seed14/boltz_results_native_blind/predictions/native_blind/pae_native_blind_model_0.npz,/home/xinlab/home/ws/phase2/results/12_complex_prediction/formal/native_blind_seed14/boltz_results_native_blind/predictions/native_blind/pae_native_blind_model_0.npz,D:\IL-24(teeth）\phase2_release\results\full181_supplement\server_baseline_snapshot\results\12_complex_prediction\formal\native_blind_seed14\boltz_results_native_blind\processed\records\native_blind.json,/home/xinlab/home/ws/phase2/results/12_complex_prediction/formal/native_blind_seed14/boltz_results_native_blind/processed/records/native_blind.json,D:\IL-24(teeth）\phase2_release\results\full181_supplement\server_baseline_snapshot\results\13_interface_analysis\formal\complex_model_summary.csv,/home/xinlab/home/ws/phase2/results/13_interface_analysis/formal/complex_model_summary.csv,D:\IL-24(teeth）\phase2_release\results\full181_supplement\server_baseline_snapshot\results\13_interface_analysis\formal\interface_contacts.csv,/home/xinlab/home/ws/phase2/results/13_interface_analysis/formal/interface_contacts.csv,0,0,7,7,9,0,1,legacy: CA>4.5A; CN<1.1 or >1.6A; cKDTree radius1.8A; nonlocal local-distance>1,src/assess_relaxed_geometry.py; same thresholds; explicit local mapping,"warnings retained, never excluded after seeing results",/home/xinlab/home/ws/phase2/results/12_complex_prediction/formal/native_blind_seed14/boltz_results_native_blind/predictions/native_blind/native_blind_model_0.pdb,D:\IL-24(teeth）\phase2_release\results\full181_supplement\server_baseline_snapshot\results\12_complex_prediction\formal\native_blind_seed14\boltz_results_native_blind\predictions\native_blind\native_blind_model_0.pdb,0.22017362713813782,0.2104921191930771,0.22027462720870972,0.1309463232755661,76.54655263157895,31.84,98.31
Native155,empty,15,/home/xinlab/home/ws/phase2/results/12_complex_prediction/formal/native_blind_seed15/boltz_results_native_blind/predictions/native_blind/native_blind_model_0.pdb,/home/xinlab/home/ws/phase2/results/12_complex_prediction/formal/native_blind_seed15/boltz_results_native_blind/predictions/native_blind/native_blind_model_0.pdb,/home/xinlab/home/ws/phase2/results/12_complex_prediction/formal/native_blind_seed15/boltz_results_native_blind/predictions/native_blind/native_blind_model_0.pdb,D:\IL-24(teeth）\phase2_release\results\full181_supplement\server_baseline_snapshot\server_source_inventory.json,formal,passed,matched_at_saved_precision,recomputed_server_original_unrelaxed_PDB,passed,,155,119,106,True,True,True,380x380,0.25128448009490967,31.317005157470703,True,"{""A"": ""0"", ""H"": ""1"", ""L"": ""2""}",True,True,True,0,78,78,0,0,0,0,0,0.00047076121151024,0.00055,True,True,/home/xinlab/home/ws/phase2/results/12_complex_prediction/formal/native_blind_seed15/boltz_results_native_blind/predictions/native_blind/confidence_native_blind_model_0.json,/home/xinlab/home/ws/phase2/results/12_complex_prediction/formal/native_blind_seed15/boltz_results_native_blind/predictions/native_blind/confidence_native_blind_model_0.json,/home/xinlab/home/ws/phase2/results/12_complex_prediction/formal/native_blind_seed15/boltz_results_native_blind/predictions/native_blind/pae_native_blind_model_0.npz,/home/xinlab/home/ws/phase2/results/12_complex_prediction/formal/native_blind_seed15/boltz_results_native_blind/predictions/native_blind/pae_native_blind_model_0.npz,D:\IL-24(teeth）\phase2_release\results\full181_supplement\server_baseline_snapshot\results\12_complex_prediction\formal\native_blind_seed15\boltz_results_native_blind\processed\records\native_blind.json,/home/xinlab/home/ws/phase2/results/12_complex_prediction/formal/native_blind_seed15/boltz_results_native_blind/processed/records/native_blind.json,D:\IL-24(teeth）\phase2_release\results\full181_supplement\server_baseline_snapshot\results\13_interface_analysis\formal\complex_model_summary.csv,/home/xinlab/home/ws/phase2/results/13_interface_analysis/formal/complex_model_summary.csv,D:\IL-24(teeth）\phase2_release\results\full181_supplement\server_baseline_snapshot\results\13_interface_analysis\formal\interface_contacts.csv,/home/xinlab/home/ws/phase2/results/13_interface_analysis/formal/interface_contacts.csv,0,0,8,8,11,0,1,legacy: CA>4.5A; CN<1.1 or >1.6A; cKDTree radius1.8A; nonlocal local-distance>1,src/assess_relaxed_geometry.py; same thresholds; explicit local mapping,"warnings retained, never excluded after seeing results",/home/xinlab/home/ws/phase2/results/12_complex_prediction/formal/native_blind_seed15/boltz_results_native_blind/predictions/native_blind/native_blind_model_0.pdb,D:\IL-24(teeth）\phase2_release\results\full181_supplement\server_baseline_snapshot\results\12_complex_prediction\formal\native_blind_seed15\boltz_results_native_blind\predictions\native_blind\native_blind_model_0.pdb,0.17802444100379944,0.11104389280080795,0.17545241117477417,0.08873679488897324,73.52047368421053,28.59,98.31
Immunogen134,empty,1,/home/xinlab/home/ws/phase2/results/12_complex_prediction/formal/immunogen_blind_seed1/boltz_results_immunogen_blind/predictions/immunogen_blind/immunogen_blind_model_0.pdb,/home/xinlab/home/ws/phase2/results/12_complex_prediction/formal/immunogen_blind_seed1/boltz_results_immunogen_blind/predictions/immunogen_blind/immunogen_blind_model_0.pdb,/home/xinlab/home/ws/phase2/results/12_complex_prediction/formal/immunogen_blind_seed1/boltz_results_immunogen_blind/predictions/immunogen_blind/immunogen_blind_model_0.pdb,D:\IL-24(teeth）\phase2_release\results\full181_supplement\server_baseline_snapshot\server_source_inventory.json,formal,passed,matched_at_saved_precision,recomputed_server_original_unrelaxed_PDB,passed,,134,119,106,True,True,True,359x359,0.2512539029121399,31.275142669677734,True,"{""A"": ""0"", ""H"": ""1"", ""L"": ""2""}",True,True,True,0,84,84,0,0,0,0,0,0.0004906508645774466,0.00055,True,True,/home/xinlab/home/ws/phase2/results/12_complex_prediction/formal/immunogen_blind_seed1/boltz_results_immunogen_blind/predictions/immunogen_blind/confidence_immunogen_blind_model_0.json,/home/xinlab/home/ws/phase2/results/12_complex_prediction/formal/immunogen_blind_seed1/boltz_results_immunogen_blind/predictions/immunogen_blind/confidence_immunogen_blind_model_0.json,/home/xinlab/home/ws/phase2/results/12_complex_prediction/formal/immunogen_blind_seed1/boltz_results_immunogen_blind/predictions/immunogen_blind/pae_immunogen_blind_model_0.npz,/home/xinlab/home/ws/phase2/results/12_complex_prediction/formal/immunogen_blind_seed1/boltz_results_immunogen_blind/predictions/immunogen_blind/pae_immunogen_blind_model_0.npz,D:\IL-24(teeth）\phase2_release\results\full181_supplement\server_baseline_snapshot\results\12_complex_prediction\formal\immunogen_blind_seed1\boltz_results_immunogen_blind\processed\records\immunogen_blind.json,/home/xinlab/home/ws/phase2/results/12_complex_prediction/formal/immunogen_blind_seed1/boltz_results_immunogen_blind/processed/records/immunogen_blind.json,D:\IL-24(teeth）\phase2_release\results\full181_supplement\server_baseline_snapshot\results\13_interface_analysis\formal\complex_model_summary.csv,/home/xinlab/home/ws/phase2/results/13_interface_analysis/formal/complex_model_summary.csv,D:\IL-24(teeth）\phase2_release\results\full181_supplement\server_baseline_snapshot\results\13_interface_analysis\formal\interface_contacts.csv,/home/xinlab/home/ws/phase2/results/13_interface_analysis/formal/interface_contacts.csv,0,0,7,6,1,0,1,legacy: CA>4.5A; CN<1.1 or >1.6A; cKDTree radius1.8A; nonlocal local-distance>1,src/assess_relaxed_geometry.py; same thresholds; explicit local mapping,"warnings retained, never excluded after seeing results",/home/xinlab/home/ws/phase2/results/12_complex_prediction/formal/immunogen_blind_seed1/boltz_results_immunogen_blind/predictions/immunogen_blind/immunogen_blind_model_0.pdb,D:\IL-24(teeth）\phase2_release\results\full181_supplement\server_baseline_snapshot\results\12_complex_prediction\formal\immunogen_blind_seed1\boltz_results_immunogen_blind\predictions\immunogen_blind\immunogen_blind_model_0.pdb,0.18323718011379242,0.12295562028884888,0.18398337066173553,0.10931789129972458,76.27576601671309,33.72,98.46
Immunogen134,empty,2,/home/xinlab/home/ws/phase2/results/12_complex_prediction/formal/immunogen_blind_seed2/boltz_results_immunogen_blind/predictions/immunogen_blind/immunogen_blind_model_0.pdb,/home/xinlab/home/ws/phase2/results/12_complex_prediction/formal/immunogen_blind_seed2/boltz_results_immunogen_blind/predictions/immunogen_blind/immunogen_blind_model_0.pdb,/home/xinlab/home/ws/phase2/results/12_complex_prediction/formal/immunogen_blind_seed2/boltz_results_immunogen_blind/predictions/immunogen_blind/immunogen_blind_model_0.pdb,D:\IL-24(teeth）\phase2_release\results\full181_supplement\server_baseline_snapshot\server_source_inventory.json,formal,passed,matched_at_saved_precision,recomputed_server_original_unrelaxed_PDB,passed,,134,119,106,True,True,True,359x359,0.25124678015708923,31.184581756591797,True,"{""A"": ""0"", ""H"": ""1"", ""L"": ""2""}",True,True,True,0,79,79,0,0,0,0,0,0.0004969105241989791,0.00055,True,True,/home/xinlab/home/ws/phase2/results/12_complex_prediction/formal/immunogen_blind_seed2/boltz_results_immunogen_blind/predictions/immunogen_blind/confidence_immunogen_blind_model_0.json,/home/xinlab/home/ws/phase2/results/12_complex_prediction/formal/immunogen_blind_seed2/boltz_results_immunogen_blind/predictions/immunogen_blind/confidence_immunogen_blind_model_0.json,/home/xinlab/home/ws/phase2/results/12_complex_prediction/formal/immunogen_blind_seed2/boltz_results_immunogen_blind/predictions/immunogen_blind/pae_immunogen_blind_model_0.npz,/home/xinlab/home/ws/phase2/results/12_complex_prediction/formal/immunogen_blind_seed2/boltz_results_immunogen_blind/predictions/immunogen_blind/pae_immunogen_blind_model_0.npz,D:\IL-24(teeth）\phase2_release\results\full181_supplement\server_baseline_snapshot\results\12_complex_prediction\formal\immunogen_blind_seed2\boltz_results_immunogen_blind\processed\records\immunogen_blind.json,/home/xinlab/home/ws/phase2/results/12_complex_prediction/formal/immunogen_blind_seed2/boltz_results_immunogen_blind/processed/records/immunogen_blind.json,D:\IL-24(teeth）\phase2_release\results\full181_supplement\server_baseline_snapshot\results\13_interface_analysis\formal\complex_model_summary.csv,/home/xinlab/home/ws/phase2/results/13_interface_analysis/formal/complex_model_summary.csv,D:\IL-24(teeth）\phase2_release\results\full181_supplement\server_baseline_snapshot\results\13_interface_analysis\formal\interface_contacts.csv,/home/xinlab/home/ws/phase2/results/13_interface_analysis/formal/interface_contacts.csv,0,0,6,6,18,0,1,legacy: CA>4.5A; CN<1.1 or >1.6A; cKDTree radius1.8A; nonlocal local-distance>1,src/assess_relaxed_geometry.py; same thresholds; explicit local mapping,"warnings retained, never excluded after seeing results",/home/xinlab/home/ws/phase2/results/12_complex_prediction/formal/immunogen_blind_seed2/boltz_results_immunogen_blind/predictions/immunogen_blind/immunogen_blind_model_0.pdb,D:\IL-24(teeth）\phase2_release\results\full181_supplement\server_baseline_snapshot\results\12_complex_prediction\formal\immunogen_blind_seed2\boltz_results_immunogen_blind\predictions\immunogen_blind\immunogen_blind_model_0.pdb,0.18571871519088745,0.09487856924533844,0.18598492443561554,0.08943373709917068,72.88949860724234,18.72,98.45
Immunogen134,empty,3,/home/xinlab/home/ws/phase2/results/12_complex_prediction/formal/immunogen_blind_seed3/boltz_results_immunogen_blind/predictions/immunogen_blind/immunogen_blind_model_0.pdb,/home/xinlab/home/ws/phase2/results/12_complex_prediction/formal/immunogen_blind_seed3/boltz_results_immunogen_blind/predictions/immunogen_blind/immunogen_blind_model_0.pdb,/home/xinlab/home/ws/phase2/results/12_complex_prediction/formal/immunogen_blind_seed3/boltz_results_immunogen_blind/predictions/immunogen_blind/immunogen_blind_model_0.pdb,D:\IL-24(teeth）\phase2_release\results\full181_supplement\server_baseline_snapshot\server_source_inventory.json,formal,passed,matched_at_saved_precision,recomputed_server_original_unrelaxed_PDB,passed,,134,119,106,True,True,True,359x359,0.2512561082839966,31.186697006225586,True,"{""A"": ""0"", ""H"": ""1"", ""L"": ""2""}",True,True,True,0,93,93,0,0,0,0,0,0.0004997884582760292,0.00055,True,True,/home/xinlab/home/ws/phase2/results/12_complex_prediction/formal/immunogen_blind_seed3/boltz_results_immunogen_blind/predictions/immunogen_blind/confidence_immunogen_blind_model_0.json,/home/xinlab/home/ws/phase2/results/12_complex_prediction/formal/immunogen_blind_seed3/boltz_results_immunogen_blind/predictions/immunogen_blind/confidence_immunogen_blind_model_0.json,/home/xinlab/home/ws/phase2/results/12_complex_prediction/formal/immunogen_blind_seed3/boltz_results_immunogen_blind/predictions/immunogen_blind/pae_immunogen_blind_model_0.npz,/home/xinlab/home/ws/phase2/results/12_complex_prediction/formal/immunogen_blind_seed3/boltz_results_immunogen_blind/predictions/immunogen_blind/pae_immunogen_blind_model_0.npz,D:\IL-24(teeth）\phase2_release\results\full181_supplement\server_baseline_snapshot\results\12_complex_prediction\formal\immunogen_blind_seed3\boltz_results_immunogen_blind\processed\records\immunogen_blind.json,/home/xinlab/home/ws/phase2/results/12_complex_prediction/formal/immunogen_blind_seed3/boltz_results_immunogen_blind/processed/records/immunogen_blind.json,D:\IL-24(teeth）\phase2_release\results\full181_supplement\server_baseline_snapshot\results\13_interface_analysis\formal\complex_model_summary.csv,/home/xinlab/home/ws/phase2/results/13_interface_analysis/formal/complex_model_summary.csv,D:\IL-24(teeth）\phase2_release\results\full181_supplement\server_baseline_snapshot\results\13_interface_analysis\formal\interface_contacts.csv,/home/xinlab/home/ws/phase2/results/13_interface_analysis/formal/interface_contacts.csv,0,0,6,4,14,0,1,legacy: CA>4.5A; CN<1.1 or >1.6A; cKDTree radius1.8A; nonlocal local-distance>1,src/assess_relaxed_geometry.py; same thresholds; explicit local mapping,"warnings retained, never excluded after seeing results",/home/xinlab/home/ws/phase2/results/12_complex_prediction/formal/immunogen_blind_seed3/boltz_results_immunogen_blind/predictions/immunogen_blind/immunogen_blind_model_0.pdb,D:\IL-24(teeth）\phase2_release\results\full181_supplement\server_baseline_snapshot\results\12_complex_prediction\formal\immunogen_blind_seed3\boltz_results_immunogen_blind\predictions\immunogen_blind\immunogen_blind_model_0.pdb,0.17751683294773102,0.09493014216423035,0.1783638596534729,0.08655387163162231,74.45855153203343,24.15,98.53
Immunogen134,empty,4,/home/xinlab/home/ws/phase2/results/12_complex_prediction/formal/immunogen_blind_seed4/boltz_results_immunogen_blind/predictions/immunogen_blind/immunogen_blind_model_0.pdb,/home/xinlab/home/ws/phase2/results/12_complex_prediction/formal/immunogen_blind_seed4/boltz_results_immunogen_blind/predictions/immunogen_blind/immunogen_blind_model_0.pdb,/home/xinlab/home/ws/phase2/results/12_complex_prediction/formal/immunogen_blind_seed4/boltz_results_immunogen_blind/predictions/immunogen_blind/immunogen_blind_model_0.pdb,D:\IL-24(teeth）\phase2_release\results\full181_supplement\server_baseline_snapshot\server_source_inventory.json,formal,passed,matched_at_saved_precision,recomputed_server_original_unrelaxed_PDB,passed,,134,119,106,True,True,True,359x359,0.2512708008289337,31.155797958374023,True,"{""A"": ""0"", ""H"": ""1"", ""L"": ""2""}",True,True,True,0,109,109,0,0,0,0,0,0.0004883561358108857,0.00055,True,True,/home/xinlab/home/ws/phase2/results/12_complex_prediction/formal/immunogen_blind_seed4/boltz_results_immunogen_blind/predictions/immunogen_blind/confidence_immunogen_blind_model_0.json,/home/xinlab/home/ws/phase2/results/12_complex_prediction/formal/immunogen_blind_seed4/boltz_results_immunogen_blind/predictions/immunogen_blind/confidence_immunogen_blind_model_0.json,/home/xinlab/home/ws/phase2/results/12_complex_prediction/formal/immunogen_blind_seed4/boltz_results_immunogen_blind/predictions/immunogen_blind/pae_immunogen_blind_model_0.npz,/home/xinlab/home/ws/phase2/results/12_complex_prediction/formal/immunogen_blind_seed4/boltz_results_immunogen_blind/predictions/immunogen_blind/pae_immunogen_blind_model_0.npz,D:\IL-24(teeth）\phase2_release\results\full181_supplement\server_baseline_snapshot\results\12_complex_prediction\formal\immunogen_blind_seed4\boltz_results_immunogen_blind\processed\records\immunogen_blind.json,/home/xinlab/home/ws/phase2/results/12_complex_prediction/formal/immunogen_blind_seed4/boltz_results_immunogen_blind/processed/records/immunogen_blind.json,D:\IL-24(teeth）\phase2_release\results\full181_supplement\server_baseline_snapshot\results\13_interface_analysis\formal\complex_model_summary.csv,/home/xinlab/home/ws/phase2/results/13_interface_analysis/formal/complex_model_summary.csv,D:\IL-24(teeth）\phase2_release\results\full181_supplement\server_baseline_snapshot\results\13_interface_analysis\formal\interface_contacts.csv,/home/xinlab/home/ws/phase2/results/13_interface_analysis/formal/interface_contacts.csv,0,0,7,6,13,0,1,legacy: CA>4.5A; CN<1.1 or >1.6A; cKDTree radius1.8A; nonlocal local-distance>1,src/assess_relaxed_geometry.py; same thresholds; explicit local mapping,"warnings retained, never excluded after seeing results",/home/xinlab/home/ws/phase2/results/12_complex_prediction/formal/immunogen_blind_seed4/boltz_results_immunogen_blind/predictions/immunogen_blind/immunogen_blind_model_0.pdb,D:\IL-24(teeth）\phase2_release\results\full181_supplement\server_baseline_snapshot\results\12_complex_prediction\formal\immunogen_blind_seed4\boltz_results_immunogen_blind\predictions\immunogen_blind\immunogen_blind_model_0.pdb,0.19370079040527344,0.10133859515190125,0.19296419620513916,0.10144469887018204,72.66119777158774,27.78,98.46
Immunogen134,empty,5,/home/xinlab/home/ws/phase2/results/12_complex_prediction/formal/immunogen_blind_seed5/boltz_results_immunogen_blind/predictions/immunogen_blind/immunogen_blind_model_0.pdb,/home/xinlab/home/ws/phase2/results/12_complex_prediction/formal/immunogen_blind_seed5/boltz_results_immunogen_blind/predictions/immunogen_blind/immunogen_blind_model_0.pdb,/home/xinlab/home/ws/phase2/results/12_complex_prediction/formal/immunogen_blind_seed5/boltz_results_immunogen_blind/predictions/immunogen_blind/immunogen_blind_model_0.pdb,D:\IL-24(teeth）\phase2_release\results\full181_supplement\server_baseline_snapshot\server_source_inventory.json,formal,passed,matched_at_saved_precision,recomputed_server_original_unrelaxed_PDB,passed,,134,119,106,True,True,True,359x359,0.25123488903045654,31.269405364990234,True,"{""A"": ""0"", ""H"": ""1"", ""L"": ""2""}",True,True,True,0,88,88,0,0,0,0,0,0.0004985077882917466,0.00055,True,True,/home/xinlab/home/ws/phase2/results/12_complex_prediction/formal/immunogen_blind_seed5/boltz_results_immunogen_blind/predictions/immunogen_blind/confidence_immunogen_blind_model_0.json,/home/xinlab/home/ws/phase2/results/12_complex_prediction/formal/immunogen_blind_seed5/boltz_results_immunogen_blind/predictions/immunogen_blind/confidence_immunogen_blind_model_0.json,/home/xinlab/home/ws/phase2/results/12_complex_prediction/formal/immunogen_blind_seed5/boltz_results_immunogen_blind/predictions/immunogen_blind/pae_immunogen_blind_model_0.npz,/home/xinlab/home/ws/phase2/results/12_complex_prediction/formal/immunogen_blind_seed5/boltz_results_immunogen_blind/predictions/immunogen_blind/pae_immunogen_blind_model_0.npz,D:\IL-24(teeth）\phase2_release\results\full181_supplement\server_baseline_snapshot\results\12_complex_prediction\formal\immunogen_blind_seed5\boltz_results_immunogen_blind\processed\records\immunogen_blind.json,/home/xinlab/home/ws/phase2/results/12_complex_prediction/formal/immunogen_blind_seed5/boltz_results_immunogen_blind/processed/records/immunogen_blind.json,D:\IL-24(teeth）\phase2_release\results\full181_supplement\server_baseline_snapshot\results\13_interface_analysis\formal\complex_model_summary.csv,/home/xinlab/home/ws/phase2/results/13_interface_analysis/formal/complex_model_summary.csv,D:\IL-24(teeth）\phase2_release\results\full181_supplement\server_baseline_snapshot\results\13_interface_analysis\formal\interface_contacts.csv,/home/xinlab/home/ws/phase2/results/13_interface_analysis/formal/interface_contacts.csv,0,0,12,10,7,0,1,legacy: CA>4.5A; CN<1.1 or >1.6A; cKDTree radius1.8A; nonlocal local-distance>1,src/assess_relaxed_geometry.py; same thresholds; explicit local mapping,"warnings retained, never excluded after seeing results",/home/xinlab/home/ws/phase2/results/12_complex_prediction/formal/immunogen_blind_seed5/boltz_results_immunogen_blind/predictions/immunogen_blind/immunogen_blind_model_0.pdb,D:\IL-24(teeth）\phase2_release\results\full181_supplement\server_baseline_snapshot\results\12_complex_prediction\formal\immunogen_blind_seed5\boltz_results_immunogen_blind\predictions\immunogen_blind\immunogen_blind_model_0.pdb,0.1710766851902008,0.09091033786535263,0.16976799070835114,0.08222874253988266,73.34181058495821,28.55,98.54
Immunogen134,empty,6,/home/xinlab/home/ws/phase2/results/12_complex_prediction/formal/immunogen_blind_seed6/boltz_results_immunogen_blind/predictions/immunogen_blind/immunogen_blind_model_0.pdb,/home/xinlab/home/ws/phase2/results/12_complex_prediction/formal/immunogen_blind_seed6/boltz_results_immunogen_blind/predictions/immunogen_blind/immunogen_blind_model_0.pdb,/home/xinlab/home/ws/phase2/results/12_complex_prediction/formal/immunogen_blind_seed6/boltz_results_immunogen_blind/predictions/immunogen_blind/immunogen_blind_model_0.pdb,D:\IL-24(teeth）\phase2_release\results\full181_supplement\server_baseline_snapshot\server_source_inventory.json,formal,passed,matched_at_saved_precision,recomputed_server_original_unrelaxed_PDB,passed,,134,119,106,True,True,True,359x359,0.2512623369693756,31.119386672973633,True,"{""A"": ""0"", ""H"": ""1"", ""L"": ""2""}",True,True,True,0,102,102,0,0,0,0,0,0.0004989676703521795,0.00055,True,True,/home/xinlab/home/ws/phase2/results/12_complex_prediction/formal/immunogen_blind_seed6/boltz_results_immunogen_blind/predictions/immunogen_blind/confidence_immunogen_blind_model_0.json,/home/xinlab/home/ws/phase2/results/12_complex_prediction/formal/immunogen_blind_seed6/boltz_results_immunogen_blind/predictions/immunogen_blind/confidence_immunogen_blind_model_0.json,/home/xinlab/home/ws/phase2/results/12_complex_prediction/formal/immunogen_blind_seed6/boltz_results_immunogen_blind/predictions/immunogen_blind/pae_immunogen_blind_model_0.npz,/home/xinlab/home/ws/phase2/results/12_complex_prediction/formal/immunogen_blind_seed6/boltz_results_immunogen_blind/predictions/immunogen_blind/pae_immunogen_blind_model_0.npz,D:\IL-24(teeth）\phase2_release\results\full181_supplement\server_baseline_snapshot\results\12_complex_prediction\formal\immunogen_blind_seed6\boltz_results_immunogen_blind\processed\records\immunogen_blind.json,/home/xinlab/home/ws/phase2/results/12_complex_prediction/formal/immunogen_blind_seed6/boltz_results_immunogen_blind/processed/records/immunogen_blind.json,D:\IL-24(teeth）\phase2_release\results\full181_supplement\server_baseline_snapshot\results\13_interface_analysis\formal\complex_model_summary.csv,/home/xinlab/home/ws/phase2/results/13_interface_analysis/formal/complex_model_summary.csv,D:\IL-24(teeth）\phase2_release\results\full181_supplement\server_baseline_snapshot\results\13_interface_analysis\formal\interface_contacts.csv,/home/xinlab/home/ws/phase2/results/13_interface_analysis/formal/interface_contacts.csv,0,0,11,10,9,0,1,legacy: CA>4.5A; CN<1.1 or >1.6A; cKDTree radius1.8A; nonlocal local-distance>1,src/assess_relaxed_geometry.py; same thresholds; explicit local mapping,"warnings retained, never excluded after seeing results",/home/xinlab/home/ws/phase2/results/12_complex_prediction/formal/immunogen_blind_seed6/boltz_results_immunogen_blind/predictions/immunogen_blind/immunogen_blind_model_0.pdb,D:\IL-24(teeth）\phase2_release\results\full181_supplement\server_baseline_snapshot\results\12_complex_prediction\formal\immunogen_blind_seed6\boltz_results_immunogen_blind\predictions\immunogen_blind\immunogen_blind_model_0.pdb,0.20258525013923645,0.09735383838415146,0.19591568410396576,0.08723678439855576,73.71066852367689,26.35,98.55
Immunogen134,empty,7,/home/xinlab/home/ws/phase2/results/12_complex_prediction/formal/immunogen_blind_seed7/boltz_results_immunogen_blind/predictions/immunogen_blind/immunogen_blind_model_0.pdb,/home/xinlab/home/ws/phase2/results/12_complex_prediction/formal/immunogen_blind_seed7/boltz_results_immunogen_blind/predictions/immunogen_blind/immunogen_blind_model_0.pdb,/home/xinlab/home/ws/phase2/results/12_complex_prediction/formal/immunogen_blind_seed7/boltz_results_immunogen_blind/predictions/immunogen_blind/immunogen_blind_model_0.pdb,D:\IL-24(teeth）\phase2_release\results\full181_supplement\server_baseline_snapshot\server_source_inventory.json,formal,passed,matched_at_saved_precision,recomputed_server_original_unrelaxed_PDB,passed,,134,119,106,True,True,True,359x359,0.2512434124946594,30.95795440673828,True,"{""A"": ""0"", ""H"": ""1"", ""L"": ""2""}",True,True,True,0,91,91,0,0,0,0,0,0.0004909998109448033,0.00055,True,True,/home/xinlab/home/ws/phase2/results/12_complex_prediction/formal/immunogen_blind_seed7/boltz_results_immunogen_blind/predictions/immunogen_blind/confidence_immunogen_blind_model_0.json,/home/xinlab/home/ws/phase2/results/12_complex_prediction/formal/immunogen_blind_seed7/boltz_results_immunogen_blind/predictions/immunogen_blind/confidence_immunogen_blind_model_0.json,/home/xinlab/home/ws/phase2/results/12_complex_prediction/formal/immunogen_blind_seed7/boltz_results_immunogen_blind/predictions/immunogen_blind/pae_immunogen_blind_model_0.npz,/home/xinlab/home/ws/phase2/results/12_complex_prediction/formal/immunogen_blind_seed7/boltz_results_immunogen_blind/predictions/immunogen_blind/pae_immunogen_blind_model_0.npz,D:\IL-24(teeth）\phase2_release\results\full181_supplement\server_baseline_snapshot\results\12_complex_prediction\formal\immunogen_blind_seed7\boltz_results_immunogen_blind\processed\records\immunogen_blind.json,/home/xinlab/home/ws/phase2/results/12_complex_prediction/formal/immunogen_blind_seed7/boltz_results_immunogen_blind/processed/records/immunogen_blind.json,D:\IL-24(teeth）\phase2_release\results\full181_supplement\server_baseline_snapshot\results\13_interface_analysis\formal\complex_model_summary.csv,/home/xinlab/home/ws/phase2/results/13_interface_analysis/formal/complex_model_summary.csv,D:\IL-24(teeth）\phase2_release\results\full181_supplement\server_baseline_snapshot\results\13_interface_analysis\formal\interface_contacts.csv,/home/xinlab/home/ws/phase2/results/13_interface_analysis/formal/interface_contacts.csv,0,0,6,5,11,0,1,legacy: CA>4.5A; CN<1.1 or >1.6A; cKDTree radius1.8A; nonlocal local-distance>1,src/assess_relaxed_geometry.py; same thresholds; explicit local mapping,"warnings retained, never excluded after seeing results",/home/xinlab/home/ws/phase2/results/12_complex_prediction/formal/immunogen_blind_seed7/boltz_results_immunogen_blind/predictions/immunogen_blind/immunogen_blind_model_0.pdb,D:\IL-24(teeth）\phase2_release\results\full181_supplement\server_baseline_snapshot\results\12_complex_prediction\formal\immunogen_blind_seed7\boltz_results_immunogen_blind\predictions\immunogen_blind\immunogen_blind_model_0.pdb,0.19985923171043396,0.10939648002386093,0.19715698063373566,0.10499373078346252,73.19545961002785,24.94,98.43
Immunogen134,empty,8,/home/xinlab/home/ws/phase2/results/12_complex_prediction/formal/immunogen_blind_seed8/boltz_results_immunogen_blind/predictions/immunogen_blind/immunogen_blind_model_0.pdb,/home/xinlab/home/ws/phase2/results/12_complex_prediction/formal/immunogen_blind_seed8/boltz_results_immunogen_blind/predictions/immunogen_blind/immunogen_blind_model_0.pdb,/home/xinlab/home/ws/phase2/results/12_complex_prediction/formal/immunogen_blind_seed8/boltz_results_immunogen_blind/predictions/immunogen_blind/immunogen_blind_model_0.pdb,D:\IL-24(teeth）\phase2_release\results\full181_supplement\server_baseline_snapshot\server_source_inventory.json,formal,passed,matched_at_saved_precision,recomputed_server_original_unrelaxed_PDB,passed,,134,119,106,True,True,True,359x359,0.25122687220573425,31.182395935058594,True,"{""A"": ""0"", ""H"": ""1"", ""L"": ""2""}",True,True,True,0,96,96,0,0,0,0,0,0.0004968308334625249,0.00055,True,True,/home/xinlab/home/ws/phase2/results/12_complex_prediction/formal/immunogen_blind_seed8/boltz_results_immunogen_blind/predictions/immunogen_blind/confidence_immunogen_blind_model_0.json,/home/xinlab/home/ws/phase2/results/12_complex_prediction/formal/immunogen_blind_seed8/boltz_results_immunogen_blind/predictions/immunogen_blind/confidence_immunogen_blind_model_0.json,/home/xinlab/home/ws/phase2/results/12_complex_prediction/formal/immunogen_blind_seed8/boltz_results_immunogen_blind/predictions/immunogen_blind/pae_immunogen_blind_model_0.npz,/home/xinlab/home/ws/phase2/results/12_complex_prediction/formal/immunogen_blind_seed8/boltz_results_immunogen_blind/predictions/immunogen_blind/pae_immunogen_blind_model_0.npz,D:\IL-24(teeth）\phase2_release\results\full181_supplement\server_baseline_snapshot\results\12_complex_prediction\formal\immunogen_blind_seed8\boltz_results_immunogen_blind\processed\records\immunogen_blind.json,/home/xinlab/home/ws/phase2/results/12_complex_prediction/formal/immunogen_blind_seed8/boltz_results_immunogen_blind/processed/records/immunogen_blind.json,D:\IL-24(teeth）\phase2_release\results\full181_supplement\server_baseline_snapshot\results\13_interface_analysis\formal\complex_model_summary.csv,/home/xinlab/home/ws/phase2/results/13_interface_analysis/formal/complex_model_summary.csv,D:\IL-24(teeth）\phase2_release\results\full181_supplement\server_baseline_snapshot\results\13_interface_analysis\formal\interface_contacts.csv,/home/xinlab/home/ws/phase2/results/13_interface_analysis/formal/interface_contacts.csv,0,0,1,0,5,0,1,legacy: CA>4.5A; CN<1.1 or >1.6A; cKDTree radius1.8A; nonlocal local-distance>1,src/assess_relaxed_geometry.py; same thresholds; explicit local mapping,"warnings retained, never excluded after seeing results",/home/xinlab/home/ws/phase2/results/12_complex_prediction/formal/immunogen_blind_seed8/boltz_results_immunogen_blind/predictions/immunogen_blind/immunogen_blind_model_0.pdb,D:\IL-24(teeth）\phase2_release\results\full181_supplement\server_baseline_snapshot\results\12_complex_prediction\formal\immunogen_blind_seed8\boltz_results_immunogen_blind\predictions\immunogen_blind\immunogen_blind_model_0.pdb,0.18849244713783264,0.10128235071897507,0.18459469079971313,0.0893590971827507,74.10537604456825,25.9,98.44
Immunogen134,empty,9,/home/xinlab/home/ws/phase2/results/12_complex_prediction/formal/immunogen_blind_seed9/boltz_results_immunogen_blind/predictions/immunogen_blind/immunogen_blind_model_0.pdb,/home/xinlab/home/ws/phase2/results/12_complex_prediction/formal/immunogen_blind_seed9/boltz_results_immunogen_blind/predictions/immunogen_blind/immunogen_blind_model_0.pdb,/home/xinlab/home/ws/phase2/results/12_complex_prediction/formal/immunogen_blind_seed9/boltz_results_immunogen_blind/predictions/immunogen_blind/immunogen_blind_model_0.pdb,D:\IL-24(teeth）\phase2_release\results\full181_supplement\server_baseline_snapshot\server_source_inventory.json,formal,passed,matched_at_saved_precision,recomputed_server_original_unrelaxed_PDB,passed,,134,119,106,True,True,True,359x359,0.25128236413002014,31.254392623901367,True,"{""A"": ""0"", ""H"": ""1"", ""L"": ""2""}",True,True,True,0,90,90,0,0,0,0,1,0.0005000302407163204,0.00055,True,True,/home/xinlab/home/ws/phase2/results/12_complex_prediction/formal/immunogen_blind_seed9/boltz_results_immunogen_blind/predictions/immunogen_blind/confidence_immunogen_blind_model_0.json,/home/xinlab/home/ws/phase2/results/12_complex_prediction/formal/immunogen_blind_seed9/boltz_results_immunogen_blind/predictions/immunogen_blind/confidence_immunogen_blind_model_0.json,/home/xinlab/home/ws/phase2/results/12_complex_prediction/formal/immunogen_blind_seed9/boltz_results_immunogen_blind/predictions/immunogen_blind/pae_immunogen_blind_model_0.npz,/home/xinlab/home/ws/phase2/results/12_complex_prediction/formal/immunogen_blind_seed9/boltz_results_immunogen_blind/predictions/immunogen_blind/pae_immunogen_blind_model_0.npz,D:\IL-24(teeth）\phase2_release\results\full181_supplement\server_baseline_snapshot\results\12_complex_prediction\formal\immunogen_blind_seed9\boltz_results_immunogen_blind\processed\records\immunogen_blind.json,/home/xinlab/home/ws/phase2/results/12_complex_prediction/formal/immunogen_blind_seed9/boltz_results_immunogen_blind/processed/records/immunogen_blind.json,D:\IL-24(teeth）\phase2_release\results\full181_supplement\server_baseline_snapshot\results\13_interface_analysis\formal\complex_model_summary.csv,/home/xinlab/home/ws/phase2/results/13_interface_analysis/formal/complex_model_summary.csv,D:\IL-24(teeth）\phase2_release\results\full181_supplement\server_baseline_snapshot\results\13_interface_analysis\formal\interface_contacts.csv,/home/xinlab/home/ws/phase2/results/13_interface_analysis/formal/interface_contacts.csv,0,0,8,8,7,0,1,legacy: CA>4.5A; CN<1.1 or >1.6A; cKDTree radius1.8A; nonlocal local-distance>1,src/assess_relaxed_geometry.py; same thresholds; explicit local mapping,"warnings retained, never excluded after seeing results",/home/xinlab/home/ws/phase2/results/12_complex_prediction/formal/immunogen_blind_seed9/boltz_results_immunogen_blind/predictions/immunogen_blind/immunogen_blind_model_0.pdb,D:\IL-24(teeth）\phase2_release\results\full181_supplement\server_baseline_snapshot\results\12_complex_prediction\formal\immunogen_blind_seed9\boltz_results_immunogen_blind\predictions\immunogen_blind\immunogen_blind_model_0.pdb,0.19160139560699463,0.1066802591085434,0.18983368575572968,0.10651735216379166,74.66328690807799,26.28,98.57
Immunogen134,empty,10,/home/xinlab/home/ws/phase2/results/12_complex_prediction/formal/immunogen_blind_seed10/boltz_results_immunogen_blind/predictions/immunogen_blind/immunogen_blind_model_0.pdb,/home/xinlab/home/ws/phase2/results/12_complex_prediction/formal/immunogen_blind_seed10/boltz_results_immunogen_blind/predictions/immunogen_blind/immunogen_blind_model_0.pdb,/home/xinlab/home/ws/phase2/results/12_complex_prediction/formal/immunogen_blind_seed10/boltz_results_immunogen_blind/predictions/immunogen_blind/immunogen_blind_model_0.pdb,D:\IL-24(teeth）\phase2_release\results\full181_supplement\server_baseline_snapshot\server_source_inventory.json,formal,passed,matched_at_saved_precision,recomputed_server_original_unrelaxed_PDB,passed,,134,119,106,True,True,True,359x359,0.25127798318862915,31.18265151977539,True,"{""A"": ""0"", ""H"": ""1"", ""L"": ""2""}",True,True,True,0,98,98,0,0,0,0,0,0.0004991481611176241,0.00055,True,True,/home/xinlab/home/ws/phase2/results/12_complex_prediction/formal/immunogen_blind_seed10/boltz_results_immunogen_blind/predictions/immunogen_blind/confidence_immunogen_blind_model_0.json,/home/xinlab/home/ws/phase2/results/12_complex_prediction/formal/immunogen_blind_seed10/boltz_results_immunogen_blind/predictions/immunogen_blind/confidence_immunogen_blind_model_0.json,/home/xinlab/home/ws/phase2/results/12_complex_prediction/formal/immunogen_blind_seed10/boltz_results_immunogen_blind/predictions/immunogen_blind/pae_immunogen_blind_model_0.npz,/home/xinlab/home/ws/phase2/results/12_complex_prediction/formal/immunogen_blind_seed10/boltz_results_immunogen_blind/predictions/immunogen_blind/pae_immunogen_blind_model_0.npz,D:\IL-24(teeth）\phase2_release\results\full181_supplement\server_baseline_snapshot\results\12_complex_prediction\formal\immunogen_blind_seed10\boltz_results_immunogen_blind\processed\records\immunogen_blind.json,/home/xinlab/home/ws/phase2/results/12_complex_prediction/formal/immunogen_blind_seed10/boltz_results_immunogen_blind/processed/records/immunogen_blind.json,D:\IL-24(teeth）\phase2_release\results\full181_supplement\server_baseline_snapshot\results\13_interface_analysis\formal\complex_model_summary.csv,/home/xinlab/home/ws/phase2/results/13_interface_analysis/formal/complex_model_summary.csv,D:\IL-24(teeth）\phase2_release\results\full181_supplement\server_baseline_snapshot\results\13_interface_analysis\formal\interface_contacts.csv,/home/xinlab/home/ws/phase2/results/13_interface_analysis/formal/interface_contacts.csv,0,0,8,7,7,0,1,legacy: CA>4.5A; CN<1.1 or >1.6A; cKDTree radius1.8A; nonlocal local-distance>1,src/assess_relaxed_geometry.py; same thresholds; explicit local mapping,"warnings retained, never excluded after seeing results",/home/xinlab/home/ws/phase2/results/12_complex_prediction/formal/immunogen_blind_seed10/boltz_results_immunogen_blind/predictions/immunogen_blind/immunogen_blind_model_0.pdb,D:\IL-24(teeth）\phase2_release\results\full181_supplement\server_baseline_snapshot\results\12_complex_prediction\formal\immunogen_blind_seed10\boltz_results_immunogen_blind\predictions\immunogen_blind\immunogen_blind_model_0.pdb,0.1779036670923233,0.08475788682699203,0.17656023800373077,0.07637883722782135,73.5966295264624,27.17,98.37
Immunogen134,empty,11,/home/xinlab/home/ws/phase2/results/12_complex_prediction/formal/immunogen_blind_seed11/boltz_results_immunogen_blind/predictions/immunogen_blind/immunogen_blind_model_0.pdb,/home/xinlab/home/ws/phase2/results/12_complex_prediction/formal/immunogen_blind_seed11/boltz_results_immunogen_blind/predictions/immunogen_blind/immunogen_blind_model_0.pdb,/home/xinlab/home/ws/phase2/results/12_complex_prediction/formal/immunogen_blind_seed11/boltz_results_immunogen_blind/predictions/immunogen_blind/immunogen_blind_model_0.pdb,D:\IL-24(teeth）\phase2_release\results\full181_supplement\server_baseline_snapshot\server_source_inventory.json,formal,passed,matched_at_saved_precision,recomputed_server_original_unrelaxed_PDB,passed,,134,119,106,True,True,True,359x359,0.25124281644821167,31.038330078125,True,"{""A"": ""0"", ""H"": ""1"", ""L"": ""2""}",True,True,True,0,75,75,0,0,0,0,0,0.0004909720830124087,0.00055,True,True,/home/xinlab/home/ws/phase2/results/12_complex_prediction/formal/immunogen_blind_seed11/boltz_results_immunogen_blind/predictions/immunogen_blind/confidence_immunogen_blind_model_0.json,/home/xinlab/home/ws/phase2/results/12_complex_prediction/formal/immunogen_blind_seed11/boltz_results_immunogen_blind/predictions/immunogen_blind/confidence_immunogen_blind_model_0.json,/home/xinlab/home/ws/phase2/results/12_complex_prediction/formal/immunogen_blind_seed11/boltz_results_immunogen_blind/predictions/immunogen_blind/pae_immunogen_blind_model_0.npz,/home/xinlab/home/ws/phase2/results/12_complex_prediction/formal/immunogen_blind_seed11/boltz_results_immunogen_blind/predictions/immunogen_blind/pae_immunogen_blind_model_0.npz,D:\IL-24(teeth）\phase2_release\results\full181_supplement\server_baseline_snapshot\results\12_complex_prediction\formal\immunogen_blind_seed11\boltz_results_immunogen_blind\processed\records\immunogen_blind.json,/home/xinlab/home/ws/phase2/results/12_complex_prediction/formal/immunogen_blind_seed11/boltz_results_immunogen_blind/processed/records/immunogen_blind.json,D:\IL-24(teeth）\phase2_release\results\full181_supplement\server_baseline_snapshot\results\13_interface_analysis\formal\complex_model_summary.csv,/home/xinlab/home/ws/phase2/results/13_interface_analysis/formal/complex_model_summary.csv,D:\IL-24(teeth）\phase2_release\results\full181_supplement\server_baseline_snapshot\results\13_interface_analysis\formal\interface_contacts.csv,/home/xinlab/home/ws/phase2/results/13_interface_analysis/formal/interface_contacts.csv,0,0,8,7,18,0,1,legacy: CA>4.5A; CN<1.1 or >1.6A; cKDTree radius1.8A; nonlocal local-distance>1,src/assess_relaxed_geometry.py; same thresholds; explicit local mapping,"warnings retained, never excluded after seeing results",/home/xinlab/home/ws/phase2/results/12_complex_prediction/formal/immunogen_blind_seed11/boltz_results_immunogen_blind/predictions/immunogen_blind/immunogen_blind_model_0.pdb,D:\IL-24(teeth）\phase2_release\results\full181_supplement\server_baseline_snapshot\results\12_complex_prediction\formal\immunogen_blind_seed11\boltz_results_immunogen_blind\predictions\immunogen_blind\immunogen_blind_model_0.pdb,0.17614898085594177,0.09746330976486206,0.17460650205612183,0.0870419442653656,74.9283286908078,23.84,98.51
Immunogen134,empty,12,/home/xinlab/home/ws/phase2/results/12_complex_prediction/formal/immunogen_blind_seed12/boltz_results_immunogen_blind/predictions/immunogen_blind/immunogen_blind_model_0.pdb,/home/xinlab/home/ws/phase2/results/12_complex_prediction/formal/immunogen_blind_seed12/boltz_results_immunogen_blind/predictions/immunogen_blind/immunogen_blind_model_0.pdb,/home/xinlab/home/ws/phase2/results/12_complex_prediction/formal/immunogen_blind_seed12/boltz_results_immunogen_blind/predictions/immunogen_blind/immunogen_blind_model_0.pdb,D:\IL-24(teeth）\phase2_release\results\full181_supplement\server_baseline_snapshot\server_source_inventory.json,formal,passed,matched_at_saved_precision,recomputed_server_original_unrelaxed_PDB,passed,,134,119,106,True,True,True,359x359,0.25124698877334595,30.846633911132812,True,"{""A"": ""0"", ""H"": ""1"", ""L"": ""2""}",True,True,True,0,88,88,0,0,0,0,0,0.0004982722645734405,0.00055,True,True,/home/xinlab/home/ws/phase2/results/12_complex_prediction/formal/immunogen_blind_seed12/boltz_results_immunogen_blind/predictions/immunogen_blind/confidence_immunogen_blind_model_0.json,/home/xinlab/home/ws/phase2/results/12_complex_prediction/formal/immunogen_blind_seed12/boltz_results_immunogen_blind/predictions/immunogen_blind/confidence_immunogen_blind_model_0.json,/home/xinlab/home/ws/phase2/results/12_complex_prediction/formal/immunogen_blind_seed12/boltz_results_immunogen_blind/predictions/immunogen_blind/pae_immunogen_blind_model_0.npz,/home/xinlab/home/ws/phase2/results/12_complex_prediction/formal/immunogen_blind_seed12/boltz_results_immunogen_blind/predictions/immunogen_blind/pae_immunogen_blind_model_0.npz,D:\IL-24(teeth）\phase2_release\results\full181_supplement\server_baseline_snapshot\results\12_complex_prediction\formal\immunogen_blind_seed12\boltz_results_immunogen_blind\processed\records\immunogen_blind.json,/home/xinlab/home/ws/phase2/results/12_complex_prediction/formal/immunogen_blind_seed12/boltz_results_immunogen_blind/processed/records/immunogen_blind.json,D:\IL-24(teeth）\phase2_release\results\full181_supplement\server_baseline_snapshot\results\13_interface_analysis\formal\complex_model_summary.csv,/home/xinlab/home/ws/phase2/results/13_interface_analysis/formal/complex_model_summary.csv,D:\IL-24(teeth）\phase2_release\results\full181_supplement\server_baseline_snapshot\results\13_interface_analysis\formal\interface_contacts.csv,/home/xinlab/home/ws/phase2/results/13_interface_analysis/formal/interface_contacts.csv,0,0,3,2,22,0,1,legacy: CA>4.5A; CN<1.1 or >1.6A; cKDTree radius1.8A; nonlocal local-distance>1,src/assess_relaxed_geometry.py; same thresholds; explicit local mapping,"warnings retained, never excluded after seeing results",/home/xinlab/home/ws/phase2/results/12_complex_prediction/formal/immunogen_blind_seed12/boltz_results_immunogen_blind/predictions/immunogen_blind/immunogen_blind_model_0.pdb,D:\IL-24(teeth）\phase2_release\results\full181_supplement\server_baseline_snapshot\results\12_complex_prediction\formal\immunogen_blind_seed12\boltz_results_immunogen_blind\predictions\immunogen_blind\immunogen_blind_model_0.pdb,0.21498914062976837,0.14665506780147552,0.2104351818561554,0.1269599199295044,75.51760445682451,26.44,98.45
Immunogen134,empty,13,/home/xinlab/home/ws/phase2/results/12_complex_prediction/formal/immunogen_blind_seed13/boltz_results_immunogen_blind/predictions/immunogen_blind/immunogen_blind_model_0.pdb,/home/xinlab/home/ws/phase2/results/12_complex_prediction/formal/immunogen_blind_seed13/boltz_results_immunogen_blind/predictions/immunogen_blind/immunogen_blind_model_0.pdb,/home/xinlab/home/ws/phase2/results/12_complex_prediction/formal/immunogen_blind_seed13/boltz_results_immunogen_blind/predictions/immunogen_blind/immunogen_blind_model_0.pdb,D:\IL-24(teeth）\phase2_release\results\full181_supplement\server_baseline_snapshot\server_source_inventory.json,formal,passed,matched_at_saved_precision,recomputed_server_original_unrelaxed_PDB,passed,,134,119,106,True,True,True,359x359,0.2512557804584503,31.032590866088867,True,"{""A"": ""0"", ""H"": ""1"", ""L"": ""2""}",True,True,True,0,85,85,0,0,0,0,0,0.0004959263086039556,0.00055,True,True,/home/xinlab/home/ws/phase2/results/12_complex_prediction/formal/immunogen_blind_seed13/boltz_results_immunogen_blind/predictions/immunogen_blind/confidence_immunogen_blind_model_0.json,/home/xinlab/home/ws/phase2/results/12_complex_prediction/formal/immunogen_blind_seed13/boltz_results_immunogen_blind/predictions/immunogen_blind/confidence_immunogen_blind_model_0.json,/home/xinlab/home/ws/phase2/results/12_complex_prediction/formal/immunogen_blind_seed13/boltz_results_immunogen_blind/predictions/immunogen_blind/pae_immunogen_blind_model_0.npz,/home/xinlab/home/ws/phase2/results/12_complex_prediction/formal/immunogen_blind_seed13/boltz_results_immunogen_blind/predictions/immunogen_blind/pae_immunogen_blind_model_0.npz,D:\IL-24(teeth）\phase2_release\results\full181_supplement\server_baseline_snapshot\results\12_complex_prediction\formal\immunogen_blind_seed13\boltz_results_immunogen_blind\processed\records\immunogen_blind.json,/home/xinlab/home/ws/phase2/results/12_complex_prediction/formal/immunogen_blind_seed13/boltz_results_immunogen_blind/processed/records/immunogen_blind.json,D:\IL-24(teeth）\phase2_release\results\full181_supplement\server_baseline_snapshot\results\13_interface_analysis\formal\complex_model_summary.csv,/home/xinlab/home/ws/phase2/results/13_interface_analysis/formal/complex_model_summary.csv,D:\IL-24(teeth）\phase2_release\results\full181_supplement\server_baseline_snapshot\results\13_interface_analysis\formal\interface_contacts.csv,/home/xinlab/home/ws/phase2/results/13_interface_analysis/formal/interface_contacts.csv,0,0,7,7,18,0,1,legacy: CA>4.5A; CN<1.1 or >1.6A; cKDTree radius1.8A; nonlocal local-distance>1,src/assess_relaxed_geometry.py; same thresholds; explicit local mapping,"warnings retained, never excluded after seeing results",/home/xinlab/home/ws/phase2/results/12_complex_prediction/formal/immunogen_blind_seed13/boltz_results_immunogen_blind/predictions/immunogen_blind/immunogen_blind_model_0.pdb,D:\IL-24(teeth）\phase2_release\results\full181_supplement\server_baseline_snapshot\results\12_complex_prediction\formal\immunogen_blind_seed13\boltz_results_immunogen_blind\predictions\immunogen_blind\immunogen_blind_model_0.pdb,0.19580203294754028,0.11119141429662704,0.1927129477262497,0.11350994557142258,75.12292479108635,23.71,98.46
Immunogen134,empty,14,/home/xinlab/home/ws/phase2/results/12_complex_prediction/formal/immunogen_blind_seed14/boltz_results_immunogen_blind/predictions/immunogen_blind/immunogen_blind_model_0.pdb,/home/xinlab/home/ws/phase2/results/12_complex_prediction/formal/immunogen_blind_seed14/boltz_results_immunogen_blind/predictions/immunogen_blind/immunogen_blind_model_0.pdb,/home/xinlab/home/ws/phase2/results/12_complex_prediction/formal/immunogen_blind_seed14/boltz_results_immunogen_blind/predictions/immunogen_blind/immunogen_blind_model_0.pdb,D:\IL-24(teeth）\phase2_release\results\full181_supplement\server_baseline_snapshot\server_source_inventory.json,formal,passed,matched_at_saved_precision,recomputed_server_original_unrelaxed_PDB,passed,,134,119,106,True,True,True,359x359,0.2513066530227661,30.948579788208008,True,"{""A"": ""0"", ""H"": ""1"", ""L"": ""2""}",True,True,True,0,126,126,0,0,0,0,0,0.0004942801715184242,0.00055,True,True,/home/xinlab/home/ws/phase2/results/12_complex_prediction/formal/immunogen_blind_seed14/boltz_results_immunogen_blind/predictions/immunogen_blind/confidence_immunogen_blind_model_0.json,/home/xinlab/home/ws/phase2/results/12_complex_prediction/formal/immunogen_blind_seed14/boltz_results_immunogen_blind/predictions/immunogen_blind/confidence_immunogen_blind_model_0.json,/home/xinlab/home/ws/phase2/results/12_complex_prediction/formal/immunogen_blind_seed14/boltz_results_immunogen_blind/predictions/immunogen_blind/pae_immunogen_blind_model_0.npz,/home/xinlab/home/ws/phase2/results/12_complex_prediction/formal/immunogen_blind_seed14/boltz_results_immunogen_blind/predictions/immunogen_blind/pae_immunogen_blind_model_0.npz,D:\IL-24(teeth）\phase2_release\results\full181_supplement\server_baseline_snapshot\results\12_complex_prediction\formal\immunogen_blind_seed14\boltz_results_immunogen_blind\processed\records\immunogen_blind.json,/home/xinlab/home/ws/phase2/results/12_complex_prediction/formal/immunogen_blind_seed14/boltz_results_immunogen_blind/processed/records/immunogen_blind.json,D:\IL-24(teeth）\phase2_release\results\full181_supplement\server_baseline_snapshot\results\13_interface_analysis\formal\complex_model_summary.csv,/home/xinlab/home/ws/phase2/results/13_interface_analysis/formal/complex_model_summary.csv,D:\IL-24(teeth）\phase2_release\results\full181_supplement\server_baseline_snapshot\results\13_interface_analysis\formal\interface_contacts.csv,/home/xinlab/home/ws/phase2/results/13_interface_analysis/formal/interface_contacts.csv,0,0,8,8,25,0,1,legacy: CA>4.5A; CN<1.1 or >1.6A; cKDTree radius1.8A; nonlocal local-distance>1,src/assess_relaxed_geometry.py; same thresholds; explicit local mapping,"warnings retained, never excluded after seeing results",/home/xinlab/home/ws/phase2/results/12_complex_prediction/formal/immunogen_blind_seed14/boltz_results_immunogen_blind/predictions/immunogen_blind/immunogen_blind_model_0.pdb,D:\IL-24(teeth）\phase2_release\results\full181_supplement\server_baseline_snapshot\results\12_complex_prediction\formal\immunogen_blind_seed14\boltz_results_immunogen_blind\predictions\immunogen_blind\immunogen_blind_model_0.pdb,0.18193604052066803,0.10325782001018524,0.1839209347963333,0.09611983597278595,72.91328690807799,27.02,98.32
Immunogen134,empty,15,/home/xinlab/home/ws/phase2/results/12_complex_prediction/formal/immunogen_blind_seed15/boltz_results_immunogen_blind/predictions/immunogen_blind/immunogen_blind_model_0.pdb,/home/xinlab/home/ws/phase2/results/12_complex_prediction/formal/immunogen_blind_seed15/boltz_results_immunogen_blind/predictions/immunogen_blind/immunogen_blind_model_0.pdb,/home/xinlab/home/ws/phase2/results/12_complex_prediction/formal/immunogen_blind_seed15/boltz_results_immunogen_blind/predictions/immunogen_blind/immunogen_blind_model_0.pdb,D:\IL-24(teeth）\phase2_release\results\full181_supplement\server_baseline_snapshot\server_source_inventory.json,formal,passed,matched_at_saved_precision,recomputed_server_original_unrelaxed_PDB,passed,,134,119,106,True,True,True,359x359,0.25129425525665283,31.209089279174805,True,"{""A"": ""0"", ""H"": ""1"", ""L"": ""2""}",True,True,True,0,81,81,0,0,0,0,0,0.0004997549499980991,0.00055,True,True,/home/xinlab/home/ws/phase2/results/12_complex_prediction/formal/immunogen_blind_seed15/boltz_results_immunogen_blind/predictions/immunogen_blind/confidence_immunogen_blind_model_0.json,/home/xinlab/home/ws/phase2/results/12_complex_prediction/formal/immunogen_blind_seed15/boltz_results_immunogen_blind/predictions/immunogen_blind/confidence_immunogen_blind_model_0.json,/home/xinlab/home/ws/phase2/results/12_complex_prediction/formal/immunogen_blind_seed15/boltz_results_immunogen_blind/predictions/immunogen_blind/pae_immunogen_blind_model_0.npz,/home/xinlab/home/ws/phase2/results/12_complex_prediction/formal/immunogen_blind_seed15/boltz_results_immunogen_blind/predictions/immunogen_blind/pae_immunogen_blind_model_0.npz,D:\IL-24(teeth）\phase2_release\results\full181_supplement\server_baseline_snapshot\results\12_complex_prediction\formal\immunogen_blind_seed15\boltz_results_immunogen_blind\processed\records\immunogen_blind.json,/home/xinlab/home/ws/phase2/results/12_complex_prediction/formal/immunogen_blind_seed15/boltz_results_immunogen_blind/processed/records/immunogen_blind.json,D:\IL-24(teeth）\phase2_release\results\full181_supplement\server_baseline_snapshot\results\13_interface_analysis\formal\complex_model_summary.csv,/home/xinlab/home/ws/phase2/results/13_interface_analysis/formal/complex_model_summary.csv,D:\IL-24(teeth）\phase2_release\results\full181_supplement\server_baseline_snapshot\results\13_interface_analysis\formal\interface_contacts.csv,/home/xinlab/home/ws/phase2/results/13_interface_analysis/formal/interface_contacts.csv,0,0,3,3,9,0,1,legacy: CA>4.5A; CN<1.1 or >1.6A; cKDTree radius1.8A; nonlocal local-distance>1,src/assess_relaxed_geometry.py; same thresholds; explicit local mapping,"warnings retained, never excluded after seeing results",/home/xinlab/home/ws/phase2/results/12_complex_prediction/formal/immunogen_blind_seed15/boltz_results_immunogen_blind/predictions/immunogen_blind/immunogen_blind_model_0.pdb,D:\IL-24(teeth）\phase2_release\results\full181_supplement\server_baseline_snapshot\results\12_complex_prediction\formal\immunogen_blind_seed15\boltz_results_immunogen_blind\predictions\immunogen_blind\immunogen_blind_model_0.pdb,0.1765715330839157,0.08887732774019241,0.17647069692611694,0.09298275411128998,74.27261838440111,30.32,98.51
Native155,formal_msa,1,/home/xinlab/home/ws/phase2/results/12_complex_prediction/formal_msa/native_blind_seed1/boltz_results_native_blind_msa/predictions/native_blind_msa/native_blind_msa_model_0.pdb,/home/xinlab/home/ws/phase2/results/12_complex_prediction/formal_msa/native_blind_seed1/boltz_results_native_blind_msa/predictions/native_blind_msa/native_blind_msa_model_0.pdb,/home/xinlab/home/ws/phase2/results/12_complex_prediction/formal_msa/native_blind_seed1/boltz_results_native_blind_msa/predictions/native_blind_msa/native_blind_msa_model_0.pdb,D:\IL-24(teeth）\phase2_release\results\full181_supplement\server_baseline_snapshot\server_source_inventory.json,formal_msa,passed,matched_at_saved_precision,recomputed_server_original_unrelaxed_PDB,passed,,155,119,106,True,True,True,380x380,0.25124967098236084,31.411235809326172,True,"{""A"": ""0"", ""H"": ""1"", ""L"": ""2""}",True,True,True,0,74,74,0,0,0,0,0,0.0004940685032353009,0.00055,True,True,/home/xinlab/home/ws/phase2/results/12_complex_prediction/formal_msa/native_blind_seed1/boltz_results_native_blind_msa/predictions/native_blind_msa/confidence_native_blind_msa_model_0.json,/home/xinlab/home/ws/phase2/results/12_complex_prediction/formal_msa/native_blind_seed1/boltz_results_native_blind_msa/predictions/native_blind_msa/confidence_native_blind_msa_model_0.json,/home/xinlab/home/ws/phase2/results/12_complex_prediction/formal_msa/native_blind_seed1/boltz_results_native_blind_msa/predictions/native_blind_msa/pae_native_blind_msa_model_0.npz,/home/xinlab/home/ws/phase2/results/12_complex_prediction/formal_msa/native_blind_seed1/boltz_results_native_blind_msa/predictions/native_blind_msa/pae_native_blind_msa_model_0.npz,D:\IL-24(teeth）\phase2_release\results\full181_supplement\server_baseline_snapshot\results\12_complex_prediction\formal_msa\native_blind_seed1\boltz_results_native_blind_msa\processed\records\native_blind_msa.json,/home/xinlab/home/ws/phase2/results/12_complex_prediction/formal_msa/native_blind_seed1/boltz_results_native_blind_msa/processed/records/native_blind_msa.json,D:\IL-24(teeth）\phase2_release\results\full181_supplement\server_baseline_snapshot\results\13_interface_analysis\formal_msa\complex_model_summary.csv,/home/xinlab/home/ws/phase2/results/13_interface_analysis/formal_msa/complex_model_summary.csv,D:\IL-24(teeth）\phase2_release\results\full181_supplement\server_baseline_snapshot\results\13_interface_analysis\formal_msa\interface_contacts.csv,/home/xinlab/home/ws/phase2/results/13_interface_analysis/formal_msa/interface_contacts.csv,0,0,0,0,4,0,1,legacy: CA>4.5A; CN<1.1 or >1.6A; cKDTree radius1.8A; nonlocal local-distance>1,src/assess_relaxed_geometry.py; same thresholds; explicit local mapping,"warnings retained, never excluded after seeing results",/home/xinlab/home/ws/phase2/results/12_complex_prediction/formal_msa/native_blind_seed1/boltz_results_native_blind_msa/predictions/native_blind_msa/native_blind_msa_model_0.pdb,D:\IL-24(teeth）\phase2_release\results\full181_supplement\server_baseline_snapshot\results\12_complex_prediction\formal_msa\native_blind_seed1\boltz_results_native_blind_msa\predictions\native_blind_msa\native_blind_msa_model_0.pdb,0.1777852326631546,0.09858804196119308,0.17723000049591064,0.09085813909769058,85.09507894736842,37.07,98.16
Native155,formal_msa,2,/home/xinlab/home/ws/phase2/results/12_complex_prediction/formal_msa/native_blind_seed2/boltz_results_native_blind_msa/predictions/native_blind_msa/native_blind_msa_model_0.pdb,/home/xinlab/home/ws/phase2/results/12_complex_prediction/formal_msa/native_blind_seed2/boltz_results_native_blind_msa/predictions/native_blind_msa/native_blind_msa_model_0.pdb,/home/xinlab/home/ws/phase2/results/12_complex_prediction/formal_msa/native_blind_seed2/boltz_results_native_blind_msa/predictions/native_blind_msa/native_blind_msa_model_0.pdb,D:\IL-24(teeth）\phase2_release\results\full181_supplement\server_baseline_snapshot\server_source_inventory.json,formal_msa,passed,matched_at_saved_precision,recomputed_server_original_unrelaxed_PDB,passed,,155,119,106,True,True,True,380x380,0.25126299262046814,31.14080047607422,True,"{""A"": ""0"", ""H"": ""1"", ""L"": ""2""}",True,True,True,0,64,64,0,0,0,0,0,0.0004954026606043271,0.00055,True,True,/home/xinlab/home/ws/phase2/results/12_complex_prediction/formal_msa/native_blind_seed2/boltz_results_native_blind_msa/predictions/native_blind_msa/confidence_native_blind_msa_model_0.json,/home/xinlab/home/ws/phase2/results/12_complex_prediction/formal_msa/native_blind_seed2/boltz_results_native_blind_msa/predictions/native_blind_msa/confidence_native_blind_msa_model_0.json,/home/xinlab/home/ws/phase2/results/12_complex_prediction/formal_msa/native_blind_seed2/boltz_results_native_blind_msa/predictions/native_blind_msa/pae_native_blind_msa_model_0.npz,/home/xinlab/home/ws/phase2/results/12_complex_prediction/formal_msa/native_blind_seed2/boltz_results_native_blind_msa/predictions/native_blind_msa/pae_native_blind_msa_model_0.npz,D:\IL-24(teeth）\phase2_release\results\full181_supplement\server_baseline_snapshot\results\12_complex_prediction\formal_msa\native_blind_seed2\boltz_results_native_blind_msa\processed\records\native_blind_msa.json,/home/xinlab/home/ws/phase2/results/12_complex_prediction/formal_msa/native_blind_seed2/boltz_results_native_blind_msa/processed/records/native_blind_msa.json,D:\IL-24(teeth）\phase2_release\results\full181_supplement\server_baseline_snapshot\results\13_interface_analysis\formal_msa\complex_model_summary.csv,/home/xinlab/home/ws/phase2/results/13_interface_analysis/formal_msa/complex_model_summary.csv,D:\IL-24(teeth）\phase2_release\results\full181_supplement\server_baseline_snapshot\results\13_interface_analysis\formal_msa\interface_contacts.csv,/home/xinlab/home/ws/phase2/results/13_interface_analysis/formal_msa/interface_contacts.csv,0,0,9,8,2,0,1,legacy: CA>4.5A; CN<1.1 or >1.6A; cKDTree radius1.8A; nonlocal local-distance>1,src/assess_relaxed_geometry.py; same thresholds; explicit local mapping,"warnings retained, never excluded after seeing results",/home/xinlab/home/ws/phase2/results/12_complex_prediction/formal_msa/native_blind_seed2/boltz_results_native_blind_msa/predictions/native_blind_msa/native_blind_msa_model_0.pdb,D:\IL-24(teeth）\phase2_release\results\full181_supplement\server_baseline_snapshot\results\12_complex_prediction\formal_msa\native_blind_seed2\boltz_results_native_blind_msa\predictions\native_blind_msa\native_blind_msa_model_0.pdb,0.2109888643026352,0.12883172929286957,0.20364131033420563,0.09480751305818558,84.92207894736842,37.53,98.32
Native155,formal_msa,3,/home/xinlab/home/ws/phase2/results/12_complex_prediction/formal_msa/native_blind_seed3/boltz_results_native_blind_msa/predictions/native_blind_msa/native_blind_msa_model_0.pdb,/home/xinlab/home/ws/phase2/results/12_complex_prediction/formal_msa/native_blind_seed3/boltz_results_native_blind_msa/predictions/native_blind_msa/native_blind_msa_model_0.pdb,/home/xinlab/home/ws/phase2/results/12_complex_prediction/formal_msa/native_blind_seed3/boltz_results_native_blind_msa/predictions/native_blind_msa/native_blind_msa_model_0.pdb,D:\IL-24(teeth）\phase2_release\results\full181_supplement\server_baseline_snapshot\server_source_inventory.json,formal_msa,passed,matched_at_saved_precision,recomputed_server_original_unrelaxed_PDB,passed,,155,119,106,True,True,True,380x380,0.2512544095516205,31.09402084350586,True,"{""A"": ""0"", ""H"": ""1"", ""L"": ""2""}",True,True,True,0,67,67,0,0,0,0,0,0.00048492602360994397,0.00055,True,True,/home/xinlab/home/ws/phase2/results/12_complex_prediction/formal_msa/native_blind_seed3/boltz_results_native_blind_msa/predictions/native_blind_msa/confidence_native_blind_msa_model_0.json,/home/xinlab/home/ws/phase2/results/12_complex_prediction/formal_msa/native_blind_seed3/boltz_results_native_blind_msa/predictions/native_blind_msa/confidence_native_blind_msa_model_0.json,/home/xinlab/home/ws/phase2/results/12_complex_prediction/formal_msa/native_blind_seed3/boltz_results_native_blind_msa/predictions/native_blind_msa/pae_native_blind_msa_model_0.npz,/home/xinlab/home/ws/phase2/results/12_complex_prediction/formal_msa/native_blind_seed3/boltz_results_native_blind_msa/predictions/native_blind_msa/pae_native_blind_msa_model_0.npz,D:\IL-24(teeth）\phase2_release\results\full181_supplement\server_baseline_snapshot\results\12_complex_prediction\formal_msa\native_blind_seed3\boltz_results_native_blind_msa\processed\records\native_blind_msa.json,/home/xinlab/home/ws/phase2/results/12_complex_prediction/formal_msa/native_blind_seed3/boltz_results_native_blind_msa/processed/records/native_blind_msa.json,D:\IL-24(teeth）\phase2_release\results\full181_supplement\server_baseline_snapshot\results\13_interface_analysis\formal_msa\complex_model_summary.csv,/home/xinlab/home/ws/phase2/results/13_interface_analysis/formal_msa/complex_model_summary.csv,D:\IL-24(teeth）\phase2_release\results\full181_supplement\server_baseline_snapshot\results\13_interface_analysis\formal_msa\interface_contacts.csv,/home/xinlab/home/ws/phase2/results/13_interface_analysis/formal_msa/interface_contacts.csv,0,0,1,1,3,0,1,legacy: CA>4.5A; CN<1.1 or >1.6A; cKDTree radius1.8A; nonlocal local-distance>1,src/assess_relaxed_geometry.py; same thresholds; explicit local mapping,"warnings retained, never excluded after seeing results",/home/xinlab/home/ws/phase2/results/12_complex_prediction/formal_msa/native_blind_seed3/boltz_results_native_blind_msa/predictions/native_blind_msa/native_blind_msa_model_0.pdb,D:\IL-24(teeth）\phase2_release\results\full181_supplement\server_baseline_snapshot\results\12_complex_prediction\formal_msa\native_blind_seed3\boltz_results_native_blind_msa\predictions\native_blind_msa\native_blind_msa_model_0.pdb,0.23510681092739105,0.1836100071668625,0.22644424438476562,0.1564379632472992,85.331,35.03,98.26
Native155,formal_msa,4,/home/xinlab/home/ws/phase2/results/12_complex_prediction/formal_msa/native_blind_seed4/boltz_results_native_blind_msa/predictions/native_blind_msa/native_blind_msa_model_0.pdb,/home/xinlab/home/ws/phase2/results/12_complex_prediction/formal_msa/native_blind_seed4/boltz_results_native_blind_msa/predictions/native_blind_msa/native_blind_msa_model_0.pdb,/home/xinlab/home/ws/phase2/results/12_complex_prediction/formal_msa/native_blind_seed4/boltz_results_native_blind_msa/predictions/native_blind_msa/native_blind_msa_model_0.pdb,D:\IL-24(teeth）\phase2_release\results\full181_supplement\server_baseline_snapshot\server_source_inventory.json,formal_msa,passed,matched_at_saved_precision,recomputed_server_original_unrelaxed_PDB,passed,,155,119,106,True,True,True,380x380,0.25118863582611084,30.651540756225586,True,"{""A"": ""0"", ""H"": ""1"", ""L"": ""2""}",True,True,True,0,90,90,0,0,0,0,0,0.0004956211380813258,0.00055,True,True,/home/xinlab/home/ws/phase2/results/12_complex_prediction/formal_msa/native_blind_seed4/boltz_results_native_blind_msa/predictions/native_blind_msa/confidence_native_blind_msa_model_0.json,/home/xinlab/home/ws/phase2/results/12_complex_prediction/formal_msa/native_blind_seed4/boltz_results_native_blind_msa/predictions/native_blind_msa/confidence_native_blind_msa_model_0.json,/home/xinlab/home/ws/phase2/results/12_complex_prediction/formal_msa/native_blind_seed4/boltz_results_native_blind_msa/predictions/native_blind_msa/pae_native_blind_msa_model_0.npz,/home/xinlab/home/ws/phase2/results/12_complex_prediction/formal_msa/native_blind_seed4/boltz_results_native_blind_msa/predictions/native_blind_msa/pae_native_blind_msa_model_0.npz,D:\IL-24(teeth）\phase2_release\results\full181_supplement\server_baseline_snapshot\results\12_complex_prediction\formal_msa\native_blind_seed4\boltz_results_native_blind_msa\processed\records\native_blind_msa.json,/home/xinlab/home/ws/phase2/results/12_complex_prediction/formal_msa/native_blind_seed4/boltz_results_native_blind_msa/processed/records/native_blind_msa.json,D:\IL-24(teeth）\phase2_release\results\full181_supplement\server_baseline_snapshot\results\13_interface_analysis\formal_msa\complex_model_summary.csv,/home/xinlab/home/ws/phase2/results/13_interface_analysis/formal_msa/complex_model_summary.csv,D:\IL-24(teeth）\phase2_release\results\full181_supplement\server_baseline_snapshot\results\13_interface_analysis\formal_msa\interface_contacts.csv,/home/xinlab/home/ws/phase2/results/13_interface_analysis/formal_msa/interface_contacts.csv,0,0,14,14,6,0,1,legacy: CA>4.5A; CN<1.1 or >1.6A; cKDTree radius1.8A; nonlocal local-distance>1,src/assess_relaxed_geometry.py; same thresholds; explicit local mapping,"warnings retained, never excluded after seeing results",/home/xinlab/home/ws/phase2/results/12_complex_prediction/formal_msa/native_blind_seed4/boltz_results_native_blind_msa/predictions/native_blind_msa/native_blind_msa_model_0.pdb,D:\IL-24(teeth）\phase2_release\results\full181_supplement\server_baseline_snapshot\results\12_complex_prediction\formal_msa\native_blind_seed4\boltz_results_native_blind_msa\predictions\native_blind_msa\native_blind_msa_model_0.pdb,0.5079867243766785,0.5166422724723816,0.5195805430412292,0.509407639503479,86.04134210526315,39.03,98.15
Native155,formal_msa,5,/home/xinlab/home/ws/phase2/results/12_complex_prediction/formal_msa/native_blind_seed5/boltz_results_native_blind_msa/predictions/native_blind_msa/native_blind_msa_model_0.pdb,/home/xinlab/home/ws/phase2/results/12_complex_prediction/formal_msa/native_blind_seed5/boltz_results_native_blind_msa/predictions/native_blind_msa/native_blind_msa_model_0.pdb,/home/xinlab/home/ws/phase2/results/12_complex_prediction/formal_msa/native_blind_seed5/boltz_results_native_blind_msa/predictions/native_blind_msa/native_blind_msa_model_0.pdb,D:\IL-24(teeth）\phase2_release\results\full181_supplement\server_baseline_snapshot\server_source_inventory.json,formal_msa,passed,matched_at_saved_precision,recomputed_server_original_unrelaxed_PDB,passed,,155,119,106,True,True,True,380x380,0.25132519006729126,31.247671127319336,True,"{""A"": ""0"", ""H"": ""1"", ""L"": ""2""}",True,True,True,0,50,50,0,0,0,0,0,0.0004964159067606388,0.00055,True,True,/home/xinlab/home/ws/phase2/results/12_complex_prediction/formal_msa/native_blind_seed5/boltz_results_native_blind_msa/predictions/native_blind_msa/confidence_native_blind_msa_model_0.json,/home/xinlab/home/ws/phase2/results/12_complex_prediction/formal_msa/native_blind_seed5/boltz_results_native_blind_msa/predictions/native_blind_msa/confidence_native_blind_msa_model_0.json,/home/xinlab/home/ws/phase2/results/12_complex_prediction/formal_msa/native_blind_seed5/boltz_results_native_blind_msa/predictions/native_blind_msa/pae_native_blind_msa_model_0.npz,/home/xinlab/home/ws/phase2/results/12_complex_prediction/formal_msa/native_blind_seed5/boltz_results_native_blind_msa/predictions/native_blind_msa/pae_native_blind_msa_model_0.npz,D:\IL-24(teeth）\phase2_release\results\full181_supplement\server_baseline_snapshot\results\12_complex_prediction\formal_msa\native_blind_seed5\boltz_results_native_blind_msa\processed\records\native_blind_msa.json,/home/xinlab/home/ws/phase2/results/12_complex_prediction/formal_msa/native_blind_seed5/boltz_results_native_blind_msa/processed/records/native_blind_msa.json,D:\IL-24(teeth）\phase2_release\results\full181_supplement\server_baseline_snapshot\results\13_interface_analysis\formal_msa\complex_model_summary.csv,/home/xinlab/home/ws/phase2/results/13_interface_analysis/formal_msa/complex_model_summary.csv,D:\IL-24(teeth）\phase2_release\results\full181_supplement\server_baseline_snapshot\results\13_interface_analysis\formal_msa\interface_contacts.csv,/home/xinlab/home/ws/phase2/results/13_interface_analysis/formal_msa/interface_contacts.csv,0,0,5,5,9,0,1,legacy: CA>4.5A; CN<1.1 or >1.6A; cKDTree radius1.8A; nonlocal local-distance>1,src/assess_relaxed_geometry.py; same thresholds; explicit local mapping,"warnings retained, never excluded after seeing results",/home/xinlab/home/ws/phase2/results/12_complex_prediction/formal_msa/native_blind_seed5/boltz_results_native_blind_msa/predictions/native_blind_msa/native_blind_msa_model_0.pdb,D:\IL-24(teeth）\phase2_release\results\full181_supplement\server_baseline_snapshot\results\12_complex_prediction\formal_msa\native_blind_seed5\boltz_results_native_blind_msa\predictions\native_blind_msa\native_blind_msa_model_0.pdb,0.30342310667037964,0.27449730038642883,0.2732430100440979,0.20295453071594238,85.11484210526315,36.62,98.27
Native155,formal_msa,6,/home/xinlab/home/ws/phase2/results/12_complex_prediction/formal_msa/native_blind_seed6/boltz_results_native_blind_msa/predictions/native_blind_msa/native_blind_msa_model_0.pdb,/home/xinlab/home/ws/phase2/results/12_complex_prediction/formal_msa/native_blind_seed6/boltz_results_native_blind_msa/predictions/native_blind_msa/native_blind_msa_model_0.pdb,/home/xinlab/home/ws/phase2/results/12_complex_prediction/formal_msa/native_blind_seed6/boltz_results_native_blind_msa/predictions/native_blind_msa/native_blind_msa_model_0.pdb,D:\IL-24(teeth）\phase2_release\results\full181_supplement\server_baseline_snapshot\server_source_inventory.json,formal_msa,passed,matched_at_saved_precision,recomputed_server_original_unrelaxed_PDB,passed,,155,119,106,True,True,True,380x380,0.25124943256378174,31.298093795776367,True,"{""A"": ""0"", ""H"": ""1"", ""L"": ""2""}",True,True,True,0,55,55,0,0,0,0,0,0.000494861586503248,0.00055,True,True,/home/xinlab/home/ws/phase2/results/12_complex_prediction/formal_msa/native_blind_seed6/boltz_results_native_blind_msa/predictions/native_blind_msa/confidence_native_blind_msa_model_0.json,/home/xinlab/home/ws/phase2/results/12_complex_prediction/formal_msa/native_blind_seed6/boltz_results_native_blind_msa/predictions/native_blind_msa/confidence_native_blind_msa_model_0.json,/home/xinlab/home/ws/phase2/results/12_complex_prediction/formal_msa/native_blind_seed6/boltz_results_native_blind_msa/predictions/native_blind_msa/pae_native_blind_msa_model_0.npz,/home/xinlab/home/ws/phase2/results/12_complex_prediction/formal_msa/native_blind_seed6/boltz_results_native_blind_msa/predictions/native_blind_msa/pae_native_blind_msa_model_0.npz,D:\IL-24(teeth）\phase2_release\results\full181_supplement\server_baseline_snapshot\results\12_complex_prediction\formal_msa\native_blind_seed6\boltz_results_native_blind_msa\processed\records\native_blind_msa.json,/home/xinlab/home/ws/phase2/results/12_complex_prediction/formal_msa/native_blind_seed6/boltz_results_native_blind_msa/processed/records/native_blind_msa.json,D:\IL-24(teeth）\phase2_release\results\full181_supplement\server_baseline_snapshot\results\13_interface_analysis\formal_msa\complex_model_summary.csv,/home/xinlab/home/ws/phase2/results/13_interface_analysis/formal_msa/complex_model_summary.csv,D:\IL-24(teeth）\phase2_release\results\full181_supplement\server_baseline_snapshot\results\13_interface_analysis\formal_msa\interface_contacts.csv,/home/xinlab/home/ws/phase2/results/13_interface_analysis/formal_msa/interface_contacts.csv,0,0,0,0,11,0,1,legacy: CA>4.5A; CN<1.1 or >1.6A; cKDTree radius1.8A; nonlocal local-distance>1,src/assess_relaxed_geometry.py; same thresholds; explicit local mapping,"warnings retained, never excluded after seeing results",/home/xinlab/home/ws/phase2/results/12_complex_prediction/formal_msa/native_blind_seed6/boltz_results_native_blind_msa/predictions/native_blind_msa/native_blind_msa_model_0.pdb,D:\IL-24(teeth）\phase2_release\results\full181_supplement\server_baseline_snapshot\results\12_complex_prediction\formal_msa\native_blind_seed6\boltz_results_native_blind_msa\predictions\native_blind_msa\native_blind_msa_model_0.pdb,0.2197476625442505,0.1794595718383789,0.20912067592144012,0.14760896563529968,84.43739473684211,35.65,98.28
Native155,formal_msa,7,/home/xinlab/home/ws/phase2/results/12_complex_prediction/formal_msa/native_blind_seed7/boltz_results_native_blind_msa/predictions/native_blind_msa/native_blind_msa_model_0.pdb,/home/xinlab/home/ws/phase2/results/12_complex_prediction/formal_msa/native_blind_seed7/boltz_results_native_blind_msa/predictions/native_blind_msa/native_blind_msa_model_0.pdb,/home/xinlab/home/ws/phase2/results/12_complex_prediction/formal_msa/native_blind_seed7/boltz_results_native_blind_msa/predictions/native_blind_msa/native_blind_msa_model_0.pdb,D:\IL-24(teeth）\phase2_release\results\full181_supplement\server_baseline_snapshot\server_source_inventory.json,formal_msa,passed,matched_at_saved_precision,recomputed_server_original_unrelaxed_PDB,passed,,155,119,106,True,True,True,380x380,0.2512356638908386,30.916542053222656,True,"{""A"": ""0"", ""H"": ""1"", ""L"": ""2""}",True,True,True,0,63,63,0,0,0,0,0,0.0004955366788395033,0.00055,True,True,/home/xinlab/home/ws/phase2/results/12_complex_prediction/formal_msa/native_blind_seed7/boltz_results_native_blind_msa/predictions/native_blind_msa/confidence_native_blind_msa_model_0.json,/home/xinlab/home/ws/phase2/results/12_complex_prediction/formal_msa/native_blind_seed7/boltz_results_native_blind_msa/predictions/native_blind_msa/confidence_native_blind_msa_model_0.json,/home/xinlab/home/ws/phase2/results/12_complex_prediction/formal_msa/native_blind_seed7/boltz_results_native_blind_msa/predictions/native_blind_msa/pae_native_blind_msa_model_0.npz,/home/xinlab/home/ws/phase2/results/12_complex_prediction/formal_msa/native_blind_seed7/boltz_results_native_blind_msa/predictions/native_blind_msa/pae_native_blind_msa_model_0.npz,D:\IL-24(teeth）\phase2_release\results\full181_supplement\server_baseline_snapshot\results\12_complex_prediction\formal_msa\native_blind_seed7\boltz_results_native_blind_msa\processed\records\native_blind_msa.json,/home/xinlab/home/ws/phase2/results/12_complex_prediction/formal_msa/native_blind_seed7/boltz_results_native_blind_msa/processed/records/native_blind_msa.json,D:\IL-24(teeth）\phase2_release\results\full181_supplement\server_baseline_snapshot\results\13_interface_analysis\formal_msa\complex_model_summary.csv,/home/xinlab/home/ws/phase2/results/13_interface_analysis/formal_msa/complex_model_summary.csv,D:\IL-24(teeth）\phase2_release\results\full181_supplement\server_baseline_snapshot\results\13_interface_analysis\formal_msa\interface_contacts.csv,/home/xinlab/home/ws/phase2/results/13_interface_analysis/formal_msa/interface_contacts.csv,0,0,1,1,2,0,1,legacy: CA>4.5A; CN<1.1 or >1.6A; cKDTree radius1.8A; nonlocal local-distance>1,src/assess_relaxed_geometry.py; same thresholds; explicit local mapping,"warnings retained, never excluded after seeing results",/home/xinlab/home/ws/phase2/results/12_complex_prediction/formal_msa/native_blind_seed7/boltz_results_native_blind_msa/predictions/native_blind_msa/native_blind_msa_model_0.pdb,D:\IL-24(teeth）\phase2_release\results\full181_supplement\server_baseline_snapshot\results\12_complex_prediction\formal_msa\native_blind_seed7\boltz_results_native_blind_msa\predictions\native_blind_msa\native_blind_msa_model_0.pdb,0.4122973084449768,0.3926790952682495,0.3812465965747833,0.32071685791015625,86.101,33.82,98.18
Native155,formal_msa,8,/home/xinlab/home/ws/phase2/results/12_complex_prediction/formal_msa/native_blind_seed8/boltz_results_native_blind_msa/predictions/native_blind_msa/native_blind_msa_model_0.pdb,/home/xinlab/home/ws/phase2/results/12_complex_prediction/formal_msa/native_blind_seed8/boltz_results_native_blind_msa/predictions/native_blind_msa/native_blind_msa_model_0.pdb,/home/xinlab/home/ws/phase2/results/12_complex_prediction/formal_msa/native_blind_seed8/boltz_results_native_blind_msa/predictions/native_blind_msa/native_blind_msa_model_0.pdb,D:\IL-24(teeth）\phase2_release\results\full181_supplement\server_baseline_snapshot\server_source_inventory.json,formal_msa,passed,matched_at_saved_precision,recomputed_server_original_unrelaxed_PDB,passed,,155,119,106,True,True,True,380x380,0.2512311041355133,31.518165588378906,True,"{""A"": ""0"", ""H"": ""1"", ""L"": ""2""}",True,True,True,0,69,69,0,0,0,0,0,0.0004982098256798295,0.00055,True,True,/home/xinlab/home/ws/phase2/results/12_complex_prediction/formal_msa/native_blind_seed8/boltz_results_native_blind_msa/predictions/native_blind_msa/confidence_native_blind_msa_model_0.json,/home/xinlab/home/ws/phase2/results/12_complex_prediction/formal_msa/native_blind_seed8/boltz_results_native_blind_msa/predictions/native_blind_msa/confidence_native_blind_msa_model_0.json,/home/xinlab/home/ws/phase2/results/12_complex_prediction/formal_msa/native_blind_seed8/boltz_results_native_blind_msa/predictions/native_blind_msa/pae_native_blind_msa_model_0.npz,/home/xinlab/home/ws/phase2/results/12_complex_prediction/formal_msa/native_blind_seed8/boltz_results_native_blind_msa/predictions/native_blind_msa/pae_native_blind_msa_model_0.npz,D:\IL-24(teeth）\phase2_release\results\full181_supplement\server_baseline_snapshot\results\12_complex_prediction\formal_msa\native_blind_seed8\boltz_results_native_blind_msa\processed\records\native_blind_msa.json,/home/xinlab/home/ws/phase2/results/12_complex_prediction/formal_msa/native_blind_seed8/boltz_results_native_blind_msa/processed/records/native_blind_msa.json,D:\IL-24(teeth）\phase2_release\results\full181_supplement\server_baseline_snapshot\results\13_interface_analysis\formal_msa\complex_model_summary.csv,/home/xinlab/home/ws/phase2/results/13_interface_analysis/formal_msa/complex_model_summary.csv,D:\IL-24(teeth）\phase2_release\results\full181_supplement\server_baseline_snapshot\results\13_interface_analysis\formal_msa\interface_contacts.csv,/home/xinlab/home/ws/phase2/results/13_interface_analysis/formal_msa/interface_contacts.csv,0,0,6,6,2,0,1,legacy: CA>4.5A; CN<1.1 or >1.6A; cKDTree radius1.8A; nonlocal local-distance>1,src/assess_relaxed_geometry.py; same thresholds; explicit local mapping,"warnings retained, never excluded after seeing results",/home/xinlab/home/ws/phase2/results/12_complex_prediction/formal_msa/native_blind_seed8/boltz_results_native_blind_msa/predictions/native_blind_msa/native_blind_msa_model_0.pdb,D:\IL-24(teeth）\phase2_release\results\full181_supplement\server_baseline_snapshot\results\12_complex_prediction\formal_msa\native_blind_seed8\boltz_results_native_blind_msa\predictions\native_blind_msa\native_blind_msa_model_0.pdb,0.21920444071292877,0.1563551127910614,0.2118210792541504,0.1400589495897293,84.79965789473684,35.13,98.31
Native155,formal_msa,9,/home/xinlab/home/ws/phase2/results/12_complex_prediction/formal_msa/native_blind_seed9/boltz_results_native_blind_msa/predictions/native_blind_msa/native_blind_msa_model_0.pdb,/home/xinlab/home/ws/phase2/results/12_complex_prediction/formal_msa/native_blind_seed9/boltz_results_native_blind_msa/predictions/native_blind_msa/native_blind_msa_model_0.pdb,/home/xinlab/home/ws/phase2/results/12_complex_prediction/formal_msa/native_blind_seed9/boltz_results_native_blind_msa/predictions/native_blind_msa/native_blind_msa_model_0.pdb,D:\IL-24(teeth）\phase2_release\results\full181_supplement\server_baseline_snapshot\server_source_inventory.json,formal_msa,passed,matched_at_saved_precision,recomputed_server_original_unrelaxed_PDB,passed,,155,119,106,True,True,True,380x380,0.2512669265270233,31.229909896850586,True,"{""A"": ""0"", ""H"": ""1"", ""L"": ""2""}",True,True,True,0,53,53,0,0,0,0,0,0.000499039200716922,0.00055,True,True,/home/xinlab/home/ws/phase2/results/12_complex_prediction/formal_msa/native_blind_seed9/boltz_results_native_blind_msa/predictions/native_blind_msa/confidence_native_blind_msa_model_0.json,/home/xinlab/home/ws/phase2/results/12_complex_prediction/formal_msa/native_blind_seed9/boltz_results_native_blind_msa/predictions/native_blind_msa/confidence_native_blind_msa_model_0.json,/home/xinlab/home/ws/phase2/results/12_complex_prediction/formal_msa/native_blind_seed9/boltz_results_native_blind_msa/predictions/native_blind_msa/pae_native_blind_msa_model_0.npz,/home/xinlab/home/ws/phase2/results/12_complex_prediction/formal_msa/native_blind_seed9/boltz_results_native_blind_msa/predictions/native_blind_msa/pae_native_blind_msa_model_0.npz,D:\IL-24(teeth）\phase2_release\results\full181_supplement\server_baseline_snapshot\results\12_complex_prediction\formal_msa\native_blind_seed9\boltz_results_native_blind_msa\processed\records\native_blind_msa.json,/home/xinlab/home/ws/phase2/results/12_complex_prediction/formal_msa/native_blind_seed9/boltz_results_native_blind_msa/processed/records/native_blind_msa.json,D:\IL-24(teeth）\phase2_release\results\full181_supplement\server_baseline_snapshot\results\13_interface_analysis\formal_msa\complex_model_summary.csv,/home/xinlab/home/ws/phase2/results/13_interface_analysis/formal_msa/complex_model_summary.csv,D:\IL-24(teeth）\phase2_release\results\full181_supplement\server_baseline_snapshot\results\13_interface_analysis\formal_msa\interface_contacts.csv,/home/xinlab/home/ws/phase2/results/13_interface_analysis/formal_msa/interface_contacts.csv,0,0,0,0,5,0,1,legacy: CA>4.5A; CN<1.1 or >1.6A; cKDTree radius1.8A; nonlocal local-distance>1,src/assess_relaxed_geometry.py; same thresholds; explicit local mapping,"warnings retained, never excluded after seeing results",/home/xinlab/home/ws/phase2/results/12_complex_prediction/formal_msa/native_blind_seed9/boltz_results_native_blind_msa/predictions/native_blind_msa/native_blind_msa_model_0.pdb,D:\IL-24(teeth）\phase2_release\results\full181_supplement\server_baseline_snapshot\results\12_complex_prediction\formal_msa\native_blind_seed9\boltz_results_native_blind_msa\predictions\native_blind_msa\native_blind_msa_model_0.pdb,0.23519614338874817,0.17086853086948395,0.22126127779483795,0.13649412989616394,84.63097368421053,35.79,98.32
Native155,formal_msa,10,/home/xinlab/home/ws/phase2/results/12_complex_prediction/formal_msa/native_blind_seed10/boltz_results_native_blind_msa/predictions/native_blind_msa/native_blind_msa_model_0.pdb,/home/xinlab/home/ws/phase2/results/12_complex_prediction/formal_msa/native_blind_seed10/boltz_results_native_blind_msa/predictions/native_blind_msa/native_blind_msa_model_0.pdb,/home/xinlab/home/ws/phase2/results/12_complex_prediction/formal_msa/native_blind_seed10/boltz_results_native_blind_msa/predictions/native_blind_msa/native_blind_msa_model_0.pdb,D:\IL-24(teeth）\phase2_release\results\full181_supplement\server_baseline_snapshot\server_source_inventory.json,formal_msa,passed,matched_at_saved_precision,recomputed_server_original_unrelaxed_PDB,passed,,155,119,106,True,True,True,380x380,0.2512863278388977,31.1376895904541,True,"{""A"": ""0"", ""H"": ""1"", ""L"": ""2""}",True,True,True,0,59,59,0,0,0,0,0,0.0004700520176497136,0.00055,True,True,/home/xinlab/home/ws/phase2/results/12_complex_prediction/formal_msa/native_blind_seed10/boltz_results_native_blind_msa/predictions/native_blind_msa/confidence_native_blind_msa_model_0.json,/home/xinlab/home/ws/phase2/results/12_complex_prediction/formal_msa/native_blind_seed10/boltz_results_native_blind_msa/predictions/native_blind_msa/confidence_native_blind_msa_model_0.json,/home/xinlab/home/ws/phase2/results/12_complex_prediction/formal_msa/native_blind_seed10/boltz_results_native_blind_msa/predictions/native_blind_msa/pae_native_blind_msa_model_0.npz,/home/xinlab/home/ws/phase2/results/12_complex_prediction/formal_msa/native_blind_seed10/boltz_results_native_blind_msa/predictions/native_blind_msa/pae_native_blind_msa_model_0.npz,D:\IL-24(teeth）\phase2_release\results\full181_supplement\server_baseline_snapshot\results\12_complex_prediction\formal_msa\native_blind_seed10\boltz_results_native_blind_msa\processed\records\native_blind_msa.json,/home/xinlab/home/ws/phase2/results/12_complex_prediction/formal_msa/native_blind_seed10/boltz_results_native_blind_msa/processed/records/native_blind_msa.json,D:\IL-24(teeth）\phase2_release\results\full181_supplement\server_baseline_snapshot\results\13_interface_analysis\formal_msa\complex_model_summary.csv,/home/xinlab/home/ws/phase2/results/13_interface_analysis/formal_msa/complex_model_summary.csv,D:\IL-24(teeth）\phase2_release\results\full181_supplement\server_baseline_snapshot\results\13_interface_analysis\formal_msa\interface_contacts.csv,/home/xinlab/home/ws/phase2/results/13_interface_analysis/formal_msa/interface_contacts.csv,0,0,6,6,7,0,1,legacy: CA>4.5A; CN<1.1 or >1.6A; cKDTree radius1.8A; nonlocal local-distance>1,src/assess_relaxed_geometry.py; same thresholds; explicit local mapping,"warnings retained, never excluded after seeing results",/home/xinlab/home/ws/phase2/results/12_complex_prediction/formal_msa/native_blind_seed10/boltz_results_native_blind_msa/predictions/native_blind_msa/native_blind_msa_model_0.pdb,D:\IL-24(teeth）\phase2_release\results\full181_supplement\server_baseline_snapshot\results\12_complex_prediction\formal_msa\native_blind_seed10\boltz_results_native_blind_msa\predictions\native_blind_msa\native_blind_msa_model_0.pdb,0.24096480011940002,0.16447360813617706,0.22404620051383972,0.1104699894785881,84.45342105263158,36.76,98.19
Native155,formal_msa,11,/home/xinlab/home/ws/phase2/results/12_complex_prediction/formal_msa/native_blind_seed11/boltz_results_native_blind_msa/predictions/native_blind_msa/native_blind_msa_model_0.pdb,/home/xinlab/home/ws/phase2/results/12_complex_prediction/formal_msa/native_blind_seed11/boltz_results_native_blind_msa/predictions/native_blind_msa/native_blind_msa_model_0.pdb,/home/xinlab/home/ws/phase2/results/12_complex_prediction/formal_msa/native_blind_seed11/boltz_results_native_blind_msa/predictions/native_blind_msa/native_blind_msa_model_0.pdb,D:\IL-24(teeth）\phase2_release\results\full181_supplement\server_baseline_snapshot\server_source_inventory.json,formal_msa,passed,matched_at_saved_precision,recomputed_server_original_unrelaxed_PDB,passed,,155,119,106,True,True,True,380x380,0.2512800991535187,31.06241226196289,True,"{""A"": ""0"", ""H"": ""1"", ""L"": ""2""}",True,True,True,0,65,65,0,0,0,0,0,0.0004944141519337419,0.00055,True,True,/home/xinlab/home/ws/phase2/results/12_complex_prediction/formal_msa/native_blind_seed11/boltz_results_native_blind_msa/predictions/native_blind_msa/confidence_native_blind_msa_model_0.json,/home/xinlab/home/ws/phase2/results/12_complex_prediction/formal_msa/native_blind_seed11/boltz_results_native_blind_msa/predictions/native_blind_msa/confidence_native_blind_msa_model_0.json,/home/xinlab/home/ws/phase2/results/12_complex_prediction/formal_msa/native_blind_seed11/boltz_results_native_blind_msa/predictions/native_blind_msa/pae_native_blind_msa_model_0.npz,/home/xinlab/home/ws/phase2/results/12_complex_prediction/formal_msa/native_blind_seed11/boltz_results_native_blind_msa/predictions/native_blind_msa/pae_native_blind_msa_model_0.npz,D:\IL-24(teeth）\phase2_release\results\full181_supplement\server_baseline_snapshot\results\12_complex_prediction\formal_msa\native_blind_seed11\boltz_results_native_blind_msa\processed\records\native_blind_msa.json,/home/xinlab/home/ws/phase2/results/12_complex_prediction/formal_msa/native_blind_seed11/boltz_results_native_blind_msa/processed/records/native_blind_msa.json,D:\IL-24(teeth）\phase2_release\results\full181_supplement\server_baseline_snapshot\results\13_interface_analysis\formal_msa\complex_model_summary.csv,/home/xinlab/home/ws/phase2/results/13_interface_analysis/formal_msa/complex_model_summary.csv,D:\IL-24(teeth）\phase2_release\results\full181_supplement\server_baseline_snapshot\results\13_interface_analysis\formal_msa\interface_contacts.csv,/home/xinlab/home/ws/phase2/results/13_interface_analysis/formal_msa/interface_contacts.csv,0,0,8,8,1,0,1,legacy: CA>4.5A; CN<1.1 or >1.6A; cKDTree radius1.8A; nonlocal local-distance>1,src/assess_relaxed_geometry.py; same thresholds; explicit local mapping,"warnings retained, never excluded after seeing results",/home/xinlab/home/ws/phase2/results/12_complex_prediction/formal_msa/native_blind_seed11/boltz_results_native_blind_msa/predictions/native_blind_msa/native_blind_msa_model_0.pdb,D:\IL-24(teeth）\phase2_release\results\full181_supplement\server_baseline_snapshot\results\12_complex_prediction\formal_msa\native_blind_seed11\boltz_results_native_blind_msa\predictions\native_blind_msa\native_blind_msa_model_0.pdb,0.2765156924724579,0.2273779660463333,0.25846731662750244,0.18288837373256683,85.21452631578947,36.24,98.18
Native155,formal_msa,12,/home/xinlab/home/ws/phase2/results/12_complex_prediction/formal_msa/native_blind_seed12/boltz_results_native_blind_msa/predictions/native_blind_msa/native_blind_msa_model_0.pdb,/home/xinlab/home/ws/phase2/results/12_complex_prediction/formal_msa/native_blind_seed12/boltz_results_native_blind_msa/predictions/native_blind_msa/native_blind_msa_model_0.pdb,/home/xinlab/home/ws/phase2/results/12_complex_prediction/formal_msa/native_blind_seed12/boltz_results_native_blind_msa/predictions/native_blind_msa/native_blind_msa_model_0.pdb,D:\IL-24(teeth）\phase2_release\results\full181_supplement\server_baseline_snapshot\server_source_inventory.json,formal_msa,passed,matched_at_saved_precision,recomputed_server_original_unrelaxed_PDB,passed,,155,119,106,True,True,True,380x380,0.25119301676750183,31.00613784790039,True,"{""A"": ""0"", ""H"": ""1"", ""L"": ""2""}",True,True,True,0,63,63,0,0,0,0,0,0.0004962755559576593,0.00055,True,True,/home/xinlab/home/ws/phase2/results/12_complex_prediction/formal_msa/native_blind_seed12/boltz_results_native_blind_msa/predictions/native_blind_msa/confidence_native_blind_msa_model_0.json,/home/xinlab/home/ws/phase2/results/12_complex_prediction/formal_msa/native_blind_seed12/boltz_results_native_blind_msa/predictions/native_blind_msa/confidence_native_blind_msa_model_0.json,/home/xinlab/home/ws/phase2/results/12_complex_prediction/formal_msa/native_blind_seed12/boltz_results_native_blind_msa/predictions/native_blind_msa/pae_native_blind_msa_model_0.npz,/home/xinlab/home/ws/phase2/results/12_complex_prediction/formal_msa/native_blind_seed12/boltz_results_native_blind_msa/predictions/native_blind_msa/pae_native_blind_msa_model_0.npz,D:\IL-24(teeth）\phase2_release\results\full181_supplement\server_baseline_snapshot\results\12_complex_prediction\formal_msa\native_blind_seed12\boltz_results_native_blind_msa\processed\records\native_blind_msa.json,/home/xinlab/home/ws/phase2/results/12_complex_prediction/formal_msa/native_blind_seed12/boltz_results_native_blind_msa/processed/records/native_blind_msa.json,D:\IL-24(teeth）\phase2_release\results\full181_supplement\server_baseline_snapshot\results\13_interface_analysis\formal_msa\complex_model_summary.csv,/home/xinlab/home/ws/phase2/results/13_interface_analysis/formal_msa/complex_model_summary.csv,D:\IL-24(teeth）\phase2_release\results\full181_supplement\server_baseline_snapshot\results\13_interface_analysis\formal_msa\interface_contacts.csv,/home/xinlab/home/ws/phase2/results/13_interface_analysis/formal_msa/interface_contacts.csv,0,0,1,1,4,0,1,legacy: CA>4.5A; CN<1.1 or >1.6A; cKDTree radius1.8A; nonlocal local-distance>1,src/assess_relaxed_geometry.py; same thresholds; explicit local mapping,"warnings retained, never excluded after seeing results",/home/xinlab/home/ws/phase2/results/12_complex_prediction/formal_msa/native_blind_seed12/boltz_results_native_blind_msa/predictions/native_blind_msa/native_blind_msa_model_0.pdb,D:\IL-24(teeth）\phase2_release\results\full181_supplement\server_baseline_snapshot\results\12_complex_prediction\formal_msa\native_blind_seed12\boltz_results_native_blind_msa\predictions\native_blind_msa\native_blind_msa_model_0.pdb,0.235259547829628,0.17055989801883698,0.2219187170267105,0.13295280933380127,85.25505263157895,36.7,98.28
Native155,formal_msa,13,/home/xinlab/home/ws/phase2/results/12_complex_prediction/formal_msa/native_blind_seed13/boltz_results_native_blind_msa/predictions/native_blind_msa/native_blind_msa_model_0.pdb,/home/xinlab/home/ws/phase2/results/12_complex_prediction/formal_msa/native_blind_seed13/boltz_results_native_blind_msa/predictions/native_blind_msa/native_blind_msa_model_0.pdb,/home/xinlab/home/ws/phase2/results/12_complex_prediction/formal_msa/native_blind_seed13/boltz_results_native_blind_msa/predictions/native_blind_msa/native_blind_msa_model_0.pdb,D:\IL-24(teeth）\phase2_release\results\full181_supplement\server_baseline_snapshot\server_source_inventory.json,formal_msa,passed,matched_at_saved_precision,recomputed_server_original_unrelaxed_PDB,passed,,155,119,106,True,True,True,380x380,0.2512722611427307,31.222227096557617,True,"{""A"": ""0"", ""H"": ""1"", ""L"": ""2""}",True,True,True,0,55,55,0,0,0,0,0,0.000494453119720184,0.00055,True,True,/home/xinlab/home/ws/phase2/results/12_complex_prediction/formal_msa/native_blind_seed13/boltz_results_native_blind_msa/predictions/native_blind_msa/confidence_native_blind_msa_model_0.json,/home/xinlab/home/ws/phase2/results/12_complex_prediction/formal_msa/native_blind_seed13/boltz_results_native_blind_msa/predictions/native_blind_msa/confidence_native_blind_msa_model_0.json,/home/xinlab/home/ws/phase2/results/12_complex_prediction/formal_msa/native_blind_seed13/boltz_results_native_blind_msa/predictions/native_blind_msa/pae_native_blind_msa_model_0.npz,/home/xinlab/home/ws/phase2/results/12_complex_prediction/formal_msa/native_blind_seed13/boltz_results_native_blind_msa/predictions/native_blind_msa/pae_native_blind_msa_model_0.npz,D:\IL-24(teeth）\phase2_release\results\full181_supplement\server_baseline_snapshot\results\12_complex_prediction\formal_msa\native_blind_seed13\boltz_results_native_blind_msa\processed\records\native_blind_msa.json,/home/xinlab/home/ws/phase2/results/12_complex_prediction/formal_msa/native_blind_seed13/boltz_results_native_blind_msa/processed/records/native_blind_msa.json,D:\IL-24(teeth）\phase2_release\results\full181_supplement\server_baseline_snapshot\results\13_interface_analysis\formal_msa\complex_model_summary.csv,/home/xinlab/home/ws/phase2/results/13_interface_analysis/formal_msa/complex_model_summary.csv,D:\IL-24(teeth）\phase2_release\results\full181_supplement\server_baseline_snapshot\results\13_interface_analysis\formal_msa\interface_contacts.csv,/home/xinlab/home/ws/phase2/results/13_interface_analysis/formal_msa/interface_contacts.csv,0,0,5,5,7,0,1,legacy: CA>4.5A; CN<1.1 or >1.6A; cKDTree radius1.8A; nonlocal local-distance>1,src/assess_relaxed_geometry.py; same thresholds; explicit local mapping,"warnings retained, never excluded after seeing results",/home/xinlab/home/ws/phase2/results/12_complex_prediction/formal_msa/native_blind_seed13/boltz_results_native_blind_msa/predictions/native_blind_msa/native_blind_msa_model_0.pdb,D:\IL-24(teeth）\phase2_release\results\full181_supplement\server_baseline_snapshot\results\12_complex_prediction\formal_msa\native_blind_seed13\boltz_results_native_blind_msa\predictions\native_blind_msa\native_blind_msa_model_0.pdb,0.32357919216156006,0.31763535737991333,0.29134824872016907,0.2280079871416092,85.16773684210527,35.42,98.18
Native155,formal_msa,14,/home/xinlab/home/ws/phase2/results/12_complex_prediction/formal_msa/native_blind_seed14/boltz_results_native_blind_msa/predictions/native_blind_msa/native_blind_msa_model_0.pdb,/home/xinlab/home/ws/phase2/results/12_complex_prediction/formal_msa/native_blind_seed14/boltz_results_native_blind_msa/predictions/native_blind_msa/native_blind_msa_model_0.pdb,/home/xinlab/home/ws/phase2/results/12_complex_prediction/formal_msa/native_blind_seed14/boltz_results_native_blind_msa/predictions/native_blind_msa/native_blind_msa_model_0.pdb,D:\IL-24(teeth）\phase2_release\results\full181_supplement\server_baseline_snapshot\server_source_inventory.json,formal_msa,passed,matched_at_saved_precision,recomputed_server_original_unrelaxed_PDB,passed,,155,119,106,True,True,True,380x380,0.25125646591186523,31.01405143737793,True,"{""A"": ""0"", ""H"": ""1"", ""L"": ""2""}",True,True,True,0,42,42,0,0,0,0,0,0.0004997038233813811,0.00055,True,True,/home/xinlab/home/ws/phase2/results/12_complex_prediction/formal_msa/native_blind_seed14/boltz_results_native_blind_msa/predictions/native_blind_msa/confidence_native_blind_msa_model_0.json,/home/xinlab/home/ws/phase2/results/12_complex_prediction/formal_msa/native_blind_seed14/boltz_results_native_blind_msa/predictions/native_blind_msa/confidence_native_blind_msa_model_0.json,/home/xinlab/home/ws/phase2/results/12_complex_prediction/formal_msa/native_blind_seed14/boltz_results_native_blind_msa/predictions/native_blind_msa/pae_native_blind_msa_model_0.npz,/home/xinlab/home/ws/phase2/results/12_complex_prediction/formal_msa/native_blind_seed14/boltz_results_native_blind_msa/predictions/native_blind_msa/pae_native_blind_msa_model_0.npz,D:\IL-24(teeth）\phase2_release\results\full181_supplement\server_baseline_snapshot\results\12_complex_prediction\formal_msa\native_blind_seed14\boltz_results_native_blind_msa\processed\records\native_blind_msa.json,/home/xinlab/home/ws/phase2/results/12_complex_prediction/formal_msa/native_blind_seed14/boltz_results_native_blind_msa/processed/records/native_blind_msa.json,D:\IL-24(teeth）\phase2_release\results\full181_supplement\server_baseline_snapshot\results\13_interface_analysis\formal_msa\complex_model_summary.csv,/home/xinlab/home/ws/phase2/results/13_interface_analysis/formal_msa/complex_model_summary.csv,D:\IL-24(teeth）\phase2_release\results\full181_supplement\server_baseline_snapshot\results\13_interface_analysis\formal_msa\interface_contacts.csv,/home/xinlab/home/ws/phase2/results/13_interface_analysis/formal_msa/interface_contacts.csv,0,0,0,0,1,0,1,legacy: CA>4.5A; CN<1.1 or >1.6A; cKDTree radius1.8A; nonlocal local-distance>1,src/assess_relaxed_geometry.py; same thresholds; explicit local mapping,"warnings retained, never excluded after seeing results",/home/xinlab/home/ws/phase2/results/12_complex_prediction/formal_msa/native_blind_seed14/boltz_results_native_blind_msa/predictions/native_blind_msa/native_blind_msa_model_0.pdb,D:\IL-24(teeth）\phase2_release\results\full181_supplement\server_baseline_snapshot\results\12_complex_prediction\formal_msa\native_blind_seed14\boltz_results_native_blind_msa\predictions\native_blind_msa\native_blind_msa_model_0.pdb,0.2356773167848587,0.18031743168830872,0.22139804065227509,0.14237037301063538,85.34294736842105,36.29,98.3
Native155,formal_msa,15,/home/xinlab/home/ws/phase2/results/12_complex_prediction/formal_msa/native_blind_seed15/boltz_results_native_blind_msa/predictions/native_blind_msa/native_blind_msa_model_0.pdb,/home/xinlab/home/ws/phase2/results/12_complex_prediction/formal_msa/native_blind_seed15/boltz_results_native_blind_msa/predictions/native_blind_msa/native_blind_msa_model_0.pdb,/home/xinlab/home/ws/phase2/results/12_complex_prediction/formal_msa/native_blind_seed15/boltz_results_native_blind_msa/predictions/native_blind_msa/native_blind_msa_model_0.pdb,D:\IL-24(teeth）\phase2_release\results\full181_supplement\server_baseline_snapshot\server_source_inventory.json,formal_msa,passed,matched_at_saved_precision,recomputed_server_original_unrelaxed_PDB,passed,,155,119,106,True,True,True,380x380,0.2512369155883789,31.17186164855957,True,"{""A"": ""0"", ""H"": ""1"", ""L"": ""2""}",True,True,True,0,55,55,0,0,0,0,0,0.0004929285747765633,0.00055,True,True,/home/xinlab/home/ws/phase2/results/12_complex_prediction/formal_msa/native_blind_seed15/boltz_results_native_blind_msa/predictions/native_blind_msa/confidence_native_blind_msa_model_0.json,/home/xinlab/home/ws/phase2/results/12_complex_prediction/formal_msa/native_blind_seed15/boltz_results_native_blind_msa/predictions/native_blind_msa/confidence_native_blind_msa_model_0.json,/home/xinlab/home/ws/phase2/results/12_complex_prediction/formal_msa/native_blind_seed15/boltz_results_native_blind_msa/predictions/native_blind_msa/pae_native_blind_msa_model_0.npz,/home/xinlab/home/ws/phase2/results/12_complex_prediction/formal_msa/native_blind_seed15/boltz_results_native_blind_msa/predictions/native_blind_msa/pae_native_blind_msa_model_0.npz,D:\IL-24(teeth）\phase2_release\results\full181_supplement\server_baseline_snapshot\results\12_complex_prediction\formal_msa\native_blind_seed15\boltz_results_native_blind_msa\processed\records\native_blind_msa.json,/home/xinlab/home/ws/phase2/results/12_complex_prediction/formal_msa/native_blind_seed15/boltz_results_native_blind_msa/processed/records/native_blind_msa.json,D:\IL-24(teeth）\phase2_release\results\full181_supplement\server_baseline_snapshot\results\13_interface_analysis\formal_msa\complex_model_summary.csv,/home/xinlab/home/ws/phase2/results/13_interface_analysis/formal_msa/complex_model_summary.csv,D:\IL-24(teeth）\phase2_release\results\full181_supplement\server_baseline_snapshot\results\13_interface_analysis\formal_msa\interface_contacts.csv,/home/xinlab/home/ws/phase2/results/13_interface_analysis/formal_msa/interface_contacts.csv,0,0,2,2,6,0,1,legacy: CA>4.5A; CN<1.1 or >1.6A; cKDTree radius1.8A; nonlocal local-distance>1,src/assess_relaxed_geometry.py; same thresholds; explicit local mapping,"warnings retained, never excluded after seeing results",/home/xinlab/home/ws/phase2/results/12_complex_prediction/formal_msa/native_blind_seed15/boltz_results_native_blind_msa/predictions/native_blind_msa/native_blind_msa_model_0.pdb,D:\IL-24(teeth）\phase2_release\results\full181_supplement\server_baseline_snapshot\results\12_complex_prediction\formal_msa\native_blind_seed15\boltz_results_native_blind_msa\predictions\native_blind_msa\native_blind_msa_model_0.pdb,0.2381882518529892,0.165937140583992,0.22525976598262787,0.13725796341896057,84.69386842105263,36.23,98.24
Immunogen134,formal_msa,1,/home/xinlab/home/ws/phase2/results/12_complex_prediction/formal_msa/immunogen_blind_seed1/boltz_results_immunogen_blind_msa/predictions/immunogen_blind_msa/immunogen_blind_msa_model_0.pdb,/home/xinlab/home/ws/phase2/results/12_complex_prediction/formal_msa/immunogen_blind_seed1/boltz_results_immunogen_blind_msa/predictions/immunogen_blind_msa/immunogen_blind_msa_model_0.pdb,/home/xinlab/home/ws/phase2/results/12_complex_prediction/formal_msa/immunogen_blind_seed1/boltz_results_immunogen_blind_msa/predictions/immunogen_blind_msa/immunogen_blind_msa_model_0.pdb,D:\IL-24(teeth）\phase2_release\results\full181_supplement\server_baseline_snapshot\server_source_inventory.json,formal_msa,passed,matched_at_saved_precision,recomputed_server_original_unrelaxed_PDB,passed,,134,119,106,True,True,True,359x359,0.25129234790802,30.538467407226562,True,"{""A"": ""0"", ""H"": ""1"", ""L"": ""2""}",True,True,True,0,50,50,0,0,0,0,0,0.0004916953148366154,0.00055,True,True,/home/xinlab/home/ws/phase2/results/12_complex_prediction/formal_msa/immunogen_blind_seed1/boltz_results_immunogen_blind_msa/predictions/immunogen_blind_msa/confidence_immunogen_blind_msa_model_0.json,/home/xinlab/home/ws/phase2/results/12_complex_prediction/formal_msa/immunogen_blind_seed1/boltz_results_immunogen_blind_msa/predictions/immunogen_blind_msa/confidence_immunogen_blind_msa_model_0.json,/home/xinlab/home/ws/phase2/results/12_complex_prediction/formal_msa/immunogen_blind_seed1/boltz_results_immunogen_blind_msa/predictions/immunogen_blind_msa/pae_immunogen_blind_msa_model_0.npz,/home/xinlab/home/ws/phase2/results/12_complex_prediction/formal_msa/immunogen_blind_seed1/boltz_results_immunogen_blind_msa/predictions/immunogen_blind_msa/pae_immunogen_blind_msa_model_0.npz,D:\IL-24(teeth）\phase2_release\results\full181_supplement\server_baseline_snapshot\results\12_complex_prediction\formal_msa\immunogen_blind_seed1\boltz_results_immunogen_blind_msa\processed\records\immunogen_blind_msa.json,/home/xinlab/home/ws/phase2/results/12_complex_prediction/formal_msa/immunogen_blind_seed1/boltz_results_immunogen_blind_msa/processed/records/immunogen_blind_msa.json,D:\IL-24(teeth）\phase2_release\results\full181_supplement\server_baseline_snapshot\results\13_interface_analysis\formal_msa\complex_model_summary.csv,/home/xinlab/home/ws/phase2/results/13_interface_analysis/formal_msa/complex_model_summary.csv,D:\IL-24(teeth）\phase2_release\results\full181_supplement\server_baseline_snapshot\results\13_interface_analysis\formal_msa\interface_contacts.csv,/home/xinlab/home/ws/phase2/results/13_interface_analysis/formal_msa/interface_contacts.csv,0,0,0,0,1,0,1,legacy: CA>4.5A; CN<1.1 or >1.6A; cKDTree radius1.8A; nonlocal local-distance>1,src/assess_relaxed_geometry.py; same thresholds; explicit local mapping,"warnings retained, never excluded after seeing results",/home/xinlab/home/ws/phase2/results/12_complex_prediction/formal_msa/immunogen_blind_seed1/boltz_results_immunogen_blind_msa/predictions/immunogen_blind_msa/immunogen_blind_msa_model_0.pdb,D:\IL-24(teeth）\phase2_release\results\full181_supplement\server_baseline_snapshot\results\12_complex_prediction\formal_msa\immunogen_blind_seed1\boltz_results_immunogen_blind_msa\predictions\immunogen_blind_msa\immunogen_blind_msa_model_0.pdb,0.21982495486736298,0.17590020596981049,0.2128734290599823,0.1496647745370865,82.37874651810586,41.38,98.4
Immunogen134,formal_msa,2,/home/xinlab/home/ws/phase2/results/12_complex_prediction/formal_msa/immunogen_blind_seed2/boltz_results_immunogen_blind_msa/predictions/immunogen_blind_msa/immunogen_blind_msa_model_0.pdb,/home/xinlab/home/ws/phase2/results/12_complex_prediction/formal_msa/immunogen_blind_seed2/boltz_results_immunogen_blind_msa/predictions/immunogen_blind_msa/immunogen_blind_msa_model_0.pdb,/home/xinlab/home/ws/phase2/results/12_complex_prediction/formal_msa/immunogen_blind_seed2/boltz_results_immunogen_blind_msa/predictions/immunogen_blind_msa/immunogen_blind_msa_model_0.pdb,D:\IL-24(teeth）\phase2_release\results\full181_supplement\server_baseline_snapshot\server_source_inventory.json,formal_msa,passed,matched_at_saved_precision,recomputed_server_original_unrelaxed_PDB,passed,,134,119,106,True,True,True,359x359,0.25129973888397217,30.922229766845703,True,"{""A"": ""0"", ""H"": ""1"", ""L"": ""2""}",True,True,True,0,73,73,0,0,0,0,0,0.0004868718415984574,0.00055,True,True,/home/xinlab/home/ws/phase2/results/12_complex_prediction/formal_msa/immunogen_blind_seed2/boltz_results_immunogen_blind_msa/predictions/immunogen_blind_msa/confidence_immunogen_blind_msa_model_0.json,/home/xinlab/home/ws/phase2/results/12_complex_prediction/formal_msa/immunogen_blind_seed2/boltz_results_immunogen_blind_msa/predictions/immunogen_blind_msa/confidence_immunogen_blind_msa_model_0.json,/home/xinlab/home/ws/phase2/results/12_complex_prediction/formal_msa/immunogen_blind_seed2/boltz_results_immunogen_blind_msa/predictions/immunogen_blind_msa/pae_immunogen_blind_msa_model_0.npz,/home/xinlab/home/ws/phase2/results/12_complex_prediction/formal_msa/immunogen_blind_seed2/boltz_results_immunogen_blind_msa/predictions/immunogen_blind_msa/pae_immunogen_blind_msa_model_0.npz,D:\IL-24(teeth）\phase2_release\results\full181_supplement\server_baseline_snapshot\results\12_complex_prediction\formal_msa\immunogen_blind_seed2\boltz_results_immunogen_blind_msa\processed\records\immunogen_blind_msa.json,/home/xinlab/home/ws/phase2/results/12_complex_prediction/formal_msa/immunogen_blind_seed2/boltz_results_immunogen_blind_msa/processed/records/immunogen_blind_msa.json,D:\IL-24(teeth）\phase2_release\results\full181_supplement\server_baseline_snapshot\results\13_interface_analysis\formal_msa\complex_model_summary.csv,/home/xinlab/home/ws/phase2/results/13_interface_analysis/formal_msa/complex_model_summary.csv,D:\IL-24(teeth）\phase2_release\results\full181_supplement\server_baseline_snapshot\results\13_interface_analysis\formal_msa\interface_contacts.csv,/home/xinlab/home/ws/phase2/results/13_interface_analysis/formal_msa/interface_contacts.csv,0,0,0,0,7,0,1,legacy: CA>4.5A; CN<1.1 or >1.6A; cKDTree radius1.8A; nonlocal local-distance>1,src/assess_relaxed_geometry.py; same thresholds; explicit local mapping,"warnings retained, never excluded after seeing results",/home/xinlab/home/ws/phase2/results/12_complex_prediction/formal_msa/immunogen_blind_seed2/boltz_results_immunogen_blind_msa/predictions/immunogen_blind_msa/immunogen_blind_msa_model_0.pdb,D:\IL-24(teeth）\phase2_release\results\full181_supplement\server_baseline_snapshot\results\12_complex_prediction\formal_msa\immunogen_blind_seed2\boltz_results_immunogen_blind_msa\predictions\immunogen_blind_msa\immunogen_blind_msa_model_0.pdb,0.17544376850128174,0.10029405355453491,0.18214206397533417,0.09652768075466156,80.77949860724235,40.32,98.25
Immunogen134,formal_msa,3,/home/xinlab/home/ws/phase2/results/12_complex_prediction/formal_msa/immunogen_blind_seed3/boltz_results_immunogen_blind_msa/predictions/immunogen_blind_msa/immunogen_blind_msa_model_0.pdb,/home/xinlab/home/ws/phase2/results/12_complex_prediction/formal_msa/immunogen_blind_seed3/boltz_results_immunogen_blind_msa/predictions/immunogen_blind_msa/immunogen_blind_msa_model_0.pdb,/home/xinlab/home/ws/phase2/results/12_complex_prediction/formal_msa/immunogen_blind_seed3/boltz_results_immunogen_blind_msa/predictions/immunogen_blind_msa/immunogen_blind_msa_model_0.pdb,D:\IL-24(teeth）\phase2_release\results\full181_supplement\server_baseline_snapshot\server_source_inventory.json,formal_msa,passed,matched_at_saved_precision,recomputed_server_original_unrelaxed_PDB,passed,,134,119,106,True,True,True,359x359,0.2512226700782776,31.199491500854492,True,"{""A"": ""0"", ""H"": ""1"", ""L"": ""2""}",True,True,True,0,80,80,0,0,0,0,0,0.0004980687774058801,0.00055,True,True,/home/xinlab/home/ws/phase2/results/12_complex_prediction/formal_msa/immunogen_blind_seed3/boltz_results_immunogen_blind_msa/predictions/immunogen_blind_msa/confidence_immunogen_blind_msa_model_0.json,/home/xinlab/home/ws/phase2/results/12_complex_prediction/formal_msa/immunogen_blind_seed3/boltz_results_immunogen_blind_msa/predictions/immunogen_blind_msa/confidence_immunogen_blind_msa_model_0.json,/home/xinlab/home/ws/phase2/results/12_complex_prediction/formal_msa/immunogen_blind_seed3/boltz_results_immunogen_blind_msa/predictions/immunogen_blind_msa/pae_immunogen_blind_msa_model_0.npz,/home/xinlab/home/ws/phase2/results/12_complex_prediction/formal_msa/immunogen_blind_seed3/boltz_results_immunogen_blind_msa/predictions/immunogen_blind_msa/pae_immunogen_blind_msa_model_0.npz,D:\IL-24(teeth）\phase2_release\results\full181_supplement\server_baseline_snapshot\results\12_complex_prediction\formal_msa\immunogen_blind_seed3\boltz_results_immunogen_blind_msa\processed\records\immunogen_blind_msa.json,/home/xinlab/home/ws/phase2/results/12_complex_prediction/formal_msa/immunogen_blind_seed3/boltz_results_immunogen_blind_msa/processed/records/immunogen_blind_msa.json,D:\IL-24(teeth）\phase2_release\results\full181_supplement\server_baseline_snapshot\results\13_interface_analysis\formal_msa\complex_model_summary.csv,/home/xinlab/home/ws/phase2/results/13_interface_analysis/formal_msa/complex_model_summary.csv,D:\IL-24(teeth）\phase2_release\results\full181_supplement\server_baseline_snapshot\results\13_interface_analysis\formal_msa\interface_contacts.csv,/home/xinlab/home/ws/phase2/results/13_interface_analysis/formal_msa/interface_contacts.csv,0,0,3,2,5,0,1,legacy: CA>4.5A; CN<1.1 or >1.6A; cKDTree radius1.8A; nonlocal local-distance>1,src/assess_relaxed_geometry.py; same thresholds; explicit local mapping,"warnings retained, never excluded after seeing results",/home/xinlab/home/ws/phase2/results/12_complex_prediction/formal_msa/immunogen_blind_seed3/boltz_results_immunogen_blind_msa/predictions/immunogen_blind_msa/immunogen_blind_msa_model_0.pdb,D:\IL-24(teeth）\phase2_release\results\full181_supplement\server_baseline_snapshot\results\12_complex_prediction\formal_msa\immunogen_blind_seed3\boltz_results_immunogen_blind_msa\predictions\immunogen_blind_msa\immunogen_blind_msa_model_0.pdb,0.14411869645118713,0.10082872211933136,0.14473369717597961,0.11028213798999786,82.04654596100278,40.17,98.4
Immunogen134,formal_msa,4,/home/xinlab/home/ws/phase2/results/12_complex_prediction/formal_msa/immunogen_blind_seed4/boltz_results_immunogen_blind_msa/predictions/immunogen_blind_msa/immunogen_blind_msa_model_0.pdb,/home/xinlab/home/ws/phase2/results/12_complex_prediction/formal_msa/immunogen_blind_seed4/boltz_results_immunogen_blind_msa/predictions/immunogen_blind_msa/immunogen_blind_msa_model_0.pdb,/home/xinlab/home/ws/phase2/results/12_complex_prediction/formal_msa/immunogen_blind_seed4/boltz_results_immunogen_blind_msa/predictions/immunogen_blind_msa/immunogen_blind_msa_model_0.pdb,D:\IL-24(teeth）\phase2_release\results\full181_supplement\server_baseline_snapshot\server_source_inventory.json,formal_msa,passed,matched_at_saved_precision,recomputed_server_original_unrelaxed_PDB,passed,,134,119,106,True,True,True,359x359,0.2513025999069214,30.522001266479492,True,"{""A"": ""0"", ""H"": ""1"", ""L"": ""2""}",True,True,True,0,53,53,0,0,0,0,0,0.0004995451788540883,0.00055,True,True,/home/xinlab/home/ws/phase2/results/12_complex_prediction/formal_msa/immunogen_blind_seed4/boltz_results_immunogen_blind_msa/predictions/immunogen_blind_msa/confidence_immunogen_blind_msa_model_0.json,/home/xinlab/home/ws/phase2/results/12_complex_prediction/formal_msa/immunogen_blind_seed4/boltz_results_immunogen_blind_msa/predictions/immunogen_blind_msa/confidence_immunogen_blind_msa_model_0.json,/home/xinlab/home/ws/phase2/results/12_complex_prediction/formal_msa/immunogen_blind_seed4/boltz_results_immunogen_blind_msa/predictions/immunogen_blind_msa/pae_immunogen_blind_msa_model_0.npz,/home/xinlab/home/ws/phase2/results/12_complex_prediction/formal_msa/immunogen_blind_seed4/boltz_results_immunogen_blind_msa/predictions/immunogen_blind_msa/pae_immunogen_blind_msa_model_0.npz,D:\IL-24(teeth）\phase2_release\results\full181_supplement\server_baseline_snapshot\results\12_complex_prediction\formal_msa\immunogen_blind_seed4\boltz_results_immunogen_blind_msa\processed\records\immunogen_blind_msa.json,/home/xinlab/home/ws/phase2/results/12_complex_prediction/formal_msa/immunogen_blind_seed4/boltz_results_immunogen_blind_msa/processed/records/immunogen_blind_msa.json,D:\IL-24(teeth）\phase2_release\results\full181_supplement\server_baseline_snapshot\results\13_interface_analysis\formal_msa\complex_model_summary.csv,/home/xinlab/home/ws/phase2/results/13_interface_analysis/formal_msa/complex_model_summary.csv,D:\IL-24(teeth）\phase2_release\results\full181_supplement\server_baseline_snapshot\results\13_interface_analysis\formal_msa\interface_contacts.csv,/home/xinlab/home/ws/phase2/results/13_interface_analysis/formal_msa/interface_contacts.csv,0,0,1,1,4,0,1,legacy: CA>4.5A; CN<1.1 or >1.6A; cKDTree radius1.8A; nonlocal local-distance>1,src/assess_relaxed_geometry.py; same thresholds; explicit local mapping,"warnings retained, never excluded after seeing results",/home/xinlab/home/ws/phase2/results/12_complex_prediction/formal_msa/immunogen_blind_seed4/boltz_results_immunogen_blind_msa/predictions/immunogen_blind_msa/immunogen_blind_msa_model_0.pdb,D:\IL-24(teeth）\phase2_release\results\full181_supplement\server_baseline_snapshot\results\12_complex_prediction\formal_msa\immunogen_blind_seed4\boltz_results_immunogen_blind_msa\predictions\immunogen_blind_msa\immunogen_blind_msa_model_0.pdb,0.21591269969940186,0.18632730841636658,0.21002474427223206,0.16803935170173645,82.01139275766016,39.87,98.35
Immunogen134,formal_msa,5,/home/xinlab/home/ws/phase2/results/12_complex_prediction/formal_msa/immunogen_blind_seed5/boltz_results_immunogen_blind_msa/predictions/immunogen_blind_msa/immunogen_blind_msa_model_0.pdb,/home/xinlab/home/ws/phase2/results/12_complex_prediction/formal_msa/immunogen_blind_seed5/boltz_results_immunogen_blind_msa/predictions/immunogen_blind_msa/immunogen_blind_msa_model_0.pdb,/home/xinlab/home/ws/phase2/results/12_complex_prediction/formal_msa/immunogen_blind_seed5/boltz_results_immunogen_blind_msa/predictions/immunogen_blind_msa/immunogen_blind_msa_model_0.pdb,D:\IL-24(teeth）\phase2_release\results\full181_supplement\server_baseline_snapshot\server_source_inventory.json,formal_msa,passed,matched_at_saved_precision,recomputed_server_original_unrelaxed_PDB,passed,,134,119,106,True,True,True,359x359,0.2513101398944855,30.452587127685547,True,"{""A"": ""0"", ""H"": ""1"", ""L"": ""2""}",True,True,True,0,53,53,0,0,0,0,0,0.0004914178626300725,0.00055,True,True,/home/xinlab/home/ws/phase2/results/12_complex_prediction/formal_msa/immunogen_blind_seed5/boltz_results_immunogen_blind_msa/predictions/immunogen_blind_msa/confidence_immunogen_blind_msa_model_0.json,/home/xinlab/home/ws/phase2/results/12_complex_prediction/formal_msa/immunogen_blind_seed5/boltz_results_immunogen_blind_msa/predictions/immunogen_blind_msa/confidence_immunogen_blind_msa_model_0.json,/home/xinlab/home/ws/phase2/results/12_complex_prediction/formal_msa/immunogen_blind_seed5/boltz_results_immunogen_blind_msa/predictions/immunogen_blind_msa/pae_immunogen_blind_msa_model_0.npz,/home/xinlab/home/ws/phase2/results/12_complex_prediction/formal_msa/immunogen_blind_seed5/boltz_results_immunogen_blind_msa/predictions/immunogen_blind_msa/pae_immunogen_blind_msa_model_0.npz,D:\IL-24(teeth）\phase2_release\results\full181_supplement\server_baseline_snapshot\results\12_complex_prediction\formal_msa\immunogen_blind_seed5\boltz_results_immunogen_blind_msa\processed\records\immunogen_blind_msa.json,/home/xinlab/home/ws/phase2/results/12_complex_prediction/formal_msa/immunogen_blind_seed5/boltz_results_immunogen_blind_msa/processed/records/immunogen_blind_msa.json,D:\IL-24(teeth）\phase2_release\results\full181_supplement\server_baseline_snapshot\results\13_interface_analysis\formal_msa\complex_model_summary.csv,/home/xinlab/home/ws/phase2/results/13_interface_analysis/formal_msa/complex_model_summary.csv,D:\IL-24(teeth）\phase2_release\results\full181_supplement\server_baseline_snapshot\results\13_interface_analysis\formal_msa\interface_contacts.csv,/home/xinlab/home/ws/phase2/results/13_interface_analysis/formal_msa/interface_contacts.csv,0,0,1,1,3,0,1,legacy: CA>4.5A; CN<1.1 or >1.6A; cKDTree radius1.8A; nonlocal local-distance>1,src/assess_relaxed_geometry.py; same thresholds; explicit local mapping,"warnings retained, never excluded after seeing results",/home/xinlab/home/ws/phase2/results/12_complex_prediction/formal_msa/immunogen_blind_seed5/boltz_results_immunogen_blind_msa/predictions/immunogen_blind_msa/immunogen_blind_msa_model_0.pdb,D:\IL-24(teeth）\phase2_release\results\full181_supplement\server_baseline_snapshot\results\12_complex_prediction\formal_msa\immunogen_blind_seed5\boltz_results_immunogen_blind_msa\predictions\immunogen_blind_msa\immunogen_blind_msa_model_0.pdb,0.24380262196063995,0.2123006135225296,0.23534567654132843,0.17965616285800934,81.8541504178273,41.29,98.39
Immunogen134,formal_msa,6,/home/xinlab/home/ws/phase2/results/12_complex_prediction/formal_msa/immunogen_blind_seed6/boltz_results_immunogen_blind_msa/predictions/immunogen_blind_msa/immunogen_blind_msa_model_0.pdb,/home/xinlab/home/ws/phase2/results/12_complex_prediction/formal_msa/immunogen_blind_seed6/boltz_results_immunogen_blind_msa/predictions/immunogen_blind_msa/immunogen_blind_msa_model_0.pdb,/home/xinlab/home/ws/phase2/results/12_complex_prediction/formal_msa/immunogen_blind_seed6/boltz_results_immunogen_blind_msa/predictions/immunogen_blind_msa/immunogen_blind_msa_model_0.pdb,D:\IL-24(teeth）\phase2_release\results\full181_supplement\server_baseline_snapshot\server_source_inventory.json,formal_msa,passed,matched_at_saved_precision,recomputed_server_original_unrelaxed_PDB,passed,,134,119,106,True,True,True,359x359,0.2513505816459656,30.470186233520508,True,"{""A"": ""0"", ""H"": ""1"", ""L"": ""2""}",True,True,True,0,58,58,0,0,0,0,0,0.0004877943539369767,0.00055,True,True,/home/xinlab/home/ws/phase2/results/12_complex_prediction/formal_msa/immunogen_blind_seed6/boltz_results_immunogen_blind_msa/predictions/immunogen_blind_msa/confidence_immunogen_blind_msa_model_0.json,/home/xinlab/home/ws/phase2/results/12_complex_prediction/formal_msa/immunogen_blind_seed6/boltz_results_immunogen_blind_msa/predictions/immunogen_blind_msa/confidence_immunogen_blind_msa_model_0.json,/home/xinlab/home/ws/phase2/results/12_complex_prediction/formal_msa/immunogen_blind_seed6/boltz_results_immunogen_blind_msa/predictions/immunogen_blind_msa/pae_immunogen_blind_msa_model_0.npz,/home/xinlab/home/ws/phase2/results/12_complex_prediction/formal_msa/immunogen_blind_seed6/boltz_results_immunogen_blind_msa/predictions/immunogen_blind_msa/pae_immunogen_blind_msa_model_0.npz,D:\IL-24(teeth）\phase2_release\results\full181_supplement\server_baseline_snapshot\results\12_complex_prediction\formal_msa\immunogen_blind_seed6\boltz_results_immunogen_blind_msa\processed\records\immunogen_blind_msa.json,/home/xinlab/home/ws/phase2/results/12_complex_prediction/formal_msa/immunogen_blind_seed6/boltz_results_immunogen_blind_msa/processed/records/immunogen_blind_msa.json,D:\IL-24(teeth）\phase2_release\results\full181_supplement\server_baseline_snapshot\results\13_interface_analysis\formal_msa\complex_model_summary.csv,/home/xinlab/home/ws/phase2/results/13_interface_analysis/formal_msa/complex_model_summary.csv,D:\IL-24(teeth）\phase2_release\results\full181_supplement\server_baseline_snapshot\results\13_interface_analysis\formal_msa\interface_contacts.csv,/home/xinlab/home/ws/phase2/results/13_interface_analysis/formal_msa/interface_contacts.csv,0,0,2,2,1,0,1,legacy: CA>4.5A; CN<1.1 or >1.6A; cKDTree radius1.8A; nonlocal local-distance>1,src/assess_relaxed_geometry.py; same thresholds; explicit local mapping,"warnings retained, never excluded after seeing results",/home/xinlab/home/ws/phase2/results/12_complex_prediction/formal_msa/immunogen_blind_seed6/boltz_results_immunogen_blind_msa/predictions/immunogen_blind_msa/immunogen_blind_msa_model_0.pdb,D:\IL-24(teeth）\phase2_release\results\full181_supplement\server_baseline_snapshot\results\12_complex_prediction\formal_msa\immunogen_blind_seed6\boltz_results_immunogen_blind_msa\predictions\immunogen_blind_msa\immunogen_blind_msa_model_0.pdb,0.3016507923603058,0.27272385358810425,0.28608983755111694,0.229314386844635,82.13771587743732,42.39,98.43
Immunogen134,formal_msa,7,/home/xinlab/home/ws/phase2/results/12_complex_prediction/formal_msa/immunogen_blind_seed7/boltz_results_immunogen_blind_msa/predictions/immunogen_blind_msa/immunogen_blind_msa_model_0.pdb,/home/xinlab/home/ws/phase2/results/12_complex_prediction/formal_msa/immunogen_blind_seed7/boltz_results_immunogen_blind_msa/predictions/immunogen_blind_msa/immunogen_blind_msa_model_0.pdb,/home/xinlab/home/ws/phase2/results/12_complex_prediction/formal_msa/immunogen_blind_seed7/boltz_results_immunogen_blind_msa/predictions/immunogen_blind_msa/immunogen_blind_msa_model_0.pdb,D:\IL-24(teeth）\phase2_release\results\full181_supplement\server_baseline_snapshot\server_source_inventory.json,formal_msa,passed,matched_at_saved_precision,recomputed_server_original_unrelaxed_PDB,passed,,134,119,106,True,True,True,359x359,0.2513130009174347,30.866012573242188,True,"{""A"": ""0"", ""H"": ""1"", ""L"": ""2""}",True,True,True,0,57,57,0,0,0,0,0,0.0004996618714026013,0.00055,True,True,/home/xinlab/home/ws/phase2/results/12_complex_prediction/formal_msa/immunogen_blind_seed7/boltz_results_immunogen_blind_msa/predictions/immunogen_blind_msa/confidence_immunogen_blind_msa_model_0.json,/home/xinlab/home/ws/phase2/results/12_complex_prediction/formal_msa/immunogen_blind_seed7/boltz_results_immunogen_blind_msa/predictions/immunogen_blind_msa/confidence_immunogen_blind_msa_model_0.json,/home/xinlab/home/ws/phase2/results/12_complex_prediction/formal_msa/immunogen_blind_seed7/boltz_results_immunogen_blind_msa/predictions/immunogen_blind_msa/pae_immunogen_blind_msa_model_0.npz,/home/xinlab/home/ws/phase2/results/12_complex_prediction/formal_msa/immunogen_blind_seed7/boltz_results_immunogen_blind_msa/predictions/immunogen_blind_msa/pae_immunogen_blind_msa_model_0.npz,D:\IL-24(teeth）\phase2_release\results\full181_supplement\server_baseline_snapshot\results\12_complex_prediction\formal_msa\immunogen_blind_seed7\boltz_results_immunogen_blind_msa\processed\records\immunogen_blind_msa.json,/home/xinlab/home/ws/phase2/results/12_complex_prediction/formal_msa/immunogen_blind_seed7/boltz_results_immunogen_blind_msa/processed/records/immunogen_blind_msa.json,D:\IL-24(teeth）\phase2_release\results\full181_supplement\server_baseline_snapshot\results\13_interface_analysis\formal_msa\complex_model_summary.csv,/home/xinlab/home/ws/phase2/results/13_interface_analysis/formal_msa/complex_model_summary.csv,D:\IL-24(teeth）\phase2_release\results\full181_supplement\server_baseline_snapshot\results\13_interface_analysis\formal_msa\interface_contacts.csv,/home/xinlab/home/ws/phase2/results/13_interface_analysis/formal_msa/interface_contacts.csv,0,0,7,7,1,0,1,legacy: CA>4.5A; CN<1.1 or >1.6A; cKDTree radius1.8A; nonlocal local-distance>1,src/assess_relaxed_geometry.py; same thresholds; explicit local mapping,"warnings retained, never excluded after seeing results",/home/xinlab/home/ws/phase2/results/12_complex_prediction/formal_msa/immunogen_blind_seed7/boltz_results_immunogen_blind_msa/predictions/immunogen_blind_msa/immunogen_blind_msa_model_0.pdb,D:\IL-24(teeth）\phase2_release\results\full181_supplement\server_baseline_snapshot\results\12_complex_prediction\formal_msa\immunogen_blind_seed7\boltz_results_immunogen_blind_msa\predictions\immunogen_blind_msa\immunogen_blind_msa_model_0.pdb,0.20971524715423584,0.16247957944869995,0.2045893669128418,0.14342500269412994,81.32637883008356,41.97,98.34
Immunogen134,formal_msa,8,/home/xinlab/home/ws/phase2/results/12_complex_prediction/formal_msa/immunogen_blind_seed8/boltz_results_immunogen_blind_msa/predictions/immunogen_blind_msa/immunogen_blind_msa_model_0.pdb,/home/xinlab/home/ws/phase2/results/12_complex_prediction/formal_msa/immunogen_blind_seed8/boltz_results_immunogen_blind_msa/predictions/immunogen_blind_msa/immunogen_blind_msa_model_0.pdb,/home/xinlab/home/ws/phase2/results/12_complex_prediction/formal_msa/immunogen_blind_seed8/boltz_results_immunogen_blind_msa/predictions/immunogen_blind_msa/immunogen_blind_msa_model_0.pdb,D:\IL-24(teeth）\phase2_release\results\full181_supplement\server_baseline_snapshot\server_source_inventory.json,formal_msa,passed,matched_at_saved_precision,recomputed_server_original_unrelaxed_PDB,passed,,134,119,106,True,True,True,359x359,0.2512652575969696,30.71950912475586,True,"{""A"": ""0"", ""H"": ""1"", ""L"": ""2""}",True,True,True,0,83,83,0,0,0,0,0,0.0004957891475640963,0.00055,True,True,/home/xinlab/home/ws/phase2/results/12_complex_prediction/formal_msa/immunogen_blind_seed8/boltz_results_immunogen_blind_msa/predictions/immunogen_blind_msa/confidence_immunogen_blind_msa_model_0.json,/home/xinlab/home/ws/phase2/results/12_complex_prediction/formal_msa/immunogen_blind_seed8/boltz_results_immunogen_blind_msa/predictions/immunogen_blind_msa/confidence_immunogen_blind_msa_model_0.json,/home/xinlab/home/ws/phase2/results/12_complex_prediction/formal_msa/immunogen_blind_seed8/boltz_results_immunogen_blind_msa/predictions/immunogen_blind_msa/pae_immunogen_blind_msa_model_0.npz,/home/xinlab/home/ws/phase2/results/12_complex_prediction/formal_msa/immunogen_blind_seed8/boltz_results_immunogen_blind_msa/predictions/immunogen_blind_msa/pae_immunogen_blind_msa_model_0.npz,D:\IL-24(teeth）\phase2_release\results\full181_supplement\server_baseline_snapshot\results\12_complex_prediction\formal_msa\immunogen_blind_seed8\boltz_results_immunogen_blind_msa\processed\records\immunogen_blind_msa.json,/home/xinlab/home/ws/phase2/results/12_complex_prediction/formal_msa/immunogen_blind_seed8/boltz_results_immunogen_blind_msa/processed/records/immunogen_blind_msa.json,D:\IL-24(teeth）\phase2_release\results\full181_supplement\server_baseline_snapshot\results\13_interface_analysis\formal_msa\complex_model_summary.csv,/home/xinlab/home/ws/phase2/results/13_interface_analysis/formal_msa/complex_model_summary.csv,D:\IL-24(teeth）\phase2_release\results\full181_supplement\server_baseline_snapshot\results\13_interface_analysis\formal_msa\interface_contacts.csv,/home/xinlab/home/ws/phase2/results/13_interface_analysis/formal_msa/interface_contacts.csv,0,0,7,6,4,0,1,legacy: CA>4.5A; CN<1.1 or >1.6A; cKDTree radius1.8A; nonlocal local-distance>1,src/assess_relaxed_geometry.py; same thresholds; explicit local mapping,"warnings retained, never excluded after seeing results",/home/xinlab/home/ws/phase2/results/12_complex_prediction/formal_msa/immunogen_blind_seed8/boltz_results_immunogen_blind_msa/predictions/immunogen_blind_msa/immunogen_blind_msa_model_0.pdb,D:\IL-24(teeth）\phase2_release\results\full181_supplement\server_baseline_snapshot\results\12_complex_prediction\formal_msa\immunogen_blind_seed8\boltz_results_immunogen_blind_msa\predictions\immunogen_blind_msa\immunogen_blind_msa_model_0.pdb,0.24406208097934723,0.1723967045545578,0.24461401998996735,0.14053604006767273,82.6283286908078,42.2,98.29
Immunogen134,formal_msa,9,/home/xinlab/home/ws/phase2/results/12_complex_prediction/formal_msa/immunogen_blind_seed9/boltz_results_immunogen_blind_msa/predictions/immunogen_blind_msa/immunogen_blind_msa_model_0.pdb,/home/xinlab/home/ws/phase2/results/12_complex_prediction/formal_msa/immunogen_blind_seed9/boltz_results_immunogen_blind_msa/predictions/immunogen_blind_msa/immunogen_blind_msa_model_0.pdb,/home/xinlab/home/ws/phase2/results/12_complex_prediction/formal_msa/immunogen_blind_seed9/boltz_results_immunogen_blind_msa/predictions/immunogen_blind_msa/immunogen_blind_msa_model_0.pdb,D:\IL-24(teeth）\phase2_release\results\full181_supplement\server_baseline_snapshot\server_source_inventory.json,formal_msa,passed,matched_at_saved_precision,recomputed_server_original_unrelaxed_PDB,passed,,134,119,106,True,True,True,359x359,0.251359760761261,31.3591365814209,True,"{""A"": ""0"", ""H"": ""1"", ""L"": ""2""}",True,True,True,0,85,85,0,0,0,0,0,0.0004972173993937901,0.00055,True,True,/home/xinlab/home/ws/phase2/results/12_complex_prediction/formal_msa/immunogen_blind_seed9/boltz_results_immunogen_blind_msa/predictions/immunogen_blind_msa/confidence_immunogen_blind_msa_model_0.json,/home/xinlab/home/ws/phase2/results/12_complex_prediction/formal_msa/immunogen_blind_seed9/boltz_results_immunogen_blind_msa/predictions/immunogen_blind_msa/confidence_immunogen_blind_msa_model_0.json,/home/xinlab/home/ws/phase2/results/12_complex_prediction/formal_msa/immunogen_blind_seed9/boltz_results_immunogen_blind_msa/predictions/immunogen_blind_msa/pae_immunogen_blind_msa_model_0.npz,/home/xinlab/home/ws/phase2/results/12_complex_prediction/formal_msa/immunogen_blind_seed9/boltz_results_immunogen_blind_msa/predictions/immunogen_blind_msa/pae_immunogen_blind_msa_model_0.npz,D:\IL-24(teeth）\phase2_release\results\full181_supplement\server_baseline_snapshot\results\12_complex_prediction\formal_msa\immunogen_blind_seed9\boltz_results_immunogen_blind_msa\processed\records\immunogen_blind_msa.json,/home/xinlab/home/ws/phase2/results/12_complex_prediction/formal_msa/immunogen_blind_seed9/boltz_results_immunogen_blind_msa/processed/records/immunogen_blind_msa.json,D:\IL-24(teeth）\phase2_release\results\full181_supplement\server_baseline_snapshot\results\13_interface_analysis\formal_msa\complex_model_summary.csv,/home/xinlab/home/ws/phase2/results/13_interface_analysis/formal_msa/complex_model_summary.csv,D:\IL-24(teeth）\phase2_release\results\full181_supplement\server_baseline_snapshot\results\13_interface_analysis\formal_msa\interface_contacts.csv,/home/xinlab/home/ws/phase2/results/13_interface_analysis/formal_msa/interface_contacts.csv,0,0,3,2,9,0,1,legacy: CA>4.5A; CN<1.1 or >1.6A; cKDTree radius1.8A; nonlocal local-distance>1,src/assess_relaxed_geometry.py; same thresholds; explicit local mapping,"warnings retained, never excluded after seeing results",/home/xinlab/home/ws/phase2/results/12_complex_prediction/formal_msa/immunogen_blind_seed9/boltz_results_immunogen_blind_msa/predictions/immunogen_blind_msa/immunogen_blind_msa_model_0.pdb,D:\IL-24(teeth）\phase2_release\results\full181_supplement\server_baseline_snapshot\results\12_complex_prediction\formal_msa\immunogen_blind_seed9\boltz_results_immunogen_blind_msa\predictions\immunogen_blind_msa\immunogen_blind_msa_model_0.pdb,0.16477572917938232,0.1010415330529213,0.16762694716453552,0.09602499008178711,80.57317548746518,37.5,98.3
Immunogen134,formal_msa,10,/home/xinlab/home/ws/phase2/results/12_complex_prediction/formal_msa/immunogen_blind_seed10/boltz_results_immunogen_blind_msa/predictions/immunogen_blind_msa/immunogen_blind_msa_model_0.pdb,/home/xinlab/home/ws/phase2/results/12_complex_prediction/formal_msa/immunogen_blind_seed10/boltz_results_immunogen_blind_msa/predictions/immunogen_blind_msa/immunogen_blind_msa_model_0.pdb,/home/xinlab/home/ws/phase2/results/12_complex_prediction/formal_msa/immunogen_blind_seed10/boltz_results_immunogen_blind_msa/predictions/immunogen_blind_msa/immunogen_blind_msa_model_0.pdb,D:\IL-24(teeth）\phase2_release\results\full181_supplement\server_baseline_snapshot\server_source_inventory.json,formal_msa,passed,matched_at_saved_precision,recomputed_server_original_unrelaxed_PDB,passed,,134,119,106,True,True,True,359x359,0.2512816786766052,31.012615203857422,True,"{""A"": ""0"", ""H"": ""1"", ""L"": ""2""}",True,True,True,0,74,74,0,0,0,0,0,0.0004859454657246687,0.00055,True,True,/home/xinlab/home/ws/phase2/results/12_complex_prediction/formal_msa/immunogen_blind_seed10/boltz_results_immunogen_blind_msa/predictions/immunogen_blind_msa/confidence_immunogen_blind_msa_model_0.json,/home/xinlab/home/ws/phase2/results/12_complex_prediction/formal_msa/immunogen_blind_seed10/boltz_results_immunogen_blind_msa/predictions/immunogen_blind_msa/confidence_immunogen_blind_msa_model_0.json,/home/xinlab/home/ws/phase2/results/12_complex_prediction/formal_msa/immunogen_blind_seed10/boltz_results_immunogen_blind_msa/predictions/immunogen_blind_msa/pae_immunogen_blind_msa_model_0.npz,/home/xinlab/home/ws/phase2/results/12_complex_prediction/formal_msa/immunogen_blind_seed10/boltz_results_immunogen_blind_msa/predictions/immunogen_blind_msa/pae_immunogen_blind_msa_model_0.npz,D:\IL-24(teeth）\phase2_release\results\full181_supplement\server_baseline_snapshot\results\12_complex_prediction\formal_msa\immunogen_blind_seed10\boltz_results_immunogen_blind_msa\processed\records\immunogen_blind_msa.json,/home/xinlab/home/ws/phase2/results/12_complex_prediction/formal_msa/immunogen_blind_seed10/boltz_results_immunogen_blind_msa/processed/records/immunogen_blind_msa.json,D:\IL-24(teeth）\phase2_release\results\full181_supplement\server_baseline_snapshot\results\13_interface_analysis\formal_msa\complex_model_summary.csv,/home/xinlab/home/ws/phase2/results/13_interface_analysis/formal_msa/complex_model_summary.csv,D:\IL-24(teeth）\phase2_release\results\full181_supplement\server_baseline_snapshot\results\13_interface_analysis\formal_msa\interface_contacts.csv,/home/xinlab/home/ws/phase2/results/13_interface_analysis/formal_msa/interface_contacts.csv,0,0,8,7,7,0,1,legacy: CA>4.5A; CN<1.1 or >1.6A; cKDTree radius1.8A; nonlocal local-distance>1,src/assess_relaxed_geometry.py; same thresholds; explicit local mapping,"warnings retained, never excluded after seeing results",/home/xinlab/home/ws/phase2/results/12_complex_prediction/formal_msa/immunogen_blind_seed10/boltz_results_immunogen_blind_msa/predictions/immunogen_blind_msa/immunogen_blind_msa_model_0.pdb,D:\IL-24(teeth）\phase2_release\results\full181_supplement\server_baseline_snapshot\results\12_complex_prediction\formal_msa\immunogen_blind_seed10\boltz_results_immunogen_blind_msa\predictions\immunogen_blind_msa\immunogen_blind_msa_model_0.pdb,0.1552198827266693,0.0945235937833786,0.15333808958530426,0.08698195964097977,81.16027855153203,38.79,98.35
Immunogen134,formal_msa,11,/home/xinlab/home/ws/phase2/results/12_complex_prediction/formal_msa/immunogen_blind_seed11/boltz_results_immunogen_blind_msa/predictions/immunogen_blind_msa/immunogen_blind_msa_model_0.pdb,/home/xinlab/home/ws/phase2/results/12_complex_prediction/formal_msa/immunogen_blind_seed11/boltz_results_immunogen_blind_msa/predictions/immunogen_blind_msa/immunogen_blind_msa_model_0.pdb,/home/xinlab/home/ws/phase2/results/12_complex_prediction/formal_msa/immunogen_blind_seed11/boltz_results_immunogen_blind_msa/predictions/immunogen_blind_msa/immunogen_blind_msa_model_0.pdb,D:\IL-24(teeth）\phase2_release\results\full181_supplement\server_baseline_snapshot\server_source_inventory.json,formal_msa,passed,matched_at_saved_precision,recomputed_server_original_unrelaxed_PDB,passed,,134,119,106,True,True,True,359x359,0.25131532549858093,31.249744415283203,True,"{""A"": ""0"", ""H"": ""1"", ""L"": ""2""}",True,True,True,0,56,56,0,0,0,0,0,0.0004845941383431196,0.00055,True,True,/home/xinlab/home/ws/phase2/results/12_complex_prediction/formal_msa/immunogen_blind_seed11/boltz_results_immunogen_blind_msa/predictions/immunogen_blind_msa/confidence_immunogen_blind_msa_model_0.json,/home/xinlab/home/ws/phase2/results/12_complex_prediction/formal_msa/immunogen_blind_seed11/boltz_results_immunogen_blind_msa/predictions/immunogen_blind_msa/confidence_immunogen_blind_msa_model_0.json,/home/xinlab/home/ws/phase2/results/12_complex_prediction/formal_msa/immunogen_blind_seed11/boltz_results_immunogen_blind_msa/predictions/immunogen_blind_msa/pae_immunogen_blind_msa_model_0.npz,/home/xinlab/home/ws/phase2/results/12_complex_prediction/formal_msa/immunogen_blind_seed11/boltz_results_immunogen_blind_msa/predictions/immunogen_blind_msa/pae_immunogen_blind_msa_model_0.npz,D:\IL-24(teeth）\phase2_release\results\full181_supplement\server_baseline_snapshot\results\12_complex_prediction\formal_msa\immunogen_blind_seed11\boltz_results_immunogen_blind_msa\processed\records\immunogen_blind_msa.json,/home/xinlab/home/ws/phase2/results/12_complex_prediction/formal_msa/immunogen_blind_seed11/boltz_results_immunogen_blind_msa/processed/records/immunogen_blind_msa.json,D:\IL-24(teeth）\phase2_release\results\full181_supplement\server_baseline_snapshot\results\13_interface_analysis\formal_msa\complex_model_summary.csv,/home/xinlab/home/ws/phase2/results/13_interface_analysis/formal_msa/complex_model_summary.csv,D:\IL-24(teeth）\phase2_release\results\full181_supplement\server_baseline_snapshot\results\13_interface_analysis\formal_msa\interface_contacts.csv,/home/xinlab/home/ws/phase2/results/13_interface_analysis/formal_msa/interface_contacts.csv,0,0,3,1,2,0,1,legacy: CA>4.5A; CN<1.1 or >1.6A; cKDTree radius1.8A; nonlocal local-distance>1,src/assess_relaxed_geometry.py; same thresholds; explicit local mapping,"warnings retained, never excluded after seeing results",/home/xinlab/home/ws/phase2/results/12_complex_prediction/formal_msa/immunogen_blind_seed11/boltz_results_immunogen_blind_msa/predictions/immunogen_blind_msa/immunogen_blind_msa_model_0.pdb,D:\IL-24(teeth）\phase2_release\results\full181_supplement\server_baseline_snapshot\results\12_complex_prediction\formal_msa\immunogen_blind_seed11\boltz_results_immunogen_blind_msa\predictions\immunogen_blind_msa\immunogen_blind_msa_model_0.pdb,0.2486204206943512,0.1938629150390625,0.23797130584716797,0.13321875035762787,80.85225626740947,36.03,98.38
Immunogen134,formal_msa,12,/home/xinlab/home/ws/phase2/results/12_complex_prediction/formal_msa/immunogen_blind_seed12/boltz_results_immunogen_blind_msa/predictions/immunogen_blind_msa/immunogen_blind_msa_model_0.pdb,/home/xinlab/home/ws/phase2/results/12_complex_prediction/formal_msa/immunogen_blind_seed12/boltz_results_immunogen_blind_msa/predictions/immunogen_blind_msa/immunogen_blind_msa_model_0.pdb,/home/xinlab/home/ws/phase2/results/12_complex_prediction/formal_msa/immunogen_blind_seed12/boltz_results_immunogen_blind_msa/predictions/immunogen_blind_msa/immunogen_blind_msa_model_0.pdb,D:\IL-24(teeth）\phase2_release\results\full181_supplement\server_baseline_snapshot\server_source_inventory.json,formal_msa,passed,matched_at_saved_precision,recomputed_server_original_unrelaxed_PDB,passed,,134,119,106,True,True,True,359x359,0.2512369155883789,31.21685028076172,True,"{""A"": ""0"", ""H"": ""1"", ""L"": ""2""}",True,True,True,0,69,69,0,0,0,0,0,0.0004934963726310748,0.00055,True,True,/home/xinlab/home/ws/phase2/results/12_complex_prediction/formal_msa/immunogen_blind_seed12/boltz_results_immunogen_blind_msa/predictions/immunogen_blind_msa/confidence_immunogen_blind_msa_model_0.json,/home/xinlab/home/ws/phase2/results/12_complex_prediction/formal_msa/immunogen_blind_seed12/boltz_results_immunogen_blind_msa/predictions/immunogen_blind_msa/confidence_immunogen_blind_msa_model_0.json,/home/xinlab/home/ws/phase2/results/12_complex_prediction/formal_msa/immunogen_blind_seed12/boltz_results_immunogen_blind_msa/predictions/immunogen_blind_msa/pae_immunogen_blind_msa_model_0.npz,/home/xinlab/home/ws/phase2/results/12_complex_prediction/formal_msa/immunogen_blind_seed12/boltz_results_immunogen_blind_msa/predictions/immunogen_blind_msa/pae_immunogen_blind_msa_model_0.npz,D:\IL-24(teeth）\phase2_release\results\full181_supplement\server_baseline_snapshot\results\12_complex_prediction\formal_msa\immunogen_blind_seed12\boltz_results_immunogen_blind_msa\processed\records\immunogen_blind_msa.json,/home/xinlab/home/ws/phase2/results/12_complex_prediction/formal_msa/immunogen_blind_seed12/boltz_results_immunogen_blind_msa/processed/records/immunogen_blind_msa.json,D:\IL-24(teeth）\phase2_release\results\full181_supplement\server_baseline_snapshot\results\13_interface_analysis\formal_msa\complex_model_summary.csv,/home/xinlab/home/ws/phase2/results/13_interface_analysis/formal_msa/complex_model_summary.csv,D:\IL-24(teeth）\phase2_release\results\full181_supplement\server_baseline_snapshot\results\13_interface_analysis\formal_msa\interface_contacts.csv,/home/xinlab/home/ws/phase2/results/13_interface_analysis/formal_msa/interface_contacts.csv,0,0,7,6,5,0,1,legacy: CA>4.5A; CN<1.1 or >1.6A; cKDTree radius1.8A; nonlocal local-distance>1,src/assess_relaxed_geometry.py; same thresholds; explicit local mapping,"warnings retained, never excluded after seeing results",/home/xinlab/home/ws/phase2/results/12_complex_prediction/formal_msa/immunogen_blind_seed12/boltz_results_immunogen_blind_msa/predictions/immunogen_blind_msa/immunogen_blind_msa_model_0.pdb,D:\IL-24(teeth）\phase2_release\results\full181_supplement\server_baseline_snapshot\results\12_complex_prediction\formal_msa\immunogen_blind_seed12\boltz_results_immunogen_blind_msa\predictions\immunogen_blind_msa\immunogen_blind_msa_model_0.pdb,0.16464672982692719,0.09982553869485855,0.16430965065956116,0.09299146384000778,81.61863509749304,36.34,98.36
Immunogen134,formal_msa,13,/home/xinlab/home/ws/phase2/results/12_complex_prediction/formal_msa/immunogen_blind_seed13/boltz_results_immunogen_blind_msa/predictions/immunogen_blind_msa/immunogen_blind_msa_model_0.pdb,/home/xinlab/home/ws/phase2/results/12_complex_prediction/formal_msa/immunogen_blind_seed13/boltz_results_immunogen_blind_msa/predictions/immunogen_blind_msa/immunogen_blind_msa_model_0.pdb,/home/xinlab/home/ws/phase2/results/12_complex_prediction/formal_msa/immunogen_blind_seed13/boltz_results_immunogen_blind_msa/predictions/immunogen_blind_msa/immunogen_blind_msa_model_0.pdb,D:\IL-24(teeth）\phase2_release\results\full181_supplement\server_baseline_snapshot\server_source_inventory.json,formal_msa,passed,matched_at_saved_precision,recomputed_server_original_unrelaxed_PDB,passed,,134,119,106,True,True,True,359x359,0.25128287076950073,30.92491340637207,True,"{""A"": ""0"", ""H"": ""1"", ""L"": ""2""}",True,True,True,0,52,52,0,0,0,0,0,0.0004896867980535013,0.00055,True,True,/home/xinlab/home/ws/phase2/results/12_complex_prediction/formal_msa/immunogen_blind_seed13/boltz_results_immunogen_blind_msa/predictions/immunogen_blind_msa/confidence_immunogen_blind_msa_model_0.json,/home/xinlab/home/ws/phase2/results/12_complex_prediction/formal_msa/immunogen_blind_seed13/boltz_results_immunogen_blind_msa/predictions/immunogen_blind_msa/confidence_immunogen_blind_msa_model_0.json,/home/xinlab/home/ws/phase2/results/12_complex_prediction/formal_msa/immunogen_blind_seed13/boltz_results_immunogen_blind_msa/predictions/immunogen_blind_msa/pae_immunogen_blind_msa_model_0.npz,/home/xinlab/home/ws/phase2/results/12_complex_prediction/formal_msa/immunogen_blind_seed13/boltz_results_immunogen_blind_msa/predictions/immunogen_blind_msa/pae_immunogen_blind_msa_model_0.npz,D:\IL-24(teeth）\phase2_release\results\full181_supplement\server_baseline_snapshot\results\12_complex_prediction\formal_msa\immunogen_blind_seed13\boltz_results_immunogen_blind_msa\processed\records\immunogen_blind_msa.json,/home/xinlab/home/ws/phase2/results/12_complex_prediction/formal_msa/immunogen_blind_seed13/boltz_results_immunogen_blind_msa/processed/records/immunogen_blind_msa.json,D:\IL-24(teeth）\phase2_release\results\full181_supplement\server_baseline_snapshot\results\13_interface_analysis\formal_msa\complex_model_summary.csv,/home/xinlab/home/ws/phase2/results/13_interface_analysis/formal_msa/complex_model_summary.csv,D:\IL-24(teeth）\phase2_release\results\full181_supplement\server_baseline_snapshot\results\13_interface_analysis\formal_msa\interface_contacts.csv,/home/xinlab/home/ws/phase2/results/13_interface_analysis/formal_msa/interface_contacts.csv,0,0,8,7,1,0,1,legacy: CA>4.5A; CN<1.1 or >1.6A; cKDTree radius1.8A; nonlocal local-distance>1,src/assess_relaxed_geometry.py; same thresholds; explicit local mapping,"warnings retained, never excluded after seeing results",/home/xinlab/home/ws/phase2/results/12_complex_prediction/formal_msa/immunogen_blind_seed13/boltz_results_immunogen_blind_msa/predictions/immunogen_blind_msa/immunogen_blind_msa_model_0.pdb,D:\IL-24(teeth）\phase2_release\results\full181_supplement\server_baseline_snapshot\results\12_complex_prediction\formal_msa\immunogen_blind_seed13\boltz_results_immunogen_blind_msa\predictions\immunogen_blind_msa\immunogen_blind_msa_model_0.pdb,0.2624169588088989,0.2256772816181183,0.24648453295230865,0.15698586404323578,82.07320334261838,36.69,98.36
Immunogen134,formal_msa,14,/home/xinlab/home/ws/phase2/results/12_complex_prediction/formal_msa/immunogen_blind_seed14/boltz_results_immunogen_blind_msa/predictions/immunogen_blind_msa/immunogen_blind_msa_model_0.pdb,/home/xinlab/home/ws/phase2/results/12_complex_prediction/formal_msa/immunogen_blind_seed14/boltz_results_immunogen_blind_msa/predictions/immunogen_blind_msa/immunogen_blind_msa_model_0.pdb,/home/xinlab/home/ws/phase2/results/12_complex_prediction/formal_msa/immunogen_blind_seed14/boltz_results_immunogen_blind_msa/predictions/immunogen_blind_msa/immunogen_blind_msa_model_0.pdb,D:\IL-24(teeth）\phase2_release\results\full181_supplement\server_baseline_snapshot\server_source_inventory.json,formal_msa,passed,matched_at_saved_precision,recomputed_server_original_unrelaxed_PDB,passed,,134,119,106,True,True,True,359x359,0.251235693693161,31.211366653442383,True,"{""A"": ""0"", ""H"": ""1"", ""L"": ""2""}",True,True,True,0,77,77,0,0,0,0,0,0.0004953165150070049,0.00055,True,True,/home/xinlab/home/ws/phase2/results/12_complex_prediction/formal_msa/immunogen_blind_seed14/boltz_results_immunogen_blind_msa/predictions/immunogen_blind_msa/confidence_immunogen_blind_msa_model_0.json,/home/xinlab/home/ws/phase2/results/12_complex_prediction/formal_msa/immunogen_blind_seed14/boltz_results_immunogen_blind_msa/predictions/immunogen_blind_msa/confidence_immunogen_blind_msa_model_0.json,/home/xinlab/home/ws/phase2/results/12_complex_prediction/formal_msa/immunogen_blind_seed14/boltz_results_immunogen_blind_msa/predictions/immunogen_blind_msa/pae_immunogen_blind_msa_model_0.npz,/home/xinlab/home/ws/phase2/results/12_complex_prediction/formal_msa/immunogen_blind_seed14/boltz_results_immunogen_blind_msa/predictions/immunogen_blind_msa/pae_immunogen_blind_msa_model_0.npz,D:\IL-24(teeth）\phase2_release\results\full181_supplement\server_baseline_snapshot\results\12_complex_prediction\formal_msa\immunogen_blind_seed14\boltz_results_immunogen_blind_msa\processed\records\immunogen_blind_msa.json,/home/xinlab/home/ws/phase2/results/12_complex_prediction/formal_msa/immunogen_blind_seed14/boltz_results_immunogen_blind_msa/processed/records/immunogen_blind_msa.json,D:\IL-24(teeth）\phase2_release\results\full181_supplement\server_baseline_snapshot\results\13_interface_analysis\formal_msa\complex_model_summary.csv,/home/xinlab/home/ws/phase2/results/13_interface_analysis/formal_msa/complex_model_summary.csv,D:\IL-24(teeth）\phase2_release\results\full181_supplement\server_baseline_snapshot\results\13_interface_analysis\formal_msa\interface_contacts.csv,/home/xinlab/home/ws/phase2/results/13_interface_analysis/formal_msa/interface_contacts.csv,0,0,6,6,2,0,1,legacy: CA>4.5A; CN<1.1 or >1.6A; cKDTree radius1.8A; nonlocal local-distance>1,src/assess_relaxed_geometry.py; same thresholds; explicit local mapping,"warnings retained, never excluded after seeing results",/home/xinlab/home/ws/phase2/results/12_complex_prediction/formal_msa/immunogen_blind_seed14/boltz_results_immunogen_blind_msa/predictions/immunogen_blind_msa/immunogen_blind_msa_model_0.pdb,D:\IL-24(teeth）\phase2_release\results\full181_supplement\server_baseline_snapshot\results\12_complex_prediction\formal_msa\immunogen_blind_seed14\boltz_results_immunogen_blind_msa\predictions\immunogen_blind_msa\immunogen_blind_msa_model_0.pdb,0.13923504948616028,0.08540622144937515,0.1379205882549286,0.07650598138570786,82.39183844011143,35.99,98.37
Immunogen134,formal_msa,15,/home/xinlab/home/ws/phase2/results/12_complex_prediction/formal_msa/immunogen_blind_seed15/boltz_results_immunogen_blind_msa/predictions/immunogen_blind_msa/immunogen_blind_msa_model_0.pdb,/home/xinlab/home/ws/phase2/results/12_complex_prediction/formal_msa/immunogen_blind_seed15/boltz_results_immunogen_blind_msa/predictions/immunogen_blind_msa/immunogen_blind_msa_model_0.pdb,/home/xinlab/home/ws/phase2/results/12_complex_prediction/formal_msa/immunogen_blind_seed15/boltz_results_immunogen_blind_msa/predictions/immunogen_blind_msa/immunogen_blind_msa_model_0.pdb,D:\IL-24(teeth）\phase2_release\results\full181_supplement\server_baseline_snapshot\server_source_inventory.json,formal_msa,passed,matched_at_saved_precision,recomputed_server_original_unrelaxed_PDB,passed,,134,119,106,True,True,True,359x359,0.25132858753204346,31.19695281982422,True,"{""A"": ""0"", ""H"": ""1"", ""L"": ""2""}",True,True,True,0,55,55,0,0,0,0,0,0.0004971304118703834,0.00055,True,True,/home/xinlab/home/ws/phase2/results/12_complex_prediction/formal_msa/immunogen_blind_seed15/boltz_results_immunogen_blind_msa/predictions/immunogen_blind_msa/confidence_immunogen_blind_msa_model_0.json,/home/xinlab/home/ws/phase2/results/12_complex_prediction/formal_msa/immunogen_blind_seed15/boltz_results_immunogen_blind_msa/predictions/immunogen_blind_msa/confidence_immunogen_blind_msa_model_0.json,/home/xinlab/home/ws/phase2/results/12_complex_prediction/formal_msa/immunogen_blind_seed15/boltz_results_immunogen_blind_msa/predictions/immunogen_blind_msa/pae_immunogen_blind_msa_model_0.npz,/home/xinlab/home/ws/phase2/results/12_complex_prediction/formal_msa/immunogen_blind_seed15/boltz_results_immunogen_blind_msa/predictions/immunogen_blind_msa/pae_immunogen_blind_msa_model_0.npz,D:\IL-24(teeth）\phase2_release\results\full181_supplement\server_baseline_snapshot\results\12_complex_prediction\formal_msa\immunogen_blind_seed15\boltz_results_immunogen_blind_msa\processed\records\immunogen_blind_msa.json,/home/xinlab/home/ws/phase2/results/12_complex_prediction/formal_msa/immunogen_blind_seed15/boltz_results_immunogen_blind_msa/processed/records/immunogen_blind_msa.json,D:\IL-24(teeth）\phase2_release\results\full181_supplement\server_baseline_snapshot\results\13_interface_analysis\formal_msa\complex_model_summary.csv,/home/xinlab/home/ws/phase2/results/13_interface_analysis/formal_msa/complex_model_summary.csv,D:\IL-24(teeth）\phase2_release\results\full181_supplement\server_baseline_snapshot\results\13_interface_analysis\formal_msa\interface_contacts.csv,/home/xinlab/home/ws/phase2/results/13_interface_analysis/formal_msa/interface_contacts.csv,0,0,4,4,4,0,1,legacy: CA>4.5A; CN<1.1 or >1.6A; cKDTree radius1.8A; nonlocal local-distance>1,src/assess_relaxed_geometry.py; same thresholds; explicit local mapping,"warnings retained, never excluded after seeing results",/home/xinlab/home/ws/phase2/results/12_complex_prediction/formal_msa/immunogen_blind_seed15/boltz_results_immunogen_blind_msa/predictions/immunogen_blind_msa/immunogen_blind_msa_model_0.pdb,D:\IL-24(teeth）\phase2_release\results\full181_supplement\server_baseline_snapshot\results\12_complex_prediction\formal_msa\immunogen_blind_seed15\boltz_results_immunogen_blind_msa\predictions\immunogen_blind_msa\immunogen_blind_msa_model_0.pdb,0.24647311866283417,0.2099800556898117,0.2344822734594345,0.17112606763839722,81.52387186629527,34.61,98.38
